<?xml version="1.0" encoding="utf-8"?>
<COLLADA xmlns="http://www.collada.org/2005/11/COLLADASchema" version="1.4.1">
  <asset>
    <contributor>
      <author>Mixamo</author>
      <authoring_tool>COLLADA Mixamo exporter</authoring_tool>
      <comments/>
    </contributor>
    <created>2026-01-08T23:52:46Z</created>
    <modified>2026-01-08T23:52:46Z</modified>
    <revision/>
    <title/>
    <unit meter="0.010000"/>
    <up_axis>Y_UP</up_axis>
  </asset>
  <library_animations>
    <animation id="mixamorig_Hips-anim" name="mixamorig_Hips">
      <source id="mixamorig_Hips-Matrix-animation-input">
        <float_array id="mixamorig_Hips-Matrix-animation-input-array" count="39">

0.000000 0.033333 0.066667 0.100000 0.133333 0.166667 0.200000 0.233333 0.266667 0.300000 0.333333 0.366667 0.400000 0.433333 0.466667 0.500000
0.533333 0.566667 0.600000 0.633333 0.666667 0.700000 0.733333 0.766667 0.800000 0.833333 0.866667 0.900000 0.933333 0.966667 1.000000 1.033333
1.066667 1.100000 1.133333 1.166667 1.200000 1.233333 1.266667</float_array>
        <technique_common>
          <accessor source="#mixamorig_Hips-Matrix-animation-input-array" count="39">
            <param name="TIME" type="float"/>
          </accessor>
        </technique_common>
      </source>
      <source id="mixamorig_Hips-Matrix-animation-output-transform">
        <float_array id="mixamorig_Hips-Matrix-animation-output-transform-array" count="624">

0.963012 -0.004378 -0.269423 -0.020980 -0.022784 0.994964 -0.097609 98.573784 0.268493 0.100137 0.958063 0.076801 0.000000 0.000000 0.000000 1.000000
0.948276 -0.024957 -0.316466 0.175810 -0.008356 0.994597 -0.103471 98.743530 0.317338 0.100764 0.942944 0.418085 0.000000 0.000000 0.000000 1.000000
0.927946 -0.036796 -0.370894 0.456226 0.004185 0.996081 -0.088349 98.635521 0.372691 0.080431 0.924463 0.944466 0.000000 0.000000 0.000000 1.000000
0.904663 -0.044723 -0.423774 0.885500 0.018552 0.997668 -0.065684 98.172150 0.425723 0.051560 0.903383 1.602080 0.000000 0.000000 0.000000 1.000000
0.880651 -0.054117 -0.470665 1.599853 0.039698 0.998390 -0.040517 97.319511 0.472100 0.016997 0.881381 2.468348 0.000000 0.000000 0.000000 1.000000
0.861630 -0.069337 -0.502779 2.581326 0.065941 0.997521 -0.024559 96.236748 0.503236 -0.011993 0.864066 3.556931 0.000000 0.000000 0.000000 1.000000
0.855371 -0.093433 -0.509521 3.704302 0.092644 0.995333 -0.026991 95.217972 0.509665 -0.024117 0.860035 4.858677 0.000000 0.000000 0.000000 1.000000
0.865493 -0.122012 -0.485834 4.782844 0.114029 0.992407 -0.046094 94.591866 0.487769 -0.015505 0.872835 6.410511 0.000000 0.000000 0.000000 1.000000
0.887224 -0.146725 -0.437384 5.485192 0.128429 0.989152 -0.071306 94.637367 0.443102 0.007091 0.896443 8.196344 0.000000 0.000000 0.000000 1.000000
0.910642 -0.161469 -0.380341 5.565897 0.136675 0.986380 -0.091517 95.446060 0.389938 0.031356 0.920307 10.221758 0.000000 0.000000 0.000000 1.000000
0.928705 -0.163014 -0.333067 5.186097 0.136624 0.985425 -0.101345 96.755440 0.344733 0.048615 0.937441 12.627183 0.000000 0.000000 0.000000 1.000000
0.940274 -0.150501 -0.305341 4.778433 0.125280 0.986998 -0.100696 98.060837 0.316526 0.056428 0.946904 15.454104 0.000000 0.000000 0.000000 1.000000
0.946787 -0.123556 -0.297201 4.746395 0.101276 0.990843 -0.089295 98.789543 0.305512 0.054444 0.950630 18.480303 0.000000 0.000000 0.000000 1.000000
0.950001 -0.079976 -0.301830 5.308933 0.063490 0.995925 -0.064057 98.423630 0.305723 0.041690 0.951207 21.437960 0.000000 0.000000 0.000000 1.000000
0.952560 -0.025648 -0.303270 6.248856 0.019576 0.999543 -0.023044 96.844208 0.303722 0.016014 0.952626 24.072775 0.000000 0.000000 0.000000 1.000000
0.960519 0.031069 -0.276475 7.071926 -0.025038 0.999366 0.025321 94.223061 0.277086 -0.017399 0.960688 26.338890 0.000000 0.000000 0.000000 1.000000
0.978181 0.072903 -0.194543 7.211727 -0.062356 0.996260 0.059807 91.350815 0.198175 -0.046371 0.979069 28.196470 0.000000 0.000000 0.000000 1.000000
0.995146 0.084777 -0.049978 6.551630 -0.081674 0.994781 0.061158 89.028580 0.054902 -0.056780 0.996876 29.787685 0.000000 0.000000 0.000000 1.000000
0.988980 0.068103 0.131454 5.376756 -0.072865 0.996836 0.031753 87.462990 -0.128875 -0.040981 0.990814 31.232473 0.000000 0.000000 0.000000 1.000000
0.953412 0.037678 0.299310 4.183767 -0.037169 0.999282 -0.007396 86.529518 -0.299374 -0.004073 0.954127 32.597927 0.000000 0.000000 0.000000 1.000000
0.909733 0.008838 0.415100 3.421193 0.009212 0.999098 -0.041462 86.001785 -0.415092 0.041543 0.908831 33.874718 0.000000 0.000000 0.000000 1.000000
0.879060 -0.008844 0.476628 3.169907 0.048008 0.996387 -0.070055 85.651794 -0.474287 0.084464 0.876309 34.935898 0.000000 0.000000 0.000000 1.000000
0.862993 -0.014221 0.505016 3.197610 0.071061 0.993083 -0.093466 85.345261 -0.500194 0.116548 0.858034 35.549770 0.000000 0.000000 0.000000 1.000000
0.854524 -0.011652 0.519281 3.207320 0.078364 0.991197 -0.106714 85.088799 -0.513466 0.131883 0.847915 35.472317 0.000000 0.000000 0.000000 1.000000
0.852874 -0.007210 0.522067 3.019561 0.073162 0.991690 -0.105826 84.981873 -0.516965 0.128452 0.846314 34.496155 0.000000 0.000000 0.000000 1.000000
0.863670 -0.005795 0.504025 2.496992 0.061410 0.993695 -0.093803 85.220154 -0.500303 0.111967 0.858580 32.935543 0.000000 0.000000 0.000000 1.000000
0.889098 -0.007867 0.457649 1.582436 0.049395 0.995662 -0.078848 85.984085 -0.455043 0.092709 0.885630 31.045088 0.000000 0.000000 0.000000 1.000000
0.921472 -0.010435 0.388305 0.349692 0.040737 0.996723 -0.069887 87.361282 -0.386303 0.080217 0.918877 28.695499 0.000000 0.000000 0.000000 1.000000
0.948638 -0.011107 0.316168 -1.078419 0.036053 0.996668 -0.073162 89.296768 -0.314302 0.080803 0.945878 25.875391 0.000000 0.000000 0.000000 1.000000
0.964831 -0.009483 0.262701 -2.408432 0.034088 0.995425 -0.089263 91.483322 -0.260652 0.095079 0.960740 22.677721 0.000000 0.000000 0.000000 1.000000
0.972839 -0.007379 0.231366 -3.267220 0.034247 0.993081 -0.112331 93.503571 -0.228936 0.117203 0.966360 19.225813 0.000000 0.000000 0.000000 1.000000
0.979040 -0.007488 0.203531 -3.405017 0.035024 0.990626 -0.132034 94.994263 -0.200634 0.136395 0.970125 15.706080 0.000000 0.000000 0.000000 1.000000
0.987864 -0.011510 0.154892 -2.942995 0.033573 0.989499 -0.140588 95.848724 -0.151647 0.144082 0.977877 12.432178 0.000000 0.000000 0.000000 1.000000
0.997196 -0.016919 0.072896 -2.215811 0.026724 0.990388 -0.135711 96.376068 -0.069900 0.137278 0.988063 9.466728 0.000000 0.000000 0.000000 1.000000
0.999286 -0.022563 -0.030309 -1.498619 0.018658 0.992174 -0.123459 96.752228 0.032858 0.122806 0.991887 6.837728 0.000000 0.000000 0.000000 1.000000
0.991341 -0.026665 -0.128574 -0.965832 0.012134 0.993578 -0.112494 97.138664 0.130748 0.109960 0.985299 4.510504 0.000000 0.000000 0.000000 1.000000
0.978892 -0.025926 -0.202727 -0.620612 0.004458 0.994394 -0.105645 97.628113 0.204329 0.102512 0.973520 2.512101 0.000000 0.000000 0.000000 1.000000
0.967914 -0.019475 -0.250527 -0.348152 -0.005770 0.995007 -0.099641 98.127594 0.251217 0.097890 0.962968 1.011899 0.000000 0.000000 0.000000 1.000000
0.963012 -0.004378 -0.269423 -0.021039 -0.022784 0.994964 -0.097609 98.573784 0.268493 0.100137 0.958063 0.076849 0.000000 0.000000 0.000000 1.000000</float_array>
        <technique_common>
          <accessor source="#mixamorig_Hips-Matrix-animation-output-transform-array" count="39" stride="16">
            <param type="float4x4"/>
          </accessor>
        </technique_common>
      </source>
      <source id="mixamorig_Hips-Interpolations">
        <Name_array id="mixamorig_Hips-Interpolations-array" count="39">
 LINEAR LINEAR LINEAR LINEAR LINEAR LINEAR LINEAR LINEAR LINEAR LINEAR LINEAR
LINEAR LINEAR LINEAR LINEAR LINEAR LINEAR LINEAR LINEAR LINEAR LINEAR LINEAR LINEAR
LINEAR LINEAR LINEAR LINEAR LINEAR LINEAR LINEAR LINEAR LINEAR LINEAR LINEAR LINEAR
LINEAR LINEAR LINEAR LINEAR</Name_array>
        <technique_common>
          <accessor source="#mixamorig_Hips-Interpolations-array" count="39">
            <param type="name"/>
          </accessor>
        </technique_common>
      </source>
      <sampler id="mixamorig_Hips-Matrix-animation-transform">
        <input semantic="INPUT" source="#mixamorig_Hips-Matrix-animation-input"/>
        <input semantic="OUTPUT" source="#mixamorig_Hips-Matrix-animation-output-transform"/>
        <input semantic="INTERPOLATION" source="#mixamorig_Hips-Interpolations"/>
      </sampler>
      <channel source="#mixamorig_Hips-Matrix-animation-transform" target="mixamorig_Hips/matrix"/>
    </animation>
    <animation id="mixamorig_Spine-anim" name="mixamorig_Spine">
      <source id="mixamorig_Spine-Matrix-animation-input">
        <float_array id="mixamorig_Spine-Matrix-animation-input-array" count="39">

0.000000 0.033333 0.066667 0.100000 0.133333 0.166667 0.200000 0.233333 0.266667 0.300000 0.333333 0.366667 0.400000 0.433333 0.466667 0.500000
0.533333 0.566667 0.600000 0.633333 0.666667 0.700000 0.733333 0.766667 0.800000 0.833333 0.866667 0.900000 0.933333 0.966667 1.000000 1.033333
1.066667 1.100000 1.133333 1.166667 1.200000 1.233333 1.266667</float_array>
        <technique_common>
          <accessor source="#mixamorig_Spine-Matrix-animation-input-array" count="39">
            <param name="TIME" type="float"/>
          </accessor>
        </technique_common>
      </source>
      <source id="mixamorig_Spine-Matrix-animation-output-transform">
        <float_array id="mixamorig_Spine-Matrix-animation-output-transform-array" count="624">

0.997044 -0.007918 0.076427 0.000000 0.026022 0.970690 -0.238922 10.182400 -0.072295 0.240205 0.968026 -0.000000 0.000000 0.000000 0.000000 1.000000
0.992666 -0.027869 0.117633 0.000000 0.053367 0.974137 -0.219564 10.182400 -0.108471 0.224232 0.968480 -0.000000 0.000000 0.000000 0.000000 1.000000
0.988955 -0.053205 0.138340 0.000000 0.081079 0.975518 -0.204429 10.182400 -0.124077 0.213387 0.969057 -0.000000 0.000000 0.000000 0.000000 1.000000
0.987331 -0.076682 0.138916 0.000000 0.103169 0.975392 -0.194848 10.182400 -0.120557 0.206711 0.970946 0.000000 0.000000 0.000000 0.000000 1.000000
0.988876 -0.093034 0.116054 -0.000000 0.114766 0.973573 -0.197447 10.182400 -0.094618 0.208569 0.973420 -0.000000 0.000000 0.000000 0.000000 1.000000
0.992592 -0.098961 0.070488 0.000000 0.111715 0.971455 -0.209273 10.182400 -0.047766 0.215597 0.975313 0.000000 0.000000 0.000000 0.000000 1.000000
0.995721 -0.092386 0.002223 -0.000000 0.090537 0.970404 -0.223875 10.182400 0.018526 0.223118 0.974615 0.000000 0.000000 0.000000 0.000000 1.000000
0.993447 -0.072509 -0.088348 0.000000 0.049876 0.970544 -0.235707 10.182400 0.102836 0.229756 0.967800 0.000000 0.000000 0.000000 0.000000 1.000000
0.979297 -0.038733 -0.198688 0.000000 -0.011008 0.969880 -0.243333 10.182400 0.202129 0.240482 0.949375 0.000000 0.000000 0.000000 0.000000 1.000000
0.948692 0.010568 -0.316026 0.000000 -0.091485 0.965870 -0.242333 10.182400 0.302679 0.258811 0.917280 -0.000000 0.000000 0.000000 0.000000 1.000000
0.906253 0.072156 -0.416533 0.000000 -0.178984 0.958144 -0.223439 10.182400 0.382976 0.277045 0.881235 -0.000000 0.000000 0.000000 0.000000 1.000000
0.865587 0.133917 -0.482521 0.000000 -0.248487 0.951441 -0.181697 10.182400 0.434758 0.277174 0.856832 -0.000000 0.000000 0.000000 0.000000 1.000000
0.847379 0.183901 -0.498126 -0.000000 -0.280975 0.951306 -0.126769 10.182400 0.450557 0.247383 0.857788 0.000000 0.000000 0.000000 0.000000 1.000000
0.861141 0.213895 -0.461178 0.000000 -0.281334 0.956110 -0.081880 10.182400 0.423423 0.200255 0.883522 0.000000 0.000000 0.000000 0.000000 1.000000
0.899670 0.215332 -0.379772 0.000000 -0.256327 0.964711 -0.060238 10.182400 0.353399 0.151540 0.923117 0.000000 0.000000 0.000000 0.000000 1.000000
0.943572 0.192338 -0.269588 0.000000 -0.215923 0.974537 -0.060454 10.182400 0.251095 0.115253 0.961076 -0.000000 0.000000 0.000000 0.000000 1.000000
0.973153 0.171179 -0.153852 0.000000 -0.183571 0.980495 -0.070216 10.182400 0.138832 0.096574 0.985596 0.000000 0.000000 0.000000 0.000000 1.000000
0.985156 0.163152 -0.053374 -0.000000 -0.166990 0.982886 -0.077779 10.182400 0.039771 0.085538 0.995541 0.000000 0.000000 0.000000 0.000000 1.000000
0.983756 0.175061 0.039713 -0.000000 -0.171099 0.981355 -0.087564 10.182400 -0.054301 0.079347 0.995367 0.000000 0.000000 0.000000 0.000000 1.000000
0.968765 0.212478 0.127856 0.000000 -0.197459 0.972864 -0.120606 10.182400 -0.150012 0.091593 0.984432 0.000000 0.000000 0.000000 0.000000 1.000000
0.941158 0.246269 0.231461 0.000000 -0.207321 0.961557 -0.180073 10.182400 -0.266909 0.121490 0.956033 -0.000000 0.000000 0.000000 0.000000 1.000000
0.903523 0.265965 0.336019 0.000000 -0.187250 0.950311 -0.248690 10.182400 -0.385465 0.161778 0.908430 0.000000 0.000000 0.000000 0.000000 1.000000
0.866089 0.269445 0.421056 0.000000 -0.145450 0.941687 -0.303429 10.182400 -0.478261 0.201554 0.854776 -0.000000 0.000000 0.000000 0.000000 1.000000
0.844097 0.257883 0.470103 0.000000 -0.095837 0.935190 -0.340933 10.182400 -0.527556 0.242728 0.814106 0.000000 0.000000 0.000000 0.000000 1.000000
0.844418 0.229488 0.484038 0.000000 -0.044244 0.930380 -0.363918 10.182400 -0.533854 0.285884 0.795783 0.000000 0.000000 0.000000 0.000000 1.000000
0.862795 0.193031 0.467251 0.000000 -0.004396 0.927066 -0.374872 10.182400 -0.505534 0.321384 0.800717 -0.000000 0.000000 0.000000 0.000000 1.000000
0.889207 0.162511 0.427669 0.000000 0.013740 0.924879 -0.380014 10.182400 -0.457299 0.343787 0.820176 -0.000000 0.000000 0.000000 0.000000 1.000000
0.917593 0.149984 0.368142 0.000000 0.003791 0.922748 -0.385386 10.182400 -0.397504 0.355023 0.846138 0.000000 0.000000 0.000000 0.000000 1.000000
0.944594 0.153985 0.289882 0.000000 -0.030245 0.920208 -0.390259 10.182400 -0.326846 0.359869 0.873880 0.000000 0.000000 0.000000 0.000000 1.000000
0.966779 0.165274 0.194996 0.000000 -0.077718 0.916792 -0.391729 10.182400 -0.243514 0.363561 0.899180 0.000000 0.000000 0.000000 0.000000 1.000000
0.981094 0.167572 0.096818 -0.000000 -0.118253 0.915087 -0.385527 10.182400 -0.153200 0.366789 0.917603 0.000000 0.000000 0.000000 0.000000 1.000000
0.987934 0.153384 0.021453 0.000000 -0.134269 0.917263 -0.374968 10.182400 -0.077192 0.367563 0.926789 0.000000 0.000000 0.000000 0.000000 1.000000
0.992087 0.124349 -0.017340 -0.000000 -0.122333 0.926314 -0.356339 10.182400 -0.028249 0.355640 0.934196 0.000000 0.000000 0.000000 0.000000 1.000000
0.995560 0.092616 -0.016796 0.000000 -0.092850 0.937011 -0.336733 10.182400 -0.015449 0.336798 0.941450 0.000000 0.000000 0.000000 0.000000 1.000000
0.997705 0.066244 0.014014 0.000000 -0.058614 0.948589 -0.311035 10.182400 -0.033898 0.309500 0.950295 0.000000 0.000000 0.000000 0.000000 1.000000
0.997615 0.044683 0.052607 -0.000000 -0.028344 0.960157 -0.278020 10.182400 -0.062934 0.275866 0.959134 0.000000 0.000000 0.000000 0.000000 1.000000
0.996496 0.026279 0.079402 0.000000 -0.005772 0.968700 -0.248165 10.182400 -0.083438 0.246838 0.965458 0.000000 0.000000 0.000000 0.000000 1.000000
0.996045 0.010146 0.088264 -0.000000 0.010749 0.972398 -0.233079 10.182400 -0.088193 0.233106 0.968444 0.000000 0.000000 0.000000 0.000000 1.000000
0.997044 -0.007917 0.076427 0.000000 0.026022 0.970690 -0.238922 10.182400 -0.072295 0.240205 0.968026 0.000000 0.000000 0.000000 0.000000 1.000000</float_array>
        <technique_common>
          <accessor source="#mixamorig_Spine-Matrix-animation-output-transform-array" count="39" stride="16">
            <param type="float4x4"/>
          </accessor>
        </technique_common>
      </source>
      <source id="mixamorig_Spine-Interpolations">
        <Name_array id="mixamorig_Spine-Interpolations-array" count="39">
 LINEAR LINEAR LINEAR LINEAR LINEAR LINEAR LINEAR LINEAR LINEAR LINEAR LINEAR
LINEAR LINEAR LINEAR LINEAR LINEAR LINEAR LINEAR LINEAR LINEAR LINEAR LINEAR LINEAR
LINEAR LINEAR LINEAR LINEAR LINEAR LINEAR LINEAR LINEAR LINEAR LINEAR LINEAR LINEAR
LINEAR LINEAR LINEAR LINEAR</Name_array>
        <technique_common>
          <accessor source="#mixamorig_Spine-Interpolations-array" count="39">
            <param type="name"/>
          </accessor>
        </technique_common>
      </source>
      <sampler id="mixamorig_Spine-Matrix-animation-transform">
        <input semantic="INPUT" source="#mixamorig_Spine-Matrix-animation-input"/>
        <input semantic="OUTPUT" source="#mixamorig_Spine-Matrix-animation-output-transform"/>
        <input semantic="INTERPOLATION" source="#mixamorig_Spine-Interpolations"/>
      </sampler>
      <channel source="#mixamorig_Spine-Matrix-animation-transform" target="mixamorig_Spine/matrix"/>
    </animation>
    <animation id="mixamorig_Spine1-anim" name="mixamorig_Spine1">
      <source id="mixamorig_Spine1-Matrix-animation-input">
        <float_array id="mixamorig_Spine1-Matrix-animation-input-array" count="39">

0.000000 0.033333 0.066667 0.100000 0.133333 0.166667 0.200000 0.233333 0.266667 0.300000 0.333333 0.366667 0.400000 0.433333 0.466667 0.500000
0.533333 0.566667 0.600000 0.633333 0.666667 0.700000 0.733333 0.766667 0.800000 0.833333 0.866667 0.900000 0.933333 0.966667 1.000000 1.033333
1.066667 1.100000 1.133333 1.166667 1.200000 1.233333 1.266667</float_array>
        <technique_common>
          <accessor source="#mixamorig_Spine1-Matrix-animation-input-array" count="39">
            <param name="TIME" type="float"/>
          </accessor>
        </technique_common>
      </source>
      <source id="mixamorig_Spine1-Matrix-animation-output-transform">
        <float_array id="mixamorig_Spine1-Matrix-animation-output-transform-array" count="624">

0.999658 0.011331 0.023567 0.000000 -0.009790 0.997871 -0.064473 10.002700 -0.024248 0.064220 0.997641 0.000000 0.000000 0.000000 0.000000 1.000000
0.999356 0.014493 0.032818 0.000000 -0.012400 0.997930 -0.063104 10.002700 -0.033665 0.062656 0.997467 0.000000 0.000000 0.000000 0.000000 1.000000
0.999244 0.010392 0.037464 -0.000000 -0.008005 0.997962 -0.063299 10.002700 -0.038046 0.062952 0.997291 0.000000 0.000000 0.000000 0.000000 1.000000
0.999314 0.002780 0.036931 0.000000 -0.000423 0.997971 -0.063666 10.002700 -0.037033 0.063607 0.997288 0.000000 0.000000 0.000000 0.000000 1.000000
0.999635 -0.005524 0.026427 0.000000 0.007208 0.997920 -0.064054 10.002700 -0.026018 0.064221 0.997596 -0.000000 0.000000 0.000000 0.000000 1.000000
0.999880 -0.015092 0.003451 0.000000 0.015281 0.997849 -0.063755 10.002700 -0.002481 0.063800 0.997960 0.000000 0.000000 0.000000 0.000000 1.000000
0.999222 -0.026718 -0.029019 0.000000 0.024945 0.997896 -0.059843 10.002700 0.030557 0.059072 0.997786 0.000000 0.000000 0.000000 0.000000 1.000000
0.996633 -0.042701 -0.069988 0.000000 0.038969 0.997788 -0.053858 10.002700 0.072133 0.050949 0.996093 -0.000000 0.000000 0.000000 0.000000 1.000000
0.990698 -0.067880 -0.117937 0.000000 0.062495 0.996853 -0.048774 10.002700 0.120877 0.040950 0.991823 -0.000000 0.000000 0.000000 0.000000 1.000000
0.980425 -0.103593 -0.167439 0.000000 0.096753 0.994125 -0.048531 10.002700 0.171483 0.031381 0.984687 -0.000000 0.000000 0.000000 0.000000 1.000000
0.967419 -0.142507 -0.209268 0.000000 0.133871 0.989475 -0.054942 10.002700 0.214895 0.025138 0.976314 0.000000 0.000000 0.000000 0.000000 1.000000
0.957748 -0.170823 -0.231382 0.000000 0.160122 0.984994 -0.064408 10.002700 0.238912 0.024637 0.970729 0.000000 0.000000 0.000000 0.000000 1.000000
0.957020 -0.175722 -0.230725 0.000000 0.163648 0.983988 -0.070622 10.002700 0.239440 0.029829 0.970453 0.000000 0.000000 0.000000 0.000000 1.000000
0.964738 -0.159986 -0.209010 0.000000 0.148445 0.986448 -0.069890 10.002700 0.217359 0.036399 0.975413 -0.000000 0.000000 0.000000 0.000000 1.000000
0.975948 -0.135618 -0.170683 0.000000 0.125915 0.989810 -0.066495 10.002700 0.177962 0.043404 0.983080 0.000000 0.000000 0.000000 0.000000 1.000000
0.986743 -0.107645 -0.121450 -0.000000 0.100858 0.993046 -0.060727 10.002700 0.127142 0.047672 0.990738 0.000000 0.000000 0.000000 0.000000 1.000000
0.995033 -0.071625 -0.069133 -0.000000 0.067574 0.995953 -0.059264 10.002700 0.073098 0.054298 0.995846 0.000000 0.000000 0.000000 0.000000 1.000000
0.999077 -0.035233 -0.024558 0.000000 0.033525 0.997203 -0.066797 10.002700 0.026842 0.065912 0.997464 0.000000 0.000000 0.000000 0.000000 1.000000
0.999979 -0.003442 0.005457 0.000000 0.003915 0.996001 -0.089262 10.002700 -0.005128 0.089281 0.995993 0.000000 0.000000 0.000000 0.000000 1.000000
0.999560 0.001327 0.029621 0.000000 0.002175 0.993024 -0.117888 10.002700 -0.029570 0.117901 0.992585 -0.000000 0.000000 0.000000 0.000000 1.000000
0.998614 -0.009054 0.051837 0.000000 0.016440 0.989460 -0.143872 10.002700 -0.049988 0.144524 0.988238 -0.000000 0.000000 0.000000 0.000000 1.000000
0.996702 -0.023980 0.077521 0.000000 0.036070 0.986692 -0.158548 10.002700 -0.072687 0.160821 0.984303 0.000000 0.000000 0.000000 0.000000 1.000000
0.994351 -0.036288 0.099746 0.000000 0.052852 0.984232 -0.168799 10.002700 -0.092048 0.173117 0.980590 0.000000 0.000000 0.000000 0.000000 1.000000
0.992727 -0.042927 0.112475 -0.000000 0.062292 0.982637 -0.174769 10.002700 -0.103019 0.180504 0.978164 0.000000 0.000000 0.000000 0.000000 1.000000
0.992749 -0.040333 0.113235 0.000000 0.059952 0.982632 -0.175613 10.002700 -0.104186 0.181128 0.977925 0.000000 0.000000 0.000000 0.000000 1.000000
0.993754 -0.032099 0.106873 0.000000 0.050177 0.983987 -0.171031 10.002700 -0.099672 0.175326 0.979452 0.000000 0.000000 0.000000 0.000000 1.000000
0.995148 -0.020092 0.096319 0.000000 0.035352 0.986574 -0.159441 10.002700 -0.091823 0.162072 0.982497 0.000000 0.000000 0.000000 0.000000 1.000000
0.996471 -0.006924 0.083646 0.000000 0.018667 0.989915 -0.140426 10.002700 -0.081830 0.141492 0.986552 -0.000000 0.000000 0.000000 0.000000 1.000000
0.997677 0.006058 0.067858 0.000000 0.001900 0.993176 -0.116609 10.002700 -0.068102 0.116467 0.990857 -0.000000 0.000000 0.000000 0.000000 1.000000
0.998726 0.014072 0.048470 0.000000 -0.009676 0.995916 -0.089761 10.002700 -0.049535 0.089178 0.994783 0.000000 0.000000 0.000000 0.000000 1.000000
0.999480 0.016737 0.027552 0.000000 -0.014850 0.997620 -0.067340 10.002700 -0.028614 0.066895 0.997350 0.000000 0.000000 0.000000 0.000000 1.000000
0.999849 0.015469 0.007926 0.000000 -0.015023 0.998456 -0.053485 10.002700 -0.008742 0.053358 0.998537 -0.000000 0.000000 0.000000 0.000000 1.000000
0.999878 0.015602 -0.001239 -0.000000 -0.015646 0.998444 -0.053526 10.002700 0.000402 0.053538 0.998566 0.000000 0.000000 0.000000 0.000000 1.000000
0.999883 0.015208 0.001612 0.000000 -0.015094 0.998301 -0.056271 10.002700 -0.002465 0.056240 0.998414 -0.000000 0.000000 0.000000 0.000000 1.000000
0.999824 0.015316 0.010872 -0.000000 -0.014625 0.998028 -0.061045 10.002700 -0.011786 0.060876 0.998076 0.000000 0.000000 0.000000 0.000000 1.000000
0.999647 0.017085 0.020370 -0.000000 -0.015686 0.997634 -0.066936 10.002700 -0.021465 0.066593 0.997549 0.000000 0.000000 0.000000 0.000000 1.000000
0.999511 0.017436 0.025964 0.000000 -0.015581 0.997426 -0.069986 10.002700 -0.027117 0.069547 0.997210 0.000000 0.000000 0.000000 0.000000 1.000000
0.999516 0.015192 0.027154 -0.000000 -0.013295 0.997546 -0.068739 10.002700 -0.028132 0.068344 0.997265 0.000000 0.000000 0.000000 0.000000 1.000000
0.999658 0.011331 0.023567 0.000000 -0.009790 0.997871 -0.064473 10.002700 -0.024248 0.064220 0.997641 0.000000 0.000000 0.000000 0.000000 1.000000</float_array>
        <technique_common>
          <accessor source="#mixamorig_Spine1-Matrix-animation-output-transform-array" count="39" stride="16">
            <param type="float4x4"/>
          </accessor>
        </technique_common>
      </source>
      <source id="mixamorig_Spine1-Interpolations">
        <Name_array id="mixamorig_Spine1-Interpolations-array" count="39">
 LINEAR LINEAR LINEAR LINEAR LINEAR LINEAR LINEAR LINEAR LINEAR LINEAR LINEAR
LINEAR LINEAR LINEAR LINEAR LINEAR LINEAR LINEAR LINEAR LINEAR LINEAR LINEAR LINEAR
LINEAR LINEAR LINEAR LINEAR LINEAR LINEAR LINEAR LINEAR LINEAR LINEAR LINEAR LINEAR
LINEAR LINEAR LINEAR LINEAR</Name_array>
        <technique_common>
          <accessor source="#mixamorig_Spine1-Interpolations-array" count="39">
            <param type="name"/>
          </accessor>
        </technique_common>
      </source>
      <sampler id="mixamorig_Spine1-Matrix-animation-transform">
        <input semantic="INPUT" source="#mixamorig_Spine1-Matrix-animation-input"/>
        <input semantic="OUTPUT" source="#mixamorig_Spine1-Matrix-animation-output-transform"/>
        <input semantic="INTERPOLATION" source="#mixamorig_Spine1-Interpolations"/>
      </sampler>
      <channel source="#mixamorig_Spine1-Matrix-animation-transform" target="mixamorig_Spine1/matrix"/>
    </animation>
    <animation id="mixamorig_Spine2-anim" name="mixamorig_Spine2">
      <source id="mixamorig_Spine2-Matrix-animation-input">
        <float_array id="mixamorig_Spine2-Matrix-animation-input-array" count="39">

0.000000 0.033333 0.066667 0.100000 0.133333 0.166667 0.200000 0.233333 0.266667 0.300000 0.333333 0.366667 0.400000 0.433333 0.466667 0.500000
0.533333 0.566667 0.600000 0.633333 0.666667 0.700000 0.733333 0.766667 0.800000 0.833333 0.866667 0.900000 0.933333 0.966667 1.000000 1.033333
1.066667 1.100000 1.133333 1.166667 1.200000 1.233333 1.266667</float_array>
        <technique_common>
          <accessor source="#mixamorig_Spine2-Matrix-animation-input-array" count="39">
            <param name="TIME" type="float"/>
          </accessor>
        </technique_common>
      </source>
      <source id="mixamorig_Spine2-Matrix-animation-output-transform">
        <float_array id="mixamorig_Spine2-Matrix-animation-output-transform-array" count="624">

0.999628 0.011865 0.024552 0.000000 -0.009610 0.995892 -0.090039 9.322100 -0.025519 0.089770 0.995636 0.000000 0.000000 0.000000 0.000000 1.000000
0.999300 0.016230 0.033705 -0.000000 -0.013173 0.995943 -0.089019 9.322100 -0.035013 0.088512 0.995460 0.000000 0.000000 0.000000 0.000000 1.000000
0.999169 0.012744 0.038719 0.000000 -0.009232 0.995938 -0.089563 9.322100 -0.039703 0.089132 0.995228 0.000000 0.000000 0.000000 0.000000 1.000000
0.999232 0.004945 0.038860 0.000000 -0.001422 0.995924 -0.090186 9.322100 -0.039147 0.090062 0.995167 0.000000 0.000000 0.000000 0.000000 1.000000
0.999573 -0.004580 0.028859 0.000000 0.007158 0.995927 -0.089884 9.322100 -0.028329 0.090052 0.995534 -0.000000 0.000000 0.000000 0.000000 1.000000
0.999851 -0.016090 0.006232 0.000000 0.016575 0.995998 -0.087826 9.322100 -0.004794 0.087916 0.996116 -0.000000 0.000000 0.000000 0.000000 1.000000
0.999221 -0.029772 -0.025890 0.000000 0.027567 0.996275 -0.081706 9.322100 0.028226 0.080928 0.996320 0.000000 0.000000 0.000000 0.000000 1.000000
0.996595 -0.048723 -0.066512 0.000000 0.043822 0.996350 -0.073257 9.322100 0.069838 0.070093 0.995093 0.000000 0.000000 0.000000 0.000000 1.000000
0.990406 -0.078439 -0.113769 0.000000 0.071263 0.995283 -0.065828 9.322100 0.118396 0.057088 0.991324 -0.000000 0.000000 0.000000 0.000000 1.000000
0.979495 -0.120108 -0.161753 -0.000000 0.110937 0.991725 -0.064617 9.322100 0.168175 0.045348 0.984713 0.000000 0.000000 0.000000 0.000000 1.000000
0.965604 -0.164697 -0.201207 0.000000 0.153099 0.985583 -0.072015 9.322100 0.210167 0.038733 0.976898 0.000000 0.000000 0.000000 0.000000 1.000000
0.955501 -0.194544 -0.221745 -0.000000 0.180501 0.980140 -0.082128 9.322100 0.233319 0.038448 0.971640 0.000000 0.000000 0.000000 0.000000 1.000000
0.954737 -0.199200 -0.220902 0.000000 0.183576 0.978937 -0.089347 9.322100 0.234047 0.044751 0.971195 0.000000 0.000000 0.000000 0.000000 1.000000
0.962869 -0.181816 -0.199565 0.000000 0.166899 0.981919 -0.089326 9.322100 0.212197 0.052702 0.975805 0.000000 0.000000 0.000000 0.000000 1.000000
0.974551 -0.155950 -0.161030 0.000000 0.143487 0.985874 -0.086393 9.322100 0.172228 0.061089 0.983161 0.000000 0.000000 0.000000 0.000000 1.000000
0.985778 -0.125642 -0.111602 0.000000 0.117046 0.989856 -0.080526 9.322100 0.120588 0.066318 0.990485 0.000000 0.000000 0.000000 0.000000 1.000000
0.994540 -0.084908 -0.060666 0.000000 0.079990 0.993632 -0.079352 9.322100 0.067017 0.074066 0.994999 0.000000 0.000000 0.000000 0.000000 1.000000
0.998840 -0.044409 -0.018588 0.000000 0.042595 0.995149 -0.088677 9.322100 0.022436 0.087782 0.995887 0.000000 0.000000 0.000000 0.000000 1.000000
0.999889 -0.012627 0.007919 0.000000 0.013437 0.993570 -0.112419 9.322100 -0.006449 0.112513 0.993629 0.000000 0.000000 0.000000 0.000000 1.000000
0.999517 -0.005897 0.030519 0.000000 0.010163 0.989875 -0.141576 9.322100 -0.029376 0.141818 0.989457 0.000000 0.000000 0.000000 0.000000 1.000000
0.998537 -0.014321 0.052141 -0.000000 0.022854 0.985701 -0.166947 9.322100 -0.049005 0.167894 0.984586 0.000000 0.000000 0.000000 0.000000 1.000000
0.996583 -0.026338 0.078287 0.000000 0.040169 0.982710 -0.180740 9.322100 -0.072173 0.183267 0.980410 -0.000000 0.000000 0.000000 0.000000 1.000000
0.994228 -0.035241 0.101338 -0.000000 0.054080 0.980360 -0.189655 9.322100 -0.092665 0.194041 0.976607 0.000000 0.000000 0.000000 0.000000 1.000000
0.992619 -0.038972 0.114839 0.000000 0.060955 0.978978 -0.194644 9.322100 -0.104839 0.200208 0.974128 0.000000 0.000000 0.000000 0.000000 1.000000
0.992643 -0.036263 0.115518 0.000000 0.058566 0.978860 -0.195968 9.322100 -0.105970 0.201292 0.973782 0.000000 0.000000 0.000000 0.000000 1.000000
0.993688 -0.027628 0.108720 0.000000 0.048334 0.980063 -0.192721 9.322100 -0.101228 0.196759 0.975212 0.000000 0.000000 0.000000 0.000000 1.000000
0.995092 -0.015073 0.097800 0.000000 0.032835 0.982630 -0.182645 9.322100 -0.093348 0.184960 0.978303 0.000000 0.000000 0.000000 0.000000 1.000000
0.996385 -0.001699 0.084938 0.000000 0.015711 0.986239 -0.164578 9.322100 -0.083489 0.165317 0.982700 0.000000 0.000000 0.000000 0.000000 1.000000
0.997572 0.010801 0.068793 -0.000000 -0.000992 0.990003 -0.141043 9.322100 -0.069629 0.140632 0.987611 -0.000000 0.000000 0.000000 0.000000 1.000000
0.998628 0.017765 0.049264 0.000000 -0.012030 0.993367 -0.114357 9.322100 -0.050968 0.113607 0.992217 0.000000 0.000000 0.000000 0.000000 1.000000
0.999423 0.019029 0.028124 0.000000 -0.016369 0.995630 -0.091943 9.322100 -0.029750 0.091430 0.995367 0.000000 0.000000 0.000000 0.000000 1.000000
0.999865 0.013929 0.008690 -0.000000 -0.013208 0.996850 -0.078200 9.322100 -0.009752 0.078074 0.996900 0.000000 0.000000 0.000000 0.000000 1.000000
0.999930 0.011797 -0.000926 0.000000 -0.011834 0.996859 -0.078307 9.322100 -0.000000 0.078312 0.996929 0.000000 0.000000 0.000000 0.000000 1.000000
0.999916 0.012793 0.002083 0.000000 -0.012582 0.996622 -0.081153 9.322100 -0.003114 0.081120 0.996699 0.000000 0.000000 0.000000 0.000000 1.000000
0.999820 0.014944 0.011678 0.000000 -0.013883 0.996185 -0.086152 9.322100 -0.012921 0.085975 0.996214 0.000000 0.000000 0.000000 0.000000 1.000000
0.999624 0.017598 0.021011 0.000000 -0.015590 0.995619 -0.092197 9.322100 -0.022541 0.091835 0.995519 0.000000 0.000000 0.000000 0.000000 1.000000
0.999484 0.018052 0.026549 -0.000000 -0.015443 0.995320 -0.095391 9.322100 -0.028147 0.094931 0.995086 0.000000 0.000000 0.000000 0.000000 1.000000
0.999483 0.015867 0.027976 -0.000000 -0.013164 0.995458 -0.094282 9.322100 -0.029344 0.093865 0.995152 0.000000 0.000000 0.000000 0.000000 1.000000
0.999628 0.011865 0.024552 0.000000 -0.009610 0.995892 -0.090039 9.322100 -0.025519 0.089770 0.995636 0.000000 0.000000 0.000000 0.000000 1.000000</float_array>
        <technique_common>
          <accessor source="#mixamorig_Spine2-Matrix-animation-output-transform-array" count="39" stride="16">
            <param type="float4x4"/>
          </accessor>
        </technique_common>
      </source>
      <source id="mixamorig_Spine2-Interpolations">
        <Name_array id="mixamorig_Spine2-Interpolations-array" count="39">
 LINEAR LINEAR LINEAR LINEAR LINEAR LINEAR LINEAR LINEAR LINEAR LINEAR LINEAR
LINEAR LINEAR LINEAR LINEAR LINEAR LINEAR LINEAR LINEAR LINEAR LINEAR LINEAR LINEAR
LINEAR LINEAR LINEAR LINEAR LINEAR LINEAR LINEAR LINEAR LINEAR LINEAR LINEAR LINEAR
LINEAR LINEAR LINEAR LINEAR</Name_array>
        <technique_common>
          <accessor source="#mixamorig_Spine2-Interpolations-array" count="39">
            <param type="name"/>
          </accessor>
        </technique_common>
      </source>
      <sampler id="mixamorig_Spine2-Matrix-animation-transform">
        <input semantic="INPUT" source="#mixamorig_Spine2-Matrix-animation-input"/>
        <input semantic="OUTPUT" source="#mixamorig_Spine2-Matrix-animation-output-transform"/>
        <input semantic="INTERPOLATION" source="#mixamorig_Spine2-Interpolations"/>
      </sampler>
      <channel source="#mixamorig_Spine2-Matrix-animation-transform" target="mixamorig_Spine2/matrix"/>
    </animation>
    <animation id="mixamorig_Neck-anim" name="mixamorig_Neck">
      <source id="mixamorig_Neck-Matrix-animation-input">
        <float_array id="mixamorig_Neck-Matrix-animation-input-array" count="39">

0.000000 0.033333 0.066667 0.100000 0.133333 0.166667 0.200000 0.233333 0.266667 0.300000 0.333333 0.366667 0.400000 0.433333 0.466667 0.500000
0.533333 0.566667 0.600000 0.633333 0.666667 0.700000 0.733333 0.766667 0.800000 0.833333 0.866667 0.900000 0.933333 0.966667 1.000000 1.033333
1.066667 1.100000 1.133333 1.166667 1.200000 1.233333 1.266667</float_array>
        <technique_common>
          <accessor source="#mixamorig_Neck-Matrix-animation-input-array" count="39">
            <param name="TIME" type="float"/>
          </accessor>
        </technique_common>
      </source>
      <source id="mixamorig_Neck-Matrix-animation-output-transform">
        <float_array id="mixamorig_Neck-Matrix-animation-output-transform-array" count="624">

0.999013 -0.041943 0.014605 -0.000000 0.037716 0.974835 0.219712 16.865299 -0.023453 -0.218944 0.975455 0.000000 0.000000 0.000000 0.000000 1.000000
0.999615 -0.018110 0.021042 0.000000 0.012811 0.973320 0.229095 16.865299 -0.024630 -0.228737 0.973177 0.000000 0.000000 0.000000 0.000000 1.000000
0.998921 0.000529 0.046435 0.000000 -0.012538 0.965874 0.258710 16.865299 -0.044713 -0.259013 0.964838 0.000000 0.000000 0.000000 0.000000 1.000000
0.996271 0.004709 0.086151 0.000000 -0.030630 0.952772 0.302138 16.865299 -0.080660 -0.303651 0.949363 0.000000 0.000000 0.000000 0.000000 1.000000
0.992112 -0.007399 0.125137 0.000000 -0.037778 0.934198 0.354748 16.865299 -0.119528 -0.356677 0.926550 -0.000000 0.000000 0.000000 0.000000 1.000000
0.986529 -0.030303 0.160753 0.000000 -0.039889 0.908465 0.416053 16.865299 -0.158646 -0.416860 0.895019 0.000000 0.000000 0.000000 0.000000 1.000000
0.979118 -0.055655 0.195525 0.000000 -0.047195 0.873288 0.484914 16.865299 -0.197737 -0.484016 0.852425 -0.000000 0.000000 0.000000 0.000000 1.000000
0.970050 -0.076571 0.230520 0.000000 -0.069340 0.822235 0.564909 16.865299 -0.232797 -0.563974 0.792300 0.000000 0.000000 0.000000 0.000000 1.000000
0.959067 -0.077407 0.272394 0.000000 -0.112500 0.778597 0.617357 16.865299 -0.259873 -0.622731 0.738019 0.000000 0.000000 0.000000 0.000000 1.000000
0.947890 -0.041735 0.315852 0.000000 -0.169444 0.773507 0.610717 16.865299 -0.269802 -0.632412 0.726128 0.000000 0.000000 0.000000 0.000000 1.000000
0.935071 0.021617 0.353801 0.000000 -0.227552 0.801913 0.552408 16.865299 -0.271777 -0.597049 0.754765 0.000000 0.000000 0.000000 0.000000 1.000000
0.923273 0.085943 0.374408 0.000000 -0.262732 0.852321 0.452239 16.865299 -0.280249 -0.515909 0.809505 0.000000 0.000000 0.000000 0.000000 1.000000
0.926253 0.119211 0.357553 0.000000 -0.247287 0.908145 0.337821 16.865299 -0.284438 -0.401326 0.870651 0.000000 0.000000 0.000000 0.000000 1.000000
0.949756 0.094537 0.298374 0.000000 -0.170747 0.955443 0.240780 16.865299 -0.262317 -0.279629 0.923579 0.000000 0.000000 0.000000 0.000000 1.000000
0.963411 0.090132 0.252420 0.000000 -0.136892 0.975134 0.174283 16.865299 -0.230435 -0.202461 0.951793 0.000000 0.000000 0.000000 0.000000 1.000000
0.970827 0.108793 0.213682 -0.000000 -0.137721 0.982489 0.125493 16.865299 -0.196287 -0.151260 0.968809 -0.000000 0.000000 0.000000 0.000000 1.000000
0.992819 0.037469 0.113610 -0.000000 -0.051660 0.990853 0.124662 16.865299 -0.107900 -0.129636 0.985673 0.000000 0.000000 0.000000 0.000000 1.000000
0.999307 -0.037163 -0.002113 -0.000000 0.037032 0.986813 0.157573 16.865299 -0.003771 -0.157542 0.987505 -0.000000 0.000000 0.000000 0.000000 1.000000
0.987095 -0.073251 -0.142398 -0.000000 0.104847 0.967773 0.228961 16.865299 0.121037 -0.240936 0.962964 -0.000000 0.000000 0.000000 0.000000 1.000000
0.974390 -0.068200 -0.214273 0.000000 0.141010 0.927580 0.345993 16.865299 0.175159 -0.367347 0.913442 -0.000000 0.000000 0.000000 0.000000 1.000000
0.969048 -0.011727 -0.246595 0.000000 0.130560 0.872100 0.471589 16.865299 0.209525 -0.489188 0.846637 -0.000000 0.000000 0.000000 0.000000 1.000000
0.976090 0.044188 -0.212828 -0.000000 0.081135 0.834288 0.545326 16.865299 0.201657 -0.549555 0.810755 0.000000 0.000000 0.000000 0.000000 1.000000
0.986579 0.050772 -0.155193 -0.000000 0.045597 0.826959 0.560410 16.865299 0.156792 -0.559965 0.813545 -0.000000 0.000000 0.000000 0.000000 1.000000
0.991170 0.019144 -0.131204 -0.000000 0.056681 0.833375 0.549793 16.865299 0.119868 -0.552376 0.824932 0.000000 0.000000 0.000000 0.000000 1.000000
0.987812 -0.012240 -0.155171 -0.000000 0.095373 0.835444 0.541237 16.865299 0.123012 -0.549440 0.826428 0.000000 0.000000 0.000000 0.000000 1.000000
0.980635 -0.031004 -0.193377 0.000000 0.127948 0.848966 0.512725 16.865299 0.148274 -0.527538 0.836492 -0.000000 0.000000 0.000000 0.000000 1.000000
0.978309 -0.048774 -0.201329 0.000000 0.134336 0.889199 0.437355 16.865299 0.157690 -0.454914 0.876463 0.000000 0.000000 0.000000 0.000000 1.000000
0.980303 -0.056950 -0.189112 0.000000 0.119833 0.932642 0.340323 16.865299 0.156992 -0.356281 0.921096 -0.000000 0.000000 0.000000 0.000000 1.000000
0.982625 -0.059530 -0.175797 -0.000000 0.103818 0.961424 0.254727 16.865299 0.153851 -0.268552 0.950899 0.000000 0.000000 0.000000 0.000000 1.000000
0.985910 -0.066651 -0.153422 -0.000000 0.096942 0.975123 0.199343 16.865299 0.136319 -0.211407 0.967845 0.000000 0.000000 0.000000 0.000000 1.000000
0.989094 -0.079986 -0.123678 0.000000 0.101824 0.978050 0.181795 16.865299 0.106422 -0.192405 0.975528 0.000000 0.000000 0.000000 0.000000 1.000000
0.991253 -0.087238 -0.099027 0.000000 0.105427 0.974807 0.196564 16.865299 0.079384 -0.205285 0.975477 0.000000 0.000000 0.000000 0.000000 1.000000
0.992984 -0.087070 -0.080006 0.000000 0.103817 0.965855 0.237374 16.865299 0.056605 -0.244015 0.968118 0.000000 0.000000 0.000000 0.000000 1.000000
0.995440 -0.073561 -0.060721 -0.000000 0.087120 0.960371 0.264761 16.865299 0.038839 -0.268843 0.962401 0.000000 0.000000 0.000000 0.000000 1.000000
0.997681 -0.054829 -0.040334 0.000000 0.063621 0.961804 0.266242 16.865299 0.024195 -0.268190 0.963062 0.000000 0.000000 0.000000 0.000000 1.000000
0.998773 -0.043094 -0.024400 0.000000 0.047843 0.966874 0.250731 16.865299 0.012787 -0.251591 0.967749 0.000000 0.000000 0.000000 0.000000 1.000000
0.999163 -0.039709 -0.009841 -0.000000 0.040909 0.971954 0.231587 16.865299 0.000369 -0.231796 0.972764 0.000000 0.000000 0.000000 0.000000 1.000000
0.999175 -0.040307 0.004876 0.000000 0.038284 0.975341 0.217356 16.865299 -0.013516 -0.216991 0.976080 -0.000000 0.000000 0.000000 0.000000 1.000000
0.999013 -0.041943 0.014605 0.000000 0.037716 0.974835 0.219712 16.865299 -0.023453 -0.218944 0.975455 0.000000 0.000000 0.000000 0.000000 1.000000</float_array>
        <technique_common>
          <accessor source="#mixamorig_Neck-Matrix-animation-output-transform-array" count="39" stride="16">
            <param type="float4x4"/>
          </accessor>
        </technique_common>
      </source>
      <source id="mixamorig_Neck-Interpolations">
        <Name_array id="mixamorig_Neck-Interpolations-array" count="39">
 LINEAR LINEAR LINEAR LINEAR LINEAR LINEAR LINEAR LINEAR LINEAR LINEAR LINEAR
LINEAR LINEAR LINEAR LINEAR LINEAR LINEAR LINEAR LINEAR LINEAR LINEAR LINEAR LINEAR
LINEAR LINEAR LINEAR LINEAR LINEAR LINEAR LINEAR LINEAR LINEAR LINEAR LINEAR LINEAR
LINEAR LINEAR LINEAR LINEAR</Name_array>
        <technique_common>
          <accessor source="#mixamorig_Neck-Interpolations-array" count="39">
            <param type="name"/>
          </accessor>
        </technique_common>
      </source>
      <sampler id="mixamorig_Neck-Matrix-animation-transform">
        <input semantic="INPUT" source="#mixamorig_Neck-Matrix-animation-input"/>
        <input semantic="OUTPUT" source="#mixamorig_Neck-Matrix-animation-output-transform"/>
        <input semantic="INTERPOLATION" source="#mixamorig_Neck-Interpolations"/>
      </sampler>
      <channel source="#mixamorig_Neck-Matrix-animation-transform" target="mixamorig_Neck/matrix"/>
    </animation>
    <animation id="mixamorig_Head-anim" name="mixamorig_Head">
      <source id="mixamorig_Head-Matrix-animation-input">
        <float_array id="mixamorig_Head-Matrix-animation-input-array" count="39">

0.000000 0.033333 0.066667 0.100000 0.133333 0.166667 0.200000 0.233333 0.266667 0.300000 0.333333 0.366667 0.400000 0.433333 0.466667 0.500000
0.533333 0.566667 0.600000 0.633333 0.666667 0.700000 0.733333 0.766667 0.800000 0.833333 0.866667 0.900000 0.933333 0.966667 1.000000 1.033333
1.066667 1.100000 1.133333 1.166667 1.200000 1.233333 1.266667</float_array>
        <technique_common>
          <accessor source="#mixamorig_Head-Matrix-animation-input-array" count="39">
            <param name="TIME" type="float"/>
          </accessor>
        </technique_common>
      </source>
      <source id="mixamorig_Head-Matrix-animation-output-transform">
        <float_array id="mixamorig_Head-Matrix-animation-output-transform-array" count="624">

0.989033 0.040042 0.142160 -0.000000 -0.073947 0.967466 0.241952 9.341900 -0.127847 -0.249811 0.959818 2.841000 0.000000 0.000000 0.000000 1.000000
0.988963 0.073817 0.128465 0.000000 -0.099223 0.973878 0.204246 9.341900 -0.110032 -0.214738 0.970454 2.841000 0.000000 0.000000 0.000000 1.000000
0.984510 0.123897 0.124054 0.000000 -0.138097 0.983919 0.113286 9.341900 -0.108023 -0.128662 0.985788 2.841000 0.000000 0.000000 0.000000 1.000000
0.977184 0.172537 0.123869 0.000000 -0.174933 0.984542 0.008651 9.341900 -0.120461 -0.030122 0.992261 2.841000 0.000000 0.000000 0.000000 1.000000
0.969470 0.204035 0.136003 0.000000 -0.193829 0.977380 -0.084612 9.341900 -0.150191 0.055667 0.987089 2.841000 0.000000 0.000000 0.000000 1.000000
0.966076 0.209492 0.151028 0.000000 -0.185632 0.969855 -0.157867 9.341900 -0.179547 0.124476 0.975842 2.841000 0.000000 0.000000 0.000000 1.000000
0.969217 0.189969 0.156620 0.000000 -0.152880 0.962994 -0.221969 9.341900 -0.192991 0.191192 0.962393 2.841000 0.000000 0.000000 0.000000 1.000000
0.976794 0.153267 0.149608 0.000000 -0.103033 0.948633 -0.299132 9.341900 -0.187770 0.276776 0.942410 2.841000 0.000000 0.000000 0.000000 1.000000
0.981541 0.112458 0.154693 -0.000000 -0.050737 0.932984 -0.356325 9.341900 -0.184397 0.341899 0.921468 2.841000 0.000000 0.000000 0.000000 1.000000
0.978396 0.072287 0.193690 0.000000 0.000800 0.935549 -0.353197 9.341900 -0.206738 0.345721 0.915279 2.841000 0.000000 0.000000 0.000000 1.000000
0.969298 0.029725 0.244086 0.000000 0.046185 0.952989 -0.299463 9.341900 -0.241513 0.301542 0.922358 2.841000 0.000000 0.000000 0.000000 1.000000
0.959399 -0.006983 0.281966 0.000000 0.070317 0.974050 -0.215135 9.341900 -0.273146 0.226227 0.934993 2.841000 0.000000 0.000000 0.000000 1.000000
0.948494 -0.025335 0.315780 0.000000 0.069190 0.989299 -0.128451 9.341900 -0.309146 0.143683 0.940098 2.841000 0.000000 0.000000 0.000000 1.000000
0.932956 -0.016978 0.359591 -0.000000 0.044122 0.996749 -0.067414 9.341900 -0.357277 0.078761 0.930672 2.841000 0.000000 0.000000 0.000000 1.000000
0.928985 -0.045193 0.367347 0.000000 0.057382 0.998103 -0.022324 9.341900 -0.365641 0.041818 0.929816 2.841000 0.000000 0.000000 0.000000 1.000000
0.945310 -0.084817 0.314952 0.000000 0.084789 0.996303 0.013819 9.341900 -0.314960 0.013641 0.949007 2.841000 0.000000 0.000000 0.000000 1.000000
0.970696 -0.033393 0.237981 0.000000 0.033294 0.999436 0.004438 9.341900 -0.237995 0.003616 0.971260 2.841000 0.000000 0.000000 0.000000 1.000000
0.991653 0.047781 0.119752 0.000000 -0.044972 0.998648 -0.026053 9.341900 -0.120835 0.020450 0.992462 2.841000 0.000000 0.000000 0.000000 1.000000
0.992874 0.119080 0.004587 0.000000 -0.118372 0.989951 -0.077362 9.341900 -0.013753 0.076268 0.996993 2.841000 0.000000 0.000000 0.000000 1.000000
0.971991 0.171679 -0.160497 -0.000000 -0.195264 0.969973 -0.144995 9.341900 0.130786 0.172273 0.976328 2.841000 0.000000 0.000000 0.000000 1.000000
0.943027 0.162859 -0.290132 -0.000000 -0.224745 0.954800 -0.194544 9.341900 0.245334 0.248666 0.937004 2.841000 0.000000 0.000000 0.000000 1.000000
0.925105 0.133286 -0.355549 0.000000 -0.210746 0.959138 -0.188788 9.341900 0.315857 0.249579 0.915393 2.841000 0.000000 0.000000 0.000000 1.000000
0.922082 0.154496 -0.354819 -0.000000 -0.205187 0.972549 -0.109758 9.341900 0.328121 0.174010 0.928470 2.841000 0.000000 0.000000 0.000000 1.000000
0.929116 0.199101 -0.311613 -0.000000 -0.211295 0.977407 -0.005505 9.341900 0.303477 0.070957 0.950193 2.841000 0.000000 0.000000 0.000000 1.000000
0.943124 0.172645 -0.284097 0.000000 -0.164781 0.984983 0.051543 9.341900 0.288730 -0.001797 0.957409 2.841000 0.000000 0.000000 0.000000 1.000000
0.933453 0.061013 -0.353474 0.000000 -0.019315 0.992548 0.120316 9.341900 0.358180 -0.105482 0.927675 2.841000 0.000000 0.000000 0.000000 1.000000
0.910305 -0.006680 -0.413884 -0.000000 0.071833 0.987249 0.142056 9.341900 0.407657 -0.159044 0.899178 2.841000 0.000000 0.000000 0.000000 1.000000
0.904305 -0.027837 -0.425979 0.000000 0.109758 0.979486 0.168997 9.341900 0.412536 -0.199580 0.888809 2.841000 0.000000 0.000000 0.000000 1.000000
0.926569 -0.038760 -0.374123 0.000000 0.125142 0.969776 0.209460 9.341900 0.354697 -0.240898 0.903415 2.841000 0.000000 0.000000 0.000000 1.000000
0.955571 -0.053877 -0.289796 0.000000 0.130200 0.959193 0.250993 9.341900 0.264447 -0.277573 0.923591 2.841000 0.000000 0.000000 0.000000 1.000000
0.976315 -0.060401 -0.207751 -0.000000 0.118128 0.953297 0.277976 9.341900 0.181259 -0.295934 0.937853 2.841000 0.000000 0.000000 0.000000 1.000000
0.988969 -0.044893 -0.141155 -0.000000 0.083737 0.955521 0.282787 9.341900 0.122182 -0.291487 0.948740 2.841000 0.000000 0.000000 0.000000 1.000000
0.995930 -0.016968 -0.088520 0.000000 0.040624 0.961212 0.272804 9.341900 0.080457 -0.275290 0.957989 2.841000 0.000000 0.000000 0.000000 1.000000
0.998965 0.008760 -0.044639 0.000000 0.003211 0.965254 0.261294 9.341900 0.045376 -0.261167 0.964227 2.841000 0.000000 0.000000 0.000000 1.000000
0.999640 0.026538 -0.003865 0.000000 -0.024703 0.967285 0.252488 9.341900 0.010439 -0.252302 0.967592 2.841000 0.000000 0.000000 0.000000 1.000000
0.998602 0.035879 0.038823 0.000000 -0.044298 0.968722 0.244163 9.341900 -0.028849 -0.245542 0.968957 2.841000 0.000000 0.000000 0.000000 1.000000
0.996103 0.039481 0.078867 0.000000 -0.057175 0.969925 0.236593 9.341900 -0.067155 -0.240180 0.968403 2.841000 0.000000 0.000000 0.000000 1.000000
0.992778 0.040094 0.113064 0.000000 -0.065735 0.970217 0.233147 9.341900 -0.100349 -0.238896 0.965846 2.841000 0.000000 0.000000 0.000000 1.000000
0.989033 0.040043 0.142160 0.000000 -0.073947 0.967466 0.241952 9.341900 -0.127847 -0.249811 0.959818 2.841000 0.000000 0.000000 0.000000 1.000000</float_array>
        <technique_common>
          <accessor source="#mixamorig_Head-Matrix-animation-output-transform-array" count="39" stride="16">
            <param type="float4x4"/>
          </accessor>
        </technique_common>
      </source>
      <source id="mixamorig_Head-Interpolations">
        <Name_array id="mixamorig_Head-Interpolations-array" count="39">
 LINEAR LINEAR LINEAR LINEAR LINEAR LINEAR LINEAR LINEAR LINEAR LINEAR LINEAR
LINEAR LINEAR LINEAR LINEAR LINEAR LINEAR LINEAR LINEAR LINEAR LINEAR LINEAR LINEAR
LINEAR LINEAR LINEAR LINEAR LINEAR LINEAR LINEAR LINEAR LINEAR LINEAR LINEAR LINEAR
LINEAR LINEAR LINEAR LINEAR</Name_array>
        <technique_common>
          <accessor source="#mixamorig_Head-Interpolations-array" count="39">
            <param type="name"/>
          </accessor>
        </technique_common>
      </source>
      <sampler id="mixamorig_Head-Matrix-animation-transform">
        <input semantic="INPUT" source="#mixamorig_Head-Matrix-animation-input"/>
        <input semantic="OUTPUT" source="#mixamorig_Head-Matrix-animation-output-transform"/>
        <input semantic="INTERPOLATION" source="#mixamorig_Head-Interpolations"/>
      </sampler>
      <channel source="#mixamorig_Head-Matrix-animation-transform" target="mixamorig_Head/matrix"/>
    </animation>
    <animation id="mixamorig_RightShoulder-anim" name="mixamorig_RightShoulder">
      <source id="mixamorig_RightShoulder-Matrix-animation-input">
        <float_array id="mixamorig_RightShoulder-Matrix-animation-input-array" count="39">

0.000000 0.033333 0.066667 0.100000 0.133333 0.166667 0.200000 0.233333 0.266667 0.300000 0.333333 0.366667 0.400000 0.433333 0.466667 0.500000
0.533333 0.566667 0.600000 0.633333 0.666667 0.700000 0.733333 0.766667 0.800000 0.833333 0.866667 0.900000 0.933333 0.966667 1.000000 1.033333
1.066667 1.100000 1.133333 1.166667 1.200000 1.233333 1.266667</float_array>
        <technique_common>
          <accessor source="#mixamorig_RightShoulder-Matrix-animation-input-array" count="39">
            <param name="TIME" type="float"/>
          </accessor>
        </technique_common>
      </source>
      <source id="mixamorig_RightShoulder-Matrix-animation-output-transform">
        <float_array id="mixamorig_RightShoulder-Matrix-animation-output-transform-array" count="624">

0.276590 -0.908364 -0.313643 -4.570000 -0.273893 0.238324 -0.931764 11.195800 0.921130 0.343621 -0.182876 -0.806600 0.000000 0.000000 0.000000 1.000000
0.276561 -0.900313 -0.336080 -4.570000 -0.270856 0.262516 -0.926133 11.195800 0.922036 0.347162 -0.171254 -0.806600 0.000000 0.000000 0.000000 1.000000
0.297892 -0.868553 -0.396076 -4.570000 -0.269091 0.321685 -0.907805 11.195800 0.915888 0.377009 -0.137892 -0.806600 0.000000 0.000000 0.000000 1.000000
0.334460 -0.816974 -0.469776 -4.570000 -0.271074 0.394018 -0.878219 11.195800 0.902583 0.421073 -0.089677 -0.806600 0.000000 0.000000 0.000000 1.000000
0.370037 -0.760019 -0.534269 -4.570000 -0.284293 0.454864 -0.843964 11.195800 0.884449 0.464187 -0.047751 -0.806600 0.000000 0.000000 0.000000 1.000000
0.371594 -0.720130 -0.585944 -4.570000 -0.316081 0.495299 -0.809179 11.195800 0.872932 0.485892 -0.043570 -0.806600 0.000000 0.000000 0.000000 1.000000
0.314021 -0.695929 -0.645813 -4.570000 -0.359847 0.542227 -0.759276 11.195800 0.878579 0.470822 -0.080157 -0.806600 0.000000 0.000000 0.000000 1.000000
0.176798 -0.740208 -0.648718 -4.570000 -0.408480 0.544477 -0.732590 11.195800 0.895481 0.394509 -0.206098 -0.806600 0.000000 0.000000 0.000000 1.000000
-0.017632 -0.822462 -0.568547 -4.570000 -0.459865 0.511591 -0.725809 11.195800 0.887814 0.248657 -0.387242 -0.806600 0.000000 0.000000 0.000000 1.000000
-0.169908 -0.865886 -0.470502 -4.570000 -0.523804 0.483767 -0.701141 11.195800 0.834722 0.127322 -0.535751 -0.806600 0.000000 0.000000 0.000000 1.000000
-0.264798 -0.892595 -0.364905 -4.570000 -0.598250 0.448848 -0.663802 11.195800 0.756293 0.042530 -0.652849 -0.806600 0.000000 0.000000 0.000000 1.000000
-0.317092 -0.910203 -0.266426 -4.570000 -0.660201 0.413527 -0.627001 11.195800 0.680872 -0.022923 -0.732043 -0.806600 0.000000 0.000000 0.000000 1.000000
-0.338229 -0.919701 -0.199377 -4.570000 -0.706916 0.388155 -0.591274 11.195800 0.621184 -0.059044 -0.781437 -0.806600 0.000000 0.000000 0.000000 1.000000
-0.316850 -0.927715 -0.197363 -4.570000 -0.729780 0.371367 -0.574028 11.195800 0.605828 -0.037849 -0.794695 -0.806600 0.000000 0.000000 0.000000 1.000000
-0.314339 -0.918152 -0.241221 -4.570000 -0.725182 0.396223 -0.563133 11.195800 0.612620 -0.002086 -0.790375 -0.806600 0.000000 0.000000 0.000000 1.000000
-0.281214 -0.878552 -0.386089 -4.570000 -0.690808 0.464590 -0.554022 11.195800 0.666110 0.110914 -0.737560 -0.806600 0.000000 0.000000 0.000000 1.000000
-0.031530 -0.816810 -0.576045 -4.570000 -0.656836 0.451342 -0.604034 11.195800 0.753374 0.359322 -0.550741 -0.806600 0.000000 0.000000 0.000000 1.000000
0.251211 -0.736921 -0.627567 -4.570000 -0.602730 0.388221 -0.697138 11.195800 0.757370 0.553382 -0.346639 -0.806600 0.000000 0.000000 0.000000 1.000000
0.337435 -0.729992 -0.594347 -4.570000 -0.596278 0.322810 -0.735014 11.195800 0.728416 0.602416 -0.326351 -0.806600 0.000000 0.000000 0.000000 1.000000
0.276824 -0.831924 -0.480907 -4.570000 -0.543889 0.276933 -0.792144 11.195800 0.792183 0.480845 -0.375813 -0.806600 0.000000 0.000000 0.000000 1.000000
0.219954 -0.891770 -0.395432 -4.570000 -0.530888 0.230647 -0.815451 11.195800 0.818400 0.389291 -0.422698 -0.806600 0.000000 0.000000 0.000000 1.000000
0.259657 -0.863671 -0.432032 -4.570000 -0.524829 0.249334 -0.813872 11.195800 0.810637 0.438070 -0.388538 -0.806600 0.000000 0.000000 0.000000 1.000000
0.329726 -0.771361 -0.544319 -4.570000 -0.525510 0.329021 -0.784592 11.195800 0.784296 0.544745 -0.296871 -0.806600 0.000000 0.000000 0.000000 1.000000
0.361352 -0.686479 -0.631008 -4.570000 -0.521584 0.412137 -0.747056 11.195800 0.772900 0.599074 -0.209130 -0.806600 0.000000 0.000000 0.000000 1.000000
0.354768 -0.665921 -0.656269 -4.570000 -0.518286 0.444131 -0.730840 11.195800 0.778151 0.599413 -0.187574 -0.806600 0.000000 0.000000 0.000000 1.000000
0.375153 -0.661704 -0.649159 -4.570000 -0.509041 0.438202 -0.740848 11.195800 0.774685 0.608380 -0.172442 -0.806600 0.000000 0.000000 0.000000 1.000000
0.427002 -0.659186 -0.618985 -4.570000 -0.487991 0.408305 -0.771460 11.195800 0.761271 0.631475 -0.147330 -0.806600 0.000000 0.000000 0.000000 1.000000
0.490718 -0.666510 -0.561214 -4.570000 -0.448717 0.358807 -0.818480 11.195800 0.746893 0.653469 -0.123001 -0.806600 0.000000 0.000000 0.000000 1.000000
0.523731 -0.694365 -0.493521 -4.570000 -0.407903 0.304193 -0.860861 11.195800 0.747877 0.652168 -0.123919 -0.806600 0.000000 0.000000 0.000000 1.000000
0.513600 -0.742111 -0.430681 -4.570000 -0.374291 0.257892 -0.890729 11.195800 0.772089 0.618678 -0.145312 -0.806600 0.000000 0.000000 0.000000 1.000000
0.474027 -0.794184 -0.380224 -4.570000 -0.333583 0.237654 -0.912273 11.195800 0.814875 0.559278 -0.152272 -0.806600 0.000000 0.000000 0.000000 1.000000
0.443093 -0.811707 -0.380527 -4.570000 -0.308304 0.260605 -0.914895 11.195800 0.841794 0.522702 -0.134780 -0.806600 0.000000 0.000000 0.000000 1.000000
0.459855 -0.787918 -0.409534 -4.570000 -0.267290 0.316982 -0.909988 11.195800 0.846811 0.527927 -0.064837 -0.806600 0.000000 0.000000 0.000000 1.000000
0.517793 -0.731473 -0.443664 -4.570000 -0.231098 0.379727 -0.895769 11.195800 0.823701 0.566353 0.027578 -0.806600 0.000000 0.000000 0.000000 1.000000
0.545324 -0.709361 -0.446574 -4.570000 -0.211693 0.398943 -0.892205 11.195800 0.811054 0.581078 0.067386 -0.806600 0.000000 0.000000 0.000000 1.000000
0.499908 -0.758233 -0.418539 -4.570000 -0.205317 0.365728 -0.907793 11.195800 0.841390 0.539746 0.027152 -0.806600 0.000000 0.000000 0.000000 1.000000
0.407328 -0.829440 -0.382247 -4.570000 -0.227005 0.313456 -0.922070 11.195800 0.884620 0.462357 -0.060607 -0.806600 0.000000 0.000000 0.000000 1.000000
0.316034 -0.884948 -0.342038 -4.570000 -0.256892 0.267230 -0.928760 11.195800 0.913307 0.381387 -0.142882 -0.806600 0.000000 0.000000 0.000000 1.000000
0.276590 -0.908364 -0.313643 -4.570000 -0.273893 0.238324 -0.931764 11.195800 0.921130 0.343621 -0.182876 -0.806600 0.000000 0.000000 0.000000 1.000000</float_array>
        <technique_common>
          <accessor source="#mixamorig_RightShoulder-Matrix-animation-output-transform-array" count="39" stride="16">
            <param type="float4x4"/>
          </accessor>
        </technique_common>
      </source>
      <source id="mixamorig_RightShoulder-Interpolations">
        <Name_array id="mixamorig_RightShoulder-Interpolations-array" count="39">
 LINEAR LINEAR LINEAR LINEAR LINEAR LINEAR LINEAR LINEAR LINEAR LINEAR LINEAR
LINEAR LINEAR LINEAR LINEAR LINEAR LINEAR LINEAR LINEAR LINEAR LINEAR LINEAR LINEAR
LINEAR LINEAR LINEAR LINEAR LINEAR LINEAR LINEAR LINEAR LINEAR LINEAR LINEAR LINEAR
LINEAR LINEAR LINEAR LINEAR</Name_array>
        <technique_common>
          <accessor source="#mixamorig_RightShoulder-Interpolations-array" count="39">
            <param type="name"/>
          </accessor>
        </technique_common>
      </source>
      <sampler id="mixamorig_RightShoulder-Matrix-animation-transform">
        <input semantic="INPUT" source="#mixamorig_RightShoulder-Matrix-animation-input"/>
        <input semantic="OUTPUT" source="#mixamorig_RightShoulder-Matrix-animation-output-transform"/>
        <input semantic="INTERPOLATION" source="#mixamorig_RightShoulder-Interpolations"/>
      </sampler>
      <channel source="#mixamorig_RightShoulder-Matrix-animation-transform" target="mixamorig_RightShoulder/matrix"/>
    </animation>
    <animation id="mixamorig_RightArm-anim" name="mixamorig_RightArm">
      <source id="mixamorig_RightArm-Matrix-animation-input">
        <float_array id="mixamorig_RightArm-Matrix-animation-input-array" count="39">

0.000000 0.033333 0.066667 0.100000 0.133333 0.166667 0.200000 0.233333 0.266667 0.300000 0.333333 0.366667 0.400000 0.433333 0.466667 0.500000
0.533333 0.566667 0.600000 0.633333 0.666667 0.700000 0.733333 0.766667 0.800000 0.833333 0.866667 0.900000 0.933333 0.966667 1.000000 1.033333
1.066667 1.100000 1.133333 1.166667 1.200000 1.233333 1.266667</float_array>
        <technique_common>
          <accessor source="#mixamorig_RightArm-Matrix-animation-input-array" count="39">
            <param name="TIME" type="float"/>
          </accessor>
        </technique_common>
      </source>
      <source id="mixamorig_RightArm-Matrix-animation-output-transform">
        <float_array id="mixamorig_RightArm-Matrix-animation-output-transform-array" count="624">

0.656644 0.686141 -0.313097 -0.000000 -0.417133 -0.015459 -0.908714 10.838200 -0.628346 0.727304 0.276061 0.000000 0.000000 0.000000 0.000000 1.000000
0.669867 0.684295 -0.288131 -0.000000 -0.400059 0.005732 -0.916471 10.838200 -0.625485 0.729183 0.277598 0.000000 0.000000 0.000000 0.000000 1.000000
0.671809 0.674103 -0.307016 0.000000 -0.400129 -0.018542 -0.916271 10.838200 -0.623354 0.738405 0.257271 0.000000 0.000000 0.000000 0.000000 1.000000
0.694311 0.628672 -0.350290 0.000000 -0.394278 -0.074905 -0.915934 10.838200 -0.602060 0.774055 0.195864 -0.000000 0.000000 0.000000 0.000000 1.000000
0.727816 0.564274 -0.389716 0.000000 -0.387147 -0.130981 -0.912667 10.838200 -0.566040 0.815131 0.123127 0.000000 0.000000 0.000000 0.000000 1.000000
0.782542 0.462941 -0.416309 -0.000000 -0.370996 -0.190258 -0.908936 10.838200 -0.499989 0.865730 0.022865 -0.000000 0.000000 0.000000 0.000000 1.000000
0.787292 0.434820 -0.437154 0.000000 -0.379526 -0.217019 -0.899368 10.838200 -0.485933 0.873976 -0.005832 0.000000 0.000000 0.000000 0.000000 1.000000
0.780663 0.480972 -0.399037 -0.000000 -0.386388 -0.130384 -0.913074 10.838200 -0.491191 0.866987 0.084056 0.000000 0.000000 0.000000 0.000000 1.000000
0.742208 0.581454 -0.333225 0.000000 -0.423973 0.022315 -0.905400 10.838200 -0.519012 0.813273 0.263083 0.000000 0.000000 0.000000 0.000000 1.000000
0.600134 0.748032 -0.283350 -0.000000 -0.465109 0.038132 -0.884432 10.838200 -0.650778 0.662566 0.370801 0.000000 0.000000 0.000000 0.000000 1.000000
0.417608 0.884793 -0.206746 0.000000 -0.510914 0.040500 -0.858677 10.838200 -0.751379 0.464220 0.468966 0.000000 0.000000 0.000000 0.000000 1.000000
0.315485 0.944301 -0.093624 0.000000 -0.540240 0.097621 -0.835830 10.838200 -0.780135 0.314271 0.540947 -0.000000 0.000000 0.000000 0.000000 1.000000
0.246233 0.969192 0.006024 -0.000000 -0.552910 0.145572 -0.820426 10.838200 -0.796027 0.198685 0.571721 0.000000 0.000000 0.000000 0.000000 1.000000
0.143641 0.968303 0.204346 0.000000 -0.608068 0.249268 -0.753736 10.838200 -0.780782 -0.015989 0.624599 -0.000000 0.000000 0.000000 0.000000 1.000000
-0.041844 0.859319 0.509725 0.000000 -0.740156 0.316032 -0.593543 10.838200 -0.671132 -0.402112 0.622807 0.000000 0.000000 0.000000 0.000000 1.000000
-0.171681 0.729449 0.662140 0.000000 -0.825581 0.260202 -0.500711 10.838200 -0.537533 -0.632613 0.557547 0.000000 0.000000 0.000000 0.000000 1.000000
-0.013602 0.728547 0.684861 0.000000 -0.818327 0.385477 -0.426319 10.838200 -0.574591 -0.566239 0.590946 0.000000 0.000000 0.000000 0.000000 1.000000
0.205737 0.760144 0.616323 0.000000 -0.738160 0.534025 -0.412235 10.838200 -0.642490 -0.370133 0.670976 -0.000000 0.000000 0.000000 0.000000 1.000000
0.292704 0.817771 0.495555 0.000000 -0.691744 0.538896 -0.480709 10.838200 -0.660163 -0.202092 0.723425 -0.000000 0.000000 0.000000 0.000000 1.000000
0.244859 0.944479 0.219095 0.000000 -0.685387 0.328448 -0.649897 10.838200 -0.685776 0.008969 0.727757 0.000000 0.000000 0.000000 0.000000 1.000000
0.216606 0.971336 0.097923 0.000000 -0.661976 0.219858 -0.716555 10.838200 -0.717544 0.090388 0.690623 0.000000 0.000000 0.000000 0.000000 1.000000
0.415533 0.898778 0.139752 -0.000000 -0.633338 0.396179 -0.664775 10.838200 -0.652852 0.187725 0.733856 0.000000 0.000000 0.000000 0.000000 1.000000
0.446362 0.893790 -0.043593 0.000000 -0.591742 0.258273 -0.763634 10.838200 -0.671270 0.366653 0.644176 -0.000000 0.000000 0.000000 0.000000 1.000000
0.310581 0.939612 -0.143765 0.000000 -0.606679 0.079512 -0.790961 10.838200 -0.731765 0.332877 0.594737 -0.000000 0.000000 0.000000 0.000000 1.000000
0.085742 0.982721 -0.164035 0.000000 -0.632297 -0.073565 -0.771226 10.838200 -0.769967 0.169846 0.615064 -0.000000 0.000000 0.000000 0.000000 1.000000
-0.011757 0.990122 -0.139713 -0.000000 -0.652031 -0.113523 -0.749645 10.838200 -0.758101 0.082283 0.646925 0.000000 0.000000 0.000000 0.000000 1.000000
0.041745 0.977142 -0.208450 0.000000 -0.669144 -0.127589 -0.732098 10.838200 -0.741959 0.170044 0.648523 -0.000000 0.000000 0.000000 0.000000 1.000000
0.325408 0.916503 -0.232663 -0.000000 -0.681312 0.056637 -0.729799 10.838200 -0.655685 0.395999 0.642854 0.000000 0.000000 0.000000 0.000000 1.000000
0.544664 0.817309 -0.188008 0.000000 -0.633239 0.253807 -0.731157 10.838200 -0.549864 0.517289 0.655791 -0.000000 0.000000 0.000000 0.000000 1.000000
0.652083 0.745715 -0.136737 0.000000 -0.565643 0.358442 -0.742675 10.838200 -0.504812 0.561630 0.655543 0.000000 0.000000 0.000000 0.000000 1.000000
0.683690 0.721410 -0.110160 -0.000000 -0.525609 0.382056 -0.760111 10.838200 -0.506264 0.577581 0.640388 -0.000000 0.000000 0.000000 0.000000 1.000000
0.685205 0.709131 -0.166216 0.000000 -0.502459 0.295012 -0.812713 10.838200 -0.527284 0.640392 0.558453 0.000000 0.000000 0.000000 0.000000 1.000000
0.689419 0.688805 -0.224161 -0.000000 -0.474578 0.195720 -0.858178 10.838200 -0.547245 0.698027 0.461825 0.000000 0.000000 0.000000 0.000000 1.000000
0.734824 0.623174 -0.267746 -0.000000 -0.425362 0.115933 -0.897567 10.838200 -0.528300 0.773443 0.350265 0.000000 0.000000 0.000000 0.000000 1.000000
0.770317 0.570126 -0.285601 -0.000000 -0.390783 0.068156 -0.917956 10.838200 -0.503885 0.818725 0.275298 0.000000 0.000000 0.000000 0.000000 1.000000
0.766111 0.569803 -0.297318 -0.000000 -0.387336 0.040178 -0.921063 10.838200 -0.512878 0.820799 0.251486 0.000000 0.000000 0.000000 0.000000 1.000000
0.725133 0.614362 -0.311032 0.000000 -0.404557 0.014570 -0.914397 10.838200 -0.557239 0.788890 0.259110 -0.000000 0.000000 0.000000 0.000000 1.000000
0.675810 0.664425 -0.319092 0.000000 -0.420154 -0.008435 -0.907414 10.838200 -0.605600 0.747307 0.273461 0.000000 0.000000 0.000000 0.000000 1.000000
0.656644 0.686141 -0.313096 -0.000000 -0.417133 -0.015459 -0.908714 10.838200 -0.628346 0.727304 0.276061 0.000000 0.000000 0.000000 0.000000 1.000000</float_array>
        <technique_common>
          <accessor source="#mixamorig_RightArm-Matrix-animation-output-transform-array" count="39" stride="16">
            <param type="float4x4"/>
          </accessor>
        </technique_common>
      </source>
      <source id="mixamorig_RightArm-Interpolations">
        <Name_array id="mixamorig_RightArm-Interpolations-array" count="39">
 LINEAR LINEAR LINEAR LINEAR LINEAR LINEAR LINEAR LINEAR LINEAR LINEAR LINEAR
LINEAR LINEAR LINEAR LINEAR LINEAR LINEAR LINEAR LINEAR LINEAR LINEAR LINEAR LINEAR
LINEAR LINEAR LINEAR LINEAR LINEAR LINEAR LINEAR LINEAR LINEAR LINEAR LINEAR LINEAR
LINEAR LINEAR LINEAR LINEAR</Name_array>
        <technique_common>
          <accessor source="#mixamorig_RightArm-Interpolations-array" count="39">
            <param type="name"/>
          </accessor>
        </technique_common>
      </source>
      <sampler id="mixamorig_RightArm-Matrix-animation-transform">
        <input semantic="INPUT" source="#mixamorig_RightArm-Matrix-animation-input"/>
        <input semantic="OUTPUT" source="#mixamorig_RightArm-Matrix-animation-output-transform"/>
        <input semantic="INTERPOLATION" source="#mixamorig_RightArm-Interpolations"/>
      </sampler>
      <channel source="#mixamorig_RightArm-Matrix-animation-transform" target="mixamorig_RightArm/matrix"/>
    </animation>
    <animation id="mixamorig_RightForeArm-anim" name="mixamorig_RightForeArm">
      <source id="mixamorig_RightForeArm-Matrix-animation-input">
        <float_array id="mixamorig_RightForeArm-Matrix-animation-input-array" count="39">

0.000000 0.033333 0.066667 0.100000 0.133333 0.166667 0.200000 0.233333 0.266667 0.300000 0.333333 0.366667 0.400000 0.433333 0.466667 0.500000
0.533333 0.566667 0.600000 0.633333 0.666667 0.700000 0.733333 0.766667 0.800000 0.833333 0.866667 0.900000 0.933333 0.966667 1.000000 1.033333
1.066667 1.100000 1.133333 1.166667 1.200000 1.233333 1.266667</float_array>
        <technique_common>
          <accessor source="#mixamorig_RightForeArm-Matrix-animation-input-array" count="39">
            <param name="TIME" type="float"/>
          </accessor>
        </technique_common>
      </source>
      <source id="mixamorig_RightForeArm-Matrix-animation-output-transform">
        <float_array id="mixamorig_RightForeArm-Matrix-animation-output-transform-array" count="624">

0.505416 0.829913 0.236221 0.000000 -0.850217 0.525697 -0.027809 27.841499 -0.147260 -0.186784 0.971301 0.000000 0.000000 0.000000 0.000000 1.000000
0.482584 0.845368 0.229053 0.000000 -0.858400 0.508452 -0.068017 27.841499 -0.173962 -0.163795 0.971035 0.000000 0.000000 0.000000 0.000000 1.000000
0.495355 0.829941 0.256557 0.000000 -0.848056 0.526006 -0.064178 27.841499 -0.188214 -0.185784 0.964396 0.000000 0.000000 0.000000 0.000000 1.000000
0.537755 0.774923 0.332134 0.000000 -0.816695 0.576611 -0.023024 27.841499 -0.209354 -0.258870 0.942951 0.000000 0.000000 0.000000 0.000000 1.000000
0.558893 0.725308 0.401954 -0.000000 -0.797770 0.602563 0.021954 27.841499 -0.226279 -0.332937 0.915396 0.000000 0.000000 0.000000 0.000000 1.000000
0.537243 0.685821 0.490937 0.000000 -0.805912 0.589090 0.058989 27.841499 -0.248750 -0.427344 0.869195 -0.000000 0.000000 0.000000 0.000000 1.000000
0.566210 0.603114 0.561836 0.000000 -0.768777 0.632263 0.096048 27.841499 -0.297300 -0.486310 0.821654 0.000000 0.000000 0.000000 0.000000 1.000000
0.515877 0.604630 0.606872 0.000000 -0.783450 0.619541 0.048727 27.841499 -0.346520 -0.500591 0.793305 0.000000 0.000000 0.000000 0.000000 1.000000
0.422547 0.701023 0.574474 -0.000000 -0.830530 0.553257 -0.064247 27.841499 -0.362870 -0.449970 0.815998 0.000000 0.000000 0.000000 0.000000 1.000000
0.272550 0.631502 0.725894 0.000000 -0.887621 0.456165 -0.063574 27.841499 -0.371275 -0.626992 0.684862 0.000000 0.000000 0.000000 0.000000 1.000000
0.064993 0.557096 0.827901 0.000000 -0.948052 0.293378 -0.122989 27.841499 -0.311405 -0.776900 0.547223 0.000000 0.000000 0.000000 0.000000 1.000000
-0.211229 0.558420 0.802215 -0.000000 -0.954932 0.057205 -0.291260 27.841499 -0.208536 -0.827584 0.521170 -0.000000 0.000000 0.000000 0.000000 1.000000
-0.493329 0.486469 0.721093 0.000000 -0.868625 -0.231653 -0.437982 27.841499 -0.046021 -0.842428 0.536840 0.000000 0.000000 0.000000 0.000000 1.000000
-0.656266 0.294672 0.694610 -0.000000 -0.740713 -0.426967 -0.518694 27.841499 0.143730 -0.854908 0.498472 0.000000 0.000000 0.000000 0.000000 1.000000
-0.580037 0.176056 0.795337 0.000000 -0.781951 -0.393948 -0.483071 27.841499 0.228274 -0.902114 0.366172 0.000000 0.000000 0.000000 0.000000 1.000000
-0.320474 0.176002 0.930763 -0.000000 -0.938030 -0.195781 -0.285955 27.841499 0.131897 -0.964724 0.227838 0.000000 0.000000 0.000000 0.000000 1.000000
0.126421 0.253316 0.959087 0.000000 -0.982424 0.165829 0.085698 27.841499 -0.137336 -0.953064 0.269828 0.000000 0.000000 0.000000 0.000000 1.000000
0.523763 0.234451 0.818966 0.000000 -0.768071 0.545765 0.334974 27.841499 -0.368428 -0.804471 0.465927 0.000000 0.000000 0.000000 0.000000 1.000000
0.697063 0.119474 0.706986 -0.000000 -0.578572 0.676123 0.456192 27.841499 -0.423506 -0.727037 0.540425 0.000000 0.000000 0.000000 0.000000 1.000000
0.774729 0.160471 0.611592 -0.000000 -0.532765 0.686591 0.494726 27.841499 -0.340524 -0.709114 0.617415 0.000000 0.000000 0.000000 0.000000 1.000000
0.789322 0.230550 0.569050 0.000000 -0.475797 0.815470 0.329585 27.841499 -0.388057 -0.530901 0.753363 0.000000 0.000000 0.000000 0.000000 1.000000
0.706567 0.552447 0.442228 0.000000 -0.602845 0.797188 -0.032685 27.841499 -0.370595 -0.243501 0.896307 0.000000 0.000000 0.000000 0.000000 1.000000
0.560594 0.659085 0.501339 0.000000 -0.756820 0.653497 -0.012849 27.841499 -0.336092 -0.372220 0.865156 0.000000 0.000000 0.000000 0.000000 1.000000
0.580475 0.644070 0.498220 0.000000 -0.744593 0.667503 0.004614 27.841499 -0.329591 -0.373650 0.867038 0.000000 0.000000 0.000000 0.000000 1.000000
0.714622 0.529757 0.456808 0.000000 -0.604355 0.796415 0.021845 27.841499 -0.352236 -0.291685 0.889297 -0.000000 0.000000 0.000000 0.000000 1.000000
0.804653 0.433209 0.406034 0.000000 -0.478471 0.878029 0.011411 27.841499 -0.351567 -0.203457 0.913787 0.000000 0.000000 0.000000 0.000000 1.000000
0.846616 0.434923 0.306732 -0.000000 -0.479326 0.873576 0.084332 27.841499 -0.231276 -0.218421 0.948053 -0.000000 0.000000 0.000000 0.000000 1.000000
0.668219 0.716261 0.201131 -0.000000 -0.739571 0.668876 0.075100 27.841499 -0.080741 -0.198934 0.976681 0.000000 0.000000 0.000000 0.000000 1.000000
0.422174 0.892088 0.161084 0.000000 -0.904546 0.426257 0.010035 27.841499 -0.059711 -0.149944 0.986890 0.000000 0.000000 0.000000 0.000000 1.000000
0.207287 0.959422 0.191158 0.000000 -0.973949 0.220758 -0.051860 27.841499 -0.091955 -0.175428 0.980188 0.000000 0.000000 0.000000 0.000000 1.000000
0.023911 0.965385 0.259731 0.000000 -0.994251 0.050088 -0.094637 27.841499 -0.104371 -0.255975 0.961033 0.000000 0.000000 0.000000 0.000000 1.000000
-0.096250 0.916443 0.388419 0.000000 -0.992010 -0.056347 -0.112873 27.841499 -0.081556 -0.396179 0.914544 0.000000 0.000000 0.000000 0.000000 1.000000
-0.146106 0.850058 0.506019 -0.000000 -0.987908 -0.098550 -0.119691 27.841499 -0.051876 -0.517387 0.854177 0.000000 0.000000 0.000000 0.000000 1.000000
-0.132670 0.800613 0.584309 0.000000 -0.990646 -0.088116 -0.104195 27.841499 -0.031932 -0.592667 0.804814 0.000000 0.000000 0.000000 0.000000 1.000000
-0.054214 0.806492 0.588754 0.000000 -0.997937 -0.023450 -0.059771 27.841499 -0.034399 -0.590780 0.806099 0.000000 0.000000 0.000000 0.000000 1.000000
0.092831 0.857602 0.505867 -0.000000 -0.993982 0.109492 -0.003219 27.841499 -0.058149 -0.502524 0.862605 0.000000 0.000000 0.000000 0.000000 1.000000
0.263364 0.882410 0.389861 -0.000000 -0.960585 0.277146 0.021614 27.841499 -0.088976 -0.380187 0.920620 0.000000 0.000000 0.000000 0.000000 1.000000
0.416340 0.862691 0.287097 0.000000 -0.901290 0.433183 0.005362 27.841499 -0.119740 -0.260991 0.957886 -0.000000 0.000000 0.000000 0.000000 1.000000
0.505416 0.829913 0.236221 0.000000 -0.850217 0.525697 -0.027809 27.841499 -0.147260 -0.186784 0.971301 0.000000 0.000000 0.000000 0.000000 1.000000</float_array>
        <technique_common>
          <accessor source="#mixamorig_RightForeArm-Matrix-animation-output-transform-array" count="39" stride="16">
            <param type="float4x4"/>
          </accessor>
        </technique_common>
      </source>
      <source id="mixamorig_RightForeArm-Interpolations">
        <Name_array id="mixamorig_RightForeArm-Interpolations-array" count="39">
 LINEAR LINEAR LINEAR LINEAR LINEAR LINEAR LINEAR LINEAR LINEAR LINEAR LINEAR
LINEAR LINEAR LINEAR LINEAR LINEAR LINEAR LINEAR LINEAR LINEAR LINEAR LINEAR LINEAR
LINEAR LINEAR LINEAR LINEAR LINEAR LINEAR LINEAR LINEAR LINEAR LINEAR LINEAR LINEAR
LINEAR LINEAR LINEAR LINEAR</Name_array>
        <technique_common>
          <accessor source="#mixamorig_RightForeArm-Interpolations-array" count="39">
            <param type="name"/>
          </accessor>
        </technique_common>
      </source>
      <sampler id="mixamorig_RightForeArm-Matrix-animation-transform">
        <input semantic="INPUT" source="#mixamorig_RightForeArm-Matrix-animation-input"/>
        <input semantic="OUTPUT" source="#mixamorig_RightForeArm-Matrix-animation-output-transform"/>
        <input semantic="INTERPOLATION" source="#mixamorig_RightForeArm-Interpolations"/>
      </sampler>
      <channel source="#mixamorig_RightForeArm-Matrix-animation-transform" target="mixamorig_RightForeArm/matrix"/>
    </animation>
    <animation id="mixamorig_RightHand-anim" name="mixamorig_RightHand">
      <source id="mixamorig_RightHand-Matrix-animation-input">
        <float_array id="mixamorig_RightHand-Matrix-animation-input-array" count="39">

0.000000 0.033333 0.066667 0.100000 0.133333 0.166667 0.200000 0.233333 0.266667 0.300000 0.333333 0.366667 0.400000 0.433333 0.466667 0.500000
0.533333 0.566667 0.600000 0.633333 0.666667 0.700000 0.733333 0.766667 0.800000 0.833333 0.866667 0.900000 0.933333 0.966667 1.000000 1.033333
1.066667 1.100000 1.133333 1.166667 1.200000 1.233333 1.266667</float_array>
        <technique_common>
          <accessor source="#mixamorig_RightHand-Matrix-animation-input-array" count="39">
            <param name="TIME" type="float"/>
          </accessor>
        </technique_common>
      </source>
      <source id="mixamorig_RightHand-Matrix-animation-output-transform">
        <float_array id="mixamorig_RightHand-Matrix-animation-output-transform-array" count="624">

0.903356 0.308866 0.297574 0.000000 -0.277255 0.949902 -0.144275 28.328800 -0.327228 0.047828 0.943734 -0.000000 0.000000 0.000000 0.000000 1.000000
0.896035 0.250655 0.366460 -0.000000 -0.218695 0.967491 -0.127022 28.328800 -0.386385 0.033673 0.921723 0.000000 0.000000 0.000000 0.000000 1.000000
0.863683 0.155472 0.479458 0.000000 -0.146169 0.987619 -0.056946 28.328800 -0.482376 -0.020898 0.875715 0.000000 0.000000 0.000000 0.000000 1.000000
0.784345 0.135304 0.605389 -0.000000 -0.161770 0.986768 -0.010952 28.328800 -0.598860 -0.089343 0.795854 0.000000 0.000000 0.000000 0.000000 1.000000
0.661860 0.146207 0.735232 -0.000000 -0.215358 0.976535 -0.000326 28.328800 -0.718027 -0.158122 0.677816 0.000000 0.000000 0.000000 0.000000 1.000000
0.428336 0.277378 0.859994 0.000000 -0.327095 0.934775 -0.138582 28.328800 -0.842340 -0.221940 0.491127 0.000000 0.000000 0.000000 0.000000 1.000000
-0.021391 0.447851 0.893852 0.000000 -0.371386 0.826523 -0.423004 28.328800 -0.928232 -0.341012 0.148646 0.000000 0.000000 0.000000 0.000000 1.000000
-0.423891 0.517201 0.743518 0.000000 -0.271948 0.710361 -0.649178 28.328800 -0.863922 -0.477379 -0.160464 0.000000 0.000000 0.000000 0.000000 1.000000
-0.697132 0.488712 0.524563 -0.000000 -0.237749 0.532679 -0.812236 28.328800 -0.676374 -0.690951 -0.255157 0.000000 0.000000 0.000000 0.000000 1.000000
-0.743728 0.458022 0.486913 -0.000000 -0.239510 0.497453 -0.833772 28.328800 -0.624103 -0.736720 -0.260269 0.000000 0.000000 0.000000 0.000000 1.000000
-0.646024 0.432793 0.628763 -0.000000 -0.426693 0.478252 -0.767599 28.328800 -0.632919 -0.764176 -0.124293 0.000000 0.000000 0.000000 0.000000 1.000000
-0.429728 0.462193 0.775701 0.000000 -0.674905 0.406297 -0.615976 28.328800 -0.599864 -0.788227 0.137339 0.000000 0.000000 0.000000 0.000000 1.000000
-0.129115 0.571500 0.810381 -0.000000 -0.833930 0.379606 -0.400574 28.328800 -0.536553 -0.727521 0.427579 -0.000000 0.000000 0.000000 0.000000 1.000000
0.274628 0.662294 0.697098 0.000000 -0.854632 0.500368 -0.138697 28.328800 -0.440663 -0.557672 0.703432 0.000000 0.000000 0.000000 0.000000 1.000000
0.652783 0.612659 0.445561 0.000000 -0.696941 0.716211 0.036264 28.328800 -0.296898 -0.334202 0.894517 0.000000 0.000000 0.000000 0.000000 1.000000
0.834784 0.488442 0.254086 -0.000000 -0.511876 0.858485 0.031429 28.328800 -0.202778 -0.156296 0.966671 0.000000 0.000000 0.000000 0.000000 1.000000
0.758363 0.406817 0.509300 0.000000 -0.530863 0.838860 0.120409 28.328800 -0.378247 -0.361682 0.852124 0.000000 0.000000 0.000000 0.000000 1.000000
0.360626 0.306564 0.880890 0.000000 -0.650483 0.759518 0.001976 28.328800 -0.668446 -0.573717 0.473317 -0.000000 0.000000 0.000000 0.000000 1.000000
-0.066685 0.276277 0.958762 0.000000 -0.505017 0.819382 -0.271239 28.328800 -0.860529 -0.502279 0.084884 -0.000000 0.000000 0.000000 0.000000 1.000000
-0.227826 0.364280 0.902993 0.000000 -0.187162 0.893704 -0.407754 28.328800 -0.955545 -0.261903 -0.135430 0.000000 0.000000 0.000000 0.000000 1.000000
-0.213935 0.415012 0.884306 -0.000000 0.026724 0.907412 -0.419391 28.328800 -0.976482 -0.066090 -0.205218 -0.000000 0.000000 0.000000 0.000000 1.000000
-0.448415 0.188310 0.873764 -0.000000 -0.145213 0.949220 -0.279095 28.328800 -0.881951 -0.252032 -0.398299 0.000000 0.000000 0.000000 0.000000 1.000000
-0.371314 0.087051 0.924418 0.000000 -0.254634 0.947879 -0.191540 28.328800 -0.892909 -0.306510 -0.329795 0.000000 0.000000 0.000000 0.000000 1.000000
-0.230090 0.141283 0.962859 0.000000 -0.397348 0.889537 -0.225476 28.328800 -0.888354 -0.434470 -0.148535 0.000000 0.000000 0.000000 0.000000 1.000000
-0.153693 0.213999 0.964667 0.000000 -0.543404 0.797078 -0.263398 28.328800 -0.825282 -0.564686 -0.006218 0.000000 0.000000 0.000000 0.000000 1.000000
-0.166586 0.229861 0.958860 -0.000000 -0.679678 0.677737 -0.280552 28.328800 -0.714344 -0.698452 0.043330 0.000000 0.000000 0.000000 0.000000 1.000000
-0.186371 0.201799 0.961531 0.000000 -0.782020 0.561965 -0.269518 28.328800 -0.594736 -0.802167 0.053077 0.000000 0.000000 0.000000 0.000000 1.000000
-0.029573 0.162777 0.986220 -0.000000 -0.873694 0.475094 -0.104614 28.328800 -0.485576 -0.864748 0.128168 0.000000 0.000000 0.000000 0.000000 1.000000
0.214788 0.267255 0.939383 0.000000 -0.866641 0.495650 0.057143 28.328800 -0.450333 -0.826381 0.338074 -0.000000 0.000000 0.000000 0.000000 1.000000
0.482990 0.369257 0.793958 0.000000 -0.746290 0.647875 0.152676 28.328800 -0.458009 -0.666264 0.588490 -0.000000 0.000000 0.000000 0.000000 1.000000
0.705677 0.326175 0.628991 0.000000 -0.532924 0.829354 0.167821 28.328800 -0.466917 -0.453632 0.759082 0.000000 0.000000 0.000000 0.000000 1.000000
0.850569 0.235445 0.470211 0.000000 -0.305049 0.949260 0.076490 28.328800 -0.428343 -0.208497 0.879233 0.000000 0.000000 0.000000 0.000000 1.000000
0.920811 0.095758 0.378072 -0.000000 -0.102419 0.994738 -0.002501 28.328800 -0.376322 -0.036419 0.925773 0.000000 0.000000 0.000000 0.000000 1.000000
0.939888 0.013288 0.341225 0.000000 0.000198 0.999221 -0.039456 28.328800 -0.341483 0.037152 0.939153 -0.000000 0.000000 0.000000 0.000000 1.000000
0.936407 0.001098 0.350914 0.000000 0.012137 0.999295 -0.035516 28.328800 -0.350705 0.037516 0.935734 -0.000000 0.000000 0.000000 0.000000 1.000000
0.922016 0.060338 0.382420 0.000000 -0.052242 0.998137 -0.031530 28.328800 -0.383610 0.009093 0.923450 -0.000000 0.000000 0.000000 0.000000 1.000000
0.906722 0.155519 0.392005 0.000000 -0.144961 0.987817 -0.056594 28.328800 -0.396031 -0.005510 0.918220 -0.000000 0.000000 0.000000 0.000000 1.000000
0.899656 0.245184 0.361252 -0.000000 -0.223606 0.969423 -0.101090 28.328800 -0.374992 0.010169 0.926972 0.000000 0.000000 0.000000 0.000000 1.000000
0.903356 0.308865 0.297574 -0.000000 -0.277254 0.949902 -0.144275 28.328800 -0.327228 0.047828 0.943734 0.000000 0.000000 0.000000 0.000000 1.000000</float_array>
        <technique_common>
          <accessor source="#mixamorig_RightHand-Matrix-animation-output-transform-array" count="39" stride="16">
            <param type="float4x4"/>
          </accessor>
        </technique_common>
      </source>
      <source id="mixamorig_RightHand-Interpolations">
        <Name_array id="mixamorig_RightHand-Interpolations-array" count="39">
 LINEAR LINEAR LINEAR LINEAR LINEAR LINEAR LINEAR LINEAR LINEAR LINEAR LINEAR
LINEAR LINEAR LINEAR LINEAR LINEAR LINEAR LINEAR LINEAR LINEAR LINEAR LINEAR LINEAR
LINEAR LINEAR LINEAR LINEAR LINEAR LINEAR LINEAR LINEAR LINEAR LINEAR LINEAR LINEAR
LINEAR LINEAR LINEAR LINEAR</Name_array>
        <technique_common>
          <accessor source="#mixamorig_RightHand-Interpolations-array" count="39">
            <param type="name"/>
          </accessor>
        </technique_common>
      </source>
      <sampler id="mixamorig_RightHand-Matrix-animation-transform">
        <input semantic="INPUT" source="#mixamorig_RightHand-Matrix-animation-input"/>
        <input semantic="OUTPUT" source="#mixamorig_RightHand-Matrix-animation-output-transform"/>
        <input semantic="INTERPOLATION" source="#mixamorig_RightHand-Interpolations"/>
      </sampler>
      <channel source="#mixamorig_RightHand-Matrix-animation-transform" target="mixamorig_RightHand/matrix"/>
    </animation>
    <animation id="mixamorig_RightHandThumb1-anim" name="mixamorig_RightHandThumb1">
      <source id="mixamorig_RightHandThumb1-Matrix-animation-input">
        <float_array id="mixamorig_RightHandThumb1-Matrix-animation-input-array" count="39">

0.000000 0.033333 0.066667 0.100000 0.133333 0.166667 0.200000 0.233333 0.266667 0.300000 0.333333 0.366667 0.400000 0.433333 0.466667 0.500000
0.533333 0.566667 0.600000 0.633333 0.666667 0.700000 0.733333 0.766667 0.800000 0.833333 0.866667 0.900000 0.933333 0.966667 1.000000 1.033333
1.066667 1.100000 1.133333 1.166667 1.200000 1.233333 1.266667</float_array>
        <technique_common>
          <accessor source="#mixamorig_RightHandThumb1-Matrix-animation-input-array" count="39">
            <param name="TIME" type="float"/>
          </accessor>
        </technique_common>
      </source>
      <source id="mixamorig_RightHandThumb1-Matrix-animation-output-transform">
        <float_array id="mixamorig_RightHandThumb1-Matrix-animation-output-transform-array" count="624">

0.884491 0.435328 -0.167825 2.681900 -0.466557 0.824585 -0.319976 2.464800 -0.000908 0.361316 0.932443 1.574000 0.000000 0.000000 0.000000 1.000000
0.884491 0.435328 -0.167825 2.681900 -0.466556 0.824585 -0.319976 2.464800 -0.000908 0.361316 0.932443 1.574000 0.000000 0.000000 0.000000 1.000000
0.884491 0.435328 -0.167825 2.681900 -0.466556 0.824585 -0.319976 2.464800 -0.000908 0.361316 0.932443 1.574000 0.000000 0.000000 0.000000 1.000000
0.884491 0.435328 -0.167825 2.681900 -0.466557 0.824585 -0.319976 2.464800 -0.000909 0.361316 0.932443 1.574000 0.000000 0.000000 0.000000 1.000000
0.884491 0.435328 -0.167825 2.681900 -0.466557 0.824585 -0.319976 2.464800 -0.000909 0.361316 0.932443 1.574000 0.000000 0.000000 0.000000 1.000000
0.884491 0.435328 -0.167825 2.681900 -0.466557 0.824585 -0.319976 2.464800 -0.000909 0.361316 0.932443 1.574000 0.000000 0.000000 0.000000 1.000000
0.884491 0.435328 -0.167825 2.681900 -0.466556 0.824585 -0.319976 2.464800 -0.000908 0.361316 0.932443 1.574000 0.000000 0.000000 0.000000 1.000000
0.884491 0.435328 -0.167825 2.681900 -0.466557 0.824585 -0.319976 2.464800 -0.000908 0.361315 0.932443 1.574000 0.000000 0.000000 0.000000 1.000000
0.884491 0.435328 -0.167825 2.681900 -0.466557 0.824585 -0.319976 2.464800 -0.000909 0.361316 0.932443 1.574000 0.000000 0.000000 0.000000 1.000000
0.884491 0.435328 -0.167825 2.681900 -0.466557 0.824585 -0.319976 2.464800 -0.000908 0.361316 0.932443 1.574000 0.000000 0.000000 0.000000 1.000000
0.884491 0.435328 -0.167825 2.681900 -0.466556 0.824585 -0.319976 2.464800 -0.000909 0.361315 0.932443 1.574000 0.000000 0.000000 0.000000 1.000000
0.884491 0.435328 -0.167825 2.681900 -0.466556 0.824585 -0.319976 2.464800 -0.000908 0.361316 0.932443 1.574000 0.000000 0.000000 0.000000 1.000000
0.884491 0.435328 -0.167825 2.681900 -0.466557 0.824585 -0.319976 2.464800 -0.000908 0.361316 0.932443 1.574000 0.000000 0.000000 0.000000 1.000000
0.884491 0.435328 -0.167825 2.681900 -0.466557 0.824585 -0.319976 2.464800 -0.000908 0.361316 0.932443 1.574000 0.000000 0.000000 0.000000 1.000000
0.884491 0.435328 -0.167825 2.681900 -0.466557 0.824585 -0.319976 2.464800 -0.000908 0.361316 0.932443 1.574000 0.000000 0.000000 0.000000 1.000000
0.884491 0.435328 -0.167825 2.681900 -0.466556 0.824585 -0.319976 2.464800 -0.000908 0.361316 0.932443 1.574000 0.000000 0.000000 0.000000 1.000000
0.884491 0.435328 -0.167825 2.681900 -0.466557 0.824585 -0.319975 2.464800 -0.000908 0.361315 0.932443 1.574000 0.000000 0.000000 0.000000 1.000000
0.884491 0.435328 -0.167825 2.681900 -0.466557 0.824585 -0.319976 2.464800 -0.000908 0.361316 0.932443 1.574000 0.000000 0.000000 0.000000 1.000000
0.884491 0.435328 -0.167825 2.681900 -0.466556 0.824585 -0.319976 2.464800 -0.000908 0.361316 0.932443 1.574000 0.000000 0.000000 0.000000 1.000000
0.884491 0.435328 -0.167825 2.681900 -0.466556 0.824585 -0.319976 2.464800 -0.000909 0.361316 0.932443 1.574000 0.000000 0.000000 0.000000 1.000000
0.884491 0.435328 -0.167825 2.681900 -0.466557 0.824585 -0.319976 2.464800 -0.000909 0.361316 0.932443 1.574000 0.000000 0.000000 0.000000 1.000000
0.884491 0.435328 -0.167825 2.681900 -0.466557 0.824585 -0.319976 2.464800 -0.000908 0.361316 0.932443 1.574000 0.000000 0.000000 0.000000 1.000000
0.884491 0.435328 -0.167825 2.681900 -0.466557 0.824585 -0.319976 2.464800 -0.000908 0.361316 0.932443 1.574000 0.000000 0.000000 0.000000 1.000000
0.884491 0.435328 -0.167825 2.681900 -0.466556 0.824585 -0.319976 2.464800 -0.000908 0.361316 0.932443 1.574000 0.000000 0.000000 0.000000 1.000000
0.884491 0.435328 -0.167825 2.681900 -0.466557 0.824585 -0.319976 2.464800 -0.000909 0.361316 0.932443 1.574000 0.000000 0.000000 0.000000 1.000000
0.884491 0.435328 -0.167825 2.681900 -0.466556 0.824585 -0.319976 2.464800 -0.000908 0.361316 0.932443 1.574000 0.000000 0.000000 0.000000 1.000000
0.884491 0.435328 -0.167825 2.681900 -0.466556 0.824585 -0.319976 2.464800 -0.000908 0.361316 0.932443 1.574000 0.000000 0.000000 0.000000 1.000000
0.884491 0.435328 -0.167825 2.681900 -0.466557 0.824585 -0.319976 2.464800 -0.000908 0.361316 0.932443 1.574000 0.000000 0.000000 0.000000 1.000000
0.884491 0.435328 -0.167825 2.681900 -0.466557 0.824585 -0.319976 2.464800 -0.000909 0.361316 0.932443 1.574000 0.000000 0.000000 0.000000 1.000000
0.884491 0.435328 -0.167825 2.681900 -0.466557 0.824585 -0.319976 2.464800 -0.000908 0.361316 0.932443 1.574000 0.000000 0.000000 0.000000 1.000000
0.884491 0.435328 -0.167825 2.681900 -0.466557 0.824585 -0.319976 2.464800 -0.000908 0.361316 0.932443 1.574000 0.000000 0.000000 0.000000 1.000000
0.884491 0.435328 -0.167825 2.681900 -0.466557 0.824585 -0.319976 2.464800 -0.000909 0.361316 0.932443 1.574000 0.000000 0.000000 0.000000 1.000000
0.884491 0.435328 -0.167825 2.681900 -0.466557 0.824585 -0.319976 2.464800 -0.000908 0.361316 0.932443 1.574000 0.000000 0.000000 0.000000 1.000000
0.884491 0.435328 -0.167825 2.681900 -0.466556 0.824585 -0.319976 2.464800 -0.000908 0.361316 0.932443 1.574000 0.000000 0.000000 0.000000 1.000000
0.884491 0.435328 -0.167825 2.681900 -0.466557 0.824585 -0.319976 2.464800 -0.000908 0.361316 0.932443 1.574000 0.000000 0.000000 0.000000 1.000000
0.884491 0.435328 -0.167825 2.681900 -0.466557 0.824585 -0.319976 2.464800 -0.000908 0.361316 0.932443 1.574000 0.000000 0.000000 0.000000 1.000000
0.884491 0.435328 -0.167825 2.681900 -0.466556 0.824585 -0.319976 2.464800 -0.000909 0.361316 0.932443 1.574000 0.000000 0.000000 0.000000 1.000000
0.884491 0.435328 -0.167825 2.681900 -0.466557 0.824585 -0.319976 2.464800 -0.000908 0.361316 0.932443 1.574000 0.000000 0.000000 0.000000 1.000000
0.884491 0.435328 -0.167825 2.681900 -0.466557 0.824585 -0.319976 2.464800 -0.000909 0.361316 0.932443 1.574000 0.000000 0.000000 0.000000 1.000000</float_array>
        <technique_common>
          <accessor source="#mixamorig_RightHandThumb1-Matrix-animation-output-transform-array" count="39" stride="16">
            <param type="float4x4"/>
          </accessor>
        </technique_common>
      </source>
      <source id="mixamorig_RightHandThumb1-Interpolations">
        <Name_array id="mixamorig_RightHandThumb1-Interpolations-array" count="39">
 LINEAR LINEAR LINEAR LINEAR LINEAR LINEAR LINEAR LINEAR LINEAR LINEAR LINEAR
LINEAR LINEAR LINEAR LINEAR LINEAR LINEAR LINEAR LINEAR LINEAR LINEAR LINEAR LINEAR
LINEAR LINEAR LINEAR LINEAR LINEAR LINEAR LINEAR LINEAR LINEAR LINEAR LINEAR LINEAR
LINEAR LINEAR LINEAR LINEAR</Name_array>
        <technique_common>
          <accessor source="#mixamorig_RightHandThumb1-Interpolations-array" count="39">
            <param type="name"/>
          </accessor>
        </technique_common>
      </source>
      <sampler id="mixamorig_RightHandThumb1-Matrix-animation-transform">
        <input semantic="INPUT" source="#mixamorig_RightHandThumb1-Matrix-animation-input"/>
        <input semantic="OUTPUT" source="#mixamorig_RightHandThumb1-Matrix-animation-output-transform"/>
        <input semantic="INTERPOLATION" source="#mixamorig_RightHandThumb1-Interpolations"/>
      </sampler>
      <channel source="#mixamorig_RightHandThumb1-Matrix-animation-transform" target="mixamorig_RightHandThumb1/matrix"/>
    </animation>
    <animation id="mixamorig_RightHandThumb2-anim" name="mixamorig_RightHandThumb2">
      <source id="mixamorig_RightHandThumb2-Matrix-animation-input">
        <float_array id="mixamorig_RightHandThumb2-Matrix-animation-input-array" count="39">

0.000000 0.033333 0.066667 0.100000 0.133333 0.166667 0.200000 0.233333 0.266667 0.300000 0.333333 0.366667 0.400000 0.433333 0.466667 0.500000
0.533333 0.566667 0.600000 0.633333 0.666667 0.700000 0.733333 0.766667 0.800000 0.833333 0.866667 0.900000 0.933333 0.966667 1.000000 1.033333
1.066667 1.100000 1.133333 1.166667 1.200000 1.233333 1.266667</float_array>
        <technique_common>
          <accessor source="#mixamorig_RightHandThumb2-Matrix-animation-input-array" count="39">
            <param name="TIME" type="float"/>
          </accessor>
        </technique_common>
      </source>
      <source id="mixamorig_RightHandThumb2-Matrix-animation-output-transform">
        <float_array id="mixamorig_RightHandThumb2-Matrix-animation-output-transform-array" count="624">

0.688931 -0.673090 0.268930 0.000000 0.680488 0.728398 0.079830 4.189000 -0.249621 0.128006 0.959846 0.000000 0.000000 0.000000 0.000000 1.000000
0.688932 -0.673090 0.268929 0.000000 0.680487 0.728398 0.079830 4.189000 -0.249620 0.128006 0.959846 -0.000000 0.000000 0.000000 0.000000 1.000000
0.688931 -0.673090 0.268930 0.000000 0.680487 0.728398 0.079830 4.189000 -0.249620 0.128006 0.959846 0.000000 0.000000 0.000000 0.000000 1.000000
0.688931 -0.673091 0.268929 -0.000000 0.680488 0.728398 0.079830 4.189000 -0.249620 0.128006 0.959846 0.000000 0.000000 0.000000 0.000000 1.000000
0.688931 -0.673091 0.268929 0.000000 0.680488 0.728398 0.079830 4.189000 -0.249620 0.128005 0.959846 0.000000 0.000000 0.000000 0.000000 1.000000
0.688931 -0.673090 0.268929 0.000000 0.680488 0.728398 0.079830 4.189000 -0.249620 0.128006 0.959846 -0.000000 0.000000 0.000000 0.000000 1.000000
0.688931 -0.673090 0.268929 -0.000000 0.680488 0.728398 0.079830 4.189000 -0.249620 0.128006 0.959846 -0.000000 0.000000 0.000000 0.000000 1.000000
0.688931 -0.673091 0.268929 0.000000 0.680488 0.728398 0.079830 4.189000 -0.249620 0.128006 0.959846 -0.000000 0.000000 0.000000 0.000000 1.000000
0.688931 -0.673090 0.268929 0.000000 0.680488 0.728398 0.079830 4.189000 -0.249620 0.128006 0.959846 -0.000000 0.000000 0.000000 0.000000 1.000000
0.688931 -0.673090 0.268929 0.000000 0.680487 0.728398 0.079830 4.189000 -0.249620 0.128006 0.959846 -0.000000 0.000000 0.000000 0.000000 1.000000
0.688931 -0.673090 0.268929 0.000000 0.680487 0.728398 0.079830 4.189000 -0.249620 0.128006 0.959846 -0.000000 0.000000 0.000000 0.000000 1.000000
0.688931 -0.673090 0.268929 0.000000 0.680488 0.728398 0.079830 4.189000 -0.249620 0.128006 0.959846 0.000000 0.000000 0.000000 0.000000 1.000000
0.688931 -0.673090 0.268929 0.000000 0.680488 0.728398 0.079830 4.189000 -0.249620 0.128006 0.959846 -0.000000 0.000000 0.000000 0.000000 1.000000
0.688931 -0.673090 0.268929 0.000000 0.680488 0.728398 0.079830 4.189000 -0.249620 0.128006 0.959846 0.000000 0.000000 0.000000 0.000000 1.000000
0.688931 -0.673090 0.268929 0.000000 0.680488 0.728398 0.079830 4.189000 -0.249620 0.128006 0.959846 0.000000 0.000000 0.000000 0.000000 1.000000
0.688931 -0.673090 0.268929 0.000000 0.680487 0.728398 0.079830 4.189000 -0.249620 0.128006 0.959846 0.000000 0.000000 0.000000 0.000000 1.000000
0.688931 -0.673090 0.268929 0.000000 0.680488 0.728398 0.079830 4.189000 -0.249620 0.128006 0.959846 0.000000 0.000000 0.000000 0.000000 1.000000
0.688931 -0.673090 0.268929 0.000000 0.680488 0.728398 0.079830 4.189000 -0.249620 0.128006 0.959846 0.000000 0.000000 0.000000 0.000000 1.000000
0.688931 -0.673090 0.268929 0.000000 0.680488 0.728398 0.079830 4.189000 -0.249620 0.128006 0.959846 -0.000000 0.000000 0.000000 0.000000 1.000000
0.688931 -0.673090 0.268929 0.000000 0.680488 0.728398 0.079830 4.189000 -0.249620 0.128006 0.959846 -0.000000 0.000000 0.000000 0.000000 1.000000
0.688931 -0.673090 0.268929 0.000000 0.680488 0.728398 0.079830 4.189000 -0.249620 0.128006 0.959846 0.000000 0.000000 0.000000 0.000000 1.000000
0.688931 -0.673090 0.268929 0.000000 0.680487 0.728398 0.079830 4.189000 -0.249620 0.128005 0.959846 -0.000000 0.000000 0.000000 0.000000 1.000000
0.688931 -0.673091 0.268929 0.000000 0.680488 0.728398 0.079830 4.189000 -0.249620 0.128006 0.959846 0.000000 0.000000 0.000000 0.000000 1.000000
0.688931 -0.673090 0.268929 -0.000000 0.680487 0.728398 0.079830 4.189000 -0.249620 0.128006 0.959846 0.000000 0.000000 0.000000 0.000000 1.000000
0.688931 -0.673090 0.268929 -0.000000 0.680488 0.728398 0.079830 4.189000 -0.249620 0.128005 0.959846 0.000000 0.000000 0.000000 0.000000 1.000000
0.688931 -0.673090 0.268929 -0.000000 0.680488 0.728398 0.079830 4.189000 -0.249620 0.128006 0.959846 -0.000000 0.000000 0.000000 0.000000 1.000000
0.688931 -0.673090 0.268929 -0.000000 0.680488 0.728398 0.079830 4.189000 -0.249620 0.128006 0.959846 0.000000 0.000000 0.000000 0.000000 1.000000
0.688931 -0.673091 0.268929 0.000000 0.680488 0.728398 0.079830 4.189000 -0.249620 0.128006 0.959846 -0.000000 0.000000 0.000000 0.000000 1.000000
0.688931 -0.673091 0.268929 0.000000 0.680488 0.728398 0.079830 4.189000 -0.249620 0.128006 0.959846 0.000000 0.000000 0.000000 0.000000 1.000000
0.688931 -0.673090 0.268929 -0.000000 0.680488 0.728398 0.079830 4.189000 -0.249620 0.128006 0.959846 0.000000 0.000000 0.000000 0.000000 1.000000
0.688931 -0.673090 0.268929 0.000000 0.680488 0.728398 0.079830 4.189000 -0.249620 0.128006 0.959846 -0.000000 0.000000 0.000000 0.000000 1.000000
0.688931 -0.673090 0.268929 0.000000 0.680488 0.728398 0.079830 4.189000 -0.249620 0.128006 0.959846 -0.000000 0.000000 0.000000 0.000000 1.000000
0.688931 -0.673090 0.268930 0.000000 0.680488 0.728398 0.079830 4.189000 -0.249621 0.128006 0.959846 0.000000 0.000000 0.000000 0.000000 1.000000
0.688931 -0.673090 0.268930 0.000000 0.680488 0.728398 0.079830 4.189000 -0.249620 0.128006 0.959846 0.000000 0.000000 0.000000 0.000000 1.000000
0.688931 -0.673091 0.268929 -0.000000 0.680488 0.728398 0.079830 4.189000 -0.249620 0.128006 0.959846 -0.000000 0.000000 0.000000 0.000000 1.000000
0.688931 -0.673091 0.268929 0.000000 0.680488 0.728398 0.079830 4.189000 -0.249620 0.128006 0.959846 0.000000 0.000000 0.000000 0.000000 1.000000
0.688931 -0.673091 0.268929 -0.000000 0.680488 0.728398 0.079830 4.189000 -0.249620 0.128006 0.959846 -0.000000 0.000000 0.000000 0.000000 1.000000
0.688931 -0.673090 0.268929 0.000000 0.680488 0.728398 0.079830 4.189000 -0.249620 0.128006 0.959846 -0.000000 0.000000 0.000000 0.000000 1.000000
0.688931 -0.673090 0.268929 0.000000 0.680488 0.728398 0.079830 4.189000 -0.249620 0.128006 0.959846 0.000000 0.000000 0.000000 0.000000 1.000000</float_array>
        <technique_common>
          <accessor source="#mixamorig_RightHandThumb2-Matrix-animation-output-transform-array" count="39" stride="16">
            <param type="float4x4"/>
          </accessor>
        </technique_common>
      </source>
      <source id="mixamorig_RightHandThumb2-Interpolations">
        <Name_array id="mixamorig_RightHandThumb2-Interpolations-array" count="39">
 LINEAR LINEAR LINEAR LINEAR LINEAR LINEAR LINEAR LINEAR LINEAR LINEAR LINEAR
LINEAR LINEAR LINEAR LINEAR LINEAR LINEAR LINEAR LINEAR LINEAR LINEAR LINEAR LINEAR
LINEAR LINEAR LINEAR LINEAR LINEAR LINEAR LINEAR LINEAR LINEAR LINEAR LINEAR LINEAR
LINEAR LINEAR LINEAR LINEAR</Name_array>
        <technique_common>
          <accessor source="#mixamorig_RightHandThumb2-Interpolations-array" count="39">
            <param type="name"/>
          </accessor>
        </technique_common>
      </source>
      <sampler id="mixamorig_RightHandThumb2-Matrix-animation-transform">
        <input semantic="INPUT" source="#mixamorig_RightHandThumb2-Matrix-animation-input"/>
        <input semantic="OUTPUT" source="#mixamorig_RightHandThumb2-Matrix-animation-output-transform"/>
        <input semantic="INTERPOLATION" source="#mixamorig_RightHandThumb2-Interpolations"/>
      </sampler>
      <channel source="#mixamorig_RightHandThumb2-Matrix-animation-transform" target="mixamorig_RightHandThumb2/matrix"/>
    </animation>
    <animation id="mixamorig_RightHandThumb3-anim" name="mixamorig_RightHandThumb3">
      <source id="mixamorig_RightHandThumb3-Matrix-animation-input">
        <float_array id="mixamorig_RightHandThumb3-Matrix-animation-input-array" count="39">

0.000000 0.033333 0.066667 0.100000 0.133333 0.166667 0.200000 0.233333 0.266667 0.300000 0.333333 0.366667 0.400000 0.433333 0.466667 0.500000
0.533333 0.566667 0.600000 0.633333 0.666667 0.700000 0.733333 0.766667 0.800000 0.833333 0.866667 0.900000 0.933333 0.966667 1.000000 1.033333
1.066667 1.100000 1.133333 1.166667 1.200000 1.233333 1.266667</float_array>
        <technique_common>
          <accessor source="#mixamorig_RightHandThumb3-Matrix-animation-input-array" count="39">
            <param name="TIME" type="float"/>
          </accessor>
        </technique_common>
      </source>
      <source id="mixamorig_RightHandThumb3-Matrix-animation-output-transform">
        <float_array id="mixamorig_RightHandThumb3-Matrix-animation-output-transform-array" count="624">

0.597285 -0.792389 -0.123978 0.000000 0.800926 0.597399 0.040398 3.416300 0.042053 -0.123426 0.991462 0.000000 0.000000 0.000000 0.000000 1.000000
0.597285 -0.792389 -0.123978 0.000000 0.800926 0.597399 0.040398 3.416300 0.042053 -0.123426 0.991462 0.000000 0.000000 0.000000 0.000000 1.000000
0.597285 -0.792389 -0.123978 -0.000000 0.800926 0.597399 0.040398 3.416300 0.042053 -0.123426 0.991462 0.000000 0.000000 0.000000 0.000000 1.000000
0.597285 -0.792389 -0.123978 -0.000000 0.800926 0.597399 0.040398 3.416300 0.042053 -0.123426 0.991462 -0.000000 0.000000 0.000000 0.000000 1.000000
0.597285 -0.792389 -0.123978 0.000000 0.800926 0.597399 0.040398 3.416300 0.042053 -0.123427 0.991462 -0.000000 0.000000 0.000000 0.000000 1.000000
0.597285 -0.792389 -0.123978 -0.000000 0.800926 0.597399 0.040398 3.416300 0.042053 -0.123426 0.991462 0.000000 0.000000 0.000000 0.000000 1.000000
0.597285 -0.792389 -0.123978 0.000000 0.800926 0.597399 0.040399 3.416300 0.042053 -0.123427 0.991462 -0.000000 0.000000 0.000000 0.000000 1.000000
0.597285 -0.792389 -0.123978 0.000000 0.800926 0.597399 0.040398 3.416300 0.042053 -0.123426 0.991462 0.000000 0.000000 0.000000 0.000000 1.000000
0.597285 -0.792389 -0.123978 0.000000 0.800926 0.597400 0.040399 3.416300 0.042053 -0.123426 0.991462 0.000000 0.000000 0.000000 0.000000 1.000000
0.597285 -0.792389 -0.123978 0.000000 0.800926 0.597399 0.040398 3.416300 0.042053 -0.123426 0.991462 0.000000 0.000000 0.000000 0.000000 1.000000
0.597285 -0.792389 -0.123978 0.000000 0.800926 0.597399 0.040398 3.416300 0.042053 -0.123426 0.991462 0.000000 0.000000 0.000000 0.000000 1.000000
0.597285 -0.792389 -0.123978 0.000000 0.800926 0.597399 0.040398 3.416300 0.042053 -0.123427 0.991462 0.000000 0.000000 0.000000 0.000000 1.000000
0.597285 -0.792389 -0.123978 -0.000000 0.800926 0.597399 0.040398 3.416300 0.042053 -0.123426 0.991462 0.000000 0.000000 0.000000 0.000000 1.000000
0.597285 -0.792389 -0.123978 0.000000 0.800926 0.597400 0.040398 3.416300 0.042053 -0.123427 0.991462 0.000000 0.000000 0.000000 0.000000 1.000000
0.597285 -0.792389 -0.123978 -0.000000 0.800926 0.597400 0.040398 3.416300 0.042053 -0.123426 0.991462 0.000000 0.000000 0.000000 0.000000 1.000000
0.597285 -0.792389 -0.123978 0.000000 0.800926 0.597399 0.040398 3.416300 0.042053 -0.123426 0.991462 0.000000 0.000000 0.000000 0.000000 1.000000
0.597285 -0.792389 -0.123978 0.000000 0.800926 0.597399 0.040398 3.416300 0.042053 -0.123426 0.991462 0.000000 0.000000 0.000000 0.000000 1.000000
0.597285 -0.792389 -0.123978 0.000000 0.800926 0.597399 0.040398 3.416300 0.042053 -0.123426 0.991462 0.000000 0.000000 0.000000 0.000000 1.000000
0.597285 -0.792389 -0.123978 0.000000 0.800926 0.597399 0.040398 3.416300 0.042053 -0.123426 0.991462 0.000000 0.000000 0.000000 0.000000 1.000000
0.597285 -0.792389 -0.123978 -0.000000 0.800926 0.597399 0.040399 3.416300 0.042053 -0.123427 0.991462 0.000000 0.000000 0.000000 0.000000 1.000000
0.597285 -0.792389 -0.123978 0.000000 0.800926 0.597399 0.040399 3.416300 0.042053 -0.123427 0.991462 0.000000 0.000000 0.000000 0.000000 1.000000
0.597285 -0.792389 -0.123978 0.000000 0.800926 0.597399 0.040398 3.416300 0.042053 -0.123426 0.991462 0.000000 0.000000 0.000000 0.000000 1.000000
0.597285 -0.792389 -0.123978 0.000000 0.800926 0.597399 0.040399 3.416300 0.042053 -0.123427 0.991462 0.000000 0.000000 0.000000 0.000000 1.000000
0.597285 -0.792389 -0.123978 0.000000 0.800926 0.597400 0.040399 3.416300 0.042053 -0.123427 0.991462 0.000000 0.000000 0.000000 0.000000 1.000000
0.597285 -0.792389 -0.123978 0.000000 0.800926 0.597399 0.040398 3.416300 0.042053 -0.123426 0.991462 0.000000 0.000000 0.000000 0.000000 1.000000
0.597285 -0.792389 -0.123978 0.000000 0.800926 0.597399 0.040398 3.416300 0.042053 -0.123426 0.991462 0.000000 0.000000 0.000000 0.000000 1.000000
0.597285 -0.792389 -0.123978 0.000000 0.800926 0.597399 0.040398 3.416300 0.042053 -0.123426 0.991462 0.000000 0.000000 0.000000 0.000000 1.000000
0.597285 -0.792389 -0.123978 -0.000000 0.800926 0.597399 0.040398 3.416300 0.042053 -0.123426 0.991462 0.000000 0.000000 0.000000 0.000000 1.000000
0.597285 -0.792389 -0.123978 0.000000 0.800926 0.597399 0.040399 3.416300 0.042053 -0.123427 0.991462 -0.000000 0.000000 0.000000 0.000000 1.000000
0.597285 -0.792389 -0.123978 0.000000 0.800926 0.597399 0.040398 3.416300 0.042053 -0.123426 0.991462 -0.000000 0.000000 0.000000 0.000000 1.000000
0.597285 -0.792389 -0.123978 0.000000 0.800926 0.597399 0.040399 3.416300 0.042053 -0.123426 0.991462 0.000000 0.000000 0.000000 0.000000 1.000000
0.597285 -0.792389 -0.123978 0.000000 0.800926 0.597399 0.040398 3.416300 0.042053 -0.123426 0.991462 -0.000000 0.000000 0.000000 0.000000 1.000000
0.597285 -0.792389 -0.123978 0.000000 0.800926 0.597399 0.040398 3.416300 0.042053 -0.123427 0.991462 0.000000 0.000000 0.000000 0.000000 1.000000
0.597285 -0.792389 -0.123978 0.000000 0.800926 0.597399 0.040399 3.416300 0.042053 -0.123426 0.991462 -0.000000 0.000000 0.000000 0.000000 1.000000
0.597285 -0.792389 -0.123978 0.000000 0.800926 0.597399 0.040398 3.416300 0.042053 -0.123426 0.991462 0.000000 0.000000 0.000000 0.000000 1.000000
0.597285 -0.792389 -0.123978 0.000000 0.800926 0.597399 0.040398 3.416300 0.042053 -0.123426 0.991462 0.000000 0.000000 0.000000 0.000000 1.000000
0.597285 -0.792389 -0.123978 0.000000 0.800926 0.597399 0.040398 3.416300 0.042053 -0.123426 0.991462 -0.000000 0.000000 0.000000 0.000000 1.000000
0.597285 -0.792389 -0.123978 0.000000 0.800926 0.597399 0.040399 3.416300 0.042053 -0.123426 0.991462 -0.000000 0.000000 0.000000 0.000000 1.000000
0.597285 -0.792389 -0.123978 0.000000 0.800926 0.597399 0.040399 3.416300 0.042053 -0.123427 0.991462 -0.000000 0.000000 0.000000 0.000000 1.000000</float_array>
        <technique_common>
          <accessor source="#mixamorig_RightHandThumb3-Matrix-animation-output-transform-array" count="39" stride="16">
            <param type="float4x4"/>
          </accessor>
        </technique_common>
      </source>
      <source id="mixamorig_RightHandThumb3-Interpolations">
        <Name_array id="mixamorig_RightHandThumb3-Interpolations-array" count="39">
 LINEAR LINEAR LINEAR LINEAR LINEAR LINEAR LINEAR LINEAR LINEAR LINEAR LINEAR
LINEAR LINEAR LINEAR LINEAR LINEAR LINEAR LINEAR LINEAR LINEAR LINEAR LINEAR LINEAR
LINEAR LINEAR LINEAR LINEAR LINEAR LINEAR LINEAR LINEAR LINEAR LINEAR LINEAR LINEAR
LINEAR LINEAR LINEAR LINEAR</Name_array>
        <technique_common>
          <accessor source="#mixamorig_RightHandThumb3-Interpolations-array" count="39">
            <param type="name"/>
          </accessor>
        </technique_common>
      </source>
      <sampler id="mixamorig_RightHandThumb3-Matrix-animation-transform">
        <input semantic="INPUT" source="#mixamorig_RightHandThumb3-Matrix-animation-input"/>
        <input semantic="OUTPUT" source="#mixamorig_RightHandThumb3-Matrix-animation-output-transform"/>
        <input semantic="INTERPOLATION" source="#mixamorig_RightHandThumb3-Interpolations"/>
      </sampler>
      <channel source="#mixamorig_RightHandThumb3-Matrix-animation-transform" target="mixamorig_RightHandThumb3/matrix"/>
    </animation>
    <animation id="mixamorig_RightHandIndex1-anim" name="mixamorig_RightHandIndex1">
      <source id="mixamorig_RightHandIndex1-Matrix-animation-input">
        <float_array id="mixamorig_RightHandIndex1-Matrix-animation-input-array" count="39">

0.000000 0.033333 0.066667 0.100000 0.133333 0.166667 0.200000 0.233333 0.266667 0.300000 0.333333 0.366667 0.400000 0.433333 0.466667 0.500000
0.533333 0.566667 0.600000 0.633333 0.666667 0.700000 0.733333 0.766667 0.800000 0.833333 0.866667 0.900000 0.933333 0.966667 1.000000 1.033333
1.066667 1.100000 1.133333 1.166667 1.200000 1.233333 1.266667</float_array>
        <technique_common>
          <accessor source="#mixamorig_RightHandIndex1-Matrix-animation-input-array" count="39">
            <param name="TIME" type="float"/>
          </accessor>
        </technique_common>
      </source>
      <source id="mixamorig_RightHandIndex1-Matrix-animation-output-transform">
        <float_array id="mixamorig_RightHandIndex1-Matrix-animation-output-transform-array" count="624">

0.955889 -0.160902 -0.245738 2.259800 0.006924 0.848727 -0.528786 9.108300 0.293647 0.503759 0.812403 0.517900 0.000000 0.000000 0.000000 1.000000
0.955889 -0.160901 -0.245738 2.259800 0.006924 0.848727 -0.528786 9.108300 0.293647 0.503759 0.812403 0.517900 0.000000 0.000000 0.000000 1.000000
0.955889 -0.160902 -0.245738 2.259800 0.006924 0.848727 -0.528786 9.108300 0.293647 0.503759 0.812403 0.517900 0.000000 0.000000 0.000000 1.000000
0.955889 -0.160902 -0.245738 2.259800 0.006924 0.848727 -0.528786 9.108300 0.293647 0.503760 0.812402 0.517900 0.000000 0.000000 0.000000 1.000000
0.955889 -0.160902 -0.245738 2.259800 0.006924 0.848727 -0.528786 9.108300 0.293647 0.503759 0.812403 0.517900 0.000000 0.000000 0.000000 1.000000
0.955889 -0.160902 -0.245738 2.259800 0.006924 0.848727 -0.528786 9.108300 0.293647 0.503759 0.812402 0.517900 0.000000 0.000000 0.000000 1.000000
0.955889 -0.160902 -0.245738 2.259800 0.006924 0.848727 -0.528786 9.108300 0.293647 0.503760 0.812403 0.517900 0.000000 0.000000 0.000000 1.000000
0.955889 -0.160902 -0.245738 2.259800 0.006924 0.848727 -0.528786 9.108300 0.293647 0.503759 0.812403 0.517900 0.000000 0.000000 0.000000 1.000000
0.955889 -0.160901 -0.245738 2.259800 0.006924 0.848727 -0.528786 9.108300 0.293647 0.503760 0.812403 0.517900 0.000000 0.000000 0.000000 1.000000
0.955889 -0.160902 -0.245738 2.259800 0.006924 0.848727 -0.528787 9.108300 0.293647 0.503760 0.812402 0.517900 0.000000 0.000000 0.000000 1.000000
0.955889 -0.160902 -0.245738 2.259800 0.006924 0.848727 -0.528786 9.108300 0.293647 0.503759 0.812403 0.517900 0.000000 0.000000 0.000000 1.000000
0.955889 -0.160902 -0.245738 2.259800 0.006924 0.848727 -0.528786 9.108300 0.293647 0.503760 0.812403 0.517900 0.000000 0.000000 0.000000 1.000000
0.955889 -0.160902 -0.245738 2.259800 0.006924 0.848727 -0.528787 9.108300 0.293647 0.503760 0.812402 0.517900 0.000000 0.000000 0.000000 1.000000
0.955889 -0.160902 -0.245738 2.259800 0.006924 0.848727 -0.528786 9.108300 0.293647 0.503759 0.812402 0.517900 0.000000 0.000000 0.000000 1.000000
0.955889 -0.160902 -0.245738 2.259800 0.006924 0.848727 -0.528786 9.108300 0.293647 0.503759 0.812402 0.517900 0.000000 0.000000 0.000000 1.000000
0.955889 -0.160902 -0.245738 2.259800 0.006924 0.848727 -0.528786 9.108300 0.293647 0.503760 0.812402 0.517900 0.000000 0.000000 0.000000 1.000000
0.955889 -0.160902 -0.245738 2.259800 0.006924 0.848727 -0.528786 9.108300 0.293647 0.503759 0.812403 0.517900 0.000000 0.000000 0.000000 1.000000
0.955889 -0.160902 -0.245738 2.259800 0.006924 0.848727 -0.528786 9.108300 0.293647 0.503759 0.812403 0.517900 0.000000 0.000000 0.000000 1.000000
0.955889 -0.160902 -0.245738 2.259800 0.006924 0.848727 -0.528786 9.108300 0.293647 0.503759 0.812403 0.517900 0.000000 0.000000 0.000000 1.000000
0.955889 -0.160902 -0.245738 2.259800 0.006924 0.848727 -0.528786 9.108300 0.293647 0.503759 0.812403 0.517900 0.000000 0.000000 0.000000 1.000000
0.955889 -0.160901 -0.245738 2.259800 0.006924 0.848727 -0.528786 9.108300 0.293647 0.503759 0.812403 0.517900 0.000000 0.000000 0.000000 1.000000
0.955889 -0.160902 -0.245738 2.259800 0.006924 0.848727 -0.528786 9.108300 0.293647 0.503759 0.812403 0.517900 0.000000 0.000000 0.000000 1.000000
0.955889 -0.160902 -0.245738 2.259800 0.006924 0.848727 -0.528786 9.108300 0.293647 0.503759 0.812403 0.517900 0.000000 0.000000 0.000000 1.000000
0.955889 -0.160902 -0.245738 2.259800 0.006924 0.848727 -0.528786 9.108300 0.293647 0.503760 0.812402 0.517900 0.000000 0.000000 0.000000 1.000000
0.955889 -0.160901 -0.245738 2.259800 0.006924 0.848727 -0.528786 9.108300 0.293647 0.503759 0.812403 0.517900 0.000000 0.000000 0.000000 1.000000
0.955889 -0.160902 -0.245738 2.259800 0.006924 0.848727 -0.528786 9.108300 0.293647 0.503759 0.812403 0.517900 0.000000 0.000000 0.000000 1.000000
0.955889 -0.160902 -0.245738 2.259800 0.006924 0.848727 -0.528787 9.108300 0.293647 0.503760 0.812403 0.517900 0.000000 0.000000 0.000000 1.000000
0.955889 -0.160901 -0.245738 2.259800 0.006924 0.848727 -0.528786 9.108300 0.293647 0.503759 0.812403 0.517900 0.000000 0.000000 0.000000 1.000000
0.955889 -0.160901 -0.245738 2.259800 0.006924 0.848727 -0.528786 9.108300 0.293647 0.503759 0.812403 0.517900 0.000000 0.000000 0.000000 1.000000
0.955889 -0.160902 -0.245738 2.259800 0.006924 0.848727 -0.528786 9.108300 0.293647 0.503760 0.812402 0.517900 0.000000 0.000000 0.000000 1.000000
0.955889 -0.160901 -0.245738 2.259800 0.006924 0.848727 -0.528786 9.108300 0.293647 0.503759 0.812403 0.517900 0.000000 0.000000 0.000000 1.000000
0.955889 -0.160902 -0.245738 2.259800 0.006924 0.848727 -0.528786 9.108300 0.293647 0.503759 0.812403 0.517900 0.000000 0.000000 0.000000 1.000000
0.955889 -0.160902 -0.245738 2.259800 0.006924 0.848727 -0.528786 9.108300 0.293647 0.503759 0.812403 0.517900 0.000000 0.000000 0.000000 1.000000
0.955889 -0.160902 -0.245738 2.259800 0.006924 0.848727 -0.528786 9.108300 0.293647 0.503759 0.812403 0.517900 0.000000 0.000000 0.000000 1.000000
0.955889 -0.160901 -0.245738 2.259800 0.006924 0.848727 -0.528786 9.108300 0.293647 0.503760 0.812403 0.517900 0.000000 0.000000 0.000000 1.000000
0.955889 -0.160902 -0.245738 2.259800 0.006924 0.848727 -0.528786 9.108300 0.293647 0.503759 0.812402 0.517900 0.000000 0.000000 0.000000 1.000000
0.955889 -0.160902 -0.245738 2.259800 0.006924 0.848727 -0.528786 9.108300 0.293647 0.503760 0.812402 0.517900 0.000000 0.000000 0.000000 1.000000
0.955889 -0.160902 -0.245738 2.259800 0.006924 0.848727 -0.528786 9.108300 0.293647 0.503759 0.812403 0.517900 0.000000 0.000000 0.000000 1.000000
0.955889 -0.160901 -0.245738 2.259800 0.006924 0.848727 -0.528786 9.108300 0.293647 0.503760 0.812402 0.517900 0.000000 0.000000 0.000000 1.000000</float_array>
        <technique_common>
          <accessor source="#mixamorig_RightHandIndex1-Matrix-animation-output-transform-array" count="39" stride="16">
            <param type="float4x4"/>
          </accessor>
        </technique_common>
      </source>
      <source id="mixamorig_RightHandIndex1-Interpolations">
        <Name_array id="mixamorig_RightHandIndex1-Interpolations-array" count="39">
 LINEAR LINEAR LINEAR LINEAR LINEAR LINEAR LINEAR LINEAR LINEAR LINEAR LINEAR
LINEAR LINEAR LINEAR LINEAR LINEAR LINEAR LINEAR LINEAR LINEAR LINEAR LINEAR LINEAR
LINEAR LINEAR LINEAR LINEAR LINEAR LINEAR LINEAR LINEAR LINEAR LINEAR LINEAR LINEAR
LINEAR LINEAR LINEAR LINEAR</Name_array>
        <technique_common>
          <accessor source="#mixamorig_RightHandIndex1-Interpolations-array" count="39">
            <param type="name"/>
          </accessor>
        </technique_common>
      </source>
      <sampler id="mixamorig_RightHandIndex1-Matrix-animation-transform">
        <input semantic="INPUT" source="#mixamorig_RightHandIndex1-Matrix-animation-input"/>
        <input semantic="OUTPUT" source="#mixamorig_RightHandIndex1-Matrix-animation-output-transform"/>
        <input semantic="INTERPOLATION" source="#mixamorig_RightHandIndex1-Interpolations"/>
      </sampler>
      <channel source="#mixamorig_RightHandIndex1-Matrix-animation-transform" target="mixamorig_RightHandIndex1/matrix"/>
    </animation>
    <animation id="mixamorig_RightHandIndex2-anim" name="mixamorig_RightHandIndex2">
      <source id="mixamorig_RightHandIndex2-Matrix-animation-input">
        <float_array id="mixamorig_RightHandIndex2-Matrix-animation-input-array" count="39">

0.000000 0.033333 0.066667 0.100000 0.133333 0.166667 0.200000 0.233333 0.266667 0.300000 0.333333 0.366667 0.400000 0.433333 0.466667 0.500000
0.533333 0.566667 0.600000 0.633333 0.666667 0.700000 0.733333 0.766667 0.800000 0.833333 0.866667 0.900000 0.933333 0.966667 1.000000 1.033333
1.066667 1.100000 1.133333 1.166667 1.200000 1.233333 1.266667</float_array>
        <technique_common>
          <accessor source="#mixamorig_RightHandIndex2-Matrix-animation-input-array" count="39">
            <param name="TIME" type="float"/>
          </accessor>
        </technique_common>
      </source>
      <source id="mixamorig_RightHandIndex2-Matrix-animation-output-transform">
        <float_array id="mixamorig_RightHandIndex2-Matrix-animation-output-transform-array" count="624">

0.999981 0.005206 0.003198 0.000000 0.004966 -0.387697 -0.921774 3.700000 -0.003559 0.921772 -0.387716 0.000000 0.000000 0.000000 0.000000 1.000000
0.999981 0.005206 0.003198 0.000000 0.004967 -0.387697 -0.921774 3.700000 -0.003559 0.921772 -0.387715 0.000000 0.000000 0.000000 0.000000 1.000000
0.999981 0.005206 0.003198 0.000000 0.004966 -0.387697 -0.921774 3.700000 -0.003559 0.921772 -0.387715 0.000000 0.000000 0.000000 0.000000 1.000000
0.999981 0.005206 0.003198 -0.000000 0.004966 -0.387697 -0.921774 3.700000 -0.003559 0.921772 -0.387715 -0.000000 0.000000 0.000000 0.000000 1.000000
0.999981 0.005206 0.003198 0.000000 0.004966 -0.387697 -0.921774 3.700000 -0.003559 0.921772 -0.387715 -0.000000 0.000000 0.000000 0.000000 1.000000
0.999981 0.005206 0.003198 0.000000 0.004966 -0.387697 -0.921774 3.700000 -0.003559 0.921772 -0.387715 0.000000 0.000000 0.000000 0.000000 1.000000
0.999981 0.005205 0.003198 -0.000000 0.004966 -0.387697 -0.921774 3.700000 -0.003558 0.921772 -0.387716 -0.000000 0.000000 0.000000 0.000000 1.000000
0.999981 0.005206 0.003198 0.000000 0.004966 -0.387697 -0.921774 3.700000 -0.003559 0.921772 -0.387715 -0.000000 0.000000 0.000000 0.000000 1.000000
0.999981 0.005206 0.003198 0.000000 0.004966 -0.387697 -0.921774 3.700000 -0.003559 0.921772 -0.387715 -0.000000 0.000000 0.000000 0.000000 1.000000
0.999981 0.005206 0.003198 0.000000 0.004966 -0.387697 -0.921774 3.700000 -0.003559 0.921772 -0.387715 0.000000 0.000000 0.000000 0.000000 1.000000
0.999981 0.005206 0.003198 0.000000 0.004966 -0.387697 -0.921774 3.700000 -0.003559 0.921772 -0.387716 -0.000000 0.000000 0.000000 0.000000 1.000000
0.999981 0.005206 0.003198 -0.000000 0.004966 -0.387697 -0.921773 3.700000 -0.003559 0.921772 -0.387716 -0.000000 0.000000 0.000000 0.000000 1.000000
0.999981 0.005206 0.003198 0.000000 0.004966 -0.387696 -0.921774 3.700000 -0.003559 0.921772 -0.387715 0.000000 0.000000 0.000000 0.000000 1.000000
0.999981 0.005206 0.003198 0.000000 0.004966 -0.387696 -0.921774 3.700000 -0.003559 0.921772 -0.387715 -0.000000 0.000000 0.000000 0.000000 1.000000
0.999981 0.005206 0.003198 0.000000 0.004966 -0.387697 -0.921774 3.700000 -0.003559 0.921772 -0.387715 0.000000 0.000000 0.000000 0.000000 1.000000
0.999981 0.005206 0.003198 -0.000000 0.004966 -0.387697 -0.921774 3.700000 -0.003559 0.921772 -0.387715 0.000000 0.000000 0.000000 0.000000 1.000000
0.999981 0.005206 0.003198 0.000000 0.004966 -0.387697 -0.921774 3.700000 -0.003559 0.921772 -0.387716 0.000000 0.000000 0.000000 0.000000 1.000000
0.999981 0.005206 0.003198 0.000000 0.004966 -0.387696 -0.921774 3.700000 -0.003559 0.921772 -0.387715 0.000000 0.000000 0.000000 0.000000 1.000000
0.999981 0.005206 0.003198 0.000000 0.004966 -0.387697 -0.921774 3.700000 -0.003559 0.921772 -0.387716 0.000000 0.000000 0.000000 0.000000 1.000000
0.999981 0.005206 0.003198 -0.000000 0.004966 -0.387696 -0.921774 3.700000 -0.003559 0.921772 -0.387715 0.000000 0.000000 0.000000 0.000000 1.000000
0.999981 0.005206 0.003198 0.000000 0.004966 -0.387697 -0.921774 3.700000 -0.003559 0.921772 -0.387716 0.000000 0.000000 0.000000 0.000000 1.000000
0.999981 0.005206 0.003198 -0.000000 0.004966 -0.387697 -0.921774 3.700000 -0.003559 0.921772 -0.387715 -0.000000 0.000000 0.000000 0.000000 1.000000
0.999981 0.005206 0.003198 0.000000 0.004966 -0.387697 -0.921774 3.700000 -0.003559 0.921772 -0.387715 0.000000 0.000000 0.000000 0.000000 1.000000
0.999981 0.005206 0.003198 0.000000 0.004966 -0.387696 -0.921774 3.700000 -0.003559 0.921772 -0.387715 -0.000000 0.000000 0.000000 0.000000 1.000000
0.999981 0.005206 0.003198 0.000000 0.004967 -0.387697 -0.921774 3.700000 -0.003559 0.921772 -0.387716 0.000000 0.000000 0.000000 0.000000 1.000000
0.999981 0.005206 0.003198 0.000000 0.004966 -0.387697 -0.921774 3.700000 -0.003559 0.921772 -0.387715 0.000000 0.000000 0.000000 0.000000 1.000000
0.999981 0.005206 0.003198 0.000000 0.004966 -0.387697 -0.921774 3.700000 -0.003559 0.921772 -0.387716 -0.000000 0.000000 0.000000 0.000000 1.000000
0.999981 0.005206 0.003198 0.000000 0.004966 -0.387697 -0.921774 3.700000 -0.003559 0.921772 -0.387715 0.000000 0.000000 0.000000 0.000000 1.000000
0.999981 0.005206 0.003198 0.000000 0.004966 -0.387697 -0.921774 3.700000 -0.003559 0.921772 -0.387715 -0.000000 0.000000 0.000000 0.000000 1.000000
0.999981 0.005206 0.003198 0.000000 0.004966 -0.387697 -0.921774 3.700000 -0.003559 0.921772 -0.387715 0.000000 0.000000 0.000000 0.000000 1.000000
0.999981 0.005206 0.003198 0.000000 0.004966 -0.387697 -0.921774 3.700000 -0.003559 0.921772 -0.387716 0.000000 0.000000 0.000000 0.000000 1.000000
0.999981 0.005206 0.003198 0.000000 0.004966 -0.387697 -0.921774 3.700000 -0.003559 0.921772 -0.387715 0.000000 0.000000 0.000000 0.000000 1.000000
0.999981 0.005206 0.003198 0.000000 0.004966 -0.387697 -0.921774 3.700000 -0.003559 0.921772 -0.387716 0.000000 0.000000 0.000000 0.000000 1.000000
0.999981 0.005206 0.003198 -0.000000 0.004966 -0.387697 -0.921774 3.700000 -0.003559 0.921772 -0.387716 -0.000000 0.000000 0.000000 0.000000 1.000000
0.999981 0.005206 0.003198 0.000000 0.004966 -0.387697 -0.921774 3.700000 -0.003559 0.921772 -0.387715 0.000000 0.000000 0.000000 0.000000 1.000000
0.999981 0.005206 0.003198 0.000000 0.004966 -0.387697 -0.921774 3.700000 -0.003559 0.921772 -0.387716 0.000000 0.000000 0.000000 0.000000 1.000000
0.999981 0.005206 0.003198 -0.000000 0.004966 -0.387697 -0.921774 3.700000 -0.003559 0.921772 -0.387715 -0.000000 0.000000 0.000000 0.000000 1.000000
0.999981 0.005206 0.003198 0.000000 0.004966 -0.387697 -0.921774 3.700000 -0.003559 0.921772 -0.387715 0.000000 0.000000 0.000000 0.000000 1.000000
0.999981 0.005206 0.003198 0.000000 0.004966 -0.387697 -0.921774 3.700000 -0.003559 0.921772 -0.387716 -0.000000 0.000000 0.000000 0.000000 1.000000</float_array>
        <technique_common>
          <accessor source="#mixamorig_RightHandIndex2-Matrix-animation-output-transform-array" count="39" stride="16">
            <param type="float4x4"/>
          </accessor>
        </technique_common>
      </source>
      <source id="mixamorig_RightHandIndex2-Interpolations">
        <Name_array id="mixamorig_RightHandIndex2-Interpolations-array" count="39">
 LINEAR LINEAR LINEAR LINEAR LINEAR LINEAR LINEAR LINEAR LINEAR LINEAR LINEAR
LINEAR LINEAR LINEAR LINEAR LINEAR LINEAR LINEAR LINEAR LINEAR LINEAR LINEAR LINEAR
LINEAR LINEAR LINEAR LINEAR LINEAR LINEAR LINEAR LINEAR LINEAR LINEAR LINEAR LINEAR
LINEAR LINEAR LINEAR LINEAR</Name_array>
        <technique_common>
          <accessor source="#mixamorig_RightHandIndex2-Interpolations-array" count="39">
            <param type="name"/>
          </accessor>
        </technique_common>
      </source>
      <sampler id="mixamorig_RightHandIndex2-Matrix-animation-transform">
        <input semantic="INPUT" source="#mixamorig_RightHandIndex2-Matrix-animation-input"/>
        <input semantic="OUTPUT" source="#mixamorig_RightHandIndex2-Matrix-animation-output-transform"/>
        <input semantic="INTERPOLATION" source="#mixamorig_RightHandIndex2-Interpolations"/>
      </sampler>
      <channel source="#mixamorig_RightHandIndex2-Matrix-animation-transform" target="mixamorig_RightHandIndex2/matrix"/>
    </animation>
    <animation id="mixamorig_RightHandIndex3-anim" name="mixamorig_RightHandIndex3">
      <source id="mixamorig_RightHandIndex3-Matrix-animation-input">
        <float_array id="mixamorig_RightHandIndex3-Matrix-animation-input-array" count="39">

0.000000 0.033333 0.066667 0.100000 0.133333 0.166667 0.200000 0.233333 0.266667 0.300000 0.333333 0.366667 0.400000 0.433333 0.466667 0.500000
0.533333 0.566667 0.600000 0.633333 0.666667 0.700000 0.733333 0.766667 0.800000 0.833333 0.866667 0.900000 0.933333 0.966667 1.000000 1.033333
1.066667 1.100000 1.133333 1.166667 1.200000 1.233333 1.266667</float_array>
        <technique_common>
          <accessor source="#mixamorig_RightHandIndex3-Matrix-animation-input-array" count="39">
            <param name="TIME" type="float"/>
          </accessor>
        </technique_common>
      </source>
      <source id="mixamorig_RightHandIndex3-Matrix-animation-output-transform">
        <float_array id="mixamorig_RightHandIndex3-Matrix-animation-output-transform-array" count="624">

0.999423 -0.031997 -0.011393 0.000000 0.020475 0.835205 -0.549557 2.850000 0.027100 0.549007 0.835378 0.000000 0.000000 0.000000 0.000000 1.000000
0.999423 -0.031998 -0.011393 0.000000 0.020475 0.835205 -0.549557 2.850000 0.027100 0.549007 0.835378 0.000000 0.000000 0.000000 0.000000 1.000000
0.999423 -0.031997 -0.011392 0.000000 0.020475 0.835205 -0.549557 2.850000 0.027099 0.549007 0.835378 -0.000000 0.000000 0.000000 0.000000 1.000000
0.999423 -0.031997 -0.011393 0.000000 0.020475 0.835205 -0.549557 2.850000 0.027100 0.549007 0.835378 -0.000000 0.000000 0.000000 0.000000 1.000000
0.999423 -0.031997 -0.011392 0.000000 0.020475 0.835205 -0.549557 2.850000 0.027099 0.549007 0.835378 0.000000 0.000000 0.000000 0.000000 1.000000
0.999423 -0.031997 -0.011392 -0.000000 0.020475 0.835205 -0.549557 2.850000 0.027099 0.549007 0.835378 0.000000 0.000000 0.000000 0.000000 1.000000
0.999423 -0.031997 -0.011393 0.000000 0.020475 0.835205 -0.549557 2.850000 0.027099 0.549007 0.835378 0.000000 0.000000 0.000000 0.000000 1.000000
0.999423 -0.031997 -0.011393 -0.000000 0.020475 0.835205 -0.549557 2.850000 0.027099 0.549007 0.835378 -0.000000 0.000000 0.000000 0.000000 1.000000
0.999423 -0.031997 -0.011392 0.000000 0.020475 0.835205 -0.549557 2.850000 0.027099 0.549007 0.835378 0.000000 0.000000 0.000000 0.000000 1.000000
0.999423 -0.031997 -0.011393 0.000000 0.020475 0.835205 -0.549557 2.850000 0.027099 0.549007 0.835378 0.000000 0.000000 0.000000 0.000000 1.000000
0.999423 -0.031997 -0.011393 0.000000 0.020475 0.835205 -0.549557 2.850000 0.027099 0.549007 0.835378 0.000000 0.000000 0.000000 0.000000 1.000000
0.999423 -0.031997 -0.011393 -0.000000 0.020475 0.835205 -0.549557 2.850000 0.027099 0.549007 0.835378 0.000000 0.000000 0.000000 0.000000 1.000000
0.999423 -0.031997 -0.011393 -0.000000 0.020475 0.835205 -0.549557 2.850000 0.027100 0.549007 0.835378 0.000000 0.000000 0.000000 0.000000 1.000000
0.999423 -0.031997 -0.011392 -0.000000 0.020475 0.835205 -0.549557 2.850000 0.027099 0.549007 0.835378 0.000000 0.000000 0.000000 0.000000 1.000000
0.999423 -0.031997 -0.011393 -0.000000 0.020475 0.835205 -0.549557 2.850000 0.027099 0.549007 0.835378 0.000000 0.000000 0.000000 0.000000 1.000000
0.999423 -0.031997 -0.011392 -0.000000 0.020475 0.835205 -0.549557 2.850000 0.027099 0.549007 0.835378 0.000000 0.000000 0.000000 0.000000 1.000000
0.999423 -0.031997 -0.011392 -0.000000 0.020475 0.835205 -0.549557 2.850000 0.027099 0.549007 0.835378 0.000000 0.000000 0.000000 0.000000 1.000000
0.999423 -0.031997 -0.011392 0.000000 0.020475 0.835205 -0.549558 2.850000 0.027099 0.549007 0.835378 0.000000 0.000000 0.000000 0.000000 1.000000
0.999423 -0.031997 -0.011393 0.000000 0.020475 0.835205 -0.549557 2.850000 0.027100 0.549007 0.835378 0.000000 0.000000 0.000000 0.000000 1.000000
0.999423 -0.031997 -0.011393 -0.000000 0.020475 0.835205 -0.549557 2.850000 0.027100 0.549007 0.835378 0.000000 0.000000 0.000000 0.000000 1.000000
0.999423 -0.031997 -0.011393 0.000000 0.020475 0.835205 -0.549557 2.850000 0.027099 0.549007 0.835378 0.000000 0.000000 0.000000 0.000000 1.000000
0.999423 -0.031997 -0.011392 -0.000000 0.020475 0.835205 -0.549557 2.850000 0.027099 0.549007 0.835378 -0.000000 0.000000 0.000000 0.000000 1.000000
0.999423 -0.031997 -0.011393 0.000000 0.020475 0.835205 -0.549557 2.850000 0.027099 0.549007 0.835378 0.000000 0.000000 0.000000 0.000000 1.000000
0.999423 -0.031997 -0.011393 0.000000 0.020475 0.835205 -0.549557 2.850000 0.027100 0.549007 0.835378 -0.000000 0.000000 0.000000 0.000000 1.000000
0.999423 -0.031997 -0.011393 0.000000 0.020475 0.835205 -0.549557 2.850000 0.027100 0.549007 0.835378 0.000000 0.000000 0.000000 0.000000 1.000000
0.999423 -0.031997 -0.011393 -0.000000 0.020475 0.835205 -0.549557 2.850000 0.027099 0.549007 0.835378 0.000000 0.000000 0.000000 0.000000 1.000000
0.999423 -0.031997 -0.011393 0.000000 0.020475 0.835205 -0.549557 2.850000 0.027099 0.549007 0.835378 0.000000 0.000000 0.000000 0.000000 1.000000
0.999423 -0.031997 -0.011393 0.000000 0.020475 0.835205 -0.549557 2.850000 0.027100 0.549007 0.835378 0.000000 0.000000 0.000000 0.000000 1.000000
0.999423 -0.031997 -0.011393 0.000000 0.020475 0.835205 -0.549557 2.850000 0.027100 0.549007 0.835378 -0.000000 0.000000 0.000000 0.000000 1.000000
0.999423 -0.031997 -0.011392 -0.000000 0.020475 0.835205 -0.549557 2.850000 0.027099 0.549007 0.835378 -0.000000 0.000000 0.000000 0.000000 1.000000
0.999423 -0.031997 -0.011392 0.000000 0.020475 0.835205 -0.549557 2.850000 0.027099 0.549007 0.835378 0.000000 0.000000 0.000000 0.000000 1.000000
0.999423 -0.031997 -0.011392 -0.000000 0.020475 0.835205 -0.549557 2.850000 0.027099 0.549007 0.835378 0.000000 0.000000 0.000000 0.000000 1.000000
0.999423 -0.031997 -0.011393 0.000000 0.020475 0.835205 -0.549557 2.850000 0.027099 0.549007 0.835378 0.000000 0.000000 0.000000 0.000000 1.000000
0.999423 -0.031997 -0.011393 -0.000000 0.020475 0.835205 -0.549557 2.850000 0.027099 0.549007 0.835378 -0.000000 0.000000 0.000000 0.000000 1.000000
0.999423 -0.031997 -0.011392 0.000000 0.020475 0.835205 -0.549558 2.850000 0.027099 0.549007 0.835378 0.000000 0.000000 0.000000 0.000000 1.000000
0.999423 -0.031997 -0.011392 -0.000000 0.020475 0.835205 -0.549557 2.850000 0.027099 0.549007 0.835378 -0.000000 0.000000 0.000000 0.000000 1.000000
0.999423 -0.031997 -0.011393 0.000000 0.020475 0.835205 -0.549558 2.850000 0.027100 0.549007 0.835378 0.000000 0.000000 0.000000 0.000000 1.000000
0.999423 -0.031997 -0.011393 -0.000000 0.020475 0.835205 -0.549557 2.850000 0.027100 0.549007 0.835378 0.000000 0.000000 0.000000 0.000000 1.000000
0.999423 -0.031997 -0.011392 -0.000000 0.020475 0.835205 -0.549557 2.850000 0.027099 0.549007 0.835378 0.000000 0.000000 0.000000 0.000000 1.000000</float_array>
        <technique_common>
          <accessor source="#mixamorig_RightHandIndex3-Matrix-animation-output-transform-array" count="39" stride="16">
            <param type="float4x4"/>
          </accessor>
        </technique_common>
      </source>
      <source id="mixamorig_RightHandIndex3-Interpolations">
        <Name_array id="mixamorig_RightHandIndex3-Interpolations-array" count="39">
 LINEAR LINEAR LINEAR LINEAR LINEAR LINEAR LINEAR LINEAR LINEAR LINEAR LINEAR
LINEAR LINEAR LINEAR LINEAR LINEAR LINEAR LINEAR LINEAR LINEAR LINEAR LINEAR LINEAR
LINEAR LINEAR LINEAR LINEAR LINEAR LINEAR LINEAR LINEAR LINEAR LINEAR LINEAR LINEAR
LINEAR LINEAR LINEAR LINEAR</Name_array>
        <technique_common>
          <accessor source="#mixamorig_RightHandIndex3-Interpolations-array" count="39">
            <param type="name"/>
          </accessor>
        </technique_common>
      </source>
      <sampler id="mixamorig_RightHandIndex3-Matrix-animation-transform">
        <input semantic="INPUT" source="#mixamorig_RightHandIndex3-Matrix-animation-input"/>
        <input semantic="OUTPUT" source="#mixamorig_RightHandIndex3-Matrix-animation-output-transform"/>
        <input semantic="INTERPOLATION" source="#mixamorig_RightHandIndex3-Interpolations"/>
      </sampler>
      <channel source="#mixamorig_RightHandIndex3-Matrix-animation-transform" target="mixamorig_RightHandIndex3/matrix"/>
    </animation>
    <animation id="mixamorig_RightHandMiddle1-anim" name="mixamorig_RightHandMiddle1">
      <source id="mixamorig_RightHandMiddle1-Matrix-animation-input">
        <float_array id="mixamorig_RightHandMiddle1-Matrix-animation-input-array" count="39">

0.000000 0.033333 0.066667 0.100000 0.133333 0.166667 0.200000 0.233333 0.266667 0.300000 0.333333 0.366667 0.400000 0.433333 0.466667 0.500000
0.533333 0.566667 0.600000 0.633333 0.666667 0.700000 0.733333 0.766667 0.800000 0.833333 0.866667 0.900000 0.933333 0.966667 1.000000 1.033333
1.066667 1.100000 1.133333 1.166667 1.200000 1.233333 1.266667</float_array>
        <technique_common>
          <accessor source="#mixamorig_RightHandMiddle1-Matrix-animation-input-array" count="39">
            <param name="TIME" type="float"/>
          </accessor>
        </technique_common>
      </source>
      <source id="mixamorig_RightHandMiddle1-Matrix-animation-output-transform">
        <float_array id="mixamorig_RightHandMiddle1-Matrix-animation-output-transform-array" count="624">

0.983309 -0.136939 0.119798 -0.000000 0.087786 -0.219643 -0.971623 9.532500 0.159366 0.965922 -0.203956 0.000000 0.000000 0.000000 0.000000 1.000000
0.983309 -0.136939 0.119798 0.000000 0.087786 -0.219644 -0.971622 9.532500 0.159366 0.965922 -0.203956 -0.000000 0.000000 0.000000 0.000000 1.000000
0.983309 -0.136939 0.119798 0.000000 0.087786 -0.219643 -0.971623 9.532500 0.159365 0.965922 -0.203956 -0.000000 0.000000 0.000000 0.000000 1.000000
0.983309 -0.136938 0.119798 0.000000 0.087786 -0.219644 -0.971623 9.532500 0.159365 0.965922 -0.203956 0.000000 0.000000 0.000000 0.000000 1.000000
0.983309 -0.136939 0.119798 0.000000 0.087786 -0.219644 -0.971623 9.532500 0.159365 0.965922 -0.203956 -0.000000 0.000000 0.000000 0.000000 1.000000
0.983309 -0.136938 0.119798 0.000000 0.087786 -0.219643 -0.971623 9.532500 0.159365 0.965922 -0.203956 0.000000 0.000000 0.000000 0.000000 1.000000
0.983309 -0.136938 0.119798 0.000000 0.087786 -0.219644 -0.971623 9.532500 0.159365 0.965922 -0.203956 0.000000 0.000000 0.000000 0.000000 1.000000
0.983309 -0.136939 0.119798 0.000000 0.087786 -0.219643 -0.971623 9.532500 0.159365 0.965922 -0.203956 0.000000 0.000000 0.000000 0.000000 1.000000
0.983309 -0.136939 0.119798 0.000000 0.087786 -0.219644 -0.971623 9.532500 0.159366 0.965922 -0.203956 -0.000000 0.000000 0.000000 0.000000 1.000000
0.983309 -0.136939 0.119798 -0.000000 0.087786 -0.219644 -0.971623 9.532500 0.159365 0.965922 -0.203956 0.000000 0.000000 0.000000 0.000000 1.000000
0.983309 -0.136939 0.119798 0.000000 0.087786 -0.219643 -0.971623 9.532500 0.159365 0.965922 -0.203956 0.000000 0.000000 0.000000 0.000000 1.000000
0.983309 -0.136939 0.119798 -0.000000 0.087786 -0.219644 -0.971623 9.532500 0.159366 0.965922 -0.203956 0.000000 0.000000 0.000000 0.000000 1.000000
0.983309 -0.136938 0.119798 0.000000 0.087786 -0.219644 -0.971622 9.532500 0.159365 0.965922 -0.203956 0.000000 0.000000 0.000000 0.000000 1.000000
0.983309 -0.136939 0.119798 -0.000000 0.087786 -0.219644 -0.971623 9.532500 0.159366 0.965922 -0.203956 0.000000 0.000000 0.000000 0.000000 1.000000
0.983309 -0.136939 0.119798 0.000000 0.087786 -0.219644 -0.971623 9.532500 0.159366 0.965922 -0.203956 0.000000 0.000000 0.000000 0.000000 1.000000
0.983309 -0.136939 0.119798 0.000000 0.087786 -0.219643 -0.971623 9.532500 0.159366 0.965922 -0.203956 0.000000 0.000000 0.000000 0.000000 1.000000
0.983309 -0.136939 0.119798 0.000000 0.087786 -0.219643 -0.971623 9.532500 0.159366 0.965922 -0.203956 0.000000 0.000000 0.000000 0.000000 1.000000
0.983309 -0.136939 0.119798 -0.000000 0.087786 -0.219644 -0.971622 9.532500 0.159366 0.965922 -0.203956 0.000000 0.000000 0.000000 0.000000 1.000000
0.983309 -0.136939 0.119798 0.000000 0.087786 -0.219644 -0.971623 9.532500 0.159365 0.965922 -0.203956 -0.000000 0.000000 0.000000 0.000000 1.000000
0.983309 -0.136938 0.119798 0.000000 0.087786 -0.219643 -0.971623 9.532500 0.159365 0.965922 -0.203956 -0.000000 0.000000 0.000000 0.000000 1.000000
0.983309 -0.136939 0.119798 -0.000000 0.087786 -0.219643 -0.971623 9.532500 0.159365 0.965922 -0.203956 0.000000 0.000000 0.000000 0.000000 1.000000
0.983309 -0.136939 0.119798 -0.000000 0.087786 -0.219643 -0.971623 9.532500 0.159366 0.965922 -0.203956 -0.000000 0.000000 0.000000 0.000000 1.000000
0.983309 -0.136939 0.119798 0.000000 0.087786 -0.219644 -0.971623 9.532500 0.159366 0.965922 -0.203956 -0.000000 0.000000 0.000000 0.000000 1.000000
0.983309 -0.136939 0.119798 0.000000 0.087786 -0.219644 -0.971622 9.532500 0.159365 0.965922 -0.203956 -0.000000 0.000000 0.000000 0.000000 1.000000
0.983309 -0.136939 0.119798 0.000000 0.087786 -0.219643 -0.971623 9.532500 0.159366 0.965922 -0.203956 0.000000 0.000000 0.000000 0.000000 1.000000
0.983309 -0.136939 0.119798 0.000000 0.087786 -0.219643 -0.971623 9.532500 0.159365 0.965922 -0.203956 0.000000 0.000000 0.000000 0.000000 1.000000
0.983309 -0.136939 0.119798 0.000000 0.087786 -0.219644 -0.971622 9.532500 0.159366 0.965922 -0.203957 0.000000 0.000000 0.000000 0.000000 1.000000
0.983309 -0.136939 0.119798 0.000000 0.087786 -0.219643 -0.971623 9.532500 0.159366 0.965922 -0.203956 -0.000000 0.000000 0.000000 0.000000 1.000000
0.983309 -0.136939 0.119798 0.000000 0.087786 -0.219644 -0.971623 9.532500 0.159365 0.965922 -0.203956 0.000000 0.000000 0.000000 0.000000 1.000000
0.983309 -0.136938 0.119797 0.000000 0.087786 -0.219643 -0.971623 9.532500 0.159365 0.965922 -0.203956 -0.000000 0.000000 0.000000 0.000000 1.000000
0.983309 -0.136939 0.119797 -0.000000 0.087785 -0.219643 -0.971623 9.532500 0.159366 0.965922 -0.203956 0.000000 0.000000 0.000000 0.000000 1.000000
0.983309 -0.136938 0.119798 -0.000000 0.087786 -0.219643 -0.971623 9.532500 0.159365 0.965922 -0.203956 0.000000 0.000000 0.000000 0.000000 1.000000
0.983309 -0.136939 0.119798 0.000000 0.087786 -0.219643 -0.971623 9.532500 0.159366 0.965922 -0.203956 0.000000 0.000000 0.000000 0.000000 1.000000
0.983309 -0.136938 0.119798 0.000000 0.087786 -0.219643 -0.971623 9.532500 0.159365 0.965922 -0.203956 0.000000 0.000000 0.000000 0.000000 1.000000
0.983309 -0.136938 0.119798 0.000000 0.087786 -0.219644 -0.971623 9.532500 0.159365 0.965922 -0.203956 0.000000 0.000000 0.000000 0.000000 1.000000
0.983309 -0.136939 0.119798 -0.000000 0.087786 -0.219644 -0.971623 9.532500 0.159366 0.965922 -0.203956 -0.000000 0.000000 0.000000 0.000000 1.000000
0.983309 -0.136939 0.119798 0.000000 0.087786 -0.219644 -0.971623 9.532500 0.159366 0.965922 -0.203956 0.000000 0.000000 0.000000 0.000000 1.000000
0.983309 -0.136939 0.119798 0.000000 0.087786 -0.219644 -0.971622 9.532500 0.159366 0.965922 -0.203956 0.000000 0.000000 0.000000 0.000000 1.000000
0.983309 -0.136939 0.119798 -0.000000 0.087786 -0.219644 -0.971623 9.532500 0.159365 0.965922 -0.203956 -0.000000 0.000000 0.000000 0.000000 1.000000</float_array>
        <technique_common>
          <accessor source="#mixamorig_RightHandMiddle1-Matrix-animation-output-transform-array" count="39" stride="16">
            <param type="float4x4"/>
          </accessor>
        </technique_common>
      </source>
      <source id="mixamorig_RightHandMiddle1-Interpolations">
        <Name_array id="mixamorig_RightHandMiddle1-Interpolations-array" count="39">
 LINEAR LINEAR LINEAR LINEAR LINEAR LINEAR LINEAR LINEAR LINEAR LINEAR LINEAR
LINEAR LINEAR LINEAR LINEAR LINEAR LINEAR LINEAR LINEAR LINEAR LINEAR LINEAR LINEAR
LINEAR LINEAR LINEAR LINEAR LINEAR LINEAR LINEAR LINEAR LINEAR LINEAR LINEAR LINEAR
LINEAR LINEAR LINEAR LINEAR</Name_array>
        <technique_common>
          <accessor source="#mixamorig_RightHandMiddle1-Interpolations-array" count="39">
            <param type="name"/>
          </accessor>
        </technique_common>
      </source>
      <sampler id="mixamorig_RightHandMiddle1-Matrix-animation-transform">
        <input semantic="INPUT" source="#mixamorig_RightHandMiddle1-Matrix-animation-input"/>
        <input semantic="OUTPUT" source="#mixamorig_RightHandMiddle1-Matrix-animation-output-transform"/>
        <input semantic="INTERPOLATION" source="#mixamorig_RightHandMiddle1-Interpolations"/>
      </sampler>
      <channel source="#mixamorig_RightHandMiddle1-Matrix-animation-transform" target="mixamorig_RightHandMiddle1/matrix"/>
    </animation>
    <animation id="mixamorig_RightHandMiddle2-anim" name="mixamorig_RightHandMiddle2">
      <source id="mixamorig_RightHandMiddle2-Matrix-animation-input">
        <float_array id="mixamorig_RightHandMiddle2-Matrix-animation-input-array" count="39">

0.000000 0.033333 0.066667 0.100000 0.133333 0.166667 0.200000 0.233333 0.266667 0.300000 0.333333 0.366667 0.400000 0.433333 0.466667 0.500000
0.533333 0.566667 0.600000 0.633333 0.666667 0.700000 0.733333 0.766667 0.800000 0.833333 0.866667 0.900000 0.933333 0.966667 1.000000 1.033333
1.066667 1.100000 1.133333 1.166667 1.200000 1.233333 1.266667</float_array>
        <technique_common>
          <accessor source="#mixamorig_RightHandMiddle2-Matrix-animation-input-array" count="39">
            <param name="TIME" type="float"/>
          </accessor>
        </technique_common>
      </source>
      <source id="mixamorig_RightHandMiddle2-Matrix-animation-output-transform">
        <float_array id="mixamorig_RightHandMiddle2-Matrix-animation-output-transform-array" count="624">

1.000000 -0.000397 0.000170 0.000000 0.000341 0.484527 -0.874776 3.700000 0.000264 0.874776 0.484527 -0.000000 0.000000 0.000000 0.000000 1.000000
1.000000 -0.000396 0.000170 0.000000 0.000340 0.484527 -0.874776 3.700000 0.000265 0.874776 0.484527 -0.000000 0.000000 0.000000 0.000000 1.000000
1.000000 -0.000397 0.000170 0.000000 0.000341 0.484527 -0.874776 3.700000 0.000265 0.874776 0.484527 0.000000 0.000000 0.000000 0.000000 1.000000
1.000000 -0.000397 0.000170 0.000000 0.000341 0.484527 -0.874776 3.700000 0.000265 0.874776 0.484527 0.000000 0.000000 0.000000 0.000000 1.000000
1.000000 -0.000397 0.000170 0.000000 0.000341 0.484527 -0.874776 3.700000 0.000265 0.874776 0.484527 -0.000000 0.000000 0.000000 0.000000 1.000000
1.000000 -0.000397 0.000170 0.000000 0.000340 0.484527 -0.874776 3.700000 0.000265 0.874776 0.484528 0.000000 0.000000 0.000000 0.000000 1.000000
1.000000 -0.000397 0.000170 0.000000 0.000341 0.484527 -0.874776 3.700000 0.000265 0.874776 0.484527 0.000000 0.000000 0.000000 0.000000 1.000000
1.000000 -0.000397 0.000170 0.000000 0.000341 0.484527 -0.874776 3.700000 0.000265 0.874776 0.484527 0.000000 0.000000 0.000000 0.000000 1.000000
1.000000 -0.000397 0.000169 0.000000 0.000340 0.484527 -0.874776 3.700000 0.000265 0.874776 0.484527 0.000000 0.000000 0.000000 0.000000 1.000000
1.000000 -0.000396 0.000170 0.000000 0.000341 0.484527 -0.874776 3.700000 0.000264 0.874776 0.484527 -0.000000 0.000000 0.000000 0.000000 1.000000
1.000000 -0.000397 0.000170 -0.000000 0.000341 0.484527 -0.874776 3.700000 0.000265 0.874776 0.484527 -0.000000 0.000000 0.000000 0.000000 1.000000
1.000000 -0.000397 0.000170 -0.000000 0.000341 0.484527 -0.874776 3.700000 0.000265 0.874776 0.484527 0.000000 0.000000 0.000000 0.000000 1.000000
1.000000 -0.000397 0.000170 0.000000 0.000341 0.484527 -0.874776 3.700000 0.000265 0.874776 0.484527 0.000000 0.000000 0.000000 0.000000 1.000000
1.000000 -0.000397 0.000170 0.000000 0.000341 0.484527 -0.874776 3.700000 0.000265 0.874776 0.484527 -0.000000 0.000000 0.000000 0.000000 1.000000
1.000000 -0.000397 0.000170 0.000000 0.000341 0.484527 -0.874776 3.700000 0.000265 0.874776 0.484527 0.000000 0.000000 0.000000 0.000000 1.000000
1.000000 -0.000397 0.000170 0.000000 0.000340 0.484527 -0.874776 3.700000 0.000265 0.874776 0.484527 0.000000 0.000000 0.000000 0.000000 1.000000
1.000000 -0.000396 0.000170 0.000000 0.000341 0.484527 -0.874776 3.700000 0.000264 0.874776 0.484527 0.000000 0.000000 0.000000 0.000000 1.000000
1.000000 -0.000397 0.000170 0.000000 0.000340 0.484527 -0.874776 3.700000 0.000265 0.874776 0.484527 0.000000 0.000000 0.000000 0.000000 1.000000
1.000000 -0.000397 0.000170 -0.000000 0.000341 0.484527 -0.874776 3.700000 0.000265 0.874776 0.484527 0.000000 0.000000 0.000000 0.000000 1.000000
1.000000 -0.000397 0.000170 0.000000 0.000341 0.484527 -0.874776 3.700000 0.000265 0.874776 0.484527 0.000000 0.000000 0.000000 0.000000 1.000000
1.000000 -0.000397 0.000170 0.000000 0.000341 0.484527 -0.874776 3.700000 0.000265 0.874776 0.484527 -0.000000 0.000000 0.000000 0.000000 1.000000
1.000000 -0.000397 0.000170 0.000000 0.000341 0.484527 -0.874776 3.700000 0.000265 0.874776 0.484527 0.000000 0.000000 0.000000 0.000000 1.000000
1.000000 -0.000397 0.000170 0.000000 0.000341 0.484527 -0.874776 3.700000 0.000265 0.874776 0.484527 0.000000 0.000000 0.000000 0.000000 1.000000
1.000000 -0.000397 0.000170 0.000000 0.000341 0.484527 -0.874776 3.700000 0.000265 0.874776 0.484527 0.000000 0.000000 0.000000 0.000000 1.000000
1.000000 -0.000396 0.000170 0.000000 0.000340 0.484527 -0.874776 3.700000 0.000265 0.874776 0.484527 0.000000 0.000000 0.000000 0.000000 1.000000
1.000000 -0.000397 0.000170 0.000000 0.000341 0.484527 -0.874776 3.700000 0.000265 0.874776 0.484527 0.000000 0.000000 0.000000 0.000000 1.000000
1.000000 -0.000397 0.000170 0.000000 0.000341 0.484527 -0.874776 3.700000 0.000265 0.874776 0.484527 0.000000 0.000000 0.000000 0.000000 1.000000
1.000000 -0.000397 0.000170 0.000000 0.000341 0.484527 -0.874776 3.700000 0.000265 0.874776 0.484527 -0.000000 0.000000 0.000000 0.000000 1.000000
1.000000 -0.000397 0.000170 0.000000 0.000341 0.484527 -0.874776 3.700000 0.000265 0.874776 0.484527 0.000000 0.000000 0.000000 0.000000 1.000000
1.000000 -0.000397 0.000170 0.000000 0.000341 0.484527 -0.874776 3.700000 0.000265 0.874776 0.484527 0.000000 0.000000 0.000000 0.000000 1.000000
1.000000 -0.000397 0.000170 0.000000 0.000341 0.484527 -0.874776 3.700000 0.000265 0.874776 0.484527 0.000000 0.000000 0.000000 0.000000 1.000000
1.000000 -0.000397 0.000170 0.000000 0.000341 0.484527 -0.874776 3.700000 0.000265 0.874776 0.484527 0.000000 0.000000 0.000000 0.000000 1.000000
1.000000 -0.000397 0.000170 0.000000 0.000341 0.484527 -0.874776 3.700000 0.000265 0.874776 0.484527 0.000000 0.000000 0.000000 0.000000 1.000000
1.000000 -0.000397 0.000170 0.000000 0.000341 0.484527 -0.874776 3.700000 0.000265 0.874776 0.484527 0.000000 0.000000 0.000000 0.000000 1.000000
1.000000 -0.000397 0.000170 0.000000 0.000341 0.484527 -0.874776 3.700000 0.000265 0.874776 0.484527 0.000000 0.000000 0.000000 0.000000 1.000000
1.000000 -0.000397 0.000170 -0.000000 0.000341 0.484527 -0.874776 3.700000 0.000265 0.874776 0.484527 -0.000000 0.000000 0.000000 0.000000 1.000000
1.000000 -0.000397 0.000169 0.000000 0.000341 0.484527 -0.874776 3.700000 0.000265 0.874776 0.484527 0.000000 0.000000 0.000000 0.000000 1.000000
1.000000 -0.000397 0.000170 0.000000 0.000341 0.484527 -0.874776 3.700000 0.000265 0.874776 0.484527 -0.000000 0.000000 0.000000 0.000000 1.000000
1.000000 -0.000397 0.000170 0.000000 0.000341 0.484527 -0.874776 3.700000 0.000264 0.874776 0.484527 0.000000 0.000000 0.000000 0.000000 1.000000</float_array>
        <technique_common>
          <accessor source="#mixamorig_RightHandMiddle2-Matrix-animation-output-transform-array" count="39" stride="16">
            <param type="float4x4"/>
          </accessor>
        </technique_common>
      </source>
      <source id="mixamorig_RightHandMiddle2-Interpolations">
        <Name_array id="mixamorig_RightHandMiddle2-Interpolations-array" count="39">
 LINEAR LINEAR LINEAR LINEAR LINEAR LINEAR LINEAR LINEAR LINEAR LINEAR LINEAR
LINEAR LINEAR LINEAR LINEAR LINEAR LINEAR LINEAR LINEAR LINEAR LINEAR LINEAR LINEAR
LINEAR LINEAR LINEAR LINEAR LINEAR LINEAR LINEAR LINEAR LINEAR LINEAR LINEAR LINEAR
LINEAR LINEAR LINEAR LINEAR</Name_array>
        <technique_common>
          <accessor source="#mixamorig_RightHandMiddle2-Interpolations-array" count="39">
            <param type="name"/>
          </accessor>
        </technique_common>
      </source>
      <sampler id="mixamorig_RightHandMiddle2-Matrix-animation-transform">
        <input semantic="INPUT" source="#mixamorig_RightHandMiddle2-Matrix-animation-input"/>
        <input semantic="OUTPUT" source="#mixamorig_RightHandMiddle2-Matrix-animation-output-transform"/>
        <input semantic="INTERPOLATION" source="#mixamorig_RightHandMiddle2-Interpolations"/>
      </sampler>
      <channel source="#mixamorig_RightHandMiddle2-Matrix-animation-transform" target="mixamorig_RightHandMiddle2/matrix"/>
    </animation>
    <animation id="mixamorig_RightHandMiddle3-anim" name="mixamorig_RightHandMiddle3">
      <source id="mixamorig_RightHandMiddle3-Matrix-animation-input">
        <float_array id="mixamorig_RightHandMiddle3-Matrix-animation-input-array" count="39">

0.000000 0.033333 0.066667 0.100000 0.133333 0.166667 0.200000 0.233333 0.266667 0.300000 0.333333 0.366667 0.400000 0.433333 0.466667 0.500000
0.533333 0.566667 0.600000 0.633333 0.666667 0.700000 0.733333 0.766667 0.800000 0.833333 0.866667 0.900000 0.933333 0.966667 1.000000 1.033333
1.066667 1.100000 1.133333 1.166667 1.200000 1.233333 1.266667</float_array>
        <technique_common>
          <accessor source="#mixamorig_RightHandMiddle3-Matrix-animation-input-array" count="39">
            <param name="TIME" type="float"/>
          </accessor>
        </technique_common>
      </source>
      <source id="mixamorig_RightHandMiddle3-Matrix-animation-output-transform">
        <float_array id="mixamorig_RightHandMiddle3-Matrix-animation-output-transform-array" count="624">

0.999448 -0.011886 -0.031009 0.000000 -0.006039 0.853137 -0.521652 2.950000 0.032656 0.521552 0.852594 0.000000 0.000000 0.000000 0.000000 1.000000
0.999448 -0.011886 -0.031009 -0.000000 -0.006039 0.853137 -0.521652 2.950000 0.032655 0.521552 0.852595 0.000000 0.000000 0.000000 0.000000 1.000000
0.999448 -0.011886 -0.031009 0.000000 -0.006039 0.853137 -0.521652 2.950000 0.032656 0.521552 0.852594 0.000000 0.000000 0.000000 0.000000 1.000000
0.999448 -0.011886 -0.031010 -0.000000 -0.006039 0.853137 -0.521652 2.950000 0.032656 0.521552 0.852594 0.000000 0.000000 0.000000 0.000000 1.000000
0.999448 -0.011886 -0.031009 0.000000 -0.006039 0.853137 -0.521652 2.950000 0.032656 0.521552 0.852594 0.000000 0.000000 0.000000 0.000000 1.000000
0.999448 -0.011886 -0.031009 0.000000 -0.006039 0.853137 -0.521652 2.950000 0.032656 0.521552 0.852594 0.000000 0.000000 0.000000 0.000000 1.000000
0.999448 -0.011886 -0.031009 0.000000 -0.006039 0.853137 -0.521652 2.950000 0.032656 0.521552 0.852594 0.000000 0.000000 0.000000 0.000000 1.000000
0.999448 -0.011886 -0.031009 0.000000 -0.006039 0.853137 -0.521652 2.950000 0.032656 0.521552 0.852594 -0.000000 0.000000 0.000000 0.000000 1.000000
0.999448 -0.011886 -0.031009 -0.000000 -0.006039 0.853137 -0.521652 2.950000 0.032656 0.521552 0.852595 -0.000000 0.000000 0.000000 0.000000 1.000000
0.999448 -0.011886 -0.031010 0.000000 -0.006039 0.853137 -0.521652 2.950000 0.032656 0.521552 0.852595 -0.000000 0.000000 0.000000 0.000000 1.000000
0.999448 -0.011886 -0.031010 0.000000 -0.006039 0.853137 -0.521652 2.950000 0.032656 0.521552 0.852594 0.000000 0.000000 0.000000 0.000000 1.000000
0.999448 -0.011886 -0.031009 -0.000000 -0.006039 0.853137 -0.521652 2.950000 0.032656 0.521552 0.852594 0.000000 0.000000 0.000000 0.000000 1.000000
0.999448 -0.011886 -0.031009 0.000000 -0.006039 0.853137 -0.521652 2.950000 0.032656 0.521552 0.852595 0.000000 0.000000 0.000000 0.000000 1.000000
0.999448 -0.011886 -0.031009 -0.000000 -0.006039 0.853137 -0.521653 2.950000 0.032656 0.521552 0.852594 0.000000 0.000000 0.000000 0.000000 1.000000
0.999448 -0.011886 -0.031010 0.000000 -0.006039 0.853137 -0.521652 2.950000 0.032656 0.521552 0.852595 -0.000000 0.000000 0.000000 0.000000 1.000000
0.999448 -0.011886 -0.031009 0.000000 -0.006039 0.853137 -0.521652 2.950000 0.032656 0.521552 0.852595 0.000000 0.000000 0.000000 0.000000 1.000000
0.999448 -0.011886 -0.031010 0.000000 -0.006039 0.853137 -0.521652 2.950000 0.032656 0.521552 0.852595 -0.000000 0.000000 0.000000 0.000000 1.000000
0.999448 -0.011886 -0.031009 0.000000 -0.006039 0.853137 -0.521653 2.950000 0.032656 0.521552 0.852594 0.000000 0.000000 0.000000 0.000000 1.000000
0.999448 -0.011886 -0.031010 0.000000 -0.006039 0.853137 -0.521652 2.950000 0.032656 0.521552 0.852594 -0.000000 0.000000 0.000000 0.000000 1.000000
0.999448 -0.011886 -0.031009 0.000000 -0.006039 0.853137 -0.521652 2.950000 0.032656 0.521552 0.852594 -0.000000 0.000000 0.000000 0.000000 1.000000
0.999448 -0.011886 -0.031010 0.000000 -0.006039 0.853137 -0.521652 2.950000 0.032656 0.521552 0.852594 0.000000 0.000000 0.000000 0.000000 1.000000
0.999448 -0.011886 -0.031010 -0.000000 -0.006039 0.853137 -0.521652 2.950000 0.032656 0.521552 0.852594 0.000000 0.000000 0.000000 0.000000 1.000000
0.999448 -0.011886 -0.031009 -0.000000 -0.006039 0.853137 -0.521652 2.950000 0.032655 0.521552 0.852594 0.000000 0.000000 0.000000 0.000000 1.000000
0.999448 -0.011886 -0.031009 0.000000 -0.006039 0.853137 -0.521652 2.950000 0.032656 0.521552 0.852594 -0.000000 0.000000 0.000000 0.000000 1.000000
0.999448 -0.011886 -0.031009 0.000000 -0.006039 0.853137 -0.521652 2.950000 0.032656 0.521552 0.852594 0.000000 0.000000 0.000000 0.000000 1.000000
0.999448 -0.011886 -0.031009 0.000000 -0.006039 0.853137 -0.521652 2.950000 0.032656 0.521552 0.852594 0.000000 0.000000 0.000000 0.000000 1.000000
0.999448 -0.011886 -0.031009 -0.000000 -0.006039 0.853137 -0.521653 2.950000 0.032656 0.521552 0.852594 0.000000 0.000000 0.000000 0.000000 1.000000
0.999448 -0.011886 -0.031010 0.000000 -0.006039 0.853137 -0.521652 2.950000 0.032656 0.521552 0.852594 0.000000 0.000000 0.000000 0.000000 1.000000
0.999448 -0.011886 -0.031010 0.000000 -0.006039 0.853137 -0.521652 2.950000 0.032656 0.521552 0.852594 0.000000 0.000000 0.000000 0.000000 1.000000
0.999448 -0.011886 -0.031009 0.000000 -0.006039 0.853137 -0.521652 2.950000 0.032656 0.521552 0.852595 0.000000 0.000000 0.000000 0.000000 1.000000
0.999448 -0.011886 -0.031009 0.000000 -0.006039 0.853137 -0.521652 2.950000 0.032656 0.521552 0.852594 0.000000 0.000000 0.000000 0.000000 1.000000
0.999448 -0.011886 -0.031009 -0.000000 -0.006039 0.853137 -0.521652 2.950000 0.032656 0.521552 0.852594 0.000000 0.000000 0.000000 0.000000 1.000000
0.999448 -0.011886 -0.031009 0.000000 -0.006039 0.853137 -0.521652 2.950000 0.032656 0.521552 0.852594 -0.000000 0.000000 0.000000 0.000000 1.000000
0.999448 -0.011886 -0.031010 0.000000 -0.006039 0.853137 -0.521652 2.950000 0.032656 0.521552 0.852594 0.000000 0.000000 0.000000 0.000000 1.000000
0.999448 -0.011886 -0.031009 -0.000000 -0.006039 0.853137 -0.521652 2.950000 0.032656 0.521552 0.852594 0.000000 0.000000 0.000000 0.000000 1.000000
0.999448 -0.011886 -0.031009 0.000000 -0.006039 0.853137 -0.521652 2.950000 0.032656 0.521552 0.852594 -0.000000 0.000000 0.000000 0.000000 1.000000
0.999448 -0.011886 -0.031009 0.000000 -0.006039 0.853137 -0.521652 2.950000 0.032656 0.521552 0.852594 0.000000 0.000000 0.000000 0.000000 1.000000
0.999448 -0.011886 -0.031009 0.000000 -0.006039 0.853137 -0.521652 2.950000 0.032656 0.521552 0.852595 0.000000 0.000000 0.000000 0.000000 1.000000
0.999448 -0.011886 -0.031010 -0.000000 -0.006039 0.853137 -0.521652 2.950000 0.032656 0.521552 0.852594 0.000000 0.000000 0.000000 0.000000 1.000000</float_array>
        <technique_common>
          <accessor source="#mixamorig_RightHandMiddle3-Matrix-animation-output-transform-array" count="39" stride="16">
            <param type="float4x4"/>
          </accessor>
        </technique_common>
      </source>
      <source id="mixamorig_RightHandMiddle3-Interpolations">
        <Name_array id="mixamorig_RightHandMiddle3-Interpolations-array" count="39">
 LINEAR LINEAR LINEAR LINEAR LINEAR LINEAR LINEAR LINEAR LINEAR LINEAR LINEAR
LINEAR LINEAR LINEAR LINEAR LINEAR LINEAR LINEAR LINEAR LINEAR LINEAR LINEAR LINEAR
LINEAR LINEAR LINEAR LINEAR LINEAR LINEAR LINEAR LINEAR LINEAR LINEAR LINEAR LINEAR
LINEAR LINEAR LINEAR LINEAR</Name_array>
        <technique_common>
          <accessor source="#mixamorig_RightHandMiddle3-Interpolations-array" count="39">
            <param type="name"/>
          </accessor>
        </technique_common>
      </source>
      <sampler id="mixamorig_RightHandMiddle3-Matrix-animation-transform">
        <input semantic="INPUT" source="#mixamorig_RightHandMiddle3-Matrix-animation-input"/>
        <input semantic="OUTPUT" source="#mixamorig_RightHandMiddle3-Matrix-animation-output-transform"/>
        <input semantic="INTERPOLATION" source="#mixamorig_RightHandMiddle3-Interpolations"/>
      </sampler>
      <channel source="#mixamorig_RightHandMiddle3-Matrix-animation-transform" target="mixamorig_RightHandMiddle3/matrix"/>
    </animation>
    <animation id="mixamorig_RightHandRing1-anim" name="mixamorig_RightHandRing1">
      <source id="mixamorig_RightHandRing1-Matrix-animation-input">
        <float_array id="mixamorig_RightHandRing1-Matrix-animation-input-array" count="39">

0.000000 0.033333 0.066667 0.100000 0.133333 0.166667 0.200000 0.233333 0.266667 0.300000 0.333333 0.366667 0.400000 0.433333 0.466667 0.500000
0.533333 0.566667 0.600000 0.633333 0.666667 0.700000 0.733333 0.766667 0.800000 0.833333 0.866667 0.900000 0.933333 0.966667 1.000000 1.033333
1.066667 1.100000 1.133333 1.166667 1.200000 1.233333 1.266667</float_array>
        <technique_common>
          <accessor source="#mixamorig_RightHandRing1-Matrix-animation-input-array" count="39">
            <param name="TIME" type="float"/>
          </accessor>
        </technique_common>
      </source>
      <source id="mixamorig_RightHandRing1-Matrix-animation-output-transform">
        <float_array id="mixamorig_RightHandRing1-Matrix-animation-output-transform-array" count="624">

0.983200 -0.046604 0.176482 -1.865100 0.155324 -0.294245 -0.943024 9.103600 0.095877 0.954593 -0.282063 0.043100 0.000000 0.000000 0.000000 1.000000
0.983200 -0.046603 0.176482 -1.865100 0.155324 -0.294245 -0.943024 9.103600 0.095877 0.954593 -0.282063 0.043100 0.000000 0.000000 0.000000 1.000000
0.983200 -0.046603 0.176482 -1.865100 0.155324 -0.294245 -0.943024 9.103600 0.095877 0.954593 -0.282063 0.043100 0.000000 0.000000 0.000000 1.000000
0.983200 -0.046603 0.176482 -1.865100 0.155324 -0.294245 -0.943024 9.103600 0.095877 0.954593 -0.282063 0.043100 0.000000 0.000000 0.000000 1.000000
0.983200 -0.046603 0.176482 -1.865100 0.155324 -0.294245 -0.943024 9.103600 0.095877 0.954593 -0.282063 0.043100 0.000000 0.000000 0.000000 1.000000
0.983200 -0.046603 0.176482 -1.865100 0.155324 -0.294245 -0.943024 9.103600 0.095877 0.954593 -0.282063 0.043100 0.000000 0.000000 0.000000 1.000000
0.983200 -0.046603 0.176483 -1.865100 0.155324 -0.294245 -0.943024 9.103600 0.095877 0.954593 -0.282063 0.043100 0.000000 0.000000 0.000000 1.000000
0.983200 -0.046603 0.176482 -1.865100 0.155323 -0.294245 -0.943024 9.103600 0.095877 0.954593 -0.282063 0.043100 0.000000 0.000000 0.000000 1.000000
0.983200 -0.046603 0.176482 -1.865100 0.155324 -0.294245 -0.943024 9.103600 0.095877 0.954593 -0.282063 0.043100 0.000000 0.000000 0.000000 1.000000
0.983200 -0.046603 0.176482 -1.865100 0.155324 -0.294245 -0.943024 9.103600 0.095877 0.954593 -0.282063 0.043100 0.000000 0.000000 0.000000 1.000000
0.983200 -0.046603 0.176482 -1.865100 0.155324 -0.294245 -0.943024 9.103600 0.095877 0.954593 -0.282063 0.043100 0.000000 0.000000 0.000000 1.000000
0.983200 -0.046603 0.176482 -1.865100 0.155324 -0.294245 -0.943024 9.103600 0.095877 0.954593 -0.282063 0.043100 0.000000 0.000000 0.000000 1.000000
0.983200 -0.046603 0.176482 -1.865100 0.155324 -0.294245 -0.943024 9.103600 0.095877 0.954593 -0.282063 0.043100 0.000000 0.000000 0.000000 1.000000
0.983200 -0.046604 0.176482 -1.865100 0.155323 -0.294245 -0.943024 9.103600 0.095877 0.954593 -0.282063 0.043100 0.000000 0.000000 0.000000 1.000000
0.983200 -0.046604 0.176482 -1.865100 0.155324 -0.294245 -0.943024 9.103600 0.095877 0.954593 -0.282063 0.043100 0.000000 0.000000 0.000000 1.000000
0.983200 -0.046603 0.176483 -1.865100 0.155324 -0.294245 -0.943024 9.103600 0.095877 0.954593 -0.282063 0.043100 0.000000 0.000000 0.000000 1.000000
0.983200 -0.046603 0.176483 -1.865100 0.155324 -0.294245 -0.943024 9.103600 0.095877 0.954593 -0.282063 0.043100 0.000000 0.000000 0.000000 1.000000
0.983200 -0.046603 0.176482 -1.865100 0.155324 -0.294245 -0.943024 9.103600 0.095877 0.954593 -0.282063 0.043100 0.000000 0.000000 0.000000 1.000000
0.983200 -0.046604 0.176482 -1.865100 0.155324 -0.294245 -0.943024 9.103600 0.095877 0.954593 -0.282063 0.043100 0.000000 0.000000 0.000000 1.000000
0.983200 -0.046603 0.176482 -1.865100 0.155324 -0.294245 -0.943024 9.103600 0.095877 0.954593 -0.282063 0.043100 0.000000 0.000000 0.000000 1.000000
0.983200 -0.046603 0.176482 -1.865100 0.155324 -0.294245 -0.943024 9.103600 0.095877 0.954593 -0.282063 0.043100 0.000000 0.000000 0.000000 1.000000
0.983200 -0.046604 0.176482 -1.865100 0.155324 -0.294245 -0.943024 9.103600 0.095877 0.954593 -0.282063 0.043100 0.000000 0.000000 0.000000 1.000000
0.983200 -0.046603 0.176482 -1.865100 0.155324 -0.294245 -0.943024 9.103600 0.095877 0.954593 -0.282063 0.043100 0.000000 0.000000 0.000000 1.000000
0.983200 -0.046603 0.176482 -1.865100 0.155324 -0.294245 -0.943024 9.103600 0.095877 0.954593 -0.282063 0.043100 0.000000 0.000000 0.000000 1.000000
0.983200 -0.046603 0.176482 -1.865100 0.155324 -0.294245 -0.943024 9.103600 0.095877 0.954593 -0.282063 0.043100 0.000000 0.000000 0.000000 1.000000
0.983200 -0.046603 0.176482 -1.865100 0.155324 -0.294245 -0.943024 9.103600 0.095877 0.954593 -0.282063 0.043100 0.000000 0.000000 0.000000 1.000000
0.983200 -0.046603 0.176482 -1.865100 0.155324 -0.294245 -0.943024 9.103600 0.095877 0.954593 -0.282063 0.043100 0.000000 0.000000 0.000000 1.000000
0.983200 -0.046604 0.176482 -1.865100 0.155323 -0.294245 -0.943024 9.103600 0.095877 0.954593 -0.282063 0.043100 0.000000 0.000000 0.000000 1.000000
0.983200 -0.046603 0.176482 -1.865100 0.155323 -0.294245 -0.943024 9.103600 0.095877 0.954593 -0.282063 0.043100 0.000000 0.000000 0.000000 1.000000
0.983200 -0.046603 0.176482 -1.865100 0.155324 -0.294245 -0.943024 9.103600 0.095877 0.954593 -0.282063 0.043100 0.000000 0.000000 0.000000 1.000000
0.983200 -0.046603 0.176482 -1.865100 0.155323 -0.294245 -0.943024 9.103600 0.095877 0.954593 -0.282063 0.043100 0.000000 0.000000 0.000000 1.000000
0.983200 -0.046603 0.176483 -1.865100 0.155324 -0.294245 -0.943024 9.103600 0.095877 0.954593 -0.282063 0.043100 0.000000 0.000000 0.000000 1.000000
0.983200 -0.046603 0.176482 -1.865100 0.155324 -0.294245 -0.943024 9.103600 0.095877 0.954593 -0.282063 0.043100 0.000000 0.000000 0.000000 1.000000
0.983200 -0.046603 0.176482 -1.865100 0.155324 -0.294245 -0.943024 9.103600 0.095877 0.954593 -0.282063 0.043100 0.000000 0.000000 0.000000 1.000000
0.983200 -0.046603 0.176482 -1.865100 0.155323 -0.294245 -0.943024 9.103600 0.095877 0.954593 -0.282063 0.043100 0.000000 0.000000 0.000000 1.000000
0.983200 -0.046603 0.176482 -1.865100 0.155324 -0.294245 -0.943024 9.103600 0.095877 0.954593 -0.282063 0.043100 0.000000 0.000000 0.000000 1.000000
0.983200 -0.046603 0.176483 -1.865100 0.155324 -0.294245 -0.943024 9.103600 0.095877 0.954593 -0.282063 0.043100 0.000000 0.000000 0.000000 1.000000
0.983200 -0.046603 0.176482 -1.865100 0.155324 -0.294245 -0.943024 9.103600 0.095877 0.954593 -0.282063 0.043100 0.000000 0.000000 0.000000 1.000000
0.983200 -0.046603 0.176482 -1.865100 0.155324 -0.294245 -0.943024 9.103600 0.095877 0.954593 -0.282063 0.043100 0.000000 0.000000 0.000000 1.000000</float_array>
        <technique_common>
          <accessor source="#mixamorig_RightHandRing1-Matrix-animation-output-transform-array" count="39" stride="16">
            <param type="float4x4"/>
          </accessor>
        </technique_common>
      </source>
      <source id="mixamorig_RightHandRing1-Interpolations">
        <Name_array id="mixamorig_RightHandRing1-Interpolations-array" count="39">
 LINEAR LINEAR LINEAR LINEAR LINEAR LINEAR LINEAR LINEAR LINEAR LINEAR LINEAR
LINEAR LINEAR LINEAR LINEAR LINEAR LINEAR LINEAR LINEAR LINEAR LINEAR LINEAR LINEAR
LINEAR LINEAR LINEAR LINEAR LINEAR LINEAR LINEAR LINEAR LINEAR LINEAR LINEAR LINEAR
LINEAR LINEAR LINEAR LINEAR</Name_array>
        <technique_common>
          <accessor source="#mixamorig_RightHandRing1-Interpolations-array" count="39">
            <param type="name"/>
          </accessor>
        </technique_common>
      </source>
      <sampler id="mixamorig_RightHandRing1-Matrix-animation-transform">
        <input semantic="INPUT" source="#mixamorig_RightHandRing1-Matrix-animation-input"/>
        <input semantic="OUTPUT" source="#mixamorig_RightHandRing1-Matrix-animation-output-transform"/>
        <input semantic="INTERPOLATION" source="#mixamorig_RightHandRing1-Interpolations"/>
      </sampler>
      <channel source="#mixamorig_RightHandRing1-Matrix-animation-transform" target="mixamorig_RightHandRing1/matrix"/>
    </animation>
    <animation id="mixamorig_RightHandRing2-anim" name="mixamorig_RightHandRing2">
      <source id="mixamorig_RightHandRing2-Matrix-animation-input">
        <float_array id="mixamorig_RightHandRing2-Matrix-animation-input-array" count="39">

0.000000 0.033333 0.066667 0.100000 0.133333 0.166667 0.200000 0.233333 0.266667 0.300000 0.333333 0.366667 0.400000 0.433333 0.466667 0.500000
0.533333 0.566667 0.600000 0.633333 0.666667 0.700000 0.733333 0.766667 0.800000 0.833333 0.866667 0.900000 0.933333 0.966667 1.000000 1.033333
1.066667 1.100000 1.133333 1.166667 1.200000 1.233333 1.266667</float_array>
        <technique_common>
          <accessor source="#mixamorig_RightHandRing2-Matrix-animation-input-array" count="39">
            <param name="TIME" type="float"/>
          </accessor>
        </technique_common>
      </source>
      <source id="mixamorig_RightHandRing2-Matrix-animation-output-transform">
        <float_array id="mixamorig_RightHandRing2-Matrix-animation-output-transform-array" count="624">

0.999954 -0.006387 -0.007120 0.000000 0.000105 0.751682 -0.659526 3.379300 0.009565 0.659495 0.751648 -0.000000 0.000000 0.000000 0.000000 1.000000
0.999954 -0.006387 -0.007121 0.000000 0.000105 0.751682 -0.659525 3.379300 0.009565 0.659495 0.751649 0.000000 0.000000 0.000000 0.000000 1.000000
0.999954 -0.006388 -0.007121 0.000000 0.000105 0.751682 -0.659525 3.379300 0.009566 0.659495 0.751649 0.000000 0.000000 0.000000 0.000000 1.000000
0.999954 -0.006388 -0.007121 0.000000 0.000105 0.751682 -0.659526 3.379300 0.009565 0.659495 0.751648 0.000000 0.000000 0.000000 0.000000 1.000000
0.999954 -0.006388 -0.007121 0.000000 0.000105 0.751682 -0.659526 3.379300 0.009565 0.659495 0.751648 0.000000 0.000000 0.000000 0.000000 1.000000
0.999954 -0.006387 -0.007121 0.000000 0.000105 0.751682 -0.659526 3.379300 0.009565 0.659495 0.751648 0.000000 0.000000 0.000000 0.000000 1.000000
0.999954 -0.006387 -0.007121 -0.000000 0.000105 0.751682 -0.659526 3.379300 0.009565 0.659495 0.751648 0.000000 0.000000 0.000000 0.000000 1.000000
0.999954 -0.006387 -0.007121 -0.000000 0.000105 0.751682 -0.659526 3.379300 0.009565 0.659495 0.751648 0.000000 0.000000 0.000000 0.000000 1.000000
0.999954 -0.006388 -0.007121 -0.000000 0.000105 0.751682 -0.659526 3.379300 0.009565 0.659495 0.751648 0.000000 0.000000 0.000000 0.000000 1.000000
0.999954 -0.006388 -0.007121 0.000000 0.000105 0.751682 -0.659526 3.379300 0.009565 0.659495 0.751648 0.000000 0.000000 0.000000 0.000000 1.000000
0.999954 -0.006388 -0.007121 0.000000 0.000105 0.751682 -0.659526 3.379300 0.009566 0.659495 0.751648 0.000000 0.000000 0.000000 0.000000 1.000000
0.999954 -0.006388 -0.007121 0.000000 0.000105 0.751682 -0.659526 3.379300 0.009565 0.659495 0.751648 0.000000 0.000000 0.000000 0.000000 1.000000
0.999954 -0.006388 -0.007121 0.000000 0.000105 0.751682 -0.659525 3.379300 0.009565 0.659495 0.751649 0.000000 0.000000 0.000000 0.000000 1.000000
0.999954 -0.006388 -0.007121 0.000000 0.000105 0.751682 -0.659526 3.379300 0.009565 0.659495 0.751648 0.000000 0.000000 0.000000 0.000000 1.000000
0.999954 -0.006387 -0.007121 -0.000000 0.000105 0.751682 -0.659526 3.379300 0.009565 0.659495 0.751648 -0.000000 0.000000 0.000000 0.000000 1.000000
0.999954 -0.006388 -0.007121 0.000000 0.000105 0.751682 -0.659526 3.379300 0.009565 0.659495 0.751648 0.000000 0.000000 0.000000 0.000000 1.000000
0.999954 -0.006388 -0.007121 0.000000 0.000105 0.751682 -0.659526 3.379300 0.009565 0.659495 0.751648 0.000000 0.000000 0.000000 0.000000 1.000000
0.999954 -0.006388 -0.007121 0.000000 0.000105 0.751682 -0.659526 3.379300 0.009565 0.659495 0.751648 0.000000 0.000000 0.000000 0.000000 1.000000
0.999954 -0.006387 -0.007121 0.000000 0.000105 0.751682 -0.659526 3.379300 0.009565 0.659495 0.751648 0.000000 0.000000 0.000000 0.000000 1.000000
0.999954 -0.006388 -0.007121 0.000000 0.000105 0.751682 -0.659526 3.379300 0.009565 0.659495 0.751648 -0.000000 0.000000 0.000000 0.000000 1.000000
0.999954 -0.006387 -0.007121 -0.000000 0.000105 0.751682 -0.659526 3.379300 0.009565 0.659495 0.751648 0.000000 0.000000 0.000000 0.000000 1.000000
0.999954 -0.006387 -0.007120 0.000000 0.000105 0.751682 -0.659526 3.379300 0.009565 0.659495 0.751648 -0.000000 0.000000 0.000000 0.000000 1.000000
0.999954 -0.006388 -0.007121 0.000000 0.000105 0.751682 -0.659526 3.379300 0.009565 0.659495 0.751648 0.000000 0.000000 0.000000 0.000000 1.000000
0.999954 -0.006387 -0.007121 0.000000 0.000105 0.751682 -0.659526 3.379300 0.009565 0.659495 0.751648 0.000000 0.000000 0.000000 0.000000 1.000000
0.999954 -0.006388 -0.007121 0.000000 0.000105 0.751682 -0.659526 3.379300 0.009565 0.659495 0.751648 -0.000000 0.000000 0.000000 0.000000 1.000000
0.999954 -0.006388 -0.007121 0.000000 0.000105 0.751682 -0.659526 3.379300 0.009565 0.659495 0.751648 0.000000 0.000000 0.000000 0.000000 1.000000
0.999954 -0.006387 -0.007121 0.000000 0.000105 0.751682 -0.659525 3.379300 0.009565 0.659494 0.751649 0.000000 0.000000 0.000000 0.000000 1.000000
0.999954 -0.006387 -0.007121 -0.000000 0.000105 0.751682 -0.659525 3.379300 0.009565 0.659495 0.751649 0.000000 0.000000 0.000000 0.000000 1.000000
0.999954 -0.006387 -0.007121 0.000000 0.000105 0.751682 -0.659526 3.379300 0.009565 0.659495 0.751648 -0.000000 0.000000 0.000000 0.000000 1.000000
0.999954 -0.006388 -0.007121 0.000000 0.000105 0.751682 -0.659526 3.379300 0.009565 0.659495 0.751648 0.000000 0.000000 0.000000 0.000000 1.000000
0.999954 -0.006388 -0.007121 0.000000 0.000105 0.751682 -0.659526 3.379300 0.009566 0.659495 0.751648 -0.000000 0.000000 0.000000 0.000000 1.000000
0.999954 -0.006388 -0.007121 -0.000000 0.000105 0.751682 -0.659526 3.379300 0.009565 0.659495 0.751648 0.000000 0.000000 0.000000 0.000000 1.000000
0.999954 -0.006387 -0.007121 0.000000 0.000105 0.751682 -0.659526 3.379300 0.009565 0.659495 0.751648 0.000000 0.000000 0.000000 0.000000 1.000000
0.999954 -0.006387 -0.007121 -0.000000 0.000105 0.751682 -0.659526 3.379300 0.009565 0.659495 0.751648 0.000000 0.000000 0.000000 0.000000 1.000000
0.999954 -0.006387 -0.007121 0.000000 0.000105 0.751682 -0.659526 3.379300 0.009565 0.659495 0.751648 0.000000 0.000000 0.000000 0.000000 1.000000
0.999954 -0.006388 -0.007120 -0.000000 0.000105 0.751682 -0.659526 3.379300 0.009565 0.659495 0.751648 0.000000 0.000000 0.000000 0.000000 1.000000
0.999954 -0.006388 -0.007121 0.000000 0.000105 0.751682 -0.659526 3.379300 0.009565 0.659495 0.751648 -0.000000 0.000000 0.000000 0.000000 1.000000
0.999954 -0.006387 -0.007121 0.000000 0.000105 0.751682 -0.659526 3.379300 0.009565 0.659495 0.751648 -0.000000 0.000000 0.000000 0.000000 1.000000
0.999954 -0.006388 -0.007121 -0.000000 0.000105 0.751682 -0.659526 3.379300 0.009565 0.659495 0.751648 -0.000000 0.000000 0.000000 0.000000 1.000000</float_array>
        <technique_common>
          <accessor source="#mixamorig_RightHandRing2-Matrix-animation-output-transform-array" count="39" stride="16">
            <param type="float4x4"/>
          </accessor>
        </technique_common>
      </source>
      <source id="mixamorig_RightHandRing2-Interpolations">
        <Name_array id="mixamorig_RightHandRing2-Interpolations-array" count="39">
 LINEAR LINEAR LINEAR LINEAR LINEAR LINEAR LINEAR LINEAR LINEAR LINEAR LINEAR
LINEAR LINEAR LINEAR LINEAR LINEAR LINEAR LINEAR LINEAR LINEAR LINEAR LINEAR LINEAR
LINEAR LINEAR LINEAR LINEAR LINEAR LINEAR LINEAR LINEAR LINEAR LINEAR LINEAR LINEAR
LINEAR LINEAR LINEAR LINEAR</Name_array>
        <technique_common>
          <accessor source="#mixamorig_RightHandRing2-Interpolations-array" count="39">
            <param type="name"/>
          </accessor>
        </technique_common>
      </source>
      <sampler id="mixamorig_RightHandRing2-Matrix-animation-transform">
        <input semantic="INPUT" source="#mixamorig_RightHandRing2-Matrix-animation-input"/>
        <input semantic="OUTPUT" source="#mixamorig_RightHandRing2-Matrix-animation-output-transform"/>
        <input semantic="INTERPOLATION" source="#mixamorig_RightHandRing2-Interpolations"/>
      </sampler>
      <channel source="#mixamorig_RightHandRing2-Matrix-animation-transform" target="mixamorig_RightHandRing2/matrix"/>
    </animation>
    <animation id="mixamorig_RightHandRing3-anim" name="mixamorig_RightHandRing3">
      <source id="mixamorig_RightHandRing3-Matrix-animation-input">
        <float_array id="mixamorig_RightHandRing3-Matrix-animation-input-array" count="39">

0.000000 0.033333 0.066667 0.100000 0.133333 0.166667 0.200000 0.233333 0.266667 0.300000 0.333333 0.366667 0.400000 0.433333 0.466667 0.500000
0.533333 0.566667 0.600000 0.633333 0.666667 0.700000 0.733333 0.766667 0.800000 0.833333 0.866667 0.900000 0.933333 0.966667 1.000000 1.033333
1.066667 1.100000 1.133333 1.166667 1.200000 1.233333 1.266667</float_array>
        <technique_common>
          <accessor source="#mixamorig_RightHandRing3-Matrix-animation-input-array" count="39">
            <param name="TIME" type="float"/>
          </accessor>
        </technique_common>
      </source>
      <source id="mixamorig_RightHandRing3-Matrix-animation-output-transform">
        <float_array id="mixamorig_RightHandRing3-Matrix-animation-output-transform-array" count="624">

0.999810 -0.000870 -0.019477 -0.000000 -0.014618 0.627594 -0.778403 2.889700 0.012901 0.778540 0.627462 0.000000 0.000000 0.000000 0.000000 1.000000
0.999810 -0.000870 -0.019477 -0.000000 -0.014618 0.627594 -0.778404 2.889700 0.012901 0.778540 0.627462 0.000000 0.000000 0.000000 0.000000 1.000000
0.999810 -0.000870 -0.019477 0.000000 -0.014618 0.627594 -0.778404 2.889700 0.012901 0.778540 0.627462 0.000000 0.000000 0.000000 0.000000 1.000000
0.999810 -0.000870 -0.019477 0.000000 -0.014618 0.627594 -0.778404 2.889700 0.012901 0.778540 0.627462 0.000000 0.000000 0.000000 0.000000 1.000000
0.999810 -0.000870 -0.019477 -0.000000 -0.014618 0.627594 -0.778404 2.889700 0.012901 0.778540 0.627462 0.000000 0.000000 0.000000 0.000000 1.000000
0.999810 -0.000870 -0.019477 0.000000 -0.014618 0.627594 -0.778404 2.889700 0.012901 0.778540 0.627462 -0.000000 0.000000 0.000000 0.000000 1.000000
0.999810 -0.000870 -0.019477 0.000000 -0.014618 0.627594 -0.778404 2.889700 0.012901 0.778540 0.627462 0.000000 0.000000 0.000000 0.000000 1.000000
0.999810 -0.000870 -0.019477 -0.000000 -0.014617 0.627594 -0.778403 2.889700 0.012901 0.778540 0.627462 0.000000 0.000000 0.000000 0.000000 1.000000
0.999810 -0.000870 -0.019477 0.000000 -0.014618 0.627594 -0.778404 2.889700 0.012901 0.778540 0.627462 -0.000000 0.000000 0.000000 0.000000 1.000000
0.999810 -0.000870 -0.019477 0.000000 -0.014618 0.627594 -0.778404 2.889700 0.012901 0.778540 0.627462 0.000000 0.000000 0.000000 0.000000 1.000000
0.999810 -0.000870 -0.019477 -0.000000 -0.014618 0.627594 -0.778404 2.889700 0.012901 0.778540 0.627462 0.000000 0.000000 0.000000 0.000000 1.000000
0.999810 -0.000870 -0.019477 0.000000 -0.014618 0.627594 -0.778404 2.889700 0.012901 0.778540 0.627462 0.000000 0.000000 0.000000 0.000000 1.000000
0.999810 -0.000870 -0.019477 0.000000 -0.014618 0.627594 -0.778404 2.889700 0.012901 0.778540 0.627462 0.000000 0.000000 0.000000 0.000000 1.000000
0.999810 -0.000870 -0.019477 -0.000000 -0.014618 0.627594 -0.778404 2.889700 0.012901 0.778540 0.627462 -0.000000 0.000000 0.000000 0.000000 1.000000
0.999810 -0.000870 -0.019477 0.000000 -0.014618 0.627594 -0.778404 2.889700 0.012901 0.778540 0.627462 0.000000 0.000000 0.000000 0.000000 1.000000
0.999810 -0.000870 -0.019477 0.000000 -0.014618 0.627594 -0.778403 2.889700 0.012901 0.778540 0.627462 0.000000 0.000000 0.000000 0.000000 1.000000
0.999810 -0.000870 -0.019477 0.000000 -0.014618 0.627594 -0.778404 2.889700 0.012901 0.778540 0.627462 0.000000 0.000000 0.000000 0.000000 1.000000
0.999810 -0.000870 -0.019477 0.000000 -0.014618 0.627594 -0.778403 2.889700 0.012901 0.778540 0.627462 0.000000 0.000000 0.000000 0.000000 1.000000
0.999810 -0.000870 -0.019477 0.000000 -0.014618 0.627594 -0.778404 2.889700 0.012901 0.778540 0.627462 0.000000 0.000000 0.000000 0.000000 1.000000
0.999810 -0.000870 -0.019477 0.000000 -0.014618 0.627594 -0.778403 2.889700 0.012901 0.778540 0.627462 -0.000000 0.000000 0.000000 0.000000 1.000000
0.999810 -0.000870 -0.019477 -0.000000 -0.014618 0.627594 -0.778404 2.889700 0.012901 0.778540 0.627462 0.000000 0.000000 0.000000 0.000000 1.000000
0.999810 -0.000870 -0.019477 0.000000 -0.014618 0.627594 -0.778403 2.889700 0.012901 0.778540 0.627462 0.000000 0.000000 0.000000 0.000000 1.000000
0.999810 -0.000870 -0.019477 0.000000 -0.014618 0.627594 -0.778403 2.889700 0.012901 0.778540 0.627462 0.000000 0.000000 0.000000 0.000000 1.000000
0.999810 -0.000870 -0.019477 0.000000 -0.014618 0.627594 -0.778404 2.889700 0.012901 0.778541 0.627462 -0.000000 0.000000 0.000000 0.000000 1.000000
0.999810 -0.000870 -0.019477 -0.000000 -0.014618 0.627594 -0.778403 2.889700 0.012901 0.778540 0.627462 0.000000 0.000000 0.000000 0.000000 1.000000
0.999810 -0.000870 -0.019477 -0.000000 -0.014618 0.627594 -0.778404 2.889700 0.012901 0.778540 0.627462 0.000000 0.000000 0.000000 0.000000 1.000000
0.999810 -0.000870 -0.019477 0.000000 -0.014618 0.627594 -0.778404 2.889700 0.012901 0.778540 0.627462 0.000000 0.000000 0.000000 0.000000 1.000000
0.999810 -0.000870 -0.019477 0.000000 -0.014618 0.627594 -0.778404 2.889700 0.012901 0.778540 0.627462 0.000000 0.000000 0.000000 0.000000 1.000000
0.999810 -0.000870 -0.019477 0.000000 -0.014618 0.627594 -0.778404 2.889700 0.012901 0.778540 0.627462 0.000000 0.000000 0.000000 0.000000 1.000000
0.999810 -0.000870 -0.019477 0.000000 -0.014618 0.627594 -0.778404 2.889700 0.012901 0.778540 0.627462 0.000000 0.000000 0.000000 0.000000 1.000000
0.999810 -0.000870 -0.019477 0.000000 -0.014618 0.627594 -0.778404 2.889700 0.012901 0.778540 0.627462 -0.000000 0.000000 0.000000 0.000000 1.000000
0.999810 -0.000870 -0.019477 0.000000 -0.014618 0.627594 -0.778404 2.889700 0.012901 0.778540 0.627462 -0.000000 0.000000 0.000000 0.000000 1.000000
0.999810 -0.000870 -0.019477 0.000000 -0.014618 0.627594 -0.778403 2.889700 0.012901 0.778540 0.627462 0.000000 0.000000 0.000000 0.000000 1.000000
0.999810 -0.000870 -0.019477 0.000000 -0.014618 0.627594 -0.778403 2.889700 0.012901 0.778540 0.627462 0.000000 0.000000 0.000000 0.000000 1.000000
0.999810 -0.000870 -0.019477 0.000000 -0.014618 0.627594 -0.778403 2.889700 0.012901 0.778540 0.627462 -0.000000 0.000000 0.000000 0.000000 1.000000
0.999810 -0.000870 -0.019477 0.000000 -0.014618 0.627594 -0.778404 2.889700 0.012901 0.778540 0.627462 0.000000 0.000000 0.000000 0.000000 1.000000
0.999810 -0.000870 -0.019477 -0.000000 -0.014618 0.627594 -0.778404 2.889700 0.012901 0.778540 0.627462 0.000000 0.000000 0.000000 0.000000 1.000000
0.999810 -0.000870 -0.019477 -0.000000 -0.014618 0.627594 -0.778403 2.889700 0.012901 0.778540 0.627462 0.000000 0.000000 0.000000 0.000000 1.000000
0.999810 -0.000870 -0.019477 0.000000 -0.014618 0.627594 -0.778403 2.889700 0.012901 0.778540 0.627462 0.000000 0.000000 0.000000 0.000000 1.000000</float_array>
        <technique_common>
          <accessor source="#mixamorig_RightHandRing3-Matrix-animation-output-transform-array" count="39" stride="16">
            <param type="float4x4"/>
          </accessor>
        </technique_common>
      </source>
      <source id="mixamorig_RightHandRing3-Interpolations">
        <Name_array id="mixamorig_RightHandRing3-Interpolations-array" count="39">
 LINEAR LINEAR LINEAR LINEAR LINEAR LINEAR LINEAR LINEAR LINEAR LINEAR LINEAR
LINEAR LINEAR LINEAR LINEAR LINEAR LINEAR LINEAR LINEAR LINEAR LINEAR LINEAR LINEAR
LINEAR LINEAR LINEAR LINEAR LINEAR LINEAR LINEAR LINEAR LINEAR LINEAR LINEAR LINEAR
LINEAR LINEAR LINEAR LINEAR</Name_array>
        <technique_common>
          <accessor source="#mixamorig_RightHandRing3-Interpolations-array" count="39">
            <param type="name"/>
          </accessor>
        </technique_common>
      </source>
      <sampler id="mixamorig_RightHandRing3-Matrix-animation-transform">
        <input semantic="INPUT" source="#mixamorig_RightHandRing3-Matrix-animation-input"/>
        <input semantic="OUTPUT" source="#mixamorig_RightHandRing3-Matrix-animation-output-transform"/>
        <input semantic="INTERPOLATION" source="#mixamorig_RightHandRing3-Interpolations"/>
      </sampler>
      <channel source="#mixamorig_RightHandRing3-Matrix-animation-transform" target="mixamorig_RightHandRing3/matrix"/>
    </animation>
    <animation id="mixamorig_RightHandPinky1-anim" name="mixamorig_RightHandPinky1">
      <source id="mixamorig_RightHandPinky1-Matrix-animation-input">
        <float_array id="mixamorig_RightHandPinky1-Matrix-animation-input-array" count="39">

0.000000 0.033333 0.066667 0.100000 0.133333 0.166667 0.200000 0.233333 0.266667 0.300000 0.333333 0.366667 0.400000 0.433333 0.466667 0.500000
0.533333 0.566667 0.600000 0.633333 0.666667 0.700000 0.733333 0.766667 0.800000 0.833333 0.866667 0.900000 0.933333 0.966667 1.000000 1.033333
1.066667 1.100000 1.133333 1.166667 1.200000 1.233333 1.266667</float_array>
        <technique_common>
          <accessor source="#mixamorig_RightHandPinky1-Matrix-animation-input-array" count="39">
            <param name="TIME" type="float"/>
          </accessor>
        </technique_common>
      </source>
      <source id="mixamorig_RightHandPinky1-Matrix-animation-output-transform">
        <float_array id="mixamorig_RightHandPinky1-Matrix-animation-output-transform-array" count="624">

0.949379 -0.070313 0.306163 -3.806300 0.294851 -0.136751 -0.945707 8.076700 0.108364 0.988107 -0.109096 0.486700 0.000000 0.000000 0.000000 1.000000
0.949379 -0.070313 0.306163 -3.806300 0.294851 -0.136751 -0.945707 8.076700 0.108364 0.988107 -0.109097 0.486700 0.000000 0.000000 0.000000 1.000000
0.949379 -0.070313 0.306163 -3.806300 0.294851 -0.136751 -0.945707 8.076700 0.108364 0.988107 -0.109096 0.486700 0.000000 0.000000 0.000000 1.000000
0.949379 -0.070313 0.306163 -3.806300 0.294851 -0.136751 -0.945707 8.076700 0.108364 0.988107 -0.109096 0.486700 0.000000 0.000000 0.000000 1.000000
0.949379 -0.070313 0.306163 -3.806300 0.294851 -0.136751 -0.945707 8.076700 0.108364 0.988107 -0.109096 0.486700 0.000000 0.000000 0.000000 1.000000
0.949379 -0.070313 0.306163 -3.806300 0.294851 -0.136751 -0.945707 8.076700 0.108363 0.988107 -0.109097 0.486700 0.000000 0.000000 0.000000 1.000000
0.949379 -0.070313 0.306163 -3.806300 0.294851 -0.136751 -0.945707 8.076700 0.108364 0.988107 -0.109097 0.486700 0.000000 0.000000 0.000000 1.000000
0.949379 -0.070313 0.306163 -3.806300 0.294851 -0.136751 -0.945707 8.076700 0.108364 0.988107 -0.109097 0.486700 0.000000 0.000000 0.000000 1.000000
0.949379 -0.070313 0.306163 -3.806300 0.294851 -0.136751 -0.945707 8.076700 0.108364 0.988107 -0.109097 0.486700 0.000000 0.000000 0.000000 1.000000
0.949379 -0.070313 0.306163 -3.806300 0.294851 -0.136751 -0.945707 8.076700 0.108364 0.988107 -0.109096 0.486700 0.000000 0.000000 0.000000 1.000000
0.949379 -0.070313 0.306163 -3.806300 0.294851 -0.136751 -0.945707 8.076700 0.108363 0.988107 -0.109096 0.486700 0.000000 0.000000 0.000000 1.000000
0.949379 -0.070313 0.306163 -3.806300 0.294851 -0.136751 -0.945707 8.076700 0.108364 0.988107 -0.109096 0.486700 0.000000 0.000000 0.000000 1.000000
0.949379 -0.070313 0.306163 -3.806300 0.294851 -0.136751 -0.945707 8.076700 0.108364 0.988107 -0.109096 0.486700 0.000000 0.000000 0.000000 1.000000
0.949379 -0.070313 0.306163 -3.806300 0.294851 -0.136751 -0.945707 8.076700 0.108364 0.988107 -0.109096 0.486700 0.000000 0.000000 0.000000 1.000000
0.949379 -0.070313 0.306163 -3.806300 0.294851 -0.136751 -0.945707 8.076700 0.108364 0.988107 -0.109096 0.486700 0.000000 0.000000 0.000000 1.000000
0.949379 -0.070313 0.306163 -3.806300 0.294851 -0.136751 -0.945707 8.076700 0.108364 0.988107 -0.109097 0.486700 0.000000 0.000000 0.000000 1.000000
0.949379 -0.070313 0.306163 -3.806300 0.294851 -0.136750 -0.945707 8.076700 0.108364 0.988107 -0.109096 0.486700 0.000000 0.000000 0.000000 1.000000
0.949379 -0.070313 0.306163 -3.806300 0.294851 -0.136751 -0.945707 8.076700 0.108364 0.988107 -0.109096 0.486700 0.000000 0.000000 0.000000 1.000000
0.949379 -0.070313 0.306163 -3.806300 0.294851 -0.136751 -0.945707 8.076700 0.108364 0.988107 -0.109097 0.486700 0.000000 0.000000 0.000000 1.000000
0.949379 -0.070313 0.306163 -3.806300 0.294851 -0.136751 -0.945707 8.076700 0.108364 0.988107 -0.109096 0.486700 0.000000 0.000000 0.000000 1.000000
0.949379 -0.070313 0.306163 -3.806300 0.294851 -0.136751 -0.945707 8.076700 0.108363 0.988107 -0.109097 0.486700 0.000000 0.000000 0.000000 1.000000
0.949379 -0.070313 0.306163 -3.806300 0.294851 -0.136751 -0.945707 8.076700 0.108364 0.988107 -0.109096 0.486700 0.000000 0.000000 0.000000 1.000000
0.949379 -0.070313 0.306163 -3.806300 0.294851 -0.136751 -0.945707 8.076700 0.108363 0.988107 -0.109097 0.486700 0.000000 0.000000 0.000000 1.000000
0.949379 -0.070313 0.306163 -3.806300 0.294851 -0.136751 -0.945707 8.076700 0.108364 0.988107 -0.109096 0.486700 0.000000 0.000000 0.000000 1.000000
0.949379 -0.070313 0.306163 -3.806300 0.294851 -0.136751 -0.945707 8.076700 0.108364 0.988107 -0.109097 0.486700 0.000000 0.000000 0.000000 1.000000
0.949379 -0.070313 0.306163 -3.806300 0.294851 -0.136750 -0.945707 8.076700 0.108363 0.988107 -0.109096 0.486700 0.000000 0.000000 0.000000 1.000000
0.949379 -0.070313 0.306163 -3.806300 0.294851 -0.136751 -0.945707 8.076700 0.108364 0.988107 -0.109097 0.486700 0.000000 0.000000 0.000000 1.000000
0.949379 -0.070313 0.306163 -3.806300 0.294851 -0.136751 -0.945707 8.076700 0.108364 0.988107 -0.109097 0.486700 0.000000 0.000000 0.000000 1.000000
0.949379 -0.070313 0.306163 -3.806300 0.294851 -0.136751 -0.945707 8.076700 0.108363 0.988107 -0.109096 0.486700 0.000000 0.000000 0.000000 1.000000
0.949379 -0.070313 0.306163 -3.806300 0.294851 -0.136751 -0.945707 8.076700 0.108364 0.988107 -0.109097 0.486700 0.000000 0.000000 0.000000 1.000000
0.949379 -0.070313 0.306163 -3.806300 0.294851 -0.136751 -0.945707 8.076700 0.108364 0.988107 -0.109096 0.486700 0.000000 0.000000 0.000000 1.000000
0.949379 -0.070313 0.306163 -3.806300 0.294851 -0.136751 -0.945707 8.076700 0.108363 0.988107 -0.109097 0.486700 0.000000 0.000000 0.000000 1.000000
0.949379 -0.070313 0.306163 -3.806300 0.294851 -0.136751 -0.945707 8.076700 0.108363 0.988107 -0.109097 0.486700 0.000000 0.000000 0.000000 1.000000
0.949379 -0.070313 0.306163 -3.806300 0.294851 -0.136751 -0.945707 8.076700 0.108363 0.988107 -0.109096 0.486700 0.000000 0.000000 0.000000 1.000000
0.949379 -0.070313 0.306163 -3.806300 0.294850 -0.136751 -0.945707 8.076700 0.108363 0.988107 -0.109096 0.486700 0.000000 0.000000 0.000000 1.000000
0.949379 -0.070313 0.306163 -3.806300 0.294851 -0.136751 -0.945707 8.076700 0.108364 0.988107 -0.109097 0.486700 0.000000 0.000000 0.000000 1.000000
0.949379 -0.070313 0.306163 -3.806300 0.294851 -0.136751 -0.945707 8.076700 0.108364 0.988107 -0.109097 0.486700 0.000000 0.000000 0.000000 1.000000
0.949379 -0.070313 0.306163 -3.806300 0.294851 -0.136751 -0.945707 8.076700 0.108364 0.988107 -0.109097 0.486700 0.000000 0.000000 0.000000 1.000000
0.949379 -0.070313 0.306163 -3.806300 0.294851 -0.136751 -0.945707 8.076700 0.108363 0.988107 -0.109097 0.486700 0.000000 0.000000 0.000000 1.000000</float_array>
        <technique_common>
          <accessor source="#mixamorig_RightHandPinky1-Matrix-animation-output-transform-array" count="39" stride="16">
            <param type="float4x4"/>
          </accessor>
        </technique_common>
      </source>
      <source id="mixamorig_RightHandPinky1-Interpolations">
        <Name_array id="mixamorig_RightHandPinky1-Interpolations-array" count="39">
 LINEAR LINEAR LINEAR LINEAR LINEAR LINEAR LINEAR LINEAR LINEAR LINEAR LINEAR
LINEAR LINEAR LINEAR LINEAR LINEAR LINEAR LINEAR LINEAR LINEAR LINEAR LINEAR LINEAR
LINEAR LINEAR LINEAR LINEAR LINEAR LINEAR LINEAR LINEAR LINEAR LINEAR LINEAR LINEAR
LINEAR LINEAR LINEAR LINEAR</Name_array>
        <technique_common>
          <accessor source="#mixamorig_RightHandPinky1-Interpolations-array" count="39">
            <param type="name"/>
          </accessor>
        </technique_common>
      </source>
      <sampler id="mixamorig_RightHandPinky1-Matrix-animation-transform">
        <input semantic="INPUT" source="#mixamorig_RightHandPinky1-Matrix-animation-input"/>
        <input semantic="OUTPUT" source="#mixamorig_RightHandPinky1-Matrix-animation-output-transform"/>
        <input semantic="INTERPOLATION" source="#mixamorig_RightHandPinky1-Interpolations"/>
      </sampler>
      <channel source="#mixamorig_RightHandPinky1-Matrix-animation-transform" target="mixamorig_RightHandPinky1/matrix"/>
    </animation>
    <animation id="mixamorig_RightHandPinky2-anim" name="mixamorig_RightHandPinky2">
      <source id="mixamorig_RightHandPinky2-Matrix-animation-input">
        <float_array id="mixamorig_RightHandPinky2-Matrix-animation-input-array" count="39">

0.000000 0.033333 0.066667 0.100000 0.133333 0.166667 0.200000 0.233333 0.266667 0.300000 0.333333 0.366667 0.400000 0.433333 0.466667 0.500000
0.533333 0.566667 0.600000 0.633333 0.666667 0.700000 0.733333 0.766667 0.800000 0.833333 0.866667 0.900000 0.933333 0.966667 1.000000 1.033333
1.066667 1.100000 1.133333 1.166667 1.200000 1.233333 1.266667</float_array>
        <technique_common>
          <accessor source="#mixamorig_RightHandPinky2-Matrix-animation-input-array" count="39">
            <param name="TIME" type="float"/>
          </accessor>
        </technique_common>
      </source>
      <source id="mixamorig_RightHandPinky2-Matrix-animation-output-transform">
        <float_array id="mixamorig_RightHandPinky2-Matrix-animation-output-transform-array" count="624">

1.000000 -0.000292 0.000099 0.000000 0.000279 0.721207 -0.692719 3.600000 0.000131 0.692719 0.721208 0.000000 0.000000 0.000000 0.000000 1.000000
1.000000 -0.000292 0.000099 0.000000 0.000279 0.721207 -0.692719 3.600000 0.000131 0.692719 0.721207 -0.000000 0.000000 0.000000 0.000000 1.000000
1.000000 -0.000292 0.000099 0.000000 0.000279 0.721207 -0.692719 3.600000 0.000131 0.692719 0.721208 0.000000 0.000000 0.000000 0.000000 1.000000
1.000000 -0.000292 0.000099 0.000000 0.000279 0.721208 -0.692719 3.600000 0.000131 0.692719 0.721208 -0.000000 0.000000 0.000000 0.000000 1.000000
1.000000 -0.000292 0.000099 0.000000 0.000279 0.721207 -0.692719 3.600000 0.000131 0.692719 0.721207 0.000000 0.000000 0.000000 0.000000 1.000000
1.000000 -0.000292 0.000099 0.000000 0.000279 0.721208 -0.692719 3.600000 0.000131 0.692719 0.721208 0.000000 0.000000 0.000000 0.000000 1.000000
1.000000 -0.000292 0.000099 0.000000 0.000279 0.721207 -0.692719 3.600000 0.000131 0.692719 0.721207 -0.000000 0.000000 0.000000 0.000000 1.000000
1.000000 -0.000292 0.000099 -0.000000 0.000279 0.721207 -0.692719 3.600000 0.000131 0.692719 0.721207 0.000000 0.000000 0.000000 0.000000 1.000000
1.000000 -0.000292 0.000099 0.000000 0.000279 0.721208 -0.692719 3.600000 0.000131 0.692719 0.721208 0.000000 0.000000 0.000000 0.000000 1.000000
1.000000 -0.000292 0.000099 0.000000 0.000279 0.721207 -0.692719 3.600000 0.000131 0.692719 0.721207 0.000000 0.000000 0.000000 0.000000 1.000000
1.000000 -0.000292 0.000099 -0.000000 0.000279 0.721208 -0.692719 3.600000 0.000131 0.692719 0.721208 0.000000 0.000000 0.000000 0.000000 1.000000
1.000000 -0.000292 0.000099 -0.000000 0.000279 0.721207 -0.692719 3.600000 0.000131 0.692719 0.721207 0.000000 0.000000 0.000000 0.000000 1.000000
1.000000 -0.000292 0.000099 0.000000 0.000279 0.721207 -0.692719 3.600000 0.000131 0.692719 0.721208 0.000000 0.000000 0.000000 0.000000 1.000000
1.000000 -0.000292 0.000099 0.000000 0.000279 0.721207 -0.692719 3.600000 0.000131 0.692719 0.721208 0.000000 0.000000 0.000000 0.000000 1.000000
1.000000 -0.000292 0.000099 0.000000 0.000279 0.721208 -0.692719 3.600000 0.000131 0.692719 0.721208 0.000000 0.000000 0.000000 0.000000 1.000000
1.000000 -0.000292 0.000099 0.000000 0.000279 0.721208 -0.692719 3.600000 0.000131 0.692719 0.721208 0.000000 0.000000 0.000000 0.000000 1.000000
1.000000 -0.000292 0.000099 0.000000 0.000279 0.721207 -0.692719 3.600000 0.000131 0.692719 0.721207 -0.000000 0.000000 0.000000 0.000000 1.000000
1.000000 -0.000292 0.000099 -0.000000 0.000279 0.721207 -0.692719 3.600000 0.000131 0.692719 0.721208 -0.000000 0.000000 0.000000 0.000000 1.000000
1.000000 -0.000292 0.000099 -0.000000 0.000279 0.721207 -0.692719 3.600000 0.000131 0.692719 0.721208 0.000000 0.000000 0.000000 0.000000 1.000000
1.000000 -0.000292 0.000099 0.000000 0.000279 0.721207 -0.692719 3.600000 0.000131 0.692719 0.721207 0.000000 0.000000 0.000000 0.000000 1.000000
1.000000 -0.000292 0.000099 0.000000 0.000279 0.721207 -0.692719 3.600000 0.000131 0.692719 0.721207 0.000000 0.000000 0.000000 0.000000 1.000000
1.000000 -0.000292 0.000099 -0.000000 0.000279 0.721207 -0.692719 3.600000 0.000131 0.692719 0.721207 -0.000000 0.000000 0.000000 0.000000 1.000000
1.000000 -0.000292 0.000099 0.000000 0.000279 0.721207 -0.692719 3.600000 0.000131 0.692719 0.721207 0.000000 0.000000 0.000000 0.000000 1.000000
1.000000 -0.000292 0.000098 0.000000 0.000279 0.721207 -0.692719 3.600000 0.000131 0.692719 0.721207 0.000000 0.000000 0.000000 0.000000 1.000000
1.000000 -0.000292 0.000099 0.000000 0.000279 0.721207 -0.692719 3.600000 0.000131 0.692719 0.721207 0.000000 0.000000 0.000000 0.000000 1.000000
1.000000 -0.000292 0.000099 0.000000 0.000279 0.721208 -0.692719 3.600000 0.000131 0.692719 0.721208 0.000000 0.000000 0.000000 0.000000 1.000000
1.000000 -0.000292 0.000099 0.000000 0.000279 0.721207 -0.692719 3.600000 0.000131 0.692719 0.721208 0.000000 0.000000 0.000000 0.000000 1.000000
1.000000 -0.000292 0.000099 0.000000 0.000279 0.721207 -0.692719 3.600000 0.000131 0.692719 0.721207 0.000000 0.000000 0.000000 0.000000 1.000000
1.000000 -0.000292 0.000099 0.000000 0.000279 0.721207 -0.692719 3.600000 0.000131 0.692719 0.721207 0.000000 0.000000 0.000000 0.000000 1.000000
1.000000 -0.000292 0.000099 -0.000000 0.000279 0.721207 -0.692719 3.600000 0.000131 0.692719 0.721207 0.000000 0.000000 0.000000 0.000000 1.000000
1.000000 -0.000292 0.000099 -0.000000 0.000279 0.721207 -0.692719 3.600000 0.000131 0.692719 0.721207 0.000000 0.000000 0.000000 0.000000 1.000000
1.000000 -0.000292 0.000099 0.000000 0.000279 0.721207 -0.692719 3.600000 0.000131 0.692719 0.721207 0.000000 0.000000 0.000000 0.000000 1.000000
1.000000 -0.000292 0.000098 -0.000000 0.000279 0.721208 -0.692719 3.600000 0.000131 0.692719 0.721208 0.000000 0.000000 0.000000 0.000000 1.000000
1.000000 -0.000292 0.000099 0.000000 0.000279 0.721207 -0.692719 3.600000 0.000131 0.692719 0.721207 0.000000 0.000000 0.000000 0.000000 1.000000
1.000000 -0.000292 0.000099 -0.000000 0.000279 0.721207 -0.692719 3.600000 0.000131 0.692719 0.721207 0.000000 0.000000 0.000000 0.000000 1.000000
1.000000 -0.000292 0.000099 0.000000 0.000279 0.721207 -0.692719 3.600000 0.000131 0.692719 0.721208 0.000000 0.000000 0.000000 0.000000 1.000000
1.000000 -0.000292 0.000099 0.000000 0.000279 0.721207 -0.692719 3.600000 0.000131 0.692719 0.721207 0.000000 0.000000 0.000000 0.000000 1.000000
1.000000 -0.000292 0.000099 -0.000000 0.000279 0.721207 -0.692719 3.600000 0.000131 0.692719 0.721207 0.000000 0.000000 0.000000 0.000000 1.000000
1.000000 -0.000292 0.000099 0.000000 0.000279 0.721208 -0.692719 3.600000 0.000131 0.692719 0.721208 0.000000 0.000000 0.000000 0.000000 1.000000</float_array>
        <technique_common>
          <accessor source="#mixamorig_RightHandPinky2-Matrix-animation-output-transform-array" count="39" stride="16">
            <param type="float4x4"/>
          </accessor>
        </technique_common>
      </source>
      <source id="mixamorig_RightHandPinky2-Interpolations">
        <Name_array id="mixamorig_RightHandPinky2-Interpolations-array" count="39">
 LINEAR LINEAR LINEAR LINEAR LINEAR LINEAR LINEAR LINEAR LINEAR LINEAR LINEAR
LINEAR LINEAR LINEAR LINEAR LINEAR LINEAR LINEAR LINEAR LINEAR LINEAR LINEAR LINEAR
LINEAR LINEAR LINEAR LINEAR LINEAR LINEAR LINEAR LINEAR LINEAR LINEAR LINEAR LINEAR
LINEAR LINEAR LINEAR LINEAR</Name_array>
        <technique_common>
          <accessor source="#mixamorig_RightHandPinky2-Interpolations-array" count="39">
            <param type="name"/>
          </accessor>
        </technique_common>
      </source>
      <sampler id="mixamorig_RightHandPinky2-Matrix-animation-transform">
        <input semantic="INPUT" source="#mixamorig_RightHandPinky2-Matrix-animation-input"/>
        <input semantic="OUTPUT" source="#mixamorig_RightHandPinky2-Matrix-animation-output-transform"/>
        <input semantic="INTERPOLATION" source="#mixamorig_RightHandPinky2-Interpolations"/>
      </sampler>
      <channel source="#mixamorig_RightHandPinky2-Matrix-animation-transform" target="mixamorig_RightHandPinky2/matrix"/>
    </animation>
    <animation id="mixamorig_RightHandPinky3-anim" name="mixamorig_RightHandPinky3">
      <source id="mixamorig_RightHandPinky3-Matrix-animation-input">
        <float_array id="mixamorig_RightHandPinky3-Matrix-animation-input-array" count="39">

0.000000 0.033333 0.066667 0.100000 0.133333 0.166667 0.200000 0.233333 0.266667 0.300000 0.333333 0.366667 0.400000 0.433333 0.466667 0.500000
0.533333 0.566667 0.600000 0.633333 0.666667 0.700000 0.733333 0.766667 0.800000 0.833333 0.866667 0.900000 0.933333 0.966667 1.000000 1.033333
1.066667 1.100000 1.133333 1.166667 1.200000 1.233333 1.266667</float_array>
        <technique_common>
          <accessor source="#mixamorig_RightHandPinky3-Matrix-animation-input-array" count="39">
            <param name="TIME" type="float"/>
          </accessor>
        </technique_common>
      </source>
      <source id="mixamorig_RightHandPinky3-Matrix-animation-output-transform">
        <float_array id="mixamorig_RightHandPinky3-Matrix-animation-output-transform-array" count="624">

1.000000 -0.000402 0.000264 0.000000 0.000438 0.533547 -0.845770 2.100000 0.000199 0.845770 0.533547 0.000000 0.000000 0.000000 0.000000 1.000000
1.000000 -0.000402 0.000264 0.000000 0.000438 0.533547 -0.845770 2.100000 0.000199 0.845770 0.533547 0.000000 0.000000 0.000000 0.000000 1.000000
1.000000 -0.000402 0.000264 0.000000 0.000438 0.533547 -0.845770 2.100000 0.000199 0.845770 0.533547 0.000000 0.000000 0.000000 0.000000 1.000000
1.000000 -0.000402 0.000264 0.000000 0.000438 0.533547 -0.845770 2.100000 0.000199 0.845770 0.533548 -0.000000 0.000000 0.000000 0.000000 1.000000
1.000000 -0.000402 0.000264 0.000000 0.000438 0.533547 -0.845770 2.100000 0.000199 0.845770 0.533548 0.000000 0.000000 0.000000 0.000000 1.000000
1.000000 -0.000402 0.000264 0.000000 0.000438 0.533547 -0.845770 2.100000 0.000199 0.845770 0.533548 0.000000 0.000000 0.000000 0.000000 1.000000
1.000000 -0.000402 0.000264 0.000000 0.000438 0.533547 -0.845770 2.100000 0.000199 0.845770 0.533547 0.000000 0.000000 0.000000 0.000000 1.000000
1.000000 -0.000402 0.000264 0.000000 0.000438 0.533547 -0.845770 2.100000 0.000199 0.845770 0.533547 0.000000 0.000000 0.000000 0.000000 1.000000
1.000000 -0.000402 0.000264 0.000000 0.000438 0.533547 -0.845770 2.100000 0.000199 0.845770 0.533547 -0.000000 0.000000 0.000000 0.000000 1.000000
1.000000 -0.000402 0.000264 0.000000 0.000438 0.533547 -0.845770 2.100000 0.000199 0.845770 0.533547 -0.000000 0.000000 0.000000 0.000000 1.000000
1.000000 -0.000402 0.000264 0.000000 0.000438 0.533547 -0.845770 2.100000 0.000199 0.845770 0.533547 0.000000 0.000000 0.000000 0.000000 1.000000
1.000000 -0.000402 0.000264 0.000000 0.000438 0.533547 -0.845770 2.100000 0.000199 0.845770 0.533547 0.000000 0.000000 0.000000 0.000000 1.000000
1.000000 -0.000402 0.000264 0.000000 0.000438 0.533547 -0.845770 2.100000 0.000199 0.845770 0.533547 0.000000 0.000000 0.000000 0.000000 1.000000
1.000000 -0.000402 0.000264 0.000000 0.000438 0.533547 -0.845770 2.100000 0.000199 0.845770 0.533547 0.000000 0.000000 0.000000 0.000000 1.000000
1.000000 -0.000402 0.000264 0.000000 0.000438 0.533547 -0.845770 2.100000 0.000199 0.845770 0.533547 -0.000000 0.000000 0.000000 0.000000 1.000000
1.000000 -0.000402 0.000264 0.000000 0.000438 0.533547 -0.845770 2.100000 0.000199 0.845770 0.533547 0.000000 0.000000 0.000000 0.000000 1.000000
1.000000 -0.000402 0.000264 0.000000 0.000438 0.533547 -0.845770 2.100000 0.000199 0.845770 0.533547 0.000000 0.000000 0.000000 0.000000 1.000000
1.000000 -0.000402 0.000264 0.000000 0.000438 0.533547 -0.845770 2.100000 0.000199 0.845770 0.533547 0.000000 0.000000 0.000000 0.000000 1.000000
1.000000 -0.000402 0.000264 -0.000000 0.000438 0.533547 -0.845770 2.100000 0.000199 0.845770 0.533547 0.000000 0.000000 0.000000 0.000000 1.000000
1.000000 -0.000402 0.000264 0.000000 0.000438 0.533547 -0.845770 2.100000 0.000199 0.845770 0.533547 0.000000 0.000000 0.000000 0.000000 1.000000
1.000000 -0.000402 0.000264 0.000000 0.000438 0.533547 -0.845770 2.100000 0.000199 0.845770 0.533547 0.000000 0.000000 0.000000 0.000000 1.000000
1.000000 -0.000402 0.000264 0.000000 0.000438 0.533547 -0.845770 2.100000 0.000199 0.845770 0.533547 0.000000 0.000000 0.000000 0.000000 1.000000
1.000000 -0.000402 0.000264 -0.000000 0.000438 0.533547 -0.845770 2.100000 0.000199 0.845770 0.533547 0.000000 0.000000 0.000000 0.000000 1.000000
1.000000 -0.000402 0.000264 0.000000 0.000438 0.533547 -0.845770 2.100000 0.000199 0.845770 0.533547 0.000000 0.000000 0.000000 0.000000 1.000000
1.000000 -0.000402 0.000264 0.000000 0.000438 0.533547 -0.845770 2.100000 0.000199 0.845770 0.533547 -0.000000 0.000000 0.000000 0.000000 1.000000
1.000000 -0.000402 0.000264 0.000000 0.000437 0.533547 -0.845770 2.100000 0.000199 0.845770 0.533547 0.000000 0.000000 0.000000 0.000000 1.000000
1.000000 -0.000402 0.000264 -0.000000 0.000438 0.533547 -0.845770 2.100000 0.000199 0.845770 0.533547 0.000000 0.000000 0.000000 0.000000 1.000000
1.000000 -0.000402 0.000264 0.000000 0.000438 0.533547 -0.845770 2.100000 0.000199 0.845770 0.533547 0.000000 0.000000 0.000000 0.000000 1.000000
1.000000 -0.000402 0.000264 0.000000 0.000438 0.533547 -0.845770 2.100000 0.000199 0.845770 0.533547 0.000000 0.000000 0.000000 0.000000 1.000000
1.000000 -0.000402 0.000264 0.000000 0.000438 0.533547 -0.845770 2.100000 0.000199 0.845770 0.533548 0.000000 0.000000 0.000000 0.000000 1.000000
1.000000 -0.000402 0.000264 0.000000 0.000438 0.533547 -0.845770 2.100000 0.000199 0.845770 0.533547 -0.000000 0.000000 0.000000 0.000000 1.000000
1.000000 -0.000402 0.000264 -0.000000 0.000438 0.533547 -0.845770 2.100000 0.000199 0.845770 0.533547 0.000000 0.000000 0.000000 0.000000 1.000000
1.000000 -0.000402 0.000264 0.000000 0.000438 0.533547 -0.845770 2.100000 0.000199 0.845770 0.533547 -0.000000 0.000000 0.000000 0.000000 1.000000
1.000000 -0.000402 0.000264 0.000000 0.000438 0.533547 -0.845770 2.100000 0.000199 0.845770 0.533548 0.000000 0.000000 0.000000 0.000000 1.000000
1.000000 -0.000402 0.000264 0.000000 0.000438 0.533547 -0.845770 2.100000 0.000199 0.845770 0.533547 0.000000 0.000000 0.000000 0.000000 1.000000
1.000000 -0.000402 0.000264 0.000000 0.000438 0.533547 -0.845770 2.100000 0.000199 0.845770 0.533547 0.000000 0.000000 0.000000 0.000000 1.000000
1.000000 -0.000402 0.000264 0.000000 0.000438 0.533547 -0.845770 2.100000 0.000199 0.845770 0.533547 0.000000 0.000000 0.000000 0.000000 1.000000
1.000000 -0.000402 0.000264 0.000000 0.000438 0.533547 -0.845770 2.100000 0.000199 0.845770 0.533547 -0.000000 0.000000 0.000000 0.000000 1.000000
1.000000 -0.000402 0.000264 -0.000000 0.000438 0.533547 -0.845770 2.100000 0.000199 0.845770 0.533547 -0.000000 0.000000 0.000000 0.000000 1.000000</float_array>
        <technique_common>
          <accessor source="#mixamorig_RightHandPinky3-Matrix-animation-output-transform-array" count="39" stride="16">
            <param type="float4x4"/>
          </accessor>
        </technique_common>
      </source>
      <source id="mixamorig_RightHandPinky3-Interpolations">
        <Name_array id="mixamorig_RightHandPinky3-Interpolations-array" count="39">
 LINEAR LINEAR LINEAR LINEAR LINEAR LINEAR LINEAR LINEAR LINEAR LINEAR LINEAR
LINEAR LINEAR LINEAR LINEAR LINEAR LINEAR LINEAR LINEAR LINEAR LINEAR LINEAR LINEAR
LINEAR LINEAR LINEAR LINEAR LINEAR LINEAR LINEAR LINEAR LINEAR LINEAR LINEAR LINEAR
LINEAR LINEAR LINEAR LINEAR</Name_array>
        <technique_common>
          <accessor source="#mixamorig_RightHandPinky3-Interpolations-array" count="39">
            <param type="name"/>
          </accessor>
        </technique_common>
      </source>
      <sampler id="mixamorig_RightHandPinky3-Matrix-animation-transform">
        <input semantic="INPUT" source="#mixamorig_RightHandPinky3-Matrix-animation-input"/>
        <input semantic="OUTPUT" source="#mixamorig_RightHandPinky3-Matrix-animation-output-transform"/>
        <input semantic="INTERPOLATION" source="#mixamorig_RightHandPinky3-Interpolations"/>
      </sampler>
      <channel source="#mixamorig_RightHandPinky3-Matrix-animation-transform" target="mixamorig_RightHandPinky3/matrix"/>
    </animation>
    <animation id="mixamorig_LeftShoulder-anim" name="mixamorig_LeftShoulder">
      <source id="mixamorig_LeftShoulder-Matrix-animation-input">
        <float_array id="mixamorig_LeftShoulder-Matrix-animation-input-array" count="39">

0.000000 0.033333 0.066667 0.100000 0.133333 0.166667 0.200000 0.233333 0.266667 0.300000 0.333333 0.366667 0.400000 0.433333 0.466667 0.500000
0.533333 0.566667 0.600000 0.633333 0.666667 0.700000 0.733333 0.766667 0.800000 0.833333 0.866667 0.900000 0.933333 0.966667 1.000000 1.033333
1.066667 1.100000 1.133333 1.166667 1.200000 1.233333 1.266667</float_array>
        <technique_common>
          <accessor source="#mixamorig_LeftShoulder-Matrix-animation-input-array" count="39">
            <param name="TIME" type="float"/>
          </accessor>
        </technique_common>
      </source>
      <source id="mixamorig_LeftShoulder-Matrix-animation-output-transform">
        <float_array id="mixamorig_LeftShoulder-Matrix-animation-output-transform-array" count="624">

0.158941 0.980868 0.112409 4.570400 0.228001 0.074312 -0.970821 11.195600 -0.960601 0.179932 -0.211827 -0.806600 0.000000 0.000000 0.000000 1.000000
0.179148 0.975895 0.124640 4.570400 0.222456 0.083227 -0.971384 11.195600 -0.958342 0.201749 -0.202184 -0.806600 0.000000 0.000000 0.000000 1.000000
0.199407 0.970351 0.136589 4.570400 0.217348 0.092120 -0.971738 11.195600 -0.955509 0.223459 -0.192534 -0.806600 0.000000 0.000000 0.000000 1.000000
0.208627 0.967642 0.141927 4.570400 0.215170 0.096150 -0.971832 11.195600 -0.954032 0.233289 -0.188148 -0.806600 0.000000 0.000000 0.000000 1.000000
0.208627 0.967642 0.141927 4.570400 0.215170 0.096150 -0.971832 11.195600 -0.954032 0.233289 -0.188148 -0.806600 0.000000 0.000000 0.000000 1.000000
0.334240 0.920519 0.202308 4.570400 0.193209 0.143173 -0.970655 11.195600 -0.922472 0.363520 -0.129999 -0.806600 0.000000 0.000000 0.000000 1.000000
0.493094 0.832416 0.252868 4.570400 0.183867 0.184381 -0.965503 11.195600 -0.850324 0.522578 -0.062137 -0.806600 0.000000 0.000000 0.000000 1.000000
0.637010 0.720036 0.275255 4.570400 0.190794 0.198695 -0.961310 11.195600 -0.746870 0.664882 -0.010808 -0.806600 0.000000 0.000000 0.000000 1.000000
0.732047 0.622337 0.277134 4.570400 0.202437 0.189707 -0.960745 11.195600 -0.650481 0.759413 0.012890 -0.806600 0.000000 0.000000 0.000000 1.000000
0.771792 0.573587 0.274470 4.570400 0.208714 0.179217 -0.961416 11.195600 -0.600645 0.799299 0.018602 -0.806600 0.000000 0.000000 0.000000 1.000000
0.795653 0.541368 0.271767 4.570400 0.212791 0.170259 -0.962150 11.195600 -0.567147 0.823367 0.020269 -0.806600 0.000000 0.000000 0.000000 1.000000
0.812127 0.517578 0.269375 4.570400 0.215706 0.162638 -0.962819 11.195600 -0.542144 0.840037 0.020438 -0.806600 0.000000 0.000000 0.000000 1.000000
0.822483 0.501888 0.267636 4.570400 0.217567 0.157151 -0.963311 11.195600 -0.525534 0.850536 0.020060 -0.806600 0.000000 0.000000 0.000000 1.000000
0.827639 0.493847 0.266700 4.570400 0.218497 0.154196 -0.963578 11.195600 -0.516985 0.855768 0.019714 -0.806600 0.000000 0.000000 0.000000 1.000000
0.828218 0.492935 0.266592 4.570400 0.218602 0.153855 -0.963609 11.195600 -0.516012 0.856355 0.019669 -0.806600 0.000000 0.000000 0.000000 1.000000
0.824606 0.498598 0.267257 4.570400 0.217949 0.155953 -0.963419 11.195600 -0.522038 0.852689 0.019931 -0.806600 0.000000 0.000000 0.000000 1.000000
0.817007 0.510260 0.268579 4.570400 0.216581 0.160124 -0.963044 11.195600 -0.534409 0.844982 0.020310 -0.806600 0.000000 0.000000 0.000000 1.000000
0.805495 0.527320 0.270392 4.570400 0.214525 0.165861 -0.962533 11.195600 -0.552410 0.833321 0.020477 -0.806600 0.000000 0.000000 0.000000 1.000000
0.790063 0.549140 0.272479 4.570400 0.211819 0.172565 -0.961953 11.195600 -0.575267 0.817721 0.020019 -0.806600 0.000000 0.000000 0.000000 1.000000
0.770670 0.575044 0.274576 4.570400 0.208527 0.179584 -0.961388 11.195600 -0.602149 0.798169 0.018488 -0.806600 0.000000 0.000000 0.000000 1.000000
0.747284 0.604305 0.276372 4.570400 0.204758 0.186265 -0.960926 11.195600 -0.632172 0.774674 0.015457 -0.806600 0.000000 0.000000 0.000000 1.000000
0.719924 0.636154 0.277519 4.570400 0.200673 0.191986 -0.960662 11.195600 -0.664409 0.747295 0.010556 -0.806600 0.000000 0.000000 0.000000 1.000000
0.688699 0.669782 0.277645 4.570400 0.196490 0.196190 -0.960677 11.195600 -0.697915 0.716172 0.003511 -0.806600 0.000000 0.000000 0.000000 1.000000
0.653831 0.704359 0.276377 4.570400 0.192473 0.198425 -0.961032 11.195600 -0.731751 0.681547 -0.005834 -0.806600 0.000000 0.000000 0.000000 1.000000
0.615681 0.739057 0.273369 4.570400 0.188917 0.198361 -0.961750 11.195600 -0.765014 0.643776 -0.017493 -0.806600 0.000000 0.000000 0.000000 1.000000
0.574758 0.773079 0.268332 4.570400 0.186123 0.195814 -0.962816 11.195600 -0.796876 0.603329 -0.031342 -0.806600 0.000000 0.000000 0.000000 1.000000
0.531707 0.805686 0.261069 4.570400 0.184370 0.190749 -0.964169 11.195600 -0.826617 0.560789 -0.047121 -0.806600 0.000000 0.000000 0.000000 1.000000
0.487301 0.836232 0.251501 4.570400 0.183881 0.183288 -0.965709 11.195600 -0.853654 0.516838 -0.064451 -0.806600 0.000000 0.000000 0.000000 1.000000
0.442409 0.864187 0.239697 4.570400 0.184801 0.173693 -0.967305 11.195600 -0.877566 0.472241 -0.082859 -0.806600 0.000000 0.000000 0.000000 1.000000
0.397959 0.889160 0.225884 4.570400 0.187166 0.162351 -0.968819 11.195600 -0.898108 0.427829 -0.101812 -0.806600 0.000000 0.000000 0.000000 1.000000
0.354901 0.910910 0.210448 4.570400 0.190897 0.149752 -0.970120 11.195600 -0.915207 0.384471 -0.120742 -0.806600 0.000000 0.000000 0.000000 1.000000
0.314166 0.929349 0.193933 4.570400 0.195791 0.136459 -0.971105 11.195600 -0.928959 0.343058 -0.139088 -0.806600 0.000000 0.000000 0.000000 1.000000
0.276635 0.944532 0.177010 4.570400 0.201534 0.123079 -0.971718 11.195600 -0.939605 0.304485 -0.156308 -0.806600 0.000000 0.000000 0.000000 1.000000
0.243118 0.956634 0.160454 4.570400 0.207715 0.110236 -0.971958 11.195600 -0.947496 0.269630 -0.171907 -0.806600 0.000000 0.000000 0.000000 1.000000
0.214342 0.965920 0.145105 4.570400 0.213856 0.098545 -0.971882 11.195600 -0.953060 0.239346 -0.185445 -0.806600 0.000000 0.000000 0.000000 1.000000
0.190957 0.972707 0.131824 4.570400 0.219441 0.088594 -0.971595 11.195600 -0.956756 0.214460 -0.196534 -0.806600 0.000000 0.000000 0.000000 1.000000
0.173553 0.977307 0.121451 4.570400 0.223959 0.080925 -0.971233 11.195600 -0.959021 0.195760 -0.204832 -0.806600 0.000000 0.000000 0.000000 1.000000
0.162692 0.979980 0.114759 4.570400 0.226941 0.076025 -0.970937 11.195600 -0.960223 0.184007 -0.210029 -0.806600 0.000000 0.000000 0.000000 1.000000
0.158941 0.980868 0.112409 4.570400 0.228001 0.074312 -0.970821 11.195600 -0.960601 0.179932 -0.211827 -0.806600 0.000000 0.000000 0.000000 1.000000</float_array>
        <technique_common>
          <accessor source="#mixamorig_LeftShoulder-Matrix-animation-output-transform-array" count="39" stride="16">
            <param type="float4x4"/>
          </accessor>
        </technique_common>
      </source>
      <source id="mixamorig_LeftShoulder-Interpolations">
        <Name_array id="mixamorig_LeftShoulder-Interpolations-array" count="39">
 LINEAR LINEAR LINEAR LINEAR LINEAR LINEAR LINEAR LINEAR LINEAR LINEAR LINEAR
LINEAR LINEAR LINEAR LINEAR LINEAR LINEAR LINEAR LINEAR LINEAR LINEAR LINEAR LINEAR
LINEAR LINEAR LINEAR LINEAR LINEAR LINEAR LINEAR LINEAR LINEAR LINEAR LINEAR LINEAR
LINEAR LINEAR LINEAR LINEAR</Name_array>
        <technique_common>
          <accessor source="#mixamorig_LeftShoulder-Interpolations-array" count="39">
            <param type="name"/>
          </accessor>
        </technique_common>
      </source>
      <sampler id="mixamorig_LeftShoulder-Matrix-animation-transform">
        <input semantic="INPUT" source="#mixamorig_LeftShoulder-Matrix-animation-input"/>
        <input semantic="OUTPUT" source="#mixamorig_LeftShoulder-Matrix-animation-output-transform"/>
        <input semantic="INTERPOLATION" source="#mixamorig_LeftShoulder-Interpolations"/>
      </sampler>
      <channel source="#mixamorig_LeftShoulder-Matrix-animation-transform" target="mixamorig_LeftShoulder/matrix"/>
    </animation>
    <animation id="mixamorig_LeftArm-anim" name="mixamorig_LeftArm">
      <source id="mixamorig_LeftArm-Matrix-animation-input">
        <float_array id="mixamorig_LeftArm-Matrix-animation-input-array" count="39">

0.000000 0.033333 0.066667 0.100000 0.133333 0.166667 0.200000 0.233333 0.266667 0.300000 0.333333 0.366667 0.400000 0.433333 0.466667 0.500000
0.533333 0.566667 0.600000 0.633333 0.666667 0.700000 0.733333 0.766667 0.800000 0.833333 0.866667 0.900000 0.933333 0.966667 1.000000 1.033333
1.066667 1.100000 1.133333 1.166667 1.200000 1.233333 1.266667</float_array>
        <technique_common>
          <accessor source="#mixamorig_LeftArm-Matrix-animation-input-array" count="39">
            <param name="TIME" type="float"/>
          </accessor>
        </technique_common>
      </source>
      <source id="mixamorig_LeftArm-Matrix-animation-output-transform">
        <float_array id="mixamorig_LeftArm-Matrix-animation-output-transform-array" count="624">

0.756287 -0.568693 0.323446 -0.000000 0.395150 0.003034 -0.918612 10.837700 0.521427 0.822544 0.227013 -0.000000 0.000000 0.000000 0.000000 1.000000
0.788411 -0.544160 0.286877 0.000000 0.385138 0.073012 -0.919966 10.837700 0.479663 0.835799 0.267140 0.000000 0.000000 0.000000 0.000000 1.000000
0.816277 -0.524984 0.241006 0.000000 0.372850 0.160152 -0.913966 10.837700 0.441220 0.835909 0.326469 0.000000 0.000000 0.000000 0.000000 1.000000
0.799053 -0.554337 0.232861 0.000000 0.395041 0.192058 -0.898363 10.837700 0.453273 0.809830 0.372450 0.000000 0.000000 0.000000 0.000000 1.000000
0.777887 -0.575748 0.251807 0.000000 0.416471 0.172270 -0.892679 10.837700 0.470579 0.799273 0.373789 0.000000 0.000000 0.000000 0.000000 1.000000
0.793452 -0.554972 0.249882 -0.000000 0.413910 0.191017 -0.890051 10.837700 0.446221 0.809641 0.381271 0.000000 0.000000 0.000000 0.000000 1.000000
0.777815 -0.586158 0.226767 -0.000000 0.426702 0.227599 -0.875285 10.837700 0.461443 0.777571 0.427145 0.000000 0.000000 0.000000 0.000000 1.000000
0.686976 -0.708634 0.160941 0.000000 0.479656 0.275814 -0.832981 10.837700 0.545889 0.649434 0.529378 0.000000 0.000000 0.000000 0.000000 1.000000
0.609916 -0.790819 0.051056 0.000000 0.526633 0.356335 -0.771805 10.837700 0.592165 0.497625 0.633806 -0.000000 0.000000 0.000000 0.000000 1.000000
0.489309 -0.863522 -0.122088 0.000000 0.611495 0.439523 -0.657947 10.837700 0.621812 0.247283 0.743102 -0.000000 0.000000 0.000000 0.000000 1.000000
0.429848 -0.841975 -0.326051 0.000000 0.680288 0.539450 -0.496187 10.837700 0.593665 -0.008524 0.804667 0.000000 0.000000 0.000000 0.000000 1.000000
0.414804 -0.770732 -0.483642 0.000000 0.720977 0.602661 -0.342041 10.837700 0.555094 -0.206815 0.805667 -0.000000 0.000000 0.000000 0.000000 1.000000
0.401571 -0.694469 -0.597037 0.000000 0.751959 0.622152 -0.217909 10.837700 0.522779 -0.361442 0.772051 0.000000 0.000000 0.000000 0.000000 1.000000
0.453369 -0.548691 -0.702421 0.000000 0.736671 0.674307 -0.051255 10.837700 0.501770 -0.494215 0.709914 -0.000000 0.000000 0.000000 0.000000 1.000000
0.582001 -0.334678 -0.741125 0.000000 0.620264 0.772081 0.138433 10.837700 0.525878 -0.540261 0.656940 -0.000000 0.000000 0.000000 0.000000 1.000000
0.713478 -0.159441 -0.682296 0.000000 0.412470 0.882738 0.225039 10.837700 0.566408 -0.441987 0.695578 0.000000 0.000000 0.000000 0.000000 1.000000
0.773612 -0.128896 -0.620411 0.000000 0.284497 0.945515 0.158310 10.837700 0.566203 -0.298976 0.768133 0.000000 0.000000 0.000000 0.000000 1.000000
0.746961 -0.282488 -0.601872 0.000000 0.352928 0.935650 -0.001139 10.837700 0.563463 -0.211567 0.798592 0.000000 0.000000 0.000000 0.000000 1.000000
0.724318 -0.461745 -0.512010 0.000000 0.369998 0.886947 -0.276453 10.837700 0.581777 0.010797 0.813277 0.000000 0.000000 0.000000 0.000000 1.000000
0.794022 -0.562601 -0.230238 0.000000 0.261716 0.658235 -0.705855 10.837700 0.548665 0.500207 0.669895 0.000000 0.000000 0.000000 0.000000 1.000000
0.862921 -0.503788 -0.039565 -0.000000 0.213535 0.434474 -0.875006 10.837700 0.458008 0.746612 0.482493 0.000000 0.000000 0.000000 0.000000 1.000000
0.871462 -0.490219 -0.015508 0.000000 0.209914 0.401367 -0.891539 10.837700 0.443273 0.773686 0.452679 0.000000 0.000000 0.000000 0.000000 1.000000
0.951856 -0.305816 -0.021126 -0.000000 0.106038 0.393140 -0.913344 10.837700 0.287621 0.867132 0.406641 0.000000 0.000000 0.000000 0.000000 1.000000
0.996275 0.011942 -0.085404 0.000000 -0.082749 0.411137 -0.907810 10.837700 0.024272 0.911496 0.410593 0.000000 0.000000 0.000000 0.000000 1.000000
0.951012 0.269929 -0.150714 0.000000 -0.266303 0.467632 -0.842854 10.837700 -0.157032 0.841700 0.516606 0.000000 0.000000 0.000000 0.000000 1.000000
0.929850 0.327294 -0.168100 0.000000 -0.336344 0.570884 -0.748975 10.837700 -0.149170 0.752974 0.640920 0.000000 0.000000 0.000000 0.000000 1.000000
0.940038 0.303419 -0.155770 0.000000 -0.318681 0.618640 -0.718141 10.837700 -0.121532 0.724722 0.678239 0.000000 0.000000 0.000000 0.000000 1.000000
0.969040 0.207308 -0.134107 0.000000 -0.239744 0.660201 -0.711798 10.837700 -0.059024 0.721913 0.689462 -0.000000 0.000000 0.000000 0.000000 1.000000
0.991775 0.060092 -0.113006 0.000000 -0.122814 0.695372 -0.708078 10.837700 0.036031 0.716133 0.697033 0.000000 0.000000 0.000000 0.000000 1.000000
0.986198 -0.128467 -0.104453 0.000000 0.020569 0.721032 -0.692596 10.837700 0.164289 0.680888 0.713723 0.000000 0.000000 0.000000 0.000000 1.000000
0.942231 -0.313372 -0.118314 0.000000 0.159769 0.730900 -0.663520 10.837700 0.294404 0.606286 0.738744 0.000000 0.000000 0.000000 0.000000 1.000000
0.881040 -0.460101 -0.109889 0.000000 0.275574 0.688029 -0.671323 10.837700 0.384484 0.561180 0.732973 -0.000000 0.000000 0.000000 0.000000 1.000000
0.824006 -0.558249 -0.096812 0.000000 0.350070 0.635990 -0.687726 10.837700 0.445494 0.532799 0.719486 0.000000 0.000000 0.000000 0.000000 1.000000
0.785903 -0.616361 -0.049550 0.000000 0.391634 0.558165 -0.731488 10.837700 0.478518 0.555473 0.680051 -0.000000 0.000000 0.000000 0.000000 1.000000
0.771343 -0.635959 0.024201 -0.000000 0.404746 0.460854 -0.789806 10.837700 0.491131 0.619007 0.612878 0.000000 0.000000 0.000000 0.000000 1.000000
0.771754 -0.626079 0.111447 0.000000 0.403029 0.345984 -0.847268 10.837700 0.491898 0.698799 0.519342 0.000000 0.000000 0.000000 0.000000 1.000000
0.774330 -0.601519 0.196438 0.000000 0.398115 0.221804 -0.890117 10.837700 0.491851 0.767449 0.411223 0.000000 0.000000 0.000000 0.000000 1.000000
0.770733 -0.577472 0.269253 -0.000000 0.395128 0.101677 -0.912982 10.837700 0.499844 0.810054 0.306541 -0.000000 0.000000 0.000000 0.000000 1.000000
0.756287 -0.568693 0.323447 0.000000 0.395150 0.003033 -0.918612 10.837700 0.521427 0.822544 0.227013 0.000000 0.000000 0.000000 0.000000 1.000000</float_array>
        <technique_common>
          <accessor source="#mixamorig_LeftArm-Matrix-animation-output-transform-array" count="39" stride="16">
            <param type="float4x4"/>
          </accessor>
        </technique_common>
      </source>
      <source id="mixamorig_LeftArm-Interpolations">
        <Name_array id="mixamorig_LeftArm-Interpolations-array" count="39">
 LINEAR LINEAR LINEAR LINEAR LINEAR LINEAR LINEAR LINEAR LINEAR LINEAR LINEAR
LINEAR LINEAR LINEAR LINEAR LINEAR LINEAR LINEAR LINEAR LINEAR LINEAR LINEAR LINEAR
LINEAR LINEAR LINEAR LINEAR LINEAR LINEAR LINEAR LINEAR LINEAR LINEAR LINEAR LINEAR
LINEAR LINEAR LINEAR LINEAR</Name_array>
        <technique_common>
          <accessor source="#mixamorig_LeftArm-Interpolations-array" count="39">
            <param type="name"/>
          </accessor>
        </technique_common>
      </source>
      <sampler id="mixamorig_LeftArm-Matrix-animation-transform">
        <input semantic="INPUT" source="#mixamorig_LeftArm-Matrix-animation-input"/>
        <input semantic="OUTPUT" source="#mixamorig_LeftArm-Matrix-animation-output-transform"/>
        <input semantic="INTERPOLATION" source="#mixamorig_LeftArm-Interpolations"/>
      </sampler>
      <channel source="#mixamorig_LeftArm-Matrix-animation-transform" target="mixamorig_LeftArm/matrix"/>
    </animation>
    <animation id="mixamorig_LeftForeArm-anim" name="mixamorig_LeftForeArm">
      <source id="mixamorig_LeftForeArm-Matrix-animation-input">
        <float_array id="mixamorig_LeftForeArm-Matrix-animation-input-array" count="39">

0.000000 0.033333 0.066667 0.100000 0.133333 0.166667 0.200000 0.233333 0.266667 0.300000 0.333333 0.366667 0.400000 0.433333 0.466667 0.500000
0.533333 0.566667 0.600000 0.633333 0.666667 0.700000 0.733333 0.766667 0.800000 0.833333 0.866667 0.900000 0.933333 0.966667 1.000000 1.033333
1.066667 1.100000 1.133333 1.166667 1.200000 1.233333 1.266667</float_array>
        <technique_common>
          <accessor source="#mixamorig_LeftForeArm-Matrix-animation-input-array" count="39">
            <param name="TIME" type="float"/>
          </accessor>
        </technique_common>
      </source>
      <source id="mixamorig_LeftForeArm-Matrix-animation-output-transform">
        <float_array id="mixamorig_LeftForeArm-Matrix-animation-output-transform-array" count="624">

0.723303 -0.684454 -0.091407 -0.000000 0.682233 0.728782 -0.058608 27.841499 0.106731 -0.019969 0.994087 0.000000 0.000000 0.000000 0.000000 1.000000
0.633539 -0.773710 -0.001190 -0.000000 0.767915 0.628981 -0.121200 27.841499 0.094522 0.075871 0.992627 0.000000 0.000000 0.000000 0.000000 1.000000
0.571877 -0.814747 0.095622 0.000000 0.814448 0.549956 -0.184995 27.841499 0.098136 0.183674 0.978076 0.000000 0.000000 0.000000 0.000000 1.000000
0.615896 -0.774191 0.145944 -0.000000 0.783747 0.583271 -0.213393 27.841499 0.080082 0.245811 0.966004 0.000000 0.000000 0.000000 0.000000 1.000000
0.646587 -0.747198 0.153690 -0.000000 0.761219 0.618856 -0.193810 27.841499 0.049702 0.242306 0.968926 0.000000 0.000000 0.000000 0.000000 1.000000
0.583291 -0.783914 0.212724 0.000000 0.812126 0.558019 -0.170489 27.841499 0.014945 0.272203 0.962124 0.000000 0.000000 0.000000 0.000000 1.000000
0.464413 -0.852949 0.238323 0.000000 0.885614 0.446390 -0.128155 27.841499 0.002925 0.270579 0.962693 -0.000000 0.000000 0.000000 0.000000 1.000000
0.358497 -0.913851 0.190671 0.000000 0.933527 0.351558 -0.070252 27.841499 -0.002832 0.203182 0.979137 0.000000 0.000000 0.000000 0.000000 1.000000
0.248411 -0.950792 0.185169 0.000000 0.968174 0.249729 -0.016552 27.841499 -0.030504 0.183387 0.982567 0.000000 0.000000 0.000000 0.000000 1.000000
0.261910 -0.945491 0.193519 0.000000 0.963198 0.268643 0.008932 27.841499 -0.060433 0.184058 0.981056 0.000000 0.000000 0.000000 0.000000 1.000000
0.328916 -0.928962 0.169838 -0.000000 0.941531 0.336493 0.017102 27.841499 -0.073037 0.154283 0.985324 0.000000 0.000000 0.000000 0.000000 1.000000
0.326975 -0.940002 0.097387 -0.000000 0.942426 0.331986 0.040229 27.841499 -0.070147 0.078626 0.994433 0.000000 0.000000 0.000000 0.000000 1.000000
0.247106 -0.968776 -0.020308 -0.000000 0.967485 0.245501 0.060843 27.841499 -0.053957 -0.034682 0.997941 0.000000 0.000000 0.000000 0.000000 1.000000
0.142602 -0.979341 -0.143375 0.000000 0.989654 0.138766 0.036462 27.841499 -0.015813 -0.147092 0.988996 0.000000 0.000000 0.000000 0.000000 1.000000
0.156075 -0.952932 -0.259924 0.000000 0.986544 0.163366 -0.006547 27.841499 0.048702 -0.255404 0.965607 0.000000 0.000000 0.000000 0.000000 1.000000
0.227909 -0.915779 -0.330767 0.000000 0.965488 0.256532 -0.044993 27.841499 0.126056 -0.309097 0.942639 0.000000 0.000000 0.000000 0.000000 1.000000
0.438512 -0.832315 -0.339057 0.000000 0.879156 0.475565 -0.030376 27.841499 0.186526 -0.284763 0.940275 0.000000 0.000000 0.000000 0.000000 1.000000
0.747424 -0.613926 -0.253874 -0.000000 0.634717 0.772744 -0.000019 27.841499 0.196192 -0.161124 0.967237 0.000000 0.000000 0.000000 0.000000 1.000000
0.711734 -0.654037 -0.256262 0.000000 0.676961 0.736017 0.001696 27.841499 0.187504 -0.174686 0.966606 -0.000000 0.000000 0.000000 0.000000 1.000000
0.331871 -0.853836 -0.401031 -0.000000 0.939439 0.337697 0.058438 27.841499 0.085531 -0.396138 0.914199 0.000000 0.000000 0.000000 0.000000 1.000000
0.132066 -0.903192 -0.408415 0.000000 0.990806 0.132490 0.027394 27.841499 0.029369 -0.408278 0.912385 0.000000 0.000000 0.000000 0.000000 1.000000
0.121533 -0.886161 -0.447156 0.000000 0.992120 0.122273 0.027331 27.841499 0.030455 -0.446954 0.894038 0.000000 0.000000 0.000000 0.000000 1.000000
-0.066604 -0.888176 -0.454650 0.000000 0.997558 -0.068865 -0.011608 27.841499 -0.021000 -0.454314 0.890594 0.000000 0.000000 0.000000 0.000000 1.000000
-0.254727 -0.886198 -0.386998 0.000000 0.966524 -0.246043 -0.072757 27.841499 -0.030741 -0.392576 0.919206 0.000000 0.000000 0.000000 0.000000 1.000000
-0.271507 -0.928233 -0.254298 0.000000 0.962289 -0.257197 -0.088593 27.841499 0.016830 -0.268762 0.963060 0.000000 0.000000 0.000000 0.000000 1.000000
-0.190558 -0.975416 -0.110687 0.000000 0.979773 -0.181958 -0.083282 27.841499 0.061094 -0.124318 0.990360 0.000000 0.000000 0.000000 0.000000 1.000000
-0.111273 -0.993515 0.023389 0.000000 0.990868 -0.112719 -0.073994 27.841499 0.076151 0.014942 0.996984 0.000000 0.000000 0.000000 0.000000 1.000000
-0.106605 -0.982258 0.154288 0.000000 0.990602 -0.118295 -0.068654 27.841499 0.085688 0.145520 0.985638 0.000000 0.000000 0.000000 0.000000 1.000000
-0.099553 -0.962282 0.253183 0.000000 0.990362 -0.120448 -0.068375 27.841499 0.096292 0.243936 0.964999 -0.000000 0.000000 0.000000 0.000000 1.000000
-0.070696 -0.950267 0.303308 -0.000000 0.991997 -0.098866 -0.078528 27.841499 0.104609 0.295329 0.949651 0.000000 0.000000 0.000000 0.000000 1.000000
-0.075021 -0.947472 0.310915 -0.000000 0.990358 -0.107208 -0.087738 27.841499 0.116462 0.301334 0.946379 0.000000 0.000000 0.000000 0.000000 1.000000
-0.057413 -0.947724 0.313883 0.000000 0.990920 -0.092383 -0.097686 27.841499 0.121577 0.305424 0.944423 0.000000 0.000000 0.000000 0.000000 1.000000
-0.026613 -0.955314 0.294394 -0.000000 0.991519 -0.062703 -0.113840 27.841499 0.127212 0.288867 0.948880 0.000000 0.000000 0.000000 0.000000 1.000000
0.059503 -0.961178 0.269438 0.000000 0.990329 0.022952 -0.136829 27.841499 0.125332 0.274974 0.953248 0.000000 0.000000 0.000000 0.000000 1.000000
0.176619 -0.957910 0.226304 -0.000000 0.977515 0.143797 -0.154230 27.841499 0.115196 0.248456 0.961769 0.000000 0.000000 0.000000 0.000000 1.000000
0.322836 -0.932133 0.164027 0.000000 0.941239 0.298030 -0.158891 27.841499 0.099222 0.205685 0.973575 -0.000000 0.000000 0.000000 0.000000 1.000000
0.477364 -0.874728 0.083509 -0.000000 0.874363 0.463419 -0.143985 27.841499 0.087248 0.141751 0.986050 0.000000 0.000000 0.000000 0.000000 1.000000
0.617346 -0.786664 -0.006569 0.000000 0.781601 0.614278 -0.108456 27.841499 0.089354 0.061820 0.994080 0.000000 0.000000 0.000000 0.000000 1.000000
0.723303 -0.684454 -0.091407 0.000000 0.682233 0.728782 -0.058609 27.841499 0.106731 -0.019969 0.994087 -0.000000 0.000000 0.000000 0.000000 1.000000</float_array>
        <technique_common>
          <accessor source="#mixamorig_LeftForeArm-Matrix-animation-output-transform-array" count="39" stride="16">
            <param type="float4x4"/>
          </accessor>
        </technique_common>
      </source>
      <source id="mixamorig_LeftForeArm-Interpolations">
        <Name_array id="mixamorig_LeftForeArm-Interpolations-array" count="39">
 LINEAR LINEAR LINEAR LINEAR LINEAR LINEAR LINEAR LINEAR LINEAR LINEAR LINEAR
LINEAR LINEAR LINEAR LINEAR LINEAR LINEAR LINEAR LINEAR LINEAR LINEAR LINEAR LINEAR
LINEAR LINEAR LINEAR LINEAR LINEAR LINEAR LINEAR LINEAR LINEAR LINEAR LINEAR LINEAR
LINEAR LINEAR LINEAR LINEAR</Name_array>
        <technique_common>
          <accessor source="#mixamorig_LeftForeArm-Interpolations-array" count="39">
            <param type="name"/>
          </accessor>
        </technique_common>
      </source>
      <sampler id="mixamorig_LeftForeArm-Matrix-animation-transform">
        <input semantic="INPUT" source="#mixamorig_LeftForeArm-Matrix-animation-input"/>
        <input semantic="OUTPUT" source="#mixamorig_LeftForeArm-Matrix-animation-output-transform"/>
        <input semantic="INTERPOLATION" source="#mixamorig_LeftForeArm-Interpolations"/>
      </sampler>
      <channel source="#mixamorig_LeftForeArm-Matrix-animation-transform" target="mixamorig_LeftForeArm/matrix"/>
    </animation>
    <animation id="mixamorig_LeftHand-anim" name="mixamorig_LeftHand">
      <source id="mixamorig_LeftHand-Matrix-animation-input">
        <float_array id="mixamorig_LeftHand-Matrix-animation-input-array" count="39">

0.000000 0.033333 0.066667 0.100000 0.133333 0.166667 0.200000 0.233333 0.266667 0.300000 0.333333 0.366667 0.400000 0.433333 0.466667 0.500000
0.533333 0.566667 0.600000 0.633333 0.666667 0.700000 0.733333 0.766667 0.800000 0.833333 0.866667 0.900000 0.933333 0.966667 1.000000 1.033333
1.066667 1.100000 1.133333 1.166667 1.200000 1.233333 1.266667</float_array>
        <technique_common>
          <accessor source="#mixamorig_LeftHand-Matrix-animation-input-array" count="39">
            <param name="TIME" type="float"/>
          </accessor>
        </technique_common>
      </source>
      <source id="mixamorig_LeftHand-Matrix-animation-output-transform">
        <float_array id="mixamorig_LeftHand-Matrix-animation-output-transform-array" count="624">

0.936464 -0.241137 -0.254733 0.000000 0.188522 0.958421 -0.214215 28.328800 0.295796 0.152582 0.942986 -0.000000 0.000000 0.000000 0.000000 1.000000
0.932727 -0.097999 -0.347012 0.000000 0.057826 0.990557 -0.124313 28.328800 0.355917 0.095884 0.929585 0.000000 0.000000 0.000000 0.000000 1.000000
0.883700 0.023924 -0.467443 -0.000000 -0.076778 0.992574 -0.094350 28.328800 0.461714 0.119266 0.878974 0.000000 0.000000 0.000000 0.000000 1.000000
0.849751 0.074248 -0.521929 -0.000000 -0.176344 0.973035 -0.148683 28.328800 0.496816 0.218383 0.839930 -0.000000 0.000000 0.000000 0.000000 1.000000
0.846530 0.158232 -0.508281 -0.000000 -0.303838 0.927621 -0.217259 28.328800 0.437115 0.338351 0.833336 -0.000000 0.000000 0.000000 0.000000 1.000000
0.795117 0.357195 -0.490102 0.000000 -0.463714 0.878910 -0.111742 28.328800 0.390842 0.316115 0.864473 0.000000 0.000000 0.000000 0.000000 1.000000
0.665207 0.651235 -0.365230 -0.000000 -0.691283 0.722027 0.028373 28.328800 0.282183 0.233603 0.930485 0.000000 0.000000 0.000000 0.000000 1.000000
0.459641 0.877528 -0.136655 -0.000000 -0.886923 0.461497 -0.019683 28.328800 0.045793 0.130250 0.990423 -0.000000 0.000000 0.000000 0.000000 1.000000
0.337018 0.937351 0.088274 0.000000 -0.908605 0.348378 -0.230371 28.328800 -0.246691 -0.002567 0.969091 -0.000000 0.000000 0.000000 0.000000 1.000000
0.451207 0.868961 0.203272 0.000000 -0.750290 0.492703 -0.440805 28.328800 -0.483195 0.046382 0.874283 -0.000000 0.000000 0.000000 0.000000 1.000000
0.718606 0.633704 0.286400 0.000000 -0.435180 0.731017 -0.525577 28.328800 -0.542424 0.253048 0.801089 0.000000 0.000000 0.000000 0.000000 1.000000
0.893550 0.328819 0.305690 0.000000 -0.116009 0.826857 -0.550317 28.328800 -0.433717 0.456273 0.776984 0.000000 0.000000 0.000000 0.000000 1.000000
0.946032 0.153549 0.285389 0.000000 0.032664 0.830965 -0.555364 28.328800 -0.322424 0.534714 0.781104 0.000000 0.000000 0.000000 0.000000 1.000000
0.968926 0.077724 0.234822 0.000000 0.030692 0.904233 -0.425934 28.328800 -0.245439 0.419906 0.873750 -0.000000 0.000000 0.000000 0.000000 1.000000
0.992505 -0.092680 0.079651 -0.000000 0.101354 0.988431 -0.112831 28.328800 -0.068273 0.120058 0.990417 -0.000000 0.000000 0.000000 0.000000 1.000000
0.945048 -0.229397 -0.232942 0.000000 0.262585 0.957062 0.122811 28.328800 0.194767 -0.177230 0.964705 0.000000 0.000000 0.000000 0.000000 1.000000
0.827902 -0.376983 -0.415285 0.000000 0.420165 0.907340 0.013976 28.328800 0.371536 -0.186059 0.909584 0.000000 0.000000 0.000000 0.000000 1.000000
0.794721 -0.537765 -0.281473 -0.000000 0.541684 0.837592 -0.070843 28.328800 0.273857 -0.096169 0.956950 0.000000 0.000000 0.000000 0.000000 1.000000
0.948227 -0.317544 -0.005544 0.000000 0.317552 0.947680 0.032613 28.328800 -0.005102 -0.032685 0.999453 0.000000 0.000000 0.000000 0.000000 1.000000
0.927133 0.233500 0.293091 -0.000000 -0.231779 0.971900 -0.041108 28.328800 -0.294454 -0.029820 0.955200 0.000000 0.000000 0.000000 0.000000 1.000000
0.725986 0.649189 0.226932 0.000000 -0.649440 0.755728 -0.084281 28.328800 -0.226213 -0.086192 0.970257 -0.000000 0.000000 0.000000 0.000000 1.000000
0.490887 0.869320 0.057560 0.000000 -0.840021 0.489795 -0.233378 28.328800 -0.231072 0.066210 0.970681 0.000000 0.000000 0.000000 0.000000 1.000000
0.364739 0.931071 -0.008510 0.000000 -0.891806 0.346700 -0.290657 28.328800 -0.267672 0.113603 0.956790 0.000000 0.000000 0.000000 0.000000 1.000000
0.472314 0.877710 -0.080901 -0.000000 -0.867007 0.446088 -0.222046 28.328800 -0.158803 0.175017 0.971674 0.000000 0.000000 0.000000 0.000000 1.000000
0.664695 0.711200 -0.228854 0.000000 -0.746926 0.639462 -0.182181 28.328800 0.016776 0.292032 0.956261 -0.000000 0.000000 0.000000 0.000000 1.000000
0.769055 0.552116 -0.322060 0.000000 -0.625546 0.753648 -0.201758 28.328800 0.131326 0.356626 0.924971 0.000000 0.000000 0.000000 0.000000 1.000000
0.849570 0.433051 -0.301161 0.000000 -0.493643 0.853936 -0.164651 28.328800 0.185870 0.288548 0.939251 0.000000 0.000000 0.000000 0.000000 1.000000
0.875761 0.392769 -0.280669 0.000000 -0.407192 0.913311 0.007542 28.328800 0.259300 0.107682 0.959775 0.000000 0.000000 0.000000 0.000000 1.000000
0.891995 0.345380 -0.291645 -0.000000 -0.287356 0.931269 0.223976 28.328800 0.348957 -0.115980 0.929934 0.000000 0.000000 0.000000 0.000000 1.000000
0.894245 0.293989 -0.337485 0.000000 -0.161929 0.915456 0.368400 28.328800 0.417258 -0.274791 0.866248 0.000000 0.000000 0.000000 0.000000 1.000000
0.861383 0.312328 -0.400589 0.000000 -0.124774 0.894565 0.429167 28.328800 0.492394 -0.319694 0.809533 0.000000 0.000000 0.000000 0.000000 1.000000
0.832609 0.334333 -0.441570 0.000000 -0.114576 0.883982 0.453263 28.328800 0.541881 -0.326797 0.774318 0.000000 0.000000 0.000000 0.000000 1.000000
0.795505 0.350612 -0.494210 -0.000000 -0.132269 0.896406 0.423038 28.328800 0.591335 -0.271160 0.759470 0.000000 0.000000 0.000000 0.000000 1.000000
0.789447 0.302512 -0.534097 0.000000 -0.129321 0.932562 0.337052 28.328800 0.600041 -0.197015 0.775329 0.000000 0.000000 0.000000 0.000000 1.000000
0.819099 0.208313 -0.534492 0.000000 -0.115122 0.972473 0.202591 28.328800 0.561982 -0.104411 0.820533 0.000000 0.000000 0.000000 0.000000 1.000000
0.872268 0.089106 -0.480843 0.000000 -0.072075 0.995946 0.053813 28.328800 0.483688 -0.012282 0.875154 0.000000 0.000000 0.000000 0.000000 1.000000
0.918249 -0.028834 -0.394952 0.000000 0.000957 0.997504 -0.070599 28.328800 0.396002 0.064449 0.915985 0.000000 0.000000 0.000000 0.000000 1.000000
0.938700 -0.139164 -0.315397 0.000000 0.092307 0.982956 -0.158986 28.328800 0.332147 0.120127 0.935547 0.000000 0.000000 0.000000 0.000000 1.000000
0.936464 -0.241138 -0.254733 -0.000000 0.188522 0.958421 -0.214215 28.328800 0.295797 0.152582 0.942986 -0.000000 0.000000 0.000000 0.000000 1.000000</float_array>
        <technique_common>
          <accessor source="#mixamorig_LeftHand-Matrix-animation-output-transform-array" count="39" stride="16">
            <param type="float4x4"/>
          </accessor>
        </technique_common>
      </source>
      <source id="mixamorig_LeftHand-Interpolations">
        <Name_array id="mixamorig_LeftHand-Interpolations-array" count="39">
 LINEAR LINEAR LINEAR LINEAR LINEAR LINEAR LINEAR LINEAR LINEAR LINEAR LINEAR
LINEAR LINEAR LINEAR LINEAR LINEAR LINEAR LINEAR LINEAR LINEAR LINEAR LINEAR LINEAR
LINEAR LINEAR LINEAR LINEAR LINEAR LINEAR LINEAR LINEAR LINEAR LINEAR LINEAR LINEAR
LINEAR LINEAR LINEAR LINEAR</Name_array>
        <technique_common>
          <accessor source="#mixamorig_LeftHand-Interpolations-array" count="39">
            <param type="name"/>
          </accessor>
        </technique_common>
      </source>
      <sampler id="mixamorig_LeftHand-Matrix-animation-transform">
        <input semantic="INPUT" source="#mixamorig_LeftHand-Matrix-animation-input"/>
        <input semantic="OUTPUT" source="#mixamorig_LeftHand-Matrix-animation-output-transform"/>
        <input semantic="INTERPOLATION" source="#mixamorig_LeftHand-Interpolations"/>
      </sampler>
      <channel source="#mixamorig_LeftHand-Matrix-animation-transform" target="mixamorig_LeftHand/matrix"/>
    </animation>
    <animation id="mixamorig_LeftHandThumb1-anim" name="mixamorig_LeftHandThumb1">
      <source id="mixamorig_LeftHandThumb1-Matrix-animation-input">
        <float_array id="mixamorig_LeftHandThumb1-Matrix-animation-input-array" count="39">

0.000000 0.033333 0.066667 0.100000 0.133333 0.166667 0.200000 0.233333 0.266667 0.300000 0.333333 0.366667 0.400000 0.433333 0.466667 0.500000
0.533333 0.566667 0.600000 0.633333 0.666667 0.700000 0.733333 0.766667 0.800000 0.833333 0.866667 0.900000 0.933333 0.966667 1.000000 1.033333
1.066667 1.100000 1.133333 1.166667 1.200000 1.233333 1.266667</float_array>
        <technique_common>
          <accessor source="#mixamorig_LeftHandThumb1-Matrix-animation-input-array" count="39">
            <param name="TIME" type="float"/>
          </accessor>
        </technique_common>
      </source>
      <source id="mixamorig_LeftHandThumb1-Matrix-animation-output-transform">
        <float_array id="mixamorig_LeftHandThumb1-Matrix-animation-output-transform-array" count="624">

0.862519 -0.490504 -0.124369 -2.681700 0.326239 0.726896 -0.604310 2.466100 0.386820 0.480654 0.786983 1.576200 0.000000 0.000000 0.000000 1.000000
0.862519 -0.490504 -0.124369 -2.681700 0.326239 0.726896 -0.604310 2.466100 0.386820 0.480655 0.786983 1.576200 0.000000 0.000000 0.000000 1.000000
0.862519 -0.490504 -0.124369 -2.681700 0.326239 0.726896 -0.604310 2.466100 0.386820 0.480654 0.786983 1.576200 0.000000 0.000000 0.000000 1.000000
0.862519 -0.490504 -0.124369 -2.681700 0.326239 0.726896 -0.604310 2.466100 0.386820 0.480654 0.786983 1.576200 0.000000 0.000000 0.000000 1.000000
0.862519 -0.490504 -0.124369 -2.681700 0.326239 0.726896 -0.604310 2.466100 0.386820 0.480655 0.786983 1.576200 0.000000 0.000000 0.000000 1.000000
0.862519 -0.490504 -0.124369 -2.681700 0.326239 0.726896 -0.604310 2.466100 0.386820 0.480654 0.786983 1.576200 0.000000 0.000000 0.000000 1.000000
0.862519 -0.490504 -0.124369 -2.681700 0.326239 0.726896 -0.604310 2.466100 0.386820 0.480654 0.786983 1.576200 0.000000 0.000000 0.000000 1.000000
0.862519 -0.490504 -0.124370 -2.681700 0.326239 0.726896 -0.604310 2.466100 0.386820 0.480654 0.786983 1.576200 0.000000 0.000000 0.000000 1.000000
0.862519 -0.490504 -0.124370 -2.681700 0.326239 0.726896 -0.604310 2.466100 0.386820 0.480654 0.786983 1.576200 0.000000 0.000000 0.000000 1.000000
0.862519 -0.490504 -0.124369 -2.681700 0.326239 0.726896 -0.604310 2.466100 0.386820 0.480654 0.786983 1.576200 0.000000 0.000000 0.000000 1.000000
0.862519 -0.490504 -0.124369 -2.681700 0.326239 0.726896 -0.604310 2.466100 0.386820 0.480654 0.786983 1.576200 0.000000 0.000000 0.000000 1.000000
0.862519 -0.490504 -0.124369 -2.681700 0.326239 0.726896 -0.604310 2.466100 0.386820 0.480654 0.786983 1.576200 0.000000 0.000000 0.000000 1.000000
0.862519 -0.490504 -0.124369 -2.681700 0.326239 0.726896 -0.604310 2.466100 0.386820 0.480654 0.786983 1.576200 0.000000 0.000000 0.000000 1.000000
0.862519 -0.490504 -0.124369 -2.681700 0.326239 0.726896 -0.604310 2.466100 0.386820 0.480654 0.786983 1.576200 0.000000 0.000000 0.000000 1.000000
0.862519 -0.490504 -0.124369 -2.681700 0.326239 0.726896 -0.604310 2.466100 0.386820 0.480654 0.786983 1.576200 0.000000 0.000000 0.000000 1.000000
0.862519 -0.490504 -0.124369 -2.681700 0.326239 0.726896 -0.604310 2.466100 0.386820 0.480654 0.786983 1.576200 0.000000 0.000000 0.000000 1.000000
0.862518 -0.490504 -0.124370 -2.681700 0.326239 0.726896 -0.604310 2.466100 0.386820 0.480654 0.786983 1.576200 0.000000 0.000000 0.000000 1.000000
0.862519 -0.490504 -0.124369 -2.681700 0.326239 0.726896 -0.604310 2.466100 0.386820 0.480654 0.786983 1.576200 0.000000 0.000000 0.000000 1.000000
0.862519 -0.490504 -0.124369 -2.681700 0.326239 0.726896 -0.604310 2.466100 0.386820 0.480654 0.786983 1.576200 0.000000 0.000000 0.000000 1.000000
0.862519 -0.490504 -0.124369 -2.681700 0.326239 0.726896 -0.604310 2.466100 0.386820 0.480654 0.786983 1.576200 0.000000 0.000000 0.000000 1.000000
0.862519 -0.490504 -0.124369 -2.681700 0.326239 0.726896 -0.604310 2.466100 0.386820 0.480654 0.786983 1.576200 0.000000 0.000000 0.000000 1.000000
0.862519 -0.490504 -0.124369 -2.681700 0.326239 0.726896 -0.604310 2.466100 0.386820 0.480654 0.786983 1.576200 0.000000 0.000000 0.000000 1.000000
0.862519 -0.490504 -0.124369 -2.681700 0.326240 0.726896 -0.604310 2.466100 0.386820 0.480654 0.786983 1.576200 0.000000 0.000000 0.000000 1.000000
0.862519 -0.490504 -0.124369 -2.681700 0.326239 0.726896 -0.604310 2.466100 0.386819 0.480654 0.786983 1.576200 0.000000 0.000000 0.000000 1.000000
0.862519 -0.490504 -0.124369 -2.681700 0.326239 0.726896 -0.604310 2.466100 0.386819 0.480654 0.786983 1.576200 0.000000 0.000000 0.000000 1.000000
0.862519 -0.490504 -0.124369 -2.681700 0.326239 0.726896 -0.604310 2.466100 0.386820 0.480654 0.786983 1.576200 0.000000 0.000000 0.000000 1.000000
0.862519 -0.490504 -0.124369 -2.681700 0.326239 0.726896 -0.604310 2.466100 0.386820 0.480654 0.786983 1.576200 0.000000 0.000000 0.000000 1.000000
0.862519 -0.490504 -0.124369 -2.681700 0.326239 0.726896 -0.604310 2.466100 0.386820 0.480654 0.786983 1.576200 0.000000 0.000000 0.000000 1.000000
0.862519 -0.490504 -0.124369 -2.681700 0.326239 0.726896 -0.604310 2.466100 0.386820 0.480655 0.786983 1.576200 0.000000 0.000000 0.000000 1.000000
0.862519 -0.490504 -0.124369 -2.681700 0.326239 0.726896 -0.604310 2.466100 0.386820 0.480654 0.786983 1.576200 0.000000 0.000000 0.000000 1.000000
0.862519 -0.490504 -0.124370 -2.681700 0.326239 0.726896 -0.604310 2.466100 0.386820 0.480655 0.786982 1.576200 0.000000 0.000000 0.000000 1.000000
0.862519 -0.490504 -0.124369 -2.681700 0.326239 0.726896 -0.604310 2.466100 0.386820 0.480654 0.786983 1.576200 0.000000 0.000000 0.000000 1.000000
0.862519 -0.490504 -0.124369 -2.681700 0.326239 0.726896 -0.604310 2.466100 0.386820 0.480654 0.786983 1.576200 0.000000 0.000000 0.000000 1.000000
0.862519 -0.490504 -0.124370 -2.681700 0.326239 0.726896 -0.604310 2.466100 0.386820 0.480654 0.786983 1.576200 0.000000 0.000000 0.000000 1.000000
0.862519 -0.490504 -0.124369 -2.681700 0.326239 0.726896 -0.604310 2.466100 0.386820 0.480654 0.786983 1.576200 0.000000 0.000000 0.000000 1.000000
0.862519 -0.490504 -0.124369 -2.681700 0.326239 0.726896 -0.604310 2.466100 0.386820 0.480655 0.786983 1.576200 0.000000 0.000000 0.000000 1.000000
0.862519 -0.490504 -0.124370 -2.681700 0.326239 0.726896 -0.604310 2.466100 0.386820 0.480654 0.786983 1.576200 0.000000 0.000000 0.000000 1.000000
0.862519 -0.490504 -0.124369 -2.681700 0.326239 0.726896 -0.604310 2.466100 0.386820 0.480654 0.786983 1.576200 0.000000 0.000000 0.000000 1.000000
0.862519 -0.490504 -0.124369 -2.681700 0.326239 0.726896 -0.604310 2.466100 0.386820 0.480654 0.786983 1.576200 0.000000 0.000000 0.000000 1.000000</float_array>
        <technique_common>
          <accessor source="#mixamorig_LeftHandThumb1-Matrix-animation-output-transform-array" count="39" stride="16">
            <param type="float4x4"/>
          </accessor>
        </technique_common>
      </source>
      <source id="mixamorig_LeftHandThumb1-Interpolations">
        <Name_array id="mixamorig_LeftHandThumb1-Interpolations-array" count="39">
 LINEAR LINEAR LINEAR LINEAR LINEAR LINEAR LINEAR LINEAR LINEAR LINEAR LINEAR
LINEAR LINEAR LINEAR LINEAR LINEAR LINEAR LINEAR LINEAR LINEAR LINEAR LINEAR LINEAR
LINEAR LINEAR LINEAR LINEAR LINEAR LINEAR LINEAR LINEAR LINEAR LINEAR LINEAR LINEAR
LINEAR LINEAR LINEAR LINEAR</Name_array>
        <technique_common>
          <accessor source="#mixamorig_LeftHandThumb1-Interpolations-array" count="39">
            <param type="name"/>
          </accessor>
        </technique_common>
      </source>
      <sampler id="mixamorig_LeftHandThumb1-Matrix-animation-transform">
        <input semantic="INPUT" source="#mixamorig_LeftHandThumb1-Matrix-animation-input"/>
        <input semantic="OUTPUT" source="#mixamorig_LeftHandThumb1-Matrix-animation-output-transform"/>
        <input semantic="INTERPOLATION" source="#mixamorig_LeftHandThumb1-Interpolations"/>
      </sampler>
      <channel source="#mixamorig_LeftHandThumb1-Matrix-animation-transform" target="mixamorig_LeftHandThumb1/matrix"/>
    </animation>
    <animation id="mixamorig_LeftHandThumb2-anim" name="mixamorig_LeftHandThumb2">
      <source id="mixamorig_LeftHandThumb2-Matrix-animation-input">
        <float_array id="mixamorig_LeftHandThumb2-Matrix-animation-input-array" count="39">

0.000000 0.033333 0.066667 0.100000 0.133333 0.166667 0.200000 0.233333 0.266667 0.300000 0.333333 0.366667 0.400000 0.433333 0.466667 0.500000
0.533333 0.566667 0.600000 0.633333 0.666667 0.700000 0.733333 0.766667 0.800000 0.833333 0.866667 0.900000 0.933333 0.966667 1.000000 1.033333
1.066667 1.100000 1.133333 1.166667 1.200000 1.233333 1.266667</float_array>
        <technique_common>
          <accessor source="#mixamorig_LeftHandThumb2-Matrix-animation-input-array" count="39">
            <param name="TIME" type="float"/>
          </accessor>
        </technique_common>
      </source>
      <source id="mixamorig_LeftHandThumb2-Matrix-animation-output-transform">
        <float_array id="mixamorig_LeftHandThumb2-Matrix-animation-output-transform-array" count="624">

0.760791 0.624969 0.174961 0.000000 -0.616805 0.780135 -0.104596 4.187100 -0.201862 -0.028341 0.979004 0.000000 0.000000 0.000000 0.000000 1.000000
0.760791 0.624968 0.174961 0.000000 -0.616805 0.780136 -0.104596 4.187100 -0.201862 -0.028341 0.979004 0.000000 0.000000 0.000000 0.000000 1.000000
0.760791 0.624968 0.174960 0.000000 -0.616805 0.780136 -0.104596 4.187100 -0.201862 -0.028341 0.979004 0.000000 0.000000 0.000000 0.000000 1.000000
0.760791 0.624969 0.174960 -0.000000 -0.616805 0.780135 -0.104596 4.187100 -0.201862 -0.028341 0.979004 0.000000 0.000000 0.000000 0.000000 1.000000
0.760791 0.624968 0.174960 0.000000 -0.616805 0.780135 -0.104596 4.187100 -0.201862 -0.028341 0.979004 -0.000000 0.000000 0.000000 0.000000 1.000000
0.760791 0.624969 0.174961 -0.000000 -0.616805 0.780135 -0.104596 4.187100 -0.201862 -0.028341 0.979004 0.000000 0.000000 0.000000 0.000000 1.000000
0.760791 0.624968 0.174961 -0.000000 -0.616805 0.780135 -0.104596 4.187100 -0.201862 -0.028341 0.979004 0.000000 0.000000 0.000000 0.000000 1.000000
0.760791 0.624968 0.174961 0.000000 -0.616805 0.780135 -0.104596 4.187100 -0.201862 -0.028341 0.979004 -0.000000 0.000000 0.000000 0.000000 1.000000
0.760791 0.624968 0.174961 -0.000000 -0.616805 0.780135 -0.104596 4.187100 -0.201862 -0.028341 0.979004 0.000000 0.000000 0.000000 0.000000 1.000000
0.760791 0.624968 0.174960 0.000000 -0.616805 0.780135 -0.104596 4.187100 -0.201862 -0.028341 0.979004 0.000000 0.000000 0.000000 0.000000 1.000000
0.760791 0.624968 0.174961 -0.000000 -0.616805 0.780135 -0.104596 4.187100 -0.201862 -0.028341 0.979004 0.000000 0.000000 0.000000 0.000000 1.000000
0.760791 0.624968 0.174960 -0.000000 -0.616805 0.780135 -0.104596 4.187100 -0.201862 -0.028341 0.979004 0.000000 0.000000 0.000000 0.000000 1.000000
0.760791 0.624968 0.174961 0.000000 -0.616805 0.780135 -0.104596 4.187100 -0.201862 -0.028341 0.979004 0.000000 0.000000 0.000000 0.000000 1.000000
0.760791 0.624968 0.174960 0.000000 -0.616805 0.780135 -0.104596 4.187100 -0.201862 -0.028341 0.979004 0.000000 0.000000 0.000000 0.000000 1.000000
0.760791 0.624969 0.174961 0.000000 -0.616805 0.780135 -0.104596 4.187100 -0.201862 -0.028341 0.979004 0.000000 0.000000 0.000000 0.000000 1.000000
0.760791 0.624968 0.174960 0.000000 -0.616805 0.780135 -0.104596 4.187100 -0.201862 -0.028341 0.979004 0.000000 0.000000 0.000000 0.000000 1.000000
0.760791 0.624968 0.174961 0.000000 -0.616805 0.780135 -0.104596 4.187100 -0.201862 -0.028341 0.979004 -0.000000 0.000000 0.000000 0.000000 1.000000
0.760791 0.624968 0.174961 -0.000000 -0.616805 0.780136 -0.104596 4.187100 -0.201862 -0.028341 0.979004 0.000000 0.000000 0.000000 0.000000 1.000000
0.760791 0.624968 0.174961 -0.000000 -0.616805 0.780135 -0.104596 4.187100 -0.201862 -0.028341 0.979004 0.000000 0.000000 0.000000 0.000000 1.000000
0.760791 0.624969 0.174960 0.000000 -0.616805 0.780135 -0.104596 4.187100 -0.201862 -0.028341 0.979004 0.000000 0.000000 0.000000 0.000000 1.000000
0.760791 0.624968 0.174961 0.000000 -0.616805 0.780135 -0.104596 4.187100 -0.201862 -0.028341 0.979004 0.000000 0.000000 0.000000 0.000000 1.000000
0.760791 0.624969 0.174960 0.000000 -0.616805 0.780135 -0.104596 4.187100 -0.201862 -0.028341 0.979004 -0.000000 0.000000 0.000000 0.000000 1.000000
0.760791 0.624969 0.174960 0.000000 -0.616805 0.780135 -0.104596 4.187100 -0.201862 -0.028341 0.979004 0.000000 0.000000 0.000000 0.000000 1.000000
0.760791 0.624968 0.174961 0.000000 -0.616805 0.780135 -0.104596 4.187100 -0.201862 -0.028341 0.979004 0.000000 0.000000 0.000000 0.000000 1.000000
0.760791 0.624969 0.174960 0.000000 -0.616805 0.780135 -0.104596 4.187100 -0.201862 -0.028341 0.979004 -0.000000 0.000000 0.000000 0.000000 1.000000
0.760791 0.624968 0.174961 0.000000 -0.616805 0.780135 -0.104596 4.187100 -0.201862 -0.028341 0.979004 -0.000000 0.000000 0.000000 0.000000 1.000000
0.760791 0.624968 0.174960 0.000000 -0.616805 0.780135 -0.104596 4.187100 -0.201862 -0.028341 0.979004 0.000000 0.000000 0.000000 0.000000 1.000000
0.760791 0.624968 0.174961 0.000000 -0.616805 0.780135 -0.104596 4.187100 -0.201862 -0.028341 0.979004 -0.000000 0.000000 0.000000 0.000000 1.000000
0.760791 0.624969 0.174960 0.000000 -0.616805 0.780135 -0.104596 4.187100 -0.201862 -0.028341 0.979004 0.000000 0.000000 0.000000 0.000000 1.000000
0.760791 0.624968 0.174960 0.000000 -0.616805 0.780135 -0.104596 4.187100 -0.201862 -0.028341 0.979004 -0.000000 0.000000 0.000000 0.000000 1.000000
0.760791 0.624968 0.174961 0.000000 -0.616805 0.780135 -0.104596 4.187100 -0.201862 -0.028341 0.979004 -0.000000 0.000000 0.000000 0.000000 1.000000
0.760791 0.624968 0.174961 0.000000 -0.616805 0.780135 -0.104596 4.187100 -0.201862 -0.028341 0.979004 0.000000 0.000000 0.000000 0.000000 1.000000
0.760791 0.624968 0.174960 0.000000 -0.616805 0.780135 -0.104596 4.187100 -0.201862 -0.028341 0.979004 0.000000 0.000000 0.000000 0.000000 1.000000
0.760791 0.624968 0.174961 -0.000000 -0.616805 0.780135 -0.104596 4.187100 -0.201862 -0.028341 0.979004 0.000000 0.000000 0.000000 0.000000 1.000000
0.760791 0.624969 0.174961 0.000000 -0.616805 0.780135 -0.104596 4.187100 -0.201862 -0.028341 0.979004 0.000000 0.000000 0.000000 0.000000 1.000000
0.760791 0.624969 0.174960 0.000000 -0.616805 0.780135 -0.104596 4.187100 -0.201862 -0.028341 0.979004 0.000000 0.000000 0.000000 0.000000 1.000000
0.760791 0.624969 0.174961 -0.000000 -0.616805 0.780135 -0.104596 4.187100 -0.201862 -0.028341 0.979004 0.000000 0.000000 0.000000 0.000000 1.000000
0.760791 0.624968 0.174961 -0.000000 -0.616805 0.780135 -0.104596 4.187100 -0.201862 -0.028341 0.979004 -0.000000 0.000000 0.000000 0.000000 1.000000
0.760791 0.624968 0.174960 0.000000 -0.616805 0.780135 -0.104596 4.187100 -0.201862 -0.028341 0.979004 0.000000 0.000000 0.000000 0.000000 1.000000</float_array>
        <technique_common>
          <accessor source="#mixamorig_LeftHandThumb2-Matrix-animation-output-transform-array" count="39" stride="16">
            <param type="float4x4"/>
          </accessor>
        </technique_common>
      </source>
      <source id="mixamorig_LeftHandThumb2-Interpolations">
        <Name_array id="mixamorig_LeftHandThumb2-Interpolations-array" count="39">
 LINEAR LINEAR LINEAR LINEAR LINEAR LINEAR LINEAR LINEAR LINEAR LINEAR LINEAR
LINEAR LINEAR LINEAR LINEAR LINEAR LINEAR LINEAR LINEAR LINEAR LINEAR LINEAR LINEAR
LINEAR LINEAR LINEAR LINEAR LINEAR LINEAR LINEAR LINEAR LINEAR LINEAR LINEAR LINEAR
LINEAR LINEAR LINEAR LINEAR</Name_array>
        <technique_common>
          <accessor source="#mixamorig_LeftHandThumb2-Interpolations-array" count="39">
            <param type="name"/>
          </accessor>
        </technique_common>
      </source>
      <sampler id="mixamorig_LeftHandThumb2-Matrix-animation-transform">
        <input semantic="INPUT" source="#mixamorig_LeftHandThumb2-Matrix-animation-input"/>
        <input semantic="OUTPUT" source="#mixamorig_LeftHandThumb2-Matrix-animation-output-transform"/>
        <input semantic="INTERPOLATION" source="#mixamorig_LeftHandThumb2-Interpolations"/>
      </sampler>
      <channel source="#mixamorig_LeftHandThumb2-Matrix-animation-transform" target="mixamorig_LeftHandThumb2/matrix"/>
    </animation>
    <animation id="mixamorig_LeftHandThumb3-anim" name="mixamorig_LeftHandThumb3">
      <source id="mixamorig_LeftHandThumb3-Matrix-animation-input">
        <float_array id="mixamorig_LeftHandThumb3-Matrix-animation-input-array" count="39">

0.000000 0.033333 0.066667 0.100000 0.133333 0.166667 0.200000 0.233333 0.266667 0.300000 0.333333 0.366667 0.400000 0.433333 0.466667 0.500000
0.533333 0.566667 0.600000 0.633333 0.666667 0.700000 0.733333 0.766667 0.800000 0.833333 0.866667 0.900000 0.933333 0.966667 1.000000 1.033333
1.066667 1.100000 1.133333 1.166667 1.200000 1.233333 1.266667</float_array>
        <technique_common>
          <accessor source="#mixamorig_LeftHandThumb3-Matrix-animation-input-array" count="39">
            <param name="TIME" type="float"/>
          </accessor>
        </technique_common>
      </source>
      <source id="mixamorig_LeftHandThumb3-Matrix-animation-output-transform">
        <float_array id="mixamorig_LeftHandThumb3-Matrix-animation-output-transform-array" count="624">

0.204245 0.863267 0.461578 0.000000 -0.488862 0.498460 -0.715927 3.418400 -0.848114 -0.079423 0.523826 0.000000 0.000000 0.000000 0.000000 1.000000
0.204245 0.863267 0.461578 -0.000000 -0.488862 0.498460 -0.715927 3.418400 -0.848114 -0.079423 0.523826 0.000000 0.000000 0.000000 0.000000 1.000000
0.204245 0.863267 0.461578 -0.000000 -0.488862 0.498460 -0.715927 3.418400 -0.848114 -0.079424 0.523826 0.000000 0.000000 0.000000 0.000000 1.000000
0.204245 0.863267 0.461578 0.000000 -0.488862 0.498459 -0.715928 3.418400 -0.848114 -0.079423 0.523826 0.000000 0.000000 0.000000 0.000000 1.000000
0.204245 0.863267 0.461578 -0.000000 -0.488862 0.498460 -0.715927 3.418400 -0.848114 -0.079424 0.523826 0.000000 0.000000 0.000000 0.000000 1.000000
0.204245 0.863267 0.461578 0.000000 -0.488862 0.498460 -0.715927 3.418400 -0.848115 -0.079423 0.523826 0.000000 0.000000 0.000000 0.000000 1.000000
0.204245 0.863267 0.461578 -0.000000 -0.488862 0.498460 -0.715927 3.418400 -0.848114 -0.079423 0.523826 0.000000 0.000000 0.000000 0.000000 1.000000
0.204245 0.863267 0.461578 0.000000 -0.488862 0.498460 -0.715927 3.418400 -0.848114 -0.079423 0.523826 -0.000000 0.000000 0.000000 0.000000 1.000000
0.204245 0.863267 0.461578 -0.000000 -0.488862 0.498460 -0.715927 3.418400 -0.848114 -0.079424 0.523826 0.000000 0.000000 0.000000 0.000000 1.000000
0.204245 0.863267 0.461578 0.000000 -0.488862 0.498460 -0.715927 3.418400 -0.848114 -0.079424 0.523826 -0.000000 0.000000 0.000000 0.000000 1.000000
0.204245 0.863267 0.461578 0.000000 -0.488862 0.498460 -0.715927 3.418400 -0.848114 -0.079423 0.523826 0.000000 0.000000 0.000000 0.000000 1.000000
0.204245 0.863267 0.461578 0.000000 -0.488862 0.498460 -0.715927 3.418400 -0.848114 -0.079423 0.523826 0.000000 0.000000 0.000000 0.000000 1.000000
0.204245 0.863267 0.461578 0.000000 -0.488862 0.498460 -0.715927 3.418400 -0.848114 -0.079424 0.523826 -0.000000 0.000000 0.000000 0.000000 1.000000
0.204245 0.863267 0.461578 -0.000000 -0.488862 0.498460 -0.715928 3.418400 -0.848115 -0.079423 0.523826 0.000000 0.000000 0.000000 0.000000 1.000000
0.204245 0.863267 0.461578 0.000000 -0.488862 0.498460 -0.715928 3.418400 -0.848115 -0.079423 0.523826 0.000000 0.000000 0.000000 0.000000 1.000000
0.204245 0.863267 0.461578 0.000000 -0.488862 0.498460 -0.715927 3.418400 -0.848114 -0.079424 0.523826 -0.000000 0.000000 0.000000 0.000000 1.000000
0.204245 0.863267 0.461578 -0.000000 -0.488862 0.498460 -0.715927 3.418400 -0.848114 -0.079423 0.523826 0.000000 0.000000 0.000000 0.000000 1.000000
0.204245 0.863267 0.461578 0.000000 -0.488862 0.498460 -0.715928 3.418400 -0.848114 -0.079423 0.523826 0.000000 0.000000 0.000000 0.000000 1.000000
0.204244 0.863267 0.461578 0.000000 -0.488862 0.498459 -0.715928 3.418400 -0.848115 -0.079424 0.523826 0.000000 0.000000 0.000000 0.000000 1.000000
0.204245 0.863267 0.461578 -0.000000 -0.488862 0.498460 -0.715927 3.418400 -0.848114 -0.079424 0.523826 0.000000 0.000000 0.000000 0.000000 1.000000
0.204244 0.863267 0.461578 0.000000 -0.488862 0.498459 -0.715928 3.418400 -0.848115 -0.079423 0.523826 0.000000 0.000000 0.000000 0.000000 1.000000
0.204244 0.863267 0.461578 -0.000000 -0.488862 0.498459 -0.715928 3.418400 -0.848115 -0.079424 0.523826 0.000000 0.000000 0.000000 0.000000 1.000000
0.204245 0.863267 0.461578 0.000000 -0.488862 0.498459 -0.715928 3.418400 -0.848115 -0.079423 0.523826 -0.000000 0.000000 0.000000 0.000000 1.000000
0.204245 0.863267 0.461578 0.000000 -0.488862 0.498460 -0.715928 3.418400 -0.848115 -0.079423 0.523826 -0.000000 0.000000 0.000000 0.000000 1.000000
0.204245 0.863267 0.461577 -0.000000 -0.488862 0.498459 -0.715928 3.418400 -0.848115 -0.079423 0.523826 0.000000 0.000000 0.000000 0.000000 1.000000
0.204245 0.863267 0.461578 -0.000000 -0.488862 0.498459 -0.715928 3.418400 -0.848115 -0.079423 0.523826 -0.000000 0.000000 0.000000 0.000000 1.000000
0.204245 0.863267 0.461578 0.000000 -0.488862 0.498460 -0.715927 3.418400 -0.848115 -0.079424 0.523826 0.000000 0.000000 0.000000 0.000000 1.000000
0.204245 0.863267 0.461578 0.000000 -0.488862 0.498459 -0.715928 3.418400 -0.848115 -0.079423 0.523826 -0.000000 0.000000 0.000000 0.000000 1.000000
0.204245 0.863267 0.461577 0.000000 -0.488862 0.498459 -0.715928 3.418400 -0.848114 -0.079423 0.523826 0.000000 0.000000 0.000000 0.000000 1.000000
0.204245 0.863267 0.461578 -0.000000 -0.488862 0.498459 -0.715928 3.418400 -0.848115 -0.079423 0.523826 0.000000 0.000000 0.000000 0.000000 1.000000
0.204245 0.863267 0.461578 -0.000000 -0.488862 0.498460 -0.715928 3.418400 -0.848115 -0.079423 0.523826 -0.000000 0.000000 0.000000 0.000000 1.000000
0.204244 0.863267 0.461578 0.000000 -0.488862 0.498459 -0.715928 3.418400 -0.848115 -0.079423 0.523826 0.000000 0.000000 0.000000 0.000000 1.000000
0.204245 0.863267 0.461578 0.000000 -0.488862 0.498460 -0.715927 3.418400 -0.848115 -0.079424 0.523826 0.000000 0.000000 0.000000 0.000000 1.000000
0.204245 0.863267 0.461578 -0.000000 -0.488861 0.498459 -0.715928 3.418400 -0.848115 -0.079423 0.523826 0.000000 0.000000 0.000000 0.000000 1.000000
0.204245 0.863267 0.461578 0.000000 -0.488862 0.498460 -0.715928 3.418400 -0.848115 -0.079423 0.523826 -0.000000 0.000000 0.000000 0.000000 1.000000
0.204245 0.863267 0.461578 -0.000000 -0.488862 0.498459 -0.715928 3.418400 -0.848114 -0.079423 0.523826 0.000000 0.000000 0.000000 0.000000 1.000000
0.204244 0.863267 0.461577 0.000000 -0.488862 0.498459 -0.715928 3.418400 -0.848115 -0.079423 0.523826 0.000000 0.000000 0.000000 0.000000 1.000000
0.204245 0.863267 0.461578 0.000000 -0.488862 0.498459 -0.715928 3.418400 -0.848115 -0.079423 0.523826 0.000000 0.000000 0.000000 0.000000 1.000000
0.204244 0.863267 0.461578 0.000000 -0.488862 0.498459 -0.715928 3.418400 -0.848115 -0.079423 0.523826 0.000000 0.000000 0.000000 0.000000 1.000000</float_array>
        <technique_common>
          <accessor source="#mixamorig_LeftHandThumb3-Matrix-animation-output-transform-array" count="39" stride="16">
            <param type="float4x4"/>
          </accessor>
        </technique_common>
      </source>
      <source id="mixamorig_LeftHandThumb3-Interpolations">
        <Name_array id="mixamorig_LeftHandThumb3-Interpolations-array" count="39">
 LINEAR LINEAR LINEAR LINEAR LINEAR LINEAR LINEAR LINEAR LINEAR LINEAR LINEAR
LINEAR LINEAR LINEAR LINEAR LINEAR LINEAR LINEAR LINEAR LINEAR LINEAR LINEAR LINEAR
LINEAR LINEAR LINEAR LINEAR LINEAR LINEAR LINEAR LINEAR LINEAR LINEAR LINEAR LINEAR
LINEAR LINEAR LINEAR LINEAR</Name_array>
        <technique_common>
          <accessor source="#mixamorig_LeftHandThumb3-Interpolations-array" count="39">
            <param type="name"/>
          </accessor>
        </technique_common>
      </source>
      <sampler id="mixamorig_LeftHandThumb3-Matrix-animation-transform">
        <input semantic="INPUT" source="#mixamorig_LeftHandThumb3-Matrix-animation-input"/>
        <input semantic="OUTPUT" source="#mixamorig_LeftHandThumb3-Matrix-animation-output-transform"/>
        <input semantic="INTERPOLATION" source="#mixamorig_LeftHandThumb3-Interpolations"/>
      </sampler>
      <channel source="#mixamorig_LeftHandThumb3-Matrix-animation-transform" target="mixamorig_LeftHandThumb3/matrix"/>
    </animation>
    <animation id="mixamorig_LeftHandIndex1-anim" name="mixamorig_LeftHandIndex1">
      <source id="mixamorig_LeftHandIndex1-Matrix-animation-input">
        <float_array id="mixamorig_LeftHandIndex1-Matrix-animation-input-array" count="39">

0.000000 0.033333 0.066667 0.100000 0.133333 0.166667 0.200000 0.233333 0.266667 0.300000 0.333333 0.366667 0.400000 0.433333 0.466667 0.500000
0.533333 0.566667 0.600000 0.633333 0.666667 0.700000 0.733333 0.766667 0.800000 0.833333 0.866667 0.900000 0.933333 0.966667 1.000000 1.033333
1.066667 1.100000 1.133333 1.166667 1.200000 1.233333 1.266667</float_array>
        <technique_common>
          <accessor source="#mixamorig_LeftHandIndex1-Matrix-animation-input-array" count="39">
            <param name="TIME" type="float"/>
          </accessor>
        </technique_common>
      </source>
      <source id="mixamorig_LeftHandIndex1-Matrix-animation-output-transform">
        <float_array id="mixamorig_LeftHandIndex1-Matrix-animation-output-transform-array" count="624">

0.977079 -0.029223 -0.210864 -2.259900 -0.197089 0.250197 -0.947923 9.109300 0.080459 0.967754 0.238702 0.518000 0.000000 0.000000 0.000000 1.000000
0.977079 -0.029223 -0.210864 -2.259900 -0.197089 0.250197 -0.947923 9.109300 0.080458 0.967754 0.238702 0.518000 0.000000 0.000000 0.000000 1.000000
0.977079 -0.029223 -0.210864 -2.259900 -0.197089 0.250197 -0.947923 9.109300 0.080459 0.967754 0.238703 0.518000 0.000000 0.000000 0.000000 1.000000
0.977079 -0.029223 -0.210864 -2.259900 -0.197089 0.250197 -0.947923 9.109300 0.080459 0.967754 0.238702 0.518000 0.000000 0.000000 0.000000 1.000000
0.977079 -0.029223 -0.210864 -2.259900 -0.197089 0.250197 -0.947923 9.109300 0.080458 0.967754 0.238702 0.518000 0.000000 0.000000 0.000000 1.000000
0.977079 -0.029223 -0.210864 -2.259900 -0.197089 0.250197 -0.947923 9.109300 0.080459 0.967754 0.238703 0.518000 0.000000 0.000000 0.000000 1.000000
0.977078 -0.022933 -0.211642 -2.259900 -0.197086 0.278362 -0.940038 9.109300 0.080471 0.960202 0.267462 0.518000 0.000000 0.000000 0.000000 1.000000
0.977077 -0.006586 -0.212783 -2.259900 -0.197076 0.349989 -0.915788 9.109300 0.080503 0.936731 0.340669 0.518000 0.000000 0.000000 0.000000 1.000000
0.977077 0.015905 -0.212290 -2.259900 -0.197060 0.444868 -0.873648 9.109300 0.080546 0.895455 0.437804 0.518000 0.000000 0.000000 0.000000 1.000000
0.977078 0.040360 -0.209019 -2.259900 -0.197036 0.543162 -0.816181 9.109300 0.080591 0.838657 0.538664 0.518000 0.000000 0.000000 0.000000 1.000000
0.977080 0.062595 -0.203460 -2.259900 -0.197010 0.627929 -0.752922 9.109300 0.080630 0.775749 0.625869 0.518000 0.000000 0.000000 0.000000 1.000000
0.977083 0.078844 -0.197720 -2.259900 -0.196988 0.686893 -0.699553 9.109300 0.080657 0.722469 0.686683 0.518000 0.000000 0.000000 0.000000 1.000000
0.977084 0.085859 -0.194770 -2.259900 -0.196977 0.711507 -0.674506 9.109300 0.080668 0.697414 0.712114 0.518000 0.000000 0.000000 0.000000 1.000000
0.977083 0.082785 -0.196099 -2.259900 -0.196982 0.700786 -0.685637 9.109300 0.080663 0.708552 0.701033 0.518000 0.000000 0.000000 0.000000 1.000000
0.977082 0.072173 -0.200256 -2.259900 -0.196997 0.663007 -0.722229 9.109300 0.080646 0.745126 0.662029 0.518000 0.000000 0.000000 0.000000 1.000000
0.977080 0.055946 -0.205391 -2.259900 -0.197018 0.603060 -0.772983 9.109300 0.080618 0.795731 0.600260 0.518000 0.000000 0.000000 0.000000 1.000000
0.977078 0.036207 -0.209780 -2.259900 -0.197040 0.526837 -0.826812 9.109300 0.080584 0.849195 0.521895 0.518000 0.000000 0.000000 0.000000 1.000000
0.977077 0.015363 -0.212330 -2.259900 -0.197060 0.442631 -0.874783 9.109300 0.080545 0.896572 0.435512 0.518000 0.000000 0.000000 0.000000 1.000000
0.977077 -0.003990 -0.212848 -2.259900 -0.197075 0.361159 -0.911441 9.109300 0.080508 0.932496 0.352094 0.518000 0.000000 0.000000 0.000000 1.000000
0.977078 -0.019264 -0.212009 -2.259900 -0.197084 0.294638 -0.935065 9.109300 0.080478 0.955415 0.284088 0.518000 0.000000 0.000000 0.000000 1.000000
0.977078 -0.028019 -0.211028 -2.259900 -0.197088 0.255614 -0.946476 9.109300 0.080461 0.966373 0.244233 0.518000 0.000000 0.000000 0.000000 1.000000
0.977079 -0.029222 -0.210864 -2.259900 -0.197089 0.250197 -0.947923 9.109300 0.080458 0.967754 0.238703 0.518000 0.000000 0.000000 0.000000 1.000000
0.977079 -0.029223 -0.210864 -2.259900 -0.197088 0.250197 -0.947923 9.109300 0.080459 0.967754 0.238703 0.518000 0.000000 0.000000 0.000000 1.000000
0.977079 -0.029223 -0.210864 -2.259900 -0.197089 0.250197 -0.947923 9.109300 0.080458 0.967754 0.238702 0.518000 0.000000 0.000000 0.000000 1.000000
0.977079 -0.029223 -0.210864 -2.259900 -0.197089 0.250197 -0.947923 9.109300 0.080458 0.967754 0.238702 0.518000 0.000000 0.000000 0.000000 1.000000
0.977079 -0.029223 -0.210864 -2.259900 -0.197089 0.250197 -0.947923 9.109300 0.080459 0.967754 0.238703 0.518000 0.000000 0.000000 0.000000 1.000000
0.977079 -0.029223 -0.210864 -2.259900 -0.197089 0.250197 -0.947923 9.109300 0.080458 0.967754 0.238702 0.518000 0.000000 0.000000 0.000000 1.000000
0.977079 -0.029223 -0.210864 -2.259900 -0.197089 0.250197 -0.947923 9.109300 0.080458 0.967754 0.238702 0.518000 0.000000 0.000000 0.000000 1.000000
0.977079 -0.029223 -0.210864 -2.259900 -0.197089 0.250197 -0.947923 9.109300 0.080459 0.967754 0.238702 0.518000 0.000000 0.000000 0.000000 1.000000
0.977079 -0.029223 -0.210864 -2.259900 -0.197089 0.250197 -0.947923 9.109300 0.080459 0.967754 0.238702 0.518000 0.000000 0.000000 0.000000 1.000000
0.977078 -0.029223 -0.210864 -2.259900 -0.197089 0.250197 -0.947923 9.109300 0.080459 0.967754 0.238702 0.518000 0.000000 0.000000 0.000000 1.000000
0.977079 -0.029223 -0.210864 -2.259900 -0.197089 0.250197 -0.947923 9.109300 0.080458 0.967754 0.238703 0.518000 0.000000 0.000000 0.000000 1.000000
0.977079 -0.029223 -0.210864 -2.259900 -0.197089 0.250197 -0.947923 9.109300 0.080459 0.967754 0.238702 0.518000 0.000000 0.000000 0.000000 1.000000
0.977078 -0.029223 -0.210864 -2.259900 -0.197089 0.250197 -0.947923 9.109300 0.080459 0.967754 0.238702 0.518000 0.000000 0.000000 0.000000 1.000000
0.977079 -0.029223 -0.210864 -2.259900 -0.197089 0.250197 -0.947923 9.109300 0.080459 0.967754 0.238703 0.518000 0.000000 0.000000 0.000000 1.000000
0.977079 -0.029223 -0.210864 -2.259900 -0.197089 0.250197 -0.947923 9.109300 0.080459 0.967754 0.238702 0.518000 0.000000 0.000000 0.000000 1.000000
0.977078 -0.029223 -0.210864 -2.259900 -0.197089 0.250197 -0.947923 9.109300 0.080459 0.967754 0.238703 0.518000 0.000000 0.000000 0.000000 1.000000
0.977079 -0.029223 -0.210864 -2.259900 -0.197089 0.250197 -0.947923 9.109300 0.080459 0.967754 0.238703 0.518000 0.000000 0.000000 0.000000 1.000000
0.977079 -0.029223 -0.210864 -2.259900 -0.197089 0.250197 -0.947923 9.109300 0.080458 0.967754 0.238702 0.518000 0.000000 0.000000 0.000000 1.000000</float_array>
        <technique_common>
          <accessor source="#mixamorig_LeftHandIndex1-Matrix-animation-output-transform-array" count="39" stride="16">
            <param type="float4x4"/>
          </accessor>
        </technique_common>
      </source>
      <source id="mixamorig_LeftHandIndex1-Interpolations">
        <Name_array id="mixamorig_LeftHandIndex1-Interpolations-array" count="39">
 LINEAR LINEAR LINEAR LINEAR LINEAR LINEAR LINEAR LINEAR LINEAR LINEAR LINEAR
LINEAR LINEAR LINEAR LINEAR LINEAR LINEAR LINEAR LINEAR LINEAR LINEAR LINEAR LINEAR
LINEAR LINEAR LINEAR LINEAR LINEAR LINEAR LINEAR LINEAR LINEAR LINEAR LINEAR LINEAR
LINEAR LINEAR LINEAR LINEAR</Name_array>
        <technique_common>
          <accessor source="#mixamorig_LeftHandIndex1-Interpolations-array" count="39">
            <param type="name"/>
          </accessor>
        </technique_common>
      </source>
      <sampler id="mixamorig_LeftHandIndex1-Matrix-animation-transform">
        <input semantic="INPUT" source="#mixamorig_LeftHandIndex1-Matrix-animation-input"/>
        <input semantic="OUTPUT" source="#mixamorig_LeftHandIndex1-Matrix-animation-output-transform"/>
        <input semantic="INTERPOLATION" source="#mixamorig_LeftHandIndex1-Interpolations"/>
      </sampler>
      <channel source="#mixamorig_LeftHandIndex1-Matrix-animation-transform" target="mixamorig_LeftHandIndex1/matrix"/>
    </animation>
    <animation id="mixamorig_LeftHandIndex2-anim" name="mixamorig_LeftHandIndex2">
      <source id="mixamorig_LeftHandIndex2-Matrix-animation-input">
        <float_array id="mixamorig_LeftHandIndex2-Matrix-animation-input-array" count="39">

0.000000 0.033333 0.066667 0.100000 0.133333 0.166667 0.200000 0.233333 0.266667 0.300000 0.333333 0.366667 0.400000 0.433333 0.466667 0.500000
0.533333 0.566667 0.600000 0.633333 0.666667 0.700000 0.733333 0.766667 0.800000 0.833333 0.866667 0.900000 0.933333 0.966667 1.000000 1.033333
1.066667 1.100000 1.133333 1.166667 1.200000 1.233333 1.266667</float_array>
        <technique_common>
          <accessor source="#mixamorig_LeftHandIndex2-Matrix-animation-input-array" count="39">
            <param name="TIME" type="float"/>
          </accessor>
        </technique_common>
      </source>
      <source id="mixamorig_LeftHandIndex2-Matrix-animation-output-transform">
        <float_array id="mixamorig_LeftHandIndex2-Matrix-animation-output-transform-array" count="624">

0.998460 0.026255 -0.048876 0.000000 -0.053626 0.682613 -0.728809 3.700000 0.014229 0.730308 0.682970 0.000000 0.000000 0.000000 0.000000 1.000000
0.998460 0.026255 -0.048876 0.000000 -0.053626 0.682613 -0.728809 3.700000 0.014229 0.730308 0.682970 0.000000 0.000000 0.000000 0.000000 1.000000
0.998460 0.026255 -0.048876 0.000000 -0.053626 0.682613 -0.728809 3.700000 0.014229 0.730308 0.682970 0.000000 0.000000 0.000000 0.000000 1.000000
0.998460 0.026255 -0.048877 0.000000 -0.053626 0.682614 -0.728809 3.700000 0.014229 0.730308 0.682970 0.000000 0.000000 0.000000 0.000000 1.000000
0.998460 0.026255 -0.048876 0.000000 -0.053626 0.682614 -0.728809 3.700000 0.014229 0.730308 0.682970 -0.000000 0.000000 0.000000 0.000000 1.000000
0.998460 0.026255 -0.048876 0.000000 -0.053626 0.682613 -0.728810 3.700000 0.014229 0.730308 0.682970 0.000000 0.000000 0.000000 0.000000 1.000000
0.998460 0.026255 -0.048876 0.000000 -0.053626 0.682614 -0.728809 3.700000 0.014229 0.730308 0.682970 -0.000000 0.000000 0.000000 0.000000 1.000000
0.998460 0.026255 -0.048876 -0.000000 -0.053626 0.682614 -0.728809 3.700000 0.014229 0.730308 0.682970 0.000000 0.000000 0.000000 0.000000 1.000000
0.998460 0.026255 -0.048876 0.000000 -0.053626 0.682613 -0.728809 3.700000 0.014229 0.730308 0.682970 -0.000000 0.000000 0.000000 0.000000 1.000000
0.998460 0.026255 -0.048876 0.000000 -0.053626 0.682614 -0.728809 3.700000 0.014229 0.730308 0.682970 -0.000000 0.000000 0.000000 0.000000 1.000000
0.998460 0.026255 -0.048876 0.000000 -0.053626 0.682613 -0.728809 3.700000 0.014229 0.730308 0.682970 -0.000000 0.000000 0.000000 0.000000 1.000000
0.998460 0.026255 -0.048876 0.000000 -0.053626 0.682613 -0.728809 3.700000 0.014229 0.730308 0.682970 0.000000 0.000000 0.000000 0.000000 1.000000
0.998460 0.026255 -0.048876 0.000000 -0.053626 0.682613 -0.728809 3.700000 0.014229 0.730308 0.682970 0.000000 0.000000 0.000000 0.000000 1.000000
0.998460 0.026255 -0.048877 0.000000 -0.053626 0.682614 -0.728809 3.700000 0.014229 0.730308 0.682970 0.000000 0.000000 0.000000 0.000000 1.000000
0.998460 0.026255 -0.048876 0.000000 -0.053626 0.682613 -0.728809 3.700000 0.014229 0.730308 0.682970 0.000000 0.000000 0.000000 0.000000 1.000000
0.998460 0.026255 -0.048877 0.000000 -0.053626 0.682613 -0.728809 3.700000 0.014229 0.730308 0.682970 -0.000000 0.000000 0.000000 0.000000 1.000000
0.998460 0.026255 -0.048876 0.000000 -0.053626 0.682614 -0.728809 3.700000 0.014229 0.730308 0.682970 0.000000 0.000000 0.000000 0.000000 1.000000
0.998460 0.026255 -0.048877 0.000000 -0.053626 0.682614 -0.728809 3.700000 0.014229 0.730308 0.682970 0.000000 0.000000 0.000000 0.000000 1.000000
0.998460 0.026255 -0.048876 0.000000 -0.053626 0.682613 -0.728809 3.700000 0.014229 0.730308 0.682970 0.000000 0.000000 0.000000 0.000000 1.000000
0.998460 0.026255 -0.048876 0.000000 -0.053626 0.682613 -0.728809 3.700000 0.014229 0.730308 0.682970 0.000000 0.000000 0.000000 0.000000 1.000000
0.998460 0.026255 -0.048876 0.000000 -0.053626 0.682614 -0.728809 3.700000 0.014229 0.730308 0.682970 0.000000 0.000000 0.000000 0.000000 1.000000
0.998460 0.026255 -0.048877 0.000000 -0.053626 0.682614 -0.728809 3.700000 0.014229 0.730308 0.682970 0.000000 0.000000 0.000000 0.000000 1.000000
0.998460 0.026255 -0.048876 0.000000 -0.053626 0.682613 -0.728809 3.700000 0.014229 0.730308 0.682970 0.000000 0.000000 0.000000 0.000000 1.000000
0.998460 0.026255 -0.048877 0.000000 -0.053626 0.682613 -0.728809 3.700000 0.014229 0.730308 0.682970 0.000000 0.000000 0.000000 0.000000 1.000000
0.998460 0.026255 -0.048876 -0.000000 -0.053626 0.682614 -0.728809 3.700000 0.014229 0.730308 0.682970 0.000000 0.000000 0.000000 0.000000 1.000000
0.998460 0.026255 -0.048876 -0.000000 -0.053626 0.682613 -0.728809 3.700000 0.014229 0.730308 0.682970 0.000000 0.000000 0.000000 0.000000 1.000000
0.998460 0.026255 -0.048876 0.000000 -0.053626 0.682613 -0.728810 3.700000 0.014229 0.730308 0.682970 0.000000 0.000000 0.000000 0.000000 1.000000
0.998460 0.026255 -0.048877 -0.000000 -0.053626 0.682613 -0.728810 3.700000 0.014229 0.730308 0.682970 0.000000 0.000000 0.000000 0.000000 1.000000
0.998460 0.026255 -0.048876 -0.000000 -0.053626 0.682613 -0.728809 3.700000 0.014229 0.730308 0.682970 0.000000 0.000000 0.000000 0.000000 1.000000
0.998460 0.026255 -0.048876 0.000000 -0.053626 0.682613 -0.728809 3.700000 0.014229 0.730308 0.682970 0.000000 0.000000 0.000000 0.000000 1.000000
0.998460 0.026255 -0.048876 0.000000 -0.053626 0.682613 -0.728809 3.700000 0.014229 0.730308 0.682970 0.000000 0.000000 0.000000 0.000000 1.000000
0.998460 0.026255 -0.048876 0.000000 -0.053626 0.682613 -0.728810 3.700000 0.014229 0.730308 0.682970 -0.000000 0.000000 0.000000 0.000000 1.000000
0.998460 0.026255 -0.048876 0.000000 -0.053626 0.682613 -0.728809 3.700000 0.014229 0.730308 0.682970 -0.000000 0.000000 0.000000 0.000000 1.000000
0.998460 0.026255 -0.048876 0.000000 -0.053626 0.682613 -0.728810 3.700000 0.014229 0.730308 0.682970 0.000000 0.000000 0.000000 0.000000 1.000000
0.998460 0.026255 -0.048876 0.000000 -0.053626 0.682613 -0.728810 3.700000 0.014229 0.730308 0.682970 0.000000 0.000000 0.000000 0.000000 1.000000
0.998460 0.026255 -0.048876 0.000000 -0.053626 0.682613 -0.728809 3.700000 0.014229 0.730308 0.682970 0.000000 0.000000 0.000000 0.000000 1.000000
0.998460 0.026255 -0.048877 0.000000 -0.053626 0.682614 -0.728809 3.700000 0.014229 0.730308 0.682970 0.000000 0.000000 0.000000 0.000000 1.000000
0.998460 0.026255 -0.048877 -0.000000 -0.053626 0.682613 -0.728809 3.700000 0.014229 0.730308 0.682970 -0.000000 0.000000 0.000000 0.000000 1.000000
0.998460 0.026255 -0.048876 0.000000 -0.053626 0.682613 -0.728809 3.700000 0.014229 0.730308 0.682970 0.000000 0.000000 0.000000 0.000000 1.000000</float_array>
        <technique_common>
          <accessor source="#mixamorig_LeftHandIndex2-Matrix-animation-output-transform-array" count="39" stride="16">
            <param type="float4x4"/>
          </accessor>
        </technique_common>
      </source>
      <source id="mixamorig_LeftHandIndex2-Interpolations">
        <Name_array id="mixamorig_LeftHandIndex2-Interpolations-array" count="39">
 LINEAR LINEAR LINEAR LINEAR LINEAR LINEAR LINEAR LINEAR LINEAR LINEAR LINEAR
LINEAR LINEAR LINEAR LINEAR LINEAR LINEAR LINEAR LINEAR LINEAR LINEAR LINEAR LINEAR
LINEAR LINEAR LINEAR LINEAR LINEAR LINEAR LINEAR LINEAR LINEAR LINEAR LINEAR LINEAR
LINEAR LINEAR LINEAR LINEAR</Name_array>
        <technique_common>
          <accessor source="#mixamorig_LeftHandIndex2-Interpolations-array" count="39">
            <param type="name"/>
          </accessor>
        </technique_common>
      </source>
      <sampler id="mixamorig_LeftHandIndex2-Matrix-animation-transform">
        <input semantic="INPUT" source="#mixamorig_LeftHandIndex2-Matrix-animation-input"/>
        <input semantic="OUTPUT" source="#mixamorig_LeftHandIndex2-Matrix-animation-output-transform"/>
        <input semantic="INTERPOLATION" source="#mixamorig_LeftHandIndex2-Interpolations"/>
      </sampler>
      <channel source="#mixamorig_LeftHandIndex2-Matrix-animation-transform" target="mixamorig_LeftHandIndex2/matrix"/>
    </animation>
    <animation id="mixamorig_LeftHandIndex3-anim" name="mixamorig_LeftHandIndex3">
      <source id="mixamorig_LeftHandIndex3-Matrix-animation-input">
        <float_array id="mixamorig_LeftHandIndex3-Matrix-animation-input-array" count="39">

0.000000 0.033333 0.066667 0.100000 0.133333 0.166667 0.200000 0.233333 0.266667 0.300000 0.333333 0.366667 0.400000 0.433333 0.466667 0.500000
0.533333 0.566667 0.600000 0.633333 0.666667 0.700000 0.733333 0.766667 0.800000 0.833333 0.866667 0.900000 0.933333 0.966667 1.000000 1.033333
1.066667 1.100000 1.133333 1.166667 1.200000 1.233333 1.266667</float_array>
        <technique_common>
          <accessor source="#mixamorig_LeftHandIndex3-Matrix-animation-input-array" count="39">
            <param name="TIME" type="float"/>
          </accessor>
        </technique_common>
      </source>
      <source id="mixamorig_LeftHandIndex3-Matrix-animation-output-transform">
        <float_array id="mixamorig_LeftHandIndex3-Matrix-animation-output-transform-array" count="624">

0.996557 -0.079752 -0.022663 0.000000 -0.006618 0.195951 -0.980591 2.850000 0.082645 0.977365 0.194749 0.000000 0.000000 0.000000 0.000000 1.000000
0.996557 -0.079752 -0.022663 -0.000000 -0.006619 0.195951 -0.980591 2.850000 0.082645 0.977365 0.194749 -0.000000 0.000000 0.000000 0.000000 1.000000
0.996557 -0.079752 -0.022663 -0.000000 -0.006619 0.195951 -0.980591 2.850000 0.082645 0.977365 0.194749 0.000000 0.000000 0.000000 0.000000 1.000000
0.996557 -0.079752 -0.022663 0.000000 -0.006619 0.195951 -0.980591 2.850000 0.082645 0.977365 0.194749 0.000000 0.000000 0.000000 0.000000 1.000000
0.996557 -0.079752 -0.022663 0.000000 -0.006618 0.195951 -0.980591 2.850000 0.082645 0.977365 0.194749 -0.000000 0.000000 0.000000 0.000000 1.000000
0.996557 -0.079752 -0.022663 0.000000 -0.006619 0.195951 -0.980591 2.850000 0.082645 0.977365 0.194749 0.000000 0.000000 0.000000 0.000000 1.000000
0.996557 -0.079752 -0.022663 -0.000000 -0.006619 0.195951 -0.980591 2.850000 0.082645 0.977365 0.194749 0.000000 0.000000 0.000000 0.000000 1.000000
0.996557 -0.079752 -0.022663 -0.000000 -0.006618 0.195951 -0.980591 2.850000 0.082645 0.977365 0.194749 0.000000 0.000000 0.000000 0.000000 1.000000
0.996557 -0.079752 -0.022663 -0.000000 -0.006619 0.195952 -0.980591 2.850000 0.082645 0.977365 0.194749 0.000000 0.000000 0.000000 0.000000 1.000000
0.996557 -0.079752 -0.022663 -0.000000 -0.006618 0.195951 -0.980591 2.850000 0.082645 0.977365 0.194749 0.000000 0.000000 0.000000 0.000000 1.000000
0.996557 -0.079752 -0.022663 0.000000 -0.006619 0.195951 -0.980591 2.850000 0.082645 0.977365 0.194749 -0.000000 0.000000 0.000000 0.000000 1.000000
0.996557 -0.079752 -0.022663 0.000000 -0.006618 0.195951 -0.980591 2.850000 0.082645 0.977365 0.194749 -0.000000 0.000000 0.000000 0.000000 1.000000
0.996557 -0.079752 -0.022663 -0.000000 -0.006619 0.195951 -0.980591 2.850000 0.082645 0.977365 0.194749 -0.000000 0.000000 0.000000 0.000000 1.000000
0.996557 -0.079752 -0.022663 0.000000 -0.006618 0.195951 -0.980591 2.850000 0.082645 0.977365 0.194749 0.000000 0.000000 0.000000 0.000000 1.000000
0.996557 -0.079752 -0.022663 0.000000 -0.006618 0.195951 -0.980591 2.850000 0.082645 0.977365 0.194749 0.000000 0.000000 0.000000 0.000000 1.000000
0.996557 -0.079752 -0.022663 0.000000 -0.006618 0.195951 -0.980591 2.850000 0.082645 0.977365 0.194749 0.000000 0.000000 0.000000 0.000000 1.000000
0.996557 -0.079752 -0.022663 0.000000 -0.006619 0.195951 -0.980591 2.850000 0.082645 0.977365 0.194749 0.000000 0.000000 0.000000 0.000000 1.000000
0.996557 -0.079752 -0.022663 -0.000000 -0.006618 0.195951 -0.980591 2.850000 0.082645 0.977365 0.194749 0.000000 0.000000 0.000000 0.000000 1.000000
0.996557 -0.079752 -0.022663 0.000000 -0.006618 0.195951 -0.980591 2.850000 0.082645 0.977365 0.194749 0.000000 0.000000 0.000000 0.000000 1.000000
0.996557 -0.079752 -0.022663 0.000000 -0.006618 0.195951 -0.980591 2.850000 0.082645 0.977365 0.194749 0.000000 0.000000 0.000000 0.000000 1.000000
0.996557 -0.079752 -0.022663 0.000000 -0.006619 0.195951 -0.980591 2.850000 0.082645 0.977365 0.194749 0.000000 0.000000 0.000000 0.000000 1.000000
0.996557 -0.079752 -0.022663 0.000000 -0.006618 0.195951 -0.980591 2.850000 0.082644 0.977365 0.194749 0.000000 0.000000 0.000000 0.000000 1.000000
0.996557 -0.079752 -0.022663 0.000000 -0.006618 0.195952 -0.980591 2.850000 0.082645 0.977365 0.194749 -0.000000 0.000000 0.000000 0.000000 1.000000
0.996557 -0.079752 -0.022663 0.000000 -0.006618 0.195952 -0.980591 2.850000 0.082645 0.977365 0.194749 0.000000 0.000000 0.000000 0.000000 1.000000
0.996557 -0.079752 -0.022663 0.000000 -0.006619 0.195951 -0.980591 2.850000 0.082645 0.977365 0.194749 -0.000000 0.000000 0.000000 0.000000 1.000000
0.996557 -0.079752 -0.022663 0.000000 -0.006619 0.195951 -0.980591 2.850000 0.082645 0.977365 0.194749 0.000000 0.000000 0.000000 0.000000 1.000000
0.996557 -0.079752 -0.022663 0.000000 -0.006618 0.195951 -0.980591 2.850000 0.082645 0.977365 0.194749 0.000000 0.000000 0.000000 0.000000 1.000000
0.996557 -0.079752 -0.022663 -0.000000 -0.006618 0.195951 -0.980591 2.850000 0.082645 0.977365 0.194749 -0.000000 0.000000 0.000000 0.000000 1.000000
0.996557 -0.079752 -0.022663 0.000000 -0.006619 0.195951 -0.980591 2.850000 0.082645 0.977365 0.194749 0.000000 0.000000 0.000000 0.000000 1.000000
0.996557 -0.079752 -0.022663 -0.000000 -0.006619 0.195952 -0.980591 2.850000 0.082645 0.977365 0.194749 -0.000000 0.000000 0.000000 0.000000 1.000000
0.996557 -0.079752 -0.022663 0.000000 -0.006618 0.195951 -0.980591 2.850000 0.082645 0.977365 0.194749 0.000000 0.000000 0.000000 0.000000 1.000000
0.996557 -0.079752 -0.022663 0.000000 -0.006618 0.195951 -0.980591 2.850000 0.082645 0.977365 0.194749 0.000000 0.000000 0.000000 0.000000 1.000000
0.996557 -0.079752 -0.022663 -0.000000 -0.006618 0.195951 -0.980591 2.850000 0.082645 0.977365 0.194749 -0.000000 0.000000 0.000000 0.000000 1.000000
0.996557 -0.079752 -0.022663 0.000000 -0.006619 0.195951 -0.980591 2.850000 0.082645 0.977365 0.194749 -0.000000 0.000000 0.000000 0.000000 1.000000
0.996557 -0.079752 -0.022663 0.000000 -0.006619 0.195951 -0.980591 2.850000 0.082645 0.977365 0.194749 -0.000000 0.000000 0.000000 0.000000 1.000000
0.996557 -0.079752 -0.022663 0.000000 -0.006618 0.195951 -0.980591 2.850000 0.082645 0.977365 0.194749 0.000000 0.000000 0.000000 0.000000 1.000000
0.996557 -0.079752 -0.022663 0.000000 -0.006619 0.195951 -0.980591 2.850000 0.082645 0.977365 0.194749 0.000000 0.000000 0.000000 0.000000 1.000000
0.996557 -0.079752 -0.022663 0.000000 -0.006618 0.195952 -0.980591 2.850000 0.082645 0.977365 0.194749 -0.000000 0.000000 0.000000 0.000000 1.000000
0.996557 -0.079752 -0.022663 0.000000 -0.006619 0.195951 -0.980591 2.850000 0.082645 0.977365 0.194749 0.000000 0.000000 0.000000 0.000000 1.000000</float_array>
        <technique_common>
          <accessor source="#mixamorig_LeftHandIndex3-Matrix-animation-output-transform-array" count="39" stride="16">
            <param type="float4x4"/>
          </accessor>
        </technique_common>
      </source>
      <source id="mixamorig_LeftHandIndex3-Interpolations">
        <Name_array id="mixamorig_LeftHandIndex3-Interpolations-array" count="39">
 LINEAR LINEAR LINEAR LINEAR LINEAR LINEAR LINEAR LINEAR LINEAR LINEAR LINEAR
LINEAR LINEAR LINEAR LINEAR LINEAR LINEAR LINEAR LINEAR LINEAR LINEAR LINEAR LINEAR
LINEAR LINEAR LINEAR LINEAR LINEAR LINEAR LINEAR LINEAR LINEAR LINEAR LINEAR LINEAR
LINEAR LINEAR LINEAR LINEAR</Name_array>
        <technique_common>
          <accessor source="#mixamorig_LeftHandIndex3-Interpolations-array" count="39">
            <param type="name"/>
          </accessor>
        </technique_common>
      </source>
      <sampler id="mixamorig_LeftHandIndex3-Matrix-animation-transform">
        <input semantic="INPUT" source="#mixamorig_LeftHandIndex3-Matrix-animation-input"/>
        <input semantic="OUTPUT" source="#mixamorig_LeftHandIndex3-Matrix-animation-output-transform"/>
        <input semantic="INTERPOLATION" source="#mixamorig_LeftHandIndex3-Interpolations"/>
      </sampler>
      <channel source="#mixamorig_LeftHandIndex3-Matrix-animation-transform" target="mixamorig_LeftHandIndex3/matrix"/>
    </animation>
    <animation id="mixamorig_LeftHandMiddle1-anim" name="mixamorig_LeftHandMiddle1">
      <source id="mixamorig_LeftHandMiddle1-Matrix-animation-input">
        <float_array id="mixamorig_LeftHandMiddle1-Matrix-animation-input-array" count="39">

0.000000 0.033333 0.066667 0.100000 0.133333 0.166667 0.200000 0.233333 0.266667 0.300000 0.333333 0.366667 0.400000 0.433333 0.466667 0.500000
0.533333 0.566667 0.600000 0.633333 0.666667 0.700000 0.733333 0.766667 0.800000 0.833333 0.866667 0.900000 0.933333 0.966667 1.000000 1.033333
1.066667 1.100000 1.133333 1.166667 1.200000 1.233333 1.266667</float_array>
        <technique_common>
          <accessor source="#mixamorig_LeftHandMiddle1-Matrix-animation-input-array" count="39">
            <param name="TIME" type="float"/>
          </accessor>
        </technique_common>
      </source>
      <source id="mixamorig_LeftHandMiddle1-Matrix-animation-output-transform">
        <float_array id="mixamorig_LeftHandMiddle1-Matrix-animation-output-transform-array" count="624">

0.958033 0.054599 -0.281412 0.000000 -0.285371 0.088675 -0.954306 9.533400 -0.027150 0.994563 0.100535 -0.000000 0.000000 0.000000 0.000000 1.000000
0.958033 0.054599 -0.281412 -0.000000 -0.285371 0.088675 -0.954306 9.533400 -0.027150 0.994563 0.100535 -0.000000 0.000000 0.000000 0.000000 1.000000
0.958032 0.054598 -0.281412 0.000000 -0.285371 0.088675 -0.954306 9.533400 -0.027149 0.994563 0.100534 0.000000 0.000000 0.000000 0.000000 1.000000
0.958033 0.054599 -0.281412 0.000000 -0.285371 0.088675 -0.954306 9.533400 -0.027150 0.994563 0.100534 0.000000 0.000000 0.000000 0.000000 1.000000
0.958033 0.054598 -0.281412 0.000000 -0.285371 0.088675 -0.954306 9.533400 -0.027149 0.994563 0.100534 0.000000 0.000000 0.000000 0.000000 1.000000
0.958032 0.054599 -0.281412 0.000000 -0.285371 0.088675 -0.954306 9.533400 -0.027150 0.994563 0.100534 0.000000 0.000000 0.000000 0.000000 1.000000
0.958032 0.051963 -0.281911 0.000000 -0.285371 0.079728 -0.955095 9.533400 -0.027153 0.995461 0.091211 0.000000 0.000000 0.000000 0.000000 1.000000
0.958032 0.045128 -0.283088 0.000000 -0.285372 0.056561 -0.956746 9.533400 -0.027164 0.997379 0.067066 0.000000 0.000000 0.000000 0.000000 1.000000
0.958031 0.035699 -0.284433 -0.000000 -0.285373 0.024698 -0.958098 9.533400 -0.027178 0.999057 0.033849 0.000000 0.000000 0.000000 0.000000 1.000000
0.958031 0.025312 -0.285546 0.000000 -0.285373 -0.010282 -0.958361 9.533400 -0.027194 0.999627 -0.002627 -0.000000 0.000000 0.000000 0.000000 1.000000
0.958030 0.015634 -0.286240 0.000000 -0.285373 -0.042763 -0.957462 9.533400 -0.027209 0.998963 -0.036507 -0.000000 0.000000 0.000000 0.000000 1.000000
0.958030 0.008345 -0.286546 0.000000 -0.285372 -0.067150 -0.956061 9.533400 -0.027220 0.997708 -0.061950 -0.000000 0.000000 0.000000 0.000000 1.000000
0.958030 0.005126 -0.286622 0.000000 -0.285372 -0.077902 -0.955246 9.533400 -0.027225 0.996948 -0.073170 -0.000000 0.000000 0.000000 0.000000 1.000000
0.958030 0.006543 -0.286593 -0.000000 -0.285372 -0.073171 -0.955620 9.533400 -0.027223 0.997298 -0.068233 0.000000 0.000000 0.000000 0.000000 1.000000
0.958030 0.011364 -0.286442 0.000000 -0.285372 -0.057057 -0.956717 9.533400 -0.027216 0.998306 -0.051419 -0.000000 0.000000 0.000000 0.000000 1.000000
0.958030 0.018559 -0.286065 0.000000 -0.285373 -0.032959 -0.957850 9.533400 -0.027205 0.999284 -0.026279 0.000000 0.000000 0.000000 0.000000 1.000000
0.958031 0.027091 -0.285382 -0.000000 -0.285373 -0.004300 -0.958407 9.533400 -0.027191 0.999624 0.003612 0.000000 0.000000 0.000000 0.000000 1.000000
0.958031 0.035927 -0.284404 0.000000 -0.285373 0.025468 -0.958078 9.533400 -0.027178 0.999030 0.034652 0.000000 0.000000 0.000000 0.000000 1.000000
0.958032 0.044042 -0.283259 0.000000 -0.285372 0.052886 -0.956956 9.533400 -0.027166 0.997629 0.063235 0.000000 0.000000 0.000000 0.000000 1.000000
0.958032 0.050428 -0.282190 0.000000 -0.285372 0.074519 -0.955516 9.533400 -0.027156 0.995944 0.085783 0.000000 0.000000 0.000000 0.000000 1.000000
0.958032 0.054094 -0.281510 0.000000 -0.285371 0.086961 -0.954464 9.533400 -0.027150 0.994742 0.098748 0.000000 0.000000 0.000000 0.000000 1.000000
0.958032 0.054599 -0.281412 0.000000 -0.285371 0.088675 -0.954306 9.533400 -0.027150 0.994563 0.100535 0.000000 0.000000 0.000000 0.000000 1.000000
0.958033 0.054599 -0.281412 0.000000 -0.285371 0.088675 -0.954306 9.533400 -0.027150 0.994563 0.100535 0.000000 0.000000 0.000000 0.000000 1.000000
0.958033 0.054599 -0.281412 0.000000 -0.285371 0.088675 -0.954306 9.533400 -0.027150 0.994563 0.100535 0.000000 0.000000 0.000000 0.000000 1.000000
0.958033 0.054599 -0.281412 0.000000 -0.285371 0.088675 -0.954306 9.533400 -0.027150 0.994563 0.100535 -0.000000 0.000000 0.000000 0.000000 1.000000
0.958033 0.054599 -0.281412 -0.000000 -0.285371 0.088675 -0.954306 9.533400 -0.027150 0.994563 0.100534 0.000000 0.000000 0.000000 0.000000 1.000000
0.958033 0.054599 -0.281412 0.000000 -0.285371 0.088675 -0.954306 9.533400 -0.027150 0.994563 0.100535 0.000000 0.000000 0.000000 0.000000 1.000000
0.958032 0.054599 -0.281412 0.000000 -0.285371 0.088675 -0.954306 9.533400 -0.027150 0.994563 0.100535 -0.000000 0.000000 0.000000 0.000000 1.000000
0.958032 0.054599 -0.281412 0.000000 -0.285371 0.088675 -0.954306 9.533400 -0.027150 0.994563 0.100534 0.000000 0.000000 0.000000 0.000000 1.000000
0.958032 0.054599 -0.281412 -0.000000 -0.285371 0.088675 -0.954306 9.533400 -0.027150 0.994563 0.100535 0.000000 0.000000 0.000000 0.000000 1.000000
0.958032 0.054599 -0.281412 -0.000000 -0.285371 0.088675 -0.954306 9.533400 -0.027150 0.994563 0.100534 0.000000 0.000000 0.000000 0.000000 1.000000
0.958032 0.054599 -0.281412 0.000000 -0.285371 0.088675 -0.954306 9.533400 -0.027149 0.994563 0.100535 0.000000 0.000000 0.000000 0.000000 1.000000
0.958033 0.054598 -0.281412 0.000000 -0.285371 0.088675 -0.954306 9.533400 -0.027149 0.994563 0.100535 -0.000000 0.000000 0.000000 0.000000 1.000000
0.958032 0.054599 -0.281412 0.000000 -0.285371 0.088675 -0.954306 9.533400 -0.027150 0.994563 0.100534 0.000000 0.000000 0.000000 0.000000 1.000000
0.958033 0.054599 -0.281412 -0.000000 -0.285371 0.088675 -0.954306 9.533400 -0.027150 0.994563 0.100535 0.000000 0.000000 0.000000 0.000000 1.000000
0.958033 0.054599 -0.281412 0.000000 -0.285371 0.088675 -0.954306 9.533400 -0.027150 0.994563 0.100534 0.000000 0.000000 0.000000 0.000000 1.000000
0.958032 0.054599 -0.281412 0.000000 -0.285371 0.088675 -0.954306 9.533400 -0.027150 0.994563 0.100534 0.000000 0.000000 0.000000 0.000000 1.000000
0.958033 0.054599 -0.281412 0.000000 -0.285371 0.088675 -0.954306 9.533400 -0.027149 0.994563 0.100535 0.000000 0.000000 0.000000 0.000000 1.000000
0.958032 0.054599 -0.281412 0.000000 -0.285371 0.088675 -0.954306 9.533400 -0.027149 0.994563 0.100534 0.000000 0.000000 0.000000 0.000000 1.000000</float_array>
        <technique_common>
          <accessor source="#mixamorig_LeftHandMiddle1-Matrix-animation-output-transform-array" count="39" stride="16">
            <param type="float4x4"/>
          </accessor>
        </technique_common>
      </source>
      <source id="mixamorig_LeftHandMiddle1-Interpolations">
        <Name_array id="mixamorig_LeftHandMiddle1-Interpolations-array" count="39">
 LINEAR LINEAR LINEAR LINEAR LINEAR LINEAR LINEAR LINEAR LINEAR LINEAR LINEAR
LINEAR LINEAR LINEAR LINEAR LINEAR LINEAR LINEAR LINEAR LINEAR LINEAR LINEAR LINEAR
LINEAR LINEAR LINEAR LINEAR LINEAR LINEAR LINEAR LINEAR LINEAR LINEAR LINEAR LINEAR
LINEAR LINEAR LINEAR LINEAR</Name_array>
        <technique_common>
          <accessor source="#mixamorig_LeftHandMiddle1-Interpolations-array" count="39">
            <param type="name"/>
          </accessor>
        </technique_common>
      </source>
      <sampler id="mixamorig_LeftHandMiddle1-Matrix-animation-transform">
        <input semantic="INPUT" source="#mixamorig_LeftHandMiddle1-Matrix-animation-input"/>
        <input semantic="OUTPUT" source="#mixamorig_LeftHandMiddle1-Matrix-animation-output-transform"/>
        <input semantic="INTERPOLATION" source="#mixamorig_LeftHandMiddle1-Interpolations"/>
      </sampler>
      <channel source="#mixamorig_LeftHandMiddle1-Matrix-animation-transform" target="mixamorig_LeftHandMiddle1/matrix"/>
    </animation>
    <animation id="mixamorig_LeftHandMiddle2-anim" name="mixamorig_LeftHandMiddle2">
      <source id="mixamorig_LeftHandMiddle2-Matrix-animation-input">
        <float_array id="mixamorig_LeftHandMiddle2-Matrix-animation-input-array" count="39">

0.000000 0.033333 0.066667 0.100000 0.133333 0.166667 0.200000 0.233333 0.266667 0.300000 0.333333 0.366667 0.400000 0.433333 0.466667 0.500000
0.533333 0.566667 0.600000 0.633333 0.666667 0.700000 0.733333 0.766667 0.800000 0.833333 0.866667 0.900000 0.933333 0.966667 1.000000 1.033333
1.066667 1.100000 1.133333 1.166667 1.200000 1.233333 1.266667</float_array>
        <technique_common>
          <accessor source="#mixamorig_LeftHandMiddle2-Matrix-animation-input-array" count="39">
            <param name="TIME" type="float"/>
          </accessor>
        </technique_common>
      </source>
      <source id="mixamorig_LeftHandMiddle2-Matrix-animation-output-transform">
        <float_array id="mixamorig_LeftHandMiddle2-Matrix-animation-output-transform-array" count="624">

1.000000 0.000413 -0.000277 0.000000 -0.000386 0.294293 -0.955715 3.700000 -0.000313 0.955715 0.294293 0.000000 0.000000 0.000000 0.000000 1.000000
1.000000 0.000413 -0.000277 0.000000 -0.000386 0.294293 -0.955715 3.700000 -0.000313 0.955715 0.294293 -0.000000 0.000000 0.000000 0.000000 1.000000
1.000000 0.000413 -0.000277 -0.000000 -0.000386 0.294293 -0.955715 3.700000 -0.000313 0.955715 0.294293 0.000000 0.000000 0.000000 0.000000 1.000000
1.000000 0.000413 -0.000277 0.000000 -0.000386 0.294293 -0.955715 3.700000 -0.000313 0.955715 0.294293 -0.000000 0.000000 0.000000 0.000000 1.000000
1.000000 0.000413 -0.000277 -0.000000 -0.000386 0.294293 -0.955715 3.700000 -0.000313 0.955715 0.294293 -0.000000 0.000000 0.000000 0.000000 1.000000
1.000000 0.000413 -0.000276 0.000000 -0.000386 0.294293 -0.955715 3.700000 -0.000313 0.955715 0.294293 -0.000000 0.000000 0.000000 0.000000 1.000000
1.000000 0.000413 -0.000277 -0.000000 -0.000386 0.294293 -0.955715 3.700000 -0.000313 0.955715 0.294293 0.000000 0.000000 0.000000 0.000000 1.000000
1.000000 0.000413 -0.000277 0.000000 -0.000386 0.294293 -0.955715 3.700000 -0.000313 0.955715 0.294293 0.000000 0.000000 0.000000 0.000000 1.000000
1.000000 0.000413 -0.000277 0.000000 -0.000386 0.294293 -0.955715 3.700000 -0.000313 0.955715 0.294293 0.000000 0.000000 0.000000 0.000000 1.000000
1.000000 0.000413 -0.000277 0.000000 -0.000386 0.294293 -0.955715 3.700000 -0.000313 0.955715 0.294293 0.000000 0.000000 0.000000 0.000000 1.000000
1.000000 0.000413 -0.000277 0.000000 -0.000386 0.294293 -0.955715 3.700000 -0.000313 0.955715 0.294293 -0.000000 0.000000 0.000000 0.000000 1.000000
1.000000 0.000413 -0.000277 -0.000000 -0.000386 0.294293 -0.955715 3.700000 -0.000314 0.955715 0.294293 0.000000 0.000000 0.000000 0.000000 1.000000
1.000000 0.000412 -0.000277 0.000000 -0.000386 0.294293 -0.955715 3.700000 -0.000313 0.955715 0.294293 0.000000 0.000000 0.000000 0.000000 1.000000
1.000000 0.000413 -0.000277 0.000000 -0.000386 0.294293 -0.955715 3.700000 -0.000313 0.955715 0.294293 0.000000 0.000000 0.000000 0.000000 1.000000
1.000000 0.000413 -0.000277 -0.000000 -0.000386 0.294293 -0.955715 3.700000 -0.000313 0.955715 0.294293 0.000000 0.000000 0.000000 0.000000 1.000000
1.000000 0.000413 -0.000276 0.000000 -0.000386 0.294293 -0.955715 3.700000 -0.000313 0.955715 0.294293 0.000000 0.000000 0.000000 0.000000 1.000000
1.000000 0.000413 -0.000277 0.000000 -0.000386 0.294292 -0.955715 3.700000 -0.000313 0.955715 0.294292 0.000000 0.000000 0.000000 0.000000 1.000000
1.000000 0.000413 -0.000277 0.000000 -0.000386 0.294293 -0.955715 3.700000 -0.000313 0.955715 0.294293 0.000000 0.000000 0.000000 0.000000 1.000000
1.000000 0.000413 -0.000276 0.000000 -0.000386 0.294292 -0.955715 3.700000 -0.000313 0.955715 0.294293 0.000000 0.000000 0.000000 0.000000 1.000000
1.000000 0.000413 -0.000276 -0.000000 -0.000386 0.294293 -0.955715 3.700000 -0.000313 0.955715 0.294293 0.000000 0.000000 0.000000 0.000000 1.000000
1.000000 0.000413 -0.000277 0.000000 -0.000386 0.294293 -0.955715 3.700000 -0.000313 0.955715 0.294293 0.000000 0.000000 0.000000 0.000000 1.000000
1.000000 0.000413 -0.000277 0.000000 -0.000386 0.294293 -0.955715 3.700000 -0.000313 0.955715 0.294293 0.000000 0.000000 0.000000 0.000000 1.000000
1.000000 0.000413 -0.000276 0.000000 -0.000386 0.294293 -0.955715 3.700000 -0.000313 0.955715 0.294293 -0.000000 0.000000 0.000000 0.000000 1.000000
1.000000 0.000413 -0.000277 0.000000 -0.000386 0.294293 -0.955715 3.700000 -0.000313 0.955715 0.294293 0.000000 0.000000 0.000000 0.000000 1.000000
1.000000 0.000413 -0.000276 0.000000 -0.000386 0.294293 -0.955715 3.700000 -0.000313 0.955715 0.294293 0.000000 0.000000 0.000000 0.000000 1.000000
1.000000 0.000413 -0.000277 0.000000 -0.000386 0.294293 -0.955715 3.700000 -0.000313 0.955715 0.294293 0.000000 0.000000 0.000000 0.000000 1.000000
1.000000 0.000413 -0.000277 0.000000 -0.000386 0.294293 -0.955715 3.700000 -0.000313 0.955715 0.294293 0.000000 0.000000 0.000000 0.000000 1.000000
1.000000 0.000413 -0.000277 -0.000000 -0.000386 0.294293 -0.955715 3.700000 -0.000313 0.955715 0.294293 0.000000 0.000000 0.000000 0.000000 1.000000
1.000000 0.000413 -0.000277 0.000000 -0.000386 0.294293 -0.955715 3.700000 -0.000313 0.955715 0.294293 -0.000000 0.000000 0.000000 0.000000 1.000000
1.000000 0.000413 -0.000277 0.000000 -0.000386 0.294293 -0.955715 3.700000 -0.000313 0.955715 0.294293 -0.000000 0.000000 0.000000 0.000000 1.000000
1.000000 0.000413 -0.000276 0.000000 -0.000386 0.294293 -0.955715 3.700000 -0.000313 0.955715 0.294293 0.000000 0.000000 0.000000 0.000000 1.000000
1.000000 0.000413 -0.000276 0.000000 -0.000386 0.294293 -0.955715 3.700000 -0.000313 0.955715 0.294293 0.000000 0.000000 0.000000 0.000000 1.000000
1.000000 0.000413 -0.000277 0.000000 -0.000386 0.294293 -0.955715 3.700000 -0.000313 0.955715 0.294293 -0.000000 0.000000 0.000000 0.000000 1.000000
1.000000 0.000413 -0.000276 0.000000 -0.000386 0.294293 -0.955715 3.700000 -0.000313 0.955715 0.294293 0.000000 0.000000 0.000000 0.000000 1.000000
1.000000 0.000413 -0.000277 0.000000 -0.000386 0.294293 -0.955715 3.700000 -0.000313 0.955715 0.294293 0.000000 0.000000 0.000000 0.000000 1.000000
1.000000 0.000413 -0.000277 0.000000 -0.000386 0.294293 -0.955715 3.700000 -0.000313 0.955715 0.294293 0.000000 0.000000 0.000000 0.000000 1.000000
1.000000 0.000413 -0.000276 0.000000 -0.000386 0.294293 -0.955715 3.700000 -0.000313 0.955715 0.294293 0.000000 0.000000 0.000000 0.000000 1.000000
1.000000 0.000413 -0.000277 0.000000 -0.000386 0.294292 -0.955715 3.700000 -0.000313 0.955715 0.294292 0.000000 0.000000 0.000000 0.000000 1.000000
1.000000 0.000413 -0.000277 0.000000 -0.000386 0.294293 -0.955715 3.700000 -0.000313 0.955715 0.294293 -0.000000 0.000000 0.000000 0.000000 1.000000</float_array>
        <technique_common>
          <accessor source="#mixamorig_LeftHandMiddle2-Matrix-animation-output-transform-array" count="39" stride="16">
            <param type="float4x4"/>
          </accessor>
        </technique_common>
      </source>
      <source id="mixamorig_LeftHandMiddle2-Interpolations">
        <Name_array id="mixamorig_LeftHandMiddle2-Interpolations-array" count="39">
 LINEAR LINEAR LINEAR LINEAR LINEAR LINEAR LINEAR LINEAR LINEAR LINEAR LINEAR
LINEAR LINEAR LINEAR LINEAR LINEAR LINEAR LINEAR LINEAR LINEAR LINEAR LINEAR LINEAR
LINEAR LINEAR LINEAR LINEAR LINEAR LINEAR LINEAR LINEAR LINEAR LINEAR LINEAR LINEAR
LINEAR LINEAR LINEAR LINEAR</Name_array>
        <technique_common>
          <accessor source="#mixamorig_LeftHandMiddle2-Interpolations-array" count="39">
            <param type="name"/>
          </accessor>
        </technique_common>
      </source>
      <sampler id="mixamorig_LeftHandMiddle2-Matrix-animation-transform">
        <input semantic="INPUT" source="#mixamorig_LeftHandMiddle2-Matrix-animation-input"/>
        <input semantic="OUTPUT" source="#mixamorig_LeftHandMiddle2-Matrix-animation-output-transform"/>
        <input semantic="INTERPOLATION" source="#mixamorig_LeftHandMiddle2-Interpolations"/>
      </sampler>
      <channel source="#mixamorig_LeftHandMiddle2-Matrix-animation-transform" target="mixamorig_LeftHandMiddle2/matrix"/>
    </animation>
    <animation id="mixamorig_LeftHandMiddle3-anim" name="mixamorig_LeftHandMiddle3">
      <source id="mixamorig_LeftHandMiddle3-Matrix-animation-input">
        <float_array id="mixamorig_LeftHandMiddle3-Matrix-animation-input-array" count="39">

0.000000 0.033333 0.066667 0.100000 0.133333 0.166667 0.200000 0.233333 0.266667 0.300000 0.333333 0.366667 0.400000 0.433333 0.466667 0.500000
0.533333 0.566667 0.600000 0.633333 0.666667 0.700000 0.733333 0.766667 0.800000 0.833333 0.866667 0.900000 0.933333 0.966667 1.000000 1.033333
1.066667 1.100000 1.133333 1.166667 1.200000 1.233333 1.266667</float_array>
        <technique_common>
          <accessor source="#mixamorig_LeftHandMiddle3-Matrix-animation-input-array" count="39">
            <param name="TIME" type="float"/>
          </accessor>
        </technique_common>
      </source>
      <source id="mixamorig_LeftHandMiddle3-Matrix-animation-output-transform">
        <float_array id="mixamorig_LeftHandMiddle3-Matrix-animation-output-transform-array" count="624">

0.999743 -0.009231 -0.020725 0.000000 0.001609 0.940029 -0.341089 2.950000 0.022631 0.340968 0.939802 0.000000 0.000000 0.000000 0.000000 1.000000
0.999743 -0.009231 -0.020725 0.000000 0.001609 0.940029 -0.341089 2.950000 0.022630 0.340968 0.939802 -0.000000 0.000000 0.000000 0.000000 1.000000
0.999743 -0.009231 -0.020725 0.000000 0.001609 0.940029 -0.341090 2.950000 0.022631 0.340969 0.939802 0.000000 0.000000 0.000000 0.000000 1.000000
0.999743 -0.009231 -0.020725 0.000000 0.001609 0.940029 -0.341090 2.950000 0.022631 0.340968 0.939802 0.000000 0.000000 0.000000 0.000000 1.000000
0.999743 -0.009231 -0.020725 -0.000000 0.001609 0.940029 -0.341090 2.950000 0.022631 0.340969 0.939802 0.000000 0.000000 0.000000 0.000000 1.000000
0.999743 -0.009231 -0.020725 -0.000000 0.001609 0.940029 -0.341089 2.950000 0.022631 0.340968 0.939802 -0.000000 0.000000 0.000000 0.000000 1.000000
0.999743 -0.009231 -0.020725 0.000000 0.001609 0.940029 -0.341089 2.950000 0.022631 0.340968 0.939802 0.000000 0.000000 0.000000 0.000000 1.000000
0.999743 -0.009231 -0.020725 -0.000000 0.001609 0.940029 -0.341090 2.950000 0.022631 0.340968 0.939802 0.000000 0.000000 0.000000 0.000000 1.000000
0.999743 -0.009231 -0.020725 0.000000 0.001609 0.940029 -0.341089 2.950000 0.022631 0.340968 0.939802 0.000000 0.000000 0.000000 0.000000 1.000000
0.999743 -0.009231 -0.020725 0.000000 0.001609 0.940030 -0.341089 2.950000 0.022631 0.340968 0.939802 -0.000000 0.000000 0.000000 0.000000 1.000000
0.999743 -0.009231 -0.020725 0.000000 0.001609 0.940029 -0.341089 2.950000 0.022631 0.340968 0.939802 0.000000 0.000000 0.000000 0.000000 1.000000
0.999743 -0.009231 -0.020725 0.000000 0.001609 0.940029 -0.341090 2.950000 0.022631 0.340968 0.939802 0.000000 0.000000 0.000000 0.000000 1.000000
0.999743 -0.009231 -0.020725 0.000000 0.001609 0.940029 -0.341090 2.950000 0.022631 0.340968 0.939802 -0.000000 0.000000 0.000000 0.000000 1.000000
0.999743 -0.009231 -0.020725 0.000000 0.001609 0.940029 -0.341089 2.950000 0.022631 0.340968 0.939802 0.000000 0.000000 0.000000 0.000000 1.000000
0.999743 -0.009231 -0.020725 0.000000 0.001609 0.940029 -0.341090 2.950000 0.022631 0.340968 0.939802 0.000000 0.000000 0.000000 0.000000 1.000000
0.999743 -0.009231 -0.020725 0.000000 0.001609 0.940029 -0.341090 2.950000 0.022631 0.340969 0.939802 0.000000 0.000000 0.000000 0.000000 1.000000
0.999743 -0.009231 -0.020725 0.000000 0.001609 0.940029 -0.341089 2.950000 0.022631 0.340968 0.939802 -0.000000 0.000000 0.000000 0.000000 1.000000
0.999743 -0.009231 -0.020725 0.000000 0.001609 0.940029 -0.341089 2.950000 0.022630 0.340968 0.939802 0.000000 0.000000 0.000000 0.000000 1.000000
0.999743 -0.009231 -0.020725 0.000000 0.001609 0.940029 -0.341089 2.950000 0.022631 0.340968 0.939802 0.000000 0.000000 0.000000 0.000000 1.000000
0.999743 -0.009231 -0.020725 0.000000 0.001609 0.940029 -0.341090 2.950000 0.022631 0.340968 0.939802 0.000000 0.000000 0.000000 0.000000 1.000000
0.999743 -0.009231 -0.020725 0.000000 0.001609 0.940029 -0.341090 2.950000 0.022631 0.340968 0.939802 0.000000 0.000000 0.000000 0.000000 1.000000
0.999743 -0.009231 -0.020725 -0.000000 0.001609 0.940029 -0.341090 2.950000 0.022631 0.340969 0.939802 0.000000 0.000000 0.000000 0.000000 1.000000
0.999743 -0.009231 -0.020725 -0.000000 0.001609 0.940029 -0.341090 2.950000 0.022631 0.340968 0.939802 0.000000 0.000000 0.000000 0.000000 1.000000
0.999743 -0.009231 -0.020725 -0.000000 0.001609 0.940030 -0.341089 2.950000 0.022631 0.340968 0.939802 0.000000 0.000000 0.000000 0.000000 1.000000
0.999743 -0.009231 -0.020725 -0.000000 0.001609 0.940029 -0.341090 2.950000 0.022630 0.340968 0.939802 0.000000 0.000000 0.000000 0.000000 1.000000
0.999743 -0.009231 -0.020725 0.000000 0.001609 0.940030 -0.341089 2.950000 0.022631 0.340968 0.939802 0.000000 0.000000 0.000000 0.000000 1.000000
0.999743 -0.009231 -0.020725 0.000000 0.001609 0.940029 -0.341090 2.950000 0.022631 0.340969 0.939802 0.000000 0.000000 0.000000 0.000000 1.000000
0.999743 -0.009231 -0.020725 0.000000 0.001609 0.940029 -0.341090 2.950000 0.022631 0.340968 0.939802 0.000000 0.000000 0.000000 0.000000 1.000000
0.999743 -0.009231 -0.020725 0.000000 0.001609 0.940029 -0.341090 2.950000 0.022631 0.340969 0.939802 -0.000000 0.000000 0.000000 0.000000 1.000000
0.999743 -0.009231 -0.020725 0.000000 0.001609 0.940029 -0.341089 2.950000 0.022631 0.340968 0.939802 0.000000 0.000000 0.000000 0.000000 1.000000
0.999743 -0.009231 -0.020725 0.000000 0.001609 0.940029 -0.341089 2.950000 0.022631 0.340968 0.939802 -0.000000 0.000000 0.000000 0.000000 1.000000
0.999743 -0.009231 -0.020725 0.000000 0.001609 0.940030 -0.341089 2.950000 0.022631 0.340968 0.939802 -0.000000 0.000000 0.000000 0.000000 1.000000
0.999743 -0.009231 -0.020725 0.000000 0.001609 0.940029 -0.341090 2.950000 0.022631 0.340968 0.939802 -0.000000 0.000000 0.000000 0.000000 1.000000
0.999743 -0.009231 -0.020725 0.000000 0.001609 0.940029 -0.341089 2.950000 0.022631 0.340968 0.939802 0.000000 0.000000 0.000000 0.000000 1.000000
0.999743 -0.009231 -0.020725 -0.000000 0.001609 0.940029 -0.341089 2.950000 0.022631 0.340968 0.939802 0.000000 0.000000 0.000000 0.000000 1.000000
0.999743 -0.009231 -0.020725 0.000000 0.001609 0.940029 -0.341090 2.950000 0.022631 0.340968 0.939802 0.000000 0.000000 0.000000 0.000000 1.000000
0.999743 -0.009231 -0.020725 0.000000 0.001609 0.940030 -0.341089 2.950000 0.022631 0.340968 0.939802 -0.000000 0.000000 0.000000 0.000000 1.000000
0.999743 -0.009231 -0.020725 0.000000 0.001609 0.940030 -0.341089 2.950000 0.022631 0.340968 0.939802 -0.000000 0.000000 0.000000 0.000000 1.000000
0.999743 -0.009231 -0.020725 0.000000 0.001609 0.940029 -0.341090 2.950000 0.022631 0.340969 0.939802 0.000000 0.000000 0.000000 0.000000 1.000000</float_array>
        <technique_common>
          <accessor source="#mixamorig_LeftHandMiddle3-Matrix-animation-output-transform-array" count="39" stride="16">
            <param type="float4x4"/>
          </accessor>
        </technique_common>
      </source>
      <source id="mixamorig_LeftHandMiddle3-Interpolations">
        <Name_array id="mixamorig_LeftHandMiddle3-Interpolations-array" count="39">
 LINEAR LINEAR LINEAR LINEAR LINEAR LINEAR LINEAR LINEAR LINEAR LINEAR LINEAR
LINEAR LINEAR LINEAR LINEAR LINEAR LINEAR LINEAR LINEAR LINEAR LINEAR LINEAR LINEAR
LINEAR LINEAR LINEAR LINEAR LINEAR LINEAR LINEAR LINEAR LINEAR LINEAR LINEAR LINEAR
LINEAR LINEAR LINEAR LINEAR</Name_array>
        <technique_common>
          <accessor source="#mixamorig_LeftHandMiddle3-Interpolations-array" count="39">
            <param type="name"/>
          </accessor>
        </technique_common>
      </source>
      <sampler id="mixamorig_LeftHandMiddle3-Matrix-animation-transform">
        <input semantic="INPUT" source="#mixamorig_LeftHandMiddle3-Matrix-animation-input"/>
        <input semantic="OUTPUT" source="#mixamorig_LeftHandMiddle3-Matrix-animation-output-transform"/>
        <input semantic="INTERPOLATION" source="#mixamorig_LeftHandMiddle3-Interpolations"/>
      </sampler>
      <channel source="#mixamorig_LeftHandMiddle3-Matrix-animation-transform" target="mixamorig_LeftHandMiddle3/matrix"/>
    </animation>
    <animation id="mixamorig_LeftHandRing1-anim" name="mixamorig_LeftHandRing1">
      <source id="mixamorig_LeftHandRing1-Matrix-animation-input">
        <float_array id="mixamorig_LeftHandRing1-Matrix-animation-input-array" count="39">

0.000000 0.033333 0.066667 0.100000 0.133333 0.166667 0.200000 0.233333 0.266667 0.300000 0.333333 0.366667 0.400000 0.433333 0.466667 0.500000
0.533333 0.566667 0.600000 0.633333 0.666667 0.700000 0.733333 0.766667 0.800000 0.833333 0.866667 0.900000 0.933333 0.966667 1.000000 1.033333
1.066667 1.100000 1.133333 1.166667 1.200000 1.233333 1.266667</float_array>
        <technique_common>
          <accessor source="#mixamorig_LeftHandRing1-Matrix-animation-input-array" count="39">
            <param name="TIME" type="float"/>
          </accessor>
        </technique_common>
      </source>
      <source id="mixamorig_LeftHandRing1-Matrix-animation-output-transform">
        <float_array id="mixamorig_LeftHandRing1-Matrix-animation-output-transform-array" count="624">

0.913789 -0.015933 -0.405877 1.865100 -0.392862 0.219197 -0.893091 9.104500 0.103196 0.975551 0.194040 0.043000 0.000000 0.000000 0.000000 1.000000
0.913789 -0.015932 -0.405877 1.865100 -0.392862 0.219197 -0.893091 9.104500 0.103196 0.975551 0.194040 0.043000 0.000000 0.000000 0.000000 1.000000
0.913789 -0.015933 -0.405877 1.865100 -0.392862 0.219197 -0.893091 9.104500 0.103196 0.975551 0.194040 0.043000 0.000000 0.000000 0.000000 1.000000
0.913789 -0.015933 -0.405877 1.865100 -0.392862 0.219197 -0.893091 9.104500 0.103196 0.975551 0.194040 0.043000 0.000000 0.000000 0.000000 1.000000
0.913789 -0.015933 -0.405877 1.865100 -0.392862 0.219197 -0.893091 9.104500 0.103196 0.975551 0.194040 0.043000 0.000000 0.000000 0.000000 1.000000
0.913789 -0.015933 -0.405877 1.865100 -0.392862 0.219197 -0.893091 9.104500 0.103197 0.975550 0.194041 0.043000 0.000000 0.000000 0.000000 1.000000
0.913789 -0.025035 -0.405417 1.865100 -0.392864 0.199079 -0.897789 9.104500 0.103187 0.979664 0.172081 0.043000 0.000000 0.000000 0.000000 1.000000
0.913790 -0.048506 -0.403281 1.865100 -0.392869 0.146615 -0.907831 9.104500 0.103162 0.988004 0.114919 0.043000 0.000000 0.000000 0.000000 1.000000
0.913792 -0.080452 -0.398136 1.865100 -0.392873 0.073804 -0.916626 9.104500 0.103128 0.994022 0.035834 0.043000 0.000000 0.000000 0.000000 1.000000
0.913795 -0.114896 -0.389586 1.865100 -0.392875 -0.006582 -0.919568 9.104500 0.103090 0.993356 -0.051155 0.043000 0.000000 0.000000 0.000000 1.000000
0.913799 -0.146108 -0.378976 1.865100 -0.392874 -0.081218 -0.915999 9.104500 0.103055 0.985929 -0.131619 0.043000 0.000000 0.000000 0.000000 1.000000
0.913803 -0.168949 -0.369350 1.865100 -0.392872 -0.137000 -0.909331 9.104500 0.103029 0.976057 -0.191566 0.043000 0.000000 0.000000 0.000000 1.000000
0.913806 -0.178836 -0.364660 1.865100 -0.392870 -0.161475 -0.905306 9.104500 0.103018 0.970538 -0.217816 0.043000 0.000000 0.000000 0.000000 1.000000
0.913805 -0.174501 -0.366757 1.865100 -0.392871 -0.150718 -0.907159 9.104500 0.103023 0.973054 -0.206283 0.043000 0.000000 0.000000 0.000000 1.000000
0.913802 -0.159564 -0.373505 1.865100 -0.392873 -0.113954 -0.912505 9.104500 0.103040 0.980589 -0.166820 0.043000 0.000000 0.000000 0.000000 1.000000
0.913798 -0.136776 -0.382447 1.865100 -0.392875 -0.058716 -0.917716 9.104500 0.103066 0.988860 -0.107390 0.043000 0.000000 0.000000 0.000000 1.000000
0.913794 -0.109061 -0.391261 1.865100 -0.392875 0.007178 -0.919564 9.104500 0.103097 0.994009 -0.036288 0.043000 0.000000 0.000000 0.000000 1.000000
0.913791 -0.079685 -0.398291 1.865100 -0.392874 0.075570 -0.916482 9.104500 0.103129 0.993951 0.037749 0.043000 0.000000 0.000000 0.000000 1.000000
0.913790 -0.052212 -0.402818 1.865100 -0.392870 0.138252 -0.909142 9.104500 0.103158 0.989020 0.105820 0.043000 0.000000 0.000000 0.000000 1.000000
0.913789 -0.030326 -0.405055 1.865100 -0.392865 0.187328 -0.900314 9.104500 0.103181 0.981829 0.159264 0.043000 0.000000 0.000000 0.000000 1.000000
0.913789 -0.017678 -0.405805 1.865100 -0.392863 0.215349 -0.894027 9.104500 0.103195 0.976377 0.189838 0.043000 0.000000 0.000000 0.000000 1.000000
0.913789 -0.015932 -0.405877 1.865100 -0.392862 0.219197 -0.893091 9.104500 0.103196 0.975551 0.194041 0.043000 0.000000 0.000000 0.000000 1.000000
0.913789 -0.015932 -0.405877 1.865100 -0.392862 0.219197 -0.893091 9.104500 0.103196 0.975551 0.194041 0.043000 0.000000 0.000000 0.000000 1.000000
0.913789 -0.015933 -0.405877 1.865100 -0.392862 0.219197 -0.893091 9.104500 0.103196 0.975551 0.194040 0.043000 0.000000 0.000000 0.000000 1.000000
0.913789 -0.015933 -0.405877 1.865100 -0.392862 0.219197 -0.893091 9.104500 0.103196 0.975551 0.194040 0.043000 0.000000 0.000000 0.000000 1.000000
0.913789 -0.015933 -0.405877 1.865100 -0.392862 0.219197 -0.893091 9.104500 0.103196 0.975551 0.194040 0.043000 0.000000 0.000000 0.000000 1.000000
0.913789 -0.015932 -0.405877 1.865100 -0.392862 0.219197 -0.893091 9.104500 0.103196 0.975551 0.194040 0.043000 0.000000 0.000000 0.000000 1.000000
0.913789 -0.015932 -0.405877 1.865100 -0.392862 0.219197 -0.893091 9.104500 0.103196 0.975551 0.194040 0.043000 0.000000 0.000000 0.000000 1.000000
0.913789 -0.015933 -0.405877 1.865100 -0.392862 0.219197 -0.893091 9.104500 0.103196 0.975551 0.194040 0.043000 0.000000 0.000000 0.000000 1.000000
0.913789 -0.015933 -0.405877 1.865100 -0.392862 0.219197 -0.893091 9.104500 0.103196 0.975551 0.194040 0.043000 0.000000 0.000000 0.000000 1.000000
0.913789 -0.015932 -0.405877 1.865100 -0.392862 0.219197 -0.893091 9.104500 0.103196 0.975551 0.194040 0.043000 0.000000 0.000000 0.000000 1.000000
0.913789 -0.015933 -0.405877 1.865100 -0.392862 0.219197 -0.893091 9.104500 0.103196 0.975551 0.194040 0.043000 0.000000 0.000000 0.000000 1.000000
0.913789 -0.015933 -0.405877 1.865100 -0.392862 0.219197 -0.893091 9.104500 0.103197 0.975551 0.194040 0.043000 0.000000 0.000000 0.000000 1.000000
0.913789 -0.015933 -0.405877 1.865100 -0.392862 0.219197 -0.893091 9.104500 0.103197 0.975550 0.194041 0.043000 0.000000 0.000000 0.000000 1.000000
0.913789 -0.015933 -0.405877 1.865100 -0.392862 0.219197 -0.893091 9.104500 0.103196 0.975551 0.194041 0.043000 0.000000 0.000000 0.000000 1.000000
0.913789 -0.015933 -0.405877 1.865100 -0.392862 0.219197 -0.893091 9.104500 0.103196 0.975551 0.194040 0.043000 0.000000 0.000000 0.000000 1.000000
0.913789 -0.015933 -0.405878 1.865100 -0.392863 0.219197 -0.893091 9.104500 0.103196 0.975551 0.194040 0.043000 0.000000 0.000000 0.000000 1.000000
0.913789 -0.015933 -0.405877 1.865100 -0.392862 0.219197 -0.893091 9.104500 0.103197 0.975550 0.194041 0.043000 0.000000 0.000000 0.000000 1.000000
0.913789 -0.015933 -0.405877 1.865100 -0.392862 0.219197 -0.893091 9.104500 0.103196 0.975551 0.194040 0.043000 0.000000 0.000000 0.000000 1.000000</float_array>
        <technique_common>
          <accessor source="#mixamorig_LeftHandRing1-Matrix-animation-output-transform-array" count="39" stride="16">
            <param type="float4x4"/>
          </accessor>
        </technique_common>
      </source>
      <source id="mixamorig_LeftHandRing1-Interpolations">
        <Name_array id="mixamorig_LeftHandRing1-Interpolations-array" count="39">
 LINEAR LINEAR LINEAR LINEAR LINEAR LINEAR LINEAR LINEAR LINEAR LINEAR LINEAR
LINEAR LINEAR LINEAR LINEAR LINEAR LINEAR LINEAR LINEAR LINEAR LINEAR LINEAR LINEAR
LINEAR LINEAR LINEAR LINEAR LINEAR LINEAR LINEAR LINEAR LINEAR LINEAR LINEAR LINEAR
LINEAR LINEAR LINEAR LINEAR</Name_array>
        <technique_common>
          <accessor source="#mixamorig_LeftHandRing1-Interpolations-array" count="39">
            <param type="name"/>
          </accessor>
        </technique_common>
      </source>
      <sampler id="mixamorig_LeftHandRing1-Matrix-animation-transform">
        <input semantic="INPUT" source="#mixamorig_LeftHandRing1-Matrix-animation-input"/>
        <input semantic="OUTPUT" source="#mixamorig_LeftHandRing1-Matrix-animation-output-transform"/>
        <input semantic="INTERPOLATION" source="#mixamorig_LeftHandRing1-Interpolations"/>
      </sampler>
      <channel source="#mixamorig_LeftHandRing1-Matrix-animation-transform" target="mixamorig_LeftHandRing1/matrix"/>
    </animation>
    <animation id="mixamorig_LeftHandRing2-anim" name="mixamorig_LeftHandRing2">
      <source id="mixamorig_LeftHandRing2-Matrix-animation-input">
        <float_array id="mixamorig_LeftHandRing2-Matrix-animation-input-array" count="39">

0.000000 0.033333 0.066667 0.100000 0.133333 0.166667 0.200000 0.233333 0.266667 0.300000 0.333333 0.366667 0.400000 0.433333 0.466667 0.500000
0.533333 0.566667 0.600000 0.633333 0.666667 0.700000 0.733333 0.766667 0.800000 0.833333 0.866667 0.900000 0.933333 0.966667 1.000000 1.033333
1.066667 1.100000 1.133333 1.166667 1.200000 1.233333 1.266667</float_array>
        <technique_common>
          <accessor source="#mixamorig_LeftHandRing2-Matrix-animation-input-array" count="39">
            <param name="TIME" type="float"/>
          </accessor>
        </technique_common>
      </source>
      <source id="mixamorig_LeftHandRing2-Matrix-animation-output-transform">
        <float_array id="mixamorig_LeftHandRing2-Matrix-animation-output-transform-array" count="624">

0.999855 0.010892 -0.013097 -0.000000 -0.017033 0.629189 -0.777066 3.150000 -0.000223 0.777176 0.629283 0.000000 0.000000 0.000000 0.000000 1.000000
0.999855 0.010892 -0.013097 0.000000 -0.017033 0.629189 -0.777066 3.150000 -0.000223 0.777176 0.629283 -0.000000 0.000000 0.000000 0.000000 1.000000
0.999855 0.010892 -0.013097 0.000000 -0.017033 0.629189 -0.777066 3.150000 -0.000223 0.777176 0.629283 -0.000000 0.000000 0.000000 0.000000 1.000000
0.999855 0.010892 -0.013097 -0.000000 -0.017033 0.629189 -0.777066 3.150000 -0.000223 0.777176 0.629283 0.000000 0.000000 0.000000 0.000000 1.000000
0.999855 0.010892 -0.013097 0.000000 -0.017033 0.629189 -0.777066 3.150000 -0.000223 0.777176 0.629283 0.000000 0.000000 0.000000 0.000000 1.000000
0.999855 0.010892 -0.013097 -0.000000 -0.017033 0.629189 -0.777066 3.150000 -0.000223 0.777176 0.629283 -0.000000 0.000000 0.000000 0.000000 1.000000
0.999855 0.010892 -0.013097 0.000000 -0.017033 0.629189 -0.777066 3.150000 -0.000223 0.777176 0.629283 0.000000 0.000000 0.000000 0.000000 1.000000
0.999855 0.010892 -0.013097 -0.000000 -0.017033 0.629189 -0.777066 3.150000 -0.000223 0.777176 0.629283 -0.000000 0.000000 0.000000 0.000000 1.000000
0.999855 0.010892 -0.013097 -0.000000 -0.017033 0.629189 -0.777066 3.150000 -0.000223 0.777176 0.629283 -0.000000 0.000000 0.000000 0.000000 1.000000
0.999855 0.010892 -0.013097 0.000000 -0.017033 0.629189 -0.777066 3.150000 -0.000223 0.777176 0.629283 0.000000 0.000000 0.000000 0.000000 1.000000
0.999855 0.010892 -0.013097 -0.000000 -0.017033 0.629189 -0.777066 3.150000 -0.000223 0.777176 0.629283 -0.000000 0.000000 0.000000 0.000000 1.000000
0.999855 0.010892 -0.013097 0.000000 -0.017033 0.629189 -0.777066 3.150000 -0.000223 0.777176 0.629283 0.000000 0.000000 0.000000 0.000000 1.000000
0.999855 0.010892 -0.013097 -0.000000 -0.017033 0.629189 -0.777066 3.150000 -0.000223 0.777176 0.629283 0.000000 0.000000 0.000000 0.000000 1.000000
0.999855 0.010892 -0.013097 0.000000 -0.017033 0.629189 -0.777066 3.150000 -0.000223 0.777176 0.629283 0.000000 0.000000 0.000000 0.000000 1.000000
0.999855 0.010892 -0.013097 -0.000000 -0.017033 0.629188 -0.777066 3.150000 -0.000223 0.777176 0.629283 0.000000 0.000000 0.000000 0.000000 1.000000
0.999855 0.010892 -0.013097 0.000000 -0.017033 0.629189 -0.777066 3.150000 -0.000223 0.777176 0.629283 0.000000 0.000000 0.000000 0.000000 1.000000
0.999855 0.010892 -0.013097 0.000000 -0.017033 0.629188 -0.777066 3.150000 -0.000223 0.777176 0.629283 0.000000 0.000000 0.000000 0.000000 1.000000
0.999855 0.010892 -0.013097 -0.000000 -0.017033 0.629189 -0.777066 3.150000 -0.000223 0.777176 0.629283 0.000000 0.000000 0.000000 0.000000 1.000000
0.999855 0.010892 -0.013097 0.000000 -0.017033 0.629189 -0.777066 3.150000 -0.000223 0.777176 0.629283 -0.000000 0.000000 0.000000 0.000000 1.000000
0.999855 0.010892 -0.013097 0.000000 -0.017033 0.629189 -0.777066 3.150000 -0.000223 0.777176 0.629283 0.000000 0.000000 0.000000 0.000000 1.000000
0.999855 0.010892 -0.013097 0.000000 -0.017033 0.629189 -0.777066 3.150000 -0.000223 0.777176 0.629283 0.000000 0.000000 0.000000 0.000000 1.000000
0.999855 0.010892 -0.013097 0.000000 -0.017033 0.629189 -0.777066 3.150000 -0.000223 0.777176 0.629283 0.000000 0.000000 0.000000 0.000000 1.000000
0.999855 0.010892 -0.013097 0.000000 -0.017033 0.629189 -0.777066 3.150000 -0.000223 0.777176 0.629283 0.000000 0.000000 0.000000 0.000000 1.000000
0.999855 0.010892 -0.013097 0.000000 -0.017033 0.629189 -0.777066 3.150000 -0.000223 0.777176 0.629283 0.000000 0.000000 0.000000 0.000000 1.000000
0.999855 0.010892 -0.013098 0.000000 -0.017033 0.629189 -0.777066 3.150000 -0.000223 0.777176 0.629283 0.000000 0.000000 0.000000 0.000000 1.000000
0.999855 0.010892 -0.013097 0.000000 -0.017033 0.629189 -0.777066 3.150000 -0.000223 0.777176 0.629283 0.000000 0.000000 0.000000 0.000000 1.000000
0.999855 0.010892 -0.013097 0.000000 -0.017033 0.629189 -0.777066 3.150000 -0.000223 0.777176 0.629283 0.000000 0.000000 0.000000 0.000000 1.000000
0.999855 0.010892 -0.013097 0.000000 -0.017033 0.629189 -0.777066 3.150000 -0.000223 0.777176 0.629283 0.000000 0.000000 0.000000 0.000000 1.000000
0.999855 0.010892 -0.013097 -0.000000 -0.017033 0.629189 -0.777066 3.150000 -0.000223 0.777176 0.629283 -0.000000 0.000000 0.000000 0.000000 1.000000
0.999855 0.010892 -0.013097 -0.000000 -0.017033 0.629189 -0.777066 3.150000 -0.000223 0.777176 0.629283 0.000000 0.000000 0.000000 0.000000 1.000000
0.999855 0.010892 -0.013097 0.000000 -0.017033 0.629189 -0.777066 3.150000 -0.000223 0.777176 0.629283 -0.000000 0.000000 0.000000 0.000000 1.000000
0.999855 0.010892 -0.013097 0.000000 -0.017033 0.629189 -0.777066 3.150000 -0.000224 0.777176 0.629283 -0.000000 0.000000 0.000000 0.000000 1.000000
0.999855 0.010892 -0.013097 0.000000 -0.017033 0.629189 -0.777066 3.150000 -0.000223 0.777176 0.629283 -0.000000 0.000000 0.000000 0.000000 1.000000
0.999855 0.010892 -0.013097 0.000000 -0.017033 0.629189 -0.777066 3.150000 -0.000223 0.777176 0.629283 -0.000000 0.000000 0.000000 0.000000 1.000000
0.999855 0.010892 -0.013097 0.000000 -0.017033 0.629189 -0.777066 3.150000 -0.000223 0.777176 0.629283 -0.000000 0.000000 0.000000 0.000000 1.000000
0.999855 0.010892 -0.013097 0.000000 -0.017033 0.629189 -0.777066 3.150000 -0.000223 0.777176 0.629283 0.000000 0.000000 0.000000 0.000000 1.000000
0.999855 0.010892 -0.013097 0.000000 -0.017033 0.629189 -0.777066 3.150000 -0.000223 0.777176 0.629283 0.000000 0.000000 0.000000 0.000000 1.000000
0.999855 0.010892 -0.013097 0.000000 -0.017033 0.629189 -0.777066 3.150000 -0.000223 0.777176 0.629283 0.000000 0.000000 0.000000 0.000000 1.000000
0.999855 0.010892 -0.013097 0.000000 -0.017033 0.629189 -0.777066 3.150000 -0.000224 0.777176 0.629283 -0.000000 0.000000 0.000000 0.000000 1.000000</float_array>
        <technique_common>
          <accessor source="#mixamorig_LeftHandRing2-Matrix-animation-output-transform-array" count="39" stride="16">
            <param type="float4x4"/>
          </accessor>
        </technique_common>
      </source>
      <source id="mixamorig_LeftHandRing2-Interpolations">
        <Name_array id="mixamorig_LeftHandRing2-Interpolations-array" count="39">
 LINEAR LINEAR LINEAR LINEAR LINEAR LINEAR LINEAR LINEAR LINEAR LINEAR LINEAR
LINEAR LINEAR LINEAR LINEAR LINEAR LINEAR LINEAR LINEAR LINEAR LINEAR LINEAR LINEAR
LINEAR LINEAR LINEAR LINEAR LINEAR LINEAR LINEAR LINEAR LINEAR LINEAR LINEAR LINEAR
LINEAR LINEAR LINEAR LINEAR</Name_array>
        <technique_common>
          <accessor source="#mixamorig_LeftHandRing2-Interpolations-array" count="39">
            <param type="name"/>
          </accessor>
        </technique_common>
      </source>
      <sampler id="mixamorig_LeftHandRing2-Matrix-animation-transform">
        <input semantic="INPUT" source="#mixamorig_LeftHandRing2-Matrix-animation-input"/>
        <input semantic="OUTPUT" source="#mixamorig_LeftHandRing2-Matrix-animation-output-transform"/>
        <input semantic="INTERPOLATION" source="#mixamorig_LeftHandRing2-Interpolations"/>
      </sampler>
      <channel source="#mixamorig_LeftHandRing2-Matrix-animation-transform" target="mixamorig_LeftHandRing2/matrix"/>
    </animation>
    <animation id="mixamorig_LeftHandRing3-anim" name="mixamorig_LeftHandRing3">
      <source id="mixamorig_LeftHandRing3-Matrix-animation-input">
        <float_array id="mixamorig_LeftHandRing3-Matrix-animation-input-array" count="39">

0.000000 0.033333 0.066667 0.100000 0.133333 0.166667 0.200000 0.233333 0.266667 0.300000 0.333333 0.366667 0.400000 0.433333 0.466667 0.500000
0.533333 0.566667 0.600000 0.633333 0.666667 0.700000 0.733333 0.766667 0.800000 0.833333 0.866667 0.900000 0.933333 0.966667 1.000000 1.033333
1.066667 1.100000 1.133333 1.166667 1.200000 1.233333 1.266667</float_array>
        <technique_common>
          <accessor source="#mixamorig_LeftHandRing3-Matrix-animation-input-array" count="39">
            <param name="TIME" type="float"/>
          </accessor>
        </technique_common>
      </source>
      <source id="mixamorig_LeftHandRing3-Matrix-animation-output-transform">
        <float_array id="mixamorig_LeftHandRing3-Matrix-animation-output-transform-array" count="624">

0.982340 0.187074 -0.003517 0.000000 -0.146307 0.756279 -0.637681 2.950000 -0.116633 0.626934 0.770293 0.000000 0.000000 0.000000 0.000000 1.000000
0.982339 0.187074 -0.003517 0.000000 -0.146307 0.756279 -0.637681 2.950000 -0.116634 0.626934 0.770293 0.000000 0.000000 0.000000 0.000000 1.000000
0.982339 0.187074 -0.003517 0.000000 -0.146307 0.756279 -0.637681 2.950000 -0.116634 0.626934 0.770293 0.000000 0.000000 0.000000 0.000000 1.000000
0.982339 0.187074 -0.003517 0.000000 -0.146307 0.756279 -0.637681 2.950000 -0.116634 0.626934 0.770293 0.000000 0.000000 0.000000 0.000000 1.000000
0.982340 0.187074 -0.003517 0.000000 -0.146307 0.756279 -0.637681 2.950000 -0.116634 0.626934 0.770293 0.000000 0.000000 0.000000 0.000000 1.000000
0.982339 0.187074 -0.003517 -0.000000 -0.146307 0.756279 -0.637681 2.950000 -0.116634 0.626934 0.770293 0.000000 0.000000 0.000000 0.000000 1.000000
0.982339 0.187074 -0.003517 0.000000 -0.146307 0.756279 -0.637681 2.950000 -0.116634 0.626934 0.770293 0.000000 0.000000 0.000000 0.000000 1.000000
0.982340 0.187074 -0.003517 0.000000 -0.146307 0.756279 -0.637681 2.950000 -0.116634 0.626933 0.770293 0.000000 0.000000 0.000000 0.000000 1.000000
0.982340 0.187074 -0.003517 -0.000000 -0.146307 0.756279 -0.637681 2.950000 -0.116633 0.626934 0.770293 0.000000 0.000000 0.000000 0.000000 1.000000
0.982340 0.187074 -0.003517 0.000000 -0.146307 0.756279 -0.637681 2.950000 -0.116634 0.626933 0.770293 0.000000 0.000000 0.000000 0.000000 1.000000
0.982339 0.187074 -0.003517 0.000000 -0.146307 0.756279 -0.637681 2.950000 -0.116634 0.626934 0.770293 0.000000 0.000000 0.000000 0.000000 1.000000
0.982340 0.187074 -0.003517 -0.000000 -0.146307 0.756279 -0.637681 2.950000 -0.116634 0.626934 0.770293 -0.000000 0.000000 0.000000 0.000000 1.000000
0.982340 0.187074 -0.003517 0.000000 -0.146307 0.756279 -0.637681 2.950000 -0.116634 0.626934 0.770293 0.000000 0.000000 0.000000 0.000000 1.000000
0.982339 0.187075 -0.003517 0.000000 -0.146307 0.756279 -0.637681 2.950000 -0.116634 0.626934 0.770293 0.000000 0.000000 0.000000 0.000000 1.000000
0.982339 0.187074 -0.003517 0.000000 -0.146307 0.756279 -0.637681 2.950000 -0.116634 0.626934 0.770293 0.000000 0.000000 0.000000 0.000000 1.000000
0.982339 0.187074 -0.003517 0.000000 -0.146307 0.756279 -0.637681 2.950000 -0.116634 0.626934 0.770293 -0.000000 0.000000 0.000000 0.000000 1.000000
0.982340 0.187074 -0.003517 0.000000 -0.146307 0.756279 -0.637681 2.950000 -0.116633 0.626934 0.770293 0.000000 0.000000 0.000000 0.000000 1.000000
0.982339 0.187074 -0.003517 0.000000 -0.146307 0.756279 -0.637681 2.950000 -0.116634 0.626934 0.770292 -0.000000 0.000000 0.000000 0.000000 1.000000
0.982339 0.187074 -0.003517 0.000000 -0.146307 0.756278 -0.637681 2.950000 -0.116634 0.626934 0.770292 0.000000 0.000000 0.000000 0.000000 1.000000
0.982339 0.187074 -0.003517 0.000000 -0.146307 0.756279 -0.637681 2.950000 -0.116634 0.626934 0.770293 0.000000 0.000000 0.000000 0.000000 1.000000
0.982339 0.187074 -0.003517 0.000000 -0.146307 0.756279 -0.637681 2.950000 -0.116634 0.626934 0.770293 0.000000 0.000000 0.000000 0.000000 1.000000
0.982339 0.187074 -0.003517 0.000000 -0.146307 0.756278 -0.637681 2.950000 -0.116634 0.626934 0.770292 0.000000 0.000000 0.000000 0.000000 1.000000
0.982339 0.187074 -0.003517 0.000000 -0.146307 0.756279 -0.637681 2.950000 -0.116634 0.626934 0.770293 0.000000 0.000000 0.000000 0.000000 1.000000
0.982339 0.187074 -0.003517 -0.000000 -0.146307 0.756279 -0.637681 2.950000 -0.116634 0.626934 0.770293 0.000000 0.000000 0.000000 0.000000 1.000000
0.982340 0.187074 -0.003517 -0.000000 -0.146307 0.756279 -0.637681 2.950000 -0.116634 0.626934 0.770293 -0.000000 0.000000 0.000000 0.000000 1.000000
0.982339 0.187074 -0.003517 0.000000 -0.146307 0.756279 -0.637681 2.950000 -0.116634 0.626934 0.770293 0.000000 0.000000 0.000000 0.000000 1.000000
0.982339 0.187074 -0.003517 0.000000 -0.146307 0.756279 -0.637681 2.950000 -0.116634 0.626934 0.770293 -0.000000 0.000000 0.000000 0.000000 1.000000
0.982339 0.187074 -0.003517 0.000000 -0.146307 0.756279 -0.637681 2.950000 -0.116634 0.626933 0.770293 -0.000000 0.000000 0.000000 0.000000 1.000000
0.982340 0.187074 -0.003517 0.000000 -0.146307 0.756279 -0.637681 2.950000 -0.116634 0.626933 0.770293 -0.000000 0.000000 0.000000 0.000000 1.000000
0.982340 0.187074 -0.003517 0.000000 -0.146307 0.756279 -0.637681 2.950000 -0.116634 0.626934 0.770293 0.000000 0.000000 0.000000 0.000000 1.000000
0.982340 0.187074 -0.003517 0.000000 -0.146307 0.756279 -0.637681 2.950000 -0.116634 0.626934 0.770293 -0.000000 0.000000 0.000000 0.000000 1.000000
0.982340 0.187074 -0.003517 0.000000 -0.146307 0.756279 -0.637681 2.950000 -0.116634 0.626934 0.770293 0.000000 0.000000 0.000000 0.000000 1.000000
0.982339 0.187074 -0.003517 0.000000 -0.146307 0.756279 -0.637681 2.950000 -0.116634 0.626934 0.770293 0.000000 0.000000 0.000000 0.000000 1.000000
0.982339 0.187074 -0.003517 0.000000 -0.146307 0.756279 -0.637681 2.950000 -0.116634 0.626934 0.770293 0.000000 0.000000 0.000000 0.000000 1.000000
0.982339 0.187074 -0.003517 0.000000 -0.146307 0.756279 -0.637681 2.950000 -0.116634 0.626934 0.770293 -0.000000 0.000000 0.000000 0.000000 1.000000
0.982339 0.187074 -0.003517 -0.000000 -0.146307 0.756279 -0.637681 2.950000 -0.116634 0.626934 0.770293 0.000000 0.000000 0.000000 0.000000 1.000000
0.982339 0.187074 -0.003517 0.000000 -0.146307 0.756279 -0.637681 2.950000 -0.116634 0.626934 0.770292 -0.000000 0.000000 0.000000 0.000000 1.000000
0.982340 0.187074 -0.003517 0.000000 -0.146307 0.756279 -0.637681 2.950000 -0.116633 0.626933 0.770293 0.000000 0.000000 0.000000 0.000000 1.000000
0.982339 0.187074 -0.003517 -0.000000 -0.146307 0.756279 -0.637681 2.950000 -0.116634 0.626934 0.770293 0.000000 0.000000 0.000000 0.000000 1.000000</float_array>
        <technique_common>
          <accessor source="#mixamorig_LeftHandRing3-Matrix-animation-output-transform-array" count="39" stride="16">
            <param type="float4x4"/>
          </accessor>
        </technique_common>
      </source>
      <source id="mixamorig_LeftHandRing3-Interpolations">
        <Name_array id="mixamorig_LeftHandRing3-Interpolations-array" count="39">
 LINEAR LINEAR LINEAR LINEAR LINEAR LINEAR LINEAR LINEAR LINEAR LINEAR LINEAR
LINEAR LINEAR LINEAR LINEAR LINEAR LINEAR LINEAR LINEAR LINEAR LINEAR LINEAR LINEAR
LINEAR LINEAR LINEAR LINEAR LINEAR LINEAR LINEAR LINEAR LINEAR LINEAR LINEAR LINEAR
LINEAR LINEAR LINEAR LINEAR</Name_array>
        <technique_common>
          <accessor source="#mixamorig_LeftHandRing3-Interpolations-array" count="39">
            <param type="name"/>
          </accessor>
        </technique_common>
      </source>
      <sampler id="mixamorig_LeftHandRing3-Matrix-animation-transform">
        <input semantic="INPUT" source="#mixamorig_LeftHandRing3-Matrix-animation-input"/>
        <input semantic="OUTPUT" source="#mixamorig_LeftHandRing3-Matrix-animation-output-transform"/>
        <input semantic="INTERPOLATION" source="#mixamorig_LeftHandRing3-Interpolations"/>
      </sampler>
      <channel source="#mixamorig_LeftHandRing3-Matrix-animation-transform" target="mixamorig_LeftHandRing3/matrix"/>
    </animation>
    <animation id="mixamorig_LeftHandPinky1-anim" name="mixamorig_LeftHandPinky1">
      <source id="mixamorig_LeftHandPinky1-Matrix-animation-input">
        <float_array id="mixamorig_LeftHandPinky1-Matrix-animation-input-array" count="39">

0.000000 0.033333 0.066667 0.100000 0.133333 0.166667 0.200000 0.233333 0.266667 0.300000 0.333333 0.366667 0.400000 0.433333 0.466667 0.500000
0.533333 0.566667 0.600000 0.633333 0.666667 0.700000 0.733333 0.766667 0.800000 0.833333 0.866667 0.900000 0.933333 0.966667 1.000000 1.033333
1.066667 1.100000 1.133333 1.166667 1.200000 1.233333 1.266667</float_array>
        <technique_common>
          <accessor source="#mixamorig_LeftHandPinky1-Matrix-animation-input-array" count="39">
            <param name="TIME" type="float"/>
          </accessor>
        </technique_common>
      </source>
      <source id="mixamorig_LeftHandPinky1-Matrix-animation-output-transform">
        <float_array id="mixamorig_LeftHandPinky1-Matrix-animation-output-transform-array" count="624">

0.885392 0.061804 -0.460718 3.806300 -0.376693 0.676121 -0.633216 8.077800 0.272366 0.734193 0.621914 0.486900 0.000000 0.000000 0.000000 1.000000
0.885392 0.061804 -0.460718 3.806300 -0.376693 0.676122 -0.633216 8.077800 0.272366 0.734193 0.621914 0.486900 0.000000 0.000000 0.000000 1.000000
0.885392 0.061804 -0.460718 3.806300 -0.376693 0.676122 -0.633215 8.077800 0.272366 0.734193 0.621914 0.486900 0.000000 0.000000 0.000000 1.000000
0.885392 0.061804 -0.460718 3.806300 -0.376693 0.676121 -0.633216 8.077800 0.272366 0.734194 0.621914 0.486900 0.000000 0.000000 0.000000 1.000000
0.885392 0.061804 -0.460718 3.806300 -0.376693 0.676122 -0.633216 8.077800 0.272366 0.734193 0.621914 0.486900 0.000000 0.000000 0.000000 1.000000
0.885392 0.061804 -0.460718 3.806300 -0.376693 0.676122 -0.633216 8.077800 0.272366 0.734193 0.621914 0.486900 0.000000 0.000000 0.000000 1.000000
0.883022 0.054068 -0.466206 3.806300 -0.380645 0.663603 -0.644003 8.077800 0.274556 0.746128 0.606557 0.486900 0.000000 0.000000 0.000000 1.000000
0.876841 0.033983 -0.479577 3.806300 -0.391255 0.630137 -0.670706 8.077800 0.279407 0.775740 0.565826 0.486900 0.000000 0.000000 0.000000 1.000000
0.868297 0.006295 -0.496005 3.806300 -0.406625 0.581730 -0.704447 8.077800 0.284106 0.813357 0.507675 0.486900 0.000000 0.000000 0.000000 1.000000
0.858971 -0.024063 -0.511458 3.806300 -0.424320 0.525604 -0.737355 8.077800 0.286568 0.850389 0.441269 0.486900 0.000000 0.000000 0.000000 1.000000
0.850476 -0.052092 -0.523429 3.806300 -0.441296 0.470884 -0.763889 8.077800 0.286267 0.880656 0.377487 0.486900 0.000000 0.000000 0.000000 1.000000
0.844264 -0.072964 -0.530937 3.806300 -0.454254 0.428263 -0.781182 8.077800 0.284378 0.900704 0.328423 0.486900 0.000000 0.000000 0.000000 1.000000
0.841584 -0.082104 -0.533849 3.806300 -0.459997 0.409075 -0.788074 8.077800 0.283089 0.908800 0.306503 0.486900 0.000000 0.000000 0.000000 1.000000
0.842759 -0.078088 -0.532598 3.806300 -0.457469 0.417546 -0.785097 8.077800 0.283691 0.905294 0.316167 0.486900 0.000000 0.000000 0.000000 1.000000
0.846814 -0.064348 -0.527982 3.806300 -0.448876 0.446056 -0.774303 8.077800 0.285334 0.892689 0.348842 0.486900 0.000000 0.000000 0.000000 1.000000
0.853017 -0.043655 -0.520054 3.806300 -0.436130 0.487654 -0.756296 8.077800 0.286623 0.871945 0.396938 0.486900 0.000000 0.000000 0.000000 1.000000
0.860557 -0.018880 -0.509005 3.806300 -0.421244 0.535415 -0.732041 8.077800 0.286350 0.844378 0.452802 0.486900 0.000000 0.000000 0.000000 1.000000
0.868503 0.006964 -0.495635 3.806300 -0.406245 0.582932 -0.703673 8.077800 0.284021 0.812491 0.509107 0.486900 0.000000 0.000000 0.000000 1.000000
0.875857 0.030792 -0.481587 3.806300 -0.392985 0.624693 -0.674775 8.077800 0.280067 0.780263 0.559242 0.486900 0.000000 0.000000 0.000000 1.000000
0.881637 0.049558 -0.469318 3.806300 -0.382985 0.656210 -0.650163 8.077800 0.275751 0.752949 0.597519 0.486900 0.000000 0.000000 0.000000 1.000000
0.884939 0.060323 -0.461784 3.806300 -0.377443 0.673741 -0.635303 8.077800 0.272799 0.736502 0.618988 0.486900 0.000000 0.000000 0.000000 1.000000
0.885392 0.061804 -0.460718 3.806300 -0.376693 0.676122 -0.633216 8.077800 0.272366 0.734193 0.621914 0.486900 0.000000 0.000000 0.000000 1.000000
0.885392 0.061804 -0.460718 3.806300 -0.376693 0.676121 -0.633216 8.077800 0.272366 0.734194 0.621914 0.486900 0.000000 0.000000 0.000000 1.000000
0.885392 0.061804 -0.460718 3.806300 -0.376693 0.676122 -0.633216 8.077800 0.272366 0.734193 0.621914 0.486900 0.000000 0.000000 0.000000 1.000000
0.885392 0.061804 -0.460718 3.806300 -0.376693 0.676121 -0.633216 8.077800 0.272366 0.734193 0.621914 0.486900 0.000000 0.000000 0.000000 1.000000
0.885392 0.061804 -0.460718 3.806300 -0.376693 0.676122 -0.633216 8.077800 0.272366 0.734193 0.621914 0.486900 0.000000 0.000000 0.000000 1.000000
0.885392 0.061804 -0.460718 3.806300 -0.376693 0.676122 -0.633215 8.077800 0.272366 0.734193 0.621914 0.486900 0.000000 0.000000 0.000000 1.000000
0.885392 0.061804 -0.460718 3.806300 -0.376693 0.676122 -0.633216 8.077800 0.272366 0.734193 0.621914 0.486900 0.000000 0.000000 0.000000 1.000000
0.885392 0.061804 -0.460718 3.806300 -0.376693 0.676122 -0.633216 8.077800 0.272366 0.734193 0.621914 0.486900 0.000000 0.000000 0.000000 1.000000
0.885392 0.061804 -0.460718 3.806300 -0.376693 0.676122 -0.633216 8.077800 0.272366 0.734193 0.621914 0.486900 0.000000 0.000000 0.000000 1.000000
0.885392 0.061804 -0.460718 3.806300 -0.376693 0.676122 -0.633216 8.077800 0.272366 0.734193 0.621914 0.486900 0.000000 0.000000 0.000000 1.000000
0.885392 0.061804 -0.460718 3.806300 -0.376692 0.676122 -0.633216 8.077800 0.272366 0.734193 0.621914 0.486900 0.000000 0.000000 0.000000 1.000000
0.885392 0.061804 -0.460718 3.806300 -0.376693 0.676122 -0.633216 8.077800 0.272366 0.734193 0.621914 0.486900 0.000000 0.000000 0.000000 1.000000
0.885392 0.061804 -0.460718 3.806300 -0.376693 0.676122 -0.633216 8.077800 0.272366 0.734193 0.621914 0.486900 0.000000 0.000000 0.000000 1.000000
0.885392 0.061804 -0.460718 3.806300 -0.376693 0.676122 -0.633216 8.077800 0.272366 0.734193 0.621914 0.486900 0.000000 0.000000 0.000000 1.000000
0.885392 0.061804 -0.460718 3.806300 -0.376693 0.676122 -0.633216 8.077800 0.272366 0.734193 0.621914 0.486900 0.000000 0.000000 0.000000 1.000000
0.885392 0.061804 -0.460718 3.806300 -0.376693 0.676122 -0.633216 8.077800 0.272366 0.734193 0.621914 0.486900 0.000000 0.000000 0.000000 1.000000
0.885392 0.061804 -0.460718 3.806300 -0.376693 0.676122 -0.633216 8.077800 0.272366 0.734193 0.621914 0.486900 0.000000 0.000000 0.000000 1.000000
0.885392 0.061804 -0.460718 3.806300 -0.376693 0.676122 -0.633216 8.077800 0.272366 0.734193 0.621914 0.486900 0.000000 0.000000 0.000000 1.000000</float_array>
        <technique_common>
          <accessor source="#mixamorig_LeftHandPinky1-Matrix-animation-output-transform-array" count="39" stride="16">
            <param type="float4x4"/>
          </accessor>
        </technique_common>
      </source>
      <source id="mixamorig_LeftHandPinky1-Interpolations">
        <Name_array id="mixamorig_LeftHandPinky1-Interpolations-array" count="39">
 LINEAR LINEAR LINEAR LINEAR LINEAR LINEAR LINEAR LINEAR LINEAR LINEAR LINEAR
LINEAR LINEAR LINEAR LINEAR LINEAR LINEAR LINEAR LINEAR LINEAR LINEAR LINEAR LINEAR
LINEAR LINEAR LINEAR LINEAR LINEAR LINEAR LINEAR LINEAR LINEAR LINEAR LINEAR LINEAR
LINEAR LINEAR LINEAR LINEAR</Name_array>
        <technique_common>
          <accessor source="#mixamorig_LeftHandPinky1-Interpolations-array" count="39">
            <param type="name"/>
          </accessor>
        </technique_common>
      </source>
      <sampler id="mixamorig_LeftHandPinky1-Matrix-animation-transform">
        <input semantic="INPUT" source="#mixamorig_LeftHandPinky1-Matrix-animation-input"/>
        <input semantic="OUTPUT" source="#mixamorig_LeftHandPinky1-Matrix-animation-output-transform"/>
        <input semantic="INTERPOLATION" source="#mixamorig_LeftHandPinky1-Interpolations"/>
      </sampler>
      <channel source="#mixamorig_LeftHandPinky1-Matrix-animation-transform" target="mixamorig_LeftHandPinky1/matrix"/>
    </animation>
    <animation id="mixamorig_LeftHandPinky2-anim" name="mixamorig_LeftHandPinky2">
      <source id="mixamorig_LeftHandPinky2-Matrix-animation-input">
        <float_array id="mixamorig_LeftHandPinky2-Matrix-animation-input-array" count="39">

0.000000 0.033333 0.066667 0.100000 0.133333 0.166667 0.200000 0.233333 0.266667 0.300000 0.333333 0.366667 0.400000 0.433333 0.466667 0.500000
0.533333 0.566667 0.600000 0.633333 0.666667 0.700000 0.733333 0.766667 0.800000 0.833333 0.866667 0.900000 0.933333 0.966667 1.000000 1.033333
1.066667 1.100000 1.133333 1.166667 1.200000 1.233333 1.266667</float_array>
        <technique_common>
          <accessor source="#mixamorig_LeftHandPinky2-Matrix-animation-input-array" count="39">
            <param name="TIME" type="float"/>
          </accessor>
        </technique_common>
      </source>
      <source id="mixamorig_LeftHandPinky2-Matrix-animation-output-transform">
        <float_array id="mixamorig_LeftHandPinky2-Matrix-animation-output-transform-array" count="624">

1.000000 0.000429 -0.000396 0.000000 -0.000473 0.196581 -0.980487 3.600000 -0.000343 0.980487 0.196582 0.000000 0.000000 0.000000 0.000000 1.000000
1.000000 0.000429 -0.000396 0.000000 -0.000473 0.196581 -0.980487 3.600000 -0.000343 0.980487 0.196581 -0.000000 0.000000 0.000000 0.000000 1.000000
1.000000 0.000429 -0.000396 -0.000000 -0.000473 0.196581 -0.980487 3.600000 -0.000343 0.980487 0.196582 0.000000 0.000000 0.000000 0.000000 1.000000
1.000000 0.000429 -0.000396 0.000000 -0.000473 0.196582 -0.980487 3.600000 -0.000343 0.980487 0.196582 0.000000 0.000000 0.000000 0.000000 1.000000
1.000000 0.000429 -0.000396 0.000000 -0.000473 0.196581 -0.980487 3.600000 -0.000343 0.980487 0.196582 0.000000 0.000000 0.000000 0.000000 1.000000
1.000000 0.000429 -0.000396 0.000000 -0.000473 0.196582 -0.980487 3.600000 -0.000343 0.980487 0.196582 0.000000 0.000000 0.000000 0.000000 1.000000
1.000000 0.000429 -0.000396 0.000000 -0.000473 0.196581 -0.980487 3.600000 -0.000343 0.980487 0.196581 -0.000000 0.000000 0.000000 0.000000 1.000000
1.000000 0.000429 -0.000396 0.000000 -0.000473 0.196582 -0.980487 3.600000 -0.000343 0.980487 0.196582 0.000000 0.000000 0.000000 0.000000 1.000000
1.000000 0.000429 -0.000396 0.000000 -0.000473 0.196581 -0.980487 3.600000 -0.000343 0.980487 0.196582 -0.000000 0.000000 0.000000 0.000000 1.000000
1.000000 0.000429 -0.000396 0.000000 -0.000473 0.196582 -0.980487 3.600000 -0.000343 0.980487 0.196582 0.000000 0.000000 0.000000 0.000000 1.000000
1.000000 0.000429 -0.000396 -0.000000 -0.000473 0.196581 -0.980487 3.600000 -0.000343 0.980487 0.196582 0.000000 0.000000 0.000000 0.000000 1.000000
1.000000 0.000429 -0.000396 0.000000 -0.000473 0.196581 -0.980487 3.600000 -0.000343 0.980487 0.196582 0.000000 0.000000 0.000000 0.000000 1.000000
1.000000 0.000429 -0.000396 0.000000 -0.000473 0.196582 -0.980487 3.600000 -0.000343 0.980487 0.196582 0.000000 0.000000 0.000000 0.000000 1.000000
1.000000 0.000429 -0.000396 -0.000000 -0.000473 0.196581 -0.980487 3.600000 -0.000343 0.980487 0.196582 0.000000 0.000000 0.000000 0.000000 1.000000
1.000000 0.000429 -0.000396 -0.000000 -0.000473 0.196582 -0.980487 3.600000 -0.000343 0.980487 0.196582 0.000000 0.000000 0.000000 0.000000 1.000000
1.000000 0.000429 -0.000396 0.000000 -0.000473 0.196581 -0.980487 3.600000 -0.000343 0.980487 0.196581 0.000000 0.000000 0.000000 0.000000 1.000000
1.000000 0.000429 -0.000396 0.000000 -0.000473 0.196581 -0.980487 3.600000 -0.000343 0.980487 0.196581 0.000000 0.000000 0.000000 0.000000 1.000000
1.000000 0.000429 -0.000396 0.000000 -0.000473 0.196582 -0.980487 3.600000 -0.000343 0.980487 0.196582 0.000000 0.000000 0.000000 0.000000 1.000000
1.000000 0.000429 -0.000396 0.000000 -0.000473 0.196581 -0.980487 3.600000 -0.000343 0.980487 0.196582 0.000000 0.000000 0.000000 0.000000 1.000000
1.000000 0.000429 -0.000396 0.000000 -0.000473 0.196581 -0.980487 3.600000 -0.000343 0.980487 0.196582 0.000000 0.000000 0.000000 0.000000 1.000000
1.000000 0.000429 -0.000396 0.000000 -0.000473 0.196581 -0.980487 3.600000 -0.000343 0.980487 0.196582 -0.000000 0.000000 0.000000 0.000000 1.000000
1.000000 0.000429 -0.000396 0.000000 -0.000473 0.196581 -0.980487 3.600000 -0.000343 0.980487 0.196582 -0.000000 0.000000 0.000000 0.000000 1.000000
1.000000 0.000429 -0.000396 -0.000000 -0.000473 0.196582 -0.980487 3.600000 -0.000343 0.980487 0.196582 0.000000 0.000000 0.000000 0.000000 1.000000
1.000000 0.000429 -0.000396 0.000000 -0.000473 0.196581 -0.980487 3.600000 -0.000343 0.980487 0.196582 0.000000 0.000000 0.000000 0.000000 1.000000
1.000000 0.000429 -0.000396 -0.000000 -0.000473 0.196582 -0.980487 3.600000 -0.000343 0.980487 0.196582 0.000000 0.000000 0.000000 0.000000 1.000000
1.000000 0.000429 -0.000396 0.000000 -0.000473 0.196582 -0.980487 3.600000 -0.000343 0.980487 0.196582 -0.000000 0.000000 0.000000 0.000000 1.000000
1.000000 0.000429 -0.000396 -0.000000 -0.000473 0.196581 -0.980487 3.600000 -0.000343 0.980487 0.196582 0.000000 0.000000 0.000000 0.000000 1.000000
1.000000 0.000429 -0.000396 0.000000 -0.000473 0.196582 -0.980487 3.600000 -0.000343 0.980487 0.196582 0.000000 0.000000 0.000000 0.000000 1.000000
1.000000 0.000429 -0.000396 0.000000 -0.000473 0.196582 -0.980487 3.600000 -0.000343 0.980487 0.196582 0.000000 0.000000 0.000000 0.000000 1.000000
1.000000 0.000429 -0.000396 0.000000 -0.000473 0.196582 -0.980487 3.600000 -0.000343 0.980487 0.196582 -0.000000 0.000000 0.000000 0.000000 1.000000
1.000000 0.000429 -0.000396 0.000000 -0.000473 0.196581 -0.980487 3.600000 -0.000343 0.980487 0.196582 -0.000000 0.000000 0.000000 0.000000 1.000000
1.000000 0.000429 -0.000396 -0.000000 -0.000473 0.196581 -0.980487 3.600000 -0.000343 0.980487 0.196582 0.000000 0.000000 0.000000 0.000000 1.000000
1.000000 0.000429 -0.000396 0.000000 -0.000473 0.196581 -0.980487 3.600000 -0.000343 0.980487 0.196582 -0.000000 0.000000 0.000000 0.000000 1.000000
1.000000 0.000429 -0.000396 0.000000 -0.000473 0.196581 -0.980487 3.600000 -0.000343 0.980487 0.196582 0.000000 0.000000 0.000000 0.000000 1.000000
1.000000 0.000429 -0.000396 0.000000 -0.000473 0.196582 -0.980487 3.600000 -0.000343 0.980487 0.196582 0.000000 0.000000 0.000000 0.000000 1.000000
1.000000 0.000429 -0.000396 0.000000 -0.000473 0.196581 -0.980487 3.600000 -0.000343 0.980487 0.196582 0.000000 0.000000 0.000000 0.000000 1.000000
1.000000 0.000429 -0.000396 0.000000 -0.000473 0.196582 -0.980487 3.600000 -0.000343 0.980487 0.196582 0.000000 0.000000 0.000000 0.000000 1.000000
1.000000 0.000429 -0.000396 -0.000000 -0.000473 0.196582 -0.980487 3.600000 -0.000343 0.980487 0.196582 0.000000 0.000000 0.000000 0.000000 1.000000
1.000000 0.000429 -0.000396 0.000000 -0.000473 0.196581 -0.980487 3.600000 -0.000343 0.980487 0.196582 -0.000000 0.000000 0.000000 0.000000 1.000000</float_array>
        <technique_common>
          <accessor source="#mixamorig_LeftHandPinky2-Matrix-animation-output-transform-array" count="39" stride="16">
            <param type="float4x4"/>
          </accessor>
        </technique_common>
      </source>
      <source id="mixamorig_LeftHandPinky2-Interpolations">
        <Name_array id="mixamorig_LeftHandPinky2-Interpolations-array" count="39">
 LINEAR LINEAR LINEAR LINEAR LINEAR LINEAR LINEAR LINEAR LINEAR LINEAR LINEAR
LINEAR LINEAR LINEAR LINEAR LINEAR LINEAR LINEAR LINEAR LINEAR LINEAR LINEAR LINEAR
LINEAR LINEAR LINEAR LINEAR LINEAR LINEAR LINEAR LINEAR LINEAR LINEAR LINEAR LINEAR
LINEAR LINEAR LINEAR LINEAR</Name_array>
        <technique_common>
          <accessor source="#mixamorig_LeftHandPinky2-Interpolations-array" count="39">
            <param type="name"/>
          </accessor>
        </technique_common>
      </source>
      <sampler id="mixamorig_LeftHandPinky2-Matrix-animation-transform">
        <input semantic="INPUT" source="#mixamorig_LeftHandPinky2-Matrix-animation-input"/>
        <input semantic="OUTPUT" source="#mixamorig_LeftHandPinky2-Matrix-animation-output-transform"/>
        <input semantic="INTERPOLATION" source="#mixamorig_LeftHandPinky2-Interpolations"/>
      </sampler>
      <channel source="#mixamorig_LeftHandPinky2-Matrix-animation-transform" target="mixamorig_LeftHandPinky2/matrix"/>
    </animation>
    <animation id="mixamorig_LeftHandPinky3-anim" name="mixamorig_LeftHandPinky3">
      <source id="mixamorig_LeftHandPinky3-Matrix-animation-input">
        <float_array id="mixamorig_LeftHandPinky3-Matrix-animation-input-array" count="39">

0.000000 0.033333 0.066667 0.100000 0.133333 0.166667 0.200000 0.233333 0.266667 0.300000 0.333333 0.366667 0.400000 0.433333 0.466667 0.500000
0.533333 0.566667 0.600000 0.633333 0.666667 0.700000 0.733333 0.766667 0.800000 0.833333 0.866667 0.900000 0.933333 0.966667 1.000000 1.033333
1.066667 1.100000 1.133333 1.166667 1.200000 1.233333 1.266667</float_array>
        <technique_common>
          <accessor source="#mixamorig_LeftHandPinky3-Matrix-animation-input-array" count="39">
            <param name="TIME" type="float"/>
          </accessor>
        </technique_common>
      </source>
      <source id="mixamorig_LeftHandPinky3-Matrix-animation-output-transform">
        <float_array id="mixamorig_LeftHandPinky3-Matrix-animation-output-transform-array" count="624">

1.000000 0.000159 0.000017 0.000000 -0.000135 0.896508 -0.443027 2.100000 -0.000085 0.443027 0.896508 0.000000 0.000000 0.000000 0.000000 1.000000
1.000000 0.000159 0.000017 0.000000 -0.000135 0.896508 -0.443027 2.100000 -0.000085 0.443027 0.896508 0.000000 0.000000 0.000000 0.000000 1.000000
1.000000 0.000159 0.000017 0.000000 -0.000135 0.896508 -0.443027 2.100000 -0.000085 0.443027 0.896508 0.000000 0.000000 0.000000 0.000000 1.000000
1.000000 0.000159 0.000017 0.000000 -0.000135 0.896508 -0.443027 2.100000 -0.000086 0.443027 0.896508 0.000000 0.000000 0.000000 0.000000 1.000000
1.000000 0.000159 0.000017 0.000000 -0.000135 0.896508 -0.443027 2.100000 -0.000086 0.443027 0.896508 0.000000 0.000000 0.000000 0.000000 1.000000
1.000000 0.000159 0.000017 0.000000 -0.000135 0.896508 -0.443027 2.100000 -0.000085 0.443027 0.896508 0.000000 0.000000 0.000000 0.000000 1.000000
1.000000 0.000159 0.000017 0.000000 -0.000135 0.896508 -0.443027 2.100000 -0.000085 0.443027 0.896508 0.000000 0.000000 0.000000 0.000000 1.000000
1.000000 0.000159 0.000017 -0.000000 -0.000135 0.896508 -0.443027 2.100000 -0.000086 0.443027 0.896508 0.000000 0.000000 0.000000 0.000000 1.000000
1.000000 0.000159 0.000017 0.000000 -0.000135 0.896508 -0.443027 2.100000 -0.000086 0.443027 0.896508 -0.000000 0.000000 0.000000 0.000000 1.000000
1.000000 0.000159 0.000017 -0.000000 -0.000135 0.896508 -0.443027 2.100000 -0.000086 0.443027 0.896508 0.000000 0.000000 0.000000 0.000000 1.000000
1.000000 0.000159 0.000017 0.000000 -0.000135 0.896508 -0.443027 2.100000 -0.000086 0.443027 0.896508 0.000000 0.000000 0.000000 0.000000 1.000000
1.000000 0.000159 0.000017 -0.000000 -0.000135 0.896508 -0.443027 2.100000 -0.000086 0.443027 0.896508 0.000000 0.000000 0.000000 0.000000 1.000000
1.000000 0.000159 0.000017 -0.000000 -0.000135 0.896508 -0.443027 2.100000 -0.000085 0.443027 0.896508 0.000000 0.000000 0.000000 0.000000 1.000000
1.000000 0.000159 0.000017 0.000000 -0.000135 0.896508 -0.443027 2.100000 -0.000086 0.443027 0.896508 0.000000 0.000000 0.000000 0.000000 1.000000
1.000000 0.000159 0.000017 0.000000 -0.000135 0.896508 -0.443027 2.100000 -0.000086 0.443027 0.896508 0.000000 0.000000 0.000000 0.000000 1.000000
1.000000 0.000159 0.000017 0.000000 -0.000135 0.896508 -0.443027 2.100000 -0.000086 0.443027 0.896508 -0.000000 0.000000 0.000000 0.000000 1.000000
1.000000 0.000159 0.000017 -0.000000 -0.000135 0.896508 -0.443027 2.100000 -0.000085 0.443027 0.896508 -0.000000 0.000000 0.000000 0.000000 1.000000
1.000000 0.000159 0.000017 0.000000 -0.000135 0.896508 -0.443027 2.100000 -0.000086 0.443027 0.896508 0.000000 0.000000 0.000000 0.000000 1.000000
1.000000 0.000159 0.000017 0.000000 -0.000135 0.896508 -0.443027 2.100000 -0.000085 0.443027 0.896508 0.000000 0.000000 0.000000 0.000000 1.000000
1.000000 0.000159 0.000017 -0.000000 -0.000135 0.896508 -0.443027 2.100000 -0.000085 0.443027 0.896508 0.000000 0.000000 0.000000 0.000000 1.000000
1.000000 0.000159 0.000017 0.000000 -0.000135 0.896508 -0.443027 2.100000 -0.000086 0.443027 0.896508 -0.000000 0.000000 0.000000 0.000000 1.000000
1.000000 0.000159 0.000017 0.000000 -0.000135 0.896508 -0.443027 2.100000 -0.000085 0.443027 0.896508 -0.000000 0.000000 0.000000 0.000000 1.000000
1.000000 0.000159 0.000017 0.000000 -0.000135 0.896508 -0.443027 2.100000 -0.000085 0.443027 0.896508 -0.000000 0.000000 0.000000 0.000000 1.000000
1.000000 0.000159 0.000017 -0.000000 -0.000135 0.896508 -0.443027 2.100000 -0.000085 0.443027 0.896508 0.000000 0.000000 0.000000 0.000000 1.000000
1.000000 0.000159 0.000017 -0.000000 -0.000135 0.896508 -0.443027 2.100000 -0.000086 0.443027 0.896508 0.000000 0.000000 0.000000 0.000000 1.000000
1.000000 0.000159 0.000017 -0.000000 -0.000135 0.896508 -0.443027 2.100000 -0.000086 0.443027 0.896508 0.000000 0.000000 0.000000 0.000000 1.000000
1.000000 0.000159 0.000017 -0.000000 -0.000135 0.896508 -0.443027 2.100000 -0.000086 0.443027 0.896508 0.000000 0.000000 0.000000 0.000000 1.000000
1.000000 0.000159 0.000017 0.000000 -0.000135 0.896508 -0.443027 2.100000 -0.000086 0.443027 0.896508 0.000000 0.000000 0.000000 0.000000 1.000000
1.000000 0.000159 0.000017 0.000000 -0.000135 0.896508 -0.443027 2.100000 -0.000086 0.443027 0.896508 0.000000 0.000000 0.000000 0.000000 1.000000
1.000000 0.000159 0.000017 0.000000 -0.000135 0.896508 -0.443027 2.100000 -0.000085 0.443027 0.896508 -0.000000 0.000000 0.000000 0.000000 1.000000
1.000000 0.000159 0.000017 0.000000 -0.000135 0.896508 -0.443027 2.100000 -0.000085 0.443027 0.896508 0.000000 0.000000 0.000000 0.000000 1.000000
1.000000 0.000159 0.000016 0.000000 -0.000135 0.896508 -0.443027 2.100000 -0.000085 0.443027 0.896508 0.000000 0.000000 0.000000 0.000000 1.000000
1.000000 0.000159 0.000016 0.000000 -0.000135 0.896508 -0.443027 2.100000 -0.000085 0.443027 0.896508 -0.000000 0.000000 0.000000 0.000000 1.000000
1.000000 0.000159 0.000017 -0.000000 -0.000135 0.896508 -0.443027 2.100000 -0.000085 0.443027 0.896508 0.000000 0.000000 0.000000 0.000000 1.000000
1.000000 0.000159 0.000016 -0.000000 -0.000135 0.896508 -0.443027 2.100000 -0.000085 0.443027 0.896508 -0.000000 0.000000 0.000000 0.000000 1.000000
1.000000 0.000159 0.000017 0.000000 -0.000135 0.896508 -0.443027 2.100000 -0.000085 0.443027 0.896508 0.000000 0.000000 0.000000 0.000000 1.000000
1.000000 0.000159 0.000017 0.000000 -0.000135 0.896508 -0.443027 2.100000 -0.000085 0.443027 0.896508 -0.000000 0.000000 0.000000 0.000000 1.000000
1.000000 0.000159 0.000017 0.000000 -0.000135 0.896508 -0.443027 2.100000 -0.000085 0.443027 0.896508 -0.000000 0.000000 0.000000 0.000000 1.000000
1.000000 0.000159 0.000017 0.000000 -0.000135 0.896508 -0.443027 2.100000 -0.000085 0.443027 0.896508 0.000000 0.000000 0.000000 0.000000 1.000000</float_array>
        <technique_common>
          <accessor source="#mixamorig_LeftHandPinky3-Matrix-animation-output-transform-array" count="39" stride="16">
            <param type="float4x4"/>
          </accessor>
        </technique_common>
      </source>
      <source id="mixamorig_LeftHandPinky3-Interpolations">
        <Name_array id="mixamorig_LeftHandPinky3-Interpolations-array" count="39">
 LINEAR LINEAR LINEAR LINEAR LINEAR LINEAR LINEAR LINEAR LINEAR LINEAR LINEAR
LINEAR LINEAR LINEAR LINEAR LINEAR LINEAR LINEAR LINEAR LINEAR LINEAR LINEAR LINEAR
LINEAR LINEAR LINEAR LINEAR LINEAR LINEAR LINEAR LINEAR LINEAR LINEAR LINEAR LINEAR
LINEAR LINEAR LINEAR LINEAR</Name_array>
        <technique_common>
          <accessor source="#mixamorig_LeftHandPinky3-Interpolations-array" count="39">
            <param type="name"/>
          </accessor>
        </technique_common>
      </source>
      <sampler id="mixamorig_LeftHandPinky3-Matrix-animation-transform">
        <input semantic="INPUT" source="#mixamorig_LeftHandPinky3-Matrix-animation-input"/>
        <input semantic="OUTPUT" source="#mixamorig_LeftHandPinky3-Matrix-animation-output-transform"/>
        <input semantic="INTERPOLATION" source="#mixamorig_LeftHandPinky3-Interpolations"/>
      </sampler>
      <channel source="#mixamorig_LeftHandPinky3-Matrix-animation-transform" target="mixamorig_LeftHandPinky3/matrix"/>
    </animation>
    <animation id="mixamorig_RightUpLeg-anim" name="mixamorig_RightUpLeg">
      <source id="mixamorig_RightUpLeg-Matrix-animation-input">
        <float_array id="mixamorig_RightUpLeg-Matrix-animation-input-array" count="39">

0.000000 0.033333 0.066667 0.100000 0.133333 0.166667 0.200000 0.233333 0.266667 0.300000 0.333333 0.366667 0.400000 0.433333 0.466667 0.500000
0.533333 0.566667 0.600000 0.633333 0.666667 0.700000 0.733333 0.766667 0.800000 0.833333 0.866667 0.900000 0.933333 0.966667 1.000000 1.033333
1.066667 1.100000 1.133333 1.166667 1.200000 1.233333 1.266667</float_array>
        <technique_common>
          <accessor source="#mixamorig_RightUpLeg-Matrix-animation-input-array" count="39">
            <param name="TIME" type="float"/>
          </accessor>
        </technique_common>
      </source>
      <source id="mixamorig_RightUpLeg-Matrix-animation-output-transform">
        <float_array id="mixamorig_RightUpLeg-Matrix-animation-output-transform-array" count="624">

-0.962306 -0.200488 -0.183770 -8.207800 0.138066 -0.942284 0.305023 -6.771800 -0.234317 0.268153 0.934446 -1.512200 0.000000 0.000000 0.000000 1.000000
-0.965441 -0.206107 -0.159510 -8.207800 0.147199 -0.936294 0.318883 -6.771800 -0.215072 0.284383 0.934275 -1.512200 0.000000 0.000000 0.000000 1.000000
-0.964939 -0.219817 -0.143431 -8.207800 0.165181 -0.933250 0.318999 -6.771800 -0.203978 0.284123 0.936839 -1.512200 0.000000 0.000000 0.000000 1.000000
-0.958687 -0.247939 -0.139448 -8.207800 0.192207 -0.925978 0.324994 -6.771800 -0.209704 0.284764 0.935379 -1.512200 0.000000 0.000000 0.000000 1.000000
-0.945983 -0.292552 -0.139749 -8.207800 0.229882 -0.909183 0.347190 -6.771800 -0.228629 0.296310 0.927324 -1.512200 0.000000 0.000000 0.000000 1.000000
-0.929575 -0.342720 -0.135767 -8.207800 0.271109 -0.885150 0.378166 -6.771800 -0.249779 0.314727 0.915728 -1.512200 0.000000 0.000000 0.000000 1.000000
-0.913027 -0.387750 -0.126615 -8.207800 0.308025 -0.858903 0.409152 -6.771800 -0.267399 0.334567 0.903639 -1.512200 0.000000 0.000000 0.000000 1.000000
-0.890333 -0.435340 -0.133364 -8.207800 0.343239 -0.834199 0.431624 -6.771800 -0.299155 0.338513 0.892141 -1.512200 0.000000 0.000000 0.000000 1.000000
-0.867303 -0.471616 -0.159263 -8.207800 0.369759 -0.824583 0.428183 -6.771800 -0.333264 0.312475 0.889547 -1.512200 0.000000 0.000000 0.000000 1.000000
-0.854447 -0.481426 -0.195318 -8.207800 0.384918 -0.839105 0.384371 -6.771800 -0.348938 0.253243 0.902280 -1.512200 0.000000 0.000000 0.000000 1.000000
-0.857762 -0.457885 -0.233638 -8.207800 0.381988 -0.871908 0.306369 -6.771800 -0.343992 0.173545 0.922796 -1.512200 0.000000 0.000000 0.000000 1.000000
-0.873021 -0.410761 -0.262886 -8.207800 0.367385 -0.908443 0.199397 -6.771800 -0.320721 0.077498 0.943998 -1.512200 0.000000 0.000000 0.000000 1.000000
-0.882855 -0.372296 -0.286291 -8.207800 0.355358 -0.928107 0.111080 -6.771800 -0.307063 -0.003668 0.951682 -1.512200 0.000000 0.000000 0.000000 1.000000
-0.897685 -0.340009 -0.280279 -8.207800 0.333185 -0.940015 0.073207 -6.771800 -0.288357 -0.027668 0.957123 -1.512200 0.000000 0.000000 0.000000 1.000000
-0.913211 -0.316447 -0.256723 -8.207800 0.306802 -0.948580 0.077906 -6.771800 -0.268175 -0.007619 0.963340 -1.512200 0.000000 0.000000 0.000000 1.000000
-0.930996 -0.287258 -0.225234 -8.207800 0.278032 -0.957841 0.072375 -6.771800 -0.236528 0.004759 0.971613 -1.512200 0.000000 0.000000 0.000000 1.000000
-0.947785 -0.241224 -0.208602 -8.207800 0.240633 -0.970195 0.028600 -6.771800 -0.209284 -0.023090 0.977582 -1.512200 0.000000 0.000000 0.000000 1.000000
-0.946623 -0.190663 -0.259909 -8.207800 0.202463 -0.979103 -0.019152 -6.771800 -0.250826 -0.070751 0.965443 -1.512200 0.000000 0.000000 0.000000 1.000000
-0.940474 -0.126769 -0.315338 -8.207800 0.155054 -0.985687 -0.066183 -6.771800 -0.302435 -0.111138 0.946669 -1.512200 0.000000 0.000000 0.000000 1.000000
-0.927218 -0.081701 -0.365503 -8.207800 0.122599 -0.988359 -0.090084 -6.771800 -0.353888 -0.128338 0.926441 -1.512200 0.000000 0.000000 0.000000 1.000000
-0.911141 -0.060741 -0.407594 -8.207800 0.109008 -0.989371 -0.096239 -6.771800 -0.397416 -0.132118 0.908078 -1.512200 0.000000 0.000000 0.000000 1.000000
-0.904633 -0.053678 -0.422799 -8.207800 0.101368 -0.990667 -0.091117 -6.771800 -0.413962 -0.125286 0.901631 -1.512200 0.000000 0.000000 0.000000 1.000000
-0.894753 -0.070204 -0.441008 -8.207800 0.116633 -0.990026 -0.079032 -6.771800 -0.431061 -0.122150 0.894017 -1.512200 0.000000 0.000000 0.000000 1.000000
-0.884859 -0.088567 -0.457362 -8.207800 0.133055 -0.988914 -0.065921 -6.771800 -0.446453 -0.119185 0.886834 -1.512200 0.000000 0.000000 0.000000 1.000000
-0.884727 -0.101509 -0.454923 -8.207800 0.138588 -0.989147 -0.048810 -6.771800 -0.445030 -0.106230 0.889192 -1.512200 0.000000 0.000000 0.000000 1.000000
-0.887927 -0.108966 -0.446891 -8.207800 0.136181 -0.990256 -0.029124 -6.771800 -0.439363 -0.086718 0.894114 -1.512200 0.000000 0.000000 0.000000 1.000000
-0.884334 -0.130790 -0.448160 -8.207800 0.143980 -0.989569 0.004685 -6.771800 -0.444098 -0.060384 0.893941 -1.512200 0.000000 0.000000 0.000000 1.000000
-0.887457 -0.152481 -0.434936 -8.207800 0.146565 -0.988067 0.047343 -6.771800 -0.436965 -0.021731 0.899216 -1.512200 0.000000 0.000000 0.000000 1.000000
-0.899357 -0.158218 -0.407583 -8.207800 0.137225 -0.987268 0.080449 -6.771800 -0.415122 0.016422 0.909618 -1.512200 0.000000 0.000000 0.000000 1.000000
-0.917214 -0.146671 -0.370414 -8.207800 0.120909 -0.988393 0.091975 -6.771800 -0.379605 0.039575 0.924302 -1.512200 0.000000 0.000000 0.000000 1.000000
-0.915369 -0.160296 -0.369331 -8.207800 0.133875 -0.986311 0.096272 -6.771800 -0.379707 0.038680 0.924298 -1.512200 0.000000 0.000000 0.000000 1.000000
-0.903245 -0.211605 -0.373326 -8.207800 0.170553 -0.975326 0.140179 -6.771800 -0.393777 0.062944 0.917048 -1.512200 0.000000 0.000000 0.000000 1.000000
-0.891377 -0.261460 -0.370251 -8.207800 0.196483 -0.959010 0.204191 -6.771800 -0.408462 0.109263 0.906212 -1.512200 0.000000 0.000000 0.000000 1.000000
-0.907431 -0.271876 -0.320394 -8.207800 0.196749 -0.948637 0.247744 -6.771800 -0.371294 0.161774 0.914314 -1.512200 0.000000 0.000000 0.000000 1.000000
-0.926168 -0.266458 -0.266857 -8.207800 0.189240 -0.940479 0.282290 -6.771800 -0.326192 0.210948 0.921466 -1.512200 0.000000 0.000000 0.000000 1.000000
-0.938505 -0.260240 -0.226899 -8.207800 0.184386 -0.933387 0.307880 -6.771800 -0.291907 0.247110 0.923973 -1.512200 0.000000 0.000000 0.000000 1.000000
-0.948520 -0.244886 -0.200850 -8.207800 0.172998 -0.931797 0.319101 -6.771800 -0.265294 0.267927 0.926193 -1.512200 0.000000 0.000000 0.000000 1.000000
-0.955147 -0.226557 -0.190698 -8.207800 0.158626 -0.935214 0.316564 -6.771800 -0.250063 0.272115 0.929205 -1.512200 0.000000 0.000000 0.000000 1.000000
-0.962306 -0.200488 -0.183770 -8.207800 0.138066 -0.942284 0.305023 -6.771800 -0.234317 0.268153 0.934446 -1.512200 0.000000 0.000000 0.000000 1.000000</float_array>
        <technique_common>
          <accessor source="#mixamorig_RightUpLeg-Matrix-animation-output-transform-array" count="39" stride="16">
            <param type="float4x4"/>
          </accessor>
        </technique_common>
      </source>
      <source id="mixamorig_RightUpLeg-Interpolations">
        <Name_array id="mixamorig_RightUpLeg-Interpolations-array" count="39">
 LINEAR LINEAR LINEAR LINEAR LINEAR LINEAR LINEAR LINEAR LINEAR LINEAR LINEAR
LINEAR LINEAR LINEAR LINEAR LINEAR LINEAR LINEAR LINEAR LINEAR LINEAR LINEAR LINEAR
LINEAR LINEAR LINEAR LINEAR LINEAR LINEAR LINEAR LINEAR LINEAR LINEAR LINEAR LINEAR
LINEAR LINEAR LINEAR LINEAR</Name_array>
        <technique_common>
          <accessor source="#mixamorig_RightUpLeg-Interpolations-array" count="39">
            <param type="name"/>
          </accessor>
        </technique_common>
      </source>
      <sampler id="mixamorig_RightUpLeg-Matrix-animation-transform">
        <input semantic="INPUT" source="#mixamorig_RightUpLeg-Matrix-animation-input"/>
        <input semantic="OUTPUT" source="#mixamorig_RightUpLeg-Matrix-animation-output-transform"/>
        <input semantic="INTERPOLATION" source="#mixamorig_RightUpLeg-Interpolations"/>
      </sampler>
      <channel source="#mixamorig_RightUpLeg-Matrix-animation-transform" target="mixamorig_RightUpLeg/matrix"/>
    </animation>
    <animation id="mixamorig_RightLeg-anim" name="mixamorig_RightLeg">
      <source id="mixamorig_RightLeg-Matrix-animation-input">
        <float_array id="mixamorig_RightLeg-Matrix-animation-input-array" count="39">

0.000000 0.033333 0.066667 0.100000 0.133333 0.166667 0.200000 0.233333 0.266667 0.300000 0.333333 0.366667 0.400000 0.433333 0.466667 0.500000
0.533333 0.566667 0.600000 0.633333 0.666667 0.700000 0.733333 0.766667 0.800000 0.833333 0.866667 0.900000 0.933333 0.966667 1.000000 1.033333
1.066667 1.100000 1.133333 1.166667 1.200000 1.233333 1.266667</float_array>
        <technique_common>
          <accessor source="#mixamorig_RightLeg-Matrix-animation-input-array" count="39">
            <param name="TIME" type="float"/>
          </accessor>
        </technique_common>
      </source>
      <source id="mixamorig_RightLeg-Matrix-animation-output-transform">
        <float_array id="mixamorig_RightLeg-Matrix-animation-output-transform-array" count="624">

0.992822 -0.033901 0.114692 -0.000000 -0.038892 0.815346 0.577667 44.371498 -0.113098 -0.577981 0.808175 0.000000 0.000000 0.000000 0.000000 1.000000
0.996348 -0.007874 0.085026 -0.000000 -0.042306 0.819423 0.571626 44.371498 -0.074173 -0.573135 0.816097 0.000000 0.000000 0.000000 0.000000 1.000000
0.999348 0.013778 0.033386 0.000000 -0.030540 0.815846 0.577462 44.371498 -0.019282 -0.578105 0.815735 -0.000000 0.000000 0.000000 0.000000 1.000000
0.999434 0.024068 -0.023511 -0.000000 -0.005081 0.798738 0.601658 44.371498 0.033260 -0.601198 0.798408 -0.000000 0.000000 0.000000 0.000000 1.000000
0.995418 0.035653 -0.088728 0.000000 0.030410 0.761690 0.647228 44.371498 0.090659 -0.646960 0.757115 -0.000000 0.000000 0.000000 0.000000 1.000000
0.989260 0.052167 -0.136543 0.000000 0.057477 0.720058 0.691529 44.371498 0.134394 -0.691950 0.709326 0.000000 0.000000 0.000000 0.000000 1.000000
0.986089 0.071735 -0.149944 -0.000000 0.059877 0.688218 0.723029 44.371498 0.155060 -0.721949 0.674349 0.000000 0.000000 0.000000 0.000000 1.000000
0.986822 0.071725 -0.145045 0.000000 0.058105 0.679525 0.731347 44.371498 0.151018 -0.730137 0.666403 0.000000 0.000000 0.000000 0.000000 1.000000
0.991074 0.059962 -0.119071 -0.000000 0.042877 0.702330 0.710559 44.371498 0.126233 -0.709321 0.693490 0.000000 0.000000 0.000000 0.000000 1.000000
0.996078 0.049444 -0.073375 0.000000 0.010585 0.756741 0.653629 44.371498 0.087844 -0.651842 0.753250 0.000000 0.000000 0.000000 0.000000 1.000000
0.998562 0.053174 -0.006840 0.000000 -0.039962 0.823281 0.566225 44.371498 0.035739 -0.565138 0.824222 -0.000000 0.000000 0.000000 0.000000 1.000000
0.995291 0.062836 0.073810 0.000000 -0.089272 0.890894 0.445352 44.371498 -0.037773 -0.449844 0.892308 0.000000 0.000000 0.000000 0.000000 1.000000
0.989699 0.064211 0.127954 0.000000 -0.106171 0.928769 0.355128 44.371498 -0.096037 -0.365055 0.926019 0.000000 0.000000 0.000000 0.000000 1.000000
0.983485 0.093731 0.154826 0.000000 -0.146616 0.914163 0.377903 44.371498 -0.106115 -0.394362 0.912808 -0.000000 0.000000 0.000000 0.000000 1.000000
0.975413 0.135119 0.174102 -0.000000 -0.205714 0.841632 0.499336 44.371498 -0.079059 -0.522875 0.848735 0.000000 0.000000 0.000000 0.000000 1.000000
0.968671 0.165178 0.185453 0.000000 -0.246327 0.734091 0.632798 44.371498 -0.031615 -0.658656 0.751780 0.000000 0.000000 0.000000 0.000000 1.000000
0.962060 0.170139 0.213292 0.000000 -0.272378 0.644317 0.714608 44.371498 -0.015845 -0.745592 0.666214 0.000000 0.000000 0.000000 0.000000 1.000000
0.933037 0.142795 0.330230 0.000000 -0.348034 0.590855 0.727848 44.371498 -0.091186 -0.794040 0.600987 0.000000 0.000000 0.000000 0.000000 1.000000
0.881415 0.096289 0.462425 -0.000000 -0.427890 0.577394 0.695361 44.371498 -0.200045 -0.810768 0.550124 0.000000 0.000000 0.000000 0.000000 1.000000
0.831028 0.046902 0.554249 0.000000 -0.471914 0.586900 0.657911 44.371498 -0.294431 -0.808300 0.509864 0.000000 0.000000 0.000000 0.000000 1.000000
0.808821 0.022326 0.587631 0.000000 -0.478858 0.605020 0.636118 44.371498 -0.341327 -0.795897 0.500044 0.000000 0.000000 0.000000 0.000000 1.000000
0.798172 0.015043 0.602242 -0.000000 -0.480212 0.619514 0.620966 44.371498 -0.363756 -0.784841 0.501702 0.000000 0.000000 0.000000 0.000000 1.000000
0.811234 -0.003846 0.584708 0.000000 -0.453785 0.626490 0.633710 44.371498 -0.368751 -0.779420 0.506485 -0.000000 0.000000 0.000000 0.000000 1.000000
0.830958 -0.025261 0.555761 0.000000 -0.422109 0.622104 0.659402 44.371498 -0.362398 -0.782527 0.506280 -0.000000 0.000000 0.000000 0.000000 1.000000
0.844432 -0.042543 0.533971 0.000000 -0.406091 0.599224 0.689942 44.371498 -0.349321 -0.799450 0.488728 0.000000 0.000000 0.000000 0.000000 1.000000
0.849238 -0.038175 0.526629 0.000000 -0.413588 0.571930 0.708407 44.371498 -0.328238 -0.819413 0.469916 0.000000 0.000000 0.000000 0.000000 1.000000
0.843727 -0.025281 0.536177 -0.000000 -0.437288 0.546922 0.713902 44.371498 -0.311295 -0.836802 0.450397 -0.000000 0.000000 0.000000 0.000000 1.000000
0.835965 -0.010755 0.548677 0.000000 -0.457936 0.537296 0.708243 44.371498 -0.302419 -0.843325 0.444235 0.000000 0.000000 0.000000 0.000000 1.000000
0.835270 -0.002599 0.549834 -0.000000 -0.453031 0.563427 0.690878 44.371498 -0.311587 -0.826162 0.469436 0.000000 0.000000 0.000000 0.000000 1.000000
0.836956 -0.017095 0.547004 -0.000000 -0.414784 0.632220 0.654409 44.371498 -0.357014 -0.774600 0.522050 0.000000 0.000000 0.000000 0.000000 1.000000
0.869627 -0.063788 0.489572 0.000000 -0.301208 0.717144 0.628474 44.371498 -0.391182 -0.694000 0.604434 0.000000 0.000000 0.000000 0.000000 1.000000
0.911478 -0.123345 0.392420 0.000000 -0.177715 0.742280 0.646094 44.371498 -0.370978 -0.658640 0.654652 0.000000 0.000000 0.000000 0.000000 1.000000
0.928652 -0.158347 0.335458 0.000000 -0.118155 0.730950 0.672124 44.371498 -0.351632 -0.663805 0.660089 0.000000 0.000000 0.000000 0.000000 1.000000
0.944882 -0.136734 0.297493 0.000000 -0.107349 0.729015 0.676028 44.371498 -0.309312 -0.670702 0.674155 0.000000 0.000000 0.000000 0.000000 1.000000
0.963335 -0.095586 0.250696 0.000000 -0.102990 0.731061 0.674494 44.371498 -0.247746 -0.675583 0.694413 0.000000 0.000000 0.000000 0.000000 1.000000
0.978680 -0.069596 0.193240 0.000000 -0.078900 0.741263 0.666562 44.371498 -0.189632 -0.667597 0.719968 -0.000000 0.000000 0.000000 0.000000 1.000000
0.987729 -0.050823 0.147680 0.000000 -0.056834 0.763776 0.642975 44.371498 -0.145472 -0.643478 0.751515 0.000000 0.000000 0.000000 0.000000 1.000000
0.992623 -0.039333 0.114688 0.000000 -0.039296 0.790492 0.611211 44.371498 -0.114701 -0.611208 0.783114 0.000000 0.000000 0.000000 0.000000 1.000000
0.992822 -0.033901 0.114692 0.000000 -0.038892 0.815345 0.577667 44.371498 -0.113098 -0.577981 0.808175 0.000000 0.000000 0.000000 0.000000 1.000000</float_array>
        <technique_common>
          <accessor source="#mixamorig_RightLeg-Matrix-animation-output-transform-array" count="39" stride="16">
            <param type="float4x4"/>
          </accessor>
        </technique_common>
      </source>
      <source id="mixamorig_RightLeg-Interpolations">
        <Name_array id="mixamorig_RightLeg-Interpolations-array" count="39">
 LINEAR LINEAR LINEAR LINEAR LINEAR LINEAR LINEAR LINEAR LINEAR LINEAR LINEAR
LINEAR LINEAR LINEAR LINEAR LINEAR LINEAR LINEAR LINEAR LINEAR LINEAR LINEAR LINEAR
LINEAR LINEAR LINEAR LINEAR LINEAR LINEAR LINEAR LINEAR LINEAR LINEAR LINEAR LINEAR
LINEAR LINEAR LINEAR LINEAR</Name_array>
        <technique_common>
          <accessor source="#mixamorig_RightLeg-Interpolations-array" count="39">
            <param type="name"/>
          </accessor>
        </technique_common>
      </source>
      <sampler id="mixamorig_RightLeg-Matrix-animation-transform">
        <input semantic="INPUT" source="#mixamorig_RightLeg-Matrix-animation-input"/>
        <input semantic="OUTPUT" source="#mixamorig_RightLeg-Matrix-animation-output-transform"/>
        <input semantic="INTERPOLATION" source="#mixamorig_RightLeg-Interpolations"/>
      </sampler>
      <channel source="#mixamorig_RightLeg-Matrix-animation-transform" target="mixamorig_RightLeg/matrix"/>
    </animation>
    <animation id="mixamorig_RightFoot-anim" name="mixamorig_RightFoot">
      <source id="mixamorig_RightFoot-Matrix-animation-input">
        <float_array id="mixamorig_RightFoot-Matrix-animation-input-array" count="39">

0.000000 0.033333 0.066667 0.100000 0.133333 0.166667 0.200000 0.233333 0.266667 0.300000 0.333333 0.366667 0.400000 0.433333 0.466667 0.500000
0.533333 0.566667 0.600000 0.633333 0.666667 0.700000 0.733333 0.766667 0.800000 0.833333 0.866667 0.900000 0.933333 0.966667 1.000000 1.033333
1.066667 1.100000 1.133333 1.166667 1.200000 1.233333 1.266667</float_array>
        <technique_common>
          <accessor source="#mixamorig_RightFoot-Matrix-animation-input-array" count="39">
            <param name="TIME" type="float"/>
          </accessor>
        </technique_common>
      </source>
      <source id="mixamorig_RightFoot-Matrix-animation-output-transform">
        <float_array id="mixamorig_RightFoot-Matrix-animation-output-transform-array" count="624">

0.983525 -0.085693 0.159170 -0.000000 0.178219 0.312194 -0.933152 44.527802 0.030273 0.946146 0.322323 0.000000 0.000000 0.000000 0.000000 1.000000
0.982153 -0.089357 0.165503 -0.000000 0.185680 0.320367 -0.928918 44.527802 0.029983 0.943069 0.331242 -0.000000 0.000000 0.000000 0.000000 1.000000
0.978930 -0.096844 0.179769 0.000000 0.201656 0.320095 -0.925675 44.527802 0.032103 0.942423 0.332880 -0.000000 0.000000 0.000000 0.000000 1.000000
0.978606 -0.096101 0.181923 -0.000000 0.202907 0.304417 -0.930677 44.527802 0.034059 0.947679 0.317404 0.000000 0.000000 0.000000 0.000000 1.000000
0.978817 -0.094276 0.181740 -0.000000 0.201473 0.285653 -0.936916 44.527802 0.036414 0.953685 0.298596 0.000000 0.000000 0.000000 0.000000 1.000000
0.977020 -0.096366 0.190121 -0.000000 0.209252 0.263865 -0.941588 44.527802 0.040571 0.959734 0.277966 0.000000 0.000000 0.000000 0.000000 1.000000
0.971419 -0.105335 0.212721 0.000000 0.232597 0.243545 -0.941586 44.527802 0.047375 0.964153 0.261085 0.000000 0.000000 0.000000 0.000000 1.000000
0.964852 -0.115278 0.236160 -0.000000 0.257348 0.232474 -0.937938 44.527802 0.053223 0.965747 0.253970 0.000000 0.000000 0.000000 0.000000 1.000000
0.957094 -0.126760 0.260582 0.000000 0.284015 0.231887 -0.930357 44.527802 0.057507 0.964448 0.257940 0.000000 0.000000 0.000000 0.000000 1.000000
0.948144 -0.140941 0.284882 0.000000 0.312272 0.246048 -0.917576 44.527802 0.059229 0.958956 0.277301 -0.000000 0.000000 0.000000 0.000000 1.000000
0.952195 -0.138915 0.272081 0.000000 0.301087 0.276035 -0.912771 44.527802 0.051694 0.951056 0.304665 0.000000 0.000000 0.000000 0.000000 1.000000
0.964153 -0.124996 0.234064 0.000000 0.262743 0.326416 -0.907975 44.527802 0.037091 0.936925 0.347556 -0.000000 0.000000 0.000000 0.000000 1.000000
0.971356 -0.119154 0.205596 -0.000000 0.236632 0.405887 -0.882757 44.527802 0.021735 0.906122 0.422457 0.000000 0.000000 0.000000 0.000000 1.000000
0.969131 -0.131930 0.208277 0.000000 0.246186 0.472233 -0.846397 44.527802 0.013310 0.871545 0.490136 0.000000 0.000000 0.000000 0.000000 1.000000
0.968945 -0.137622 0.205442 0.000000 0.247192 0.517275 -0.819343 44.527802 0.006490 0.844682 0.535230 0.000000 0.000000 0.000000 0.000000 1.000000
0.974521 -0.128401 0.183907 0.000000 0.224296 0.557182 -0.799525 44.527802 0.000190 0.820403 0.571785 0.000000 0.000000 0.000000 0.000000 1.000000
0.973664 -0.132720 0.185376 0.000000 0.227966 0.578438 -0.783225 44.527802 -0.003279 0.804857 0.593460 -0.000000 0.000000 0.000000 0.000000 1.000000
0.984386 -0.099736 0.145040 -0.000000 0.176020 0.562577 -0.807789 44.527802 -0.001030 0.820707 0.571349 0.000000 0.000000 0.000000 0.000000 1.000000
0.996317 -0.044826 0.073094 0.000000 0.085726 0.538803 -0.838059 44.527802 -0.001816 0.841238 0.540661 -0.000000 0.000000 0.000000 0.000000 1.000000
0.999831 -0.003866 0.017969 0.000000 0.017291 0.529388 -0.848204 44.527802 -0.006234 0.848371 0.529365 -0.000000 0.000000 0.000000 0.000000 1.000000
0.999877 0.014397 -0.006141 -0.000000 -0.012728 0.519565 -0.854336 44.527802 -0.009110 0.854309 0.519685 -0.000000 0.000000 0.000000 0.000000 1.000000
0.999962 0.003933 0.007742 0.000000 0.004645 0.510987 -0.859576 44.527802 -0.007337 0.859579 0.510950 0.000000 0.000000 0.000000 0.000000 1.000000
0.999585 -0.010399 0.026883 0.000000 0.028551 0.485301 -0.873881 44.527802 -0.003958 0.874285 0.485397 0.000000 0.000000 0.000000 0.000000 1.000000
0.998710 -0.023268 0.045122 0.000000 0.050768 0.455264 -0.888908 44.527802 0.000140 0.890052 0.455858 -0.000000 0.000000 0.000000 0.000000 1.000000
0.997766 -0.031732 0.058796 0.000000 0.066759 0.438539 -0.896229 44.527802 0.002655 0.898152 0.439678 0.000000 0.000000 0.000000 0.000000 1.000000
0.997035 -0.036057 0.067980 0.000000 0.076864 0.424585 -0.902120 44.527802 0.003664 0.904670 0.426097 0.000000 0.000000 0.000000 0.000000 1.000000
0.997427 -0.029919 0.065145 -0.000000 0.071687 0.415198 -0.906902 44.527802 0.000086 0.909239 0.416274 -0.000000 0.000000 0.000000 0.000000 1.000000
0.997358 -0.025237 0.068120 0.000000 0.072536 0.397390 -0.914779 44.527802 -0.003984 0.917303 0.398171 0.000000 0.000000 0.000000 0.000000 1.000000
0.993512 -0.043065 0.105259 0.000000 0.113674 0.347637 -0.930713 44.527802 0.003489 0.936640 0.350277 -0.000000 0.000000 0.000000 0.000000 1.000000
0.988080 -0.058104 0.142556 0.000000 0.152985 0.267548 -0.951322 44.527802 0.017135 0.961791 0.273248 0.000000 0.000000 0.000000 0.000000 1.000000
0.985167 -0.060779 0.160475 0.000000 0.169301 0.191738 -0.966734 44.527802 0.027988 0.979562 0.199184 -0.000000 0.000000 0.000000 0.000000 1.000000
0.984099 -0.066707 0.164622 0.000000 0.174995 0.205281 -0.962931 44.527802 0.030440 0.976427 0.213690 -0.000000 0.000000 0.000000 0.000000 1.000000
0.990711 -0.047249 0.127512 0.000000 0.134888 0.222616 -0.965530 44.527802 0.017234 0.973761 0.226921 0.000000 0.000000 0.000000 0.000000 1.000000
0.988562 -0.058781 0.138890 0.000000 0.148953 0.236174 -0.960226 44.527802 0.023641 0.969931 0.242228 0.000000 0.000000 0.000000 0.000000 1.000000
0.985841 -0.070396 0.152192 0.000000 0.165035 0.246614 -0.954958 44.527802 0.029692 0.966554 0.254740 0.000000 0.000000 0.000000 0.000000 1.000000
0.985235 -0.074433 0.154179 0.000000 0.168345 0.257254 -0.951567 44.527802 0.031165 0.963473 0.265986 -0.000000 0.000000 0.000000 0.000000 1.000000
0.984342 -0.078977 0.157586 0.000000 0.173365 0.272142 -0.946511 44.527802 0.031867 0.959011 0.281573 -0.000000 0.000000 0.000000 0.000000 1.000000
0.983919 -0.082199 0.158579 -0.000000 0.175845 0.289973 -0.940741 44.527802 0.031344 0.953498 0.299764 -0.000000 0.000000 0.000000 0.000000 1.000000
0.983525 -0.085693 0.159170 0.000000 0.178219 0.312194 -0.933152 44.527802 0.030273 0.946146 0.322322 -0.000000 0.000000 0.000000 0.000000 1.000000</float_array>
        <technique_common>
          <accessor source="#mixamorig_RightFoot-Matrix-animation-output-transform-array" count="39" stride="16">
            <param type="float4x4"/>
          </accessor>
        </technique_common>
      </source>
      <source id="mixamorig_RightFoot-Interpolations">
        <Name_array id="mixamorig_RightFoot-Interpolations-array" count="39">
 LINEAR LINEAR LINEAR LINEAR LINEAR LINEAR LINEAR LINEAR LINEAR LINEAR LINEAR
LINEAR LINEAR LINEAR LINEAR LINEAR LINEAR LINEAR LINEAR LINEAR LINEAR LINEAR LINEAR
LINEAR LINEAR LINEAR LINEAR LINEAR LINEAR LINEAR LINEAR LINEAR LINEAR LINEAR LINEAR
LINEAR LINEAR LINEAR LINEAR</Name_array>
        <technique_common>
          <accessor source="#mixamorig_RightFoot-Interpolations-array" count="39">
            <param type="name"/>
          </accessor>
        </technique_common>
      </source>
      <sampler id="mixamorig_RightFoot-Matrix-animation-transform">
        <input semantic="INPUT" source="#mixamorig_RightFoot-Matrix-animation-input"/>
        <input semantic="OUTPUT" source="#mixamorig_RightFoot-Matrix-animation-output-transform"/>
        <input semantic="INTERPOLATION" source="#mixamorig_RightFoot-Interpolations"/>
      </sampler>
      <channel source="#mixamorig_RightFoot-Matrix-animation-transform" target="mixamorig_RightFoot/matrix"/>
    </animation>
    <animation id="mixamorig_RightToeBase-anim" name="mixamorig_RightToeBase">
      <source id="mixamorig_RightToeBase-Matrix-animation-input">
        <float_array id="mixamorig_RightToeBase-Matrix-animation-input-array" count="39">

0.000000 0.033333 0.066667 0.100000 0.133333 0.166667 0.200000 0.233333 0.266667 0.300000 0.333333 0.366667 0.400000 0.433333 0.466667 0.500000
0.533333 0.566667 0.600000 0.633333 0.666667 0.700000 0.733333 0.766667 0.800000 0.833333 0.866667 0.900000 0.933333 0.966667 1.000000 1.033333
1.066667 1.100000 1.133333 1.166667 1.200000 1.233333 1.266667</float_array>
        <technique_common>
          <accessor source="#mixamorig_RightToeBase-Matrix-animation-input-array" count="39">
            <param name="TIME" type="float"/>
          </accessor>
        </technique_common>
      </source>
      <source id="mixamorig_RightToeBase-Matrix-animation-output-transform">
        <float_array id="mixamorig_RightToeBase-Matrix-animation-output-transform-array" count="624">

0.999768 -0.021227 -0.003782 0.000000 0.013713 0.761360 -0.648184 13.816900 0.016639 0.647982 0.761474 0.000000 0.000000 0.000000 0.000000 1.000000
0.999820 -0.018949 0.000743 0.000000 0.014899 0.760708 -0.648923 13.816900 0.011731 0.648817 0.760854 0.000000 0.000000 0.000000 0.000000 1.000000
0.999772 -0.021334 0.000547 0.000000 0.016469 0.754967 -0.655556 13.816900 0.013572 0.655416 0.755146 -0.000000 0.000000 0.000000 0.000000 1.000000
0.999275 -0.037448 -0.006896 0.000000 0.023480 0.748579 -0.662629 13.816900 0.029976 0.661987 0.748916 0.000000 0.000000 0.000000 0.000000 1.000000
0.998469 -0.053791 -0.012857 0.000000 0.031270 0.740810 -0.670986 13.816900 0.045618 0.669557 0.741358 -0.000000 0.000000 0.000000 0.000000 1.000000
0.997440 -0.069820 -0.015455 0.000000 0.040979 0.735193 -0.676618 13.816900 0.058604 0.674253 0.736172 0.000000 0.000000 0.000000 0.000000 1.000000
0.996593 -0.081080 -0.015139 0.000000 0.048874 0.728346 -0.683465 13.816900 0.066442 0.680396 0.729827 0.000000 0.000000 0.000000 0.000000 1.000000
0.995936 -0.089097 -0.013130 0.000000 0.055367 0.720727 -0.691005 13.816900 0.071029 0.687470 0.722731 0.000000 0.000000 0.000000 0.000000 1.000000
0.995325 -0.095819 -0.012081 0.000000 0.060209 0.713445 -0.698120 13.816900 0.075512 0.694129 0.715879 0.000000 0.000000 0.000000 0.000000 1.000000
0.995820 -0.091276 -0.003240 0.000000 0.063019 0.712350 -0.698990 13.816900 0.066109 0.695864 0.715125 0.000000 0.000000 0.000000 0.000000 1.000000
0.996911 -0.078529 0.001098 0.000000 0.056889 0.712420 -0.699443 13.816900 0.054144 0.697345 0.714687 -0.000000 0.000000 0.000000 0.000000 1.000000
0.997864 -0.065297 0.002073 0.000000 0.047675 0.706134 -0.706471 13.816900 0.044666 0.705061 0.707739 0.000000 0.000000 0.000000 0.000000 1.000000
0.998064 -0.062023 0.004529 0.000000 0.046537 0.696595 -0.715954 13.816900 0.041251 0.714779 0.698133 0.000000 0.000000 0.000000 0.000000 1.000000
0.997749 -0.042118 0.052190 0.000000 0.066923 0.676025 -0.733834 13.816900 -0.004374 0.735674 0.677321 0.000000 0.000000 0.000000 0.000000 1.000000
0.988412 -0.019473 0.150543 0.000000 0.129150 0.629018 -0.766587 13.816900 -0.079766 0.777146 0.624244 0.000000 0.000000 0.000000 0.000000 1.000000
0.964274 0.010312 0.264706 0.000000 0.212723 0.565373 -0.796933 13.816900 -0.157876 0.824771 0.542981 -0.000000 0.000000 0.000000 0.000000 1.000000
0.922715 0.068665 0.379319 0.000000 0.290959 0.521418 -0.802163 13.816900 -0.252864 0.850534 0.461141 0.000000 0.000000 0.000000 0.000000 1.000000
0.912530 0.070343 0.402915 0.000000 0.314633 0.508691 -0.801398 13.816900 -0.261332 0.858070 0.442064 -0.000000 0.000000 0.000000 0.000000 1.000000
0.901725 0.087407 0.423383 -0.000000 0.325554 0.507076 -0.798053 13.816900 -0.284443 0.857458 0.428787 -0.000000 0.000000 0.000000 0.000000 1.000000
0.893922 0.103185 0.436184 0.000000 0.337912 0.484209 -0.807067 13.816900 -0.294482 0.868847 0.397977 0.000000 0.000000 0.000000 0.000000 1.000000
0.890284 0.118829 0.439629 0.000000 0.343609 0.458276 -0.819705 13.816900 -0.298876 0.880831 0.367165 0.000000 0.000000 0.000000 0.000000 1.000000
0.892388 0.124118 0.433865 -0.000000 0.340768 0.444945 -0.828191 13.816900 -0.295840 0.886915 0.354768 -0.000000 0.000000 0.000000 0.000000 1.000000
0.899804 0.135468 0.414730 0.000000 0.317526 0.448583 -0.835434 13.816900 -0.299216 0.883415 0.360622 0.000000 0.000000 0.000000 0.000000 1.000000
0.910085 0.116610 0.397677 0.000000 0.310320 0.444257 -0.840439 13.816900 -0.274674 0.888278 0.368125 -0.000000 0.000000 0.000000 0.000000 1.000000
0.917443 0.113668 0.381285 0.000000 0.298950 0.435425 -0.849137 13.816900 -0.262541 0.893020 0.365497 0.000000 0.000000 0.000000 0.000000 1.000000
0.918253 0.118895 0.377725 -0.000000 0.288877 0.451306 -0.844318 13.816900 -0.270854 0.884413 0.380067 -0.000000 0.000000 0.000000 0.000000 1.000000
0.926821 0.100483 0.361810 -0.000000 0.273761 0.478686 -0.834215 13.816900 -0.257018 0.872217 0.416148 0.000000 0.000000 0.000000 0.000000 1.000000
0.940935 0.089194 0.326628 0.000000 0.234492 0.524218 -0.818663 13.816900 -0.244244 0.846900 0.472340 -0.000000 0.000000 0.000000 0.000000 1.000000
0.959767 0.096220 0.263799 0.000000 0.157051 0.594836 -0.788356 13.816900 -0.232772 0.798068 0.555792 0.000000 0.000000 0.000000 0.000000 1.000000
0.986309 0.083138 0.142419 0.000000 0.054968 0.648490 -0.759236 13.816900 -0.155479 0.756670 0.635041 -0.000000 0.000000 0.000000 0.000000 1.000000
0.990522 0.054958 0.125880 0.000000 0.061293 0.643294 -0.763162 13.816900 -0.122920 0.763644 0.633828 0.000000 0.000000 0.000000 0.000000 1.000000
0.991227 0.026907 0.129400 0.000000 0.081839 0.643829 -0.760780 13.816900 -0.103782 0.764696 0.635979 -0.000000 0.000000 0.000000 0.000000 1.000000
0.992970 -0.000201 0.118367 0.000000 0.089056 0.660005 -0.745965 13.816900 -0.077973 0.751262 0.655382 0.000000 0.000000 0.000000 0.000000 1.000000
0.994987 -0.006050 0.099824 0.000000 0.077605 0.676298 -0.732529 13.816900 -0.063078 0.736604 0.673377 0.000000 0.000000 0.000000 0.000000 1.000000
0.997155 -0.009434 0.074781 0.000000 0.060181 0.697005 -0.714537 13.816900 -0.045382 0.717004 0.695590 0.000000 0.000000 0.000000 0.000000 1.000000
0.998693 -0.015753 0.048631 0.000000 0.045072 0.720174 -0.692328 13.816900 -0.024116 0.693615 0.719942 0.000000 0.000000 0.000000 0.000000 1.000000
0.999512 -0.022242 0.021932 0.000000 0.031208 0.741129 -0.670636 13.816900 -0.001339 0.670994 0.741462 0.000000 0.000000 0.000000 0.000000 1.000000
0.999747 -0.021876 0.005146 0.000000 0.019893 0.754902 -0.655536 13.816900 0.010456 0.655473 0.755146 0.000000 0.000000 0.000000 0.000000 1.000000
0.999768 -0.021227 -0.003782 0.000000 0.013713 0.761360 -0.648185 13.816900 0.016639 0.647982 0.761474 -0.000000 0.000000 0.000000 0.000000 1.000000</float_array>
        <technique_common>
          <accessor source="#mixamorig_RightToeBase-Matrix-animation-output-transform-array" count="39" stride="16">
            <param type="float4x4"/>
          </accessor>
        </technique_common>
      </source>
      <source id="mixamorig_RightToeBase-Interpolations">
        <Name_array id="mixamorig_RightToeBase-Interpolations-array" count="39">
 LINEAR LINEAR LINEAR LINEAR LINEAR LINEAR LINEAR LINEAR LINEAR LINEAR LINEAR
LINEAR LINEAR LINEAR LINEAR LINEAR LINEAR LINEAR LINEAR LINEAR LINEAR LINEAR LINEAR
LINEAR LINEAR LINEAR LINEAR LINEAR LINEAR LINEAR LINEAR LINEAR LINEAR LINEAR LINEAR
LINEAR LINEAR LINEAR LINEAR</Name_array>
        <technique_common>
          <accessor source="#mixamorig_RightToeBase-Interpolations-array" count="39">
            <param type="name"/>
          </accessor>
        </technique_common>
      </source>
      <sampler id="mixamorig_RightToeBase-Matrix-animation-transform">
        <input semantic="INPUT" source="#mixamorig_RightToeBase-Matrix-animation-input"/>
        <input semantic="OUTPUT" source="#mixamorig_RightToeBase-Matrix-animation-output-transform"/>
        <input semantic="INTERPOLATION" source="#mixamorig_RightToeBase-Interpolations"/>
      </sampler>
      <channel source="#mixamorig_RightToeBase-Matrix-animation-transform" target="mixamorig_RightToeBase/matrix"/>
    </animation>
    <animation id="mixamorig_LeftUpLeg-anim" name="mixamorig_LeftUpLeg">
      <source id="mixamorig_LeftUpLeg-Matrix-animation-input">
        <float_array id="mixamorig_LeftUpLeg-Matrix-animation-input-array" count="39">

0.000000 0.033333 0.066667 0.100000 0.133333 0.166667 0.200000 0.233333 0.266667 0.300000 0.333333 0.366667 0.400000 0.433333 0.466667 0.500000
0.533333 0.566667 0.600000 0.633333 0.666667 0.700000 0.733333 0.766667 0.800000 0.833333 0.866667 0.900000 0.933333 0.966667 1.000000 1.033333
1.066667 1.100000 1.133333 1.166667 1.200000 1.233333 1.266667</float_array>
        <technique_common>
          <accessor source="#mixamorig_LeftUpLeg-Matrix-animation-input-array" count="39">
            <param name="TIME" type="float"/>
          </accessor>
        </technique_common>
      </source>
      <source id="mixamorig_LeftUpLeg-Matrix-animation-output-transform">
        <float_array id="mixamorig_LeftUpLeg-Matrix-animation-output-transform-array" count="624">

-0.985689 0.158757 0.056690 8.207800 -0.100392 -0.822972 0.559140 -6.771800 0.135422 0.545447 0.827133 -1.512200 0.000000 0.000000 0.000000 1.000000
-0.979754 0.157563 0.123517 8.207800 -0.063095 -0.828513 0.556403 -6.771800 0.190004 0.537345 0.821681 -1.512200 0.000000 0.000000 0.000000 1.000000
-0.964251 0.171149 0.202308 8.207800 -0.034114 -0.837272 0.545721 -6.771800 0.262786 0.519310 0.813179 -1.512200 0.000000 0.000000 0.000000 1.000000
-0.939067 0.205904 0.275238 8.207800 -0.015147 -0.824743 0.565304 -6.771800 0.343399 0.526690 0.777608 -1.512200 0.000000 0.000000 0.000000 1.000000
-0.911165 0.271468 0.309973 8.207800 -0.029518 -0.793358 0.608039 -6.771800 0.410982 0.544874 0.730894 -1.512200 0.000000 0.000000 0.000000 1.000000
-0.870448 0.354838 0.341190 8.207800 -0.039255 -0.740937 0.670427 -6.771800 0.490693 0.570178 0.658876 -1.512200 0.000000 0.000000 0.000000 1.000000
-0.803650 0.454738 0.383875 8.207800 -0.024338 -0.669632 0.742294 -6.771800 0.594604 0.587202 0.549217 -1.512200 0.000000 0.000000 0.000000 1.000000
-0.781689 0.498979 0.374142 8.207800 -0.008924 -0.608793 0.793279 -6.771800 0.623605 0.616758 0.480340 -1.512200 0.000000 0.000000 0.000000 1.000000
-0.845455 0.440282 0.302255 8.207800 -0.007686 -0.575943 0.817454 -6.771800 0.533992 0.688797 0.490318 -1.512200 0.000000 0.000000 0.000000 1.000000
-0.918046 0.342479 0.199750 8.207800 -0.035756 -0.573281 0.818578 -6.771800 0.394858 0.744350 0.538545 -1.512200 0.000000 0.000000 0.000000 1.000000
-0.953239 0.283427 0.104902 8.207800 -0.093982 -0.607901 0.788431 -6.771800 0.287232 0.741704 0.606112 -1.512200 0.000000 0.000000 0.000000 1.000000
-0.947539 0.307731 0.086440 8.207800 -0.160294 -0.691434 0.704433 -6.771800 0.276544 0.653621 0.704488 -1.512200 0.000000 0.000000 0.000000 1.000000
-0.948437 0.305252 0.085371 8.207800 -0.206850 -0.800152 0.563001 -6.771800 0.240166 0.516312 0.822035 -1.512200 0.000000 0.000000 0.000000 1.000000
-0.953195 0.280948 0.111744 8.207800 -0.205019 -0.872214 0.444084 -6.771800 0.222229 0.400389 0.888990 -1.512200 0.000000 0.000000 0.000000 1.000000
-0.921723 0.328257 0.206579 8.207800 -0.172804 -0.824407 0.538973 -6.771800 0.347227 0.461086 0.816599 -1.512200 0.000000 0.000000 0.000000 1.000000
-0.886824 0.379697 0.263386 8.207800 -0.146119 -0.771132 0.619681 -6.771800 0.438397 0.511062 0.739340 -1.512200 0.000000 0.000000 0.000000 1.000000
-0.884581 0.405647 0.230144 8.207800 -0.153725 -0.719481 0.677285 -6.771800 0.440323 0.563735 0.698798 -1.512200 0.000000 0.000000 0.000000 1.000000
-0.913313 0.373563 0.162204 8.207800 -0.146383 -0.672783 0.725214 -6.771800 0.380041 0.638603 0.669145 -1.512200 0.000000 0.000000 0.000000 1.000000
-0.954395 0.281532 0.099344 8.207800 -0.106303 -0.631415 0.768124 -6.771800 0.278979 0.722534 0.632547 -1.512200 0.000000 0.000000 0.000000 1.000000
-0.985333 0.163632 0.048417 8.207800 -0.060139 -0.598511 0.798854 -6.771800 0.159696 0.784225 0.599573 -1.512200 0.000000 0.000000 0.000000 1.000000
-0.997430 0.069072 0.019037 8.207800 -0.023816 -0.570229 0.821141 -6.771800 0.067573 0.818577 0.570408 -1.512200 0.000000 0.000000 0.000000 1.000000
-0.999741 0.017907 0.014060 8.207800 0.002084 -0.542967 0.839752 -6.771800 0.022671 0.839563 0.542788 -1.512200 0.000000 0.000000 0.000000 1.000000
-0.999865 -0.016387 0.001390 8.207800 0.009699 -0.519273 0.854554 -6.771800 -0.013282 0.854451 0.519361 -1.512200 0.000000 0.000000 0.000000 1.000000
-0.998812 -0.044240 -0.020421 8.207800 0.004593 -0.502719 0.864437 -6.771800 -0.048509 0.863317 0.502325 -1.512200 0.000000 0.000000 0.000000 1.000000
-0.996813 -0.067831 -0.041992 8.207800 -0.002498 -0.499575 0.866267 -6.771800 -0.079738 0.863611 0.497813 -1.512200 0.000000 0.000000 0.000000 1.000000
-0.995700 -0.070557 -0.060025 8.207800 -0.015474 -0.512184 0.858736 -6.771800 -0.091334 0.855973 0.508890 -1.512200 0.000000 0.000000 0.000000 1.000000
-0.995541 -0.048187 -0.081092 8.207800 -0.042318 -0.540163 0.840496 -6.771800 -0.084304 0.840180 0.535715 -1.512200 0.000000 0.000000 0.000000 1.000000
-0.996424 -0.000345 -0.084490 8.207800 -0.068843 -0.576430 0.814241 -6.771800 -0.048983 0.817146 0.574345 -1.512200 0.000000 0.000000 0.000000 1.000000
-0.996040 0.051305 -0.072615 8.207800 -0.088785 -0.617310 0.781694 -6.771800 -0.004721 0.785045 0.619420 -1.512200 0.000000 0.000000 0.000000 1.000000
-0.993760 0.104727 -0.038376 8.207800 -0.098299 -0.659768 0.745013 -6.771800 0.052704 0.744136 0.665945 -1.512200 0.000000 0.000000 0.000000 1.000000
-0.987727 0.155574 -0.013840 8.207800 -0.120347 -0.701595 0.702340 -6.771800 0.099556 0.695386 0.711707 -1.512200 0.000000 0.000000 0.000000 1.000000
-0.984544 0.175136 -0.000517 8.207800 -0.127635 -0.715486 0.686869 -6.771800 0.119926 0.676319 0.726781 -1.512200 0.000000 0.000000 0.000000 1.000000
-0.986560 0.160646 -0.029888 8.207800 -0.135967 -0.705625 0.695418 -6.771800 0.090626 0.690135 0.717984 -1.512200 0.000000 0.000000 0.000000 1.000000
-0.984360 0.163333 -0.066007 8.207800 -0.162949 -0.701783 0.693505 -6.771800 0.066950 0.693414 0.717422 -1.512200 0.000000 0.000000 0.000000 1.000000
-0.980132 0.180215 -0.082851 8.207800 -0.188517 -0.716531 0.671599 -6.771800 0.061667 0.673874 0.736268 -1.512200 0.000000 0.000000 0.000000 1.000000
-0.979612 0.182523 -0.083943 8.207800 -0.193639 -0.746499 0.636588 -6.771800 0.053529 0.639863 0.766622 -1.512200 0.000000 0.000000 0.000000 1.000000
-0.983687 0.175757 -0.038338 8.207800 -0.162871 -0.779678 0.604628 -6.771800 0.076376 0.601008 0.795585 -1.512200 0.000000 0.000000 0.000000 1.000000
-0.984757 0.171728 0.027629 8.207800 -0.123324 -0.801359 0.585333 -6.771800 0.122659 0.573003 0.810322 -1.512200 0.000000 0.000000 0.000000 1.000000
-0.985689 0.158757 0.056691 8.207800 -0.100392 -0.822973 0.559139 -6.771800 0.135422 0.545446 0.827133 -1.512200 0.000000 0.000000 0.000000 1.000000</float_array>
        <technique_common>
          <accessor source="#mixamorig_LeftUpLeg-Matrix-animation-output-transform-array" count="39" stride="16">
            <param type="float4x4"/>
          </accessor>
        </technique_common>
      </source>
      <source id="mixamorig_LeftUpLeg-Interpolations">
        <Name_array id="mixamorig_LeftUpLeg-Interpolations-array" count="39">
 LINEAR LINEAR LINEAR LINEAR LINEAR LINEAR LINEAR LINEAR LINEAR LINEAR LINEAR
LINEAR LINEAR LINEAR LINEAR LINEAR LINEAR LINEAR LINEAR LINEAR LINEAR LINEAR LINEAR
LINEAR LINEAR LINEAR LINEAR LINEAR LINEAR LINEAR LINEAR LINEAR LINEAR LINEAR LINEAR
LINEAR LINEAR LINEAR LINEAR</Name_array>
        <technique_common>
          <accessor source="#mixamorig_LeftUpLeg-Interpolations-array" count="39">
            <param type="name"/>
          </accessor>
        </technique_common>
      </source>
      <sampler id="mixamorig_LeftUpLeg-Matrix-animation-transform">
        <input semantic="INPUT" source="#mixamorig_LeftUpLeg-Matrix-animation-input"/>
        <input semantic="OUTPUT" source="#mixamorig_LeftUpLeg-Matrix-animation-output-transform"/>
        <input semantic="INTERPOLATION" source="#mixamorig_LeftUpLeg-Interpolations"/>
      </sampler>
      <channel source="#mixamorig_LeftUpLeg-Matrix-animation-transform" target="mixamorig_LeftUpLeg/matrix"/>
    </animation>
    <animation id="mixamorig_LeftLeg-anim" name="mixamorig_LeftLeg">
      <source id="mixamorig_LeftLeg-Matrix-animation-input">
        <float_array id="mixamorig_LeftLeg-Matrix-animation-input-array" count="39">

0.000000 0.033333 0.066667 0.100000 0.133333 0.166667 0.200000 0.233333 0.266667 0.300000 0.333333 0.366667 0.400000 0.433333 0.466667 0.500000
0.533333 0.566667 0.600000 0.633333 0.666667 0.700000 0.733333 0.766667 0.800000 0.833333 0.866667 0.900000 0.933333 0.966667 1.000000 1.033333
1.066667 1.100000 1.133333 1.166667 1.200000 1.233333 1.266667</float_array>
        <technique_common>
          <accessor source="#mixamorig_LeftLeg-Matrix-animation-input-array" count="39">
            <param name="TIME" type="float"/>
          </accessor>
        </technique_common>
      </source>
      <source id="mixamorig_LeftLeg-Matrix-animation-output-transform">
        <float_array id="mixamorig_LeftLeg-Matrix-animation-output-transform-array" count="624">

0.996097 -0.020144 -0.085936 0.000000 0.064550 0.830287 0.553586 44.371399 0.060201 -0.556973 0.828346 0.000000 0.000000 0.000000 0.000000 1.000000
0.996067 -0.035518 -0.081170 0.000000 0.074579 0.830710 0.551687 44.371399 0.047834 -0.555571 0.830092 -0.000000 0.000000 0.000000 0.000000 1.000000
0.998180 -0.041549 -0.043696 0.000000 0.059230 0.811350 0.581552 44.371399 0.011290 -0.583082 0.812335 0.000000 0.000000 0.000000 0.000000 1.000000
0.999217 -0.036372 0.015581 0.000000 0.016230 0.735867 0.676931 44.371399 -0.036087 -0.676148 0.735881 -0.000000 0.000000 0.000000 0.000000 1.000000
0.996756 -0.014535 0.079161 0.000000 -0.055724 0.585056 0.809076 44.371399 -0.058074 -0.810862 0.582348 0.000000 0.000000 0.000000 0.000000 1.000000
0.995226 0.007565 0.097306 0.000000 -0.093274 0.367239 0.925438 44.371399 -0.028734 -0.930096 0.366191 0.000000 0.000000 0.000000 0.000000 1.000000
0.997882 0.019119 0.062173 -0.000000 -0.064146 0.130769 0.989336 44.371399 0.010785 -0.991229 0.131718 0.000000 0.000000 0.000000 0.000000 1.000000
0.999559 0.029493 0.003450 0.000000 -0.003301 -0.005108 0.999982 44.371399 0.029510 -0.999552 -0.005008 0.000000 0.000000 0.000000 0.000000 1.000000
0.997665 0.040211 -0.055211 0.000000 0.055305 -0.001231 0.998469 44.371399 0.040081 -0.999190 -0.003452 0.000000 0.000000 0.000000 0.000000 1.000000
0.993513 0.054882 -0.099594 0.000000 0.093881 0.098339 0.990715 44.371399 0.064167 -0.993638 0.092549 0.000000 0.000000 0.000000 0.000000 1.000000
0.986814 0.084463 -0.138076 0.000000 0.111264 0.265578 0.957648 44.371399 0.117555 -0.960383 0.252678 0.000000 0.000000 0.000000 0.000000 1.000000
0.976061 0.136507 -0.169326 -0.000000 0.070026 0.539829 0.838857 44.371399 0.205917 -0.830633 0.517346 0.000000 0.000000 0.000000 0.000000 1.000000
0.965048 0.137717 -0.222973 -0.000000 0.022423 0.804292 0.593812 44.371399 0.261113 -0.578056 0.773092 0.000000 0.000000 0.000000 0.000000 1.000000
0.982205 0.051549 -0.180597 0.000000 0.020121 0.927177 0.374083 44.371399 0.186729 -0.371060 0.909641 0.000000 0.000000 0.000000 0.000000 1.000000
0.997944 -0.029951 -0.056658 -0.000000 0.057114 0.816685 0.574251 44.371399 0.029072 -0.576306 0.816716 0.000000 0.000000 0.000000 0.000000 1.000000
0.989469 -0.132138 0.059081 0.000000 0.044557 0.666416 0.744247 44.371399 -0.137716 -0.733777 0.665286 -0.000000 0.000000 0.000000 0.000000 1.000000
0.976223 -0.176877 0.125309 -0.000000 -0.012081 0.532791 0.846161 44.371399 -0.216430 -0.827556 0.517986 0.000000 0.000000 0.000000 0.000000 1.000000
0.956802 -0.200878 0.210186 -0.000000 -0.102555 0.443280 0.890497 44.371399 -0.272053 -0.873585 0.403530 0.000000 0.000000 0.000000 0.000000 1.000000
0.932480 -0.224798 0.282749 0.000000 -0.174669 0.404551 0.897680 44.371399 -0.316183 -0.886456 0.337970 0.000000 0.000000 0.000000 0.000000 1.000000
0.912948 -0.231802 0.335849 0.000000 -0.224974 0.400739 0.888141 44.371399 -0.340461 -0.886384 0.313705 0.000000 0.000000 0.000000 0.000000 1.000000
0.898537 -0.219926 0.379822 0.000000 -0.269357 0.406938 0.872839 44.371399 -0.346524 -0.886586 0.306410 0.000000 0.000000 0.000000 0.000000 1.000000
0.883604 -0.202502 0.422181 0.000000 -0.315556 0.408597 0.856430 44.371399 -0.345931 -0.889967 0.297137 0.000000 0.000000 0.000000 0.000000 1.000000
0.876578 -0.192769 0.440966 0.000000 -0.338229 0.405065 0.849425 44.371399 -0.342363 -0.893735 0.289871 -0.000000 0.000000 0.000000 0.000000 1.000000
0.875250 -0.194001 0.443058 0.000000 -0.340546 0.403308 0.849336 44.371399 -0.343461 -0.894263 0.286929 0.000000 0.000000 0.000000 0.000000 1.000000
0.877307 -0.211703 0.430713 0.000000 -0.319823 0.411249 0.853574 44.371399 -0.357834 -0.886598 0.293084 0.000000 0.000000 0.000000 0.000000 1.000000
0.878421 -0.228848 0.419529 -0.000000 -0.294257 0.432706 0.852161 44.371399 -0.376548 -0.872006 0.312758 -0.000000 0.000000 0.000000 0.000000 1.000000
0.882199 -0.233973 0.408634 0.000000 -0.263550 0.473808 0.840267 44.371399 -0.390214 -0.848978 0.356329 0.000000 0.000000 0.000000 0.000000 1.000000
0.885233 -0.229077 0.404830 -0.000000 -0.228772 0.543368 0.807722 44.371399 -0.405002 -0.807635 0.428601 0.000000 0.000000 0.000000 0.000000 1.000000
0.892326 -0.218765 0.394836 0.000000 -0.172175 0.643623 0.745725 44.371399 -0.417264 -0.733411 0.536656 0.000000 0.000000 0.000000 0.000000 1.000000
0.901384 -0.185945 0.391063 -0.000000 -0.113010 0.770791 0.626984 44.371399 -0.418013 -0.609348 0.673766 -0.000000 0.000000 0.000000 0.000000 1.000000
0.924084 -0.095698 0.370016 -0.000000 -0.085482 0.891865 0.444151 44.371399 -0.372508 -0.442063 0.815977 0.000000 0.000000 0.000000 0.000000 1.000000
0.946718 -0.026611 0.320964 -0.000000 -0.101225 0.921491 0.374976 44.371399 -0.305744 -0.387486 0.869698 -0.000000 0.000000 0.000000 0.000000 1.000000
0.965402 -0.019983 0.259999 0.000000 -0.100827 0.890907 0.442853 44.371399 -0.240484 -0.453746 0.858069 0.000000 0.000000 0.000000 0.000000 1.000000
0.978801 0.017242 0.204085 -0.000000 -0.126172 0.835682 0.534525 44.371399 -0.161334 -0.548944 0.820142 0.000000 0.000000 0.000000 0.000000 1.000000
0.984002 0.071959 0.162976 0.000000 -0.156958 0.782938 0.601973 44.371399 -0.084283 -0.617923 0.781708 -0.000000 0.000000 0.000000 0.000000 1.000000
0.988307 0.097557 0.117184 0.000000 -0.150297 0.752800 0.640861 44.371399 -0.025696 -0.650980 0.758660 0.000000 0.000000 0.000000 0.000000 1.000000
0.994979 0.084811 0.053149 0.000000 -0.098973 0.754649 0.648621 44.371399 0.014901 -0.650624 0.759254 0.000000 0.000000 0.000000 0.000000 1.000000
0.998977 0.036328 -0.026931 -0.000000 -0.012120 0.788833 0.614488 44.371399 0.043567 -0.613533 0.788467 0.000000 0.000000 0.000000 0.000000 1.000000
0.996097 -0.020144 -0.085936 0.000000 0.064550 0.830288 0.553584 44.371399 0.060201 -0.556970 0.828348 0.000000 0.000000 0.000000 0.000000 1.000000</float_array>
        <technique_common>
          <accessor source="#mixamorig_LeftLeg-Matrix-animation-output-transform-array" count="39" stride="16">
            <param type="float4x4"/>
          </accessor>
        </technique_common>
      </source>
      <source id="mixamorig_LeftLeg-Interpolations">
        <Name_array id="mixamorig_LeftLeg-Interpolations-array" count="39">
 LINEAR LINEAR LINEAR LINEAR LINEAR LINEAR LINEAR LINEAR LINEAR LINEAR LINEAR
LINEAR LINEAR LINEAR LINEAR LINEAR LINEAR LINEAR LINEAR LINEAR LINEAR LINEAR LINEAR
LINEAR LINEAR LINEAR LINEAR LINEAR LINEAR LINEAR LINEAR LINEAR LINEAR LINEAR LINEAR
LINEAR LINEAR LINEAR LINEAR</Name_array>
        <technique_common>
          <accessor source="#mixamorig_LeftLeg-Interpolations-array" count="39">
            <param type="name"/>
          </accessor>
        </technique_common>
      </source>
      <sampler id="mixamorig_LeftLeg-Matrix-animation-transform">
        <input semantic="INPUT" source="#mixamorig_LeftLeg-Matrix-animation-input"/>
        <input semantic="OUTPUT" source="#mixamorig_LeftLeg-Matrix-animation-output-transform"/>
        <input semantic="INTERPOLATION" source="#mixamorig_LeftLeg-Interpolations"/>
      </sampler>
      <channel source="#mixamorig_LeftLeg-Matrix-animation-transform" target="mixamorig_LeftLeg/matrix"/>
    </animation>
    <animation id="mixamorig_LeftFoot-anim" name="mixamorig_LeftFoot">
      <source id="mixamorig_LeftFoot-Matrix-animation-input">
        <float_array id="mixamorig_LeftFoot-Matrix-animation-input-array" count="39">

0.000000 0.033333 0.066667 0.100000 0.133333 0.166667 0.200000 0.233333 0.266667 0.300000 0.333333 0.366667 0.400000 0.433333 0.466667 0.500000
0.533333 0.566667 0.600000 0.633333 0.666667 0.700000 0.733333 0.766667 0.800000 0.833333 0.866667 0.900000 0.933333 0.966667 1.000000 1.033333
1.066667 1.100000 1.133333 1.166667 1.200000 1.233333 1.266667</float_array>
        <technique_common>
          <accessor source="#mixamorig_LeftFoot-Matrix-animation-input-array" count="39">
            <param name="TIME" type="float"/>
          </accessor>
        </technique_common>
      </source>
      <source id="mixamorig_LeftFoot-Matrix-animation-output-transform">
        <float_array id="mixamorig_LeftFoot-Matrix-animation-output-transform-array" count="624">

0.995182 0.056699 -0.079986 0.000000 -0.098036 0.565048 -0.819213 44.527802 -0.001252 0.823107 0.567885 0.000000 0.000000 0.000000 0.000000 1.000000
0.997086 0.044848 -0.061717 0.000000 -0.076247 0.558353 -0.826092 44.527802 -0.002589 0.828391 0.560145 0.000000 0.000000 0.000000 0.000000 1.000000
0.999456 0.018359 -0.027384 0.000000 -0.032954 0.531280 -0.846555 44.527802 -0.000993 0.846997 0.531597 -0.000000 0.000000 0.000000 0.000000 1.000000
0.999072 -0.024872 0.035161 0.000000 0.043039 0.545930 -0.836725 44.527802 0.001616 0.837462 0.546494 0.000000 0.000000 0.000000 0.000000 1.000000
0.996444 -0.044454 0.071574 0.000000 0.083971 0.593729 -0.800272 44.527802 -0.006920 0.803436 0.595350 0.000000 0.000000 0.000000 0.000000 1.000000
0.993740 -0.058646 0.095084 0.000000 0.111344 0.589313 -0.800195 44.527802 -0.009106 0.805773 0.592154 0.000000 0.000000 0.000000 0.000000 1.000000
0.990967 -0.071502 0.113458 0.000000 0.133913 0.573313 -0.808319 44.527802 -0.007250 0.816211 0.577709 0.000000 0.000000 0.000000 0.000000 1.000000
0.993097 -0.064300 0.098104 0.000000 0.117231 0.572347 -0.811589 44.527802 -0.003964 0.817487 0.575934 -0.000000 0.000000 0.000000 0.000000 1.000000
0.998888 -0.027640 0.038197 0.000000 0.047148 0.582429 -0.811513 44.527802 0.000183 0.812411 0.583085 0.000000 0.000000 0.000000 0.000000 1.000000
0.999377 0.016287 -0.031317 -0.000000 -0.034841 0.597630 -0.801015 44.527802 0.005669 0.801607 0.597825 0.000000 0.000000 0.000000 0.000000 1.000000
0.994749 0.054194 -0.086823 0.000000 -0.101861 0.606878 -0.788241 44.527802 0.009973 0.792945 0.609211 -0.000000 0.000000 0.000000 0.000000 1.000000
0.991307 0.074080 -0.108732 0.000000 -0.130732 0.647654 -0.750636 44.527802 0.014814 0.758325 0.651708 -0.000000 0.000000 0.000000 0.000000 1.000000
0.989150 0.091522 -0.114919 0.000000 -0.145400 0.721761 -0.676698 44.527802 0.021011 0.686065 0.727237 0.000000 0.000000 0.000000 0.000000 1.000000
0.990618 0.091809 -0.101223 -0.000000 -0.135632 0.751064 -0.646148 44.527802 0.016703 0.653815 0.756470 0.000000 0.000000 0.000000 0.000000 1.000000
0.991009 0.082968 -0.104962 -0.000000 -0.133382 0.674123 -0.726476 44.527802 0.010483 0.733945 0.679128 0.000000 0.000000 0.000000 0.000000 1.000000
0.987629 0.092776 -0.126419 0.000000 -0.156771 0.601975 -0.782975 44.527802 0.003460 0.793107 0.609072 0.000000 0.000000 0.000000 0.000000 1.000000
0.989226 0.080132 -0.122516 0.000000 -0.146389 0.534572 -0.832348 44.527802 -0.001204 0.841315 0.540543 -0.000000 0.000000 0.000000 0.000000 1.000000
0.996210 0.037663 -0.078400 -0.000000 -0.086839 0.481543 -0.872109 44.527802 0.004906 0.875613 0.482989 0.000000 0.000000 0.000000 0.000000 1.000000
0.998351 0.016847 -0.054886 0.000000 -0.056338 0.471580 -0.880022 44.527802 0.011057 0.881662 0.471752 0.000000 0.000000 0.000000 0.000000 1.000000
0.999083 0.004658 -0.042572 0.000000 -0.039663 0.475567 -0.878785 44.527802 0.016153 0.879667 0.475315 0.000000 0.000000 0.000000 0.000000 1.000000
0.999475 -0.008210 -0.031338 0.000000 -0.023429 0.484884 -0.874264 44.527802 0.022373 0.874540 0.484437 -0.000000 0.000000 0.000000 0.000000 1.000000
0.999514 -0.023283 -0.020743 0.000000 -0.006522 0.494393 -0.869214 44.527802 0.030493 0.868927 0.494000 0.000000 0.000000 0.000000 0.000000 1.000000
0.999330 -0.027028 -0.024669 -0.000000 -0.007850 0.500105 -0.865929 44.527802 0.035741 0.865543 0.499558 -0.000000 0.000000 0.000000 0.000000 1.000000
0.999024 -0.019757 -0.039514 -0.000000 -0.024110 0.505647 -0.862403 44.527802 0.037019 0.862514 0.504677 0.000000 0.000000 0.000000 0.000000 1.000000
0.997815 0.000820 -0.066062 0.000000 -0.057018 0.515791 -0.854815 44.527802 0.033373 0.856714 0.514711 0.000000 0.000000 0.000000 0.000000 1.000000
0.995430 0.022788 -0.092732 0.000000 -0.090466 0.535912 -0.839413 44.527802 0.030568 0.843967 0.535524 -0.000000 0.000000 0.000000 0.000000 1.000000
0.992411 0.041054 -0.115906 0.000000 -0.118811 0.563003 -0.817870 44.527802 0.031678 0.825435 0.563608 0.000000 0.000000 0.000000 0.000000 1.000000
0.990448 0.049897 -0.128540 0.000000 -0.132586 0.600586 -0.788491 44.527802 0.037856 0.798002 0.601465 0.000000 0.000000 0.000000 0.000000 1.000000
0.991284 0.045459 -0.123649 0.000000 -0.123351 0.649866 -0.749973 44.527802 0.046262 0.758688 0.649809 0.000000 0.000000 0.000000 0.000000 1.000000
0.994701 0.029116 -0.098603 -0.000000 -0.089733 0.713984 -0.694389 44.527802 0.050183 0.699557 0.712813 0.000000 0.000000 0.000000 0.000000 1.000000
0.998390 -0.002510 -0.056672 -0.000000 -0.032023 0.799681 -0.599571 44.527802 0.046824 0.600420 0.798313 0.000000 0.000000 0.000000 0.000000 1.000000
0.999023 -0.029675 -0.032750 0.000000 0.004268 0.802353 -0.596834 44.527802 0.043988 0.596111 0.801696 0.000000 0.000000 0.000000 0.000000 1.000000
0.996497 0.025156 -0.079753 0.000000 -0.071278 0.754257 -0.652699 44.527802 0.043735 0.656097 0.753408 0.000000 0.000000 0.000000 0.000000 1.000000
0.989033 0.086877 -0.119440 0.000000 -0.145839 0.702226 -0.696857 44.527802 0.023333 0.706634 0.707195 0.000000 0.000000 0.000000 0.000000 1.000000
0.982508 0.124638 -0.138362 0.000000 -0.186220 0.661668 -0.726304 44.527802 0.001024 0.739365 0.673304 0.000000 0.000000 0.000000 0.000000 1.000000
0.983535 0.123867 -0.131593 0.000000 -0.180491 0.636598 -0.749777 44.527802 -0.009100 0.761183 0.648473 0.000000 0.000000 0.000000 0.000000 1.000000
0.995107 0.066525 -0.073052 0.000000 -0.098421 0.602424 -0.792085 44.527802 -0.008685 0.795399 0.606024 0.000000 0.000000 0.000000 0.000000 1.000000
0.995883 0.055891 -0.071366 -0.000000 -0.090608 0.590681 -0.801802 44.527802 -0.002659 0.804967 0.593313 0.000000 0.000000 0.000000 0.000000 1.000000
0.995182 0.056699 -0.079986 0.000000 -0.098035 0.565051 -0.819211 44.527802 -0.001252 0.823105 0.567887 0.000000 0.000000 0.000000 0.000000 1.000000</float_array>
        <technique_common>
          <accessor source="#mixamorig_LeftFoot-Matrix-animation-output-transform-array" count="39" stride="16">
            <param type="float4x4"/>
          </accessor>
        </technique_common>
      </source>
      <source id="mixamorig_LeftFoot-Interpolations">
        <Name_array id="mixamorig_LeftFoot-Interpolations-array" count="39">
 LINEAR LINEAR LINEAR LINEAR LINEAR LINEAR LINEAR LINEAR LINEAR LINEAR LINEAR
LINEAR LINEAR LINEAR LINEAR LINEAR LINEAR LINEAR LINEAR LINEAR LINEAR LINEAR LINEAR
LINEAR LINEAR LINEAR LINEAR LINEAR LINEAR LINEAR LINEAR LINEAR LINEAR LINEAR LINEAR
LINEAR LINEAR LINEAR LINEAR</Name_array>
        <technique_common>
          <accessor source="#mixamorig_LeftFoot-Interpolations-array" count="39">
            <param type="name"/>
          </accessor>
        </technique_common>
      </source>
      <sampler id="mixamorig_LeftFoot-Matrix-animation-transform">
        <input semantic="INPUT" source="#mixamorig_LeftFoot-Matrix-animation-input"/>
        <input semantic="OUTPUT" source="#mixamorig_LeftFoot-Matrix-animation-output-transform"/>
        <input semantic="INTERPOLATION" source="#mixamorig_LeftFoot-Interpolations"/>
      </sampler>
      <channel source="#mixamorig_LeftFoot-Matrix-animation-transform" target="mixamorig_LeftFoot/matrix"/>
    </animation>
    <animation id="mixamorig_LeftToeBase-anim" name="mixamorig_LeftToeBase">
      <source id="mixamorig_LeftToeBase-Matrix-animation-input">
        <float_array id="mixamorig_LeftToeBase-Matrix-animation-input-array" count="39">

0.000000 0.033333 0.066667 0.100000 0.133333 0.166667 0.200000 0.233333 0.266667 0.300000 0.333333 0.366667 0.400000 0.433333 0.466667 0.500000
0.533333 0.566667 0.600000 0.633333 0.666667 0.700000 0.733333 0.766667 0.800000 0.833333 0.866667 0.900000 0.933333 0.966667 1.000000 1.033333
1.066667 1.100000 1.133333 1.166667 1.200000 1.233333 1.266667</float_array>
        <technique_common>
          <accessor source="#mixamorig_LeftToeBase-Matrix-animation-input-array" count="39">
            <param name="TIME" type="float"/>
          </accessor>
        </technique_common>
      </source>
      <source id="mixamorig_LeftToeBase-Matrix-animation-output-transform">
        <float_array id="mixamorig_LeftToeBase-Matrix-animation-output-transform-array" count="624">

0.999701 0.024081 -0.004161 0.000000 -0.021222 0.771025 -0.636451 13.816900 -0.012118 0.636349 0.771306 0.000000 0.000000 0.000000 0.000000 1.000000
0.999463 0.019359 -0.026439 0.000000 -0.031793 0.768306 -0.639292 13.816900 0.007937 0.639789 0.768509 0.000000 0.000000 0.000000 0.000000 1.000000
0.998701 0.017583 -0.047819 0.000000 -0.044099 0.768349 -0.638510 13.816900 0.025515 0.639789 0.768127 0.000000 0.000000 0.000000 0.000000 1.000000
0.997285 0.013702 -0.072353 0.000000 -0.058901 0.738126 -0.672087 13.816900 0.044197 0.674524 0.736929 -0.000000 0.000000 0.000000 0.000000 1.000000
0.996253 0.007619 -0.086148 0.000000 -0.066414 0.705446 -0.705645 13.816900 0.055397 0.708722 0.703309 0.000000 0.000000 0.000000 0.000000 1.000000
0.997969 0.023967 0.059027 0.000000 0.021193 0.748870 -0.662378 13.816900 -0.060079 0.662284 0.746841 0.000000 0.000000 0.000000 0.000000 1.000000
0.983318 0.055122 0.173340 0.000000 0.068337 0.771206 -0.632908 13.816900 -0.168568 0.634195 0.754574 0.000000 0.000000 0.000000 0.000000 1.000000
0.965678 0.077685 0.247852 -0.000000 0.098290 0.773974 -0.625542 13.816900 -0.240426 0.628434 0.739774 0.000000 0.000000 0.000000 0.000000 1.000000
0.968917 0.076944 0.235114 0.000000 0.094606 0.762908 -0.639548 13.816900 -0.228580 0.641912 0.731915 0.000000 0.000000 0.000000 0.000000 1.000000
0.983866 0.057801 0.169312 0.000000 0.071555 0.740249 -0.668515 13.816900 -0.163974 0.669844 0.724170 0.000000 0.000000 0.000000 0.000000 1.000000
0.992987 0.052163 0.106091 0.000000 0.036974 0.715351 -0.697786 13.816900 -0.112291 0.696815 0.708406 -0.000000 0.000000 0.000000 0.000000 1.000000
0.991173 0.114302 0.067166 0.000000 -0.030450 0.689358 -0.723781 13.816900 -0.129032 0.715346 0.686754 0.000000 0.000000 0.000000 0.000000 1.000000
0.979092 0.191324 0.069088 0.000000 -0.085074 0.693649 -0.715271 13.816900 -0.184771 0.694439 0.695423 0.000000 0.000000 0.000000 0.000000 1.000000
0.988063 0.153357 -0.014603 0.000000 -0.119324 0.701928 -0.702182 13.816900 -0.097434 0.695542 0.711848 -0.000000 0.000000 0.000000 0.000000 1.000000
0.982795 0.183453 -0.021439 -0.000000 -0.144600 0.691995 -0.707272 13.816900 -0.114916 0.698204 0.706616 0.000000 0.000000 0.000000 0.000000 1.000000
0.981621 0.190014 -0.017727 -0.000000 -0.143087 0.671354 -0.727193 13.816900 -0.126276 0.716365 0.686204 0.000000 0.000000 0.000000 0.000000 1.000000
0.980442 0.195977 -0.018054 0.000000 -0.146864 0.667488 -0.729994 13.816900 -0.131011 0.718368 0.683215 -0.000000 0.000000 0.000000 0.000000 1.000000
0.984141 0.169323 -0.052880 -0.000000 -0.154146 0.668794 -0.727292 13.816900 -0.087782 0.723909 0.684288 0.000000 0.000000 0.000000 0.000000 1.000000
0.985336 0.154978 -0.071378 0.000000 -0.157485 0.665068 -0.729988 13.816900 -0.065661 0.730525 0.679722 -0.000000 0.000000 0.000000 0.000000 1.000000
0.985518 0.145337 -0.087359 -0.000000 -0.162544 0.662896 -0.730855 13.816900 -0.048310 0.734470 0.676919 0.000000 0.000000 0.000000 0.000000 1.000000
0.985838 0.133368 -0.101666 0.000000 -0.164760 0.657278 -0.735418 13.816900 -0.031258 0.741754 0.669943 -0.000000 0.000000 0.000000 0.000000 1.000000
0.986827 0.117971 -0.110704 -0.000000 -0.161029 0.650417 -0.742312 13.816900 -0.015568 0.750360 0.660846 0.000000 0.000000 0.000000 0.000000 1.000000
0.988269 0.100037 -0.115397 0.000000 -0.152719 0.643393 -0.750148 13.816900 -0.000797 0.758971 0.651124 0.000000 0.000000 0.000000 0.000000 1.000000
0.989631 0.070791 -0.124978 -0.000000 -0.141118 0.641347 -0.754161 13.816900 0.026767 0.763978 0.644687 0.000000 0.000000 0.000000 0.000000 1.000000
0.989765 0.050383 -0.133520 -0.000000 -0.134444 0.642988 -0.753984 13.816900 0.047863 0.764217 0.643180 0.000000 0.000000 0.000000 0.000000 1.000000
0.988116 0.032105 -0.150321 0.000000 -0.135939 0.638994 -0.757105 13.816900 0.071747 0.768542 0.635764 -0.000000 0.000000 0.000000 0.000000 1.000000
0.982384 0.013717 -0.186371 -0.000000 -0.153507 0.627982 -0.762937 13.816900 0.106572 0.778107 0.619025 0.000000 0.000000 0.000000 0.000000 1.000000
0.974708 0.010483 -0.223236 0.000000 -0.182350 0.614791 -0.767320 13.816900 0.129199 0.788621 0.601153 0.000000 0.000000 0.000000 0.000000 1.000000
0.964109 0.001602 -0.265502 -0.000000 -0.210158 0.615715 -0.759427 13.816900 0.162257 0.787967 0.593953 0.000000 0.000000 0.000000 0.000000 1.000000
0.947456 -0.010299 -0.319719 0.000000 -0.247439 0.609842 -0.752905 13.816900 0.202733 0.792456 0.575250 -0.000000 0.000000 0.000000 0.000000 1.000000
0.934717 0.001378 -0.355390 0.000000 -0.278644 0.623541 -0.730448 13.816900 0.220593 0.781789 0.583219 0.000000 0.000000 0.000000 0.000000 1.000000
0.935342 -0.000983 -0.353745 0.000000 -0.267850 0.651234 -0.710036 13.816900 0.231068 0.758876 0.608863 0.000000 0.000000 0.000000 0.000000 1.000000
0.962145 -0.028046 -0.271092 0.000000 -0.180151 0.680949 -0.709827 13.816900 0.204508 0.731794 0.650119 0.000000 0.000000 0.000000 0.000000 1.000000
0.985871 -0.070815 -0.151801 -0.000000 -0.058946 0.701608 -0.710121 13.816900 0.156792 0.709036 0.687521 0.000000 0.000000 0.000000 0.000000 1.000000
0.993973 -0.102593 -0.038627 0.000000 0.041837 0.680699 -0.731368 13.816900 0.101327 0.725344 0.680888 -0.000000 0.000000 0.000000 0.000000 1.000000
0.990958 -0.093434 0.096296 0.000000 0.134048 0.658241 -0.740776 13.816900 0.005828 0.746986 0.664814 0.000000 0.000000 0.000000 0.000000 1.000000
0.996243 -0.051394 0.069708 0.000000 0.086146 0.670868 -0.736557 13.816900 -0.008910 0.739794 0.672774 0.000000 0.000000 0.000000 0.000000 1.000000
0.999944 0.004096 -0.009722 0.000000 -0.009700 0.719393 -0.694536 13.816900 0.004149 0.694591 0.719393 0.000000 0.000000 0.000000 0.000000 1.000000
0.999701 0.024081 -0.004161 0.000000 -0.021221 0.771026 -0.636451 13.816900 -0.012118 0.636349 0.771306 0.000000 0.000000 0.000000 0.000000 1.000000</float_array>
        <technique_common>
          <accessor source="#mixamorig_LeftToeBase-Matrix-animation-output-transform-array" count="39" stride="16">
            <param type="float4x4"/>
          </accessor>
        </technique_common>
      </source>
      <source id="mixamorig_LeftToeBase-Interpolations">
        <Name_array id="mixamorig_LeftToeBase-Interpolations-array" count="39">
 LINEAR LINEAR LINEAR LINEAR LINEAR LINEAR LINEAR LINEAR LINEAR LINEAR LINEAR
LINEAR LINEAR LINEAR LINEAR LINEAR LINEAR LINEAR LINEAR LINEAR LINEAR LINEAR LINEAR
LINEAR LINEAR LINEAR LINEAR LINEAR LINEAR LINEAR LINEAR LINEAR LINEAR LINEAR LINEAR
LINEAR LINEAR LINEAR LINEAR</Name_array>
        <technique_common>
          <accessor source="#mixamorig_LeftToeBase-Interpolations-array" count="39">
            <param type="name"/>
          </accessor>
        </technique_common>
      </source>
      <sampler id="mixamorig_LeftToeBase-Matrix-animation-transform">
        <input semantic="INPUT" source="#mixamorig_LeftToeBase-Matrix-animation-input"/>
        <input semantic="OUTPUT" source="#mixamorig_LeftToeBase-Matrix-animation-output-transform"/>
        <input semantic="INTERPOLATION" source="#mixamorig_LeftToeBase-Interpolations"/>
      </sampler>
      <channel source="#mixamorig_LeftToeBase-Matrix-animation-transform" target="mixamorig_LeftToeBase/matrix"/>
    </animation>
  </library_animations>
  <library_visual_scenes>
    <visual_scene id="RootNode" name="RootNode">
      <node id="mixamorig_Hips" name="mixamorig_Hips" sid="mixamorig_Hips" type="JOINT">
        <matrix sid="matrix">0.963012 -0.004378 -0.269423 -0.020980 -0.022784 0.994964 -0.097609 98.573784 0.268493 0.100137 0.958063 0.076801 0.000000 0.000000 0.000000 1.000000</matrix>
        <node id="mixamorig_Spine" name="mixamorig_Spine" sid="mixamorig_Spine" type="JOINT">
          <matrix sid="matrix">0.997044 -0.007918 0.076427 0.000000 0.026022 0.970690 -0.238922 10.182400 -0.072295 0.240205 0.968026 -0.000000 0.000000 0.000000 0.000000 1.000000</matrix>
          <node id="mixamorig_Spine1" name="mixamorig_Spine1" sid="mixamorig_Spine1" type="JOINT">
            <matrix sid="matrix">0.999658 0.011331 0.023567 0.000000 -0.009790 0.997871 -0.064473 10.002700 -0.024248 0.064220 0.997641 0.000000 0.000000 0.000000 0.000000 1.000000</matrix>
            <node id="mixamorig_Spine2" name="mixamorig_Spine2" sid="mixamorig_Spine2" type="JOINT">
              <matrix sid="matrix">0.999628 0.011865 0.024552 0.000000 -0.009610 0.995892 -0.090039 9.322100 -0.025519 0.089770 0.995636 0.000000 0.000000 0.000000 0.000000 1.000000</matrix>
              <node id="mixamorig_Neck" name="mixamorig_Neck" sid="mixamorig_Neck" type="JOINT">
                <matrix sid="matrix">0.999013 -0.041943 0.014605 -0.000000 0.037716 0.974835 0.219712 16.865299 -0.023453 -0.218944 0.975455 0.000000 0.000000 0.000000 0.000000 1.000000</matrix>
                <node id="mixamorig_Head" name="mixamorig_Head" sid="mixamorig_Head" type="JOINT">
                  <matrix sid="matrix">0.989033 0.040042 0.142160 -0.000000 -0.073947 0.967466 0.241952 9.341900 -0.127847 -0.249811 0.959818 2.841000 0.000000 0.000000 0.000000 1.000000</matrix>
                  <node id="mixamorig_HeadTop_End" name="mixamorig_HeadTop_End" sid="mixamorig_HeadTop_End" type="JOINT">
                    <matrix sid="matrix">1.000000 -0.000000 -0.000000 0.000000 0.000000 1.000000 -0.000000 20.962799 0.000000 0.000000 1.000000 10.122900 0.000000 0.000000 0.000000 1.000000</matrix>
                  </node>
                </node>
              </node>
              <node id="mixamorig_RightShoulder" name="mixamorig_RightShoulder" sid="mixamorig_RightShoulder" type="JOINT">
                <matrix sid="matrix">0.276590 -0.908364 -0.313643 -4.570000 -0.273893 0.238324 -0.931764 11.195800 0.921130 0.343621 -0.182876 -0.806600 0.000000 0.000000 0.000000 1.000000</matrix>
                <node id="mixamorig_RightArm" name="mixamorig_RightArm" sid="mixamorig_RightArm" type="JOINT">
                  <matrix sid="matrix">0.656644 0.686141 -0.313097 -0.000000 -0.417133 -0.015459 -0.908714 10.838200 -0.628346 0.727304 0.276061 0.000000 0.000000 0.000000 0.000000 1.000000</matrix>
                  <node id="mixamorig_RightForeArm" name="mixamorig_RightForeArm" sid="mixamorig_RightForeArm" type="JOINT">
                    <matrix sid="matrix">0.505416 0.829913 0.236221 0.000000 -0.850217 0.525697 -0.027809 27.841499 -0.147260 -0.186784 0.971301 0.000000 0.000000 0.000000 0.000000 1.000000</matrix>
                    <node id="mixamorig_RightHand" name="mixamorig_RightHand" sid="mixamorig_RightHand" type="JOINT">
                      <matrix sid="matrix">0.903356 0.308866 0.297574 0.000000 -0.277255 0.949902 -0.144275 28.328800 -0.327228 0.047828 0.943734 -0.000000 0.000000 0.000000 0.000000 1.000000</matrix>
                      <node id="mixamorig_RightHandThumb1" name="mixamorig_RightHandThumb1" sid="mixamorig_RightHandThumb1" type="JOINT">
                        <matrix sid="matrix">0.884491 0.435328 -0.167825 2.681900 -0.466557 0.824585 -0.319976 2.464800 -0.000908 0.361316 0.932443 1.574000 0.000000 0.000000 0.000000 1.000000</matrix>
                        <node id="mixamorig_RightHandThumb2" name="mixamorig_RightHandThumb2" sid="mixamorig_RightHandThumb2" type="JOINT">
                          <matrix sid="matrix">0.688931 -0.673090 0.268930 0.000000 0.680488 0.728398 0.079830 4.189000 -0.249621 0.128006 0.959846 0.000000 0.000000 0.000000 0.000000 1.000000</matrix>
                          <node id="mixamorig_RightHandThumb3" name="mixamorig_RightHandThumb3" sid="mixamorig_RightHandThumb3" type="JOINT">
                            <matrix sid="matrix">0.597285 -0.792389 -0.123978 0.000000 0.800926 0.597399 0.040398 3.416300 0.042053 -0.123426 0.991462 0.000000 0.000000 0.000000 0.000000 1.000000</matrix>
                            <node id="mixamorig_RightHandThumb4" name="mixamorig_RightHandThumb4" sid="mixamorig_RightHandThumb4" type="JOINT">
                              <matrix sid="matrix">0.967631 0.095337 -0.233668 0.000000 -0.098051 0.995181 0.000001 2.575000 0.232542 0.022911 0.972316 -0.000000 0.000000 0.000000 0.000000 1.000000</matrix>
                            </node>
                          </node>
                        </node>
                      </node>
                      <node id="mixamorig_RightHandIndex1" name="mixamorig_RightHandIndex1" sid="mixamorig_RightHandIndex1" type="JOINT">
                        <matrix sid="matrix">0.955889 -0.160902 -0.245738 2.259800 0.006924 0.848727 -0.528786 9.108300 0.293647 0.503759 0.812403 0.517900 0.000000 0.000000 0.000000 1.000000</matrix>
                        <node id="mixamorig_RightHandIndex2" name="mixamorig_RightHandIndex2" sid="mixamorig_RightHandIndex2" type="JOINT">
                          <matrix sid="matrix">0.999981 0.005206 0.003198 0.000000 0.004966 -0.387697 -0.921774 3.700000 -0.003559 0.921772 -0.387716 0.000000 0.000000 0.000000 0.000000 1.000000</matrix>
                          <node id="mixamorig_RightHandIndex3" name="mixamorig_RightHandIndex3" sid="mixamorig_RightHandIndex3" type="JOINT">
                            <matrix sid="matrix">0.999423 -0.031997 -0.011393 0.000000 0.020475 0.835205 -0.549557 2.850000 0.027100 0.549007 0.835378 0.000000 0.000000 0.000000 0.000000 1.000000</matrix>
                            <node id="mixamorig_RightHandIndex4" name="mixamorig_RightHandIndex4" sid="mixamorig_RightHandIndex4" type="JOINT">
                              <matrix sid="matrix">0.999998 -0.000175 0.002005 0.000000 0.000175 1.000000 0.000000 2.772200 -0.002005 0.000000 0.999998 0.000000 0.000000 0.000000 0.000000 1.000000</matrix>
                            </node>
                          </node>
                        </node>
                      </node>
                      <node id="mixamorig_RightHandMiddle1" name="mixamorig_RightHandMiddle1" sid="mixamorig_RightHandMiddle1" type="JOINT">
                        <matrix sid="matrix">0.983309 -0.136939 0.119798 -0.000000 0.087786 -0.219643 -0.971623 9.532500 0.159366 0.965922 -0.203956 0.000000 0.000000 0.000000 0.000000 1.000000</matrix>
                        <node id="mixamorig_RightHandMiddle2" name="mixamorig_RightHandMiddle2" sid="mixamorig_RightHandMiddle2" type="JOINT">
                          <matrix sid="matrix">1.000000 -0.000397 0.000170 0.000000 0.000341 0.484527 -0.874776 3.700000 0.000264 0.874776 0.484527 -0.000000 0.000000 0.000000 0.000000 1.000000</matrix>
                          <node id="mixamorig_RightHandMiddle3" name="mixamorig_RightHandMiddle3" sid="mixamorig_RightHandMiddle3" type="JOINT">
                            <matrix sid="matrix">0.999448 -0.011886 -0.031009 0.000000 -0.006039 0.853137 -0.521652 2.950000 0.032656 0.521552 0.852594 0.000000 0.000000 0.000000 0.000000 1.000000</matrix>
                            <node id="mixamorig_RightHandMiddle4" name="mixamorig_RightHandMiddle4" sid="mixamorig_RightHandMiddle4" type="JOINT">
                              <matrix sid="matrix">0.999998 -0.000333 0.001857 0.000000 0.000333 1.000000 0.000001 2.946600 -0.001857 0.000000 0.999998 0.000000 0.000000 0.000000 0.000000 1.000000</matrix>
                            </node>
                          </node>
                        </node>
                      </node>
                      <node id="mixamorig_RightHandRing1" name="mixamorig_RightHandRing1" sid="mixamorig_RightHandRing1" type="JOINT">
                        <matrix sid="matrix">0.983200 -0.046604 0.176482 -1.865100 0.155324 -0.294245 -0.943024 9.103600 0.095877 0.954593 -0.282063 0.043100 0.000000 0.000000 0.000000 1.000000</matrix>
                        <node id="mixamorig_RightHandRing2" name="mixamorig_RightHandRing2" sid="mixamorig_RightHandRing2" type="JOINT">
                          <matrix sid="matrix">0.999954 -0.006387 -0.007120 0.000000 0.000105 0.751682 -0.659526 3.379300 0.009565 0.659495 0.751648 -0.000000 0.000000 0.000000 0.000000 1.000000</matrix>
                          <node id="mixamorig_RightHandRing3" name="mixamorig_RightHandRing3" sid="mixamorig_RightHandRing3" type="JOINT">
                            <matrix sid="matrix">0.999810 -0.000870 -0.019477 -0.000000 -0.014618 0.627594 -0.778403 2.889700 0.012901 0.778540 0.627462 0.000000 0.000000 0.000000 0.000000 1.000000</matrix>
                            <node id="mixamorig_RightHandRing4" name="mixamorig_RightHandRing4" sid="mixamorig_RightHandRing4" type="JOINT">
                              <matrix sid="matrix">0.999999 0.001599 0.000291 0.000000 -0.001599 0.999999 -0.000000 2.638800 -0.000291 -0.000000 1.000000 0.000000 0.000000 0.000000 0.000000 1.000000</matrix>
                            </node>
                          </node>
                        </node>
                      </node>
                      <node id="mixamorig_RightHandPinky1" name="mixamorig_RightHandPinky1" sid="mixamorig_RightHandPinky1" type="JOINT">
                        <matrix sid="matrix">0.949379 -0.070313 0.306163 -3.806300 0.294851 -0.136751 -0.945707 8.076700 0.108364 0.988107 -0.109096 0.486700 0.000000 0.000000 0.000000 1.000000</matrix>
                        <node id="mixamorig_RightHandPinky2" name="mixamorig_RightHandPinky2" sid="mixamorig_RightHandPinky2" type="JOINT">
                          <matrix sid="matrix">1.000000 -0.000292 0.000099 0.000000 0.000279 0.721207 -0.692719 3.600000 0.000131 0.692719 0.721208 0.000000 0.000000 0.000000 0.000000 1.000000</matrix>
                          <node id="mixamorig_RightHandPinky3" name="mixamorig_RightHandPinky3" sid="mixamorig_RightHandPinky3" type="JOINT">
                            <matrix sid="matrix">1.000000 -0.000402 0.000264 0.000000 0.000438 0.533547 -0.845770 2.100000 0.000199 0.845770 0.533547 0.000000 0.000000 0.000000 0.000000 1.000000</matrix>
                            <node id="mixamorig_RightHandPinky4" name="mixamorig_RightHandPinky4" sid="mixamorig_RightHandPinky4" type="JOINT">
                              <matrix sid="matrix">0.999995 0.000082 0.003138 0.000000 -0.000082 1.000000 -0.000000 2.115800 -0.003138 -0.000000 0.999995 -0.000000 0.000000 0.000000 0.000000 1.000000</matrix>
                            </node>
                          </node>
                        </node>
                      </node>
                    </node>
                  </node>
                </node>
              </node>
              <node id="mixamorig_LeftShoulder" name="mixamorig_LeftShoulder" sid="mixamorig_LeftShoulder" type="JOINT">
                <matrix sid="matrix">0.158941 0.980868 0.112409 4.570400 0.228001 0.074312 -0.970821 11.195600 -0.960601 0.179932 -0.211827 -0.806600 0.000000 0.000000 0.000000 1.000000</matrix>
                <node id="mixamorig_LeftArm" name="mixamorig_LeftArm" sid="mixamorig_LeftArm" type="JOINT">
                  <matrix sid="matrix">0.756287 -0.568693 0.323446 -0.000000 0.395150 0.003034 -0.918612 10.837700 0.521427 0.822544 0.227013 -0.000000 0.000000 0.000000 0.000000 1.000000</matrix>
                  <node id="mixamorig_LeftForeArm" name="mixamorig_LeftForeArm" sid="mixamorig_LeftForeArm" type="JOINT">
                    <matrix sid="matrix">0.723303 -0.684454 -0.091407 -0.000000 0.682233 0.728782 -0.058608 27.841499 0.106731 -0.019969 0.994087 0.000000 0.000000 0.000000 0.000000 1.000000</matrix>
                    <node id="mixamorig_LeftHand" name="mixamorig_LeftHand" sid="mixamorig_LeftHand" type="JOINT">
                      <matrix sid="matrix">0.936464 -0.241137 -0.254733 0.000000 0.188522 0.958421 -0.214215 28.328800 0.295796 0.152582 0.942986 -0.000000 0.000000 0.000000 0.000000 1.000000</matrix>
                      <node id="mixamorig_LeftHandThumb1" name="mixamorig_LeftHandThumb1" sid="mixamorig_LeftHandThumb1" type="JOINT">
                        <matrix sid="matrix">0.862519 -0.490504 -0.124369 -2.681700 0.326239 0.726896 -0.604310 2.466100 0.386820 0.480654 0.786983 1.576200 0.000000 0.000000 0.000000 1.000000</matrix>
                        <node id="mixamorig_LeftHandThumb2" name="mixamorig_LeftHandThumb2" sid="mixamorig_LeftHandThumb2" type="JOINT">
                          <matrix sid="matrix">0.760791 0.624969 0.174961 0.000000 -0.616805 0.780135 -0.104596 4.187100 -0.201862 -0.028341 0.979004 0.000000 0.000000 0.000000 0.000000 1.000000</matrix>
                          <node id="mixamorig_LeftHandThumb3" name="mixamorig_LeftHandThumb3" sid="mixamorig_LeftHandThumb3" type="JOINT">
                            <matrix sid="matrix">0.204245 0.863267 0.461578 0.000000 -0.488862 0.498460 -0.715927 3.418400 -0.848114 -0.079423 0.523826 0.000000 0.000000 0.000000 0.000000 1.000000</matrix>
                            <node id="mixamorig_LeftHandThumb4" name="mixamorig_LeftHandThumb4" sid="mixamorig_LeftHandThumb4" type="JOINT">
                              <matrix sid="matrix">0.966428 -0.081336 0.243724 0.000000 0.083865 0.996477 0.000001 2.580600 -0.242865 0.020439 0.969845 0.000000 0.000000 0.000000 0.000000 1.000000</matrix>
                            </node>
                          </node>
                        </node>
                      </node>
                      <node id="mixamorig_LeftHandIndex1" name="mixamorig_LeftHandIndex1" sid="mixamorig_LeftHandIndex1" type="JOINT">
                        <matrix sid="matrix">0.977079 -0.029223 -0.210864 -2.259900 -0.197089 0.250197 -0.947923 9.109300 0.080459 0.967754 0.238702 0.518000 0.000000 0.000000 0.000000 1.000000</matrix>
                        <node id="mixamorig_LeftHandIndex2" name="mixamorig_LeftHandIndex2" sid="mixamorig_LeftHandIndex2" type="JOINT">
                          <matrix sid="matrix">0.998460 0.026255 -0.048876 0.000000 -0.053626 0.682613 -0.728809 3.700000 0.014229 0.730308 0.682970 0.000000 0.000000 0.000000 0.000000 1.000000</matrix>
                          <node id="mixamorig_LeftHandIndex3" name="mixamorig_LeftHandIndex3" sid="mixamorig_LeftHandIndex3" type="JOINT">
                            <matrix sid="matrix">0.996557 -0.079752 -0.022663 0.000000 -0.006618 0.195951 -0.980591 2.850000 0.082645 0.977365 0.194749 0.000000 0.000000 0.000000 0.000000 1.000000</matrix>
                            <node id="mixamorig_LeftHandIndex4" name="mixamorig_LeftHandIndex4" sid="mixamorig_LeftHandIndex4" type="JOINT">
                              <matrix sid="matrix">1.000000 0.000026 -0.000756 0.000000 -0.000026 1.000000 0.000000 2.774900 0.000756 -0.000000 1.000000 0.000000 0.000000 0.000000 0.000000 1.000000</matrix>
                            </node>
                          </node>
                        </node>
                      </node>
                      <node id="mixamorig_LeftHandMiddle1" name="mixamorig_LeftHandMiddle1" sid="mixamorig_LeftHandMiddle1" type="JOINT">
                        <matrix sid="matrix">0.958033 0.054599 -0.281412 0.000000 -0.285371 0.088675 -0.954306 9.533400 -0.027150 0.994563 0.100535 -0.000000 0.000000 0.000000 0.000000 1.000000</matrix>
                        <node id="mixamorig_LeftHandMiddle2" name="mixamorig_LeftHandMiddle2" sid="mixamorig_LeftHandMiddle2" type="JOINT">
                          <matrix sid="matrix">1.000000 0.000413 -0.000277 0.000000 -0.000386 0.294293 -0.955715 3.700000 -0.000313 0.955715 0.294293 0.000000 0.000000 0.000000 0.000000 1.000000</matrix>
                          <node id="mixamorig_LeftHandMiddle3" name="mixamorig_LeftHandMiddle3" sid="mixamorig_LeftHandMiddle3" type="JOINT">
                            <matrix sid="matrix">0.999743 -0.009231 -0.020725 0.000000 0.001609 0.940029 -0.341089 2.950000 0.022631 0.340968 0.939802 0.000000 0.000000 0.000000 0.000000 1.000000</matrix>
                            <node id="mixamorig_LeftHandMiddle4" name="mixamorig_LeftHandMiddle4" sid="mixamorig_LeftHandMiddle4" type="JOINT">
                              <matrix sid="matrix">0.999998 -0.000056 -0.002049 0.000000 0.000056 1.000000 -0.000000 2.952900 0.002049 0.000000 0.999998 0.000000 0.000000 0.000000 0.000000 1.000000</matrix>
                            </node>
                          </node>
                        </node>
                      </node>
                      <node id="mixamorig_LeftHandRing1" name="mixamorig_LeftHandRing1" sid="mixamorig_LeftHandRing1" type="JOINT">
                        <matrix sid="matrix">0.913789 -0.015933 -0.405877 1.865100 -0.392862 0.219197 -0.893091 9.104500 0.103196 0.975551 0.194040 0.043000 0.000000 0.000000 0.000000 1.000000</matrix>
                        <node id="mixamorig_LeftHandRing2" name="mixamorig_LeftHandRing2" sid="mixamorig_LeftHandRing2" type="JOINT">
                          <matrix sid="matrix">0.999855 0.010892 -0.013097 -0.000000 -0.017033 0.629189 -0.777066 3.150000 -0.000223 0.777176 0.629283 0.000000 0.000000 0.000000 0.000000 1.000000</matrix>
                          <node id="mixamorig_LeftHandRing3" name="mixamorig_LeftHandRing3" sid="mixamorig_LeftHandRing3" type="JOINT">
                            <matrix sid="matrix">0.982340 0.187074 -0.003517 0.000000 -0.146307 0.756279 -0.637681 2.950000 -0.116633 0.626934 0.770293 0.000000 0.000000 0.000000 0.000000 1.000000</matrix>
                            <node id="mixamorig_LeftHandRing4" name="mixamorig_LeftHandRing4" sid="mixamorig_LeftHandRing4" type="JOINT">
                              <matrix sid="matrix">1.000000 -0.000031 0.000986 0.000000 0.000031 1.000000 0.000000 2.644300 -0.000986 -0.000000 1.000000 0.000000 0.000000 0.000000 0.000000 1.000000</matrix>
                            </node>
                          </node>
                        </node>
                      </node>
                      <node id="mixamorig_LeftHandPinky1" name="mixamorig_LeftHandPinky1" sid="mixamorig_LeftHandPinky1" type="JOINT">
                        <matrix sid="matrix">0.885392 0.061804 -0.460718 3.806300 -0.376693 0.676121 -0.633216 8.077800 0.272366 0.734193 0.621914 0.486900 0.000000 0.000000 0.000000 1.000000</matrix>
                        <node id="mixamorig_LeftHandPinky2" name="mixamorig_LeftHandPinky2" sid="mixamorig_LeftHandPinky2" type="JOINT">
                          <matrix sid="matrix">1.000000 0.000429 -0.000396 0.000000 -0.000473 0.196581 -0.980487 3.600000 -0.000343 0.980487 0.196582 0.000000 0.000000 0.000000 0.000000 1.000000</matrix>
                          <node id="mixamorig_LeftHandPinky3" name="mixamorig_LeftHandPinky3" sid="mixamorig_LeftHandPinky3" type="JOINT">
                            <matrix sid="matrix">1.000000 0.000159 0.000017 0.000000 -0.000135 0.896508 -0.443027 2.100000 -0.000085 0.443027 0.896508 0.000000 0.000000 0.000000 0.000000 1.000000</matrix>
                            <node id="mixamorig_LeftHandPinky4" name="mixamorig_LeftHandPinky4" sid="mixamorig_LeftHandPinky4" type="JOINT">
                              <matrix sid="matrix">0.999999 0.000590 -0.001567 0.000000 -0.000590 1.000000 -0.000001 2.125500 0.001567 0.000002 0.999999 -0.000000 0.000000 0.000000 0.000000 1.000000</matrix>
                            </node>
                          </node>
                        </node>
                      </node>
                    </node>
                  </node>
                </node>
              </node>
            </node>
          </node>
        </node>
        <node id="mixamorig_RightUpLeg" name="mixamorig_RightUpLeg" sid="mixamorig_RightUpLeg" type="JOINT">
          <matrix sid="matrix">-0.962306 -0.200488 -0.183770 -8.207800 0.138066 -0.942284 0.305023 -6.771800 -0.234317 0.268153 0.934446 -1.512200 0.000000 0.000000 0.000000 1.000000</matrix>
          <node id="mixamorig_RightLeg" name="mixamorig_RightLeg" sid="mixamorig_RightLeg" type="JOINT">
            <matrix sid="matrix">0.992822 -0.033901 0.114692 -0.000000 -0.038892 0.815346 0.577667 44.371498 -0.113098 -0.577981 0.808175 0.000000 0.000000 0.000000 0.000000 1.000000</matrix>
            <node id="mixamorig_RightFoot" name="mixamorig_RightFoot" sid="mixamorig_RightFoot" type="JOINT">
              <matrix sid="matrix">0.983525 -0.085693 0.159170 -0.000000 0.178219 0.312194 -0.933152 44.527802 0.030273 0.946146 0.322323 0.000000 0.000000 0.000000 0.000000 1.000000</matrix>
              <node id="mixamorig_RightToeBase" name="mixamorig_RightToeBase" sid="mixamorig_RightToeBase" type="JOINT">
                <matrix sid="matrix">0.999768 -0.021227 -0.003782 0.000000 0.013713 0.761360 -0.648184 13.816900 0.016639 0.647982 0.761474 0.000000 0.000000 0.000000 0.000000 1.000000</matrix>
                <node id="mixamorig_RightToe_End" name="mixamorig_RightToe_End" sid="mixamorig_RightToe_End" type="JOINT">
                  <matrix sid="matrix">0.999731 0.000000 0.023214 0.000000 0.000000 1.000000 -0.000000 9.278100 -0.023214 0.000000 0.999731 0.000000 0.000000 0.000000 0.000000 1.000000</matrix>
                </node>
              </node>
            </node>
          </node>
        </node>
        <node id="mixamorig_LeftUpLeg" name="mixamorig_LeftUpLeg" sid="mixamorig_LeftUpLeg" type="JOINT">
          <matrix sid="matrix">-0.985689 0.158757 0.056690 8.207800 -0.100392 -0.822972 0.559140 -6.771800 0.135422 0.545447 0.827133 -1.512200 0.000000 0.000000 0.000000 1.000000</matrix>
          <node id="mixamorig_LeftLeg" name="mixamorig_LeftLeg" sid="mixamorig_LeftLeg" type="JOINT">
            <matrix sid="matrix">0.996097 -0.020144 -0.085936 0.000000 0.064550 0.830287 0.553586 44.371399 0.060201 -0.556973 0.828346 0.000000 0.000000 0.000000 0.000000 1.000000</matrix>
            <node id="mixamorig_LeftFoot" name="mixamorig_LeftFoot" sid="mixamorig_LeftFoot" type="JOINT">
              <matrix sid="matrix">0.995182 0.056699 -0.079986 0.000000 -0.098036 0.565048 -0.819213 44.527802 -0.001252 0.823107 0.567885 0.000000 0.000000 0.000000 0.000000 1.000000</matrix>
              <node id="mixamorig_LeftToeBase" name="mixamorig_LeftToeBase" sid="mixamorig_LeftToeBase" type="JOINT">
                <matrix sid="matrix">0.999701 0.024081 -0.004161 0.000000 -0.021222 0.771025 -0.636451 13.816900 -0.012118 0.636349 0.771306 0.000000 0.000000 0.000000 0.000000 1.000000</matrix>
                <node id="mixamorig_LeftToe_End" name="mixamorig_LeftToe_End" sid="mixamorig_LeftToe_End" type="JOINT">
                  <matrix sid="matrix">0.999718 0.000000 -0.023736 0.000000 -0.000000 1.000000 0.000000 9.278100 0.023736 0.000000 0.999718 0.000000 0.000000 0.000000 0.000000 1.000000</matrix>
                </node>
              </node>
            </node>
          </node>
        </node>
      </node>
    </visual_scene>
  </library_visual_scenes>
  <scene>
    <instance_visual_scene url="#RootNode"/>
  </scene>
</COLLADA>
