<?xml version="1.0" encoding="utf-8"?>
<COLLADA xmlns="http://www.collada.org/2005/11/COLLADASchema" version="1.4.1">
  <asset>
    <contributor>
      <author>Mixamo</author>
      <authoring_tool>COLLADA Mixamo exporter</authoring_tool>
      <comments/>
    </contributor>
    <created>2026-01-08T23:49:12Z</created>
    <modified>2026-01-08T23:49:12Z</modified>
    <revision/>
    <title/>
    <unit meter="0.010000"/>
    <up_axis>Y_UP</up_axis>
  </asset>
  <library_animations>
    <animation id="mixamorig_Hips-anim" name="mixamorig_Hips">
      <source id="mixamorig_Hips-Matrix-animation-input">
        <float_array id="mixamorig_Hips-Matrix-animation-input-array" count="69">

0.000000 0.033333 0.066667 0.100000 0.133333 0.166667 0.200000 0.233333 0.266667 0.300000 0.333333 0.366667 0.400000 0.433333 0.466667 0.500000
0.533333 0.566667 0.600000 0.633333 0.666667 0.700000 0.733333 0.766667 0.800000 0.833333 0.866667 0.900000 0.933333 0.966667 1.000000 1.033333
1.066667 1.100000 1.133333 1.166667 1.200000 1.233333 1.266667 1.300000 1.333333 1.366667 1.400000 1.433333 1.466667 1.500000 1.533333 1.566667
1.600000 1.633333 1.666667 1.700000 1.733333 1.766667 1.800000 1.833333 1.866667 1.900000 1.933333 1.966667 2.000000 2.033333 2.066667 2.100000
2.133333 2.166667 2.200000 2.233333 2.266667</float_array>
        <technique_common>
          <accessor source="#mixamorig_Hips-Matrix-animation-input-array" count="69">
            <param name="TIME" type="float"/>
          </accessor>
        </technique_common>
      </source>
      <source id="mixamorig_Hips-Matrix-animation-output-transform">
        <float_array id="mixamorig_Hips-Matrix-animation-output-transform-array" count="1104">

0.636738 -0.137818 -0.758664 -1.315329 0.041849 0.988624 -0.144469 88.255630 0.769944 0.060240 0.635262 1.160996 0.000000 0.000000 0.000000 1.000000
0.625857 -0.126992 -0.769530 -1.336927 0.049082 0.991112 -0.123641 88.481216 0.778392 0.039611 0.626527 1.342957 0.000000 0.000000 0.000000 1.000000
0.614707 -0.115264 -0.780288 -1.322163 0.055778 0.993141 -0.102765 88.743622 0.786781 0.019648 0.616920 1.742195 0.000000 0.000000 0.000000 1.000000
0.596938 -0.099323 -0.796116 -1.263073 0.063934 0.995041 -0.076202 89.046486 0.799736 -0.005411 0.600328 2.379149 0.000000 0.000000 0.000000 1.000000
0.566199 -0.081220 -0.820257 -1.186006 0.078203 0.995938 -0.044634 89.377014 0.820550 -0.038874 0.570251 3.248292 0.000000 0.000000 0.000000 1.000000
0.527884 -0.063282 -0.846956 -1.102276 0.094096 0.995439 -0.015729 89.716255 0.844088 -0.071393 0.531430 4.362678 0.000000 0.000000 0.000000 1.000000
0.494022 -0.048664 -0.868086 -1.019188 0.108340 0.994096 0.005928 90.055046 0.862673 -0.096977 0.496378 5.663445 0.000000 0.000000 0.000000 1.000000
0.481116 -0.043376 -0.875583 -0.965463 0.122411 0.992314 0.018104 90.377174 0.868068 -0.115891 0.482728 7.050475 0.000000 0.000000 0.000000 1.000000
0.496601 -0.055195 -0.866222 -0.992391 0.139596 0.990064 0.016944 90.684036 0.856680 -0.129336 0.499371 8.430983 0.000000 0.000000 0.000000 1.000000
0.535312 -0.061245 -0.842431 -0.945961 0.154758 0.987596 0.026541 91.014236 0.830356 -0.144581 0.538150 9.721200 0.000000 0.000000 0.000000 1.000000
0.587935 -0.065278 -0.806270 -0.854556 0.162725 0.985907 0.038837 91.373856 0.792372 -0.154034 0.590272 10.975852 0.000000 0.000000 0.000000 1.000000
0.650917 -0.070576 -0.755862 -0.721073 0.156522 0.986753 0.042655 91.765785 0.742838 -0.146074 0.653341 12.296888 0.000000 0.000000 0.000000 1.000000
0.719068 -0.075955 -0.690776 -0.463530 0.144034 0.988714 0.041218 92.176834 0.679850 -0.129134 0.721893 13.607117 0.000000 0.000000 0.000000 1.000000
0.789675 -0.079742 -0.608321 -0.046443 0.127146 0.991262 0.035111 92.638748 0.600206 -0.105072 0.792914 14.849722 0.000000 0.000000 0.000000 1.000000
0.857532 -0.077936 -0.508492 0.567548 0.103525 0.994380 0.022178 93.178574 0.503906 -0.071660 0.860781 15.989077 0.000000 0.000000 0.000000 1.000000
0.916402 -0.071936 -0.393741 1.345766 0.080398 0.996750 0.005013 93.753822 0.392101 -0.036250 0.919208 16.865332 0.000000 0.000000 0.000000 1.000000
0.962790 -0.058802 -0.263777 2.281603 0.055622 0.998261 -0.019512 94.349197 0.264465 0.004114 0.964386 17.369490 0.000000 0.000000 0.000000 1.000000
0.990453 -0.037180 -0.132739 3.331455 0.029540 0.997817 -0.059068 94.887169 0.134646 0.054582 0.989389 17.427620 0.000000 0.000000 0.000000 1.000000
0.999884 -0.011237 -0.010293 4.389396 0.010038 0.993888 -0.109937 95.224159 0.011465 0.109821 0.993885 16.978317 0.000000 0.000000 0.000000 1.000000
0.994517 0.018209 0.102982 5.339990 -0.000528 0.985588 -0.169164 95.170547 -0.104578 0.168182 0.980193 16.096886 0.000000 0.000000 0.000000 1.000000
0.981095 0.049676 0.187042 6.027040 -0.009136 0.977305 -0.211640 94.606430 -0.193310 0.205930 0.959283 14.791111 0.000000 0.000000 0.000000 1.000000
0.965773 0.077869 0.247424 6.381154 -0.022286 0.975258 -0.219945 93.595711 -0.258429 0.206903 0.943613 13.154645 0.000000 0.000000 0.000000 1.000000
0.948993 0.089757 0.302252 6.372062 -0.033669 0.981991 -0.185901 92.416573 -0.313495 0.166243 0.934925 11.384727 0.000000 0.000000 0.000000 1.000000
0.940028 0.068836 0.334079 5.867052 -0.019933 0.988837 -0.147660 91.377747 -0.340515 0.132145 0.930907 10.073826 0.000000 0.000000 0.000000 1.000000
0.955143 0.045219 0.292673 4.920430 -0.004704 0.990466 -0.137679 90.723145 -0.296109 0.130126 0.946249 9.724145 0.000000 0.000000 0.000000 1.000000
0.976540 0.032798 0.212825 3.692343 -0.001254 0.989182 -0.146688 90.407951 -0.215333 0.142980 0.966017 10.195724 0.000000 0.000000 0.000000 1.000000
0.983834 0.041619 0.174182 2.480443 -0.008008 0.981872 -0.189377 90.136406 -0.178906 0.184921 0.966332 11.394990 0.000000 0.000000 0.000000 1.000000
0.967835 0.058309 0.244736 1.646582 -0.002403 0.974870 -0.222762 89.719276 -0.251575 0.215008 0.943653 12.500273 0.000000 0.000000 0.000000 1.000000
0.939925 0.073569 0.333361 0.991042 0.013112 0.968003 -0.250597 89.262604 -0.341130 0.239914 0.908885 13.413465 0.000000 0.000000 0.000000 1.000000
0.916721 0.083913 0.390616 0.629674 0.030766 0.959965 -0.278425 88.828667 -0.398341 0.267255 0.877439 13.903305 0.000000 0.000000 0.000000 1.000000
0.893976 0.103533 0.435990 0.493725 0.039681 0.950832 -0.307154 88.585129 -0.446354 0.291889 0.845913 14.148450 0.000000 0.000000 0.000000 1.000000
0.873537 0.127537 0.469752 0.424665 0.042143 0.941625 -0.334016 88.476883 -0.484930 0.311572 0.817169 14.321981 0.000000 0.000000 0.000000 1.000000
0.857013 0.151020 0.492667 0.366592 0.040072 0.933662 -0.355907 88.415596 -0.513734 0.324759 0.794109 14.477794 0.000000 0.000000 0.000000 1.000000
0.845855 0.169200 0.505867 0.363114 0.035235 0.928563 -0.369499 88.408546 -0.532249 0.330367 0.779467 14.534447 0.000000 0.000000 0.000000 1.000000
0.848783 0.173503 0.499465 0.438863 0.023487 0.931323 -0.363435 88.552116 -0.528220 0.320208 0.786416 14.339409 0.000000 0.000000 0.000000 1.000000
0.865261 0.169121 0.471935 0.663121 0.002461 0.939935 -0.341343 88.848106 -0.501316 0.296512 0.812873 13.848250 0.000000 0.000000 0.000000 1.000000
0.885625 0.161376 0.435460 1.027996 -0.018453 0.949170 -0.314222 89.223122 -0.464033 0.270247 0.843587 13.147810 0.000000 0.000000 0.000000 1.000000
0.909177 0.148730 0.388942 1.391706 -0.036017 0.958626 -0.282382 89.643097 -0.414849 0.242727 0.876918 12.353651 0.000000 0.000000 0.000000 1.000000
0.934557 0.134726 0.329321 1.643394 -0.049420 0.965721 -0.254835 90.075058 -0.352365 0.221882 0.909179 11.638424 0.000000 0.000000 0.000000 1.000000
0.957946 0.121707 0.259858 1.722913 -0.060931 0.971219 -0.230263 90.519241 -0.280404 0.204746 0.937791 11.042686 0.000000 0.000000 0.000000 1.000000
0.977396 0.110612 0.180171 1.618152 -0.074056 0.977344 -0.198281 90.963409 -0.198021 0.180456 0.963443 10.455290 0.000000 0.000000 0.000000 1.000000
0.990070 0.097548 0.101223 1.350971 -0.079701 0.982659 -0.167421 91.346916 -0.115799 0.157691 0.980675 9.812006 0.000000 0.000000 0.000000 1.000000
0.996113 0.084896 0.023491 0.986523 -0.080618 0.986104 -0.145258 91.637253 -0.035496 0.142800 0.989115 9.050833 0.000000 0.000000 0.000000 1.000000
0.995818 0.072250 -0.055909 0.552155 -0.078727 0.989158 -0.123971 91.868843 0.046346 0.127854 0.990710 8.082897 0.000000 0.000000 0.000000 1.000000
0.989331 0.056045 -0.134470 0.044187 -0.070708 0.991756 -0.106869 92.053802 0.127372 0.115237 0.985138 6.950654 0.000000 0.000000 0.000000 1.000000
0.976236 0.042946 -0.212414 -0.478716 -0.062518 0.994306 -0.086299 92.210266 0.207498 0.097528 0.973362 5.664101 0.000000 0.000000 0.000000 1.000000
0.957119 0.037120 -0.287308 -0.972002 -0.056438 0.996647 -0.059247 92.350342 0.284145 0.072921 0.956004 4.271097 0.000000 0.000000 0.000000 1.000000
0.933358 0.034274 -0.357307 -1.457052 -0.052032 0.997836 -0.040201 92.417297 0.355156 0.056113 0.933121 2.912278 0.000000 0.000000 0.000000 1.000000
0.905681 0.034135 -0.422583 -1.935647 -0.048881 0.998514 -0.024103 92.454597 0.421132 0.042486 0.906004 1.634834 0.000000 0.000000 0.000000 1.000000
0.872720 0.035879 -0.486902 -2.406057 -0.042761 0.999081 -0.003024 92.491508 0.486346 0.023460 0.873452 0.450805 0.000000 0.000000 0.000000 1.000000
0.841024 0.035482 -0.539833 -2.842554 -0.032474 0.999359 0.015093 92.515068 0.540023 0.004837 0.841637 -0.547606 0.000000 0.000000 0.000000 1.000000
0.811408 0.030912 -0.583663 -3.218523 -0.019929 0.999483 0.025230 92.498215 0.584141 -0.008841 0.811604 -1.320472 0.000000 0.000000 0.000000 1.000000
0.782741 0.022259 -0.621949 -3.510893 -0.004349 0.999531 0.030299 92.401405 0.622332 -0.021011 0.782471 -1.906995 0.000000 0.000000 0.000000 1.000000
0.756830 0.013402 -0.653474 -3.682581 0.012780 0.999295 0.035296 92.180069 0.653487 -0.035065 0.756125 -2.337338 0.000000 0.000000 0.000000 1.000000
0.733699 0.005069 -0.679456 -3.731134 0.026522 0.998996 0.036092 91.900818 0.678957 -0.044501 0.732828 -2.566147 0.000000 0.000000 0.000000 1.000000
0.709452 -0.004712 -0.704738 -3.685493 0.038528 0.998742 0.032108 91.578423 0.703700 -0.049931 0.708740 -2.608708 0.000000 0.000000 0.000000 1.000000
0.686966 -0.018129 -0.726463 -3.572077 0.052466 0.998317 0.024700 91.222061 0.724793 -0.055082 0.686761 -2.513021 0.000000 0.000000 0.000000 1.000000
0.668135 -0.032597 -0.743326 -3.384297 0.064016 0.997854 0.013782 90.843147 0.741281 -0.056793 0.668788 -2.296316 0.000000 0.000000 0.000000 1.000000
0.653064 -0.048384 -0.755755 -3.129192 0.071261 0.997455 -0.002280 90.448997 0.753942 -0.052367 0.654850 -1.992525 0.000000 0.000000 0.000000 1.000000
0.647042 -0.065672 -0.759621 -2.806008 0.075980 0.996878 -0.021464 90.050163 0.758659 -0.043828 0.650012 -1.659741 0.000000 0.000000 0.000000 1.000000
0.645264 -0.080428 -0.759714 -2.415231 0.076640 0.996241 -0.040373 89.660583 0.760105 -0.032173 0.649003 -1.346252 0.000000 0.000000 0.000000 1.000000
0.646553 -0.097782 -0.756577 -2.037096 0.077846 0.995031 -0.062074 89.279900 0.758887 -0.018762 0.650952 -1.068873 0.000000 0.000000 0.000000 1.000000
0.648519 -0.107469 -0.753574 -1.658327 0.073776 0.994197 -0.078293 88.940460 0.757615 -0.004821 0.652684 -0.809032 0.000000 0.000000 0.000000 1.000000
0.648135 -0.119753 -0.752051 -1.392416 0.068553 0.992724 -0.098997 88.628815 0.758434 0.012608 0.651628 -0.506222 0.000000 0.000000 0.000000 1.000000
0.646335 -0.129719 -0.751947 -1.227465 0.066079 0.991257 -0.114205 88.373566 0.760188 0.024126 0.649256 -0.190654 0.000000 0.000000 0.000000 1.000000
0.643636 -0.132804 -0.753721 -1.133496 0.060046 0.990556 -0.123257 88.192902 0.762973 0.034074 0.645532 0.166502 0.000000 0.000000 0.000000 1.000000
0.641038 -0.135163 -0.755514 -1.135146 0.054109 0.989881 -0.131182 88.139183 0.765599 0.043213 0.641865 0.533405 0.000000 0.000000 0.000000 1.000000
0.638559 -0.136327 -0.757402 -1.201408 0.047980 0.989322 -0.137620 88.198784 0.768076 0.051538 0.638282 0.870319 0.000000 0.000000 0.000000 1.000000
0.636738 -0.137818 -0.758664 -1.315328 0.041848 0.988624 -0.144469 88.255630 0.769944 0.060240 0.635262 1.161001 0.000000 0.000000 0.000000 1.000000</float_array>
        <technique_common>
          <accessor source="#mixamorig_Hips-Matrix-animation-output-transform-array" count="69" stride="16">
            <param type="float4x4"/>
          </accessor>
        </technique_common>
      </source>
      <source id="mixamorig_Hips-Interpolations">
        <Name_array id="mixamorig_Hips-Interpolations-array" count="69">
 LINEAR LINEAR LINEAR LINEAR LINEAR LINEAR LINEAR LINEAR LINEAR LINEAR LINEAR
LINEAR LINEAR LINEAR LINEAR LINEAR LINEAR LINEAR LINEAR LINEAR LINEAR LINEAR LINEAR
LINEAR LINEAR LINEAR LINEAR LINEAR LINEAR LINEAR LINEAR LINEAR LINEAR LINEAR LINEAR
LINEAR LINEAR LINEAR LINEAR LINEAR LINEAR LINEAR LINEAR LINEAR LINEAR LINEAR LINEAR
LINEAR LINEAR LINEAR LINEAR LINEAR LINEAR LINEAR LINEAR LINEAR LINEAR LINEAR LINEAR
LINEAR LINEAR LINEAR LINEAR LINEAR LINEAR LINEAR LINEAR LINEAR LINEAR</Name_array>
        <technique_common>
          <accessor source="#mixamorig_Hips-Interpolations-array" count="69">
            <param type="name"/>
          </accessor>
        </technique_common>
      </source>
      <sampler id="mixamorig_Hips-Matrix-animation-transform">
        <input semantic="INPUT" source="#mixamorig_Hips-Matrix-animation-input"/>
        <input semantic="OUTPUT" source="#mixamorig_Hips-Matrix-animation-output-transform"/>
        <input semantic="INTERPOLATION" source="#mixamorig_Hips-Interpolations"/>
      </sampler>
      <channel source="#mixamorig_Hips-Matrix-animation-transform" target="mixamorig_Hips/matrix"/>
    </animation>
    <animation id="mixamorig_Spine-anim" name="mixamorig_Spine">
      <source id="mixamorig_Spine-Matrix-animation-input">
        <float_array id="mixamorig_Spine-Matrix-animation-input-array" count="69">

0.000000 0.033333 0.066667 0.100000 0.133333 0.166667 0.200000 0.233333 0.266667 0.300000 0.333333 0.366667 0.400000 0.433333 0.466667 0.500000
0.533333 0.566667 0.600000 0.633333 0.666667 0.700000 0.733333 0.766667 0.800000 0.833333 0.866667 0.900000 0.933333 0.966667 1.000000 1.033333
1.066667 1.100000 1.133333 1.166667 1.200000 1.233333 1.266667 1.300000 1.333333 1.366667 1.400000 1.433333 1.466667 1.500000 1.533333 1.566667
1.600000 1.633333 1.666667 1.700000 1.733333 1.766667 1.800000 1.833333 1.866667 1.900000 1.933333 1.966667 2.000000 2.033333 2.066667 2.100000
2.133333 2.166667 2.200000 2.233333 2.266667</float_array>
        <technique_common>
          <accessor source="#mixamorig_Spine-Matrix-animation-input-array" count="69">
            <param name="TIME" type="float"/>
          </accessor>
        </technique_common>
      </source>
      <source id="mixamorig_Spine-Matrix-animation-output-transform">
        <float_array id="mixamorig_Spine-Matrix-animation-output-transform-array" count="1104">

0.998093 0.029378 0.054294 -0.000000 -0.027726 0.999137 -0.030934 10.182400 -0.055156 0.029370 0.998046 0.000000 0.000000 0.000000 0.000000 1.000000
0.998614 0.023384 0.047142 0.000000 -0.022033 0.999337 -0.028980 10.182400 -0.047788 0.027901 0.998468 0.000000 0.000000 0.000000 0.000000 1.000000
0.999313 0.015235 0.033775 0.000000 -0.014353 0.999554 -0.026185 10.182400 -0.034159 0.025682 0.999086 0.000000 0.000000 0.000000 0.000000 1.000000
0.999874 0.005278 0.014967 0.000000 -0.004914 0.999693 -0.024271 10.182400 -0.015091 0.024195 0.999593 0.000000 0.000000 0.000000 0.000000 1.000000
0.999956 -0.004559 -0.008174 0.000000 0.004377 0.999745 -0.022167 10.182400 0.008273 0.022130 0.999721 0.000000 0.000000 0.000000 0.000000 1.000000
0.999344 -0.015544 -0.032710 0.000000 0.014942 0.999716 -0.018565 10.182400 0.032990 0.018065 0.999292 0.000000 0.000000 0.000000 0.000000 1.000000
0.997953 -0.026341 -0.058279 0.000000 0.025643 0.999590 -0.012706 10.182400 0.058590 0.011186 0.998219 0.000000 0.000000 0.000000 0.000000 1.000000
0.995747 -0.038019 -0.083922 0.000000 0.037562 0.999270 -0.007021 10.182400 0.084128 0.003839 0.996448 0.000000 0.000000 0.000000 0.000000 1.000000
0.993452 -0.045981 -0.104590 0.000000 0.046242 0.998930 0.000068 10.182400 0.104475 -0.004904 0.994515 0.000000 0.000000 0.000000 0.000000 1.000000
0.991654 -0.049292 -0.119134 0.000000 0.050340 0.998715 0.005798 10.182400 0.118696 -0.011747 0.992861 0.000000 0.000000 0.000000 0.000000 1.000000
0.990725 -0.052063 -0.125510 0.000000 0.053867 0.998487 0.011017 10.182400 0.124746 -0.017675 0.992031 0.000000 0.000000 0.000000 0.000000 1.000000
0.990340 -0.054822 -0.127361 0.000000 0.057474 0.998198 0.017241 10.182400 0.126186 -0.024395 0.991707 0.000000 0.000000 0.000000 0.000000 1.000000
0.990562 -0.055336 -0.125400 -0.000000 0.058698 0.998004 0.023275 10.182400 0.123862 -0.030416 0.991833 0.000000 0.000000 0.000000 0.000000 1.000000
0.991361 -0.053181 -0.119896 0.000000 0.057209 0.997899 0.030405 10.182400 0.118027 -0.037001 0.992321 0.000000 0.000000 0.000000 0.000000 1.000000
0.992090 -0.050707 -0.114832 -0.000000 0.055393 0.997742 0.037992 10.182400 0.112646 -0.044053 0.992658 0.000000 0.000000 0.000000 0.000000 1.000000
0.993034 -0.046886 -0.108099 -0.000000 0.051972 0.997646 0.044725 10.182400 0.105747 -0.050032 0.993134 0.000000 0.000000 0.000000 0.000000 1.000000
0.994423 -0.042610 -0.096477 0.000000 0.047656 0.997580 0.050624 10.182400 0.094086 -0.054940 0.994047 0.000000 0.000000 0.000000 0.000000 1.000000
0.996130 -0.037372 -0.079556 0.000000 0.041832 0.997602 0.055147 10.182400 0.077304 -0.058262 0.995304 0.000000 0.000000 0.000000 0.000000 1.000000
0.997564 -0.031439 -0.062266 -0.000000 0.034853 0.997904 0.054527 10.182400 0.060421 -0.056564 0.996569 0.000000 0.000000 0.000000 0.000000 1.000000
0.998674 -0.025178 -0.044901 -0.000000 0.027405 0.998389 0.049688 10.182400 0.043577 -0.050852 0.997755 0.000000 0.000000 0.000000 0.000000 1.000000
0.999531 -0.021999 -0.021307 -0.000000 0.022754 0.999098 0.035840 10.182400 0.020500 -0.036308 0.999130 0.000000 0.000000 0.000000 0.000000 1.000000
0.999708 -0.024155 0.001176 0.000000 0.024139 0.999640 0.011748 10.182400 -0.001460 -0.011716 0.999930 0.000000 0.000000 0.000000 0.000000 1.000000
0.999391 -0.032140 0.013598 0.000000 0.032390 0.999303 -0.018578 10.182400 -0.012991 0.019008 0.999735 0.000000 0.000000 0.000000 0.000000 1.000000
0.999541 -0.028998 0.008772 0.000000 0.029338 0.998711 -0.041427 10.182400 -0.007560 0.041665 0.999103 -0.000000 0.000000 0.000000 0.000000 1.000000
0.999812 -0.011802 0.015389 0.000000 0.012642 0.998369 -0.055666 10.182400 -0.014707 0.055850 0.998331 0.000000 0.000000 0.000000 0.000000 1.000000
0.999292 0.011307 0.035889 0.000000 -0.008679 0.997327 -0.072553 10.182400 -0.036614 0.072191 0.996719 -0.000000 0.000000 0.000000 0.000000 1.000000
0.998478 0.022953 0.050147 0.000000 -0.018640 0.996220 -0.084844 10.182400 -0.051905 0.083780 0.995132 0.000000 0.000000 0.000000 0.000000 1.000000
0.997974 0.015226 0.061780 0.000000 -0.009196 0.995267 -0.096742 10.182400 -0.062960 0.095978 0.993390 0.000000 0.000000 0.000000 0.000000 1.000000
0.997548 0.005409 0.069777 0.000000 0.002107 0.994236 -0.107195 10.182400 -0.069955 0.107079 0.991786 -0.000000 0.000000 0.000000 0.000000 1.000000
0.997620 0.002933 0.068886 0.000000 0.004863 0.993614 -0.112724 10.182400 -0.068777 0.112791 0.991236 -0.000000 0.000000 0.000000 0.000000 1.000000
0.997724 0.000132 0.067425 0.000000 0.007880 0.992917 -0.118545 10.182400 -0.066963 0.118807 0.990657 -0.000000 0.000000 0.000000 0.000000 1.000000
0.997838 -0.002569 0.065668 0.000000 0.010712 0.992230 -0.123954 10.182400 -0.064839 0.124389 0.990113 0.000000 0.000000 0.000000 0.000000 1.000000
0.997949 -0.004783 0.063840 0.000000 0.012957 0.991658 -0.128248 10.182400 -0.062694 0.128812 0.989685 0.000000 0.000000 0.000000 0.000000 1.000000
0.998050 -0.006123 0.062118 0.000000 0.014217 0.991318 -0.130715 10.182400 -0.060779 0.131344 0.989472 -0.000000 0.000000 0.000000 0.000000 1.000000
0.998183 -0.005886 0.059968 -0.000000 0.013638 0.991460 -0.129693 10.182400 -0.058693 0.130275 0.989739 -0.000000 0.000000 0.000000 0.000000 1.000000
0.998334 -0.005769 0.057409 0.000000 0.012981 0.991936 -0.126072 10.182400 -0.056219 0.126608 0.990358 0.000000 0.000000 0.000000 0.000000 1.000000
0.998494 -0.007291 0.054367 0.000000 0.013777 0.992691 -0.119893 10.182400 -0.053096 0.120461 0.991297 -0.000000 0.000000 0.000000 0.000000 1.000000
0.998679 -0.008422 0.050691 -0.000000 0.014152 0.993407 -0.113762 10.182400 -0.049399 0.114329 0.992214 0.000000 0.000000 0.000000 0.000000 1.000000
0.998819 -0.007134 0.048054 0.000000 0.012238 0.994208 -0.106771 10.182400 -0.047014 0.107233 0.993122 0.000000 0.000000 0.000000 0.000000 1.000000
0.998940 -0.005298 0.045721 0.000000 0.009800 0.995060 -0.098795 10.182400 -0.044972 0.099139 0.994057 -0.000000 0.000000 0.000000 0.000000 1.000000
0.999050 -0.003580 0.043434 -0.000000 0.007587 0.995689 -0.092442 10.182400 -0.042916 0.092684 0.994770 -0.000000 0.000000 0.000000 0.000000 1.000000
0.999225 -0.001903 0.039323 0.000000 0.005274 0.996298 -0.085809 10.182400 -0.039015 0.085950 0.995535 0.000000 0.000000 0.000000 0.000000 1.000000
0.999385 -0.000869 0.035056 -0.000000 0.003596 0.996964 -0.077782 10.182400 -0.034882 0.077860 0.996354 0.000000 0.000000 0.000000 0.000000 1.000000
0.999545 -0.000214 0.030164 0.000000 0.002370 0.997441 -0.071451 10.182400 -0.030071 0.071490 0.996988 0.000000 0.000000 0.000000 0.000000 1.000000
0.999669 0.000517 0.025707 0.000000 0.001171 0.997845 -0.065607 10.182400 -0.025685 0.065615 0.997514 -0.000000 0.000000 0.000000 0.000000 1.000000
0.999756 0.000273 0.022096 0.000000 0.001113 0.998030 -0.062726 10.182400 -0.022069 0.062735 0.997786 -0.000000 0.000000 0.000000 0.000000 1.000000
0.999846 -0.001663 0.017448 -0.000000 0.002743 0.998069 -0.062053 10.182400 -0.017311 0.062091 0.997920 0.000000 0.000000 0.000000 0.000000 1.000000
0.999910 -0.004122 0.012793 0.000000 0.004898 0.998113 -0.061208 10.182400 -0.012517 0.061265 0.998043 0.000000 0.000000 0.000000 0.000000 1.000000
0.999941 -0.007650 0.007683 0.000000 0.008096 0.998174 -0.059853 10.182400 -0.007211 0.059912 0.998178 -0.000000 0.000000 0.000000 0.000000 1.000000
0.999949 -0.009762 0.002462 0.000000 0.009889 0.998227 -0.058689 10.182400 -0.001885 0.058710 0.998273 0.000000 0.000000 0.000000 0.000000 1.000000
0.999935 -0.010955 -0.003069 0.000000 0.010756 0.998220 -0.058665 10.182400 0.003706 0.058628 0.998273 0.000000 0.000000 0.000000 0.000000 1.000000
0.999893 -0.012275 -0.008002 0.000000 0.011788 0.998231 -0.058277 10.182400 0.008703 0.058176 0.998268 0.000000 0.000000 0.000000 0.000000 1.000000
0.999779 -0.017533 -0.011564 0.000000 0.016873 0.998350 -0.054893 10.182400 0.012508 0.054686 0.998425 0.000000 0.000000 0.000000 0.000000 1.000000
0.999749 -0.014992 -0.016641 0.000000 0.014053 0.998379 -0.055149 10.182400 0.017441 0.054902 0.998339 -0.000000 0.000000 0.000000 0.000000 1.000000
0.999717 -0.012086 -0.020487 0.000000 0.010944 0.998430 -0.054943 10.182400 0.021119 0.054703 0.998279 -0.000000 0.000000 0.000000 0.000000 1.000000
0.999733 -0.009321 -0.021148 0.000000 0.008164 0.998501 -0.054116 10.182400 0.021621 0.053929 0.998311 -0.000000 0.000000 0.000000 0.000000 1.000000
0.999807 -0.003640 -0.019325 0.000000 0.002606 0.998579 -0.053224 10.182400 0.019491 0.053163 0.998396 0.000000 0.000000 0.000000 0.000000 1.000000
0.999884 -0.000479 -0.015218 -0.000000 -0.000301 0.998689 -0.051195 10.182400 0.015223 0.051193 0.998573 -0.000000 0.000000 0.000000 0.000000 1.000000
0.999945 0.002217 -0.010284 0.000000 -0.002717 0.998802 -0.048856 10.182400 0.010163 0.048881 0.998753 -0.000000 0.000000 0.000000 0.000000 1.000000
0.999967 0.005468 -0.006009 -0.000000 -0.005741 0.998907 -0.046397 10.182400 0.005749 0.046430 0.998905 0.000000 0.000000 0.000000 0.000000 1.000000
0.999967 0.008108 -0.000104 0.000000 -0.008104 0.998964 -0.044784 10.182400 -0.000259 0.044783 0.998997 -0.000000 0.000000 0.000000 0.000000 1.000000
0.999922 0.010539 0.006769 0.000000 -0.010238 0.999020 -0.043069 10.182400 -0.007217 0.042996 0.999049 0.000000 0.000000 0.000000 0.000000 1.000000
0.999820 0.011965 0.014714 0.000000 -0.011339 0.999055 -0.041969 10.182400 -0.015202 0.041795 0.999011 0.000000 0.000000 0.000000 0.000000 1.000000
0.999626 0.014134 0.023394 0.000000 -0.013199 0.999126 -0.039655 10.182400 -0.023934 0.039332 0.998940 -0.000000 0.000000 0.000000 0.000000 1.000000
0.999354 0.017794 0.031230 0.000000 -0.016607 0.999145 -0.037870 10.182400 -0.031878 0.037327 0.998795 0.000000 0.000000 0.000000 0.000000 1.000000
0.999033 0.020676 0.038814 0.000000 -0.019263 0.999151 -0.036412 10.182400 -0.039534 0.035629 0.998583 -0.000000 0.000000 0.000000 0.000000 1.000000
0.998691 0.024035 0.045155 0.000000 -0.022488 0.999153 -0.034454 10.182400 -0.045945 0.033394 0.998386 0.000000 0.000000 0.000000 0.000000 1.000000
0.998367 0.027037 0.050315 0.000000 -0.025410 0.999142 -0.032699 10.182400 -0.051156 0.031368 0.998198 0.000000 0.000000 0.000000 0.000000 1.000000
0.998093 0.029378 0.054295 0.000000 -0.027726 0.999137 -0.030935 10.182400 -0.055157 0.029371 0.998046 0.000000 0.000000 0.000000 0.000000 1.000000</float_array>
        <technique_common>
          <accessor source="#mixamorig_Spine-Matrix-animation-output-transform-array" count="69" stride="16">
            <param type="float4x4"/>
          </accessor>
        </technique_common>
      </source>
      <source id="mixamorig_Spine-Interpolations">
        <Name_array id="mixamorig_Spine-Interpolations-array" count="69">
 LINEAR LINEAR LINEAR LINEAR LINEAR LINEAR LINEAR LINEAR LINEAR LINEAR LINEAR
LINEAR LINEAR LINEAR LINEAR LINEAR LINEAR LINEAR LINEAR LINEAR LINEAR LINEAR LINEAR
LINEAR LINEAR LINEAR LINEAR LINEAR LINEAR LINEAR LINEAR LINEAR LINEAR LINEAR LINEAR
LINEAR LINEAR LINEAR LINEAR LINEAR LINEAR LINEAR LINEAR LINEAR LINEAR LINEAR LINEAR
LINEAR LINEAR LINEAR LINEAR LINEAR LINEAR LINEAR LINEAR LINEAR LINEAR LINEAR LINEAR
LINEAR LINEAR LINEAR LINEAR LINEAR LINEAR LINEAR LINEAR LINEAR LINEAR</Name_array>
        <technique_common>
          <accessor source="#mixamorig_Spine-Interpolations-array" count="69">
            <param type="name"/>
          </accessor>
        </technique_common>
      </source>
      <sampler id="mixamorig_Spine-Matrix-animation-transform">
        <input semantic="INPUT" source="#mixamorig_Spine-Matrix-animation-input"/>
        <input semantic="OUTPUT" source="#mixamorig_Spine-Matrix-animation-output-transform"/>
        <input semantic="INTERPOLATION" source="#mixamorig_Spine-Interpolations"/>
      </sampler>
      <channel source="#mixamorig_Spine-Matrix-animation-transform" target="mixamorig_Spine/matrix"/>
    </animation>
    <animation id="mixamorig_Spine1-anim" name="mixamorig_Spine1">
      <source id="mixamorig_Spine1-Matrix-animation-input">
        <float_array id="mixamorig_Spine1-Matrix-animation-input-array" count="69">

0.000000 0.033333 0.066667 0.100000 0.133333 0.166667 0.200000 0.233333 0.266667 0.300000 0.333333 0.366667 0.400000 0.433333 0.466667 0.500000
0.533333 0.566667 0.600000 0.633333 0.666667 0.700000 0.733333 0.766667 0.800000 0.833333 0.866667 0.900000 0.933333 0.966667 1.000000 1.033333
1.066667 1.100000 1.133333 1.166667 1.200000 1.233333 1.266667 1.300000 1.333333 1.366667 1.400000 1.433333 1.466667 1.500000 1.533333 1.566667
1.600000 1.633333 1.666667 1.700000 1.733333 1.766667 1.800000 1.833333 1.866667 1.900000 1.933333 1.966667 2.000000 2.033333 2.066667 2.100000
2.133333 2.166667 2.200000 2.233333 2.266667</float_array>
        <technique_common>
          <accessor source="#mixamorig_Spine1-Matrix-animation-input-array" count="69">
            <param name="TIME" type="float"/>
          </accessor>
        </technique_common>
      </source>
      <source id="mixamorig_Spine1-Matrix-animation-output-transform">
        <float_array id="mixamorig_Spine1-Matrix-animation-output-transform-array" count="1104">

0.992503 0.059289 0.106880 0.000000 -0.048004 0.993288 -0.105234 10.002700 -0.112402 0.099314 0.988687 -0.000000 0.000000 0.000000 0.000000 1.000000
0.993050 0.058550 0.102093 0.000000 -0.048165 0.993682 -0.101375 10.002700 -0.107383 0.095753 0.989596 0.000000 0.000000 0.000000 0.000000 1.000000
0.994774 0.054930 0.086071 0.000000 -0.046633 0.994327 -0.095603 10.002700 -0.090834 0.091089 0.991691 -0.000000 0.000000 0.000000 0.000000 1.000000
0.997016 0.048640 0.059945 -0.000000 -0.043044 0.994888 -0.091350 10.002700 -0.064082 0.088497 0.994013 0.000000 0.000000 0.000000 0.000000 1.000000
0.998767 0.042567 0.025528 0.000000 -0.040209 0.995427 -0.086654 10.002700 -0.029100 0.085521 0.995911 -0.000000 0.000000 0.000000 0.000000 1.000000
0.999348 0.034135 -0.011729 0.000000 -0.034955 0.996276 -0.078815 10.002700 0.008995 0.079174 0.996820 0.000000 0.000000 0.000000 0.000000 1.000000
0.998336 0.025758 -0.051584 0.000000 -0.029166 0.997364 -0.066442 10.002700 0.049736 0.067836 0.996456 0.000000 0.000000 0.000000 0.000000 1.000000
0.995600 0.015166 -0.092467 0.000000 -0.020253 0.998318 -0.054326 10.002700 0.091488 0.055959 0.994233 0.000000 0.000000 0.000000 0.000000 1.000000
0.992139 0.009795 -0.124757 0.000000 -0.014846 0.999105 -0.039617 10.002700 0.124258 0.041157 0.991396 0.000000 0.000000 0.000000 0.000000 1.000000
0.989137 0.012207 -0.146486 0.000000 -0.016440 0.999480 -0.027723 10.002700 0.146072 0.029830 0.988824 0.000000 0.000000 0.000000 0.000000 1.000000
0.987996 0.013932 -0.153853 -0.000000 -0.016721 0.999718 -0.016845 10.002700 0.153575 0.019215 0.987950 0.000000 0.000000 0.000000 0.000000 1.000000
0.987915 0.013768 -0.154387 0.000000 -0.014555 0.999886 -0.003967 10.002700 0.154315 0.006166 0.988003 0.000000 0.000000 0.000000 0.000000 1.000000
0.988607 0.014468 -0.149823 0.000000 -0.013383 0.999876 0.008247 10.002700 0.149924 -0.006148 0.988678 0.000000 0.000000 0.000000 0.000000 1.000000
0.990106 0.018411 -0.139107 0.000000 -0.015444 0.999630 0.022374 10.002700 0.139468 -0.020004 0.990025 0.000000 0.000000 0.000000 0.000000 1.000000
0.991376 0.024042 -0.128825 0.000000 -0.019355 0.999109 0.037505 10.002700 0.129612 -0.034688 0.990958 0.000000 0.000000 0.000000 0.000000 1.000000
0.992878 0.033269 -0.114396 0.000000 -0.027584 0.998321 0.050926 10.002700 0.115898 -0.047408 0.992129 0.000000 0.000000 0.000000 0.000000 1.000000
0.995027 0.043983 -0.089369 -0.000000 -0.038463 0.997299 0.062576 10.002700 0.091880 -0.058827 0.994031 0.000000 0.000000 0.000000 0.000000 1.000000
0.996971 0.056579 -0.053355 -0.000000 -0.052723 0.996074 0.071105 10.002700 0.057168 -0.068077 0.996041 0.000000 0.000000 0.000000 0.000000 1.000000
0.997454 0.069242 -0.017080 -0.000000 -0.067913 0.995309 0.068908 10.002700 0.021772 -0.067572 0.997477 0.000000 0.000000 0.000000 0.000000 1.000000
0.996502 0.081443 0.018734 0.000000 -0.082402 0.994913 0.057943 10.002700 -0.013920 -0.059284 0.998144 -0.000000 0.000000 0.000000 0.000000 1.000000
0.993991 0.087363 0.065956 0.000000 -0.089421 0.995574 0.028931 10.002700 -0.063136 -0.034655 0.997403 0.000000 0.000000 0.000000 0.000000 1.000000
0.990373 0.083310 0.110549 0.000000 -0.081638 0.996470 -0.019570 10.002700 -0.111790 0.010356 0.993678 0.000000 0.000000 0.000000 0.000000 1.000000
0.988409 0.068521 0.135468 0.000000 -0.058205 0.995198 -0.078696 10.002700 -0.140210 0.069899 0.987651 0.000000 0.000000 0.000000 0.000000 1.000000
0.989340 0.073365 0.125795 -0.000000 -0.057669 0.990584 -0.124168 10.002700 -0.133720 0.115590 0.984255 -0.000000 0.000000 0.000000 0.000000 1.000000
0.984974 0.106161 0.136224 0.000000 -0.084659 0.984290 -0.154939 10.002700 -0.150532 0.141079 0.978487 0.000000 0.000000 0.000000 0.000000 1.000000
0.973236 0.152627 0.171806 0.000000 -0.118810 0.974109 -0.192344 10.002700 -0.196715 0.166784 0.966171 0.000000 0.000000 0.000000 0.000000 1.000000
0.964412 0.177199 0.196241 0.000000 -0.133101 0.966661 -0.218747 10.002700 -0.228460 0.184843 0.955845 0.000000 0.000000 0.000000 0.000000 1.000000
0.961644 0.164287 0.219658 0.000000 -0.109859 0.964443 -0.240376 10.002700 -0.251339 0.207025 0.945500 -0.000000 0.000000 0.000000 0.000000 1.000000
0.960336 0.147105 0.236886 -0.000000 -0.083738 0.962454 -0.258204 10.002700 -0.265975 0.228126 0.936598 0.000000 0.000000 0.000000 0.000000 1.000000
0.961145 0.142936 0.236154 -0.000000 -0.076909 0.960285 -0.268211 10.002700 -0.265113 0.239627 0.933967 0.000000 0.000000 0.000000 0.000000 1.000000
0.962301 0.138394 0.234146 0.000000 -0.069917 0.957808 -0.278774 10.002700 -0.262847 0.251894 0.931376 -0.000000 0.000000 0.000000 0.000000 1.000000
0.963600 0.134088 0.231291 0.000000 -0.063662 0.955327 -0.288613 10.002700 -0.259658 0.263383 0.929089 0.000000 0.000000 0.000000 0.000000 1.000000
0.964852 0.130631 0.228027 -0.000000 -0.058999 0.953227 -0.296441 10.002700 -0.256086 0.272568 0.927430 0.000000 0.000000 0.000000 0.000000 1.000000
0.965878 0.128638 0.224795 0.000000 -0.056740 0.951949 -0.300956 10.002700 -0.252707 0.277932 0.926765 0.000000 0.000000 0.000000 0.000000 1.000000
0.966824 0.129027 0.220460 0.000000 -0.058884 0.952384 -0.299160 10.002700 -0.248562 0.276254 0.928386 0.000000 0.000000 0.000000 0.000000 1.000000
0.968059 0.128648 0.215203 -0.000000 -0.061817 0.954295 -0.292404 10.002700 -0.242984 0.269761 0.931766 -0.000000 0.000000 0.000000 0.000000 1.000000
0.969880 0.124555 0.209329 -0.000000 -0.062495 0.957852 -0.280383 10.002700 -0.235429 0.258856 0.936785 -0.000000 0.000000 0.000000 0.000000 1.000000
0.971876 0.120960 0.202053 -0.000000 -0.063813 0.961173 -0.268467 10.002700 -0.226682 0.248023 0.941860 0.000000 0.000000 0.000000 0.000000 1.000000
0.972879 0.122369 0.196299 0.000000 -0.069773 0.964329 -0.255344 10.002700 -0.220543 0.234723 0.946713 -0.000000 0.000000 0.000000 0.000000 1.000000
0.973561 0.125320 0.190983 0.000000 -0.077382 0.967575 -0.240439 10.002700 -0.214922 0.219303 0.951690 -0.000000 0.000000 0.000000 0.000000 1.000000
0.974177 0.128588 0.185589 -0.000000 -0.084462 0.969844 -0.228623 10.002700 -0.209391 0.207044 0.955661 -0.000000 0.000000 0.000000 0.000000 1.000000
0.975400 0.131584 0.176862 -0.000000 -0.091934 0.972020 -0.216159 10.002700 -0.200356 0.194582 0.960206 0.000000 0.000000 0.000000 0.000000 1.000000
0.976715 0.133240 0.168149 -0.000000 -0.098396 0.974681 -0.200787 10.002700 -0.190644 0.179566 0.965096 0.000000 0.000000 0.000000 0.000000 1.000000
0.978227 0.134257 0.158261 0.000000 -0.103529 0.976592 -0.188547 10.002700 -0.179870 0.168057 0.969228 -0.000000 0.000000 0.000000 0.000000 1.000000
0.979503 0.135210 0.149308 0.000000 -0.108027 0.978233 -0.177175 10.002700 -0.170014 0.157415 0.972788 0.000000 0.000000 0.000000 0.000000 1.000000
0.980704 0.134377 0.141994 -0.000000 -0.109342 0.979115 -0.171402 10.002700 -0.162061 0.152569 0.974915 0.000000 0.000000 0.000000 0.000000 1.000000
0.982469 0.130827 0.132813 0.000000 -0.107508 0.979616 -0.169691 10.002700 -0.152306 0.152438 0.976507 0.000000 0.000000 0.000000 0.000000 1.000000
0.984511 0.124542 0.123400 0.000000 -0.103052 0.980489 -0.167395 10.002700 -0.141840 0.152085 0.978137 0.000000 0.000000 0.000000 0.000000 1.000000
0.986805 0.115777 0.113190 0.000000 -0.096384 0.981756 -0.163909 10.002700 -0.130102 0.150836 0.979960 0.000000 0.000000 0.000000 0.000000 1.000000
0.988629 0.109827 0.102718 0.000000 -0.092423 0.982606 -0.161072 10.002700 -0.118621 0.149747 0.981583 -0.000000 0.000000 0.000000 0.000000 1.000000
0.990305 0.104896 0.091066 0.000000 -0.089350 0.982966 -0.160609 10.002700 -0.106362 0.150915 0.982808 0.000000 0.000000 0.000000 0.000000 1.000000
0.991955 0.098458 0.079574 0.000000 -0.084837 0.983559 -0.159416 10.002700 -0.093961 0.151383 0.983999 -0.000000 0.000000 0.000000 0.000000 1.000000
0.994065 0.083018 0.070305 -0.000000 -0.071592 0.985814 -0.151804 10.002700 -0.081910 0.145869 0.985907 0.000000 0.000000 0.000000 0.000000 1.000000
0.995029 0.081955 0.056572 0.000000 -0.072517 0.985650 -0.152429 10.002700 -0.068253 0.147569 0.986694 -0.000000 0.000000 0.000000 0.000000 1.000000
0.995720 0.080876 0.044727 0.000000 -0.073222 0.985641 -0.152155 10.002700 -0.056391 0.148229 0.987344 0.000000 0.000000 0.000000 0.000000 1.000000
0.996087 0.079332 0.038941 0.000000 -0.072633 0.985918 -0.150633 10.002700 -0.050343 0.147216 0.987822 -0.000000 0.000000 0.000000 0.000000 1.000000
0.995808 0.083332 0.037725 0.000000 -0.076839 0.985804 -0.149289 10.002700 -0.049630 0.145764 0.988074 -0.000000 0.000000 0.000000 0.000000 1.000000
0.995780 0.082170 0.040871 0.000000 -0.075436 0.986492 -0.145404 10.002700 -0.052267 0.141707 0.988528 0.000000 0.000000 0.000000 0.000000 1.000000
0.995763 0.080037 0.045283 0.000000 -0.072955 0.987340 -0.140846 10.002700 -0.055983 0.136946 0.988995 0.000000 0.000000 0.000000 0.000000 1.000000
0.995729 0.078883 0.047976 -0.000000 -0.071721 0.988097 -0.136092 10.002700 -0.058140 0.132070 0.989534 -0.000000 0.000000 0.000000 0.000000 1.000000
0.995617 0.076673 0.053552 0.000000 -0.068991 0.988719 -0.132944 10.002700 -0.063142 0.128666 0.989676 -0.000000 0.000000 0.000000 0.000000 1.000000
0.995412 0.073899 0.060781 0.000000 -0.065542 0.989404 -0.129554 10.002700 -0.069711 0.124976 0.989708 0.000000 0.000000 0.000000 0.000000 1.000000
0.995148 0.069306 0.069840 0.000000 -0.060019 0.990051 -0.127266 10.002700 -0.077966 0.122457 0.989407 0.000000 0.000000 0.000000 0.000000 1.000000
0.994583 0.066132 0.080200 -0.000000 -0.055997 0.990872 -0.122627 10.002700 -0.087578 0.117472 0.989207 0.000000 0.000000 0.000000 0.000000 1.000000
0.993888 0.065651 0.088752 -0.000000 -0.054843 0.991358 -0.119168 10.002700 -0.095809 0.113572 0.988899 0.000000 0.000000 0.000000 0.000000 1.000000
0.993260 0.063879 0.096717 0.000000 -0.052466 0.991832 -0.116263 10.002700 -0.103353 0.110405 0.988498 0.000000 0.000000 0.000000 0.000000 1.000000
0.992751 0.063111 0.102286 0.000000 -0.051503 0.992327 -0.112402 10.002700 -0.108595 0.106319 0.988384 -0.000000 0.000000 0.000000 0.000000 1.000000
0.992481 0.061793 0.105653 0.000000 -0.050222 0.992785 -0.108880 10.002700 -0.111618 0.102755 0.988424 0.000000 0.000000 0.000000 0.000000 1.000000
0.992497 0.059403 0.106869 -0.000000 -0.048117 0.993281 -0.105246 10.002700 -0.112403 0.099314 0.988687 -0.000000 0.000000 0.000000 0.000000 1.000000</float_array>
        <technique_common>
          <accessor source="#mixamorig_Spine1-Matrix-animation-output-transform-array" count="69" stride="16">
            <param type="float4x4"/>
          </accessor>
        </technique_common>
      </source>
      <source id="mixamorig_Spine1-Interpolations">
        <Name_array id="mixamorig_Spine1-Interpolations-array" count="69">
 LINEAR LINEAR LINEAR LINEAR LINEAR LINEAR LINEAR LINEAR LINEAR LINEAR LINEAR
LINEAR LINEAR LINEAR LINEAR LINEAR LINEAR LINEAR LINEAR LINEAR LINEAR LINEAR LINEAR
LINEAR LINEAR LINEAR LINEAR LINEAR LINEAR LINEAR LINEAR LINEAR LINEAR LINEAR LINEAR
LINEAR LINEAR LINEAR LINEAR LINEAR LINEAR LINEAR LINEAR LINEAR LINEAR LINEAR LINEAR
LINEAR LINEAR LINEAR LINEAR LINEAR LINEAR LINEAR LINEAR LINEAR LINEAR LINEAR LINEAR
LINEAR LINEAR LINEAR LINEAR LINEAR LINEAR LINEAR LINEAR LINEAR LINEAR</Name_array>
        <technique_common>
          <accessor source="#mixamorig_Spine1-Interpolations-array" count="69">
            <param type="name"/>
          </accessor>
        </technique_common>
      </source>
      <sampler id="mixamorig_Spine1-Matrix-animation-transform">
        <input semantic="INPUT" source="#mixamorig_Spine1-Matrix-animation-input"/>
        <input semantic="OUTPUT" source="#mixamorig_Spine1-Matrix-animation-output-transform"/>
        <input semantic="INTERPOLATION" source="#mixamorig_Spine1-Interpolations"/>
      </sampler>
      <channel source="#mixamorig_Spine1-Matrix-animation-transform" target="mixamorig_Spine1/matrix"/>
    </animation>
    <animation id="mixamorig_Spine2-anim" name="mixamorig_Spine2">
      <source id="mixamorig_Spine2-Matrix-animation-input">
        <float_array id="mixamorig_Spine2-Matrix-animation-input-array" count="69">

0.000000 0.033333 0.066667 0.100000 0.133333 0.166667 0.200000 0.233333 0.266667 0.300000 0.333333 0.366667 0.400000 0.433333 0.466667 0.500000
0.533333 0.566667 0.600000 0.633333 0.666667 0.700000 0.733333 0.766667 0.800000 0.833333 0.866667 0.900000 0.933333 0.966667 1.000000 1.033333
1.066667 1.100000 1.133333 1.166667 1.200000 1.233333 1.266667 1.300000 1.333333 1.366667 1.400000 1.433333 1.466667 1.500000 1.533333 1.566667
1.600000 1.633333 1.666667 1.700000 1.733333 1.766667 1.800000 1.833333 1.866667 1.900000 1.933333 1.966667 2.000000 2.033333 2.066667 2.100000
2.133333 2.166667 2.200000 2.233333 2.266667</float_array>
        <technique_common>
          <accessor source="#mixamorig_Spine2-Matrix-animation-input-array" count="69">
            <param name="TIME" type="float"/>
          </accessor>
        </technique_common>
      </source>
      <source id="mixamorig_Spine2-Matrix-animation-output-transform">
        <float_array id="mixamorig_Spine2-Matrix-animation-output-transform-array" count="1104">

0.992503 0.039035 0.115823 0.000000 -0.047960 0.996007 0.075301 9.322100 -0.112421 -0.080292 0.990411 0.000000 0.000000 0.000000 0.000000 1.000000
0.993085 0.036517 0.111577 0.000000 -0.045356 0.995941 0.077740 9.322100 -0.108285 -0.082263 0.990710 0.000000 0.000000 0.000000 0.000000 1.000000
0.994850 0.032937 0.095859 0.000000 -0.040864 0.995799 0.081937 9.322100 -0.092757 -0.085432 0.992017 0.000000 0.000000 0.000000 0.000000 1.000000
0.997162 0.028229 0.069789 0.000000 -0.034108 0.995837 0.084536 9.322100 -0.067112 -0.086676 0.993973 0.000000 0.000000 0.000000 0.000000 1.000000
0.999053 0.024979 0.035638 0.000000 -0.028019 0.995767 0.087537 9.322100 -0.033300 -0.088453 0.995524 -0.000000 0.000000 0.000000 0.000000 1.000000
0.999803 0.019793 -0.001712 0.000000 -0.019546 0.995406 0.093729 9.322100 0.003559 -0.093677 0.995596 0.000000 0.000000 0.000000 0.000000 1.000000
0.999019 0.015134 -0.041629 0.000000 -0.010709 0.994464 0.104527 9.322100 0.042981 -0.103978 0.993650 -0.000000 0.000000 0.000000 0.000000 1.000000
0.996513 0.008635 -0.082994 0.000000 0.000988 0.993340 0.115216 9.322100 0.083436 -0.114896 0.989867 -0.000000 0.000000 0.000000 0.000000 1.000000
0.993336 0.006129 -0.115089 0.000000 0.008783 0.991655 0.128617 9.322100 0.114917 -0.128771 0.984994 -0.000000 0.000000 0.000000 0.000000 1.000000
0.990715 0.009963 -0.135586 0.000000 0.009117 0.990198 0.139375 9.322100 0.135646 -0.139317 0.980913 0.000000 0.000000 0.000000 0.000000 1.000000
0.989776 0.011286 -0.142183 0.000000 0.010189 0.988723 0.149409 9.322100 0.142265 -0.149330 0.978499 0.000000 0.000000 0.000000 0.000000 1.000000
0.989737 0.010335 -0.142529 0.000000 0.012991 0.986744 0.161763 9.322100 0.142312 -0.161954 0.976483 0.000000 0.000000 0.000000 0.000000 1.000000
0.990397 0.010133 -0.137880 0.000000 0.014117 0.984686 0.173763 9.322100 0.137530 -0.174041 0.975087 0.000000 0.000000 0.000000 0.000000 1.000000
0.991873 0.012197 -0.126647 -0.000000 0.011880 0.982167 0.187637 9.322100 0.126677 -0.187617 0.974039 0.000000 0.000000 0.000000 0.000000 1.000000
0.993171 0.016006 -0.115564 -0.000000 0.007774 0.979263 0.202442 9.322100 0.116408 -0.201958 0.972452 0.000000 0.000000 0.000000 0.000000 1.000000
0.994750 0.022664 -0.099791 0.000000 -0.000632 0.976507 0.215484 9.322100 0.102330 -0.214290 0.971395 0.000000 0.000000 0.000000 0.000000 1.000000
0.996887 0.029011 -0.073316 0.000000 -0.011668 0.973890 0.226719 9.322100 0.077980 -0.225158 0.971197 0.000000 0.000000 0.000000 0.000000 1.000000
0.998736 0.035398 -0.035696 0.000000 -0.026047 0.971690 0.234819 9.322100 0.042998 -0.233592 0.971383 0.000000 0.000000 0.000000 0.000000 1.000000
0.999122 0.041849 0.002180 0.000000 -0.041209 0.971744 0.232410 9.322100 0.007607 -0.232296 0.972615 -0.000000 0.000000 0.000000 0.000000 1.000000
0.998067 0.047964 0.039516 0.000000 -0.055554 0.973594 0.221422 9.322100 -0.027852 -0.223190 0.974377 0.000000 0.000000 0.000000 0.000000 1.000000
0.995140 0.046041 0.087045 0.000000 -0.062176 0.979252 0.192870 9.322100 -0.076359 -0.197345 0.977356 -0.000000 0.000000 0.000000 0.000000 1.000000
0.990863 0.034756 0.130316 0.000000 -0.053757 0.987933 0.145251 9.322100 -0.123696 -0.150929 0.980775 -0.000000 0.000000 0.000000 0.000000 1.000000
0.988185 0.016103 0.152416 0.000000 -0.029632 0.995775 0.086912 9.322100 -0.150373 -0.090401 0.984487 -0.000000 0.000000 0.000000 0.000000 1.000000
0.989368 0.022455 0.143690 0.000000 -0.028667 0.998735 0.041309 9.322100 -0.142581 -0.044989 0.988760 0.000000 0.000000 0.000000 0.000000 1.000000
0.985782 0.053181 0.159389 0.000000 -0.055434 0.998415 0.009718 9.322100 -0.158620 -0.018415 0.987168 0.000000 0.000000 0.000000 0.000000 1.000000
0.974897 0.093427 0.202107 -0.000000 -0.089373 0.995573 -0.029112 9.322100 -0.203932 0.010318 0.978931 0.000000 0.000000 0.000000 0.000000 1.000000
0.966456 0.113853 0.230217 0.000000 -0.103527 0.993021 -0.056489 9.322100 -0.235042 0.030761 0.971498 0.000000 0.000000 0.000000 0.000000 1.000000
0.963045 0.097324 0.251143 0.000000 -0.080082 0.993731 -0.078008 9.322100 -0.257160 0.055013 0.964802 0.000000 0.000000 0.000000 0.000000 1.000000
0.961050 0.077567 0.265266 -0.000000 -0.053803 0.993953 -0.095719 9.322100 -0.271087 0.077718 0.959412 -0.000000 0.000000 0.000000 0.000000 1.000000
0.961753 0.073557 0.263859 0.000000 -0.046914 0.993270 -0.105895 9.322100 -0.269872 0.089466 0.958731 0.000000 0.000000 0.000000 0.000000 1.000000
0.962807 0.069378 0.261131 -0.000000 -0.039865 0.992370 -0.116669 9.322100 -0.267233 0.101920 0.958227 0.000000 0.000000 0.000000 0.000000 1.000000
0.964022 0.065569 0.257610 -0.000000 -0.033562 0.991368 -0.126737 9.322100 -0.263697 0.113531 0.957901 -0.000000 0.000000 0.000000 0.000000 1.000000
0.965217 0.062666 0.253827 0.000000 -0.028864 0.990457 -0.134769 9.322100 -0.259851 0.122755 0.957815 -0.000000 0.000000 0.000000 0.000000 1.000000
0.966227 0.061208 0.250317 -0.000000 -0.026588 0.989877 -0.139417 9.322100 -0.256317 0.128053 0.958073 -0.000000 0.000000 0.000000 0.000000 1.000000
0.967238 0.062282 0.246114 0.000000 -0.028742 0.990072 -0.137590 9.322100 -0.252240 0.126008 0.959425 0.000000 0.000000 0.000000 0.000000 1.000000
0.968525 0.062744 0.240877 0.000000 -0.031706 0.990924 -0.130633 9.322100 -0.246887 0.118884 0.961724 -0.000000 0.000000 0.000000 0.000000 1.000000
0.970305 0.059630 0.234419 -0.000000 -0.032437 0.992460 -0.118196 9.322100 -0.239699 0.107082 0.964924 0.000000 0.000000 0.000000 0.000000 1.000000
0.972290 0.057235 0.226662 0.000000 -0.033813 0.993801 -0.105906 9.322100 -0.231318 0.095307 0.968199 -0.000000 0.000000 0.000000 0.000000 1.000000
0.973402 0.059549 0.221228 -0.000000 -0.039845 0.994916 -0.092487 9.322100 -0.225611 0.081212 0.970827 0.000000 0.000000 0.000000 0.000000 1.000000
0.974231 0.063319 0.216483 0.000000 -0.047547 0.995873 -0.077308 9.322100 -0.220485 0.065022 0.973221 0.000000 0.000000 0.000000 0.000000 1.000000
0.975004 0.067417 0.211712 0.000000 -0.054708 0.996363 -0.065333 9.322100 -0.215346 0.052118 0.975146 0.000000 0.000000 0.000000 0.000000 1.000000
0.976417 0.071782 0.203612 0.000000 -0.062273 0.996665 -0.052739 9.322100 -0.206719 0.038815 0.977630 0.000000 0.000000 0.000000 0.000000 1.000000
0.977884 0.074821 0.195306 0.000000 -0.068851 0.996934 -0.037188 9.322100 -0.197489 0.022918 0.980037 0.000000 0.000000 0.000000 0.000000 1.000000
0.979545 0.077419 0.185737 0.000000 -0.074084 0.996943 -0.024841 9.322100 -0.187092 0.010573 0.982286 0.000000 0.000000 0.000000 0.000000 1.000000
0.980956 0.079805 0.177076 -0.000000 -0.078678 0.996810 -0.013390 9.322100 -0.177580 -0.000797 0.984106 -0.000000 0.000000 0.000000 0.000000 1.000000
0.982224 0.080162 0.169735 -0.000000 -0.080042 0.996763 -0.007561 9.322100 -0.169791 -0.006159 0.985461 0.000000 0.000000 0.000000 0.000000 1.000000
0.984003 0.078134 0.160105 -0.000000 -0.078220 0.996919 -0.005777 9.322100 -0.160063 -0.006839 0.987083 0.000000 0.000000 0.000000 0.000000 1.000000
0.985986 0.073440 0.149794 0.000000 -0.073774 0.997269 -0.003335 9.322100 -0.149630 -0.007763 0.988712 0.000000 0.000000 0.000000 0.000000 1.000000
0.988162 0.066427 0.138288 -0.000000 -0.067122 0.997745 0.000362 9.322100 -0.137952 -0.009640 0.990392 0.000000 0.000000 0.000000 0.000000 1.000000
0.989950 0.062245 0.126986 0.000000 -0.063178 0.997997 0.003331 9.322100 -0.126525 -0.011320 0.991899 0.000000 0.000000 0.000000 0.000000 1.000000
0.991626 0.059441 0.114648 0.000000 -0.060291 0.998173 0.003959 9.322100 -0.114203 -0.010838 0.993398 0.000000 0.000000 0.000000 0.000000 1.000000
0.993224 0.055442 0.102139 0.000000 -0.056299 0.998399 0.005522 9.322100 -0.101670 -0.011234 0.994755 0.000000 0.000000 0.000000 0.000000 1.000000
0.995013 0.042461 0.090258 0.000000 -0.043889 0.998940 0.013890 9.322100 -0.089572 -0.017782 0.995822 0.000000 0.000000 0.000000 0.000000 1.000000
0.996084 0.044658 0.076307 0.000000 -0.045835 0.998855 0.013740 9.322100 -0.075606 -0.017184 0.996990 0.000000 0.000000 0.000000 0.000000 1.000000
0.996845 0.046712 0.064172 0.000000 -0.047741 0.998753 0.014594 9.322100 -0.063411 -0.017612 0.997832 -0.000000 0.000000 0.000000 0.000000 1.000000
0.997195 0.047430 0.057906 0.000000 -0.048476 0.998683 0.016797 9.322100 -0.057033 -0.019557 0.998181 0.000000 0.000000 0.000000 0.000000 1.000000
0.996966 0.052943 0.057058 0.000000 -0.054091 0.998359 0.018776 9.322100 -0.055971 -0.021805 0.998194 -0.000000 0.000000 0.000000 0.000000 1.000000
0.996827 0.052758 0.059609 0.000000 -0.054239 0.998251 0.023500 9.322100 -0.058265 -0.026658 0.997945 -0.000000 0.000000 0.000000 0.000000 1.000000
0.996669 0.051522 0.063215 0.000000 -0.053437 0.998150 0.028989 9.322100 -0.061604 -0.032270 0.997579 -0.000000 0.000000 0.000000 0.000000 1.000000
0.996530 0.051646 0.065266 0.000000 -0.053992 0.997938 0.034710 9.322100 -0.063339 -0.038113 0.997264 -0.000000 0.000000 0.000000 0.000000 1.000000
0.996280 0.050319 0.069955 -0.000000 -0.053127 0.997830 0.038883 9.322100 -0.067847 -0.042455 0.996792 0.000000 0.000000 0.000000 0.000000 1.000000
0.995930 0.048209 0.076155 0.000000 -0.051610 0.997726 0.043348 9.322100 -0.073892 -0.047102 0.996153 0.000000 0.000000 0.000000 0.000000 1.000000
0.995507 0.044025 0.083826 -0.000000 -0.048062 0.997749 0.046758 9.322100 -0.081579 -0.050576 0.995383 0.000000 0.000000 0.000000 0.000000 1.000000
0.994820 0.041026 0.093009 -0.000000 -0.046050 0.997557 0.052527 9.322100 -0.090627 -0.056538 0.994279 -0.000000 0.000000 0.000000 0.000000 1.000000
0.994054 0.040987 0.100881 0.000000 -0.046912 0.997267 0.057082 9.322100 -0.098265 -0.061475 0.993260 0.000000 0.000000 0.000000 0.000000 1.000000
0.993362 0.039754 0.107947 0.000000 -0.046540 0.997046 0.061093 9.322100 -0.105199 -0.065711 0.992278 0.000000 0.000000 0.000000 0.000000 1.000000
0.992812 0.039893 0.112839 -0.000000 -0.047555 0.996683 0.066039 9.322100 -0.109830 -0.070930 0.991416 0.000000 0.000000 0.000000 0.000000 1.000000
0.992511 0.039831 0.115478 -0.000000 -0.048202 0.996338 0.070627 9.322100 -0.112242 -0.075664 0.990796 -0.000000 0.000000 0.000000 0.000000 1.000000
0.992503 0.039035 0.115823 -0.000000 -0.047960 0.996007 0.075301 9.322100 -0.112421 -0.080292 0.990411 0.000000 0.000000 0.000000 0.000000 1.000000</float_array>
        <technique_common>
          <accessor source="#mixamorig_Spine2-Matrix-animation-output-transform-array" count="69" stride="16">
            <param type="float4x4"/>
          </accessor>
        </technique_common>
      </source>
      <source id="mixamorig_Spine2-Interpolations">
        <Name_array id="mixamorig_Spine2-Interpolations-array" count="69">
 LINEAR LINEAR LINEAR LINEAR LINEAR LINEAR LINEAR LINEAR LINEAR LINEAR LINEAR
LINEAR LINEAR LINEAR LINEAR LINEAR LINEAR LINEAR LINEAR LINEAR LINEAR LINEAR LINEAR
LINEAR LINEAR LINEAR LINEAR LINEAR LINEAR LINEAR LINEAR LINEAR LINEAR LINEAR LINEAR
LINEAR LINEAR LINEAR LINEAR LINEAR LINEAR LINEAR LINEAR LINEAR LINEAR LINEAR LINEAR
LINEAR LINEAR LINEAR LINEAR LINEAR LINEAR LINEAR LINEAR LINEAR LINEAR LINEAR LINEAR
LINEAR LINEAR LINEAR LINEAR LINEAR LINEAR LINEAR LINEAR LINEAR LINEAR</Name_array>
        <technique_common>
          <accessor source="#mixamorig_Spine2-Interpolations-array" count="69">
            <param type="name"/>
          </accessor>
        </technique_common>
      </source>
      <sampler id="mixamorig_Spine2-Matrix-animation-transform">
        <input semantic="INPUT" source="#mixamorig_Spine2-Matrix-animation-input"/>
        <input semantic="OUTPUT" source="#mixamorig_Spine2-Matrix-animation-output-transform"/>
        <input semantic="INTERPOLATION" source="#mixamorig_Spine2-Interpolations"/>
      </sampler>
      <channel source="#mixamorig_Spine2-Matrix-animation-transform" target="mixamorig_Spine2/matrix"/>
    </animation>
    <animation id="mixamorig_Neck-anim" name="mixamorig_Neck">
      <source id="mixamorig_Neck-Matrix-animation-input">
        <float_array id="mixamorig_Neck-Matrix-animation-input-array" count="69">

0.000000 0.033333 0.066667 0.100000 0.133333 0.166667 0.200000 0.233333 0.266667 0.300000 0.333333 0.366667 0.400000 0.433333 0.466667 0.500000
0.533333 0.566667 0.600000 0.633333 0.666667 0.700000 0.733333 0.766667 0.800000 0.833333 0.866667 0.900000 0.933333 0.966667 1.000000 1.033333
1.066667 1.100000 1.133333 1.166667 1.200000 1.233333 1.266667 1.300000 1.333333 1.366667 1.400000 1.433333 1.466667 1.500000 1.533333 1.566667
1.600000 1.633333 1.666667 1.700000 1.733333 1.766667 1.800000 1.833333 1.866667 1.900000 1.933333 1.966667 2.000000 2.033333 2.066667 2.100000
2.133333 2.166667 2.200000 2.233333 2.266667</float_array>
        <technique_common>
          <accessor source="#mixamorig_Neck-Matrix-animation-input-array" count="69">
            <param name="TIME" type="float"/>
          </accessor>
        </technique_common>
      </source>
      <source id="mixamorig_Neck-Matrix-animation-output-transform">
        <float_array id="mixamorig_Neck-Matrix-animation-output-transform-array" count="1104">

0.986666 -0.015227 0.162045 0.000000 0.021711 0.999030 -0.038316 16.865299 -0.161305 0.041323 0.986039 0.000000 0.000000 0.000000 0.000000 1.000000
0.983790 -0.012619 0.178882 -0.000000 0.018790 0.999284 -0.032846 16.865299 -0.178340 0.035675 0.983322 0.000000 0.000000 0.000000 0.000000 1.000000
0.977434 -0.010178 0.210997 0.000000 0.017132 0.999368 -0.031155 16.865299 -0.210546 0.034067 0.976990 0.000000 0.000000 0.000000 0.000000 1.000000
0.965202 -0.012457 0.261208 0.000000 0.021505 0.999262 -0.031812 16.865299 -0.260619 0.036323 0.964758 0.000000 0.000000 0.000000 0.000000 1.000000
0.945728 -0.014376 0.324641 0.000000 0.030198 0.998586 -0.043752 16.865299 -0.323553 0.051181 0.944825 0.000000 0.000000 0.000000 0.000000 1.000000
0.920005 -0.018089 0.391489 0.000000 0.044043 0.997378 -0.057416 16.865299 -0.389424 0.070065 0.918390 -0.000000 0.000000 0.000000 0.000000 1.000000
0.900018 -0.043819 0.433644 0.000000 0.084125 0.993690 -0.074187 16.865299 -0.427657 0.103249 0.898025 0.000000 0.000000 0.000000 0.000000 1.000000
0.890789 -0.043766 0.452304 0.000000 0.083748 0.994113 -0.068744 16.865299 -0.446633 0.099116 0.889211 0.000000 0.000000 0.000000 0.000000 1.000000
0.892828 -0.044994 0.448144 -0.000000 0.070673 0.996667 -0.040735 16.865299 -0.444818 0.068041 0.893033 0.000000 0.000000 0.000000 0.000000 1.000000
0.899654 -0.061198 0.432293 0.000000 0.079893 0.996485 -0.025198 16.865299 -0.429232 0.057207 0.901381 0.000000 0.000000 0.000000 0.000000 1.000000
0.906166 -0.040417 0.420986 0.000000 0.058179 0.997872 -0.029428 16.865299 -0.418901 0.051159 0.906590 0.000000 0.000000 0.000000 0.000000 1.000000
0.909137 -0.026823 0.415632 -0.000000 0.041131 0.998828 -0.025509 16.865299 -0.414461 0.040287 0.909175 -0.000000 0.000000 0.000000 0.000000 1.000000
0.909209 -0.025323 0.415570 -0.000000 0.031196 0.999486 -0.007350 16.865299 -0.415170 0.019647 0.909531 -0.000000 0.000000 0.000000 0.000000 1.000000
0.912562 -0.029016 0.407909 0.000000 0.025075 0.999573 0.015007 16.865299 -0.408170 -0.003466 0.912899 -0.000000 0.000000 0.000000 0.000000 1.000000
0.919589 -0.053808 0.389180 0.000000 0.039579 0.998225 0.044494 16.865299 -0.390884 -0.025512 0.920086 -0.000000 0.000000 0.000000 0.000000 1.000000
0.930964 -0.085555 0.354947 0.000000 0.053562 0.993643 0.099020 16.865299 -0.361162 -0.073172 0.929628 0.000000 0.000000 0.000000 0.000000 1.000000
0.942483 -0.104898 0.317369 0.000000 0.054248 0.984895 0.164433 16.865299 -0.329824 -0.137758 0.933937 -0.000000 0.000000 0.000000 0.000000 1.000000
0.954422 -0.125249 0.270909 -0.000000 0.082410 0.982990 0.164132 16.865299 -0.286859 -0.134325 0.948509 0.000000 0.000000 0.000000 0.000000 1.000000
0.965297 -0.134104 0.224095 0.000000 0.105517 0.985204 0.135054 16.865299 -0.238890 -0.106721 0.965164 0.000000 0.000000 0.000000 0.000000 1.000000
0.975773 -0.111219 0.188410 -0.000000 0.097189 0.991869 0.082160 16.865299 -0.196016 -0.061858 0.978648 0.000000 0.000000 0.000000 0.000000 1.000000
0.984698 -0.078053 0.155812 -0.000000 0.078516 0.996908 0.003191 16.865299 -0.155580 0.009092 0.987782 0.000000 0.000000 0.000000 0.000000 1.000000
0.991330 -0.068800 0.111944 -0.000000 0.077037 0.994497 -0.070998 16.865299 -0.106443 0.079006 0.991175 -0.000000 0.000000 0.000000 0.000000 1.000000
0.995534 -0.067924 0.065570 0.000000 0.077345 0.985055 -0.153899 16.865299 -0.054136 0.158283 0.985909 0.000000 0.000000 0.000000 0.000000 1.000000
0.998098 -0.053683 0.030312 0.000000 0.059764 0.963218 -0.261992 16.865299 -0.015133 0.263305 0.964594 -0.000000 0.000000 0.000000 0.000000 1.000000
0.999719 -0.015926 0.017574 0.000000 0.020192 0.960228 -0.278485 16.865299 -0.012440 0.278762 0.960280 -0.000000 0.000000 0.000000 0.000000 1.000000
0.999976 0.006974 -0.000197 -0.000000 -0.006861 0.977843 -0.209227 16.865299 -0.001267 0.209224 0.977867 0.000000 0.000000 0.000000 0.000000 1.000000
0.999579 0.009127 -0.027537 -0.000000 -0.012454 0.992305 -0.123187 16.865299 0.026201 0.123478 0.992001 0.000000 0.000000 0.000000 0.000000 1.000000
0.998337 0.034789 -0.045958 0.000000 -0.040102 0.991934 -0.120245 16.865299 0.041405 0.121888 0.991680 -0.000000 0.000000 0.000000 0.000000 1.000000
0.996380 0.064350 -0.055545 -0.000000 -0.070495 0.990640 -0.116886 16.865299 0.047504 0.120379 0.991591 -0.000000 0.000000 0.000000 0.000000 1.000000
0.995564 0.080488 -0.048725 0.000000 -0.082891 0.995329 -0.049489 16.865299 0.044515 0.053308 0.997585 -0.000000 0.000000 0.000000 0.000000 1.000000
0.996031 0.069613 -0.055463 -0.000000 -0.070588 0.997380 -0.015799 16.865299 0.054218 0.019651 0.998336 0.000000 0.000000 0.000000 0.000000 1.000000
0.996668 0.053242 -0.061792 0.000000 -0.053735 0.998535 -0.006334 16.865299 0.061365 0.009633 0.998069 0.000000 0.000000 0.000000 0.000000 1.000000
0.997002 0.041905 -0.065042 -0.000000 -0.042389 0.999083 -0.006080 16.865299 0.064727 0.008819 0.997864 -0.000000 0.000000 0.000000 0.000000 1.000000
0.997186 0.026943 -0.069955 -0.000000 -0.027431 0.999606 -0.006013 16.865299 0.069766 0.007915 0.997532 0.000000 0.000000 0.000000 0.000000 1.000000
0.997825 0.021500 -0.062318 0.000000 -0.021902 0.999743 -0.005777 16.865299 0.062178 0.007129 0.998040 0.000000 0.000000 0.000000 0.000000 1.000000
0.997895 0.034575 -0.054865 0.000000 -0.034776 0.999391 -0.002709 16.865299 0.054738 0.004611 0.998490 0.000000 0.000000 0.000000 0.000000 1.000000
0.998557 0.026508 -0.046703 -0.000000 -0.028363 0.998817 -0.039507 16.865299 0.045601 0.040774 0.998127 0.000000 0.000000 0.000000 0.000000 1.000000
0.999291 0.030049 -0.022700 -0.000000 -0.031835 0.996049 -0.082901 16.865299 0.020119 0.083565 0.996299 0.000000 0.000000 0.000000 0.000000 1.000000
0.999649 0.023003 -0.013137 0.000000 -0.024283 0.993917 -0.107420 16.865299 0.010586 0.107702 0.994127 -0.000000 0.000000 0.000000 0.000000 1.000000
0.999938 0.011104 -0.000648 0.000000 -0.011086 0.990202 -0.139203 16.865299 -0.000904 0.139202 0.990264 0.000000 0.000000 0.000000 0.000000 1.000000
0.999828 -0.013809 0.012398 0.000000 0.015735 0.984998 -0.171846 16.865299 -0.009839 0.172012 0.985046 0.000000 0.000000 0.000000 0.000000 1.000000
0.998991 -0.035553 0.027430 -0.000000 0.040456 0.977667 -0.206230 16.865299 -0.019485 0.207132 0.978119 0.000000 0.000000 0.000000 0.000000 1.000000
0.997968 -0.040604 0.049111 -0.000000 0.051257 0.969390 -0.240116 16.865299 -0.037858 0.242145 0.969501 0.000000 0.000000 0.000000 0.000000 1.000000
0.996363 -0.043536 0.073252 0.000000 0.060259 0.967788 -0.244450 16.865299 -0.060250 0.247975 0.966891 0.000000 0.000000 0.000000 0.000000 1.000000
0.994464 -0.048836 0.093039 0.000000 0.070259 0.967437 -0.243167 16.865299 -0.078134 0.248358 0.965512 0.000000 0.000000 0.000000 0.000000 1.000000
0.992253 -0.054817 0.111484 0.000000 0.080806 0.966397 -0.244023 16.865299 -0.094361 0.251141 0.963340 0.000000 0.000000 0.000000 0.000000 1.000000
0.989521 -0.072338 0.124963 0.000000 0.100655 0.966088 -0.237789 16.865299 -0.103524 0.247875 0.963245 0.000000 0.000000 0.000000 0.000000 1.000000
0.986465 -0.078538 0.143942 0.000000 0.110948 0.966070 -0.233236 16.865299 -0.120741 0.246049 0.961708 -0.000000 0.000000 0.000000 0.000000 1.000000
0.982880 -0.080907 0.165535 0.000000 0.118883 0.964871 -0.234287 16.865299 -0.140765 0.249955 0.957971 0.000000 0.000000 0.000000 0.000000 1.000000
0.977498 -0.114854 0.176938 -0.000000 0.158130 0.954122 -0.254256 16.865299 -0.139618 0.276514 0.950814 0.000000 0.000000 0.000000 0.000000 1.000000
0.972223 -0.129366 0.195054 0.000000 0.177945 0.949906 -0.256933 16.865299 -0.152045 0.284505 0.946541 0.000000 0.000000 0.000000 0.000000 1.000000
0.969283 -0.120897 0.214184 0.000000 0.174788 0.951267 -0.254048 16.865299 -0.173033 0.283681 0.943178 0.000000 0.000000 0.000000 0.000000 1.000000
0.970548 -0.036575 0.238116 0.000000 0.113926 0.940584 -0.319881 16.865299 -0.212269 0.337587 0.917048 0.000000 0.000000 0.000000 0.000000 1.000000
0.966063 -0.046994 0.253995 0.000000 0.127477 0.941963 -0.310573 16.865299 -0.224659 0.332412 0.915986 0.000000 0.000000 0.000000 0.000000 1.000000
0.961312 -0.058144 0.269255 0.000000 0.140273 0.944568 -0.296840 16.865299 -0.237071 0.323125 0.916181 0.000000 0.000000 0.000000 0.000000 1.000000
0.958002 -0.063761 0.279582 0.000000 0.144646 0.949293 -0.279142 16.865299 -0.247607 0.307859 0.918648 -0.000000 0.000000 0.000000 0.000000 1.000000
0.955350 -0.100156 0.277985 0.000000 0.170697 0.955003 -0.242555 16.865299 -0.241183 0.279176 0.929458 0.000000 0.000000 0.000000 0.000000 1.000000
0.955824 -0.093576 0.278647 0.000000 0.160283 0.960560 -0.227230 16.865299 -0.246394 0.261854 0.933125 0.000000 0.000000 0.000000 0.000000 1.000000
0.958012 -0.087978 0.272898 0.000000 0.149774 0.965142 -0.214637 16.865299 -0.244502 0.246498 0.937794 -0.000000 0.000000 0.000000 0.000000 1.000000
0.960105 -0.077955 0.268555 0.000000 0.132767 0.972290 -0.192419 16.865299 -0.246113 0.220398 0.943850 0.000000 0.000000 0.000000 0.000000 1.000000
0.964284 -0.075485 0.253885 0.000000 0.118521 0.980182 -0.158729 16.865299 -0.236872 0.183151 0.954121 0.000000 0.000000 0.000000 0.000000 1.000000
0.968880 -0.057341 0.240797 0.000000 0.089048 0.988413 -0.122926 16.865299 -0.230958 0.140543 0.962760 -0.000000 0.000000 0.000000 0.000000 1.000000
0.973540 -0.037762 0.225374 0.000000 0.061464 0.993178 -0.099091 16.865299 -0.220095 0.110321 0.969220 0.000000 0.000000 0.000000 0.000000 1.000000
0.977914 -0.031209 0.206666 0.000000 0.046744 0.996401 -0.070716 16.865299 -0.203715 0.078814 0.975853 0.000000 0.000000 0.000000 0.000000 1.000000
0.980843 -0.023617 0.193361 -0.000000 0.033648 0.998243 -0.048762 16.865299 -0.191870 0.054334 0.979915 -0.000000 0.000000 0.000000 0.000000 1.000000
0.983504 -0.019024 0.179881 0.000000 0.026247 0.998938 -0.037861 16.865299 -0.178969 0.041958 0.982960 0.000000 0.000000 0.000000 0.000000 1.000000
0.985314 -0.017364 0.169869 0.000000 0.023755 0.999081 -0.035665 16.865299 -0.169094 0.039176 0.984821 0.000000 0.000000 0.000000 0.000000 1.000000
0.986347 -0.016996 0.163803 0.000000 0.023186 0.999084 -0.035955 16.865299 -0.163042 0.039263 0.985838 0.000000 0.000000 0.000000 0.000000 1.000000
0.986666 -0.015231 0.162045 0.000000 0.021714 0.999030 -0.038314 16.865299 -0.161304 0.041322 0.986039 0.000000 0.000000 0.000000 0.000000 1.000000</float_array>
        <technique_common>
          <accessor source="#mixamorig_Neck-Matrix-animation-output-transform-array" count="69" stride="16">
            <param type="float4x4"/>
          </accessor>
        </technique_common>
      </source>
      <source id="mixamorig_Neck-Interpolations">
        <Name_array id="mixamorig_Neck-Interpolations-array" count="69">
 LINEAR LINEAR LINEAR LINEAR LINEAR LINEAR LINEAR LINEAR LINEAR LINEAR LINEAR
LINEAR LINEAR LINEAR LINEAR LINEAR LINEAR LINEAR LINEAR LINEAR LINEAR LINEAR LINEAR
LINEAR LINEAR LINEAR LINEAR LINEAR LINEAR LINEAR LINEAR LINEAR LINEAR LINEAR LINEAR
LINEAR LINEAR LINEAR LINEAR LINEAR LINEAR LINEAR LINEAR LINEAR LINEAR LINEAR LINEAR
LINEAR LINEAR LINEAR LINEAR LINEAR LINEAR LINEAR LINEAR LINEAR LINEAR LINEAR LINEAR
LINEAR LINEAR LINEAR LINEAR LINEAR LINEAR LINEAR LINEAR LINEAR LINEAR</Name_array>
        <technique_common>
          <accessor source="#mixamorig_Neck-Interpolations-array" count="69">
            <param type="name"/>
          </accessor>
        </technique_common>
      </source>
      <sampler id="mixamorig_Neck-Matrix-animation-transform">
        <input semantic="INPUT" source="#mixamorig_Neck-Matrix-animation-input"/>
        <input semantic="OUTPUT" source="#mixamorig_Neck-Matrix-animation-output-transform"/>
        <input semantic="INTERPOLATION" source="#mixamorig_Neck-Interpolations"/>
      </sampler>
      <channel source="#mixamorig_Neck-Matrix-animation-transform" target="mixamorig_Neck/matrix"/>
    </animation>
    <animation id="mixamorig_Head-anim" name="mixamorig_Head">
      <source id="mixamorig_Head-Matrix-animation-input">
        <float_array id="mixamorig_Head-Matrix-animation-input-array" count="69">

0.000000 0.033333 0.066667 0.100000 0.133333 0.166667 0.200000 0.233333 0.266667 0.300000 0.333333 0.366667 0.400000 0.433333 0.466667 0.500000
0.533333 0.566667 0.600000 0.633333 0.666667 0.700000 0.733333 0.766667 0.800000 0.833333 0.866667 0.900000 0.933333 0.966667 1.000000 1.033333
1.066667 1.100000 1.133333 1.166667 1.200000 1.233333 1.266667 1.300000 1.333333 1.366667 1.400000 1.433333 1.466667 1.500000 1.533333 1.566667
1.600000 1.633333 1.666667 1.700000 1.733333 1.766667 1.800000 1.833333 1.866667 1.900000 1.933333 1.966667 2.000000 2.033333 2.066667 2.100000
2.133333 2.166667 2.200000 2.233333 2.266667</float_array>
        <technique_common>
          <accessor source="#mixamorig_Head-Matrix-animation-input-array" count="69">
            <param name="TIME" type="float"/>
          </accessor>
        </technique_common>
      </source>
      <source id="mixamorig_Head-Matrix-animation-output-transform">
        <float_array id="mixamorig_Head-Matrix-animation-output-transform-array" count="1104">

0.917660 0.008294 0.397281 0.000000 -0.041986 0.996209 0.076185 9.341900 -0.395143 -0.086592 0.914529 2.841000 0.000000 0.000000 0.000000 1.000000
0.912908 0.023559 0.407485 -0.000000 -0.055985 0.996125 0.067833 9.341900 -0.404308 -0.084739 0.910689 2.841000 0.000000 0.000000 0.000000 1.000000
0.904966 0.049014 0.422652 -0.000000 -0.080673 0.995090 0.057334 9.341900 -0.417767 -0.085982 0.904477 2.841000 0.000000 0.000000 0.000000 1.000000
0.885991 0.094639 0.453943 0.000000 -0.127785 0.990877 0.042827 9.341900 -0.445748 -0.095951 0.890001 2.841000 0.000000 0.000000 0.000000 1.000000
0.854998 0.149182 0.496712 -0.000000 -0.186690 0.982064 0.026400 9.341900 -0.483865 -0.115304 0.867514 2.841000 0.000000 0.000000 0.000000 1.000000
0.819060 0.196171 0.539127 0.000000 -0.237424 0.971379 0.007250 9.341900 -0.522274 -0.133940 0.842194 2.841000 0.000000 0.000000 0.000000 1.000000
0.785081 0.236889 0.572304 0.000000 -0.290782 0.956785 0.002858 9.341900 -0.546895 -0.168659 0.820037 2.841000 0.000000 0.000000 0.000000 1.000000
0.787039 0.234455 0.570614 0.000000 -0.306610 0.951296 0.032032 9.341900 -0.535313 -0.200167 0.820593 2.841000 0.000000 0.000000 0.000000 1.000000
0.806340 0.219727 0.549123 -0.000000 -0.297618 0.953061 0.055668 9.341900 -0.511116 -0.208316 0.833886 2.841000 0.000000 0.000000 0.000000 1.000000
0.811112 0.231517 0.537120 0.000000 -0.307563 0.949937 0.054999 9.341900 -0.497497 -0.209809 0.841711 2.841000 0.000000 0.000000 0.000000 1.000000
0.822667 0.231692 0.519171 0.000000 -0.305567 0.950271 0.060114 9.341900 -0.479425 -0.208095 0.852554 2.841000 0.000000 0.000000 0.000000 1.000000
0.832981 0.226586 0.504778 0.000000 -0.292561 0.954708 0.054232 9.341900 -0.469627 -0.192853 0.861544 2.841000 0.000000 0.000000 0.000000 1.000000
0.840580 0.216462 0.496558 0.000000 -0.277542 0.959325 0.051633 9.341900 -0.465184 -0.181217 0.866466 2.841000 0.000000 0.000000 0.000000 1.000000
0.850649 0.200716 0.485910 0.000000 -0.262530 0.962941 0.061828 9.341900 -0.455493 -0.180160 0.871819 2.841000 0.000000 0.000000 0.000000 1.000000
0.856374 0.199174 0.476397 0.000000 -0.259153 0.963785 0.062913 9.341900 -0.446613 -0.177337 0.876977 2.841000 0.000000 0.000000 0.000000 1.000000
0.866645 0.204612 0.455039 -0.000000 -0.246321 0.968606 0.033588 9.341900 -0.433881 -0.141195 0.889838 2.841000 0.000000 0.000000 0.000000 1.000000
0.886430 0.199459 0.417683 0.000000 -0.216740 0.976210 -0.006198 9.341900 -0.408982 -0.085034 0.908572 2.841000 0.000000 0.000000 0.000000 1.000000
0.910612 0.187091 0.368488 0.000000 -0.205484 0.978599 0.010936 9.341900 -0.358556 -0.085677 0.929568 2.841000 0.000000 0.000000 0.000000 1.000000
0.933731 0.172078 0.313903 0.000000 -0.191972 0.980833 0.033356 9.341900 -0.302147 -0.091406 0.948869 2.841000 0.000000 0.000000 0.000000 1.000000
0.960464 0.130577 0.245881 -0.000000 -0.151132 0.986268 0.066588 9.341900 -0.233810 -0.101116 0.967010 2.841000 0.000000 0.000000 0.000000 1.000000
0.980814 0.081024 0.177309 -0.000000 -0.101003 0.989147 0.106710 9.341900 -0.166738 -0.122571 0.978353 2.841000 0.000000 0.000000 0.000000 1.000000
0.990438 0.049769 0.128667 0.000000 -0.065637 0.990334 0.122193 9.341900 -0.121342 -0.129470 0.984131 2.841000 0.000000 0.000000 0.000000 1.000000
0.994982 0.024311 0.097056 0.000000 -0.037452 0.990006 0.135964 9.341900 -0.092781 -0.138917 0.985948 2.841000 0.000000 0.000000 0.000000 1.000000
0.996918 -0.011653 0.077579 -0.000000 -0.002488 0.983711 0.179740 9.341900 -0.078410 -0.179379 0.980650 2.841000 0.000000 0.000000 0.000000 1.000000
0.995028 -0.051395 0.085306 0.000000 0.036057 0.984355 0.172470 9.341900 -0.092836 -0.168537 0.981314 2.841000 0.000000 0.000000 0.000000 1.000000
0.988479 -0.059399 0.139216 0.000000 0.045494 0.993844 0.101014 9.341900 -0.144359 -0.093517 0.985096 2.841000 0.000000 0.000000 0.000000 1.000000
0.974002 -0.030118 0.224528 0.000000 0.026705 0.999477 0.018224 9.341900 -0.224960 -0.011754 0.974297 2.841000 0.000000 0.000000 0.000000 1.000000
0.961314 -0.032082 0.273579 0.000000 0.029185 0.999467 0.014651 9.341900 -0.273903 -0.006100 0.961738 2.841000 0.000000 0.000000 0.000000 1.000000
0.952785 -0.044780 0.300325 -0.000000 0.039829 0.998951 0.022591 9.341900 -0.301022 -0.009563 0.953569 2.841000 0.000000 0.000000 0.000000 1.000000
0.956276 -0.057370 0.286784 -0.000000 0.059344 0.998236 0.001814 9.341900 -0.286382 0.015284 0.957994 2.841000 0.000000 0.000000 0.000000 1.000000
0.966274 -0.056292 0.251290 0.000000 0.055642 0.998404 0.009697 9.341900 -0.251434 0.004613 0.967863 2.841000 0.000000 0.000000 0.000000 1.000000
0.977564 -0.058709 0.202291 0.000000 0.051358 0.997822 0.041402 9.341900 -0.204281 -0.030084 0.978450 2.841000 0.000000 0.000000 0.000000 1.000000
0.986156 -0.068724 0.150908 0.000000 0.056672 0.994956 0.082764 9.341900 -0.155834 -0.073066 0.985077 2.841000 0.000000 0.000000 0.000000 1.000000
0.990833 -0.071619 0.114542 0.000000 0.057436 0.990785 0.122660 9.341900 -0.122271 -0.114957 0.985817 2.841000 0.000000 0.000000 0.000000 1.000000
0.992907 -0.072366 0.094331 0.000000 0.058115 0.987588 0.145917 9.341900 -0.103720 -0.139400 0.984789 2.841000 0.000000 0.000000 0.000000 1.000000
0.995302 -0.075612 0.060468 -0.000000 0.065356 0.985504 0.156558 9.341900 -0.071429 -0.151871 0.985816 2.841000 0.000000 0.000000 0.000000 1.000000
0.997604 -0.055568 0.041210 0.000000 0.046103 0.978122 0.202859 9.341900 -0.051581 -0.200473 0.978340 2.841000 0.000000 0.000000 0.000000 1.000000
0.998396 -0.053242 0.019260 -0.000000 0.046345 0.963904 0.262185 9.341900 -0.032525 -0.260872 0.964825 2.841000 0.000000 0.000000 0.000000 1.000000
0.999068 -0.042368 0.008269 0.000000 0.038022 0.954389 0.296133 9.341900 -0.020439 -0.295543 0.955111 2.841000 0.000000 0.000000 0.000000 1.000000
0.999543 -0.029244 0.007643 0.000000 0.025029 0.942556 0.333109 9.341900 -0.016945 -0.332765 0.942857 2.841000 0.000000 0.000000 0.000000 1.000000
0.999658 -0.015135 0.021325 -0.000000 0.006084 0.927715 0.373239 9.341900 -0.025433 -0.372982 0.927490 2.841000 0.000000 0.000000 0.000000 1.000000
0.998868 0.001622 0.047537 0.000000 -0.020565 0.915902 0.400874 9.341900 -0.042889 -0.401398 0.914899 2.841000 0.000000 0.000000 0.000000 1.000000
0.997609 0.004761 0.068945 0.000000 -0.033420 0.906458 0.420970 9.341900 -0.060491 -0.422268 0.904450 2.841000 0.000000 0.000000 0.000000 1.000000
0.995702 0.000141 0.092614 0.000000 -0.038761 0.908837 0.415347 9.341900 -0.084113 -0.417151 0.904936 2.841000 0.000000 0.000000 0.000000 1.000000
0.992519 0.002327 0.122067 -0.000000 -0.051619 0.914056 0.402289 9.341900 -0.110640 -0.405581 0.907339 2.841000 0.000000 0.000000 0.000000 1.000000
0.988457 0.005692 0.151393 0.000000 -0.066139 0.915252 0.397417 9.341900 -0.136301 -0.402842 0.905064 2.841000 0.000000 0.000000 0.000000 1.000000
0.981307 0.022305 0.191151 0.000000 -0.094269 0.921649 0.376400 9.341900 -0.167778 -0.387383 0.906523 2.841000 0.000000 0.000000 0.000000 1.000000
0.974659 0.031122 0.221519 -0.000000 -0.111445 0.926186 0.360222 9.341900 -0.193957 -0.375781 0.906184 2.841000 0.000000 0.000000 0.000000 1.000000
0.967029 0.039247 0.251624 0.000000 -0.127137 0.930519 0.343468 9.341900 -0.220661 -0.364134 0.904829 2.841000 0.000000 0.000000 0.000000 1.000000
0.949682 0.072211 0.304778 0.000000 -0.176519 0.927206 0.330347 9.341900 -0.258737 -0.367524 0.893298 2.841000 0.000000 0.000000 0.000000 1.000000
0.937387 0.085593 0.337610 0.000000 -0.197035 0.929631 0.311390 9.341900 -0.287199 -0.358414 0.888288 2.841000 0.000000 0.000000 0.000000 1.000000
0.929402 0.089710 0.358001 0.000000 -0.202855 0.934517 0.292453 9.341900 -0.308322 -0.344429 0.886739 2.841000 0.000000 0.000000 0.000000 1.000000
0.933714 0.062958 0.352440 0.000000 -0.189682 0.921892 0.337839 9.341900 -0.303642 -0.382297 0.872726 2.841000 0.000000 0.000000 0.000000 1.000000
0.919077 0.080187 0.385834 -0.000000 -0.214864 0.922714 0.320052 9.341900 -0.330351 -0.377054 0.865274 2.841000 0.000000 0.000000 0.000000 1.000000
0.904782 0.096453 0.414808 0.000000 -0.235410 0.924952 0.298404 9.341900 -0.354896 -0.367641 0.859587 2.841000 0.000000 0.000000 0.000000 1.000000
0.891724 0.111802 0.438554 0.000000 -0.251068 0.928434 0.273816 9.341900 -0.376555 -0.354275 0.855976 2.841000 0.000000 0.000000 0.000000 1.000000
0.874430 0.137817 0.465165 0.000000 -0.268607 0.935967 0.227631 9.341900 -0.404008 -0.323994 0.855456 2.841000 0.000000 0.000000 0.000000 1.000000
0.871295 0.136502 0.471394 0.000000 -0.260876 0.942412 0.209293 9.341900 -0.415678 -0.305332 0.856729 2.841000 0.000000 0.000000 0.000000 1.000000
0.868258 0.134143 0.477633 0.000000 -0.255546 0.946133 0.198819 9.341900 -0.425234 -0.294684 0.855767 2.841000 0.000000 0.000000 0.000000 1.000000
0.872543 0.120458 0.473454 0.000000 -0.234196 0.953645 0.188978 9.341900 -0.428743 -0.275772 0.860308 2.841000 0.000000 0.000000 0.000000 1.000000
0.876430 0.111434 0.468458 0.000000 -0.212843 0.962308 0.169296 9.341900 -0.431936 -0.248084 0.867113 2.841000 0.000000 0.000000 0.000000 1.000000
0.887043 0.089642 0.452901 0.000000 -0.179333 0.970841 0.159082 9.341900 -0.425435 -0.222333 0.877253 2.841000 0.000000 0.000000 0.000000 1.000000
0.897060 0.066734 0.436840 0.000000 -0.147245 0.977181 0.153092 9.341900 -0.416655 -0.201655 0.886416 2.841000 0.000000 0.000000 0.000000 1.000000
0.903609 0.051948 0.425196 0.000000 -0.120968 0.983163 0.136959 9.341900 -0.410922 -0.175192 0.894679 2.841000 0.000000 0.000000 0.000000 1.000000
0.910097 0.034436 0.412963 0.000000 -0.092436 0.988302 0.121301 9.341900 -0.403955 -0.148569 0.902634 2.841000 0.000000 0.000000 0.000000 1.000000
0.913807 0.022630 0.405517 0.000000 -0.071565 0.991796 0.105920 9.341900 -0.399793 -0.125812 0.907930 2.841000 0.000000 0.000000 0.000000 1.000000
0.915972 0.014573 0.400977 -0.000000 -0.057023 0.993925 0.094137 9.341900 -0.397170 -0.109092 0.911238 2.841000 0.000000 0.000000 0.000000 1.000000
0.916988 0.010907 0.398765 0.000000 -0.048384 0.995287 0.084039 9.341900 -0.395969 -0.096357 0.913194 2.841000 0.000000 0.000000 0.000000 1.000000
0.917658 0.008297 0.397284 0.000000 -0.041988 0.996210 0.076181 9.341900 -0.395146 -0.086589 0.914528 2.841000 0.000000 0.000000 0.000000 1.000000</float_array>
        <technique_common>
          <accessor source="#mixamorig_Head-Matrix-animation-output-transform-array" count="69" stride="16">
            <param type="float4x4"/>
          </accessor>
        </technique_common>
      </source>
      <source id="mixamorig_Head-Interpolations">
        <Name_array id="mixamorig_Head-Interpolations-array" count="69">
 LINEAR LINEAR LINEAR LINEAR LINEAR LINEAR LINEAR LINEAR LINEAR LINEAR LINEAR
LINEAR LINEAR LINEAR LINEAR LINEAR LINEAR LINEAR LINEAR LINEAR LINEAR LINEAR LINEAR
LINEAR LINEAR LINEAR LINEAR LINEAR LINEAR LINEAR LINEAR LINEAR LINEAR LINEAR LINEAR
LINEAR LINEAR LINEAR LINEAR LINEAR LINEAR LINEAR LINEAR LINEAR LINEAR LINEAR LINEAR
LINEAR LINEAR LINEAR LINEAR LINEAR LINEAR LINEAR LINEAR LINEAR LINEAR LINEAR LINEAR
LINEAR LINEAR LINEAR LINEAR LINEAR LINEAR LINEAR LINEAR LINEAR LINEAR</Name_array>
        <technique_common>
          <accessor source="#mixamorig_Head-Interpolations-array" count="69">
            <param type="name"/>
          </accessor>
        </technique_common>
      </source>
      <sampler id="mixamorig_Head-Matrix-animation-transform">
        <input semantic="INPUT" source="#mixamorig_Head-Matrix-animation-input"/>
        <input semantic="OUTPUT" source="#mixamorig_Head-Matrix-animation-output-transform"/>
        <input semantic="INTERPOLATION" source="#mixamorig_Head-Interpolations"/>
      </sampler>
      <channel source="#mixamorig_Head-Matrix-animation-transform" target="mixamorig_Head/matrix"/>
    </animation>
    <animation id="mixamorig_RightShoulder-anim" name="mixamorig_RightShoulder">
      <source id="mixamorig_RightShoulder-Matrix-animation-input">
        <float_array id="mixamorig_RightShoulder-Matrix-animation-input-array" count="69">

0.000000 0.033333 0.066667 0.100000 0.133333 0.166667 0.200000 0.233333 0.266667 0.300000 0.333333 0.366667 0.400000 0.433333 0.466667 0.500000
0.533333 0.566667 0.600000 0.633333 0.666667 0.700000 0.733333 0.766667 0.800000 0.833333 0.866667 0.900000 0.933333 0.966667 1.000000 1.033333
1.066667 1.100000 1.133333 1.166667 1.200000 1.233333 1.266667 1.300000 1.333333 1.366667 1.400000 1.433333 1.466667 1.500000 1.533333 1.566667
1.600000 1.633333 1.666667 1.700000 1.733333 1.766667 1.800000 1.833333 1.866667 1.900000 1.933333 1.966667 2.000000 2.033333 2.066667 2.100000
2.133333 2.166667 2.200000 2.233333 2.266667</float_array>
        <technique_common>
          <accessor source="#mixamorig_RightShoulder-Matrix-animation-input-array" count="69">
            <param name="TIME" type="float"/>
          </accessor>
        </technique_common>
      </source>
      <source id="mixamorig_RightShoulder-Matrix-animation-output-transform">
        <float_array id="mixamorig_RightShoulder-Matrix-animation-output-transform-array" count="1104">

0.216918 -0.973772 0.068665 -4.570000 -0.047894 -0.080872 -0.995573 11.195800 0.975014 0.212669 -0.064181 -0.806600 0.000000 0.000000 0.000000 1.000000
0.166259 -0.984113 0.062285 -4.570000 -0.060841 -0.073281 -0.995454 11.195800 0.984203 0.161714 -0.072058 -0.806600 0.000000 0.000000 0.000000 1.000000
0.099788 -0.993369 0.057105 -4.570000 -0.079477 -0.065166 -0.994704 11.195800 0.991830 0.094721 -0.085452 -0.806600 0.000000 0.000000 0.000000 1.000000
0.006051 -0.998671 0.051181 -4.570000 -0.101531 -0.051531 -0.993497 11.195800 0.994814 0.000815 -0.101708 -0.806600 0.000000 0.000000 0.000000 1.000000
-0.081100 -0.995484 0.049343 -4.570000 -0.123706 -0.039070 -0.991549 11.195800 0.988999 -0.086518 -0.119979 -0.806600 0.000000 0.000000 0.000000 1.000000
-0.171617 -0.984222 0.043058 -4.570000 -0.144688 -0.018051 -0.989313 11.195800 0.974481 -0.176013 -0.139307 -0.806600 0.000000 0.000000 0.000000 1.000000
-0.236844 -0.971144 0.027995 -4.570000 -0.162971 0.011306 -0.986566 11.195800 0.957781 -0.238225 -0.160946 -0.806600 0.000000 0.000000 0.000000 1.000000
-0.285363 -0.958301 -0.015047 -4.570000 -0.177682 0.068325 -0.981713 11.195800 0.941805 -0.277471 -0.189771 -0.806600 0.000000 0.000000 0.000000 1.000000
-0.340282 -0.938063 -0.065164 -4.570000 -0.184573 0.134583 -0.973561 11.195800 0.922031 -0.319257 -0.218937 -0.806600 0.000000 0.000000 0.000000 1.000000
-0.356245 -0.926978 -0.117479 -4.570000 -0.192855 0.195964 -0.961460 11.195800 0.914274 -0.319859 -0.248583 -0.806600 0.000000 0.000000 0.000000 1.000000
-0.370572 -0.912338 -0.174116 -4.570000 -0.201902 0.262106 -0.943682 11.195800 0.906594 -0.314548 -0.281332 -0.806600 0.000000 0.000000 0.000000 1.000000
-0.374725 -0.901023 -0.218494 -4.570000 -0.212238 0.312773 -0.925812 11.195800 0.902517 -0.300552 -0.308435 -0.806600 0.000000 0.000000 0.000000 1.000000
-0.381376 -0.889898 -0.250267 -4.570000 -0.218404 0.349803 -0.911009 11.195800 0.898249 -0.292778 -0.327764 -0.806600 0.000000 0.000000 0.000000 1.000000
-0.396243 -0.877117 -0.271398 -4.570000 -0.215599 0.376217 -0.901098 11.195800 0.892473 -0.298541 -0.338179 -0.806600 0.000000 0.000000 0.000000 1.000000
-0.405553 -0.867795 -0.287156 -4.570000 -0.209777 0.394127 -0.894795 11.195800 0.889674 -0.302648 -0.341882 -0.806600 0.000000 0.000000 0.000000 1.000000
-0.417188 -0.852773 -0.314219 -4.570000 -0.198814 0.423005 -0.884047 11.195800 0.886807 -0.306343 -0.346016 -0.806600 0.000000 0.000000 0.000000 1.000000
-0.426561 -0.828356 -0.363142 -4.570000 -0.185981 0.473254 -0.861070 11.195800 0.885131 -0.299762 -0.355930 -0.806600 0.000000 0.000000 0.000000 1.000000
-0.409191 -0.835023 -0.367830 -4.570000 -0.188874 0.471907 -0.861180 11.195800 0.892687 -0.282913 -0.350814 -0.806600 0.000000 0.000000 0.000000 1.000000
-0.358150 -0.872307 -0.332881 -4.570000 -0.198986 0.419655 -0.885604 11.195800 0.912213 -0.250940 -0.323876 -0.806600 0.000000 0.000000 0.000000 1.000000
-0.290916 -0.909534 -0.296842 -4.570000 -0.205059 0.362326 -0.909214 11.195800 0.934515 -0.203635 -0.291915 -0.806600 0.000000 0.000000 0.000000 1.000000
-0.218737 -0.920185 -0.324674 -4.570000 -0.198595 0.367749 -0.908471 11.195800 0.955361 -0.134238 -0.263184 -0.806600 0.000000 0.000000 0.000000 1.000000
-0.151611 -0.921585 -0.357344 -4.570000 -0.195552 0.382343 -0.903091 11.195800 0.968903 -0.067039 -0.238185 -0.806600 0.000000 0.000000 0.000000 1.000000
-0.106468 -0.925989 -0.362229 -4.570000 -0.205802 0.376933 -0.903087 11.195800 0.972785 -0.021603 -0.230702 -0.806600 0.000000 0.000000 0.000000 1.000000
-0.020816 -0.925070 -0.379227 -4.570000 -0.262161 0.371087 -0.890823 11.195800 0.964800 0.080874 -0.250242 -0.806600 0.000000 0.000000 0.000000 1.000000
0.056109 -0.970653 -0.233846 -4.570000 -0.279379 0.209595 -0.937026 11.195800 0.958540 0.117907 -0.259420 -0.806600 0.000000 0.000000 0.000000 1.000000
0.123699 -0.991894 -0.029060 -4.570000 -0.267065 -0.005072 -0.963665 11.195800 0.955707 0.126965 -0.265528 -0.806600 0.000000 0.000000 0.000000 1.000000
0.213726 -0.975178 0.057864 -4.570000 -0.251831 -0.112230 -0.961242 11.195800 0.943876 0.190870 -0.269566 -0.806600 0.000000 0.000000 0.000000 1.000000
0.306127 -0.949137 0.073662 -4.570000 -0.223432 -0.146848 -0.963594 11.195800 0.925400 0.278523 -0.257022 -0.806600 0.000000 0.000000 0.000000 1.000000
0.339962 -0.937864 0.069548 -4.570000 -0.212392 -0.148610 -0.965818 11.195800 0.916142 0.313570 -0.249717 -0.806600 0.000000 0.000000 0.000000 1.000000
0.365425 -0.929130 0.056406 -4.570000 -0.210672 -0.141578 -0.967250 11.195800 0.906687 0.341575 -0.247478 -0.806600 0.000000 0.000000 0.000000 1.000000
0.322693 -0.943673 0.073147 -4.570000 -0.225283 -0.151636 -0.962421 11.195800 0.919302 0.294088 -0.261526 -0.806600 0.000000 0.000000 0.000000 1.000000
0.275156 -0.955591 0.105524 -4.570000 -0.246891 -0.176314 -0.952868 11.195800 0.929158 0.236134 -0.284441 -0.806600 0.000000 0.000000 0.000000 1.000000
0.247708 -0.959157 0.136599 -4.570000 -0.269525 -0.203651 -0.941213 11.195800 0.930589 0.196329 -0.308963 -0.806600 0.000000 0.000000 0.000000 1.000000
0.222211 -0.962361 0.156472 -4.570000 -0.291255 -0.218676 -0.931317 11.195800 0.930480 0.161376 -0.328884 -0.806600 0.000000 0.000000 0.000000 1.000000
0.215682 -0.964998 0.149201 -4.570000 -0.307147 -0.212087 -0.927728 11.195800 0.926899 0.154268 -0.342139 -0.806600 0.000000 0.000000 0.000000 1.000000
0.211344 -0.969637 0.123037 -4.570000 -0.321621 -0.187860 -0.928045 11.195800 0.922981 0.156566 -0.351559 -0.806600 0.000000 0.000000 0.000000 1.000000
0.196759 -0.975544 0.097978 -4.570000 -0.337747 -0.161256 -0.927321 11.195800 0.920441 0.149367 -0.361216 -0.806600 0.000000 0.000000 0.000000 1.000000
0.190127 -0.979061 0.072737 -4.570000 -0.353176 -0.137336 -0.925422 11.195800 0.916034 0.150259 -0.371892 -0.806600 0.000000 0.000000 0.000000 1.000000
0.176679 -0.982074 0.065693 -4.570000 -0.366936 -0.127651 -0.921446 11.195800 0.913314 0.138695 -0.382912 -0.806600 0.000000 0.000000 0.000000 1.000000
0.162318 -0.984225 0.070390 -4.570000 -0.375825 -0.127624 -0.917860 11.195800 0.912364 0.122531 -0.390612 -0.806600 0.000000 0.000000 0.000000 1.000000
0.152617 -0.984974 0.080829 -4.570000 -0.377753 -0.133716 -0.916200 11.195800 0.913242 0.109295 -0.392484 -0.806600 0.000000 0.000000 0.000000 1.000000
0.148311 -0.983832 0.100390 -4.570000 -0.372356 -0.149596 -0.915954 11.195800 0.916163 0.098465 -0.388523 -0.806600 0.000000 0.000000 0.000000 1.000000
0.135641 -0.981786 0.133031 -4.570000 -0.362775 -0.174164 -0.915457 11.195800 0.921952 0.075913 -0.379791 -0.806600 0.000000 0.000000 0.000000 1.000000
0.128045 -0.978377 0.162430 -4.570000 -0.350370 -0.197842 -0.915477 11.195800 0.927817 0.060311 -0.368127 -0.806600 0.000000 0.000000 0.000000 1.000000
0.121578 -0.973537 0.193507 -4.570000 -0.334131 -0.223716 -0.915591 11.195800 0.934653 0.046659 -0.352487 -0.806600 0.000000 0.000000 0.000000 1.000000
0.113826 -0.968604 0.221022 -4.570000 -0.314902 -0.246171 -0.916644 11.195800 0.942274 0.034738 -0.333036 -0.806600 0.000000 0.000000 0.000000 1.000000
0.119790 -0.963696 0.238621 -4.570000 -0.292959 -0.263961 -0.918967 11.195800 0.948591 0.040177 -0.313943 -0.806600 0.000000 0.000000 0.000000 1.000000
0.102331 -0.961491 0.255075 -4.570000 -0.276823 -0.273817 -0.921083 11.195800 0.955457 0.023645 -0.294183 -0.806600 0.000000 0.000000 0.000000 1.000000
0.079578 -0.960934 0.265089 -4.570000 -0.263054 -0.276750 -0.924236 11.195800 0.961494 0.003816 -0.274801 -0.806600 0.000000 0.000000 0.000000 1.000000
0.081901 -0.960399 0.266320 -4.570000 -0.244525 -0.278414 -0.928813 11.195800 0.966178 0.010949 -0.257644 -0.806600 0.000000 0.000000 0.000000 1.000000
0.095613 -0.960718 0.260536 -4.570000 -0.222431 -0.275737 -0.935143 11.195800 0.970249 0.031461 -0.240058 -0.806600 0.000000 0.000000 0.000000 1.000000
0.122688 -0.962176 0.243238 -4.570000 -0.196584 -0.263794 -0.944334 11.195800 0.972781 0.068042 -0.221513 -0.806600 0.000000 0.000000 0.000000 1.000000
0.169810 -0.967850 0.185554 -4.570000 -0.180084 -0.215594 -0.959734 11.195800 0.968883 0.129557 -0.210905 -0.806600 0.000000 0.000000 0.000000 1.000000
0.241793 -0.957249 0.158776 -4.570000 -0.154803 -0.199591 -0.967574 11.195800 0.957900 0.209374 -0.196445 -0.806600 0.000000 0.000000 0.000000 1.000000
0.318465 -0.939067 0.129357 -4.570000 -0.135560 -0.180176 -0.974249 11.195800 0.938192 0.292728 -0.184680 -0.806600 0.000000 0.000000 0.000000 1.000000
0.379270 -0.920040 0.098386 -4.570000 -0.124235 -0.156002 -0.979913 11.195800 0.916908 0.359429 -0.173468 -0.806600 0.000000 0.000000 0.000000 1.000000
0.412412 -0.906968 0.085586 -4.570000 -0.107992 -0.141958 -0.983964 11.195800 0.904574 0.396556 -0.156490 -0.806600 0.000000 0.000000 0.000000 1.000000
0.426547 -0.902318 0.062294 -4.570000 -0.098257 -0.114694 -0.988530 11.195800 0.899113 0.415533 -0.137581 -0.806600 0.000000 0.000000 0.000000 1.000000
0.431409 -0.901249 0.040444 -4.570000 -0.086399 -0.085899 -0.992551 11.195800 0.898010 0.424701 -0.114925 -0.806600 0.000000 0.000000 0.000000 1.000000
0.431776 -0.901363 0.033379 -4.570000 -0.065950 -0.068456 -0.995472 11.195800 0.899567 0.427619 -0.089002 -0.806600 0.000000 0.000000 0.000000 1.000000
0.424580 -0.904912 0.029439 -4.570000 -0.045878 -0.053977 -0.997488 11.195800 0.904227 0.422162 -0.064433 -0.806600 0.000000 0.000000 0.000000 1.000000
0.410129 -0.911545 0.029673 -4.570000 -0.030826 -0.046372 -0.998449 11.195800 0.911506 0.408578 -0.047118 -0.806600 0.000000 0.000000 0.000000 1.000000
0.390335 -0.920011 0.034911 -4.570000 -0.023361 -0.047804 -0.998584 11.195800 0.920377 0.388966 -0.040152 -0.806600 0.000000 0.000000 0.000000 1.000000
0.363830 -0.930507 0.042239 -4.570000 -0.021168 -0.053595 -0.998338 11.195800 0.931225 0.362331 -0.039196 -0.806600 0.000000 0.000000 0.000000 1.000000
0.333243 -0.941590 0.048548 -4.570000 -0.023996 -0.059944 -0.997913 11.195800 0.942536 0.331383 -0.042570 -0.806600 0.000000 0.000000 0.000000 1.000000
0.300746 -0.952095 0.055380 -4.570000 -0.029599 -0.067358 -0.997290 11.195800 0.953245 0.298291 -0.048439 -0.806600 0.000000 0.000000 0.000000 1.000000
0.268631 -0.961248 0.061961 -4.570000 -0.036474 -0.074430 -0.996559 11.195800 0.962552 0.265446 -0.055055 -0.806600 0.000000 0.000000 0.000000 1.000000
0.239219 -0.968587 0.067923 -4.570000 -0.042845 -0.080416 -0.995840 11.195800 0.970020 0.235313 -0.060736 -0.806600 0.000000 0.000000 0.000000 1.000000
0.216922 -0.973771 0.068667 -4.570000 -0.047894 -0.080874 -0.995573 11.195800 0.975013 0.212673 -0.064181 -0.806600 0.000000 0.000000 0.000000 1.000000</float_array>
        <technique_common>
          <accessor source="#mixamorig_RightShoulder-Matrix-animation-output-transform-array" count="69" stride="16">
            <param type="float4x4"/>
          </accessor>
        </technique_common>
      </source>
      <source id="mixamorig_RightShoulder-Interpolations">
        <Name_array id="mixamorig_RightShoulder-Interpolations-array" count="69">
 LINEAR LINEAR LINEAR LINEAR LINEAR LINEAR LINEAR LINEAR LINEAR LINEAR LINEAR
LINEAR LINEAR LINEAR LINEAR LINEAR LINEAR LINEAR LINEAR LINEAR LINEAR LINEAR LINEAR
LINEAR LINEAR LINEAR LINEAR LINEAR LINEAR LINEAR LINEAR LINEAR LINEAR LINEAR LINEAR
LINEAR LINEAR LINEAR LINEAR LINEAR LINEAR LINEAR LINEAR LINEAR LINEAR LINEAR LINEAR
LINEAR LINEAR LINEAR LINEAR LINEAR LINEAR LINEAR LINEAR LINEAR LINEAR LINEAR LINEAR
LINEAR LINEAR LINEAR LINEAR LINEAR LINEAR LINEAR LINEAR LINEAR LINEAR</Name_array>
        <technique_common>
          <accessor source="#mixamorig_RightShoulder-Interpolations-array" count="69">
            <param type="name"/>
          </accessor>
        </technique_common>
      </source>
      <sampler id="mixamorig_RightShoulder-Matrix-animation-transform">
        <input semantic="INPUT" source="#mixamorig_RightShoulder-Matrix-animation-input"/>
        <input semantic="OUTPUT" source="#mixamorig_RightShoulder-Matrix-animation-output-transform"/>
        <input semantic="INTERPOLATION" source="#mixamorig_RightShoulder-Interpolations"/>
      </sampler>
      <channel source="#mixamorig_RightShoulder-Matrix-animation-transform" target="mixamorig_RightShoulder/matrix"/>
    </animation>
    <animation id="mixamorig_RightArm-anim" name="mixamorig_RightArm">
      <source id="mixamorig_RightArm-Matrix-animation-input">
        <float_array id="mixamorig_RightArm-Matrix-animation-input-array" count="69">

0.000000 0.033333 0.066667 0.100000 0.133333 0.166667 0.200000 0.233333 0.266667 0.300000 0.333333 0.366667 0.400000 0.433333 0.466667 0.500000
0.533333 0.566667 0.600000 0.633333 0.666667 0.700000 0.733333 0.766667 0.800000 0.833333 0.866667 0.900000 0.933333 0.966667 1.000000 1.033333
1.066667 1.100000 1.133333 1.166667 1.200000 1.233333 1.266667 1.300000 1.333333 1.366667 1.400000 1.433333 1.466667 1.500000 1.533333 1.566667
1.600000 1.633333 1.666667 1.700000 1.733333 1.766667 1.800000 1.833333 1.866667 1.900000 1.933333 1.966667 2.000000 2.033333 2.066667 2.100000
2.133333 2.166667 2.200000 2.233333 2.266667</float_array>
        <technique_common>
          <accessor source="#mixamorig_RightArm-Matrix-animation-input-array" count="69">
            <param name="TIME" type="float"/>
          </accessor>
        </technique_common>
      </source>
      <source id="mixamorig_RightArm-Matrix-animation-output-transform">
        <float_array id="mixamorig_RightArm-Matrix-animation-output-transform-array" count="1104">

0.916700 -0.293854 0.270760 0.000000 0.393968 0.551562 -0.735234 10.838200 0.066710 0.780659 0.621386 0.000000 0.000000 0.000000 0.000000 1.000000
0.917088 -0.290652 0.272892 0.000000 0.393916 0.555051 -0.732631 10.838200 0.061472 0.779384 0.623524 0.000000 0.000000 0.000000 0.000000 1.000000
0.917827 -0.302635 0.256916 -0.000000 0.390696 0.573915 -0.719707 10.838200 0.070361 0.760943 0.644993 -0.000000 0.000000 0.000000 0.000000 1.000000
0.928778 -0.300519 0.216933 0.000000 0.363447 0.623736 -0.691996 10.838200 0.072649 0.721555 0.688535 0.000000 0.000000 0.000000 0.000000 1.000000
0.943705 -0.277086 0.180676 0.000000 0.327580 0.706950 -0.626828 10.838200 0.045956 0.650726 0.757921 0.000000 0.000000 0.000000 0.000000 1.000000
0.961597 -0.213680 0.172257 0.000000 0.272653 0.815708 -0.510177 10.838200 -0.031497 0.537551 0.842643 0.000000 0.000000 0.000000 0.000000 1.000000
0.959670 -0.153957 0.235223 0.000000 0.228637 0.914281 -0.334387 10.838200 -0.163579 0.374682 0.912609 0.000000 0.000000 0.000000 0.000000 1.000000
0.916603 -0.137421 0.375439 0.000000 0.200715 0.970322 -0.134864 10.838200 -0.345764 0.198973 0.916983 0.000000 0.000000 0.000000 0.000000 1.000000
0.831838 -0.179877 0.525062 0.000000 0.190428 0.981098 0.034418 10.838200 -0.521328 0.071356 0.850368 0.000000 0.000000 0.000000 0.000000 1.000000
0.736020 -0.270003 0.620784 0.000000 0.235036 0.961895 0.139701 10.838200 -0.634849 0.043084 0.771434 0.000000 0.000000 0.000000 0.000000 1.000000
0.644200 -0.330655 0.689692 0.000000 0.293836 0.939518 0.175973 10.838200 -0.706164 0.089294 0.702395 0.000000 0.000000 0.000000 0.000000 1.000000
0.558370 -0.343176 0.755283 0.000000 0.306320 0.931378 0.196730 10.838200 -0.770967 0.121509 0.625176 0.000000 0.000000 0.000000 0.000000 1.000000
0.494557 -0.300705 0.815469 0.000000 0.257616 0.946797 0.192896 10.838200 -0.830089 0.114679 0.545712 -0.000000 0.000000 0.000000 0.000000 1.000000
0.447661 -0.221497 0.866336 -0.000000 0.159005 0.973114 0.166635 10.838200 -0.879953 0.063156 0.470844 0.000000 0.000000 0.000000 0.000000 1.000000
0.385063 -0.147745 0.910988 0.000000 0.054393 0.989020 0.137409 10.838200 -0.921286 -0.003360 0.388871 0.000000 0.000000 0.000000 0.000000 1.000000
0.314968 -0.093369 0.944499 0.000000 0.005143 0.995303 0.096677 10.838200 -0.949089 -0.025593 0.313968 0.000000 0.000000 0.000000 0.000000 1.000000
0.261917 -0.086594 0.961198 -0.000000 0.009287 0.996147 0.087212 10.838200 -0.965046 -0.013915 0.261712 0.000000 0.000000 0.000000 0.000000 1.000000
0.236360 -0.158880 0.958588 0.000000 0.022608 0.987173 0.158044 10.838200 -0.971402 -0.015684 0.236920 0.000000 0.000000 0.000000 0.000000 1.000000
0.225565 -0.291685 0.929537 0.000000 0.063831 0.956502 0.284657 10.838200 -0.972135 -0.004875 0.234373 0.000000 0.000000 0.000000 0.000000 1.000000
0.238514 -0.356579 0.903306 0.000000 0.076630 0.934161 0.348526 10.838200 -0.968111 -0.013908 0.250135 0.000000 0.000000 0.000000 0.000000 1.000000
0.243203 -0.411015 0.878589 0.000000 0.106912 0.911625 0.396875 10.838200 -0.964065 -0.002589 0.265652 0.000000 0.000000 0.000000 0.000000 1.000000
0.237329 -0.325482 0.915279 0.000000 0.071563 0.945496 0.317672 10.838200 -0.968790 -0.009892 0.247686 0.000000 0.000000 0.000000 0.000000 1.000000
0.190688 -0.222208 0.956170 0.000000 0.040528 0.974995 0.218500 10.838200 -0.980814 -0.002913 0.194926 -0.000000 0.000000 0.000000 0.000000 1.000000
0.224698 0.009436 0.974383 -0.000000 -0.017871 0.999825 -0.005561 10.838200 -0.974265 -0.016163 0.224827 0.000000 0.000000 0.000000 0.000000 1.000000
0.336683 0.315008 0.887364 -0.000000 -0.194685 0.945307 -0.261710 10.838200 -0.921272 -0.084643 0.379596 0.000000 0.000000 0.000000 0.000000 1.000000
0.398210 0.641851 0.655330 0.000000 -0.430917 0.761573 -0.484063 10.838200 -0.809777 -0.089635 0.579850 -0.000000 0.000000 0.000000 0.000000 1.000000
0.530147 0.761473 0.372966 0.000000 -0.539208 0.642235 -0.544783 10.838200 -0.654369 0.087709 0.751071 0.000000 0.000000 0.000000 0.000000 1.000000
0.686884 0.726251 0.027385 0.000000 -0.617163 0.602780 -0.505733 10.838200 -0.383796 0.330479 0.862256 0.000000 0.000000 0.000000 0.000000 1.000000
0.770546 0.628781 -0.104370 0.000000 -0.612294 0.684733 -0.395269 10.838200 -0.177072 0.368478 0.912617 0.000000 0.000000 0.000000 0.000000 1.000000
0.757114 0.632865 -0.162049 -0.000000 -0.650999 0.710166 -0.268075 10.838200 -0.054574 0.308457 0.949671 0.000000 0.000000 0.000000 0.000000 1.000000
0.645339 0.747418 -0.157806 0.000000 -0.763896 0.631269 -0.134026 10.838200 -0.000555 0.207040 0.978332 0.000000 0.000000 0.000000 0.000000 1.000000
0.538150 0.835587 -0.110405 0.000000 -0.842722 0.535706 -0.053276 10.838200 0.014628 0.121711 0.992458 0.000000 0.000000 0.000000 0.000000 1.000000
0.469526 0.880409 -0.066519 -0.000000 -0.882905 0.467767 -0.040905 10.838200 -0.004897 0.077936 0.996946 0.000000 0.000000 0.000000 0.000000 1.000000
0.412508 0.910376 -0.032458 -0.000000 -0.909709 0.409821 -0.066901 10.838200 -0.047603 0.057124 0.997232 -0.000000 0.000000 0.000000 0.000000 1.000000
0.358973 0.933316 -0.007781 0.000000 -0.927282 0.355679 -0.116794 10.838200 -0.106238 0.049141 0.993126 0.000000 0.000000 0.000000 0.000000 1.000000
0.285750 0.958258 0.009369 0.000000 -0.944919 0.283374 -0.163789 10.838200 -0.159607 0.037950 0.986451 0.000000 0.000000 0.000000 0.000000 1.000000
0.191924 0.981351 0.010711 0.000000 -0.961511 0.190208 -0.198286 10.838200 -0.196625 0.027757 0.980086 0.000000 0.000000 0.000000 0.000000 1.000000
0.107746 0.994162 -0.005791 0.000000 -0.967418 0.103502 -0.231062 10.838200 -0.229113 0.030499 0.972922 0.000000 0.000000 0.000000 0.000000 1.000000
0.039508 0.998364 -0.041340 0.000000 -0.967335 0.027846 -0.251968 10.838200 -0.250404 0.049944 0.966852 0.000000 0.000000 0.000000 0.000000 1.000000
0.006363 0.996103 -0.087970 0.000000 -0.965884 -0.016654 -0.258440 10.838200 -0.258898 0.086613 0.962013 -0.000000 0.000000 0.000000 0.000000 1.000000
0.019842 0.992001 -0.124659 0.000000 -0.968676 -0.011796 -0.248047 10.838200 -0.247534 0.125676 0.960694 0.000000 0.000000 0.000000 0.000000 1.000000
0.065465 0.986859 -0.147728 0.000000 -0.974747 0.031569 -0.221069 10.838200 -0.213500 0.158470 0.964005 -0.000000 0.000000 0.000000 0.000000 1.000000
0.121814 0.980581 -0.153694 -0.000000 -0.978290 0.092459 -0.185471 10.838200 -0.167659 0.172950 0.970556 -0.000000 0.000000 0.000000 0.000000 1.000000
0.174338 0.975624 -0.133283 0.000000 -0.974270 0.151271 -0.167079 10.838200 -0.142844 0.158982 0.976893 0.000000 0.000000 0.000000 0.000000 1.000000
0.222486 0.967894 -0.116968 0.000000 -0.966657 0.203401 -0.155570 10.838200 -0.126784 0.147680 0.980875 0.000000 0.000000 0.000000 0.000000 1.000000
0.271895 0.954507 -0.122427 0.000000 -0.956736 0.254425 -0.141156 10.838200 -0.103586 0.155510 0.982388 0.000000 0.000000 0.000000 0.000000 1.000000
0.344752 0.925268 -0.158195 0.000000 -0.936250 0.326786 -0.129020 10.838200 -0.067682 0.192590 0.978942 0.000000 0.000000 0.000000 0.000000 1.000000
0.410876 0.882148 -0.230209 0.000000 -0.911551 0.393064 -0.120731 10.838200 -0.016015 0.259452 0.965623 -0.000000 0.000000 0.000000 0.000000 1.000000
0.488836 0.808202 -0.328402 0.000000 -0.871302 0.470994 -0.137834 10.838200 0.043278 0.353516 0.934427 -0.000000 0.000000 0.000000 0.000000 1.000000
0.595516 0.689696 -0.411923 0.000000 -0.798765 0.563020 -0.212092 10.838200 0.085642 0.455334 0.886192 0.000000 0.000000 0.000000 0.000000 1.000000
0.713685 0.545328 -0.439625 0.000000 -0.693053 0.640807 -0.330217 10.838200 0.101638 0.540355 0.835276 0.000000 0.000000 0.000000 0.000000 1.000000
0.827753 0.395284 -0.398215 0.000000 -0.553775 0.689784 -0.466403 10.838200 0.090320 0.606588 0.789869 0.000000 0.000000 0.000000 0.000000 1.000000
0.917754 0.256687 -0.303050 -0.000000 -0.393222 0.694345 -0.602712 10.838200 0.055713 0.672307 0.738173 0.000000 0.000000 0.000000 0.000000 1.000000
0.978250 0.131593 -0.160346 0.000000 -0.206609 0.686875 -0.696789 10.838200 0.018445 0.714763 0.699124 0.000000 0.000000 0.000000 0.000000 1.000000
0.999597 0.026110 -0.011115 0.000000 -0.025606 0.661084 -0.749875 10.838200 -0.012232 0.749858 0.661486 0.000000 0.000000 0.000000 0.000000 1.000000
0.992435 -0.047206 0.113337 0.000000 0.117698 0.628519 -0.768837 10.838200 -0.034941 0.776360 0.629320 0.000000 0.000000 0.000000 0.000000 1.000000
0.975124 -0.091138 0.202055 0.000000 0.215511 0.603010 -0.768071 10.838200 -0.051841 0.792510 0.607651 0.000000 0.000000 0.000000 0.000000 1.000000
0.958319 -0.119524 0.259497 0.000000 0.279712 0.577495 -0.766981 10.838200 -0.058186 0.807597 0.586857 0.000000 0.000000 0.000000 0.000000 1.000000
0.941855 -0.144180 0.303515 0.000000 0.331205 0.550695 -0.766184 10.838200 -0.056676 0.822160 0.566428 -0.000000 0.000000 0.000000 0.000000 1.000000
0.921792 -0.175273 0.345802 0.000000 0.384488 0.527619 -0.757488 10.838200 -0.049685 0.831203 0.553745 0.000000 0.000000 0.000000 0.000000 1.000000
0.896212 -0.207447 0.392135 0.000000 0.441362 0.506124 -0.740971 10.838200 -0.044756 0.837141 0.545154 0.000000 0.000000 0.000000 0.000000 1.000000
0.875012 -0.245918 0.416987 -0.000000 0.483344 0.491959 -0.724124 10.838200 -0.027066 0.835165 0.549333 0.000000 0.000000 0.000000 0.000000 1.000000
0.865297 -0.284038 0.413017 0.000000 0.501253 0.494296 -0.710223 10.838200 -0.002422 0.821580 0.570088 -0.000000 0.000000 0.000000 0.000000 1.000000
0.861399 -0.321532 0.393202 0.000000 0.507071 0.499419 -0.702467 10.838200 0.029493 0.804486 0.593239 0.000000 0.000000 0.000000 0.000000 1.000000
0.867574 -0.339791 0.363122 -0.000000 0.494245 0.508211 -0.705296 10.838200 0.055111 0.791368 0.608851 -0.000000 0.000000 0.000000 0.000000 1.000000
0.879220 -0.344160 0.329434 0.000000 0.470934 0.523235 -0.710244 10.838200 0.072066 0.779602 0.622115 0.000000 0.000000 0.000000 0.000000 1.000000
0.894383 -0.333846 0.297702 0.000000 0.440041 0.537257 -0.719527 10.838200 0.080268 0.774533 0.627419 0.000000 0.000000 0.000000 0.000000 1.000000
0.908498 -0.314337 0.275362 0.000000 0.410608 0.548996 -0.728013 10.838200 0.077669 0.774464 0.627831 -0.000000 0.000000 0.000000 0.000000 1.000000
0.916698 -0.293857 0.270764 0.000000 0.393973 0.551562 -0.735231 10.838200 0.066710 0.780658 0.621388 0.000000 0.000000 0.000000 0.000000 1.000000</float_array>
        <technique_common>
          <accessor source="#mixamorig_RightArm-Matrix-animation-output-transform-array" count="69" stride="16">
            <param type="float4x4"/>
          </accessor>
        </technique_common>
      </source>
      <source id="mixamorig_RightArm-Interpolations">
        <Name_array id="mixamorig_RightArm-Interpolations-array" count="69">
 LINEAR LINEAR LINEAR LINEAR LINEAR LINEAR LINEAR LINEAR LINEAR LINEAR LINEAR
LINEAR LINEAR LINEAR LINEAR LINEAR LINEAR LINEAR LINEAR LINEAR LINEAR LINEAR LINEAR
LINEAR LINEAR LINEAR LINEAR LINEAR LINEAR LINEAR LINEAR LINEAR LINEAR LINEAR LINEAR
LINEAR LINEAR LINEAR LINEAR LINEAR LINEAR LINEAR LINEAR LINEAR LINEAR LINEAR LINEAR
LINEAR LINEAR LINEAR LINEAR LINEAR LINEAR LINEAR LINEAR LINEAR LINEAR LINEAR LINEAR
LINEAR LINEAR LINEAR LINEAR LINEAR LINEAR LINEAR LINEAR LINEAR LINEAR</Name_array>
        <technique_common>
          <accessor source="#mixamorig_RightArm-Interpolations-array" count="69">
            <param type="name"/>
          </accessor>
        </technique_common>
      </source>
      <sampler id="mixamorig_RightArm-Matrix-animation-transform">
        <input semantic="INPUT" source="#mixamorig_RightArm-Matrix-animation-input"/>
        <input semantic="OUTPUT" source="#mixamorig_RightArm-Matrix-animation-output-transform"/>
        <input semantic="INTERPOLATION" source="#mixamorig_RightArm-Interpolations"/>
      </sampler>
      <channel source="#mixamorig_RightArm-Matrix-animation-transform" target="mixamorig_RightArm/matrix"/>
    </animation>
    <animation id="mixamorig_RightForeArm-anim" name="mixamorig_RightForeArm">
      <source id="mixamorig_RightForeArm-Matrix-animation-input">
        <float_array id="mixamorig_RightForeArm-Matrix-animation-input-array" count="69">

0.000000 0.033333 0.066667 0.100000 0.133333 0.166667 0.200000 0.233333 0.266667 0.300000 0.333333 0.366667 0.400000 0.433333 0.466667 0.500000
0.533333 0.566667 0.600000 0.633333 0.666667 0.700000 0.733333 0.766667 0.800000 0.833333 0.866667 0.900000 0.933333 0.966667 1.000000 1.033333
1.066667 1.100000 1.133333 1.166667 1.200000 1.233333 1.266667 1.300000 1.333333 1.366667 1.400000 1.433333 1.466667 1.500000 1.533333 1.566667
1.600000 1.633333 1.666667 1.700000 1.733333 1.766667 1.800000 1.833333 1.866667 1.900000 1.933333 1.966667 2.000000 2.033333 2.066667 2.100000
2.133333 2.166667 2.200000 2.233333 2.266667</float_array>
        <technique_common>
          <accessor source="#mixamorig_RightForeArm-Matrix-animation-input-array" count="69">
            <param name="TIME" type="float"/>
          </accessor>
        </technique_common>
      </source>
      <source id="mixamorig_RightForeArm-Matrix-animation-output-transform">
        <float_array id="mixamorig_RightForeArm-Matrix-animation-output-transform-array" count="1104">

0.661911 0.741067 0.112664 -0.000000 -0.705053 0.666550 -0.242099 27.841499 -0.254508 0.080814 0.963688 0.000000 0.000000 0.000000 0.000000 1.000000
0.659372 0.747723 0.078351 0.000000 -0.715625 0.656158 -0.239453 27.841499 -0.230455 0.101819 0.967741 0.000000 0.000000 0.000000 0.000000 1.000000
0.615008 0.788516 -0.002844 0.000000 -0.761690 0.593144 -0.260785 27.841499 -0.203946 0.162551 0.965393 -0.000000 0.000000 0.000000 0.000000 1.000000
0.512059 0.851134 -0.115614 0.000000 -0.836427 0.463473 -0.292546 27.841499 -0.195412 0.246503 0.949237 0.000000 0.000000 0.000000 0.000000 1.000000
0.346513 0.905940 -0.243313 -0.000000 -0.912631 0.265619 -0.310727 27.841499 -0.216871 0.329726 0.918829 -0.000000 0.000000 0.000000 0.000000 1.000000
0.141279 0.922649 -0.358830 0.000000 -0.956522 0.033799 -0.289696 27.841499 -0.255160 0.384156 0.887309 0.000000 0.000000 0.000000 0.000000 1.000000
-0.068464 0.902054 -0.426158 -0.000000 -0.959125 -0.177077 -0.220732 27.841499 -0.274575 0.393627 0.877306 0.000000 0.000000 0.000000 0.000000 1.000000
-0.249152 0.874283 -0.416596 0.000000 -0.940401 -0.321208 -0.111677 27.841499 -0.231451 0.363942 0.902206 0.000000 0.000000 0.000000 0.000000 1.000000
-0.341584 0.880970 -0.327432 0.000000 -0.934621 -0.355106 0.019587 27.841499 -0.099017 0.312715 0.944672 0.000000 0.000000 0.000000 0.000000 1.000000
-0.326584 0.922946 -0.203749 -0.000000 -0.939933 -0.294481 0.172648 27.841499 0.099345 0.247894 0.963680 0.000000 0.000000 0.000000 0.000000 1.000000
-0.231712 0.966455 -0.110786 0.000000 -0.928988 -0.186054 0.319945 27.841499 0.288601 0.177054 0.940936 0.000000 0.000000 0.000000 0.000000 1.000000
-0.061251 0.993838 -0.092387 0.000000 -0.918415 -0.019872 0.395118 27.841499 0.390847 0.109051 0.913973 0.000000 0.000000 0.000000 0.000000 1.000000
0.156163 0.981490 -0.110865 0.000000 -0.915258 0.185992 0.357364 27.841499 0.371370 0.045663 0.927362 0.000000 0.000000 0.000000 0.000000 1.000000
0.407999 0.908449 -0.090869 0.000000 -0.881446 0.417883 0.220059 27.841499 0.237885 -0.009688 0.971245 0.000000 0.000000 0.000000 0.000000 1.000000
0.600540 0.799395 0.017870 0.000000 -0.798684 0.598639 0.061116 27.841499 0.038158 -0.050975 0.997971 0.000000 0.000000 0.000000 0.000000 1.000000
0.667594 0.726557 0.162583 0.000000 -0.729027 0.682245 -0.055332 27.841499 -0.151123 -0.081588 0.985142 0.000000 0.000000 0.000000 0.000000 1.000000
0.727611 0.630798 0.269586 0.000000 -0.630624 0.769742 -0.099049 27.841499 -0.269992 -0.097938 0.957869 0.000000 0.000000 0.000000 0.000000 1.000000
0.748501 0.587831 0.306920 0.000000 -0.588836 0.802033 -0.100077 27.841499 -0.304988 -0.105818 0.946459 0.000000 0.000000 0.000000 0.000000 1.000000
0.727567 0.637203 0.254201 -0.000000 -0.626157 0.768192 -0.133449 27.841499 -0.280309 -0.062077 0.957900 -0.000000 0.000000 0.000000 0.000000 1.000000
0.757030 0.602942 0.251729 0.000000 -0.615626 0.787290 -0.034333 27.841499 -0.218884 -0.128980 0.967189 0.000000 0.000000 0.000000 0.000000 1.000000
0.838090 0.511162 0.190573 0.000000 -0.526160 0.849669 0.034900 27.841499 -0.144084 -0.129521 0.981052 0.000000 0.000000 0.000000 0.000000 1.000000
0.858887 0.502569 0.098684 0.000000 -0.509092 0.858813 0.057151 27.841499 -0.056029 -0.099326 0.993476 0.000000 0.000000 0.000000 0.000000 1.000000
0.828587 0.558738 -0.035416 0.000000 -0.558379 0.829339 0.020259 27.841499 0.040691 0.002989 0.999167 0.000000 0.000000 0.000000 0.000000 1.000000
0.886312 0.449923 -0.109636 0.000000 -0.447555 0.893035 0.046726 27.841499 0.118932 0.007654 0.992873 0.000000 0.000000 0.000000 0.000000 1.000000
0.915116 0.384863 -0.120183 -0.000000 -0.382056 0.922968 0.046520 27.841499 0.128829 0.003345 0.991661 -0.000000 0.000000 0.000000 0.000000 1.000000
0.976681 0.213960 -0.017766 -0.000000 -0.213458 0.976592 0.026522 27.841499 0.023025 -0.022111 0.999490 0.000000 0.000000 0.000000 0.000000 1.000000
0.918622 0.357037 0.169289 0.000000 -0.356245 0.933696 -0.036089 27.841499 -0.170949 -0.027156 0.984906 0.000000 0.000000 0.000000 0.000000 1.000000
0.717961 0.603942 0.346101 -0.000000 -0.620610 0.780558 -0.074655 27.841499 -0.315239 -0.161194 0.935222 0.000000 0.000000 0.000000 0.000000 1.000000
0.433354 0.788586 0.436276 -0.000000 -0.828509 0.539098 -0.151480 27.841499 -0.354651 -0.295814 0.886971 0.000000 0.000000 0.000000 0.000000 1.000000
0.282010 0.828553 0.483704 -0.000000 -0.891321 0.412807 -0.187451 27.841499 -0.354990 -0.378272 0.854922 0.000000 0.000000 0.000000 0.000000 1.000000
0.336928 0.806171 0.486383 0.000000 -0.893467 0.436705 -0.104907 27.841499 -0.296979 -0.399221 0.867425 0.000000 0.000000 0.000000 0.000000 1.000000
0.406921 0.790620 0.457532 0.000000 -0.886088 0.463347 -0.012598 27.841499 -0.221956 -0.400287 0.889104 0.000000 0.000000 0.000000 0.000000 1.000000
0.424062 0.804735 0.415419 0.000000 -0.892948 0.448045 0.043589 27.841499 -0.151049 -0.389432 0.908585 0.000000 0.000000 0.000000 0.000000 1.000000
0.427808 0.833607 0.349398 -0.000000 -0.899484 0.430672 0.073828 27.841499 -0.088932 -0.345862 0.934061 0.000000 0.000000 0.000000 0.000000 1.000000
0.474446 0.848741 0.233539 0.000000 -0.880010 0.463925 0.101761 27.841499 -0.021976 -0.253797 0.967008 0.000000 0.000000 0.000000 0.000000 1.000000
0.553781 0.829671 0.070522 -0.000000 -0.829847 0.542966 0.128615 27.841499 0.068417 -0.129747 0.989184 -0.000000 0.000000 0.000000 0.000000 1.000000
0.627123 0.771453 -0.107599 0.000000 -0.758309 0.636243 0.141995 27.841499 0.178002 -0.007455 0.984002 0.000000 0.000000 0.000000 0.000000 1.000000
0.667731 0.698851 -0.256404 0.000000 -0.689016 0.710605 0.142469 27.841499 0.281766 0.081535 0.956012 0.000000 0.000000 0.000000 0.000000 1.000000
0.682789 0.641633 -0.349437 0.000000 -0.640259 0.755867 0.136869 27.841499 0.351947 0.130277 0.926909 0.000000 0.000000 0.000000 0.000000 1.000000
0.687897 0.619113 -0.378810 0.000000 -0.623197 0.771355 0.128985 27.841499 0.372053 0.147345 0.916442 -0.000000 0.000000 0.000000 0.000000 1.000000
0.680168 0.645426 -0.347557 0.000000 -0.651019 0.749782 0.118329 27.841499 0.336965 0.145783 0.930162 0.000000 0.000000 0.000000 0.000000 1.000000
0.667099 0.693784 -0.271372 0.000000 -0.701859 0.707432 0.083266 27.841499 0.249746 0.134918 0.958866 0.000000 0.000000 0.000000 0.000000 1.000000
0.652445 0.736025 -0.180506 -0.000000 -0.747919 0.663782 0.003237 27.841499 0.122200 0.132892 0.983569 0.000000 0.000000 0.000000 0.000000 1.000000
0.655229 0.747971 -0.105896 0.000000 -0.755134 0.644584 -0.119514 27.841499 -0.021134 0.158275 0.987169 0.000000 0.000000 0.000000 0.000000 1.000000
0.671545 0.739444 -0.047445 -0.000000 -0.727400 0.645704 -0.232283 27.841499 -0.141125 0.190500 0.971490 0.000000 0.000000 0.000000 0.000000 1.000000
0.678656 0.734435 -0.005497 0.000000 -0.702864 0.647275 -0.294989 27.841499 -0.213092 0.204059 0.955485 0.000000 0.000000 0.000000 0.000000 1.000000
0.652619 0.757625 0.009586 0.000000 -0.719980 0.624034 -0.303660 27.841499 -0.236042 0.191272 0.952732 -0.000000 0.000000 0.000000 0.000000 1.000000
0.597493 0.801752 0.014018 0.000000 -0.770295 0.578733 -0.267794 27.841499 -0.222817 0.149207 0.963374 0.000000 0.000000 0.000000 0.000000 1.000000
0.518501 0.854746 0.023784 0.000000 -0.832747 0.511081 -0.212906 27.841499 -0.194136 0.090586 0.976783 0.000000 0.000000 0.000000 0.000000 1.000000
0.446676 0.893645 0.043344 0.000000 -0.878663 0.447287 -0.166992 27.841499 -0.168619 0.036506 0.985005 0.000000 0.000000 0.000000 0.000000 1.000000
0.392870 0.917996 0.054190 -0.000000 -0.906457 0.396509 -0.145312 27.841499 -0.154882 0.007968 0.987901 0.000000 0.000000 0.000000 0.000000 1.000000
0.360917 0.931490 0.045433 0.000000 -0.919992 0.363599 -0.146323 27.841499 -0.152818 0.011013 0.988193 0.000000 0.000000 0.000000 0.000000 1.000000
0.353751 0.935062 0.022791 0.000000 -0.921534 0.352597 -0.162638 27.841499 -0.160112 0.036531 0.986423 0.000000 0.000000 0.000000 0.000000 1.000000
0.349695 0.936847 -0.005600 0.000000 -0.920740 0.342566 -0.186778 27.841499 -0.173064 0.070471 0.982386 -0.000000 0.000000 0.000000 0.000000 1.000000
0.359247 0.932843 -0.027300 -0.000000 -0.914246 0.345911 -0.210949 27.841499 -0.187339 0.100741 0.977116 0.000000 0.000000 0.000000 0.000000 1.000000
0.386514 0.921608 -0.035295 0.000000 -0.900511 0.368846 -0.230289 27.841499 -0.199218 0.120793 0.972482 0.000000 0.000000 0.000000 0.000000 1.000000
0.429333 0.902676 -0.029150 0.000000 -0.879159 0.410323 -0.242310 27.841499 -0.206767 0.129659 0.969761 0.000000 0.000000 0.000000 0.000000 1.000000
0.477458 0.878537 -0.014357 0.000000 -0.853254 0.459693 -0.246252 27.841499 -0.209742 0.129825 0.969099 0.000000 0.000000 0.000000 0.000000 1.000000
0.525357 0.850871 0.004185 -0.000000 -0.824649 0.510367 -0.243883 27.841499 -0.209649 0.124674 0.969796 0.000000 0.000000 0.000000 0.000000 1.000000
0.567403 0.823146 0.022003 -0.000000 -0.796552 0.555452 -0.238701 27.841499 -0.208707 0.117913 0.970844 -0.000000 0.000000 0.000000 0.000000 1.000000
0.602954 0.796896 0.037459 0.000000 -0.769771 0.593478 -0.235023 27.841499 -0.209520 0.112873 0.971268 0.000000 0.000000 0.000000 0.000000 1.000000
0.610720 0.790691 0.042766 0.000000 -0.762860 0.601984 -0.235925 27.841499 -0.212289 0.111460 0.970830 0.000000 0.000000 0.000000 0.000000 1.000000
0.608009 0.792588 0.046147 0.000000 -0.764201 0.600010 -0.236611 27.841499 -0.215223 0.108596 0.970508 0.000000 0.000000 0.000000 0.000000 1.000000
0.597366 0.800518 0.048216 0.000000 -0.771289 0.589944 -0.238911 27.841499 -0.219697 0.105529 0.969844 0.000000 0.000000 0.000000 0.000000 1.000000
0.594491 0.802254 0.054497 0.000000 -0.771858 0.588340 -0.241022 27.841499 -0.225424 0.101222 0.968988 0.000000 0.000000 0.000000 0.000000 1.000000
0.601174 0.796459 0.065141 0.000000 -0.764654 0.597013 -0.242651 27.841499 -0.232152 0.096065 0.967924 0.000000 0.000000 0.000000 0.000000 1.000000
0.619700 0.780696 0.080534 -0.000000 -0.747388 0.618333 -0.243054 27.841499 -0.239548 0.090431 0.966664 0.000000 0.000000 0.000000 0.000000 1.000000
0.641773 0.760709 0.097210 -0.000000 -0.725969 0.643479 -0.242700 27.841499 -0.247177 0.085187 0.965219 0.000000 0.000000 0.000000 0.000000 1.000000
0.661911 0.741067 0.112664 0.000000 -0.705053 0.666549 -0.242100 27.841499 -0.254508 0.080814 0.963688 -0.000000 0.000000 0.000000 0.000000 1.000000</float_array>
        <technique_common>
          <accessor source="#mixamorig_RightForeArm-Matrix-animation-output-transform-array" count="69" stride="16">
            <param type="float4x4"/>
          </accessor>
        </technique_common>
      </source>
      <source id="mixamorig_RightForeArm-Interpolations">
        <Name_array id="mixamorig_RightForeArm-Interpolations-array" count="69">
 LINEAR LINEAR LINEAR LINEAR LINEAR LINEAR LINEAR LINEAR LINEAR LINEAR LINEAR
LINEAR LINEAR LINEAR LINEAR LINEAR LINEAR LINEAR LINEAR LINEAR LINEAR LINEAR LINEAR
LINEAR LINEAR LINEAR LINEAR LINEAR LINEAR LINEAR LINEAR LINEAR LINEAR LINEAR LINEAR
LINEAR LINEAR LINEAR LINEAR LINEAR LINEAR LINEAR LINEAR LINEAR LINEAR LINEAR LINEAR
LINEAR LINEAR LINEAR LINEAR LINEAR LINEAR LINEAR LINEAR LINEAR LINEAR LINEAR LINEAR
LINEAR LINEAR LINEAR LINEAR LINEAR LINEAR LINEAR LINEAR LINEAR LINEAR</Name_array>
        <technique_common>
          <accessor source="#mixamorig_RightForeArm-Interpolations-array" count="69">
            <param type="name"/>
          </accessor>
        </technique_common>
      </source>
      <sampler id="mixamorig_RightForeArm-Matrix-animation-transform">
        <input semantic="INPUT" source="#mixamorig_RightForeArm-Matrix-animation-input"/>
        <input semantic="OUTPUT" source="#mixamorig_RightForeArm-Matrix-animation-output-transform"/>
        <input semantic="INTERPOLATION" source="#mixamorig_RightForeArm-Interpolations"/>
      </sampler>
      <channel source="#mixamorig_RightForeArm-Matrix-animation-transform" target="mixamorig_RightForeArm/matrix"/>
    </animation>
    <animation id="mixamorig_RightHand-anim" name="mixamorig_RightHand">
      <source id="mixamorig_RightHand-Matrix-animation-input">
        <float_array id="mixamorig_RightHand-Matrix-animation-input-array" count="69">

0.000000 0.033333 0.066667 0.100000 0.133333 0.166667 0.200000 0.233333 0.266667 0.300000 0.333333 0.366667 0.400000 0.433333 0.466667 0.500000
0.533333 0.566667 0.600000 0.633333 0.666667 0.700000 0.733333 0.766667 0.800000 0.833333 0.866667 0.900000 0.933333 0.966667 1.000000 1.033333
1.066667 1.100000 1.133333 1.166667 1.200000 1.233333 1.266667 1.300000 1.333333 1.366667 1.400000 1.433333 1.466667 1.500000 1.533333 1.566667
1.600000 1.633333 1.666667 1.700000 1.733333 1.766667 1.800000 1.833333 1.866667 1.900000 1.933333 1.966667 2.000000 2.033333 2.066667 2.100000
2.133333 2.166667 2.200000 2.233333 2.266667</float_array>
        <technique_common>
          <accessor source="#mixamorig_RightHand-Matrix-animation-input-array" count="69">
            <param name="TIME" type="float"/>
          </accessor>
        </technique_common>
      </source>
      <source id="mixamorig_RightHand-Matrix-animation-output-transform">
        <float_array id="mixamorig_RightHand-Matrix-animation-output-transform-array" count="1104">

0.813014 0.577494 -0.074224 0.000000 -0.582243 0.806107 -0.105761 28.328800 -0.001244 0.129201 0.991618 0.000000 0.000000 0.000000 0.000000 1.000000
0.833876 0.537228 -0.126639 0.000000 -0.539902 0.841592 0.015124 28.328800 0.114703 0.055761 0.991834 0.000000 0.000000 0.000000 0.000000 1.000000
0.854413 0.477702 -0.204398 0.000000 -0.454530 0.877764 0.151435 28.328800 0.251755 -0.036483 0.967103 0.000000 0.000000 0.000000 0.000000 1.000000
0.869070 0.379473 -0.317359 -0.000000 -0.301741 0.915008 0.267793 28.328800 0.392006 -0.136971 0.909709 0.000000 0.000000 0.000000 0.000000 1.000000
0.861409 0.231351 -0.452164 0.000000 -0.087626 0.944582 0.316365 28.328800 0.500297 -0.232898 0.833943 0.000000 0.000000 0.000000 0.000000 1.000000
0.831279 0.047650 -0.553809 0.000000 0.127274 0.953534 0.273084 28.328800 0.541088 -0.297495 0.786588 0.000000 0.000000 0.000000 0.000000 1.000000
0.829305 -0.132296 -0.542910 0.000000 0.266162 0.947797 0.175610 28.328800 0.491336 -0.290136 0.821225 -0.000000 0.000000 0.000000 0.000000 1.000000
0.861853 -0.223152 -0.455426 -0.000000 0.298249 0.949313 0.099262 28.328800 0.410191 -0.221380 0.884723 0.000000 0.000000 0.000000 0.000000 1.000000
0.919077 -0.178878 -0.351142 -0.000000 0.222418 0.971017 0.087501 28.328800 0.325313 -0.158521 0.932225 0.000000 0.000000 0.000000 0.000000 1.000000
0.973122 -0.102931 -0.206005 -0.000000 0.129442 0.984344 0.119628 28.328800 0.190467 -0.143079 0.971211 0.000000 0.000000 0.000000 0.000000 1.000000
0.996364 -0.075238 -0.039983 0.000000 0.080295 0.986127 0.145278 28.328800 0.028498 -0.147960 0.988583 0.000000 0.000000 0.000000 0.000000 1.000000
0.984817 -0.138514 0.104638 0.000000 0.116404 0.974091 0.193899 28.328800 -0.128785 -0.178774 0.975425 0.000000 0.000000 0.000000 0.000000 1.000000
0.915032 -0.213010 0.342553 0.000000 0.102084 0.943844 0.314224 28.328800 -0.390249 -0.252556 0.885393 0.000000 0.000000 0.000000 0.000000 1.000000
0.799330 -0.209879 0.563047 0.000000 -0.067168 0.899938 0.430813 28.328800 -0.597126 -0.382181 0.705250 -0.000000 0.000000 0.000000 0.000000 1.000000
0.624488 -0.157127 0.765066 0.000000 -0.324528 0.838790 0.437165 28.328800 -0.710420 -0.521289 0.472822 0.000000 0.000000 0.000000 0.000000 1.000000
0.433566 -0.109504 0.894444 -0.000000 -0.553331 0.751068 0.360168 28.328800 -0.711228 -0.651080 0.265046 0.000000 0.000000 0.000000 0.000000 1.000000
0.173764 -0.091630 0.980515 0.000000 -0.712793 0.675309 0.189427 28.328800 -0.679508 -0.731820 0.052032 0.000000 0.000000 0.000000 0.000000 1.000000
0.037915 -0.151152 0.987783 -0.000000 -0.723836 0.677338 0.131431 28.328800 -0.688929 -0.719977 -0.083728 0.000000 0.000000 0.000000 0.000000 1.000000
0.083894 -0.266930 0.960057 -0.000000 -0.644228 0.720498 0.256619 28.328800 -0.760218 -0.640025 -0.111518 -0.000000 0.000000 0.000000 0.000000 1.000000
0.141975 -0.362923 0.920940 -0.000000 -0.461298 0.798905 0.385947 28.328800 -0.875812 -0.479622 -0.053991 -0.000000 0.000000 0.000000 0.000000 1.000000
0.153251 -0.387538 0.909026 0.000000 -0.327267 0.848077 0.416727 28.328800 -0.932422 -0.361358 0.003140 0.000000 0.000000 0.000000 0.000000 1.000000
0.217241 -0.371651 0.902597 0.000000 -0.287203 0.859412 0.422995 28.328800 -0.932910 -0.351121 0.079961 -0.000000 0.000000 0.000000 0.000000 1.000000
0.118508 -0.291207 0.949291 0.000000 -0.345018 0.884384 0.314368 28.328800 -0.931085 -0.364778 0.004335 0.000000 0.000000 0.000000 0.000000 1.000000
-0.054940 -0.069871 0.996042 0.000000 -0.384402 0.922141 0.043484 28.328800 -0.921529 -0.380492 -0.077521 0.000000 0.000000 0.000000 0.000000 1.000000
-0.120216 0.077563 0.989713 0.000000 -0.317786 0.941479 -0.112382 28.328800 -0.940511 -0.328027 -0.088532 0.000000 0.000000 0.000000 0.000000 1.000000
0.005423 0.196071 0.980575 0.000000 0.136608 0.971251 -0.194962 28.328800 -0.990610 0.135011 -0.021517 0.000000 0.000000 0.000000 0.000000 1.000000
0.144411 0.078083 0.986432 -0.000000 0.619796 0.769964 -0.151685 28.328800 -0.771361 0.633292 0.062796 0.000000 0.000000 0.000000 0.000000 1.000000
0.039020 0.063102 0.997244 -0.000000 0.703071 0.707437 -0.072274 28.328800 -0.710048 0.703953 -0.016761 0.000000 0.000000 0.000000 0.000000 1.000000
-0.042892 -0.114797 0.992463 0.000000 0.753196 0.648934 0.107613 28.328800 -0.656396 0.752134 0.058631 0.000000 0.000000 0.000000 0.000000 1.000000
-0.101744 -0.245675 0.963998 -0.000000 0.793340 0.564623 0.227626 28.328800 -0.600217 0.787937 0.137457 -0.000000 0.000000 0.000000 0.000000 1.000000
-0.097749 -0.232951 0.967563 0.000000 0.830858 0.516074 0.208188 28.328800 -0.547832 0.824258 0.143104 -0.000000 0.000000 0.000000 0.000000 1.000000
-0.042890 -0.205571 0.977702 0.000000 0.865177 0.481747 0.139245 28.328800 -0.499630 0.851857 0.157194 0.000000 0.000000 0.000000 0.000000 1.000000
0.052081 -0.237990 0.969870 0.000000 0.881914 0.466605 0.067139 28.328800 -0.468525 0.851845 0.234188 0.000000 0.000000 0.000000 0.000000 1.000000
0.169483 -0.296070 0.940010 0.000000 0.878043 0.478521 -0.007593 28.328800 -0.447567 0.826656 0.341064 0.000000 0.000000 0.000000 0.000000 1.000000
0.306000 -0.318721 0.897096 0.000000 0.842572 0.529344 -0.099336 28.328800 -0.443212 0.786264 0.430525 0.000000 0.000000 0.000000 0.000000 1.000000
0.453149 -0.304342 0.837873 0.000000 0.758646 0.625215 -0.183203 28.328800 -0.468094 0.718667 0.514203 0.000000 0.000000 0.000000 0.000000 1.000000
0.597397 -0.265150 0.756844 -0.000000 0.624513 0.745873 -0.231639 28.328800 -0.503090 0.611039 0.611172 0.000000 0.000000 0.000000 0.000000 1.000000
0.724250 -0.230698 0.649800 -0.000000 0.468236 0.856324 -0.217863 28.328800 -0.506179 0.462047 0.728214 0.000000 0.000000 0.000000 0.000000 1.000000
0.832211 -0.201664 0.516485 0.000000 0.320775 0.934908 -0.151824 28.328800 -0.452249 0.292025 0.842729 0.000000 0.000000 0.000000 0.000000 1.000000
0.916997 -0.162642 0.364232 0.000000 0.204569 0.975629 -0.079375 28.328800 -0.342445 0.147297 0.927920 0.000000 0.000000 0.000000 0.000000 1.000000
0.972052 -0.113560 0.205473 0.000000 0.126486 0.990664 -0.050862 28.328800 -0.197779 0.075430 0.977340 0.000000 0.000000 0.000000 0.000000 1.000000
0.996769 -0.067365 0.043751 -0.000000 0.070867 0.993928 -0.084173 28.328800 -0.037815 0.087001 0.995490 0.000000 0.000000 0.000000 0.000000 1.000000
0.991933 -0.038356 -0.120819 0.000000 0.019200 0.987588 -0.155891 28.328800 0.125299 0.152314 0.980357 0.000000 0.000000 0.000000 0.000000 1.000000
0.960569 -0.028778 -0.276549 -0.000000 -0.035524 0.973775 -0.224723 28.328800 0.275764 0.225686 0.934355 0.000000 0.000000 0.000000 0.000000 1.000000
0.922671 -0.051897 -0.382079 0.000000 -0.057640 0.961204 -0.269750 28.328800 0.381255 0.270914 0.883884 0.000000 0.000000 0.000000 0.000000 1.000000
0.904800 -0.080778 -0.418105 -0.000000 -0.035322 0.964223 -0.262727 28.328800 0.424369 0.252484 0.869576 0.000000 0.000000 0.000000 0.000000 1.000000
0.907644 -0.123087 -0.401287 0.000000 0.025349 0.970367 -0.240305 28.328800 0.418974 0.207939 0.883868 0.000000 0.000000 0.000000 0.000000 1.000000
0.913426 -0.179970 -0.365054 0.000000 0.110701 0.972969 -0.202675 28.328800 0.391661 0.144717 0.908657 -0.000000 0.000000 0.000000 0.000000 1.000000
0.904346 -0.239429 -0.353316 0.000000 0.197184 0.968566 -0.151651 28.328800 0.378519 0.067477 0.923131 0.000000 0.000000 0.000000 0.000000 1.000000
0.881987 -0.265157 -0.389604 0.000000 0.245731 0.964175 -0.099914 28.328800 0.402139 -0.007615 0.915547 0.000000 0.000000 0.000000 0.000000 1.000000
0.853626 -0.247371 -0.458400 -0.000000 0.255477 0.965748 -0.045411 28.328800 0.453932 -0.078347 0.887585 -0.000000 0.000000 0.000000 0.000000 1.000000
0.823661 -0.190675 -0.534066 -0.000000 0.236573 0.971447 0.018021 28.328800 0.515380 -0.141188 0.845251 0.000000 0.000000 0.000000 0.000000 1.000000
0.781871 -0.109609 -0.613730 -0.000000 0.197602 0.977237 0.077208 28.328800 0.591297 -0.181641 0.785732 0.000000 0.000000 0.000000 0.000000 1.000000
0.742544 -0.018261 -0.669548 -0.000000 0.125630 0.985684 0.112444 28.328800 0.657910 -0.167610 0.734208 0.000000 0.000000 0.000000 0.000000 1.000000
0.725344 0.072614 -0.684546 0.000000 0.040435 0.988210 0.147670 28.328800 0.687198 -0.134791 0.713856 0.000000 0.000000 0.000000 0.000000 1.000000
0.730237 0.160447 -0.664086 0.000000 -0.053422 0.982466 0.178626 28.328800 0.681102 -0.094962 0.726005 0.000000 0.000000 0.000000 0.000000 1.000000
0.748495 0.242133 -0.617354 0.000000 -0.154437 0.969006 0.192812 28.328800 0.644906 -0.048977 0.762691 0.000000 0.000000 0.000000 0.000000 1.000000
0.771744 0.314008 -0.553000 0.000000 -0.248829 0.949363 0.191817 28.328800 0.585230 -0.010431 0.810800 0.000000 0.000000 0.000000 0.000000 1.000000
0.788725 0.380049 -0.483193 0.000000 -0.340321 0.924510 0.171648 28.328800 0.511951 0.029057 0.858523 0.000000 0.000000 0.000000 0.000000 1.000000
0.796367 0.435744 -0.419436 0.000000 -0.422240 0.897076 0.130265 28.328800 0.433028 0.073364 0.898390 0.000000 0.000000 0.000000 0.000000 1.000000
0.795783 0.481002 -0.367921 0.000000 -0.489695 0.868546 0.076326 28.328800 0.356269 0.119430 0.926719 0.000000 0.000000 0.000000 0.000000 1.000000
0.803106 0.508117 -0.311188 0.000000 -0.524663 0.850597 0.034845 28.328800 0.282401 0.135285 0.949709 0.000000 0.000000 0.000000 0.000000 1.000000
0.813548 0.531033 -0.236946 -0.000000 -0.544472 0.838716 0.010259 28.328800 0.204179 0.120664 0.971469 0.000000 0.000000 0.000000 0.000000 1.000000
0.819120 0.548136 -0.169083 -0.000000 -0.557006 0.830486 -0.006126 28.328800 0.137063 0.099199 0.985583 0.000000 0.000000 0.000000 0.000000 1.000000
0.820475 0.559157 -0.119011 -0.000000 -0.565157 0.824703 -0.021503 28.328800 0.086126 0.084903 0.992660 0.000000 0.000000 0.000000 0.000000 1.000000
0.819630 0.566476 -0.085510 0.000000 -0.570919 0.820036 -0.039908 28.328800 0.047515 0.081529 0.995538 0.000000 0.000000 0.000000 0.000000 1.000000
0.815623 0.574445 -0.069080 0.000000 -0.578172 0.813717 -0.059852 28.328800 0.021829 0.088757 0.995814 0.000000 0.000000 0.000000 0.000000 1.000000
0.812903 0.578575 -0.066634 0.000000 -0.582362 0.808810 -0.081736 28.328800 0.006604 0.105249 0.994424 0.000000 0.000000 0.000000 0.000000 1.000000
0.813015 0.577493 -0.074224 0.000000 -0.582242 0.806107 -0.105761 28.328800 -0.001244 0.129201 0.991618 -0.000000 0.000000 0.000000 0.000000 1.000000</float_array>
        <technique_common>
          <accessor source="#mixamorig_RightHand-Matrix-animation-output-transform-array" count="69" stride="16">
            <param type="float4x4"/>
          </accessor>
        </technique_common>
      </source>
      <source id="mixamorig_RightHand-Interpolations">
        <Name_array id="mixamorig_RightHand-Interpolations-array" count="69">
 LINEAR LINEAR LINEAR LINEAR LINEAR LINEAR LINEAR LINEAR LINEAR LINEAR LINEAR
LINEAR LINEAR LINEAR LINEAR LINEAR LINEAR LINEAR LINEAR LINEAR LINEAR LINEAR LINEAR
LINEAR LINEAR LINEAR LINEAR LINEAR LINEAR LINEAR LINEAR LINEAR LINEAR LINEAR LINEAR
LINEAR LINEAR LINEAR LINEAR LINEAR LINEAR LINEAR LINEAR LINEAR LINEAR LINEAR LINEAR
LINEAR LINEAR LINEAR LINEAR LINEAR LINEAR LINEAR LINEAR LINEAR LINEAR LINEAR LINEAR
LINEAR LINEAR LINEAR LINEAR LINEAR LINEAR LINEAR LINEAR LINEAR LINEAR</Name_array>
        <technique_common>
          <accessor source="#mixamorig_RightHand-Interpolations-array" count="69">
            <param type="name"/>
          </accessor>
        </technique_common>
      </source>
      <sampler id="mixamorig_RightHand-Matrix-animation-transform">
        <input semantic="INPUT" source="#mixamorig_RightHand-Matrix-animation-input"/>
        <input semantic="OUTPUT" source="#mixamorig_RightHand-Matrix-animation-output-transform"/>
        <input semantic="INTERPOLATION" source="#mixamorig_RightHand-Interpolations"/>
      </sampler>
      <channel source="#mixamorig_RightHand-Matrix-animation-transform" target="mixamorig_RightHand/matrix"/>
    </animation>
    <animation id="mixamorig_RightHandThumb1-anim" name="mixamorig_RightHandThumb1">
      <source id="mixamorig_RightHandThumb1-Matrix-animation-input">
        <float_array id="mixamorig_RightHandThumb1-Matrix-animation-input-array" count="69">

0.000000 0.033333 0.066667 0.100000 0.133333 0.166667 0.200000 0.233333 0.266667 0.300000 0.333333 0.366667 0.400000 0.433333 0.466667 0.500000
0.533333 0.566667 0.600000 0.633333 0.666667 0.700000 0.733333 0.766667 0.800000 0.833333 0.866667 0.900000 0.933333 0.966667 1.000000 1.033333
1.066667 1.100000 1.133333 1.166667 1.200000 1.233333 1.266667 1.300000 1.333333 1.366667 1.400000 1.433333 1.466667 1.500000 1.533333 1.566667
1.600000 1.633333 1.666667 1.700000 1.733333 1.766667 1.800000 1.833333 1.866667 1.900000 1.933333 1.966667 2.000000 2.033333 2.066667 2.100000
2.133333 2.166667 2.200000 2.233333 2.266667</float_array>
        <technique_common>
          <accessor source="#mixamorig_RightHandThumb1-Matrix-animation-input-array" count="69">
            <param name="TIME" type="float"/>
          </accessor>
        </technique_common>
      </source>
      <source id="mixamorig_RightHandThumb1-Matrix-animation-output-transform">
        <float_array id="mixamorig_RightHandThumb1-Matrix-animation-output-transform-array" count="1104">

0.405912 0.401707 -0.820894 2.681900 -0.709735 0.704441 -0.006227 2.464800 0.575770 0.585145 0.571047 1.574000 0.000000 0.000000 0.000000 1.000000
0.405912 0.401707 -0.820894 2.681900 -0.709735 0.704442 -0.006226 2.464800 0.575771 0.585144 0.571047 1.574000 0.000000 0.000000 0.000000 1.000000
0.405912 0.401707 -0.820894 2.681900 -0.709735 0.704441 -0.006226 2.464800 0.575770 0.585144 0.571047 1.574000 0.000000 0.000000 0.000000 1.000000
0.405913 0.401707 -0.820894 2.681900 -0.709735 0.704441 -0.006226 2.464800 0.575770 0.585144 0.571047 1.574000 0.000000 0.000000 0.000000 1.000000
0.405913 0.401706 -0.820894 2.681900 -0.709735 0.704442 -0.006227 2.464800 0.575770 0.585144 0.571047 1.574000 0.000000 0.000000 0.000000 1.000000
0.405912 0.401707 -0.820894 2.681900 -0.709735 0.704441 -0.006227 2.464800 0.575770 0.585145 0.571047 1.574000 0.000000 0.000000 0.000000 1.000000
0.405912 0.401707 -0.820894 2.681900 -0.709735 0.704441 -0.006226 2.464800 0.575770 0.585144 0.571047 1.574000 0.000000 0.000000 0.000000 1.000000
0.405913 0.401707 -0.820894 2.681900 -0.709735 0.704441 -0.006227 2.464800 0.575770 0.585145 0.571047 1.574000 0.000000 0.000000 0.000000 1.000000
0.405912 0.401707 -0.820894 2.681900 -0.709735 0.704442 -0.006226 2.464800 0.575771 0.585144 0.571047 1.574000 0.000000 0.000000 0.000000 1.000000
0.405913 0.401707 -0.820894 2.681900 -0.709735 0.704441 -0.006226 2.464800 0.575770 0.585144 0.571047 1.574000 0.000000 0.000000 0.000000 1.000000
0.405912 0.401706 -0.820894 2.681900 -0.709735 0.704442 -0.006226 2.464800 0.575771 0.585144 0.571046 1.574000 0.000000 0.000000 0.000000 1.000000
0.405913 0.401707 -0.820894 2.681900 -0.709735 0.704442 -0.006227 2.464800 0.575770 0.585144 0.571047 1.574000 0.000000 0.000000 0.000000 1.000000
0.405912 0.401707 -0.820894 2.681900 -0.709735 0.704441 -0.006226 2.464800 0.575770 0.585144 0.571047 1.574000 0.000000 0.000000 0.000000 1.000000
0.405913 0.401707 -0.820894 2.681900 -0.709735 0.704442 -0.006226 2.464800 0.575771 0.585144 0.571047 1.574000 0.000000 0.000000 0.000000 1.000000
0.405912 0.401707 -0.820894 2.681900 -0.709735 0.704442 -0.006226 2.464800 0.575771 0.585144 0.571047 1.574000 0.000000 0.000000 0.000000 1.000000
0.405913 0.401707 -0.820894 2.681900 -0.709735 0.704442 -0.006226 2.464800 0.575771 0.585144 0.571047 1.574000 0.000000 0.000000 0.000000 1.000000
0.405912 0.401707 -0.820894 2.681900 -0.709735 0.704442 -0.006226 2.464800 0.575771 0.585144 0.571047 1.574000 0.000000 0.000000 0.000000 1.000000
0.405913 0.401706 -0.820894 2.681900 -0.709735 0.704442 -0.006227 2.464800 0.575771 0.585144 0.571047 1.574000 0.000000 0.000000 0.000000 1.000000
0.405912 0.401707 -0.820894 2.681900 -0.709736 0.704441 -0.006226 2.464800 0.575770 0.585145 0.571047 1.574000 0.000000 0.000000 0.000000 1.000000
0.405912 0.401707 -0.820894 2.681900 -0.709735 0.704441 -0.006226 2.464800 0.575771 0.585144 0.571047 1.574000 0.000000 0.000000 0.000000 1.000000
0.405913 0.401707 -0.820894 2.681900 -0.709735 0.704441 -0.006227 2.464800 0.575770 0.585145 0.571047 1.574000 0.000000 0.000000 0.000000 1.000000
0.405912 0.401706 -0.820894 2.681900 -0.709735 0.704441 -0.006227 2.464800 0.575771 0.585145 0.571046 1.574000 0.000000 0.000000 0.000000 1.000000
0.405912 0.401707 -0.820894 2.681900 -0.709735 0.704441 -0.006227 2.464800 0.575770 0.585144 0.571047 1.574000 0.000000 0.000000 0.000000 1.000000
0.405912 0.401707 -0.820894 2.681900 -0.709735 0.704442 -0.006226 2.464800 0.575771 0.585144 0.571047 1.574000 0.000000 0.000000 0.000000 1.000000
0.405913 0.401707 -0.820894 2.681900 -0.709735 0.704441 -0.006226 2.464800 0.575770 0.585144 0.571047 1.574000 0.000000 0.000000 0.000000 1.000000
0.405912 0.401706 -0.820894 2.681900 -0.709735 0.704441 -0.006227 2.464800 0.575771 0.585145 0.571046 1.574000 0.000000 0.000000 0.000000 1.000000
0.405912 0.401707 -0.820894 2.681900 -0.709735 0.704441 -0.006226 2.464800 0.575770 0.585145 0.571047 1.574000 0.000000 0.000000 0.000000 1.000000
0.405913 0.401706 -0.820894 2.681900 -0.709735 0.704442 -0.006227 2.464800 0.575771 0.585144 0.571047 1.574000 0.000000 0.000000 0.000000 1.000000
0.405912 0.401707 -0.820894 2.681900 -0.709735 0.704442 -0.006226 2.464800 0.575771 0.585144 0.571047 1.574000 0.000000 0.000000 0.000000 1.000000
0.405912 0.401707 -0.820894 2.681900 -0.709735 0.704442 -0.006226 2.464800 0.575771 0.585144 0.571047 1.574000 0.000000 0.000000 0.000000 1.000000
0.405913 0.401707 -0.820894 2.681900 -0.709735 0.704441 -0.006227 2.464800 0.575770 0.585145 0.571047 1.574000 0.000000 0.000000 0.000000 1.000000
0.405912 0.401707 -0.820894 2.681900 -0.709735 0.704441 -0.006227 2.464800 0.575770 0.585145 0.571047 1.574000 0.000000 0.000000 0.000000 1.000000
0.405913 0.401707 -0.820894 2.681900 -0.709735 0.704441 -0.006227 2.464800 0.575770 0.585144 0.571047 1.574000 0.000000 0.000000 0.000000 1.000000
0.405913 0.401707 -0.820894 2.681900 -0.709734 0.704442 -0.006226 2.464800 0.575771 0.585144 0.571047 1.574000 0.000000 0.000000 0.000000 1.000000
0.405913 0.401706 -0.820894 2.681900 -0.709735 0.704441 -0.006227 2.464800 0.575770 0.585145 0.571047 1.574000 0.000000 0.000000 0.000000 1.000000
0.405913 0.401706 -0.820894 2.681900 -0.709734 0.704442 -0.006227 2.464800 0.575771 0.585144 0.571047 1.574000 0.000000 0.000000 0.000000 1.000000
0.405913 0.401707 -0.820894 2.681900 -0.709735 0.704441 -0.006227 2.464800 0.575770 0.585144 0.571047 1.574000 0.000000 0.000000 0.000000 1.000000
0.405913 0.401706 -0.820894 2.681900 -0.709734 0.704442 -0.006227 2.464800 0.575771 0.585144 0.571046 1.574000 0.000000 0.000000 0.000000 1.000000
0.405913 0.401707 -0.820894 2.681900 -0.709735 0.704442 -0.006227 2.464800 0.575770 0.585144 0.571047 1.574000 0.000000 0.000000 0.000000 1.000000
0.405912 0.401707 -0.820894 2.681900 -0.709735 0.704442 -0.006226 2.464800 0.575771 0.585144 0.571047 1.574000 0.000000 0.000000 0.000000 1.000000
0.405913 0.401707 -0.820894 2.681900 -0.709735 0.704441 -0.006227 2.464800 0.575770 0.585145 0.571047 1.574000 0.000000 0.000000 0.000000 1.000000
0.405912 0.401706 -0.820894 2.681900 -0.709735 0.704442 -0.006227 2.464800 0.575771 0.585145 0.571046 1.574000 0.000000 0.000000 0.000000 1.000000
0.405913 0.401706 -0.820894 2.681900 -0.709734 0.704442 -0.006227 2.464800 0.575771 0.585144 0.571047 1.574000 0.000000 0.000000 0.000000 1.000000
0.405913 0.401706 -0.820894 2.681900 -0.709735 0.704442 -0.006227 2.464800 0.575770 0.585144 0.571047 1.574000 0.000000 0.000000 0.000000 1.000000
0.405912 0.401707 -0.820894 2.681900 -0.709735 0.704442 -0.006226 2.464800 0.575771 0.585144 0.571047 1.574000 0.000000 0.000000 0.000000 1.000000
0.405912 0.401706 -0.820894 2.681900 -0.709735 0.704441 -0.006227 2.464800 0.575771 0.585145 0.571047 1.574000 0.000000 0.000000 0.000000 1.000000
0.405913 0.401707 -0.820894 2.681900 -0.709735 0.704442 -0.006227 2.464800 0.575770 0.585144 0.571047 1.574000 0.000000 0.000000 0.000000 1.000000
0.405912 0.401707 -0.820894 2.681900 -0.709735 0.704441 -0.006226 2.464800 0.575770 0.585145 0.571047 1.574000 0.000000 0.000000 0.000000 1.000000
0.405912 0.401707 -0.820894 2.681900 -0.709735 0.704441 -0.006227 2.464800 0.575770 0.585145 0.571047 1.574000 0.000000 0.000000 0.000000 1.000000
0.405913 0.401706 -0.820894 2.681900 -0.709735 0.704442 -0.006227 2.464800 0.575771 0.585144 0.571047 1.574000 0.000000 0.000000 0.000000 1.000000
0.405912 0.401707 -0.820894 2.681900 -0.709735 0.704441 -0.006226 2.464800 0.575770 0.585144 0.571047 1.574000 0.000000 0.000000 0.000000 1.000000
0.405912 0.401707 -0.820894 2.681900 -0.709735 0.704441 -0.006226 2.464800 0.575770 0.585144 0.571047 1.574000 0.000000 0.000000 0.000000 1.000000
0.405912 0.401706 -0.820894 2.681900 -0.709735 0.704442 -0.006227 2.464800 0.575771 0.585144 0.571047 1.574000 0.000000 0.000000 0.000000 1.000000
0.405913 0.401707 -0.820894 2.681900 -0.709735 0.704442 -0.006227 2.464800 0.575770 0.585144 0.571047 1.574000 0.000000 0.000000 0.000000 1.000000
0.405913 0.401707 -0.820894 2.681900 -0.709735 0.704442 -0.006226 2.464800 0.575771 0.585144 0.571047 1.574000 0.000000 0.000000 0.000000 1.000000
0.405912 0.401707 -0.820894 2.681900 -0.709735 0.704441 -0.006227 2.464800 0.575770 0.585145 0.571047 1.574000 0.000000 0.000000 0.000000 1.000000
0.405912 0.401707 -0.820894 2.681900 -0.709735 0.704441 -0.006227 2.464800 0.575770 0.585144 0.571047 1.574000 0.000000 0.000000 0.000000 1.000000
0.405913 0.401706 -0.820894 2.681900 -0.709735 0.704442 -0.006227 2.464800 0.575771 0.585144 0.571047 1.574000 0.000000 0.000000 0.000000 1.000000
0.405913 0.401707 -0.820894 2.681900 -0.709735 0.704441 -0.006227 2.464800 0.575770 0.585145 0.571047 1.574000 0.000000 0.000000 0.000000 1.000000
0.405912 0.401707 -0.820894 2.681900 -0.709735 0.704441 -0.006227 2.464800 0.575770 0.585145 0.571047 1.574000 0.000000 0.000000 0.000000 1.000000
0.405913 0.401707 -0.820894 2.681900 -0.709735 0.704441 -0.006227 2.464800 0.575770 0.585145 0.571047 1.574000 0.000000 0.000000 0.000000 1.000000
0.405912 0.401707 -0.820894 2.681900 -0.709735 0.704441 -0.006227 2.464800 0.575770 0.585145 0.571047 1.574000 0.000000 0.000000 0.000000 1.000000
0.405912 0.401707 -0.820894 2.681900 -0.709735 0.704442 -0.006226 2.464800 0.575771 0.585144 0.571047 1.574000 0.000000 0.000000 0.000000 1.000000
0.405912 0.401707 -0.820894 2.681900 -0.709735 0.704442 -0.006226 2.464800 0.575771 0.585144 0.571047 1.574000 0.000000 0.000000 0.000000 1.000000
0.405912 0.401706 -0.820894 2.681900 -0.709735 0.704441 -0.006227 2.464800 0.575770 0.585145 0.571047 1.574000 0.000000 0.000000 0.000000 1.000000
0.405912 0.401707 -0.820894 2.681900 -0.709735 0.704441 -0.006227 2.464800 0.575770 0.585145 0.571046 1.574000 0.000000 0.000000 0.000000 1.000000
0.405913 0.401706 -0.820894 2.681900 -0.709735 0.704442 -0.006227 2.464800 0.575770 0.585144 0.571047 1.574000 0.000000 0.000000 0.000000 1.000000
0.405912 0.401707 -0.820894 2.681900 -0.709735 0.704441 -0.006227 2.464800 0.575770 0.585145 0.571047 1.574000 0.000000 0.000000 0.000000 1.000000
0.405912 0.401707 -0.820894 2.681900 -0.709735 0.704441 -0.006226 2.464800 0.575770 0.585144 0.571047 1.574000 0.000000 0.000000 0.000000 1.000000</float_array>
        <technique_common>
          <accessor source="#mixamorig_RightHandThumb1-Matrix-animation-output-transform-array" count="69" stride="16">
            <param type="float4x4"/>
          </accessor>
        </technique_common>
      </source>
      <source id="mixamorig_RightHandThumb1-Interpolations">
        <Name_array id="mixamorig_RightHandThumb1-Interpolations-array" count="69">
 LINEAR LINEAR LINEAR LINEAR LINEAR LINEAR LINEAR LINEAR LINEAR LINEAR LINEAR
LINEAR LINEAR LINEAR LINEAR LINEAR LINEAR LINEAR LINEAR LINEAR LINEAR LINEAR LINEAR
LINEAR LINEAR LINEAR LINEAR LINEAR LINEAR LINEAR LINEAR LINEAR LINEAR LINEAR LINEAR
LINEAR LINEAR LINEAR LINEAR LINEAR LINEAR LINEAR LINEAR LINEAR LINEAR LINEAR LINEAR
LINEAR LINEAR LINEAR LINEAR LINEAR LINEAR LINEAR LINEAR LINEAR LINEAR LINEAR LINEAR
LINEAR LINEAR LINEAR LINEAR LINEAR LINEAR LINEAR LINEAR LINEAR LINEAR</Name_array>
        <technique_common>
          <accessor source="#mixamorig_RightHandThumb1-Interpolations-array" count="69">
            <param type="name"/>
          </accessor>
        </technique_common>
      </source>
      <sampler id="mixamorig_RightHandThumb1-Matrix-animation-transform">
        <input semantic="INPUT" source="#mixamorig_RightHandThumb1-Matrix-animation-input"/>
        <input semantic="OUTPUT" source="#mixamorig_RightHandThumb1-Matrix-animation-output-transform"/>
        <input semantic="INTERPOLATION" source="#mixamorig_RightHandThumb1-Interpolations"/>
      </sampler>
      <channel source="#mixamorig_RightHandThumb1-Matrix-animation-transform" target="mixamorig_RightHandThumb1/matrix"/>
    </animation>
    <animation id="mixamorig_RightHandThumb2-anim" name="mixamorig_RightHandThumb2">
      <source id="mixamorig_RightHandThumb2-Matrix-animation-input">
        <float_array id="mixamorig_RightHandThumb2-Matrix-animation-input-array" count="69">

0.000000 0.033333 0.066667 0.100000 0.133333 0.166667 0.200000 0.233333 0.266667 0.300000 0.333333 0.366667 0.400000 0.433333 0.466667 0.500000
0.533333 0.566667 0.600000 0.633333 0.666667 0.700000 0.733333 0.766667 0.800000 0.833333 0.866667 0.900000 0.933333 0.966667 1.000000 1.033333
1.066667 1.100000 1.133333 1.166667 1.200000 1.233333 1.266667 1.300000 1.333333 1.366667 1.400000 1.433333 1.466667 1.500000 1.533333 1.566667
1.600000 1.633333 1.666667 1.700000 1.733333 1.766667 1.800000 1.833333 1.866667 1.900000 1.933333 1.966667 2.000000 2.033333 2.066667 2.100000
2.133333 2.166667 2.200000 2.233333 2.266667</float_array>
        <technique_common>
          <accessor source="#mixamorig_RightHandThumb2-Matrix-animation-input-array" count="69">
            <param name="TIME" type="float"/>
          </accessor>
        </technique_common>
      </source>
      <source id="mixamorig_RightHandThumb2-Matrix-animation-output-transform">
        <float_array id="mixamorig_RightHandThumb2-Matrix-animation-output-transform-array" count="1104">

0.963040 -0.194771 0.186060 0.000000 0.203894 0.978501 -0.031036 4.189000 -0.176015 0.067825 0.982048 0.000000 0.000000 0.000000 0.000000 1.000000
0.963040 -0.194771 0.186060 -0.000000 0.203894 0.978501 -0.031036 4.189000 -0.176015 0.067826 0.982048 0.000000 0.000000 0.000000 0.000000 1.000000
0.963040 -0.194771 0.186060 0.000000 0.203894 0.978501 -0.031036 4.189000 -0.176015 0.067826 0.982048 0.000000 0.000000 0.000000 0.000000 1.000000
0.963040 -0.194771 0.186060 0.000000 0.203895 0.978501 -0.031036 4.189000 -0.176015 0.067825 0.982048 0.000000 0.000000 0.000000 0.000000 1.000000
0.963040 -0.194771 0.186060 0.000000 0.203894 0.978501 -0.031036 4.189000 -0.176015 0.067825 0.982048 0.000000 0.000000 0.000000 0.000000 1.000000
0.963040 -0.194771 0.186061 -0.000000 0.203894 0.978501 -0.031036 4.189000 -0.176016 0.067825 0.982048 -0.000000 0.000000 0.000000 0.000000 1.000000
0.963040 -0.194771 0.186061 0.000000 0.203894 0.978501 -0.031036 4.189000 -0.176016 0.067825 0.982048 -0.000000 0.000000 0.000000 0.000000 1.000000
0.963040 -0.194771 0.186061 0.000000 0.203894 0.978501 -0.031036 4.189000 -0.176016 0.067825 0.982048 0.000000 0.000000 0.000000 0.000000 1.000000
0.963040 -0.194771 0.186060 0.000000 0.203894 0.978501 -0.031036 4.189000 -0.176015 0.067825 0.982048 -0.000000 0.000000 0.000000 0.000000 1.000000
0.963040 -0.194771 0.186060 0.000000 0.203894 0.978501 -0.031036 4.189000 -0.176015 0.067825 0.982048 0.000000 0.000000 0.000000 0.000000 1.000000
0.963040 -0.194770 0.186060 0.000000 0.203893 0.978501 -0.031036 4.189000 -0.176015 0.067825 0.982048 0.000000 0.000000 0.000000 0.000000 1.000000
0.963040 -0.194771 0.186060 0.000000 0.203894 0.978501 -0.031036 4.189000 -0.176015 0.067825 0.982048 0.000000 0.000000 0.000000 0.000000 1.000000
0.963040 -0.194771 0.186060 0.000000 0.203894 0.978501 -0.031035 4.189000 -0.176016 0.067825 0.982048 -0.000000 0.000000 0.000000 0.000000 1.000000
0.963040 -0.194771 0.186061 0.000000 0.203894 0.978501 -0.031036 4.189000 -0.176016 0.067826 0.982048 0.000000 0.000000 0.000000 0.000000 1.000000
0.963040 -0.194771 0.186060 0.000000 0.203894 0.978501 -0.031036 4.189000 -0.176015 0.067825 0.982048 0.000000 0.000000 0.000000 0.000000 1.000000
0.963040 -0.194771 0.186061 0.000000 0.203894 0.978501 -0.031036 4.189000 -0.176016 0.067826 0.982048 0.000000 0.000000 0.000000 0.000000 1.000000
0.963040 -0.194771 0.186061 0.000000 0.203894 0.978501 -0.031036 4.189000 -0.176016 0.067825 0.982048 -0.000000 0.000000 0.000000 0.000000 1.000000
0.963040 -0.194771 0.186060 0.000000 0.203894 0.978501 -0.031036 4.189000 -0.176015 0.067825 0.982048 -0.000000 0.000000 0.000000 0.000000 1.000000
0.963040 -0.194771 0.186060 0.000000 0.203894 0.978501 -0.031036 4.189000 -0.176015 0.067826 0.982048 0.000000 0.000000 0.000000 0.000000 1.000000
0.963040 -0.194771 0.186060 0.000000 0.203894 0.978501 -0.031036 4.189000 -0.176015 0.067825 0.982048 0.000000 0.000000 0.000000 0.000000 1.000000
0.963040 -0.194771 0.186060 0.000000 0.203894 0.978501 -0.031036 4.189000 -0.176015 0.067825 0.982048 -0.000000 0.000000 0.000000 0.000000 1.000000
0.963040 -0.194771 0.186060 -0.000000 0.203894 0.978501 -0.031036 4.189000 -0.176015 0.067825 0.982048 0.000000 0.000000 0.000000 0.000000 1.000000
0.963040 -0.194770 0.186060 0.000000 0.203894 0.978501 -0.031036 4.189000 -0.176015 0.067825 0.982048 -0.000000 0.000000 0.000000 0.000000 1.000000
0.963040 -0.194771 0.186060 0.000000 0.203894 0.978501 -0.031036 4.189000 -0.176015 0.067825 0.982048 0.000000 0.000000 0.000000 0.000000 1.000000
0.963040 -0.194771 0.186060 0.000000 0.203894 0.978501 -0.031036 4.189000 -0.176015 0.067825 0.982048 0.000000 0.000000 0.000000 0.000000 1.000000
0.963040 -0.194771 0.186060 -0.000000 0.203894 0.978501 -0.031036 4.189000 -0.176015 0.067825 0.982048 0.000000 0.000000 0.000000 0.000000 1.000000
0.963040 -0.194771 0.186060 0.000000 0.203894 0.978501 -0.031036 4.189000 -0.176015 0.067825 0.982048 -0.000000 0.000000 0.000000 0.000000 1.000000
0.963040 -0.194771 0.186060 0.000000 0.203894 0.978501 -0.031035 4.189000 -0.176015 0.067825 0.982048 0.000000 0.000000 0.000000 0.000000 1.000000
0.963040 -0.194771 0.186061 0.000000 0.203894 0.978501 -0.031036 4.189000 -0.176015 0.067826 0.982048 0.000000 0.000000 0.000000 0.000000 1.000000
0.963040 -0.194771 0.186060 0.000000 0.203894 0.978501 -0.031036 4.189000 -0.176016 0.067825 0.982048 0.000000 0.000000 0.000000 0.000000 1.000000
0.963040 -0.194770 0.186061 -0.000000 0.203894 0.978501 -0.031036 4.189000 -0.176016 0.067825 0.982048 0.000000 0.000000 0.000000 0.000000 1.000000
0.963040 -0.194771 0.186060 0.000000 0.203894 0.978501 -0.031036 4.189000 -0.176016 0.067825 0.982048 -0.000000 0.000000 0.000000 0.000000 1.000000
0.963040 -0.194771 0.186061 0.000000 0.203894 0.978501 -0.031036 4.189000 -0.176016 0.067825 0.982048 -0.000000 0.000000 0.000000 0.000000 1.000000
0.963040 -0.194771 0.186060 0.000000 0.203894 0.978501 -0.031036 4.189000 -0.176015 0.067826 0.982048 0.000000 0.000000 0.000000 0.000000 1.000000
0.963040 -0.194771 0.186060 0.000000 0.203894 0.978501 -0.031035 4.189000 -0.176016 0.067825 0.982048 0.000000 0.000000 0.000000 0.000000 1.000000
0.963040 -0.194771 0.186060 -0.000000 0.203894 0.978501 -0.031036 4.189000 -0.176015 0.067825 0.982048 -0.000000 0.000000 0.000000 0.000000 1.000000
0.963040 -0.194771 0.186061 0.000000 0.203894 0.978501 -0.031036 4.189000 -0.176016 0.067826 0.982048 -0.000000 0.000000 0.000000 0.000000 1.000000
0.963040 -0.194771 0.186060 -0.000000 0.203894 0.978501 -0.031036 4.189000 -0.176015 0.067825 0.982048 0.000000 0.000000 0.000000 0.000000 1.000000
0.963040 -0.194770 0.186061 -0.000000 0.203893 0.978501 -0.031035 4.189000 -0.176016 0.067825 0.982048 0.000000 0.000000 0.000000 0.000000 1.000000
0.963040 -0.194771 0.186060 0.000000 0.203894 0.978501 -0.031036 4.189000 -0.176015 0.067825 0.982048 0.000000 0.000000 0.000000 0.000000 1.000000
0.963040 -0.194771 0.186060 0.000000 0.203894 0.978501 -0.031036 4.189000 -0.176015 0.067825 0.982048 0.000000 0.000000 0.000000 0.000000 1.000000
0.963040 -0.194771 0.186061 -0.000000 0.203894 0.978501 -0.031036 4.189000 -0.176016 0.067825 0.982048 -0.000000 0.000000 0.000000 0.000000 1.000000
0.963040 -0.194771 0.186060 0.000000 0.203894 0.978501 -0.031036 4.189000 -0.176015 0.067825 0.982048 0.000000 0.000000 0.000000 0.000000 1.000000
0.963040 -0.194771 0.186061 0.000000 0.203894 0.978501 -0.031035 4.189000 -0.176016 0.067825 0.982048 0.000000 0.000000 0.000000 0.000000 1.000000
0.963040 -0.194771 0.186061 0.000000 0.203894 0.978501 -0.031036 4.189000 -0.176016 0.067825 0.982048 -0.000000 0.000000 0.000000 0.000000 1.000000
0.963040 -0.194771 0.186060 0.000000 0.203894 0.978501 -0.031036 4.189000 -0.176015 0.067825 0.982048 -0.000000 0.000000 0.000000 0.000000 1.000000
0.963040 -0.194771 0.186061 -0.000000 0.203894 0.978501 -0.031036 4.189000 -0.176016 0.067825 0.982048 0.000000 0.000000 0.000000 0.000000 1.000000
0.963040 -0.194771 0.186061 0.000000 0.203894 0.978501 -0.031036 4.189000 -0.176016 0.067825 0.982048 0.000000 0.000000 0.000000 0.000000 1.000000
0.963040 -0.194771 0.186061 0.000000 0.203894 0.978501 -0.031036 4.189000 -0.176016 0.067825 0.982048 -0.000000 0.000000 0.000000 0.000000 1.000000
0.963040 -0.194771 0.186060 0.000000 0.203894 0.978501 -0.031036 4.189000 -0.176015 0.067825 0.982048 0.000000 0.000000 0.000000 0.000000 1.000000
0.963040 -0.194771 0.186060 -0.000000 0.203894 0.978501 -0.031036 4.189000 -0.176015 0.067825 0.982048 0.000000 0.000000 0.000000 0.000000 1.000000
0.963040 -0.194771 0.186060 0.000000 0.203894 0.978501 -0.031036 4.189000 -0.176015 0.067825 0.982048 0.000000 0.000000 0.000000 0.000000 1.000000
0.963040 -0.194771 0.186061 0.000000 0.203894 0.978501 -0.031036 4.189000 -0.176016 0.067825 0.982048 0.000000 0.000000 0.000000 0.000000 1.000000
0.963040 -0.194771 0.186060 0.000000 0.203894 0.978501 -0.031036 4.189000 -0.176015 0.067825 0.982048 0.000000 0.000000 0.000000 0.000000 1.000000
0.963040 -0.194770 0.186060 0.000000 0.203893 0.978501 -0.031036 4.189000 -0.176015 0.067825 0.982048 -0.000000 0.000000 0.000000 0.000000 1.000000
0.963040 -0.194771 0.186060 0.000000 0.203894 0.978501 -0.031036 4.189000 -0.176015 0.067825 0.982048 -0.000000 0.000000 0.000000 0.000000 1.000000
0.963040 -0.194771 0.186061 0.000000 0.203894 0.978501 -0.031036 4.189000 -0.176016 0.067825 0.982048 0.000000 0.000000 0.000000 0.000000 1.000000
0.963040 -0.194770 0.186060 0.000000 0.203893 0.978501 -0.031036 4.189000 -0.176015 0.067825 0.982048 0.000000 0.000000 0.000000 0.000000 1.000000
0.963040 -0.194770 0.186060 -0.000000 0.203893 0.978501 -0.031036 4.189000 -0.176015 0.067825 0.982048 -0.000000 0.000000 0.000000 0.000000 1.000000
0.963040 -0.194771 0.186060 0.000000 0.203894 0.978501 -0.031036 4.189000 -0.176015 0.067825 0.982048 0.000000 0.000000 0.000000 0.000000 1.000000
0.963040 -0.194771 0.186060 0.000000 0.203894 0.978501 -0.031036 4.189000 -0.176015 0.067825 0.982048 0.000000 0.000000 0.000000 0.000000 1.000000
0.963040 -0.194770 0.186060 -0.000000 0.203893 0.978501 -0.031036 4.189000 -0.176015 0.067825 0.982048 0.000000 0.000000 0.000000 0.000000 1.000000
0.963040 -0.194771 0.186060 -0.000000 0.203894 0.978501 -0.031036 4.189000 -0.176015 0.067825 0.982048 -0.000000 0.000000 0.000000 0.000000 1.000000
0.963040 -0.194771 0.186060 0.000000 0.203894 0.978501 -0.031036 4.189000 -0.176015 0.067826 0.982048 0.000000 0.000000 0.000000 0.000000 1.000000
0.963040 -0.194771 0.186060 -0.000000 0.203894 0.978501 -0.031035 4.189000 -0.176015 0.067825 0.982048 -0.000000 0.000000 0.000000 0.000000 1.000000
0.963040 -0.194771 0.186061 0.000000 0.203895 0.978501 -0.031036 4.189000 -0.176016 0.067825 0.982048 -0.000000 0.000000 0.000000 0.000000 1.000000
0.963040 -0.194771 0.186061 -0.000000 0.203894 0.978501 -0.031035 4.189000 -0.176016 0.067825 0.982048 0.000000 0.000000 0.000000 0.000000 1.000000
0.963040 -0.194771 0.186060 0.000000 0.203894 0.978501 -0.031036 4.189000 -0.176015 0.067825 0.982048 -0.000000 0.000000 0.000000 0.000000 1.000000
0.963040 -0.194771 0.186061 0.000000 0.203894 0.978501 -0.031036 4.189000 -0.176016 0.067825 0.982048 0.000000 0.000000 0.000000 0.000000 1.000000</float_array>
        <technique_common>
          <accessor source="#mixamorig_RightHandThumb2-Matrix-animation-output-transform-array" count="69" stride="16">
            <param type="float4x4"/>
          </accessor>
        </technique_common>
      </source>
      <source id="mixamorig_RightHandThumb2-Interpolations">
        <Name_array id="mixamorig_RightHandThumb2-Interpolations-array" count="69">
 LINEAR LINEAR LINEAR LINEAR LINEAR LINEAR LINEAR LINEAR LINEAR LINEAR LINEAR
LINEAR LINEAR LINEAR LINEAR LINEAR LINEAR LINEAR LINEAR LINEAR LINEAR LINEAR LINEAR
LINEAR LINEAR LINEAR LINEAR LINEAR LINEAR LINEAR LINEAR LINEAR LINEAR LINEAR LINEAR
LINEAR LINEAR LINEAR LINEAR LINEAR LINEAR LINEAR LINEAR LINEAR LINEAR LINEAR LINEAR
LINEAR LINEAR LINEAR LINEAR LINEAR LINEAR LINEAR LINEAR LINEAR LINEAR LINEAR LINEAR
LINEAR LINEAR LINEAR LINEAR LINEAR LINEAR LINEAR LINEAR LINEAR LINEAR</Name_array>
        <technique_common>
          <accessor source="#mixamorig_RightHandThumb2-Interpolations-array" count="69">
            <param type="name"/>
          </accessor>
        </technique_common>
      </source>
      <sampler id="mixamorig_RightHandThumb2-Matrix-animation-transform">
        <input semantic="INPUT" source="#mixamorig_RightHandThumb2-Matrix-animation-input"/>
        <input semantic="OUTPUT" source="#mixamorig_RightHandThumb2-Matrix-animation-output-transform"/>
        <input semantic="INTERPOLATION" source="#mixamorig_RightHandThumb2-Interpolations"/>
      </sampler>
      <channel source="#mixamorig_RightHandThumb2-Matrix-animation-transform" target="mixamorig_RightHandThumb2/matrix"/>
    </animation>
    <animation id="mixamorig_RightHandThumb3-anim" name="mixamorig_RightHandThumb3">
      <source id="mixamorig_RightHandThumb3-Matrix-animation-input">
        <float_array id="mixamorig_RightHandThumb3-Matrix-animation-input-array" count="69">

0.000000 0.033333 0.066667 0.100000 0.133333 0.166667 0.200000 0.233333 0.266667 0.300000 0.333333 0.366667 0.400000 0.433333 0.466667 0.500000
0.533333 0.566667 0.600000 0.633333 0.666667 0.700000 0.733333 0.766667 0.800000 0.833333 0.866667 0.900000 0.933333 0.966667 1.000000 1.033333
1.066667 1.100000 1.133333 1.166667 1.200000 1.233333 1.266667 1.300000 1.333333 1.366667 1.400000 1.433333 1.466667 1.500000 1.533333 1.566667
1.600000 1.633333 1.666667 1.700000 1.733333 1.766667 1.800000 1.833333 1.866667 1.900000 1.933333 1.966667 2.000000 2.033333 2.066667 2.100000
2.133333 2.166667 2.200000 2.233333 2.266667</float_array>
        <technique_common>
          <accessor source="#mixamorig_RightHandThumb3-Matrix-animation-input-array" count="69">
            <param name="TIME" type="float"/>
          </accessor>
        </technique_common>
      </source>
      <source id="mixamorig_RightHandThumb3-Matrix-animation-output-transform">
        <float_array id="mixamorig_RightHandThumb3-Matrix-animation-output-transform-array" count="1104">

0.811080 -0.584370 0.025712 -0.000000 0.584830 0.809319 -0.054562 3.416300 0.011075 0.059291 0.998179 0.000000 0.000000 0.000000 0.000000 1.000000
0.811079 -0.584371 0.025713 -0.000000 0.584831 0.809318 -0.054561 3.416300 0.011074 0.059291 0.998179 0.000000 0.000000 0.000000 0.000000 1.000000
0.811080 -0.584370 0.025712 -0.000000 0.584831 0.809318 -0.054562 3.416300 0.011075 0.059291 0.998179 0.000000 0.000000 0.000000 0.000000 1.000000
0.811080 -0.584370 0.025712 0.000000 0.584831 0.809318 -0.054562 3.416300 0.011075 0.059291 0.998179 -0.000000 0.000000 0.000000 0.000000 1.000000
0.811080 -0.584370 0.025712 -0.000000 0.584831 0.809318 -0.054562 3.416300 0.011075 0.059291 0.998179 0.000000 0.000000 0.000000 0.000000 1.000000
0.811080 -0.584370 0.025712 -0.000000 0.584831 0.809318 -0.054561 3.416300 0.011074 0.059291 0.998179 0.000000 0.000000 0.000000 0.000000 1.000000
0.811080 -0.584370 0.025712 0.000000 0.584831 0.809318 -0.054561 3.416300 0.011075 0.059291 0.998179 0.000000 0.000000 0.000000 0.000000 1.000000
0.811080 -0.584370 0.025712 0.000000 0.584831 0.809318 -0.054561 3.416300 0.011074 0.059291 0.998179 0.000000 0.000000 0.000000 0.000000 1.000000
0.811080 -0.584370 0.025713 0.000000 0.584831 0.809318 -0.054561 3.416300 0.011074 0.059291 0.998179 0.000000 0.000000 0.000000 0.000000 1.000000
0.811080 -0.584370 0.025712 -0.000000 0.584831 0.809318 -0.054562 3.416300 0.011075 0.059291 0.998179 -0.000000 0.000000 0.000000 0.000000 1.000000
0.811079 -0.584371 0.025713 0.000000 0.584831 0.809318 -0.054561 3.416300 0.011074 0.059291 0.998179 0.000000 0.000000 0.000000 0.000000 1.000000
0.811080 -0.584370 0.025713 0.000000 0.584831 0.809318 -0.054561 3.416300 0.011074 0.059291 0.998179 0.000000 0.000000 0.000000 0.000000 1.000000
0.811080 -0.584370 0.025712 0.000000 0.584831 0.809318 -0.054562 3.416300 0.011075 0.059291 0.998179 -0.000000 0.000000 0.000000 0.000000 1.000000
0.811080 -0.584370 0.025712 0.000000 0.584831 0.809318 -0.054561 3.416300 0.011075 0.059291 0.998179 0.000000 0.000000 0.000000 0.000000 1.000000
0.811079 -0.584371 0.025713 0.000000 0.584831 0.809318 -0.054561 3.416300 0.011074 0.059291 0.998179 -0.000000 0.000000 0.000000 0.000000 1.000000
0.811079 -0.584371 0.025712 0.000000 0.584831 0.809318 -0.054562 3.416300 0.011075 0.059291 0.998179 -0.000000 0.000000 0.000000 0.000000 1.000000
0.811080 -0.584370 0.025712 -0.000000 0.584831 0.809318 -0.054561 3.416300 0.011075 0.059291 0.998179 -0.000000 0.000000 0.000000 0.000000 1.000000
0.811079 -0.584371 0.025713 0.000000 0.584831 0.809318 -0.054561 3.416300 0.011074 0.059291 0.998179 0.000000 0.000000 0.000000 0.000000 1.000000
0.811079 -0.584371 0.025713 0.000000 0.584832 0.809318 -0.054561 3.416300 0.011074 0.059291 0.998179 0.000000 0.000000 0.000000 0.000000 1.000000
0.811080 -0.584370 0.025712 0.000000 0.584831 0.809318 -0.054561 3.416300 0.011074 0.059291 0.998179 -0.000000 0.000000 0.000000 0.000000 1.000000
0.811080 -0.584370 0.025712 0.000000 0.584831 0.809318 -0.054561 3.416300 0.011075 0.059291 0.998179 -0.000000 0.000000 0.000000 0.000000 1.000000
0.811079 -0.584371 0.025713 -0.000000 0.584831 0.809318 -0.054561 3.416300 0.011074 0.059291 0.998179 0.000000 0.000000 0.000000 0.000000 1.000000
0.811080 -0.584371 0.025712 0.000000 0.584831 0.809318 -0.054561 3.416300 0.011074 0.059291 0.998179 0.000000 0.000000 0.000000 0.000000 1.000000
0.811079 -0.584371 0.025712 -0.000000 0.584831 0.809318 -0.054561 3.416300 0.011075 0.059291 0.998179 0.000000 0.000000 0.000000 0.000000 1.000000
0.811080 -0.584370 0.025713 0.000000 0.584831 0.809318 -0.054562 3.416300 0.011074 0.059292 0.998179 0.000000 0.000000 0.000000 0.000000 1.000000
0.811080 -0.584370 0.025712 0.000000 0.584831 0.809318 -0.054561 3.416300 0.011074 0.059291 0.998179 0.000000 0.000000 0.000000 0.000000 1.000000
0.811080 -0.584370 0.025713 0.000000 0.584831 0.809318 -0.054562 3.416300 0.011074 0.059291 0.998179 0.000000 0.000000 0.000000 0.000000 1.000000
0.811080 -0.584370 0.025713 0.000000 0.584831 0.809318 -0.054562 3.416300 0.011075 0.059291 0.998179 0.000000 0.000000 0.000000 0.000000 1.000000
0.811079 -0.584371 0.025713 0.000000 0.584832 0.809318 -0.054561 3.416300 0.011074 0.059291 0.998179 -0.000000 0.000000 0.000000 0.000000 1.000000
0.811079 -0.584371 0.025712 0.000000 0.584831 0.809318 -0.054561 3.416300 0.011075 0.059291 0.998179 -0.000000 0.000000 0.000000 0.000000 1.000000
0.811079 -0.584371 0.025712 -0.000000 0.584831 0.809318 -0.054561 3.416300 0.011074 0.059291 0.998179 0.000000 0.000000 0.000000 0.000000 1.000000
0.811080 -0.584370 0.025712 -0.000000 0.584831 0.809318 -0.054561 3.416300 0.011075 0.059291 0.998179 -0.000000 0.000000 0.000000 0.000000 1.000000
0.811080 -0.584371 0.025712 0.000000 0.584831 0.809318 -0.054561 3.416300 0.011075 0.059291 0.998179 0.000000 0.000000 0.000000 0.000000 1.000000
0.811079 -0.584371 0.025713 0.000000 0.584831 0.809318 -0.054561 3.416300 0.011074 0.059291 0.998179 0.000000 0.000000 0.000000 0.000000 1.000000
0.811079 -0.584371 0.025712 0.000000 0.584831 0.809318 -0.054562 3.416300 0.011075 0.059291 0.998179 0.000000 0.000000 0.000000 0.000000 1.000000
0.811080 -0.584370 0.025712 0.000000 0.584831 0.809318 -0.054561 3.416300 0.011074 0.059291 0.998179 0.000000 0.000000 0.000000 0.000000 1.000000
0.811080 -0.584370 0.025712 0.000000 0.584831 0.809318 -0.054561 3.416300 0.011074 0.059290 0.998179 0.000000 0.000000 0.000000 0.000000 1.000000
0.811080 -0.584370 0.025713 0.000000 0.584831 0.809318 -0.054561 3.416300 0.011074 0.059291 0.998179 -0.000000 0.000000 0.000000 0.000000 1.000000
0.811079 -0.584371 0.025712 0.000000 0.584831 0.809318 -0.054562 3.416300 0.011075 0.059291 0.998179 0.000000 0.000000 0.000000 0.000000 1.000000
0.811080 -0.584371 0.025712 0.000000 0.584831 0.809318 -0.054561 3.416300 0.011075 0.059291 0.998179 -0.000000 0.000000 0.000000 0.000000 1.000000
0.811079 -0.584371 0.025712 0.000000 0.584831 0.809318 -0.054561 3.416300 0.011075 0.059291 0.998179 0.000000 0.000000 0.000000 0.000000 1.000000
0.811080 -0.584370 0.025712 -0.000000 0.584831 0.809318 -0.054562 3.416300 0.011075 0.059291 0.998179 0.000000 0.000000 0.000000 0.000000 1.000000
0.811080 -0.584370 0.025712 -0.000000 0.584831 0.809318 -0.054561 3.416300 0.011074 0.059291 0.998179 -0.000000 0.000000 0.000000 0.000000 1.000000
0.811079 -0.584371 0.025712 0.000000 0.584831 0.809318 -0.054561 3.416300 0.011075 0.059291 0.998179 0.000000 0.000000 0.000000 0.000000 1.000000
0.811079 -0.584371 0.025712 0.000000 0.584831 0.809318 -0.054562 3.416300 0.011075 0.059291 0.998179 -0.000000 0.000000 0.000000 0.000000 1.000000
0.811079 -0.584371 0.025713 0.000000 0.584831 0.809318 -0.054561 3.416300 0.011074 0.059291 0.998179 0.000000 0.000000 0.000000 0.000000 1.000000
0.811080 -0.584370 0.025712 0.000000 0.584831 0.809318 -0.054561 3.416300 0.011075 0.059291 0.998179 0.000000 0.000000 0.000000 0.000000 1.000000
0.811079 -0.584371 0.025712 -0.000000 0.584831 0.809318 -0.054562 3.416300 0.011075 0.059291 0.998179 -0.000000 0.000000 0.000000 0.000000 1.000000
0.811079 -0.584371 0.025712 0.000000 0.584831 0.809318 -0.054562 3.416300 0.011075 0.059291 0.998179 0.000000 0.000000 0.000000 0.000000 1.000000
0.811080 -0.584370 0.025713 -0.000000 0.584831 0.809318 -0.054561 3.416300 0.011074 0.059291 0.998179 0.000000 0.000000 0.000000 0.000000 1.000000
0.811079 -0.584371 0.025712 0.000000 0.584831 0.809318 -0.054562 3.416300 0.011075 0.059291 0.998179 0.000000 0.000000 0.000000 0.000000 1.000000
0.811080 -0.584370 0.025712 -0.000000 0.584831 0.809318 -0.054561 3.416300 0.011074 0.059291 0.998179 0.000000 0.000000 0.000000 0.000000 1.000000
0.811079 -0.584371 0.025712 0.000000 0.584831 0.809318 -0.054562 3.416300 0.011075 0.059291 0.998179 0.000000 0.000000 0.000000 0.000000 1.000000
0.811079 -0.584371 0.025713 0.000000 0.584832 0.809318 -0.054561 3.416300 0.011074 0.059291 0.998179 0.000000 0.000000 0.000000 0.000000 1.000000
0.811079 -0.584371 0.025712 0.000000 0.584831 0.809318 -0.054561 3.416300 0.011075 0.059291 0.998179 0.000000 0.000000 0.000000 0.000000 1.000000
0.811079 -0.584371 0.025713 0.000000 0.584831 0.809318 -0.054562 3.416300 0.011075 0.059291 0.998179 0.000000 0.000000 0.000000 0.000000 1.000000
0.811080 -0.584370 0.025712 -0.000000 0.584830 0.809318 -0.054562 3.416300 0.011075 0.059291 0.998179 0.000000 0.000000 0.000000 0.000000 1.000000
0.811079 -0.584371 0.025713 -0.000000 0.584831 0.809318 -0.054562 3.416300 0.011074 0.059291 0.998179 0.000000 0.000000 0.000000 0.000000 1.000000
0.811079 -0.584371 0.025712 0.000000 0.584831 0.809318 -0.054561 3.416300 0.011075 0.059291 0.998179 0.000000 0.000000 0.000000 0.000000 1.000000
0.811079 -0.584371 0.025712 0.000000 0.584831 0.809318 -0.054562 3.416300 0.011075 0.059291 0.998179 0.000000 0.000000 0.000000 0.000000 1.000000
0.811080 -0.584370 0.025712 0.000000 0.584831 0.809318 -0.054561 3.416300 0.011074 0.059291 0.998179 0.000000 0.000000 0.000000 0.000000 1.000000
0.811080 -0.584370 0.025712 0.000000 0.584831 0.809318 -0.054561 3.416300 0.011075 0.059291 0.998179 -0.000000 0.000000 0.000000 0.000000 1.000000
0.811079 -0.584371 0.025712 -0.000000 0.584831 0.809318 -0.054561 3.416300 0.011075 0.059291 0.998179 0.000000 0.000000 0.000000 0.000000 1.000000
0.811079 -0.584371 0.025713 0.000000 0.584831 0.809318 -0.054561 3.416300 0.011074 0.059291 0.998179 0.000000 0.000000 0.000000 0.000000 1.000000
0.811080 -0.584371 0.025712 0.000000 0.584831 0.809318 -0.054561 3.416300 0.011074 0.059291 0.998179 -0.000000 0.000000 0.000000 0.000000 1.000000
0.811080 -0.584370 0.025712 0.000000 0.584831 0.809318 -0.054561 3.416300 0.011075 0.059291 0.998179 0.000000 0.000000 0.000000 0.000000 1.000000
0.811080 -0.584370 0.025712 0.000000 0.584831 0.809318 -0.054562 3.416300 0.011075 0.059291 0.998179 0.000000 0.000000 0.000000 0.000000 1.000000
0.811080 -0.584370 0.025712 0.000000 0.584831 0.809318 -0.054561 3.416300 0.011075 0.059291 0.998179 0.000000 0.000000 0.000000 0.000000 1.000000
0.811080 -0.584370 0.025712 0.000000 0.584831 0.809318 -0.054562 3.416300 0.011075 0.059291 0.998179 -0.000000 0.000000 0.000000 0.000000 1.000000</float_array>
        <technique_common>
          <accessor source="#mixamorig_RightHandThumb3-Matrix-animation-output-transform-array" count="69" stride="16">
            <param type="float4x4"/>
          </accessor>
        </technique_common>
      </source>
      <source id="mixamorig_RightHandThumb3-Interpolations">
        <Name_array id="mixamorig_RightHandThumb3-Interpolations-array" count="69">
 LINEAR LINEAR LINEAR LINEAR LINEAR LINEAR LINEAR LINEAR LINEAR LINEAR LINEAR
LINEAR LINEAR LINEAR LINEAR LINEAR LINEAR LINEAR LINEAR LINEAR LINEAR LINEAR LINEAR
LINEAR LINEAR LINEAR LINEAR LINEAR LINEAR LINEAR LINEAR LINEAR LINEAR LINEAR LINEAR
LINEAR LINEAR LINEAR LINEAR LINEAR LINEAR LINEAR LINEAR LINEAR LINEAR LINEAR LINEAR
LINEAR LINEAR LINEAR LINEAR LINEAR LINEAR LINEAR LINEAR LINEAR LINEAR LINEAR LINEAR
LINEAR LINEAR LINEAR LINEAR LINEAR LINEAR LINEAR LINEAR LINEAR LINEAR</Name_array>
        <technique_common>
          <accessor source="#mixamorig_RightHandThumb3-Interpolations-array" count="69">
            <param type="name"/>
          </accessor>
        </technique_common>
      </source>
      <sampler id="mixamorig_RightHandThumb3-Matrix-animation-transform">
        <input semantic="INPUT" source="#mixamorig_RightHandThumb3-Matrix-animation-input"/>
        <input semantic="OUTPUT" source="#mixamorig_RightHandThumb3-Matrix-animation-output-transform"/>
        <input semantic="INTERPOLATION" source="#mixamorig_RightHandThumb3-Interpolations"/>
      </sampler>
      <channel source="#mixamorig_RightHandThumb3-Matrix-animation-transform" target="mixamorig_RightHandThumb3/matrix"/>
    </animation>
    <animation id="mixamorig_RightHandIndex1-anim" name="mixamorig_RightHandIndex1">
      <source id="mixamorig_RightHandIndex1-Matrix-animation-input">
        <float_array id="mixamorig_RightHandIndex1-Matrix-animation-input-array" count="69">

0.000000 0.033333 0.066667 0.100000 0.133333 0.166667 0.200000 0.233333 0.266667 0.300000 0.333333 0.366667 0.400000 0.433333 0.466667 0.500000
0.533333 0.566667 0.600000 0.633333 0.666667 0.700000 0.733333 0.766667 0.800000 0.833333 0.866667 0.900000 0.933333 0.966667 1.000000 1.033333
1.066667 1.100000 1.133333 1.166667 1.200000 1.233333 1.266667 1.300000 1.333333 1.366667 1.400000 1.433333 1.466667 1.500000 1.533333 1.566667
1.600000 1.633333 1.666667 1.700000 1.733333 1.766667 1.800000 1.833333 1.866667 1.900000 1.933333 1.966667 2.000000 2.033333 2.066667 2.100000
2.133333 2.166667 2.200000 2.233333 2.266667</float_array>
        <technique_common>
          <accessor source="#mixamorig_RightHandIndex1-Matrix-animation-input-array" count="69">
            <param name="TIME" type="float"/>
          </accessor>
        </technique_common>
      </source>
      <source id="mixamorig_RightHandIndex1-Matrix-animation-output-transform">
        <float_array id="mixamorig_RightHandIndex1-Matrix-animation-output-transform-array" count="1104">

0.986395 0.045833 -0.157875 2.259800 -0.131994 0.793267 -0.594395 9.108300 0.097994 0.607146 0.788524 0.517900 0.000000 0.000000 0.000000 1.000000
0.986395 0.045834 -0.157875 2.259800 -0.131994 0.793267 -0.594395 9.108300 0.097994 0.607146 0.788524 0.517900 0.000000 0.000000 0.000000 1.000000
0.986395 0.045833 -0.157875 2.259800 -0.131994 0.793267 -0.594395 9.108300 0.097994 0.607146 0.788524 0.517900 0.000000 0.000000 0.000000 1.000000
0.986395 0.045834 -0.157874 2.259800 -0.131994 0.793267 -0.594394 9.108300 0.097993 0.607146 0.788525 0.517900 0.000000 0.000000 0.000000 1.000000
0.986395 0.045833 -0.157875 2.259800 -0.131994 0.793267 -0.594394 9.108300 0.097994 0.607146 0.788525 0.517900 0.000000 0.000000 0.000000 1.000000
0.986395 0.045834 -0.157875 2.259800 -0.131994 0.793267 -0.594394 9.108300 0.097994 0.607146 0.788524 0.517900 0.000000 0.000000 0.000000 1.000000
0.986395 0.045833 -0.157875 2.259800 -0.131994 0.793267 -0.594395 9.108300 0.097994 0.607146 0.788524 0.517900 0.000000 0.000000 0.000000 1.000000
0.986395 0.045833 -0.157875 2.259800 -0.131994 0.793267 -0.594394 9.108300 0.097994 0.607146 0.788524 0.517900 0.000000 0.000000 0.000000 1.000000
0.986395 0.045834 -0.157875 2.259800 -0.131994 0.793267 -0.594394 9.108300 0.097994 0.607146 0.788525 0.517900 0.000000 0.000000 0.000000 1.000000
0.986395 0.045834 -0.157875 2.259800 -0.131994 0.793267 -0.594395 9.108300 0.097994 0.607146 0.788524 0.517900 0.000000 0.000000 0.000000 1.000000
0.986395 0.045834 -0.157875 2.259800 -0.131994 0.793267 -0.594394 9.108300 0.097994 0.607146 0.788525 0.517900 0.000000 0.000000 0.000000 1.000000
0.986395 0.045834 -0.157875 2.259800 -0.131994 0.793267 -0.594394 9.108300 0.097994 0.607146 0.788525 0.517900 0.000000 0.000000 0.000000 1.000000
0.986395 0.045833 -0.157875 2.259800 -0.131994 0.793267 -0.594394 9.108300 0.097994 0.607146 0.788524 0.517900 0.000000 0.000000 0.000000 1.000000
0.986395 0.045834 -0.157875 2.259800 -0.131994 0.793268 -0.594394 9.108300 0.097994 0.607146 0.788525 0.517900 0.000000 0.000000 0.000000 1.000000
0.986395 0.045833 -0.157876 2.259800 -0.131994 0.793268 -0.594394 9.108300 0.097994 0.607146 0.788525 0.517900 0.000000 0.000000 0.000000 1.000000
0.986395 0.045833 -0.157875 2.259800 -0.131994 0.793267 -0.594394 9.108300 0.097994 0.607146 0.788525 0.517900 0.000000 0.000000 0.000000 1.000000
0.986395 0.045833 -0.157875 2.259800 -0.131994 0.793267 -0.594394 9.108300 0.097994 0.607146 0.788524 0.517900 0.000000 0.000000 0.000000 1.000000
0.986395 0.045833 -0.157875 2.259800 -0.131994 0.793267 -0.594395 9.108300 0.097994 0.607146 0.788524 0.517900 0.000000 0.000000 0.000000 1.000000
0.986395 0.045834 -0.157875 2.259800 -0.131994 0.793267 -0.594395 9.108300 0.097994 0.607146 0.788524 0.517900 0.000000 0.000000 0.000000 1.000000
0.986395 0.045834 -0.157875 2.259800 -0.131994 0.793267 -0.594394 9.108300 0.097994 0.607146 0.788525 0.517900 0.000000 0.000000 0.000000 1.000000
0.986395 0.045833 -0.157875 2.259800 -0.131994 0.793267 -0.594394 9.108300 0.097994 0.607146 0.788525 0.517900 0.000000 0.000000 0.000000 1.000000
0.986395 0.045833 -0.157875 2.259800 -0.131994 0.793267 -0.594394 9.108300 0.097994 0.607146 0.788525 0.517900 0.000000 0.000000 0.000000 1.000000
0.986395 0.045833 -0.157875 2.259800 -0.131994 0.793267 -0.594394 9.108300 0.097994 0.607146 0.788525 0.517900 0.000000 0.000000 0.000000 1.000000
0.986395 0.045834 -0.157875 2.259800 -0.131994 0.793267 -0.594394 9.108300 0.097994 0.607146 0.788525 0.517900 0.000000 0.000000 0.000000 1.000000
0.986395 0.045833 -0.157875 2.259800 -0.131994 0.793267 -0.594394 9.108300 0.097994 0.607146 0.788524 0.517900 0.000000 0.000000 0.000000 1.000000
0.986395 0.045833 -0.157875 2.259800 -0.131994 0.793267 -0.594395 9.108300 0.097994 0.607147 0.788524 0.517900 0.000000 0.000000 0.000000 1.000000
0.986395 0.045834 -0.157875 2.259800 -0.131994 0.793267 -0.594395 9.108300 0.097994 0.607146 0.788524 0.517900 0.000000 0.000000 0.000000 1.000000
0.986395 0.045833 -0.157875 2.259800 -0.131994 0.793267 -0.594394 9.108300 0.097994 0.607146 0.788525 0.517900 0.000000 0.000000 0.000000 1.000000
0.986395 0.045833 -0.157875 2.259800 -0.131994 0.793267 -0.594395 9.108300 0.097994 0.607146 0.788524 0.517900 0.000000 0.000000 0.000000 1.000000
0.986395 0.045834 -0.157875 2.259800 -0.131994 0.793267 -0.594395 9.108300 0.097994 0.607146 0.788524 0.517900 0.000000 0.000000 0.000000 1.000000
0.986395 0.045834 -0.157875 2.259800 -0.131994 0.793267 -0.594395 9.108300 0.097994 0.607146 0.788524 0.517900 0.000000 0.000000 0.000000 1.000000
0.986395 0.045834 -0.157875 2.259800 -0.131994 0.793267 -0.594395 9.108300 0.097994 0.607146 0.788524 0.517900 0.000000 0.000000 0.000000 1.000000
0.986395 0.045833 -0.157875 2.259800 -0.131994 0.793267 -0.594394 9.108300 0.097994 0.607146 0.788524 0.517900 0.000000 0.000000 0.000000 1.000000
0.986395 0.045834 -0.157875 2.259800 -0.131994 0.793267 -0.594394 9.108300 0.097994 0.607146 0.788525 0.517900 0.000000 0.000000 0.000000 1.000000
0.986395 0.045834 -0.157875 2.259800 -0.131994 0.793267 -0.594394 9.108300 0.097994 0.607146 0.788525 0.517900 0.000000 0.000000 0.000000 1.000000
0.986395 0.045833 -0.157875 2.259800 -0.131994 0.793268 -0.594394 9.108300 0.097994 0.607146 0.788525 0.517900 0.000000 0.000000 0.000000 1.000000
0.986395 0.045834 -0.157875 2.259800 -0.131994 0.793267 -0.594395 9.108300 0.097994 0.607147 0.788524 0.517900 0.000000 0.000000 0.000000 1.000000
0.986395 0.045833 -0.157875 2.259800 -0.131994 0.793267 -0.594394 9.108300 0.097994 0.607146 0.788524 0.517900 0.000000 0.000000 0.000000 1.000000
0.986395 0.045834 -0.157875 2.259800 -0.131994 0.793267 -0.594394 9.108300 0.097994 0.607146 0.788525 0.517900 0.000000 0.000000 0.000000 1.000000
0.986395 0.045834 -0.157875 2.259800 -0.131994 0.793267 -0.594394 9.108300 0.097994 0.607146 0.788524 0.517900 0.000000 0.000000 0.000000 1.000000
0.986395 0.045833 -0.157875 2.259800 -0.131994 0.793267 -0.594394 9.108300 0.097994 0.607146 0.788525 0.517900 0.000000 0.000000 0.000000 1.000000
0.986395 0.045834 -0.157875 2.259800 -0.131994 0.793267 -0.594394 9.108300 0.097994 0.607146 0.788525 0.517900 0.000000 0.000000 0.000000 1.000000
0.986395 0.045833 -0.157875 2.259800 -0.131994 0.793267 -0.594394 9.108300 0.097994 0.607146 0.788524 0.517900 0.000000 0.000000 0.000000 1.000000
0.986395 0.045833 -0.157875 2.259800 -0.131994 0.793268 -0.594394 9.108300 0.097994 0.607146 0.788525 0.517900 0.000000 0.000000 0.000000 1.000000
0.986395 0.045833 -0.157874 2.259800 -0.131994 0.793267 -0.594395 9.108300 0.097993 0.607146 0.788524 0.517900 0.000000 0.000000 0.000000 1.000000
0.986395 0.045833 -0.157875 2.259800 -0.131994 0.793268 -0.594394 9.108300 0.097994 0.607146 0.788525 0.517900 0.000000 0.000000 0.000000 1.000000
0.986395 0.045834 -0.157875 2.259800 -0.131994 0.793267 -0.594395 9.108300 0.097993 0.607146 0.788524 0.517900 0.000000 0.000000 0.000000 1.000000
0.986395 0.045834 -0.157875 2.259800 -0.131995 0.793267 -0.594394 9.108300 0.097994 0.607146 0.788524 0.517900 0.000000 0.000000 0.000000 1.000000
0.986395 0.045833 -0.157876 2.259800 -0.131994 0.793267 -0.594394 9.108300 0.097995 0.607146 0.788524 0.517900 0.000000 0.000000 0.000000 1.000000
0.986395 0.045833 -0.157875 2.259800 -0.131994 0.793267 -0.594394 9.108300 0.097994 0.607146 0.788525 0.517900 0.000000 0.000000 0.000000 1.000000
0.986395 0.045833 -0.157875 2.259800 -0.131994 0.793267 -0.594394 9.108300 0.097994 0.607146 0.788525 0.517900 0.000000 0.000000 0.000000 1.000000
0.986395 0.045834 -0.157875 2.259800 -0.131994 0.793267 -0.594394 9.108300 0.097994 0.607146 0.788525 0.517900 0.000000 0.000000 0.000000 1.000000
0.986395 0.045833 -0.157875 2.259800 -0.131994 0.793268 -0.594394 9.108300 0.097994 0.607146 0.788525 0.517900 0.000000 0.000000 0.000000 1.000000
0.986395 0.045833 -0.157875 2.259800 -0.131994 0.793267 -0.594395 9.108300 0.097994 0.607146 0.788524 0.517900 0.000000 0.000000 0.000000 1.000000
0.986395 0.045834 -0.157875 2.259800 -0.131994 0.793268 -0.594394 9.108300 0.097994 0.607146 0.788525 0.517900 0.000000 0.000000 0.000000 1.000000
0.986395 0.045834 -0.157875 2.259800 -0.131994 0.793267 -0.594394 9.108300 0.097994 0.607146 0.788524 0.517900 0.000000 0.000000 0.000000 1.000000
0.986395 0.045833 -0.157875 2.259800 -0.131994 0.793268 -0.594394 9.108300 0.097994 0.607146 0.788525 0.517900 0.000000 0.000000 0.000000 1.000000
0.986395 0.045834 -0.157875 2.259800 -0.131994 0.793267 -0.594394 9.108300 0.097994 0.607146 0.788524 0.517900 0.000000 0.000000 0.000000 1.000000
0.986395 0.045833 -0.157875 2.259800 -0.131994 0.793267 -0.594394 9.108300 0.097994 0.607146 0.788524 0.517900 0.000000 0.000000 0.000000 1.000000
0.986395 0.045833 -0.157875 2.259800 -0.131993 0.793267 -0.594394 9.108300 0.097994 0.607146 0.788525 0.517900 0.000000 0.000000 0.000000 1.000000
0.986395 0.045834 -0.157875 2.259800 -0.131994 0.793267 -0.594395 9.108300 0.097994 0.607146 0.788524 0.517900 0.000000 0.000000 0.000000 1.000000
0.986395 0.045834 -0.157875 2.259800 -0.131994 0.793267 -0.594395 9.108300 0.097994 0.607147 0.788524 0.517900 0.000000 0.000000 0.000000 1.000000
0.986395 0.045833 -0.157876 2.259800 -0.131994 0.793267 -0.594394 9.108300 0.097995 0.607146 0.788524 0.517900 0.000000 0.000000 0.000000 1.000000
0.986395 0.045834 -0.157875 2.259800 -0.131995 0.793267 -0.594394 9.108300 0.097994 0.607146 0.788525 0.517900 0.000000 0.000000 0.000000 1.000000
0.986395 0.045833 -0.157875 2.259800 -0.131994 0.793267 -0.594394 9.108300 0.097994 0.607146 0.788524 0.517900 0.000000 0.000000 0.000000 1.000000
0.986395 0.045833 -0.157875 2.259800 -0.131994 0.793267 -0.594395 9.108300 0.097994 0.607146 0.788524 0.517900 0.000000 0.000000 0.000000 1.000000
0.986395 0.045834 -0.157875 2.259800 -0.131994 0.793267 -0.594394 9.108300 0.097994 0.607146 0.788524 0.517900 0.000000 0.000000 0.000000 1.000000
0.986395 0.045833 -0.157875 2.259800 -0.131994 0.793267 -0.594394 9.108300 0.097994 0.607146 0.788524 0.517900 0.000000 0.000000 0.000000 1.000000
0.986395 0.045834 -0.157875 2.259800 -0.131994 0.793267 -0.594394 9.108300 0.097994 0.607146 0.788524 0.517900 0.000000 0.000000 0.000000 1.000000</float_array>
        <technique_common>
          <accessor source="#mixamorig_RightHandIndex1-Matrix-animation-output-transform-array" count="69" stride="16">
            <param type="float4x4"/>
          </accessor>
        </technique_common>
      </source>
      <source id="mixamorig_RightHandIndex1-Interpolations">
        <Name_array id="mixamorig_RightHandIndex1-Interpolations-array" count="69">
 LINEAR LINEAR LINEAR LINEAR LINEAR LINEAR LINEAR LINEAR LINEAR LINEAR LINEAR
LINEAR LINEAR LINEAR LINEAR LINEAR LINEAR LINEAR LINEAR LINEAR LINEAR LINEAR LINEAR
LINEAR LINEAR LINEAR LINEAR LINEAR LINEAR LINEAR LINEAR LINEAR LINEAR LINEAR LINEAR
LINEAR LINEAR LINEAR LINEAR LINEAR LINEAR LINEAR LINEAR LINEAR LINEAR LINEAR LINEAR
LINEAR LINEAR LINEAR LINEAR LINEAR LINEAR LINEAR LINEAR LINEAR LINEAR LINEAR LINEAR
LINEAR LINEAR LINEAR LINEAR LINEAR LINEAR LINEAR LINEAR LINEAR LINEAR</Name_array>
        <technique_common>
          <accessor source="#mixamorig_RightHandIndex1-Interpolations-array" count="69">
            <param type="name"/>
          </accessor>
        </technique_common>
      </source>
      <sampler id="mixamorig_RightHandIndex1-Matrix-animation-transform">
        <input semantic="INPUT" source="#mixamorig_RightHandIndex1-Matrix-animation-input"/>
        <input semantic="OUTPUT" source="#mixamorig_RightHandIndex1-Matrix-animation-output-transform"/>
        <input semantic="INTERPOLATION" source="#mixamorig_RightHandIndex1-Interpolations"/>
      </sampler>
      <channel source="#mixamorig_RightHandIndex1-Matrix-animation-transform" target="mixamorig_RightHandIndex1/matrix"/>
    </animation>
    <animation id="mixamorig_RightHandIndex2-anim" name="mixamorig_RightHandIndex2">
      <source id="mixamorig_RightHandIndex2-Matrix-animation-input">
        <float_array id="mixamorig_RightHandIndex2-Matrix-animation-input-array" count="69">

0.000000 0.033333 0.066667 0.100000 0.133333 0.166667 0.200000 0.233333 0.266667 0.300000 0.333333 0.366667 0.400000 0.433333 0.466667 0.500000
0.533333 0.566667 0.600000 0.633333 0.666667 0.700000 0.733333 0.766667 0.800000 0.833333 0.866667 0.900000 0.933333 0.966667 1.000000 1.033333
1.066667 1.100000 1.133333 1.166667 1.200000 1.233333 1.266667 1.300000 1.333333 1.366667 1.400000 1.433333 1.466667 1.500000 1.533333 1.566667
1.600000 1.633333 1.666667 1.700000 1.733333 1.766667 1.800000 1.833333 1.866667 1.900000 1.933333 1.966667 2.000000 2.033333 2.066667 2.100000
2.133333 2.166667 2.200000 2.233333 2.266667</float_array>
        <technique_common>
          <accessor source="#mixamorig_RightHandIndex2-Matrix-animation-input-array" count="69">
            <param name="TIME" type="float"/>
          </accessor>
        </technique_common>
      </source>
      <source id="mixamorig_RightHandIndex2-Matrix-animation-output-transform">
        <float_array id="mixamorig_RightHandIndex2-Matrix-animation-output-transform-array" count="1104">

0.997606 0.006898 -0.068814 0.000000 -0.066695 0.359191 -0.930878 3.700000 0.018296 0.933239 0.358791 0.000000 0.000000 0.000000 0.000000 1.000000
0.997606 0.006898 -0.068814 0.000000 -0.066695 0.359192 -0.930878 3.700000 0.018296 0.933238 0.358792 0.000000 0.000000 0.000000 0.000000 1.000000
0.997606 0.006899 -0.068814 -0.000000 -0.066695 0.359191 -0.930878 3.700000 0.018295 0.933239 0.358791 0.000000 0.000000 0.000000 0.000000 1.000000
0.997606 0.006899 -0.068814 0.000000 -0.066696 0.359191 -0.930878 3.700000 0.018296 0.933239 0.358791 0.000000 0.000000 0.000000 0.000000 1.000000
0.997606 0.006898 -0.068814 0.000000 -0.066695 0.359191 -0.930878 3.700000 0.018296 0.933239 0.358791 0.000000 0.000000 0.000000 0.000000 1.000000
0.997606 0.006899 -0.068814 0.000000 -0.066695 0.359191 -0.930878 3.700000 0.018295 0.933239 0.358791 0.000000 0.000000 0.000000 0.000000 1.000000
0.997606 0.006898 -0.068814 -0.000000 -0.066695 0.359191 -0.930878 3.700000 0.018296 0.933238 0.358791 0.000000 0.000000 0.000000 0.000000 1.000000
0.997606 0.006899 -0.068814 0.000000 -0.066695 0.359191 -0.930878 3.700000 0.018296 0.933239 0.358791 0.000000 0.000000 0.000000 0.000000 1.000000
0.997606 0.006899 -0.068814 -0.000000 -0.066695 0.359191 -0.930878 3.700000 0.018295 0.933239 0.358791 0.000000 0.000000 0.000000 0.000000 1.000000
0.997606 0.006899 -0.068814 0.000000 -0.066695 0.359191 -0.930878 3.700000 0.018296 0.933239 0.358791 0.000000 0.000000 0.000000 0.000000 1.000000
0.997606 0.006899 -0.068814 0.000000 -0.066695 0.359191 -0.930878 3.700000 0.018296 0.933238 0.358792 0.000000 0.000000 0.000000 0.000000 1.000000
0.997606 0.006899 -0.068814 0.000000 -0.066695 0.359192 -0.930878 3.700000 0.018296 0.933238 0.358792 -0.000000 0.000000 0.000000 0.000000 1.000000
0.997606 0.006899 -0.068815 0.000000 -0.066696 0.359191 -0.930878 3.700000 0.018296 0.933238 0.358792 -0.000000 0.000000 0.000000 0.000000 1.000000
0.997606 0.006899 -0.068814 0.000000 -0.066695 0.359190 -0.930878 3.700000 0.018295 0.933239 0.358790 -0.000000 0.000000 0.000000 0.000000 1.000000
0.997606 0.006899 -0.068814 0.000000 -0.066695 0.359191 -0.930878 3.700000 0.018295 0.933239 0.358791 0.000000 0.000000 0.000000 0.000000 1.000000
0.997606 0.006899 -0.068814 -0.000000 -0.066695 0.359191 -0.930878 3.700000 0.018295 0.933239 0.358791 0.000000 0.000000 0.000000 0.000000 1.000000
0.997606 0.006899 -0.068814 0.000000 -0.066695 0.359191 -0.930878 3.700000 0.018295 0.933238 0.358792 0.000000 0.000000 0.000000 0.000000 1.000000
0.997606 0.006899 -0.068814 0.000000 -0.066695 0.359191 -0.930878 3.700000 0.018295 0.933239 0.358791 0.000000 0.000000 0.000000 0.000000 1.000000
0.997606 0.006899 -0.068814 0.000000 -0.066695 0.359191 -0.930878 3.700000 0.018295 0.933239 0.358791 0.000000 0.000000 0.000000 0.000000 1.000000
0.997606 0.006898 -0.068814 -0.000000 -0.066695 0.359192 -0.930878 3.700000 0.018296 0.933238 0.358792 0.000000 0.000000 0.000000 0.000000 1.000000
0.997606 0.006898 -0.068814 0.000000 -0.066695 0.359191 -0.930878 3.700000 0.018296 0.933239 0.358791 0.000000 0.000000 0.000000 0.000000 1.000000
0.997606 0.006899 -0.068814 0.000000 -0.066695 0.359191 -0.930878 3.700000 0.018296 0.933239 0.358791 -0.000000 0.000000 0.000000 0.000000 1.000000
0.997606 0.006899 -0.068814 0.000000 -0.066695 0.359191 -0.930878 3.700000 0.018295 0.933238 0.358791 0.000000 0.000000 0.000000 0.000000 1.000000
0.997606 0.006899 -0.068814 0.000000 -0.066695 0.359191 -0.930878 3.700000 0.018296 0.933238 0.358792 -0.000000 0.000000 0.000000 0.000000 1.000000
0.997606 0.006899 -0.068814 0.000000 -0.066695 0.359191 -0.930878 3.700000 0.018296 0.933238 0.358792 -0.000000 0.000000 0.000000 0.000000 1.000000
0.997606 0.006899 -0.068814 0.000000 -0.066695 0.359192 -0.930878 3.700000 0.018296 0.933238 0.358792 -0.000000 0.000000 0.000000 0.000000 1.000000
0.997606 0.006899 -0.068814 -0.000000 -0.066695 0.359191 -0.930878 3.700000 0.018296 0.933238 0.358791 0.000000 0.000000 0.000000 0.000000 1.000000
0.997606 0.006899 -0.068814 -0.000000 -0.066695 0.359191 -0.930878 3.700000 0.018295 0.933238 0.358791 0.000000 0.000000 0.000000 0.000000 1.000000
0.997606 0.006899 -0.068814 0.000000 -0.066695 0.359192 -0.930877 3.700000 0.018296 0.933238 0.358792 -0.000000 0.000000 0.000000 0.000000 1.000000
0.997606 0.006898 -0.068814 0.000000 -0.066695 0.359191 -0.930878 3.700000 0.018296 0.933238 0.358791 0.000000 0.000000 0.000000 0.000000 1.000000
0.997606 0.006899 -0.068814 0.000000 -0.066695 0.359191 -0.930878 3.700000 0.018295 0.933239 0.358791 0.000000 0.000000 0.000000 0.000000 1.000000
0.997606 0.006899 -0.068814 0.000000 -0.066695 0.359191 -0.930878 3.700000 0.018296 0.933239 0.358791 0.000000 0.000000 0.000000 0.000000 1.000000
0.997606 0.006899 -0.068814 -0.000000 -0.066695 0.359191 -0.930878 3.700000 0.018295 0.933238 0.358791 0.000000 0.000000 0.000000 0.000000 1.000000
0.997606 0.006899 -0.068814 0.000000 -0.066695 0.359191 -0.930878 3.700000 0.018296 0.933239 0.358791 0.000000 0.000000 0.000000 0.000000 1.000000
0.997606 0.006899 -0.068814 0.000000 -0.066695 0.359191 -0.930878 3.700000 0.018295 0.933238 0.358791 0.000000 0.000000 0.000000 0.000000 1.000000
0.997606 0.006899 -0.068814 0.000000 -0.066695 0.359191 -0.930878 3.700000 0.018295 0.933239 0.358791 0.000000 0.000000 0.000000 0.000000 1.000000
0.997606 0.006899 -0.068814 0.000000 -0.066695 0.359192 -0.930878 3.700000 0.018295 0.933238 0.358792 0.000000 0.000000 0.000000 0.000000 1.000000
0.997606 0.006899 -0.068814 0.000000 -0.066695 0.359191 -0.930878 3.700000 0.018295 0.933238 0.358792 0.000000 0.000000 0.000000 0.000000 1.000000
0.997606 0.006899 -0.068814 0.000000 -0.066696 0.359191 -0.930878 3.700000 0.018295 0.933239 0.358791 -0.000000 0.000000 0.000000 0.000000 1.000000
0.997606 0.006899 -0.068814 0.000000 -0.066695 0.359191 -0.930878 3.700000 0.018295 0.933239 0.358791 0.000000 0.000000 0.000000 0.000000 1.000000
0.997606 0.006899 -0.068814 -0.000000 -0.066695 0.359191 -0.930878 3.700000 0.018296 0.933238 0.358791 -0.000000 0.000000 0.000000 0.000000 1.000000
0.997606 0.006899 -0.068814 -0.000000 -0.066695 0.359191 -0.930878 3.700000 0.018295 0.933238 0.358791 0.000000 0.000000 0.000000 0.000000 1.000000
0.997606 0.006899 -0.068814 0.000000 -0.066695 0.359191 -0.930878 3.700000 0.018296 0.933238 0.358791 0.000000 0.000000 0.000000 0.000000 1.000000
0.997606 0.006899 -0.068814 -0.000000 -0.066695 0.359191 -0.930878 3.700000 0.018296 0.933238 0.358791 0.000000 0.000000 0.000000 0.000000 1.000000
0.997606 0.006898 -0.068814 0.000000 -0.066695 0.359191 -0.930878 3.700000 0.018296 0.933238 0.358791 0.000000 0.000000 0.000000 0.000000 1.000000
0.997606 0.006899 -0.068814 0.000000 -0.066695 0.359191 -0.930878 3.700000 0.018295 0.933239 0.358791 0.000000 0.000000 0.000000 0.000000 1.000000
0.997606 0.006899 -0.068814 0.000000 -0.066695 0.359191 -0.930878 3.700000 0.018295 0.933238 0.358792 0.000000 0.000000 0.000000 0.000000 1.000000
0.997606 0.006899 -0.068814 0.000000 -0.066695 0.359191 -0.930878 3.700000 0.018295 0.933238 0.358791 0.000000 0.000000 0.000000 0.000000 1.000000
0.997606 0.006899 -0.068814 0.000000 -0.066695 0.359191 -0.930878 3.700000 0.018295 0.933238 0.358791 0.000000 0.000000 0.000000 0.000000 1.000000
0.997606 0.006899 -0.068814 -0.000000 -0.066695 0.359191 -0.930878 3.700000 0.018296 0.933238 0.358791 -0.000000 0.000000 0.000000 0.000000 1.000000
0.997606 0.006899 -0.068815 -0.000000 -0.066696 0.359191 -0.930878 3.700000 0.018296 0.933238 0.358792 0.000000 0.000000 0.000000 0.000000 1.000000
0.997606 0.006899 -0.068814 0.000000 -0.066695 0.359191 -0.930878 3.700000 0.018295 0.933239 0.358791 0.000000 0.000000 0.000000 0.000000 1.000000
0.997606 0.006899 -0.068814 0.000000 -0.066695 0.359191 -0.930878 3.700000 0.018296 0.933239 0.358791 0.000000 0.000000 0.000000 0.000000 1.000000
0.997606 0.006898 -0.068814 0.000000 -0.066695 0.359191 -0.930878 3.700000 0.018296 0.933238 0.358791 0.000000 0.000000 0.000000 0.000000 1.000000
0.997606 0.006899 -0.068814 0.000000 -0.066695 0.359191 -0.930878 3.700000 0.018295 0.933239 0.358791 -0.000000 0.000000 0.000000 0.000000 1.000000
0.997606 0.006899 -0.068814 0.000000 -0.066695 0.359191 -0.930878 3.700000 0.018296 0.933239 0.358791 0.000000 0.000000 0.000000 0.000000 1.000000
0.997606 0.006899 -0.068814 -0.000000 -0.066695 0.359191 -0.930878 3.700000 0.018295 0.933239 0.358791 0.000000 0.000000 0.000000 0.000000 1.000000
0.997606 0.006899 -0.068813 0.000000 -0.066694 0.359192 -0.930878 3.700000 0.018295 0.933238 0.358792 0.000000 0.000000 0.000000 0.000000 1.000000
0.997606 0.006899 -0.068814 0.000000 -0.066696 0.359192 -0.930878 3.700000 0.018295 0.933238 0.358792 0.000000 0.000000 0.000000 0.000000 1.000000
0.997606 0.006899 -0.068815 -0.000000 -0.066696 0.359191 -0.930878 3.700000 0.018296 0.933239 0.358791 0.000000 0.000000 0.000000 0.000000 1.000000
0.997606 0.006899 -0.068814 -0.000000 -0.066695 0.359191 -0.930878 3.700000 0.018295 0.933239 0.358791 -0.000000 0.000000 0.000000 0.000000 1.000000
0.997606 0.006899 -0.068814 -0.000000 -0.066695 0.359191 -0.930878 3.700000 0.018296 0.933238 0.358792 0.000000 0.000000 0.000000 0.000000 1.000000
0.997606 0.006899 -0.068814 0.000000 -0.066696 0.359191 -0.930878 3.700000 0.018295 0.933238 0.358791 0.000000 0.000000 0.000000 0.000000 1.000000
0.997606 0.006899 -0.068814 -0.000000 -0.066695 0.359191 -0.930878 3.700000 0.018295 0.933238 0.358792 -0.000000 0.000000 0.000000 0.000000 1.000000
0.997606 0.006899 -0.068815 -0.000000 -0.066696 0.359191 -0.930878 3.700000 0.018296 0.933239 0.358791 0.000000 0.000000 0.000000 0.000000 1.000000
0.997606 0.006899 -0.068814 0.000000 -0.066695 0.359192 -0.930878 3.700000 0.018296 0.933238 0.358792 0.000000 0.000000 0.000000 0.000000 1.000000
0.997606 0.006899 -0.068814 -0.000000 -0.066695 0.359191 -0.930878 3.700000 0.018295 0.933238 0.358791 0.000000 0.000000 0.000000 0.000000 1.000000
0.997606 0.006899 -0.068814 0.000000 -0.066695 0.359192 -0.930878 3.700000 0.018296 0.933238 0.358792 0.000000 0.000000 0.000000 0.000000 1.000000
0.997606 0.006899 -0.068814 -0.000000 -0.066695 0.359191 -0.930878 3.700000 0.018296 0.933238 0.358791 0.000000 0.000000 0.000000 0.000000 1.000000</float_array>
        <technique_common>
          <accessor source="#mixamorig_RightHandIndex2-Matrix-animation-output-transform-array" count="69" stride="16">
            <param type="float4x4"/>
          </accessor>
        </technique_common>
      </source>
      <source id="mixamorig_RightHandIndex2-Interpolations">
        <Name_array id="mixamorig_RightHandIndex2-Interpolations-array" count="69">
 LINEAR LINEAR LINEAR LINEAR LINEAR LINEAR LINEAR LINEAR LINEAR LINEAR LINEAR
LINEAR LINEAR LINEAR LINEAR LINEAR LINEAR LINEAR LINEAR LINEAR LINEAR LINEAR LINEAR
LINEAR LINEAR LINEAR LINEAR LINEAR LINEAR LINEAR LINEAR LINEAR LINEAR LINEAR LINEAR
LINEAR LINEAR LINEAR LINEAR LINEAR LINEAR LINEAR LINEAR LINEAR LINEAR LINEAR LINEAR
LINEAR LINEAR LINEAR LINEAR LINEAR LINEAR LINEAR LINEAR LINEAR LINEAR LINEAR LINEAR
LINEAR LINEAR LINEAR LINEAR LINEAR LINEAR LINEAR LINEAR LINEAR LINEAR</Name_array>
        <technique_common>
          <accessor source="#mixamorig_RightHandIndex2-Interpolations-array" count="69">
            <param type="name"/>
          </accessor>
        </technique_common>
      </source>
      <sampler id="mixamorig_RightHandIndex2-Matrix-animation-transform">
        <input semantic="INPUT" source="#mixamorig_RightHandIndex2-Matrix-animation-input"/>
        <input semantic="OUTPUT" source="#mixamorig_RightHandIndex2-Matrix-animation-output-transform"/>
        <input semantic="INTERPOLATION" source="#mixamorig_RightHandIndex2-Interpolations"/>
      </sampler>
      <channel source="#mixamorig_RightHandIndex2-Matrix-animation-transform" target="mixamorig_RightHandIndex2/matrix"/>
    </animation>
    <animation id="mixamorig_RightHandIndex3-anim" name="mixamorig_RightHandIndex3">
      <source id="mixamorig_RightHandIndex3-Matrix-animation-input">
        <float_array id="mixamorig_RightHandIndex3-Matrix-animation-input-array" count="69">

0.000000 0.033333 0.066667 0.100000 0.133333 0.166667 0.200000 0.233333 0.266667 0.300000 0.333333 0.366667 0.400000 0.433333 0.466667 0.500000
0.533333 0.566667 0.600000 0.633333 0.666667 0.700000 0.733333 0.766667 0.800000 0.833333 0.866667 0.900000 0.933333 0.966667 1.000000 1.033333
1.066667 1.100000 1.133333 1.166667 1.200000 1.233333 1.266667 1.300000 1.333333 1.366667 1.400000 1.433333 1.466667 1.500000 1.533333 1.566667
1.600000 1.633333 1.666667 1.700000 1.733333 1.766667 1.800000 1.833333 1.866667 1.900000 1.933333 1.966667 2.000000 2.033333 2.066667 2.100000
2.133333 2.166667 2.200000 2.233333 2.266667</float_array>
        <technique_common>
          <accessor source="#mixamorig_RightHandIndex3-Matrix-animation-input-array" count="69">
            <param name="TIME" type="float"/>
          </accessor>
        </technique_common>
      </source>
      <source id="mixamorig_RightHandIndex3-Matrix-animation-output-transform">
        <float_array id="mixamorig_RightHandIndex3-Matrix-animation-output-transform-array" count="1104">

0.998568 0.016904 -0.050757 0.000000 -0.052785 0.465791 -0.883319 2.850000 0.008710 0.884733 0.466016 0.000000 0.000000 0.000000 0.000000 1.000000
0.998568 0.016905 -0.050757 0.000000 -0.052784 0.465791 -0.883319 2.850000 0.008710 0.884733 0.466016 -0.000000 0.000000 0.000000 0.000000 1.000000
0.998568 0.016905 -0.050757 0.000000 -0.052784 0.465792 -0.883319 2.850000 0.008710 0.884733 0.466017 0.000000 0.000000 0.000000 0.000000 1.000000
0.998568 0.016905 -0.050757 -0.000000 -0.052785 0.465791 -0.883319 2.850000 0.008710 0.884733 0.466016 -0.000000 0.000000 0.000000 0.000000 1.000000
0.998568 0.016905 -0.050757 -0.000000 -0.052785 0.465791 -0.883319 2.850000 0.008709 0.884733 0.466016 0.000000 0.000000 0.000000 0.000000 1.000000
0.998568 0.016904 -0.050757 0.000000 -0.052784 0.465791 -0.883319 2.850000 0.008710 0.884733 0.466016 0.000000 0.000000 0.000000 0.000000 1.000000
0.998568 0.016905 -0.050758 0.000000 -0.052785 0.465791 -0.883319 2.850000 0.008710 0.884733 0.466016 0.000000 0.000000 0.000000 0.000000 1.000000
0.998568 0.016904 -0.050758 0.000000 -0.052785 0.465791 -0.883319 2.850000 0.008711 0.884733 0.466017 -0.000000 0.000000 0.000000 0.000000 1.000000
0.998568 0.016905 -0.050757 0.000000 -0.052785 0.465791 -0.883319 2.850000 0.008710 0.884733 0.466016 -0.000000 0.000000 0.000000 0.000000 1.000000
0.998568 0.016905 -0.050757 0.000000 -0.052785 0.465791 -0.883319 2.850000 0.008710 0.884733 0.466016 0.000000 0.000000 0.000000 0.000000 1.000000
0.998568 0.016905 -0.050758 0.000000 -0.052785 0.465790 -0.883319 2.850000 0.008710 0.884734 0.466016 0.000000 0.000000 0.000000 0.000000 1.000000
0.998568 0.016905 -0.050758 0.000000 -0.052785 0.465791 -0.883319 2.850000 0.008710 0.884733 0.466016 0.000000 0.000000 0.000000 0.000000 1.000000
0.998568 0.016905 -0.050757 0.000000 -0.052784 0.465791 -0.883319 2.850000 0.008709 0.884733 0.466016 -0.000000 0.000000 0.000000 0.000000 1.000000
0.998568 0.016905 -0.050757 0.000000 -0.052785 0.465791 -0.883319 2.850000 0.008710 0.884733 0.466016 0.000000 0.000000 0.000000 0.000000 1.000000
0.998568 0.016905 -0.050758 -0.000000 -0.052785 0.465791 -0.883319 2.850000 0.008710 0.884733 0.466016 0.000000 0.000000 0.000000 0.000000 1.000000
0.998568 0.016905 -0.050757 -0.000000 -0.052785 0.465791 -0.883319 2.850000 0.008710 0.884733 0.466016 0.000000 0.000000 0.000000 0.000000 1.000000
0.998568 0.016905 -0.050758 0.000000 -0.052785 0.465791 -0.883319 2.850000 0.008710 0.884733 0.466016 0.000000 0.000000 0.000000 0.000000 1.000000
0.998568 0.016905 -0.050758 0.000000 -0.052785 0.465791 -0.883319 2.850000 0.008710 0.884734 0.466016 0.000000 0.000000 0.000000 0.000000 1.000000
0.998568 0.016905 -0.050757 0.000000 -0.052785 0.465791 -0.883319 2.850000 0.008710 0.884733 0.466016 0.000000 0.000000 0.000000 0.000000 1.000000
0.998568 0.016905 -0.050758 -0.000000 -0.052785 0.465791 -0.883319 2.850000 0.008710 0.884733 0.466016 0.000000 0.000000 0.000000 0.000000 1.000000
0.998568 0.016905 -0.050758 0.000000 -0.052785 0.465791 -0.883319 2.850000 0.008710 0.884733 0.466016 0.000000 0.000000 0.000000 0.000000 1.000000
0.998568 0.016905 -0.050757 0.000000 -0.052784 0.465791 -0.883319 2.850000 0.008710 0.884733 0.466016 0.000000 0.000000 0.000000 0.000000 1.000000
0.998568 0.016904 -0.050757 0.000000 -0.052784 0.465791 -0.883319 2.850000 0.008710 0.884733 0.466016 0.000000 0.000000 0.000000 0.000000 1.000000
0.998568 0.016905 -0.050757 0.000000 -0.052785 0.465791 -0.883319 2.850000 0.008710 0.884733 0.466016 0.000000 0.000000 0.000000 0.000000 1.000000
0.998568 0.016905 -0.050757 -0.000000 -0.052785 0.465791 -0.883319 2.850000 0.008710 0.884733 0.466016 0.000000 0.000000 0.000000 0.000000 1.000000
0.998568 0.016905 -0.050757 0.000000 -0.052785 0.465791 -0.883319 2.850000 0.008710 0.884733 0.466016 0.000000 0.000000 0.000000 0.000000 1.000000
0.998568 0.016905 -0.050758 0.000000 -0.052785 0.465791 -0.883319 2.850000 0.008710 0.884733 0.466016 -0.000000 0.000000 0.000000 0.000000 1.000000
0.998568 0.016905 -0.050757 0.000000 -0.052785 0.465791 -0.883319 2.850000 0.008710 0.884733 0.466016 0.000000 0.000000 0.000000 0.000000 1.000000
0.998568 0.016905 -0.050757 0.000000 -0.052785 0.465791 -0.883319 2.850000 0.008710 0.884733 0.466016 -0.000000 0.000000 0.000000 0.000000 1.000000
0.998568 0.016904 -0.050757 0.000000 -0.052784 0.465791 -0.883319 2.850000 0.008710 0.884733 0.466016 0.000000 0.000000 0.000000 0.000000 1.000000
0.998568 0.016905 -0.050757 -0.000000 -0.052784 0.465791 -0.883319 2.850000 0.008710 0.884733 0.466016 0.000000 0.000000 0.000000 0.000000 1.000000
0.998568 0.016905 -0.050757 0.000000 -0.052785 0.465791 -0.883319 2.850000 0.008710 0.884733 0.466017 0.000000 0.000000 0.000000 0.000000 1.000000
0.998568 0.016905 -0.050757 0.000000 -0.052785 0.465791 -0.883319 2.850000 0.008710 0.884733 0.466016 0.000000 0.000000 0.000000 0.000000 1.000000
0.998568 0.016904 -0.050757 0.000000 -0.052784 0.465791 -0.883319 2.850000 0.008710 0.884733 0.466016 0.000000 0.000000 0.000000 0.000000 1.000000
0.998568 0.016905 -0.050757 0.000000 -0.052784 0.465791 -0.883319 2.850000 0.008710 0.884733 0.466016 0.000000 0.000000 0.000000 0.000000 1.000000
0.998568 0.016904 -0.050757 0.000000 -0.052784 0.465791 -0.883319 2.850000 0.008710 0.884733 0.466017 0.000000 0.000000 0.000000 0.000000 1.000000
0.998568 0.016905 -0.050757 0.000000 -0.052784 0.465791 -0.883319 2.850000 0.008710 0.884733 0.466016 0.000000 0.000000 0.000000 0.000000 1.000000
0.998568 0.016905 -0.050757 0.000000 -0.052785 0.465791 -0.883319 2.850000 0.008710 0.884733 0.466016 0.000000 0.000000 0.000000 0.000000 1.000000
0.998568 0.016904 -0.050757 0.000000 -0.052784 0.465791 -0.883319 2.850000 0.008710 0.884733 0.466017 0.000000 0.000000 0.000000 0.000000 1.000000
0.998568 0.016905 -0.050757 0.000000 -0.052784 0.465791 -0.883319 2.850000 0.008710 0.884733 0.466016 0.000000 0.000000 0.000000 0.000000 1.000000
0.998568 0.016905 -0.050758 0.000000 -0.052785 0.465791 -0.883319 2.850000 0.008710 0.884733 0.466016 -0.000000 0.000000 0.000000 0.000000 1.000000
0.998568 0.016905 -0.050757 0.000000 -0.052784 0.465791 -0.883319 2.850000 0.008710 0.884733 0.466016 0.000000 0.000000 0.000000 0.000000 1.000000
0.998568 0.016905 -0.050757 0.000000 -0.052784 0.465791 -0.883319 2.850000 0.008710 0.884733 0.466016 0.000000 0.000000 0.000000 0.000000 1.000000
0.998568 0.016905 -0.050757 -0.000000 -0.052784 0.465791 -0.883319 2.850000 0.008710 0.884733 0.466016 0.000000 0.000000 0.000000 0.000000 1.000000
0.998568 0.016905 -0.050757 0.000000 -0.052784 0.465791 -0.883319 2.850000 0.008710 0.884733 0.466016 0.000000 0.000000 0.000000 0.000000 1.000000
0.998568 0.016904 -0.050757 0.000000 -0.052784 0.465791 -0.883319 2.850000 0.008710 0.884733 0.466016 -0.000000 0.000000 0.000000 0.000000 1.000000
0.998568 0.016905 -0.050758 0.000000 -0.052785 0.465791 -0.883319 2.850000 0.008710 0.884734 0.466016 -0.000000 0.000000 0.000000 0.000000 1.000000
0.998568 0.016905 -0.050757 0.000000 -0.052784 0.465791 -0.883319 2.850000 0.008710 0.884733 0.466016 0.000000 0.000000 0.000000 0.000000 1.000000
0.998568 0.016905 -0.050757 -0.000000 -0.052784 0.465791 -0.883319 2.850000 0.008710 0.884733 0.466016 0.000000 0.000000 0.000000 0.000000 1.000000
0.998568 0.016905 -0.050757 -0.000000 -0.052785 0.465791 -0.883319 2.850000 0.008710 0.884733 0.466016 0.000000 0.000000 0.000000 0.000000 1.000000
0.998568 0.016905 -0.050757 -0.000000 -0.052784 0.465791 -0.883319 2.850000 0.008710 0.884733 0.466016 0.000000 0.000000 0.000000 0.000000 1.000000
0.998568 0.016905 -0.050757 0.000000 -0.052784 0.465791 -0.883319 2.850000 0.008710 0.884733 0.466016 0.000000 0.000000 0.000000 0.000000 1.000000
0.998568 0.016904 -0.050757 0.000000 -0.052784 0.465791 -0.883319 2.850000 0.008710 0.884734 0.466016 0.000000 0.000000 0.000000 0.000000 1.000000
0.998568 0.016904 -0.050757 0.000000 -0.052784 0.465791 -0.883319 2.850000 0.008710 0.884733 0.466016 0.000000 0.000000 0.000000 0.000000 1.000000
0.998568 0.016904 -0.050757 0.000000 -0.052784 0.465791 -0.883319 2.850000 0.008710 0.884734 0.466016 0.000000 0.000000 0.000000 0.000000 1.000000
0.998568 0.016905 -0.050757 -0.000000 -0.052785 0.465791 -0.883319 2.850000 0.008710 0.884733 0.466017 0.000000 0.000000 0.000000 0.000000 1.000000
0.998568 0.016905 -0.050757 0.000000 -0.052784 0.465792 -0.883319 2.850000 0.008710 0.884733 0.466017 0.000000 0.000000 0.000000 0.000000 1.000000
0.998568 0.016904 -0.050758 0.000000 -0.052785 0.465791 -0.883319 2.850000 0.008710 0.884733 0.466016 0.000000 0.000000 0.000000 0.000000 1.000000
0.998568 0.016905 -0.050757 0.000000 -0.052784 0.465791 -0.883319 2.850000 0.008710 0.884733 0.466016 0.000000 0.000000 0.000000 0.000000 1.000000
0.998568 0.016905 -0.050758 0.000000 -0.052785 0.465791 -0.883319 2.850000 0.008710 0.884733 0.466016 0.000000 0.000000 0.000000 0.000000 1.000000
0.998568 0.016904 -0.050757 0.000000 -0.052784 0.465791 -0.883319 2.850000 0.008710 0.884733 0.466016 0.000000 0.000000 0.000000 0.000000 1.000000
0.998568 0.016905 -0.050757 0.000000 -0.052785 0.465791 -0.883319 2.850000 0.008710 0.884733 0.466016 -0.000000 0.000000 0.000000 0.000000 1.000000
0.998568 0.016905 -0.050757 0.000000 -0.052785 0.465791 -0.883319 2.850000 0.008710 0.884733 0.466016 -0.000000 0.000000 0.000000 0.000000 1.000000
0.998568 0.016905 -0.050758 0.000000 -0.052785 0.465791 -0.883319 2.850000 0.008710 0.884733 0.466017 -0.000000 0.000000 0.000000 0.000000 1.000000
0.998568 0.016905 -0.050757 0.000000 -0.052785 0.465791 -0.883319 2.850000 0.008710 0.884733 0.466016 0.000000 0.000000 0.000000 0.000000 1.000000
0.998568 0.016905 -0.050758 0.000000 -0.052785 0.465791 -0.883319 2.850000 0.008710 0.884733 0.466016 0.000000 0.000000 0.000000 0.000000 1.000000
0.998568 0.016905 -0.050757 0.000000 -0.052784 0.465791 -0.883319 2.850000 0.008710 0.884733 0.466016 -0.000000 0.000000 0.000000 0.000000 1.000000
0.998568 0.016904 -0.050757 0.000000 -0.052784 0.465790 -0.883319 2.850000 0.008710 0.884734 0.466016 0.000000 0.000000 0.000000 0.000000 1.000000
0.998568 0.016905 -0.050758 0.000000 -0.052785 0.465791 -0.883319 2.850000 0.008710 0.884733 0.466016 0.000000 0.000000 0.000000 0.000000 1.000000</float_array>
        <technique_common>
          <accessor source="#mixamorig_RightHandIndex3-Matrix-animation-output-transform-array" count="69" stride="16">
            <param type="float4x4"/>
          </accessor>
        </technique_common>
      </source>
      <source id="mixamorig_RightHandIndex3-Interpolations">
        <Name_array id="mixamorig_RightHandIndex3-Interpolations-array" count="69">
 LINEAR LINEAR LINEAR LINEAR LINEAR LINEAR LINEAR LINEAR LINEAR LINEAR LINEAR
LINEAR LINEAR LINEAR LINEAR LINEAR LINEAR LINEAR LINEAR LINEAR LINEAR LINEAR LINEAR
LINEAR LINEAR LINEAR LINEAR LINEAR LINEAR LINEAR LINEAR LINEAR LINEAR LINEAR LINEAR
LINEAR LINEAR LINEAR LINEAR LINEAR LINEAR LINEAR LINEAR LINEAR LINEAR LINEAR LINEAR
LINEAR LINEAR LINEAR LINEAR LINEAR LINEAR LINEAR LINEAR LINEAR LINEAR LINEAR LINEAR
LINEAR LINEAR LINEAR LINEAR LINEAR LINEAR LINEAR LINEAR LINEAR LINEAR</Name_array>
        <technique_common>
          <accessor source="#mixamorig_RightHandIndex3-Interpolations-array" count="69">
            <param type="name"/>
          </accessor>
        </technique_common>
      </source>
      <sampler id="mixamorig_RightHandIndex3-Matrix-animation-transform">
        <input semantic="INPUT" source="#mixamorig_RightHandIndex3-Matrix-animation-input"/>
        <input semantic="OUTPUT" source="#mixamorig_RightHandIndex3-Matrix-animation-output-transform"/>
        <input semantic="INTERPOLATION" source="#mixamorig_RightHandIndex3-Interpolations"/>
      </sampler>
      <channel source="#mixamorig_RightHandIndex3-Matrix-animation-transform" target="mixamorig_RightHandIndex3/matrix"/>
    </animation>
    <animation id="mixamorig_RightHandMiddle1-anim" name="mixamorig_RightHandMiddle1">
      <source id="mixamorig_RightHandMiddle1-Matrix-animation-input">
        <float_array id="mixamorig_RightHandMiddle1-Matrix-animation-input-array" count="69">

0.000000 0.033333 0.066667 0.100000 0.133333 0.166667 0.200000 0.233333 0.266667 0.300000 0.333333 0.366667 0.400000 0.433333 0.466667 0.500000
0.533333 0.566667 0.600000 0.633333 0.666667 0.700000 0.733333 0.766667 0.800000 0.833333 0.866667 0.900000 0.933333 0.966667 1.000000 1.033333
1.066667 1.100000 1.133333 1.166667 1.200000 1.233333 1.266667 1.300000 1.333333 1.366667 1.400000 1.433333 1.466667 1.500000 1.533333 1.566667
1.600000 1.633333 1.666667 1.700000 1.733333 1.766667 1.800000 1.833333 1.866667 1.900000 1.933333 1.966667 2.000000 2.033333 2.066667 2.100000
2.133333 2.166667 2.200000 2.233333 2.266667</float_array>
        <technique_common>
          <accessor source="#mixamorig_RightHandMiddle1-Matrix-animation-input-array" count="69">
            <param name="TIME" type="float"/>
          </accessor>
        </technique_common>
      </source>
      <source id="mixamorig_RightHandMiddle1-Matrix-animation-output-transform">
        <float_array id="mixamorig_RightHandMiddle1-Matrix-animation-output-transform-array" count="1104">

0.999456 0.024820 -0.021720 0.000000 -0.032908 0.706714 -0.706733 9.532500 -0.002191 0.707064 0.707147 -0.000000 0.000000 0.000000 0.000000 1.000000
0.999456 0.024820 -0.021720 0.000000 -0.032909 0.706714 -0.706733 9.532500 -0.002191 0.707064 0.707147 0.000000 0.000000 0.000000 0.000000 1.000000
0.999456 0.024819 -0.021720 0.000000 -0.032908 0.706714 -0.706734 9.532500 -0.002191 0.707064 0.707146 -0.000000 0.000000 0.000000 0.000000 1.000000
0.999456 0.024820 -0.021719 0.000000 -0.032908 0.706714 -0.706733 9.532500 -0.002192 0.707064 0.707146 -0.000000 0.000000 0.000000 0.000000 1.000000
0.999456 0.024819 -0.021719 -0.000000 -0.032908 0.706714 -0.706733 9.532500 -0.002191 0.707064 0.707146 0.000000 0.000000 0.000000 0.000000 1.000000
0.999456 0.024820 -0.021720 0.000000 -0.032908 0.706714 -0.706733 9.532500 -0.002191 0.707064 0.707146 0.000000 0.000000 0.000000 0.000000 1.000000
0.999456 0.024819 -0.021720 0.000000 -0.032908 0.706714 -0.706733 9.532500 -0.002191 0.707064 0.707146 0.000000 0.000000 0.000000 0.000000 1.000000
0.999456 0.024820 -0.021720 0.000000 -0.032909 0.706714 -0.706733 9.532500 -0.002191 0.707063 0.707147 0.000000 0.000000 0.000000 0.000000 1.000000
0.999456 0.024820 -0.021720 -0.000000 -0.032909 0.706714 -0.706733 9.532500 -0.002191 0.707063 0.707147 0.000000 0.000000 0.000000 0.000000 1.000000
0.999456 0.024819 -0.021720 -0.000000 -0.032908 0.706714 -0.706733 9.532500 -0.002191 0.707064 0.707147 -0.000000 0.000000 0.000000 0.000000 1.000000
0.999456 0.024820 -0.021720 0.000000 -0.032909 0.706714 -0.706733 9.532500 -0.002191 0.707064 0.707147 -0.000000 0.000000 0.000000 0.000000 1.000000
0.999456 0.024820 -0.021720 0.000000 -0.032909 0.706714 -0.706733 9.532500 -0.002191 0.707064 0.707147 0.000000 0.000000 0.000000 0.000000 1.000000
0.999456 0.024820 -0.021720 0.000000 -0.032909 0.706714 -0.706733 9.532500 -0.002191 0.707064 0.707147 -0.000000 0.000000 0.000000 0.000000 1.000000
0.999456 0.024820 -0.021720 0.000000 -0.032909 0.706714 -0.706733 9.532500 -0.002191 0.707064 0.707146 0.000000 0.000000 0.000000 0.000000 1.000000
0.999456 0.024819 -0.021720 0.000000 -0.032909 0.706715 -0.706733 9.532500 -0.002191 0.707063 0.707147 0.000000 0.000000 0.000000 0.000000 1.000000
0.999456 0.024819 -0.021720 -0.000000 -0.032908 0.706715 -0.706733 9.532500 -0.002191 0.707063 0.707147 0.000000 0.000000 0.000000 0.000000 1.000000
0.999456 0.024819 -0.021720 0.000000 -0.032908 0.706714 -0.706733 9.532500 -0.002191 0.707064 0.707147 0.000000 0.000000 0.000000 0.000000 1.000000
0.999456 0.024820 -0.021720 0.000000 -0.032909 0.706714 -0.706733 9.532500 -0.002191 0.707064 0.707147 0.000000 0.000000 0.000000 0.000000 1.000000
0.999456 0.024820 -0.021720 0.000000 -0.032909 0.706714 -0.706733 9.532500 -0.002191 0.707064 0.707147 0.000000 0.000000 0.000000 0.000000 1.000000
0.999456 0.024820 -0.021719 0.000000 -0.032908 0.706714 -0.706733 9.532500 -0.002192 0.707064 0.707147 -0.000000 0.000000 0.000000 0.000000 1.000000
0.999456 0.024820 -0.021720 0.000000 -0.032909 0.706714 -0.706734 9.532500 -0.002191 0.707064 0.707146 -0.000000 0.000000 0.000000 0.000000 1.000000
0.999456 0.024819 -0.021720 0.000000 -0.032908 0.706715 -0.706733 9.532500 -0.002191 0.707063 0.707147 -0.000000 0.000000 0.000000 0.000000 1.000000
0.999456 0.024820 -0.021720 0.000000 -0.032908 0.706714 -0.706733 9.532500 -0.002191 0.707063 0.707147 0.000000 0.000000 0.000000 0.000000 1.000000
0.999456 0.024820 -0.021720 -0.000000 -0.032908 0.706714 -0.706733 9.532500 -0.002191 0.707064 0.707147 -0.000000 0.000000 0.000000 0.000000 1.000000
0.999456 0.024820 -0.021720 0.000000 -0.032909 0.706715 -0.706733 9.532500 -0.002191 0.707063 0.707147 0.000000 0.000000 0.000000 0.000000 1.000000
0.999456 0.024819 -0.021720 0.000000 -0.032908 0.706714 -0.706733 9.532500 -0.002191 0.707064 0.707147 -0.000000 0.000000 0.000000 0.000000 1.000000
0.999456 0.024819 -0.021720 0.000000 -0.032908 0.706714 -0.706733 9.532500 -0.002191 0.707064 0.707146 -0.000000 0.000000 0.000000 0.000000 1.000000
0.999456 0.024820 -0.021720 0.000000 -0.032908 0.706714 -0.706733 9.532500 -0.002191 0.707064 0.707147 -0.000000 0.000000 0.000000 0.000000 1.000000
0.999456 0.024819 -0.021720 -0.000000 -0.032908 0.706714 -0.706734 9.532500 -0.002191 0.707064 0.707146 0.000000 0.000000 0.000000 0.000000 1.000000
0.999456 0.024820 -0.021720 -0.000000 -0.032909 0.706714 -0.706733 9.532500 -0.002191 0.707064 0.707146 0.000000 0.000000 0.000000 0.000000 1.000000
0.999456 0.024819 -0.021720 -0.000000 -0.032908 0.706714 -0.706734 9.532500 -0.002191 0.707064 0.707146 0.000000 0.000000 0.000000 0.000000 1.000000
0.999456 0.024820 -0.021720 0.000000 -0.032908 0.706714 -0.706733 9.532500 -0.002191 0.707064 0.707146 0.000000 0.000000 0.000000 0.000000 1.000000
0.999456 0.024820 -0.021720 -0.000000 -0.032908 0.706715 -0.706733 9.532500 -0.002191 0.707063 0.707147 0.000000 0.000000 0.000000 0.000000 1.000000
0.999456 0.024820 -0.021720 0.000000 -0.032909 0.706715 -0.706733 9.532500 -0.002191 0.707063 0.707147 -0.000000 0.000000 0.000000 0.000000 1.000000
0.999456 0.024820 -0.021720 0.000000 -0.032909 0.706715 -0.706733 9.532500 -0.002191 0.707063 0.707147 0.000000 0.000000 0.000000 0.000000 1.000000
0.999456 0.024820 -0.021720 -0.000000 -0.032909 0.706714 -0.706733 9.532500 -0.002191 0.707064 0.707147 0.000000 0.000000 0.000000 0.000000 1.000000
0.999456 0.024820 -0.021720 0.000000 -0.032909 0.706714 -0.706733 9.532500 -0.002191 0.707064 0.707146 0.000000 0.000000 0.000000 0.000000 1.000000
0.999456 0.024820 -0.021720 0.000000 -0.032909 0.706714 -0.706733 9.532500 -0.002191 0.707063 0.707147 0.000000 0.000000 0.000000 0.000000 1.000000
0.999456 0.024820 -0.021720 0.000000 -0.032908 0.706714 -0.706733 9.532500 -0.002191 0.707064 0.707147 -0.000000 0.000000 0.000000 0.000000 1.000000
0.999456 0.024819 -0.021720 0.000000 -0.032908 0.706715 -0.706733 9.532500 -0.002191 0.707063 0.707147 0.000000 0.000000 0.000000 0.000000 1.000000
0.999456 0.024820 -0.021720 0.000000 -0.032908 0.706714 -0.706733 9.532500 -0.002191 0.707064 0.707147 0.000000 0.000000 0.000000 0.000000 1.000000
0.999456 0.024819 -0.021720 -0.000000 -0.032908 0.706714 -0.706733 9.532500 -0.002191 0.707064 0.707147 0.000000 0.000000 0.000000 0.000000 1.000000
0.999456 0.024819 -0.021720 0.000000 -0.032908 0.706714 -0.706733 9.532500 -0.002191 0.707064 0.707147 0.000000 0.000000 0.000000 0.000000 1.000000
0.999456 0.024819 -0.021721 0.000000 -0.032909 0.706715 -0.706733 9.532500 -0.002190 0.707063 0.707147 0.000000 0.000000 0.000000 0.000000 1.000000
0.999456 0.024820 -0.021720 0.000000 -0.032909 0.706714 -0.706733 9.532500 -0.002191 0.707064 0.707147 0.000000 0.000000 0.000000 0.000000 1.000000
0.999456 0.024819 -0.021720 -0.000000 -0.032909 0.706714 -0.706733 9.532500 -0.002191 0.707064 0.707147 0.000000 0.000000 0.000000 0.000000 1.000000
0.999456 0.024820 -0.021720 0.000000 -0.032909 0.706714 -0.706733 9.532500 -0.002191 0.707064 0.707146 0.000000 0.000000 0.000000 0.000000 1.000000
0.999456 0.024820 -0.021720 0.000000 -0.032909 0.706714 -0.706733 9.532500 -0.002191 0.707064 0.707147 0.000000 0.000000 0.000000 0.000000 1.000000
0.999456 0.024820 -0.021720 0.000000 -0.032909 0.706714 -0.706733 9.532500 -0.002191 0.707064 0.707147 0.000000 0.000000 0.000000 0.000000 1.000000
0.999456 0.024820 -0.021719 0.000000 -0.032908 0.706714 -0.706733 9.532500 -0.002191 0.707063 0.707147 0.000000 0.000000 0.000000 0.000000 1.000000
0.999456 0.024820 -0.021720 0.000000 -0.032909 0.706714 -0.706733 9.532500 -0.002191 0.707064 0.707147 0.000000 0.000000 0.000000 0.000000 1.000000
0.999456 0.024820 -0.021720 0.000000 -0.032909 0.706715 -0.706733 9.532500 -0.002191 0.707063 0.707147 -0.000000 0.000000 0.000000 0.000000 1.000000
0.999456 0.024819 -0.021720 0.000000 -0.032909 0.706714 -0.706733 9.532500 -0.002191 0.707063 0.707147 0.000000 0.000000 0.000000 0.000000 1.000000
0.999456 0.024820 -0.021720 -0.000000 -0.032908 0.706714 -0.706734 9.532500 -0.002191 0.707064 0.707146 0.000000 0.000000 0.000000 0.000000 1.000000
0.999456 0.024820 -0.021720 -0.000000 -0.032909 0.706715 -0.706733 9.532500 -0.002191 0.707063 0.707147 0.000000 0.000000 0.000000 0.000000 1.000000
0.999456 0.024819 -0.021720 -0.000000 -0.032909 0.706714 -0.706733 9.532500 -0.002190 0.707064 0.707147 0.000000 0.000000 0.000000 0.000000 1.000000
0.999456 0.024820 -0.021720 0.000000 -0.032909 0.706714 -0.706733 9.532500 -0.002191 0.707064 0.707147 0.000000 0.000000 0.000000 0.000000 1.000000
0.999456 0.024820 -0.021720 0.000000 -0.032909 0.706714 -0.706733 9.532500 -0.002191 0.707063 0.707147 -0.000000 0.000000 0.000000 0.000000 1.000000
0.999456 0.024819 -0.021720 0.000000 -0.032908 0.706714 -0.706734 9.532500 -0.002191 0.707064 0.707146 0.000000 0.000000 0.000000 0.000000 1.000000
0.999456 0.024820 -0.021720 -0.000000 -0.032908 0.706714 -0.706734 9.532500 -0.002191 0.707064 0.707146 0.000000 0.000000 0.000000 0.000000 1.000000
0.999456 0.024820 -0.021719 0.000000 -0.032908 0.706714 -0.706733 9.532500 -0.002191 0.707064 0.707146 -0.000000 0.000000 0.000000 0.000000 1.000000
0.999456 0.024820 -0.021720 0.000000 -0.032909 0.706714 -0.706733 9.532500 -0.002191 0.707064 0.707146 0.000000 0.000000 0.000000 0.000000 1.000000
0.999456 0.024819 -0.021720 0.000000 -0.032909 0.706715 -0.706733 9.532500 -0.002190 0.707063 0.707147 0.000000 0.000000 0.000000 0.000000 1.000000
0.999456 0.024820 -0.021720 -0.000000 -0.032909 0.706715 -0.706733 9.532500 -0.002191 0.707063 0.707147 0.000000 0.000000 0.000000 0.000000 1.000000
0.999456 0.024820 -0.021720 0.000000 -0.032908 0.706714 -0.706734 9.532500 -0.002191 0.707064 0.707146 0.000000 0.000000 0.000000 0.000000 1.000000
0.999456 0.024819 -0.021719 -0.000000 -0.032908 0.706714 -0.706734 9.532500 -0.002191 0.707064 0.707146 -0.000000 0.000000 0.000000 0.000000 1.000000
0.999456 0.024820 -0.021720 -0.000000 -0.032908 0.706715 -0.706733 9.532500 -0.002191 0.707063 0.707147 -0.000000 0.000000 0.000000 0.000000 1.000000
0.999456 0.024819 -0.021720 0.000000 -0.032908 0.706714 -0.706734 9.532500 -0.002191 0.707064 0.707146 0.000000 0.000000 0.000000 0.000000 1.000000
0.999456 0.024820 -0.021720 -0.000000 -0.032909 0.706714 -0.706733 9.532500 -0.002191 0.707064 0.707147 0.000000 0.000000 0.000000 0.000000 1.000000</float_array>
        <technique_common>
          <accessor source="#mixamorig_RightHandMiddle1-Matrix-animation-output-transform-array" count="69" stride="16">
            <param type="float4x4"/>
          </accessor>
        </technique_common>
      </source>
      <source id="mixamorig_RightHandMiddle1-Interpolations">
        <Name_array id="mixamorig_RightHandMiddle1-Interpolations-array" count="69">
 LINEAR LINEAR LINEAR LINEAR LINEAR LINEAR LINEAR LINEAR LINEAR LINEAR LINEAR
LINEAR LINEAR LINEAR LINEAR LINEAR LINEAR LINEAR LINEAR LINEAR LINEAR LINEAR LINEAR
LINEAR LINEAR LINEAR LINEAR LINEAR LINEAR LINEAR LINEAR LINEAR LINEAR LINEAR LINEAR
LINEAR LINEAR LINEAR LINEAR LINEAR LINEAR LINEAR LINEAR LINEAR LINEAR LINEAR LINEAR
LINEAR LINEAR LINEAR LINEAR LINEAR LINEAR LINEAR LINEAR LINEAR LINEAR LINEAR LINEAR
LINEAR LINEAR LINEAR LINEAR LINEAR LINEAR LINEAR LINEAR LINEAR LINEAR</Name_array>
        <technique_common>
          <accessor source="#mixamorig_RightHandMiddle1-Interpolations-array" count="69">
            <param type="name"/>
          </accessor>
        </technique_common>
      </source>
      <sampler id="mixamorig_RightHandMiddle1-Matrix-animation-transform">
        <input semantic="INPUT" source="#mixamorig_RightHandMiddle1-Matrix-animation-input"/>
        <input semantic="OUTPUT" source="#mixamorig_RightHandMiddle1-Matrix-animation-output-transform"/>
        <input semantic="INTERPOLATION" source="#mixamorig_RightHandMiddle1-Interpolations"/>
      </sampler>
      <channel source="#mixamorig_RightHandMiddle1-Matrix-animation-transform" target="mixamorig_RightHandMiddle1/matrix"/>
    </animation>
    <animation id="mixamorig_RightHandMiddle2-anim" name="mixamorig_RightHandMiddle2">
      <source id="mixamorig_RightHandMiddle2-Matrix-animation-input">
        <float_array id="mixamorig_RightHandMiddle2-Matrix-animation-input-array" count="69">

0.000000 0.033333 0.066667 0.100000 0.133333 0.166667 0.200000 0.233333 0.266667 0.300000 0.333333 0.366667 0.400000 0.433333 0.466667 0.500000
0.533333 0.566667 0.600000 0.633333 0.666667 0.700000 0.733333 0.766667 0.800000 0.833333 0.866667 0.900000 0.933333 0.966667 1.000000 1.033333
1.066667 1.100000 1.133333 1.166667 1.200000 1.233333 1.266667 1.300000 1.333333 1.366667 1.400000 1.433333 1.466667 1.500000 1.533333 1.566667
1.600000 1.633333 1.666667 1.700000 1.733333 1.766667 1.800000 1.833333 1.866667 1.900000 1.933333 1.966667 2.000000 2.033333 2.066667 2.100000
2.133333 2.166667 2.200000 2.233333 2.266667</float_array>
        <technique_common>
          <accessor source="#mixamorig_RightHandMiddle2-Matrix-animation-input-array" count="69">
            <param name="TIME" type="float"/>
          </accessor>
        </technique_common>
      </source>
      <source id="mixamorig_RightHandMiddle2-Matrix-animation-output-transform">
        <float_array id="mixamorig_RightHandMiddle2-Matrix-animation-output-transform-array" count="1104">

0.998229 0.039525 -0.044465 -0.000000 -0.055898 0.367263 -0.928436 3.700000 -0.020366 0.929277 0.368822 -0.000000 0.000000 0.000000 0.000000 1.000000
0.998229 0.039525 -0.044464 0.000000 -0.055897 0.367262 -0.928436 3.700000 -0.020366 0.929277 0.368821 0.000000 0.000000 0.000000 0.000000 1.000000
0.998229 0.039525 -0.044465 0.000000 -0.055898 0.367263 -0.928436 3.700000 -0.020366 0.929277 0.368822 0.000000 0.000000 0.000000 0.000000 1.000000
0.998229 0.039524 -0.044465 0.000000 -0.055898 0.367262 -0.928436 3.700000 -0.020365 0.929277 0.368821 0.000000 0.000000 0.000000 0.000000 1.000000
0.998229 0.039525 -0.044465 -0.000000 -0.055898 0.367263 -0.928436 3.700000 -0.020366 0.929277 0.368822 0.000000 0.000000 0.000000 0.000000 1.000000
0.998229 0.039525 -0.044465 0.000000 -0.055898 0.367263 -0.928436 3.700000 -0.020366 0.929277 0.368822 0.000000 0.000000 0.000000 0.000000 1.000000
0.998229 0.039525 -0.044465 -0.000000 -0.055898 0.367262 -0.928436 3.700000 -0.020366 0.929277 0.368821 0.000000 0.000000 0.000000 0.000000 1.000000
0.998229 0.039525 -0.044464 -0.000000 -0.055897 0.367263 -0.928436 3.700000 -0.020367 0.929277 0.368821 0.000000 0.000000 0.000000 0.000000 1.000000
0.998229 0.039525 -0.044464 0.000000 -0.055898 0.367263 -0.928436 3.700000 -0.020367 0.929277 0.368822 0.000000 0.000000 0.000000 0.000000 1.000000
0.998229 0.039525 -0.044465 0.000000 -0.055898 0.367263 -0.928436 3.700000 -0.020366 0.929277 0.368821 0.000000 0.000000 0.000000 0.000000 1.000000
0.998229 0.039525 -0.044464 0.000000 -0.055897 0.367262 -0.928436 3.700000 -0.020367 0.929277 0.368821 0.000000 0.000000 0.000000 0.000000 1.000000
0.998229 0.039525 -0.044465 -0.000000 -0.055898 0.367262 -0.928436 3.700000 -0.020366 0.929277 0.368821 0.000000 0.000000 0.000000 0.000000 1.000000
0.998229 0.039525 -0.044464 0.000000 -0.055897 0.367263 -0.928436 3.700000 -0.020366 0.929277 0.368822 0.000000 0.000000 0.000000 0.000000 1.000000
0.998229 0.039525 -0.044465 0.000000 -0.055898 0.367263 -0.928436 3.700000 -0.020366 0.929277 0.368822 0.000000 0.000000 0.000000 0.000000 1.000000
0.998229 0.039525 -0.044465 -0.000000 -0.055898 0.367262 -0.928436 3.700000 -0.020366 0.929277 0.368821 0.000000 0.000000 0.000000 0.000000 1.000000
0.998229 0.039525 -0.044464 0.000000 -0.055897 0.367262 -0.928436 3.700000 -0.020366 0.929277 0.368821 0.000000 0.000000 0.000000 0.000000 1.000000
0.998229 0.039524 -0.044465 0.000000 -0.055897 0.367263 -0.928436 3.700000 -0.020366 0.929277 0.368822 0.000000 0.000000 0.000000 0.000000 1.000000
0.998229 0.039526 -0.044465 -0.000000 -0.055898 0.367263 -0.928436 3.700000 -0.020367 0.929277 0.368822 0.000000 0.000000 0.000000 0.000000 1.000000
0.998229 0.039525 -0.044465 0.000000 -0.055898 0.367263 -0.928436 3.700000 -0.020366 0.929277 0.368822 0.000000 0.000000 0.000000 0.000000 1.000000
0.998229 0.039524 -0.044465 0.000000 -0.055897 0.367263 -0.928436 3.700000 -0.020365 0.929277 0.368822 0.000000 0.000000 0.000000 0.000000 1.000000
0.998229 0.039525 -0.044465 0.000000 -0.055898 0.367262 -0.928436 3.700000 -0.020366 0.929277 0.368821 0.000000 0.000000 0.000000 0.000000 1.000000
0.998229 0.039525 -0.044465 0.000000 -0.055898 0.367262 -0.928436 3.700000 -0.020366 0.929277 0.368821 -0.000000 0.000000 0.000000 0.000000 1.000000
0.998229 0.039525 -0.044465 0.000000 -0.055898 0.367263 -0.928436 3.700000 -0.020366 0.929277 0.368821 -0.000000 0.000000 0.000000 0.000000 1.000000
0.998229 0.039524 -0.044465 0.000000 -0.055898 0.367263 -0.928436 3.700000 -0.020366 0.929277 0.368822 -0.000000 0.000000 0.000000 0.000000 1.000000
0.998229 0.039525 -0.044464 0.000000 -0.055897 0.367262 -0.928436 3.700000 -0.020366 0.929277 0.368821 -0.000000 0.000000 0.000000 0.000000 1.000000
0.998229 0.039525 -0.044464 0.000000 -0.055897 0.367263 -0.928436 3.700000 -0.020366 0.929277 0.368822 0.000000 0.000000 0.000000 0.000000 1.000000
0.998229 0.039525 -0.044465 -0.000000 -0.055898 0.367264 -0.928436 3.700000 -0.020366 0.929277 0.368823 0.000000 0.000000 0.000000 0.000000 1.000000
0.998229 0.039525 -0.044464 0.000000 -0.055897 0.367262 -0.928436 3.700000 -0.020366 0.929277 0.368821 -0.000000 0.000000 0.000000 0.000000 1.000000
0.998229 0.039525 -0.044465 0.000000 -0.055898 0.367263 -0.928436 3.700000 -0.020366 0.929277 0.368821 0.000000 0.000000 0.000000 0.000000 1.000000
0.998229 0.039525 -0.044465 -0.000000 -0.055898 0.367263 -0.928436 3.700000 -0.020367 0.929277 0.368822 -0.000000 0.000000 0.000000 0.000000 1.000000
0.998229 0.039525 -0.044465 0.000000 -0.055898 0.367263 -0.928436 3.700000 -0.020366 0.929277 0.368822 -0.000000 0.000000 0.000000 0.000000 1.000000
0.998229 0.039525 -0.044465 0.000000 -0.055898 0.367263 -0.928436 3.700000 -0.020366 0.929277 0.368821 0.000000 0.000000 0.000000 0.000000 1.000000
0.998229 0.039525 -0.044465 0.000000 -0.055898 0.367263 -0.928436 3.700000 -0.020366 0.929277 0.368822 0.000000 0.000000 0.000000 0.000000 1.000000
0.998229 0.039525 -0.044465 0.000000 -0.055898 0.367262 -0.928436 3.700000 -0.020366 0.929277 0.368821 -0.000000 0.000000 0.000000 0.000000 1.000000
0.998229 0.039525 -0.044464 0.000000 -0.055897 0.367262 -0.928436 3.700000 -0.020366 0.929277 0.368821 0.000000 0.000000 0.000000 0.000000 1.000000
0.998229 0.039525 -0.044465 0.000000 -0.055898 0.367263 -0.928436 3.700000 -0.020366 0.929277 0.368822 0.000000 0.000000 0.000000 0.000000 1.000000
0.998229 0.039525 -0.044465 -0.000000 -0.055898 0.367264 -0.928436 3.700000 -0.020366 0.929277 0.368822 -0.000000 0.000000 0.000000 0.000000 1.000000
0.998229 0.039525 -0.044465 0.000000 -0.055898 0.367263 -0.928436 3.700000 -0.020366 0.929277 0.368822 -0.000000 0.000000 0.000000 0.000000 1.000000
0.998229 0.039525 -0.044465 -0.000000 -0.055898 0.367263 -0.928436 3.700000 -0.020366 0.929277 0.368822 -0.000000 0.000000 0.000000 0.000000 1.000000
0.998229 0.039525 -0.044464 -0.000000 -0.055897 0.367262 -0.928436 3.700000 -0.020366 0.929277 0.368821 -0.000000 0.000000 0.000000 0.000000 1.000000
0.998229 0.039525 -0.044465 0.000000 -0.055898 0.367263 -0.928436 3.700000 -0.020366 0.929277 0.368822 0.000000 0.000000 0.000000 0.000000 1.000000
0.998229 0.039525 -0.044465 -0.000000 -0.055898 0.367263 -0.928436 3.700000 -0.020366 0.929277 0.368822 0.000000 0.000000 0.000000 0.000000 1.000000
0.998229 0.039525 -0.044465 0.000000 -0.055898 0.367262 -0.928436 3.700000 -0.020366 0.929277 0.368821 0.000000 0.000000 0.000000 0.000000 1.000000
0.998229 0.039525 -0.044465 -0.000000 -0.055898 0.367263 -0.928436 3.700000 -0.020367 0.929277 0.368821 0.000000 0.000000 0.000000 0.000000 1.000000
0.998229 0.039525 -0.044465 -0.000000 -0.055898 0.367262 -0.928436 3.700000 -0.020366 0.929277 0.368821 0.000000 0.000000 0.000000 0.000000 1.000000
0.998229 0.039525 -0.044464 -0.000000 -0.055897 0.367263 -0.928436 3.700000 -0.020366 0.929277 0.368822 0.000000 0.000000 0.000000 0.000000 1.000000
0.998229 0.039525 -0.044465 0.000000 -0.055898 0.367262 -0.928436 3.700000 -0.020366 0.929277 0.368821 0.000000 0.000000 0.000000 0.000000 1.000000
0.998229 0.039525 -0.044464 -0.000000 -0.055897 0.367263 -0.928436 3.700000 -0.020366 0.929277 0.368822 -0.000000 0.000000 0.000000 0.000000 1.000000
0.998229 0.039524 -0.044465 0.000000 -0.055897 0.367263 -0.928436 3.700000 -0.020366 0.929277 0.368821 0.000000 0.000000 0.000000 0.000000 1.000000
0.998229 0.039525 -0.044465 0.000000 -0.055898 0.367263 -0.928436 3.700000 -0.020366 0.929277 0.368822 0.000000 0.000000 0.000000 0.000000 1.000000
0.998229 0.039525 -0.044465 0.000000 -0.055897 0.367263 -0.928436 3.700000 -0.020366 0.929277 0.368822 0.000000 0.000000 0.000000 0.000000 1.000000
0.998229 0.039525 -0.044465 0.000000 -0.055898 0.367262 -0.928436 3.700000 -0.020366 0.929277 0.368821 0.000000 0.000000 0.000000 0.000000 1.000000
0.998229 0.039525 -0.044465 0.000000 -0.055898 0.367263 -0.928436 3.700000 -0.020366 0.929277 0.368822 0.000000 0.000000 0.000000 0.000000 1.000000
0.998229 0.039525 -0.044464 0.000000 -0.055897 0.367263 -0.928436 3.700000 -0.020367 0.929277 0.368821 -0.000000 0.000000 0.000000 0.000000 1.000000
0.998229 0.039525 -0.044465 -0.000000 -0.055898 0.367262 -0.928436 3.700000 -0.020367 0.929277 0.368821 0.000000 0.000000 0.000000 0.000000 1.000000
0.998229 0.039525 -0.044465 -0.000000 -0.055898 0.367263 -0.928436 3.700000 -0.020366 0.929277 0.368822 0.000000 0.000000 0.000000 0.000000 1.000000
0.998229 0.039525 -0.044465 0.000000 -0.055897 0.367263 -0.928436 3.700000 -0.020366 0.929277 0.368822 0.000000 0.000000 0.000000 0.000000 1.000000
0.998229 0.039525 -0.044465 0.000000 -0.055898 0.367262 -0.928436 3.700000 -0.020366 0.929277 0.368821 0.000000 0.000000 0.000000 0.000000 1.000000
0.998229 0.039525 -0.044465 -0.000000 -0.055898 0.367263 -0.928436 3.700000 -0.020366 0.929277 0.368821 0.000000 0.000000 0.000000 0.000000 1.000000
0.998229 0.039525 -0.044464 0.000000 -0.055897 0.367263 -0.928436 3.700000 -0.020366 0.929277 0.368822 0.000000 0.000000 0.000000 0.000000 1.000000
0.998229 0.039525 -0.044464 -0.000000 -0.055897 0.367262 -0.928436 3.700000 -0.020366 0.929277 0.368821 -0.000000 0.000000 0.000000 0.000000 1.000000
0.998229 0.039525 -0.044464 0.000000 -0.055897 0.367263 -0.928436 3.700000 -0.020366 0.929277 0.368822 0.000000 0.000000 0.000000 0.000000 1.000000
0.998229 0.039525 -0.044465 0.000000 -0.055898 0.367262 -0.928436 3.700000 -0.020367 0.929277 0.368821 0.000000 0.000000 0.000000 0.000000 1.000000
0.998229 0.039525 -0.044465 0.000000 -0.055898 0.367263 -0.928436 3.700000 -0.020366 0.929277 0.368822 0.000000 0.000000 0.000000 0.000000 1.000000
0.998229 0.039525 -0.044465 0.000000 -0.055898 0.367263 -0.928436 3.700000 -0.020366 0.929277 0.368822 0.000000 0.000000 0.000000 0.000000 1.000000
0.998229 0.039525 -0.044465 -0.000000 -0.055898 0.367263 -0.928436 3.700000 -0.020366 0.929277 0.368822 0.000000 0.000000 0.000000 0.000000 1.000000
0.998229 0.039525 -0.044465 0.000000 -0.055898 0.367262 -0.928436 3.700000 -0.020366 0.929277 0.368821 0.000000 0.000000 0.000000 0.000000 1.000000
0.998229 0.039525 -0.044465 0.000000 -0.055898 0.367263 -0.928436 3.700000 -0.020366 0.929277 0.368822 -0.000000 0.000000 0.000000 0.000000 1.000000
0.998229 0.039525 -0.044464 -0.000000 -0.055898 0.367263 -0.928436 3.700000 -0.020366 0.929277 0.368822 -0.000000 0.000000 0.000000 0.000000 1.000000</float_array>
        <technique_common>
          <accessor source="#mixamorig_RightHandMiddle2-Matrix-animation-output-transform-array" count="69" stride="16">
            <param type="float4x4"/>
          </accessor>
        </technique_common>
      </source>
      <source id="mixamorig_RightHandMiddle2-Interpolations">
        <Name_array id="mixamorig_RightHandMiddle2-Interpolations-array" count="69">
 LINEAR LINEAR LINEAR LINEAR LINEAR LINEAR LINEAR LINEAR LINEAR LINEAR LINEAR
LINEAR LINEAR LINEAR LINEAR LINEAR LINEAR LINEAR LINEAR LINEAR LINEAR LINEAR LINEAR
LINEAR LINEAR LINEAR LINEAR LINEAR LINEAR LINEAR LINEAR LINEAR LINEAR LINEAR LINEAR
LINEAR LINEAR LINEAR LINEAR LINEAR LINEAR LINEAR LINEAR LINEAR LINEAR LINEAR LINEAR
LINEAR LINEAR LINEAR LINEAR LINEAR LINEAR LINEAR LINEAR LINEAR LINEAR LINEAR LINEAR
LINEAR LINEAR LINEAR LINEAR LINEAR LINEAR LINEAR LINEAR LINEAR LINEAR</Name_array>
        <technique_common>
          <accessor source="#mixamorig_RightHandMiddle2-Interpolations-array" count="69">
            <param type="name"/>
          </accessor>
        </technique_common>
      </source>
      <sampler id="mixamorig_RightHandMiddle2-Matrix-animation-transform">
        <input semantic="INPUT" source="#mixamorig_RightHandMiddle2-Matrix-animation-input"/>
        <input semantic="OUTPUT" source="#mixamorig_RightHandMiddle2-Matrix-animation-output-transform"/>
        <input semantic="INTERPOLATION" source="#mixamorig_RightHandMiddle2-Interpolations"/>
      </sampler>
      <channel source="#mixamorig_RightHandMiddle2-Matrix-animation-transform" target="mixamorig_RightHandMiddle2/matrix"/>
    </animation>
    <animation id="mixamorig_RightHandMiddle3-anim" name="mixamorig_RightHandMiddle3">
      <source id="mixamorig_RightHandMiddle3-Matrix-animation-input">
        <float_array id="mixamorig_RightHandMiddle3-Matrix-animation-input-array" count="69">

0.000000 0.033333 0.066667 0.100000 0.133333 0.166667 0.200000 0.233333 0.266667 0.300000 0.333333 0.366667 0.400000 0.433333 0.466667 0.500000
0.533333 0.566667 0.600000 0.633333 0.666667 0.700000 0.733333 0.766667 0.800000 0.833333 0.866667 0.900000 0.933333 0.966667 1.000000 1.033333
1.066667 1.100000 1.133333 1.166667 1.200000 1.233333 1.266667 1.300000 1.333333 1.366667 1.400000 1.433333 1.466667 1.500000 1.533333 1.566667
1.600000 1.633333 1.666667 1.700000 1.733333 1.766667 1.800000 1.833333 1.866667 1.900000 1.933333 1.966667 2.000000 2.033333 2.066667 2.100000
2.133333 2.166667 2.200000 2.233333 2.266667</float_array>
        <technique_common>
          <accessor source="#mixamorig_RightHandMiddle3-Matrix-animation-input-array" count="69">
            <param name="TIME" type="float"/>
          </accessor>
        </technique_common>
      </source>
      <source id="mixamorig_RightHandMiddle3-Matrix-animation-output-transform">
        <float_array id="mixamorig_RightHandMiddle3-Matrix-animation-output-transform-array" count="1104">

0.999366 0.034585 -0.008489 0.000000 -0.031645 0.753099 -0.657146 2.950000 -0.016334 0.656998 0.753716 0.000000 0.000000 0.000000 0.000000 1.000000
0.999366 0.034585 -0.008490 0.000000 -0.031645 0.753099 -0.657145 2.950000 -0.016334 0.656997 0.753716 0.000000 0.000000 0.000000 0.000000 1.000000
0.999366 0.034585 -0.008490 0.000000 -0.031645 0.753099 -0.657146 2.950000 -0.016333 0.656997 0.753716 -0.000000 0.000000 0.000000 0.000000 1.000000
0.999366 0.034585 -0.008490 -0.000000 -0.031645 0.753099 -0.657146 2.950000 -0.016333 0.656998 0.753716 0.000000 0.000000 0.000000 0.000000 1.000000
0.999366 0.034585 -0.008489 -0.000000 -0.031645 0.753099 -0.657145 2.950000 -0.016334 0.656997 0.753716 0.000000 0.000000 0.000000 0.000000 1.000000
0.999366 0.034585 -0.008490 0.000000 -0.031645 0.753099 -0.657146 2.950000 -0.016334 0.656997 0.753716 0.000000 0.000000 0.000000 0.000000 1.000000
0.999366 0.034585 -0.008490 -0.000000 -0.031645 0.753099 -0.657146 2.950000 -0.016333 0.656998 0.753716 0.000000 0.000000 0.000000 0.000000 1.000000
0.999366 0.034584 -0.008490 0.000000 -0.031645 0.753099 -0.657146 2.950000 -0.016333 0.656998 0.753715 0.000000 0.000000 0.000000 0.000000 1.000000
0.999366 0.034584 -0.008490 -0.000000 -0.031645 0.753099 -0.657145 2.950000 -0.016333 0.656997 0.753716 0.000000 0.000000 0.000000 0.000000 1.000000
0.999366 0.034584 -0.008490 -0.000000 -0.031644 0.753099 -0.657145 2.950000 -0.016333 0.656997 0.753716 0.000000 0.000000 0.000000 0.000000 1.000000
0.999366 0.034584 -0.008490 -0.000000 -0.031644 0.753099 -0.657145 2.950000 -0.016333 0.656997 0.753716 -0.000000 0.000000 0.000000 0.000000 1.000000
0.999366 0.034585 -0.008490 -0.000000 -0.031645 0.753099 -0.657145 2.950000 -0.016333 0.656997 0.753716 -0.000000 0.000000 0.000000 0.000000 1.000000
0.999366 0.034584 -0.008490 0.000000 -0.031645 0.753099 -0.657146 2.950000 -0.016333 0.656998 0.753716 0.000000 0.000000 0.000000 0.000000 1.000000
0.999366 0.034585 -0.008490 0.000000 -0.031645 0.753099 -0.657146 2.950000 -0.016334 0.656998 0.753716 0.000000 0.000000 0.000000 0.000000 1.000000
0.999366 0.034584 -0.008490 0.000000 -0.031645 0.753099 -0.657146 2.950000 -0.016333 0.656997 0.753716 0.000000 0.000000 0.000000 0.000000 1.000000
0.999366 0.034585 -0.008490 0.000000 -0.031645 0.753100 -0.657145 2.950000 -0.016334 0.656997 0.753716 0.000000 0.000000 0.000000 0.000000 1.000000
0.999366 0.034584 -0.008490 0.000000 -0.031645 0.753099 -0.657145 2.950000 -0.016333 0.656997 0.753716 0.000000 0.000000 0.000000 0.000000 1.000000
0.999366 0.034585 -0.008490 -0.000000 -0.031645 0.753099 -0.657146 2.950000 -0.016334 0.656998 0.753716 0.000000 0.000000 0.000000 0.000000 1.000000
0.999366 0.034585 -0.008490 0.000000 -0.031645 0.753099 -0.657146 2.950000 -0.016334 0.656997 0.753716 0.000000 0.000000 0.000000 0.000000 1.000000
0.999366 0.034585 -0.008490 0.000000 -0.031645 0.753099 -0.657145 2.950000 -0.016333 0.656997 0.753716 -0.000000 0.000000 0.000000 0.000000 1.000000
0.999366 0.034585 -0.008490 0.000000 -0.031645 0.753099 -0.657145 2.950000 -0.016334 0.656997 0.753716 0.000000 0.000000 0.000000 0.000000 1.000000
0.999366 0.034585 -0.008490 -0.000000 -0.031645 0.753099 -0.657146 2.950000 -0.016333 0.656998 0.753716 0.000000 0.000000 0.000000 0.000000 1.000000
0.999366 0.034585 -0.008490 0.000000 -0.031645 0.753099 -0.657145 2.950000 -0.016333 0.656997 0.753716 -0.000000 0.000000 0.000000 0.000000 1.000000
0.999366 0.034585 -0.008490 0.000000 -0.031645 0.753099 -0.657145 2.950000 -0.016333 0.656997 0.753716 -0.000000 0.000000 0.000000 0.000000 1.000000
0.999366 0.034585 -0.008489 -0.000000 -0.031645 0.753099 -0.657146 2.950000 -0.016334 0.656998 0.753716 0.000000 0.000000 0.000000 0.000000 1.000000
0.999366 0.034585 -0.008489 0.000000 -0.031645 0.753099 -0.657145 2.950000 -0.016334 0.656997 0.753716 0.000000 0.000000 0.000000 0.000000 1.000000
0.999366 0.034585 -0.008490 0.000000 -0.031645 0.753099 -0.657146 2.950000 -0.016334 0.656998 0.753715 -0.000000 0.000000 0.000000 0.000000 1.000000
0.999366 0.034584 -0.008490 0.000000 -0.031645 0.753099 -0.657145 2.950000 -0.016333 0.656997 0.753716 0.000000 0.000000 0.000000 0.000000 1.000000
0.999366 0.034584 -0.008490 -0.000000 -0.031645 0.753099 -0.657145 2.950000 -0.016333 0.656997 0.753716 -0.000000 0.000000 0.000000 0.000000 1.000000
0.999366 0.034584 -0.008490 -0.000000 -0.031644 0.753099 -0.657146 2.950000 -0.016332 0.656998 0.753716 0.000000 0.000000 0.000000 0.000000 1.000000
0.999366 0.034585 -0.008490 0.000000 -0.031645 0.753099 -0.657145 2.950000 -0.016334 0.656997 0.753716 0.000000 0.000000 0.000000 0.000000 1.000000
0.999366 0.034584 -0.008490 -0.000000 -0.031645 0.753099 -0.657146 2.950000 -0.016333 0.656997 0.753716 0.000000 0.000000 0.000000 0.000000 1.000000
0.999366 0.034584 -0.008490 0.000000 -0.031645 0.753100 -0.657145 2.950000 -0.016333 0.656997 0.753716 0.000000 0.000000 0.000000 0.000000 1.000000
0.999366 0.034584 -0.008490 -0.000000 -0.031645 0.753099 -0.657146 2.950000 -0.016333 0.656997 0.753716 0.000000 0.000000 0.000000 0.000000 1.000000
0.999366 0.034585 -0.008490 -0.000000 -0.031645 0.753099 -0.657146 2.950000 -0.016334 0.656998 0.753716 -0.000000 0.000000 0.000000 0.000000 1.000000
0.999366 0.034584 -0.008490 0.000000 -0.031645 0.753099 -0.657146 2.950000 -0.016333 0.656997 0.753716 0.000000 0.000000 0.000000 0.000000 1.000000
0.999366 0.034585 -0.008490 0.000000 -0.031645 0.753099 -0.657146 2.950000 -0.016333 0.656997 0.753716 0.000000 0.000000 0.000000 0.000000 1.000000
0.999366 0.034585 -0.008490 0.000000 -0.031645 0.753099 -0.657146 2.950000 -0.016333 0.656997 0.753716 0.000000 0.000000 0.000000 0.000000 1.000000
0.999366 0.034585 -0.008490 0.000000 -0.031645 0.753099 -0.657145 2.950000 -0.016333 0.656997 0.753716 -0.000000 0.000000 0.000000 0.000000 1.000000
0.999366 0.034584 -0.008490 -0.000000 -0.031645 0.753099 -0.657145 2.950000 -0.016333 0.656997 0.753716 -0.000000 0.000000 0.000000 0.000000 1.000000
0.999366 0.034585 -0.008490 0.000000 -0.031645 0.753099 -0.657146 2.950000 -0.016333 0.656997 0.753716 -0.000000 0.000000 0.000000 0.000000 1.000000
0.999366 0.034584 -0.008490 0.000000 -0.031645 0.753099 -0.657146 2.950000 -0.016333 0.656997 0.753716 0.000000 0.000000 0.000000 0.000000 1.000000
0.999366 0.034584 -0.008490 0.000000 -0.031645 0.753099 -0.657145 2.950000 -0.016333 0.656997 0.753716 -0.000000 0.000000 0.000000 0.000000 1.000000
0.999366 0.034584 -0.008490 -0.000000 -0.031644 0.753099 -0.657146 2.950000 -0.016333 0.656998 0.753716 0.000000 0.000000 0.000000 0.000000 1.000000
0.999366 0.034585 -0.008490 0.000000 -0.031645 0.753099 -0.657146 2.950000 -0.016333 0.656997 0.753716 0.000000 0.000000 0.000000 0.000000 1.000000
0.999366 0.034585 -0.008490 0.000000 -0.031645 0.753099 -0.657146 2.950000 -0.016333 0.656997 0.753716 0.000000 0.000000 0.000000 0.000000 1.000000
0.999366 0.034585 -0.008490 0.000000 -0.031645 0.753099 -0.657145 2.950000 -0.016333 0.656997 0.753716 0.000000 0.000000 0.000000 0.000000 1.000000
0.999366 0.034584 -0.008490 0.000000 -0.031645 0.753099 -0.657145 2.950000 -0.016333 0.656997 0.753716 -0.000000 0.000000 0.000000 0.000000 1.000000
0.999366 0.034585 -0.008490 0.000000 -0.031645 0.753099 -0.657145 2.950000 -0.016333 0.656997 0.753716 0.000000 0.000000 0.000000 0.000000 1.000000
0.999366 0.034585 -0.008490 0.000000 -0.031645 0.753099 -0.657145 2.950000 -0.016334 0.656997 0.753716 -0.000000 0.000000 0.000000 0.000000 1.000000
0.999366 0.034585 -0.008490 0.000000 -0.031645 0.753099 -0.657145 2.950000 -0.016334 0.656997 0.753716 -0.000000 0.000000 0.000000 0.000000 1.000000
0.999366 0.034585 -0.008490 0.000000 -0.031645 0.753099 -0.657145 2.950000 -0.016333 0.656997 0.753716 0.000000 0.000000 0.000000 0.000000 1.000000
0.999366 0.034585 -0.008490 -0.000000 -0.031645 0.753099 -0.657146 2.950000 -0.016333 0.656998 0.753716 0.000000 0.000000 0.000000 0.000000 1.000000
0.999366 0.034585 -0.008490 0.000000 -0.031645 0.753099 -0.657145 2.950000 -0.016333 0.656997 0.753716 -0.000000 0.000000 0.000000 0.000000 1.000000
0.999366 0.034584 -0.008490 0.000000 -0.031645 0.753100 -0.657145 2.950000 -0.016333 0.656997 0.753716 0.000000 0.000000 0.000000 0.000000 1.000000
0.999366 0.034585 -0.008490 0.000000 -0.031645 0.753099 -0.657145 2.950000 -0.016333 0.656997 0.753716 -0.000000 0.000000 0.000000 0.000000 1.000000
0.999366 0.034585 -0.008490 0.000000 -0.031645 0.753099 -0.657145 2.950000 -0.016334 0.656997 0.753716 0.000000 0.000000 0.000000 0.000000 1.000000
0.999366 0.034585 -0.008490 0.000000 -0.031645 0.753099 -0.657145 2.950000 -0.016334 0.656997 0.753716 -0.000000 0.000000 0.000000 0.000000 1.000000
0.999366 0.034584 -0.008490 0.000000 -0.031645 0.753099 -0.657146 2.950000 -0.016333 0.656997 0.753716 0.000000 0.000000 0.000000 0.000000 1.000000
0.999366 0.034584 -0.008490 -0.000000 -0.031645 0.753099 -0.657146 2.950000 -0.016333 0.656998 0.753716 0.000000 0.000000 0.000000 0.000000 1.000000
0.999366 0.034584 -0.008490 -0.000000 -0.031645 0.753099 -0.657146 2.950000 -0.016333 0.656997 0.753716 0.000000 0.000000 0.000000 0.000000 1.000000
0.999366 0.034584 -0.008490 0.000000 -0.031645 0.753099 -0.657145 2.950000 -0.016333 0.656997 0.753716 0.000000 0.000000 0.000000 0.000000 1.000000
0.999366 0.034585 -0.008489 0.000000 -0.031644 0.753099 -0.657146 2.950000 -0.016334 0.656997 0.753716 -0.000000 0.000000 0.000000 0.000000 1.000000
0.999366 0.034585 -0.008490 0.000000 -0.031645 0.753099 -0.657146 2.950000 -0.016333 0.656998 0.753716 0.000000 0.000000 0.000000 0.000000 1.000000
0.999366 0.034584 -0.008490 0.000000 -0.031645 0.753099 -0.657146 2.950000 -0.016333 0.656998 0.753716 -0.000000 0.000000 0.000000 0.000000 1.000000
0.999366 0.034584 -0.008490 0.000000 -0.031645 0.753099 -0.657145 2.950000 -0.016333 0.656997 0.753716 0.000000 0.000000 0.000000 0.000000 1.000000
0.999366 0.034584 -0.008490 0.000000 -0.031644 0.753099 -0.657146 2.950000 -0.016333 0.656997 0.753716 0.000000 0.000000 0.000000 0.000000 1.000000
0.999366 0.034584 -0.008490 -0.000000 -0.031645 0.753099 -0.657145 2.950000 -0.016333 0.656997 0.753716 0.000000 0.000000 0.000000 0.000000 1.000000
0.999366 0.034585 -0.008489 -0.000000 -0.031644 0.753099 -0.657146 2.950000 -0.016334 0.656997 0.753716 0.000000 0.000000 0.000000 0.000000 1.000000</float_array>
        <technique_common>
          <accessor source="#mixamorig_RightHandMiddle3-Matrix-animation-output-transform-array" count="69" stride="16">
            <param type="float4x4"/>
          </accessor>
        </technique_common>
      </source>
      <source id="mixamorig_RightHandMiddle3-Interpolations">
        <Name_array id="mixamorig_RightHandMiddle3-Interpolations-array" count="69">
 LINEAR LINEAR LINEAR LINEAR LINEAR LINEAR LINEAR LINEAR LINEAR LINEAR LINEAR
LINEAR LINEAR LINEAR LINEAR LINEAR LINEAR LINEAR LINEAR LINEAR LINEAR LINEAR LINEAR
LINEAR LINEAR LINEAR LINEAR LINEAR LINEAR LINEAR LINEAR LINEAR LINEAR LINEAR LINEAR
LINEAR LINEAR LINEAR LINEAR LINEAR LINEAR LINEAR LINEAR LINEAR LINEAR LINEAR LINEAR
LINEAR LINEAR LINEAR LINEAR LINEAR LINEAR LINEAR LINEAR LINEAR LINEAR LINEAR LINEAR
LINEAR LINEAR LINEAR LINEAR LINEAR LINEAR LINEAR LINEAR LINEAR LINEAR</Name_array>
        <technique_common>
          <accessor source="#mixamorig_RightHandMiddle3-Interpolations-array" count="69">
            <param type="name"/>
          </accessor>
        </technique_common>
      </source>
      <sampler id="mixamorig_RightHandMiddle3-Matrix-animation-transform">
        <input semantic="INPUT" source="#mixamorig_RightHandMiddle3-Matrix-animation-input"/>
        <input semantic="OUTPUT" source="#mixamorig_RightHandMiddle3-Matrix-animation-output-transform"/>
        <input semantic="INTERPOLATION" source="#mixamorig_RightHandMiddle3-Interpolations"/>
      </sampler>
      <channel source="#mixamorig_RightHandMiddle3-Matrix-animation-transform" target="mixamorig_RightHandMiddle3/matrix"/>
    </animation>
    <animation id="mixamorig_RightHandRing1-anim" name="mixamorig_RightHandRing1">
      <source id="mixamorig_RightHandRing1-Matrix-animation-input">
        <float_array id="mixamorig_RightHandRing1-Matrix-animation-input-array" count="69">

0.000000 0.033333 0.066667 0.100000 0.133333 0.166667 0.200000 0.233333 0.266667 0.300000 0.333333 0.366667 0.400000 0.433333 0.466667 0.500000
0.533333 0.566667 0.600000 0.633333 0.666667 0.700000 0.733333 0.766667 0.800000 0.833333 0.866667 0.900000 0.933333 0.966667 1.000000 1.033333
1.066667 1.100000 1.133333 1.166667 1.200000 1.233333 1.266667 1.300000 1.333333 1.366667 1.400000 1.433333 1.466667 1.500000 1.533333 1.566667
1.600000 1.633333 1.666667 1.700000 1.733333 1.766667 1.800000 1.833333 1.866667 1.900000 1.933333 1.966667 2.000000 2.033333 2.066667 2.100000
2.133333 2.166667 2.200000 2.233333 2.266667</float_array>
        <technique_common>
          <accessor source="#mixamorig_RightHandRing1-Matrix-animation-input-array" count="69">
            <param name="TIME" type="float"/>
          </accessor>
        </technique_common>
      </source>
      <source id="mixamorig_RightHandRing1-Matrix-animation-output-transform">
        <float_array id="mixamorig_RightHandRing1-Matrix-animation-output-transform-array" count="1104">

0.995481 0.089983 0.030335 -1.865100 -0.021228 0.522249 -0.852529 9.103600 -0.092556 0.848032 0.521800 0.043100 0.000000 0.000000 0.000000 1.000000
0.995481 0.089983 0.030336 -1.865100 -0.021227 0.522250 -0.852528 9.103600 -0.092556 0.848032 0.521800 0.043100 0.000000 0.000000 0.000000 1.000000
0.995481 0.089983 0.030335 -1.865100 -0.021228 0.522249 -0.852529 9.103600 -0.092555 0.848032 0.521799 0.043100 0.000000 0.000000 0.000000 1.000000
0.995481 0.089984 0.030336 -1.865100 -0.021228 0.522250 -0.852528 9.103600 -0.092556 0.848032 0.521800 0.043100 0.000000 0.000000 0.000000 1.000000
0.995481 0.089983 0.030336 -1.865100 -0.021227 0.522250 -0.852528 9.103600 -0.092556 0.848032 0.521800 0.043100 0.000000 0.000000 0.000000 1.000000
0.995481 0.089983 0.030335 -1.865100 -0.021228 0.522250 -0.852528 9.103600 -0.092555 0.848032 0.521800 0.043100 0.000000 0.000000 0.000000 1.000000
0.995481 0.089983 0.030336 -1.865100 -0.021227 0.522250 -0.852528 9.103600 -0.092556 0.848032 0.521800 0.043100 0.000000 0.000000 0.000000 1.000000
0.995481 0.089983 0.030335 -1.865100 -0.021228 0.522249 -0.852529 9.103600 -0.092556 0.848032 0.521799 0.043100 0.000000 0.000000 0.000000 1.000000
0.995481 0.089983 0.030335 -1.865100 -0.021228 0.522250 -0.852528 9.103600 -0.092556 0.848032 0.521800 0.043100 0.000000 0.000000 0.000000 1.000000
0.995481 0.089983 0.030336 -1.865100 -0.021228 0.522250 -0.852528 9.103600 -0.092556 0.848032 0.521800 0.043100 0.000000 0.000000 0.000000 1.000000
0.995481 0.089983 0.030335 -1.865100 -0.021228 0.522250 -0.852528 9.103600 -0.092556 0.848032 0.521800 0.043100 0.000000 0.000000 0.000000 1.000000
0.995481 0.089983 0.030335 -1.865100 -0.021228 0.522250 -0.852528 9.103600 -0.092556 0.848032 0.521800 0.043100 0.000000 0.000000 0.000000 1.000000
0.995481 0.089983 0.030335 -1.865100 -0.021228 0.522250 -0.852528 9.103600 -0.092556 0.848032 0.521800 0.043100 0.000000 0.000000 0.000000 1.000000
0.995481 0.089983 0.030335 -1.865100 -0.021228 0.522250 -0.852528 9.103600 -0.092556 0.848032 0.521800 0.043100 0.000000 0.000000 0.000000 1.000000
0.995481 0.089983 0.030335 -1.865100 -0.021228 0.522250 -0.852528 9.103600 -0.092555 0.848032 0.521800 0.043100 0.000000 0.000000 0.000000 1.000000
0.995481 0.089983 0.030335 -1.865100 -0.021228 0.522250 -0.852528 9.103600 -0.092556 0.848032 0.521800 0.043100 0.000000 0.000000 0.000000 1.000000
0.995481 0.089983 0.030335 -1.865100 -0.021228 0.522250 -0.852528 9.103600 -0.092555 0.848032 0.521800 0.043100 0.000000 0.000000 0.000000 1.000000
0.995481 0.089983 0.030335 -1.865100 -0.021228 0.522250 -0.852528 9.103600 -0.092555 0.848032 0.521800 0.043100 0.000000 0.000000 0.000000 1.000000
0.995481 0.089982 0.030335 -1.865100 -0.021227 0.522249 -0.852529 9.103600 -0.092555 0.848032 0.521800 0.043100 0.000000 0.000000 0.000000 1.000000
0.995481 0.089983 0.030335 -1.865100 -0.021228 0.522250 -0.852528 9.103600 -0.092556 0.848032 0.521800 0.043100 0.000000 0.000000 0.000000 1.000000
0.995481 0.089983 0.030335 -1.865100 -0.021228 0.522249 -0.852529 9.103600 -0.092555 0.848032 0.521800 0.043100 0.000000 0.000000 0.000000 1.000000
0.995481 0.089983 0.030335 -1.865100 -0.021228 0.522250 -0.852528 9.103600 -0.092555 0.848032 0.521800 0.043100 0.000000 0.000000 0.000000 1.000000
0.995481 0.089983 0.030335 -1.865100 -0.021228 0.522250 -0.852528 9.103600 -0.092556 0.848032 0.521800 0.043100 0.000000 0.000000 0.000000 1.000000
0.995481 0.089983 0.030335 -1.865100 -0.021228 0.522250 -0.852528 9.103600 -0.092555 0.848032 0.521800 0.043100 0.000000 0.000000 0.000000 1.000000
0.995481 0.089983 0.030335 -1.865100 -0.021228 0.522250 -0.852528 9.103600 -0.092556 0.848032 0.521800 0.043100 0.000000 0.000000 0.000000 1.000000
0.995481 0.089982 0.030335 -1.865100 -0.021228 0.522249 -0.852529 9.103600 -0.092555 0.848032 0.521800 0.043100 0.000000 0.000000 0.000000 1.000000
0.995481 0.089983 0.030335 -1.865100 -0.021228 0.522250 -0.852528 9.103600 -0.092555 0.848032 0.521800 0.043100 0.000000 0.000000 0.000000 1.000000
0.995481 0.089983 0.030336 -1.865100 -0.021227 0.522250 -0.852528 9.103600 -0.092556 0.848032 0.521800 0.043100 0.000000 0.000000 0.000000 1.000000
0.995481 0.089983 0.030335 -1.865100 -0.021228 0.522250 -0.852528 9.103600 -0.092555 0.848032 0.521800 0.043100 0.000000 0.000000 0.000000 1.000000
0.995481 0.089983 0.030335 -1.865100 -0.021228 0.522250 -0.852528 9.103600 -0.092556 0.848032 0.521800 0.043100 0.000000 0.000000 0.000000 1.000000
0.995481 0.089983 0.030335 -1.865100 -0.021228 0.522249 -0.852529 9.103600 -0.092555 0.848032 0.521799 0.043100 0.000000 0.000000 0.000000 1.000000
0.995481 0.089983 0.030335 -1.865100 -0.021228 0.522249 -0.852529 9.103600 -0.092556 0.848032 0.521800 0.043100 0.000000 0.000000 0.000000 1.000000
0.995481 0.089982 0.030336 -1.865100 -0.021227 0.522250 -0.852528 9.103600 -0.092555 0.848032 0.521800 0.043100 0.000000 0.000000 0.000000 1.000000
0.995481 0.089983 0.030335 -1.865100 -0.021228 0.522250 -0.852528 9.103600 -0.092556 0.848032 0.521801 0.043100 0.000000 0.000000 0.000000 1.000000
0.995481 0.089983 0.030335 -1.865100 -0.021228 0.522250 -0.852528 9.103600 -0.092556 0.848032 0.521800 0.043100 0.000000 0.000000 0.000000 1.000000
0.995481 0.089983 0.030335 -1.865100 -0.021228 0.522250 -0.852528 9.103600 -0.092556 0.848032 0.521800 0.043100 0.000000 0.000000 0.000000 1.000000
0.995481 0.089983 0.030335 -1.865100 -0.021228 0.522250 -0.852528 9.103600 -0.092556 0.848032 0.521800 0.043100 0.000000 0.000000 0.000000 1.000000
0.995481 0.089983 0.030335 -1.865100 -0.021228 0.522250 -0.852528 9.103600 -0.092556 0.848032 0.521800 0.043100 0.000000 0.000000 0.000000 1.000000
0.995481 0.089983 0.030335 -1.865100 -0.021228 0.522250 -0.852528 9.103600 -0.092555 0.848032 0.521800 0.043100 0.000000 0.000000 0.000000 1.000000
0.995481 0.089983 0.030335 -1.865100 -0.021228 0.522250 -0.852528 9.103600 -0.092555 0.848032 0.521800 0.043100 0.000000 0.000000 0.000000 1.000000
0.995481 0.089983 0.030335 -1.865100 -0.021228 0.522250 -0.852528 9.103600 -0.092556 0.848032 0.521800 0.043100 0.000000 0.000000 0.000000 1.000000
0.995481 0.089983 0.030335 -1.865100 -0.021228 0.522250 -0.852528 9.103600 -0.092555 0.848032 0.521800 0.043100 0.000000 0.000000 0.000000 1.000000
0.995481 0.089982 0.030335 -1.865100 -0.021227 0.522249 -0.852529 9.103600 -0.092555 0.848032 0.521800 0.043100 0.000000 0.000000 0.000000 1.000000
0.995481 0.089983 0.030335 -1.865100 -0.021228 0.522250 -0.852528 9.103600 -0.092556 0.848032 0.521800 0.043100 0.000000 0.000000 0.000000 1.000000
0.995481 0.089983 0.030335 -1.865100 -0.021228 0.522250 -0.852528 9.103600 -0.092556 0.848032 0.521800 0.043100 0.000000 0.000000 0.000000 1.000000
0.995481 0.089983 0.030335 -1.865100 -0.021228 0.522250 -0.852528 9.103600 -0.092555 0.848032 0.521800 0.043100 0.000000 0.000000 0.000000 1.000000
0.995481 0.089983 0.030336 -1.865100 -0.021227 0.522250 -0.852528 9.103600 -0.092556 0.848032 0.521800 0.043100 0.000000 0.000000 0.000000 1.000000
0.995481 0.089983 0.030335 -1.865100 -0.021228 0.522250 -0.852528 9.103600 -0.092555 0.848032 0.521800 0.043100 0.000000 0.000000 0.000000 1.000000
0.995481 0.089983 0.030335 -1.865100 -0.021228 0.522250 -0.852528 9.103600 -0.092555 0.848032 0.521800 0.043100 0.000000 0.000000 0.000000 1.000000
0.995481 0.089983 0.030335 -1.865100 -0.021228 0.522250 -0.852528 9.103600 -0.092555 0.848032 0.521800 0.043100 0.000000 0.000000 0.000000 1.000000
0.995481 0.089983 0.030335 -1.865100 -0.021228 0.522250 -0.852528 9.103600 -0.092556 0.848032 0.521800 0.043100 0.000000 0.000000 0.000000 1.000000
0.995481 0.089983 0.030336 -1.865100 -0.021228 0.522249 -0.852529 9.103600 -0.092556 0.848032 0.521799 0.043100 0.000000 0.000000 0.000000 1.000000
0.995481 0.089983 0.030335 -1.865100 -0.021228 0.522250 -0.852528 9.103600 -0.092555 0.848032 0.521800 0.043100 0.000000 0.000000 0.000000 1.000000
0.995481 0.089983 0.030335 -1.865100 -0.021228 0.522250 -0.852528 9.103600 -0.092556 0.848032 0.521800 0.043100 0.000000 0.000000 0.000000 1.000000
0.995481 0.089983 0.030335 -1.865100 -0.021228 0.522250 -0.852528 9.103600 -0.092555 0.848032 0.521800 0.043100 0.000000 0.000000 0.000000 1.000000
0.995481 0.089982 0.030335 -1.865100 -0.021227 0.522249 -0.852529 9.103600 -0.092555 0.848032 0.521800 0.043100 0.000000 0.000000 0.000000 1.000000
0.995481 0.089983 0.030335 -1.865100 -0.021228 0.522250 -0.852528 9.103600 -0.092556 0.848032 0.521800 0.043100 0.000000 0.000000 0.000000 1.000000
0.995481 0.089983 0.030336 -1.865100 -0.021228 0.522250 -0.852528 9.103600 -0.092556 0.848032 0.521800 0.043100 0.000000 0.000000 0.000000 1.000000
0.995481 0.089983 0.030336 -1.865100 -0.021227 0.522249 -0.852529 9.103600 -0.092556 0.848032 0.521800 0.043100 0.000000 0.000000 0.000000 1.000000
0.995481 0.089983 0.030336 -1.865100 -0.021227 0.522250 -0.852528 9.103600 -0.092555 0.848032 0.521800 0.043100 0.000000 0.000000 0.000000 1.000000
0.995481 0.089983 0.030336 -1.865100 -0.021227 0.522249 -0.852529 9.103600 -0.092556 0.848032 0.521799 0.043100 0.000000 0.000000 0.000000 1.000000
0.995481 0.089984 0.030335 -1.865100 -0.021228 0.522249 -0.852529 9.103600 -0.092556 0.848032 0.521800 0.043100 0.000000 0.000000 0.000000 1.000000
0.995481 0.089983 0.030335 -1.865100 -0.021228 0.522250 -0.852528 9.103600 -0.092556 0.848032 0.521800 0.043100 0.000000 0.000000 0.000000 1.000000
0.995481 0.089983 0.030335 -1.865100 -0.021228 0.522250 -0.852528 9.103600 -0.092556 0.848032 0.521800 0.043100 0.000000 0.000000 0.000000 1.000000
0.995481 0.089982 0.030335 -1.865100 -0.021228 0.522250 -0.852528 9.103600 -0.092555 0.848032 0.521800 0.043100 0.000000 0.000000 0.000000 1.000000
0.995481 0.089983 0.030335 -1.865100 -0.021228 0.522250 -0.852528 9.103600 -0.092556 0.848032 0.521800 0.043100 0.000000 0.000000 0.000000 1.000000
0.995481 0.089983 0.030336 -1.865100 -0.021228 0.522250 -0.852528 9.103600 -0.092556 0.848032 0.521800 0.043100 0.000000 0.000000 0.000000 1.000000
0.995481 0.089983 0.030335 -1.865100 -0.021228 0.522250 -0.852528 9.103600 -0.092556 0.848032 0.521800 0.043100 0.000000 0.000000 0.000000 1.000000
0.995481 0.089983 0.030335 -1.865100 -0.021228 0.522250 -0.852528 9.103600 -0.092556 0.848032 0.521800 0.043100 0.000000 0.000000 0.000000 1.000000</float_array>
        <technique_common>
          <accessor source="#mixamorig_RightHandRing1-Matrix-animation-output-transform-array" count="69" stride="16">
            <param type="float4x4"/>
          </accessor>
        </technique_common>
      </source>
      <source id="mixamorig_RightHandRing1-Interpolations">
        <Name_array id="mixamorig_RightHandRing1-Interpolations-array" count="69">
 LINEAR LINEAR LINEAR LINEAR LINEAR LINEAR LINEAR LINEAR LINEAR LINEAR LINEAR
LINEAR LINEAR LINEAR LINEAR LINEAR LINEAR LINEAR LINEAR LINEAR LINEAR LINEAR LINEAR
LINEAR LINEAR LINEAR LINEAR LINEAR LINEAR LINEAR LINEAR LINEAR LINEAR LINEAR LINEAR
LINEAR LINEAR LINEAR LINEAR LINEAR LINEAR LINEAR LINEAR LINEAR LINEAR LINEAR LINEAR
LINEAR LINEAR LINEAR LINEAR LINEAR LINEAR LINEAR LINEAR LINEAR LINEAR LINEAR LINEAR
LINEAR LINEAR LINEAR LINEAR LINEAR LINEAR LINEAR LINEAR LINEAR LINEAR</Name_array>
        <technique_common>
          <accessor source="#mixamorig_RightHandRing1-Interpolations-array" count="69">
            <param type="name"/>
          </accessor>
        </technique_common>
      </source>
      <sampler id="mixamorig_RightHandRing1-Matrix-animation-transform">
        <input semantic="INPUT" source="#mixamorig_RightHandRing1-Matrix-animation-input"/>
        <input semantic="OUTPUT" source="#mixamorig_RightHandRing1-Matrix-animation-output-transform"/>
        <input semantic="INTERPOLATION" source="#mixamorig_RightHandRing1-Interpolations"/>
      </sampler>
      <channel source="#mixamorig_RightHandRing1-Matrix-animation-transform" target="mixamorig_RightHandRing1/matrix"/>
    </animation>
    <animation id="mixamorig_RightHandRing2-anim" name="mixamorig_RightHandRing2">
      <source id="mixamorig_RightHandRing2-Matrix-animation-input">
        <float_array id="mixamorig_RightHandRing2-Matrix-animation-input-array" count="69">

0.000000 0.033333 0.066667 0.100000 0.133333 0.166667 0.200000 0.233333 0.266667 0.300000 0.333333 0.366667 0.400000 0.433333 0.466667 0.500000
0.533333 0.566667 0.600000 0.633333 0.666667 0.700000 0.733333 0.766667 0.800000 0.833333 0.866667 0.900000 0.933333 0.966667 1.000000 1.033333
1.066667 1.100000 1.133333 1.166667 1.200000 1.233333 1.266667 1.300000 1.333333 1.366667 1.400000 1.433333 1.466667 1.500000 1.533333 1.566667
1.600000 1.633333 1.666667 1.700000 1.733333 1.766667 1.800000 1.833333 1.866667 1.900000 1.933333 1.966667 2.000000 2.033333 2.066667 2.100000
2.133333 2.166667 2.200000 2.233333 2.266667</float_array>
        <technique_common>
          <accessor source="#mixamorig_RightHandRing2-Matrix-animation-input-array" count="69">
            <param name="TIME" type="float"/>
          </accessor>
        </technique_common>
      </source>
      <source id="mixamorig_RightHandRing2-Matrix-animation-output-transform">
        <float_array id="mixamorig_RightHandRing2-Matrix-animation-output-transform-array" count="1104">

0.999492 0.029129 -0.012925 -0.000000 -0.029096 0.668701 -0.742962 3.379300 -0.012999 0.742961 0.669209 0.000000 0.000000 0.000000 0.000000 1.000000
0.999492 0.029128 -0.012926 0.000000 -0.029096 0.668701 -0.742962 3.379300 -0.012998 0.742960 0.669209 -0.000000 0.000000 0.000000 0.000000 1.000000
0.999492 0.029130 -0.012926 0.000000 -0.029097 0.668701 -0.742961 3.379300 -0.012999 0.742960 0.669209 0.000000 0.000000 0.000000 0.000000 1.000000
0.999492 0.029129 -0.012926 0.000000 -0.029096 0.668701 -0.742962 3.379300 -0.012998 0.742961 0.669209 0.000000 0.000000 0.000000 0.000000 1.000000
0.999492 0.029129 -0.012926 -0.000000 -0.029097 0.668701 -0.742962 3.379300 -0.012998 0.742960 0.669209 -0.000000 0.000000 0.000000 0.000000 1.000000
0.999492 0.029129 -0.012925 0.000000 -0.029097 0.668701 -0.742962 3.379300 -0.012999 0.742961 0.669209 0.000000 0.000000 0.000000 0.000000 1.000000
0.999492 0.029129 -0.012926 0.000000 -0.029097 0.668701 -0.742962 3.379300 -0.012998 0.742961 0.669209 0.000000 0.000000 0.000000 0.000000 1.000000
0.999492 0.029129 -0.012925 0.000000 -0.029096 0.668702 -0.742961 3.379300 -0.012998 0.742960 0.669209 -0.000000 0.000000 0.000000 0.000000 1.000000
0.999492 0.029129 -0.012926 0.000000 -0.029097 0.668702 -0.742961 3.379300 -0.012998 0.742960 0.669209 0.000000 0.000000 0.000000 0.000000 1.000000
0.999492 0.029129 -0.012925 -0.000000 -0.029096 0.668701 -0.742962 3.379300 -0.012999 0.742961 0.669209 0.000000 0.000000 0.000000 0.000000 1.000000
0.999492 0.029128 -0.012925 0.000000 -0.029096 0.668701 -0.742962 3.379300 -0.012998 0.742961 0.669209 0.000000 0.000000 0.000000 0.000000 1.000000
0.999492 0.029129 -0.012925 0.000000 -0.029096 0.668701 -0.742962 3.379300 -0.012998 0.742960 0.669209 -0.000000 0.000000 0.000000 0.000000 1.000000
0.999492 0.029129 -0.012925 0.000000 -0.029097 0.668701 -0.742962 3.379300 -0.012999 0.742960 0.669209 0.000000 0.000000 0.000000 0.000000 1.000000
0.999492 0.029129 -0.012925 0.000000 -0.029096 0.668701 -0.742962 3.379300 -0.012999 0.742961 0.669209 0.000000 0.000000 0.000000 0.000000 1.000000
0.999492 0.029129 -0.012925 -0.000000 -0.029096 0.668701 -0.742962 3.379300 -0.012999 0.742960 0.669209 0.000000 0.000000 0.000000 0.000000 1.000000
0.999492 0.029129 -0.012926 0.000000 -0.029097 0.668701 -0.742962 3.379300 -0.012998 0.742960 0.669209 0.000000 0.000000 0.000000 0.000000 1.000000
0.999492 0.029129 -0.012925 -0.000000 -0.029096 0.668701 -0.742962 3.379300 -0.012999 0.742960 0.669209 0.000000 0.000000 0.000000 0.000000 1.000000
0.999492 0.029130 -0.012925 0.000000 -0.029097 0.668701 -0.742962 3.379300 -0.012999 0.742961 0.669209 -0.000000 0.000000 0.000000 0.000000 1.000000
0.999492 0.029129 -0.012926 0.000000 -0.029097 0.668701 -0.742962 3.379300 -0.012998 0.742961 0.669209 0.000000 0.000000 0.000000 0.000000 1.000000
0.999492 0.029129 -0.012925 0.000000 -0.029097 0.668701 -0.742962 3.379300 -0.012999 0.742961 0.669209 0.000000 0.000000 0.000000 0.000000 1.000000
0.999492 0.029130 -0.012925 0.000000 -0.029097 0.668701 -0.742962 3.379300 -0.012999 0.742960 0.669209 0.000000 0.000000 0.000000 0.000000 1.000000
0.999492 0.029129 -0.012926 0.000000 -0.029097 0.668701 -0.742962 3.379300 -0.012998 0.742961 0.669209 -0.000000 0.000000 0.000000 0.000000 1.000000
0.999492 0.029129 -0.012925 0.000000 -0.029096 0.668702 -0.742961 3.379300 -0.012998 0.742960 0.669209 0.000000 0.000000 0.000000 0.000000 1.000000
0.999492 0.029129 -0.012925 0.000000 -0.029097 0.668701 -0.742962 3.379300 -0.012999 0.742960 0.669209 0.000000 0.000000 0.000000 0.000000 1.000000
0.999492 0.029129 -0.012925 -0.000000 -0.029096 0.668701 -0.742962 3.379300 -0.012999 0.742961 0.669209 0.000000 0.000000 0.000000 0.000000 1.000000
0.999492 0.029130 -0.012926 0.000000 -0.029097 0.668701 -0.742962 3.379300 -0.012999 0.742961 0.669209 0.000000 0.000000 0.000000 0.000000 1.000000
0.999492 0.029129 -0.012926 0.000000 -0.029097 0.668701 -0.742962 3.379300 -0.012999 0.742961 0.669209 0.000000 0.000000 0.000000 0.000000 1.000000
0.999492 0.029129 -0.012925 0.000000 -0.029096 0.668701 -0.742962 3.379300 -0.012999 0.742961 0.669209 0.000000 0.000000 0.000000 0.000000 1.000000
0.999492 0.029129 -0.012925 -0.000000 -0.029097 0.668701 -0.742962 3.379300 -0.012999 0.742960 0.669209 0.000000 0.000000 0.000000 0.000000 1.000000
0.999492 0.029129 -0.012925 -0.000000 -0.029096 0.668701 -0.742962 3.379300 -0.012999 0.742961 0.669209 0.000000 0.000000 0.000000 0.000000 1.000000
0.999492 0.029129 -0.012926 -0.000000 -0.029097 0.668701 -0.742962 3.379300 -0.012999 0.742961 0.669209 0.000000 0.000000 0.000000 0.000000 1.000000
0.999492 0.029129 -0.012926 0.000000 -0.029097 0.668702 -0.742961 3.379300 -0.012998 0.742960 0.669209 0.000000 0.000000 0.000000 0.000000 1.000000
0.999492 0.029130 -0.012926 0.000000 -0.029097 0.668701 -0.742962 3.379300 -0.012999 0.742960 0.669209 0.000000 0.000000 0.000000 0.000000 1.000000
0.999492 0.029129 -0.012925 -0.000000 -0.029096 0.668701 -0.742962 3.379300 -0.012999 0.742961 0.669209 0.000000 0.000000 0.000000 0.000000 1.000000
0.999492 0.029129 -0.012925 0.000000 -0.029096 0.668701 -0.742962 3.379300 -0.012999 0.742961 0.669209 0.000000 0.000000 0.000000 0.000000 1.000000
0.999492 0.029129 -0.012925 0.000000 -0.029096 0.668701 -0.742962 3.379300 -0.012999 0.742960 0.669209 -0.000000 0.000000 0.000000 0.000000 1.000000
0.999492 0.029129 -0.012926 -0.000000 -0.029097 0.668701 -0.742962 3.379300 -0.012999 0.742961 0.669208 0.000000 0.000000 0.000000 0.000000 1.000000
0.999492 0.029129 -0.012925 0.000000 -0.029096 0.668701 -0.742962 3.379300 -0.012999 0.742961 0.669209 0.000000 0.000000 0.000000 0.000000 1.000000
0.999492 0.029129 -0.012926 -0.000000 -0.029097 0.668701 -0.742962 3.379300 -0.012998 0.742961 0.669209 -0.000000 0.000000 0.000000 0.000000 1.000000
0.999492 0.029129 -0.012925 0.000000 -0.029096 0.668701 -0.742962 3.379300 -0.012998 0.742961 0.669209 -0.000000 0.000000 0.000000 0.000000 1.000000
0.999492 0.029129 -0.012925 0.000000 -0.029096 0.668701 -0.742962 3.379300 -0.012998 0.742961 0.669209 0.000000 0.000000 0.000000 0.000000 1.000000
0.999492 0.029129 -0.012926 -0.000000 -0.029097 0.668701 -0.742962 3.379300 -0.012998 0.742961 0.669209 -0.000000 0.000000 0.000000 0.000000 1.000000
0.999492 0.029130 -0.012926 0.000000 -0.029097 0.668701 -0.742962 3.379300 -0.012999 0.742961 0.669209 -0.000000 0.000000 0.000000 0.000000 1.000000
0.999492 0.029130 -0.012925 0.000000 -0.029097 0.668701 -0.742962 3.379300 -0.012999 0.742961 0.669209 0.000000 0.000000 0.000000 0.000000 1.000000
0.999492 0.029129 -0.012925 0.000000 -0.029096 0.668701 -0.742962 3.379300 -0.012998 0.742961 0.669209 0.000000 0.000000 0.000000 0.000000 1.000000
0.999492 0.029129 -0.012926 -0.000000 -0.029097 0.668701 -0.742962 3.379300 -0.012998 0.742960 0.669209 -0.000000 0.000000 0.000000 0.000000 1.000000
0.999492 0.029129 -0.012926 0.000000 -0.029097 0.668701 -0.742961 3.379300 -0.012998 0.742960 0.669209 -0.000000 0.000000 0.000000 0.000000 1.000000
0.999492 0.029129 -0.012925 -0.000000 -0.029096 0.668701 -0.742962 3.379300 -0.012999 0.742961 0.669209 0.000000 0.000000 0.000000 0.000000 1.000000
0.999492 0.029129 -0.012925 0.000000 -0.029097 0.668701 -0.742962 3.379300 -0.012999 0.742961 0.669209 0.000000 0.000000 0.000000 0.000000 1.000000
0.999492 0.029129 -0.012926 -0.000000 -0.029096 0.668701 -0.742962 3.379300 -0.012998 0.742961 0.669209 -0.000000 0.000000 0.000000 0.000000 1.000000
0.999492 0.029129 -0.012925 -0.000000 -0.029097 0.668701 -0.742962 3.379300 -0.012999 0.742960 0.669209 0.000000 0.000000 0.000000 0.000000 1.000000
0.999492 0.029129 -0.012925 -0.000000 -0.029096 0.668702 -0.742961 3.379300 -0.012998 0.742960 0.669210 0.000000 0.000000 0.000000 0.000000 1.000000
0.999492 0.029129 -0.012926 0.000000 -0.029097 0.668701 -0.742961 3.379300 -0.012999 0.742960 0.669209 0.000000 0.000000 0.000000 0.000000 1.000000
0.999492 0.029129 -0.012925 -0.000000 -0.029096 0.668701 -0.742962 3.379300 -0.012999 0.742961 0.669209 0.000000 0.000000 0.000000 0.000000 1.000000
0.999492 0.029129 -0.012925 0.000000 -0.029096 0.668701 -0.742962 3.379300 -0.012999 0.742961 0.669209 0.000000 0.000000 0.000000 0.000000 1.000000
0.999492 0.029129 -0.012926 -0.000000 -0.029097 0.668701 -0.742962 3.379300 -0.012998 0.742960 0.669209 -0.000000 0.000000 0.000000 0.000000 1.000000
0.999492 0.029129 -0.012926 0.000000 -0.029097 0.668701 -0.742962 3.379300 -0.012998 0.742960 0.669209 0.000000 0.000000 0.000000 0.000000 1.000000
0.999492 0.029128 -0.012925 0.000000 -0.029096 0.668701 -0.742962 3.379300 -0.012998 0.742961 0.669209 -0.000000 0.000000 0.000000 0.000000 1.000000
0.999492 0.029129 -0.012926 0.000000 -0.029096 0.668701 -0.742962 3.379300 -0.012998 0.742961 0.669209 -0.000000 0.000000 0.000000 0.000000 1.000000
0.999492 0.029129 -0.012925 0.000000 -0.029096 0.668701 -0.742962 3.379300 -0.012999 0.742961 0.669209 0.000000 0.000000 0.000000 0.000000 1.000000
0.999492 0.029129 -0.012925 -0.000000 -0.029096 0.668701 -0.742962 3.379300 -0.012998 0.742960 0.669209 0.000000 0.000000 0.000000 0.000000 1.000000
0.999492 0.029129 -0.012925 0.000000 -0.029096 0.668701 -0.742962 3.379300 -0.012999 0.742961 0.669209 0.000000 0.000000 0.000000 0.000000 1.000000
0.999492 0.029129 -0.012925 -0.000000 -0.029096 0.668701 -0.742962 3.379300 -0.012998 0.742961 0.669209 0.000000 0.000000 0.000000 0.000000 1.000000
0.999492 0.029129 -0.012925 -0.000000 -0.029097 0.668701 -0.742962 3.379300 -0.012999 0.742961 0.669209 -0.000000 0.000000 0.000000 0.000000 1.000000
0.999492 0.029130 -0.012926 -0.000000 -0.029097 0.668701 -0.742962 3.379300 -0.012999 0.742961 0.669209 -0.000000 0.000000 0.000000 0.000000 1.000000
0.999492 0.029129 -0.012925 -0.000000 -0.029096 0.668702 -0.742961 3.379300 -0.012999 0.742960 0.669209 0.000000 0.000000 0.000000 0.000000 1.000000
0.999492 0.029129 -0.012926 -0.000000 -0.029096 0.668701 -0.742962 3.379300 -0.012998 0.742961 0.669209 0.000000 0.000000 0.000000 0.000000 1.000000
0.999492 0.029129 -0.012926 0.000000 -0.029097 0.668701 -0.742962 3.379300 -0.012998 0.742961 0.669209 0.000000 0.000000 0.000000 0.000000 1.000000
0.999492 0.029129 -0.012926 0.000000 -0.029097 0.668701 -0.742962 3.379300 -0.012998 0.742961 0.669209 0.000000 0.000000 0.000000 0.000000 1.000000</float_array>
        <technique_common>
          <accessor source="#mixamorig_RightHandRing2-Matrix-animation-output-transform-array" count="69" stride="16">
            <param type="float4x4"/>
          </accessor>
        </technique_common>
      </source>
      <source id="mixamorig_RightHandRing2-Interpolations">
        <Name_array id="mixamorig_RightHandRing2-Interpolations-array" count="69">
 LINEAR LINEAR LINEAR LINEAR LINEAR LINEAR LINEAR LINEAR LINEAR LINEAR LINEAR
LINEAR LINEAR LINEAR LINEAR LINEAR LINEAR LINEAR LINEAR LINEAR LINEAR LINEAR LINEAR
LINEAR LINEAR LINEAR LINEAR LINEAR LINEAR LINEAR LINEAR LINEAR LINEAR LINEAR LINEAR
LINEAR LINEAR LINEAR LINEAR LINEAR LINEAR LINEAR LINEAR LINEAR LINEAR LINEAR LINEAR
LINEAR LINEAR LINEAR LINEAR LINEAR LINEAR LINEAR LINEAR LINEAR LINEAR LINEAR LINEAR
LINEAR LINEAR LINEAR LINEAR LINEAR LINEAR LINEAR LINEAR LINEAR LINEAR</Name_array>
        <technique_common>
          <accessor source="#mixamorig_RightHandRing2-Interpolations-array" count="69">
            <param type="name"/>
          </accessor>
        </technique_common>
      </source>
      <sampler id="mixamorig_RightHandRing2-Matrix-animation-transform">
        <input semantic="INPUT" source="#mixamorig_RightHandRing2-Matrix-animation-input"/>
        <input semantic="OUTPUT" source="#mixamorig_RightHandRing2-Matrix-animation-output-transform"/>
        <input semantic="INTERPOLATION" source="#mixamorig_RightHandRing2-Interpolations"/>
      </sampler>
      <channel source="#mixamorig_RightHandRing2-Matrix-animation-transform" target="mixamorig_RightHandRing2/matrix"/>
    </animation>
    <animation id="mixamorig_RightHandRing3-anim" name="mixamorig_RightHandRing3">
      <source id="mixamorig_RightHandRing3-Matrix-animation-input">
        <float_array id="mixamorig_RightHandRing3-Matrix-animation-input-array" count="69">

0.000000 0.033333 0.066667 0.100000 0.133333 0.166667 0.200000 0.233333 0.266667 0.300000 0.333333 0.366667 0.400000 0.433333 0.466667 0.500000
0.533333 0.566667 0.600000 0.633333 0.666667 0.700000 0.733333 0.766667 0.800000 0.833333 0.866667 0.900000 0.933333 0.966667 1.000000 1.033333
1.066667 1.100000 1.133333 1.166667 1.200000 1.233333 1.266667 1.300000 1.333333 1.366667 1.400000 1.433333 1.466667 1.500000 1.533333 1.566667
1.600000 1.633333 1.666667 1.700000 1.733333 1.766667 1.800000 1.833333 1.866667 1.900000 1.933333 1.966667 2.000000 2.033333 2.066667 2.100000
2.133333 2.166667 2.200000 2.233333 2.266667</float_array>
        <technique_common>
          <accessor source="#mixamorig_RightHandRing3-Matrix-animation-input-array" count="69">
            <param name="TIME" type="float"/>
          </accessor>
        </technique_common>
      </source>
      <source id="mixamorig_RightHandRing3-Matrix-animation-output-transform">
        <float_array id="mixamorig_RightHandRing3-Matrix-animation-output-transform-array" count="1104">

0.999383 0.030503 -0.017427 0.000000 -0.032115 0.592178 -0.805167 2.889700 -0.014240 0.805230 0.592792 0.000000 0.000000 0.000000 0.000000 1.000000
0.999383 0.030503 -0.017428 -0.000000 -0.032115 0.592178 -0.805167 2.889700 -0.014240 0.805230 0.592792 -0.000000 0.000000 0.000000 0.000000 1.000000
0.999383 0.030503 -0.017427 0.000000 -0.032115 0.592178 -0.805167 2.889700 -0.014240 0.805230 0.592792 0.000000 0.000000 0.000000 0.000000 1.000000
0.999383 0.030503 -0.017428 0.000000 -0.032116 0.592178 -0.805167 2.889700 -0.014240 0.805230 0.592792 0.000000 0.000000 0.000000 0.000000 1.000000
0.999383 0.030504 -0.017427 0.000000 -0.032115 0.592178 -0.805167 2.889700 -0.014240 0.805230 0.592792 0.000000 0.000000 0.000000 0.000000 1.000000
0.999383 0.030503 -0.017427 0.000000 -0.032115 0.592178 -0.805167 2.889700 -0.014240 0.805230 0.592792 0.000000 0.000000 0.000000 0.000000 1.000000
0.999383 0.030503 -0.017427 0.000000 -0.032115 0.592178 -0.805167 2.889700 -0.014240 0.805230 0.592792 -0.000000 0.000000 0.000000 0.000000 1.000000
0.999383 0.030504 -0.017427 0.000000 -0.032115 0.592178 -0.805167 2.889700 -0.014241 0.805230 0.592792 -0.000000 0.000000 0.000000 0.000000 1.000000
0.999383 0.030503 -0.017427 0.000000 -0.032115 0.592178 -0.805167 2.889700 -0.014240 0.805230 0.592792 0.000000 0.000000 0.000000 0.000000 1.000000
0.999383 0.030503 -0.017427 -0.000000 -0.032115 0.592178 -0.805167 2.889700 -0.014240 0.805230 0.592792 0.000000 0.000000 0.000000 0.000000 1.000000
0.999383 0.030503 -0.017428 0.000000 -0.032115 0.592178 -0.805167 2.889700 -0.014240 0.805230 0.592792 0.000000 0.000000 0.000000 0.000000 1.000000
0.999383 0.030504 -0.017427 -0.000000 -0.032115 0.592178 -0.805167 2.889700 -0.014241 0.805230 0.592792 0.000000 0.000000 0.000000 0.000000 1.000000
0.999383 0.030503 -0.017427 0.000000 -0.032115 0.592178 -0.805167 2.889700 -0.014240 0.805230 0.592792 0.000000 0.000000 0.000000 0.000000 1.000000
0.999383 0.030503 -0.017427 0.000000 -0.032115 0.592178 -0.805167 2.889700 -0.014240 0.805230 0.592792 0.000000 0.000000 0.000000 0.000000 1.000000
0.999383 0.030503 -0.017427 -0.000000 -0.032115 0.592177 -0.805167 2.889700 -0.014240 0.805230 0.592792 -0.000000 0.000000 0.000000 0.000000 1.000000
0.999383 0.030504 -0.017427 -0.000000 -0.032115 0.592178 -0.805167 2.889700 -0.014241 0.805229 0.592792 0.000000 0.000000 0.000000 0.000000 1.000000
0.999383 0.030503 -0.017427 0.000000 -0.032115 0.592178 -0.805167 2.889700 -0.014240 0.805230 0.592792 0.000000 0.000000 0.000000 0.000000 1.000000
0.999383 0.030503 -0.017427 -0.000000 -0.032114 0.592178 -0.805167 2.889700 -0.014240 0.805230 0.592792 -0.000000 0.000000 0.000000 0.000000 1.000000
0.999383 0.030503 -0.017428 0.000000 -0.032115 0.592178 -0.805167 2.889700 -0.014240 0.805230 0.592792 0.000000 0.000000 0.000000 0.000000 1.000000
0.999383 0.030503 -0.017427 0.000000 -0.032115 0.592178 -0.805167 2.889700 -0.014240 0.805230 0.592792 0.000000 0.000000 0.000000 0.000000 1.000000
0.999383 0.030503 -0.017427 0.000000 -0.032115 0.592178 -0.805167 2.889700 -0.014240 0.805230 0.592792 0.000000 0.000000 0.000000 0.000000 1.000000
0.999383 0.030503 -0.017427 0.000000 -0.032115 0.592178 -0.805167 2.889700 -0.014240 0.805230 0.592792 0.000000 0.000000 0.000000 0.000000 1.000000
0.999383 0.030503 -0.017427 -0.000000 -0.032115 0.592178 -0.805167 2.889700 -0.014240 0.805230 0.592792 0.000000 0.000000 0.000000 0.000000 1.000000
0.999383 0.030503 -0.017427 -0.000000 -0.032115 0.592178 -0.805167 2.889700 -0.014240 0.805230 0.592792 0.000000 0.000000 0.000000 0.000000 1.000000
0.999383 0.030503 -0.017427 -0.000000 -0.032115 0.592178 -0.805167 2.889700 -0.014240 0.805230 0.592792 0.000000 0.000000 0.000000 0.000000 1.000000
0.999383 0.030503 -0.017427 0.000000 -0.032114 0.592178 -0.805167 2.889700 -0.014240 0.805230 0.592792 0.000000 0.000000 0.000000 0.000000 1.000000
0.999383 0.030503 -0.017427 0.000000 -0.032115 0.592177 -0.805167 2.889700 -0.014241 0.805230 0.592791 0.000000 0.000000 0.000000 0.000000 1.000000
0.999383 0.030503 -0.017427 -0.000000 -0.032115 0.592178 -0.805167 2.889700 -0.014240 0.805230 0.592792 0.000000 0.000000 0.000000 0.000000 1.000000
0.999383 0.030503 -0.017427 -0.000000 -0.032115 0.592178 -0.805167 2.889700 -0.014240 0.805230 0.592792 0.000000 0.000000 0.000000 0.000000 1.000000
0.999383 0.030503 -0.017428 0.000000 -0.032115 0.592178 -0.805167 2.889700 -0.014240 0.805229 0.592792 0.000000 0.000000 0.000000 0.000000 1.000000
0.999383 0.030503 -0.017427 -0.000000 -0.032115 0.592178 -0.805167 2.889700 -0.014240 0.805230 0.592792 0.000000 0.000000 0.000000 0.000000 1.000000
0.999383 0.030503 -0.017427 -0.000000 -0.032115 0.592178 -0.805167 2.889700 -0.014241 0.805230 0.592792 0.000000 0.000000 0.000000 0.000000 1.000000
0.999383 0.030504 -0.017427 0.000000 -0.032115 0.592178 -0.805167 2.889700 -0.014241 0.805230 0.592792 0.000000 0.000000 0.000000 0.000000 1.000000
0.999383 0.030503 -0.017427 0.000000 -0.032115 0.592178 -0.805167 2.889700 -0.014240 0.805230 0.592792 0.000000 0.000000 0.000000 0.000000 1.000000
0.999383 0.030503 -0.017427 0.000000 -0.032115 0.592178 -0.805167 2.889700 -0.014240 0.805229 0.592792 -0.000000 0.000000 0.000000 0.000000 1.000000
0.999383 0.030503 -0.017427 0.000000 -0.032115 0.592178 -0.805167 2.889700 -0.014240 0.805230 0.592792 0.000000 0.000000 0.000000 0.000000 1.000000
0.999383 0.030503 -0.017427 0.000000 -0.032115 0.592178 -0.805167 2.889700 -0.014240 0.805230 0.592792 0.000000 0.000000 0.000000 0.000000 1.000000
0.999383 0.030504 -0.017427 0.000000 -0.032115 0.592178 -0.805167 2.889700 -0.014241 0.805230 0.592792 0.000000 0.000000 0.000000 0.000000 1.000000
0.999383 0.030503 -0.017427 0.000000 -0.032115 0.592178 -0.805167 2.889700 -0.014240 0.805230 0.592792 0.000000 0.000000 0.000000 0.000000 1.000000
0.999383 0.030503 -0.017427 0.000000 -0.032115 0.592178 -0.805167 2.889700 -0.014241 0.805230 0.592792 -0.000000 0.000000 0.000000 0.000000 1.000000
0.999383 0.030503 -0.017427 -0.000000 -0.032115 0.592178 -0.805167 2.889700 -0.014240 0.805229 0.592792 -0.000000 0.000000 0.000000 0.000000 1.000000
0.999383 0.030503 -0.017427 0.000000 -0.032115 0.592178 -0.805167 2.889700 -0.014240 0.805230 0.592792 0.000000 0.000000 0.000000 0.000000 1.000000
0.999383 0.030503 -0.017427 -0.000000 -0.032115 0.592178 -0.805167 2.889700 -0.014240 0.805230 0.592792 0.000000 0.000000 0.000000 0.000000 1.000000
0.999383 0.030503 -0.017427 -0.000000 -0.032115 0.592178 -0.805167 2.889700 -0.014240 0.805230 0.592792 0.000000 0.000000 0.000000 0.000000 1.000000
0.999383 0.030503 -0.017427 0.000000 -0.032115 0.592178 -0.805167 2.889700 -0.014240 0.805229 0.592792 0.000000 0.000000 0.000000 0.000000 1.000000
0.999383 0.030503 -0.017427 -0.000000 -0.032115 0.592178 -0.805167 2.889700 -0.014240 0.805230 0.592792 0.000000 0.000000 0.000000 0.000000 1.000000
0.999383 0.030503 -0.017427 -0.000000 -0.032115 0.592178 -0.805167 2.889700 -0.014240 0.805230 0.592792 0.000000 0.000000 0.000000 0.000000 1.000000
0.999383 0.030503 -0.017427 -0.000000 -0.032115 0.592178 -0.805167 2.889700 -0.014240 0.805230 0.592792 0.000000 0.000000 0.000000 0.000000 1.000000
0.999383 0.030504 -0.017427 -0.000000 -0.032115 0.592178 -0.805167 2.889700 -0.014240 0.805230 0.592792 -0.000000 0.000000 0.000000 0.000000 1.000000
0.999383 0.030503 -0.017427 0.000000 -0.032115 0.592178 -0.805167 2.889700 -0.014240 0.805230 0.592792 0.000000 0.000000 0.000000 0.000000 1.000000
0.999383 0.030503 -0.017427 -0.000000 -0.032115 0.592178 -0.805167 2.889700 -0.014240 0.805230 0.592792 0.000000 0.000000 0.000000 0.000000 1.000000
0.999383 0.030503 -0.017427 0.000000 -0.032115 0.592178 -0.805167 2.889700 -0.014240 0.805230 0.592792 0.000000 0.000000 0.000000 0.000000 1.000000
0.999383 0.030503 -0.017427 -0.000000 -0.032115 0.592178 -0.805167 2.889700 -0.014240 0.805229 0.592792 0.000000 0.000000 0.000000 0.000000 1.000000
0.999383 0.030503 -0.017427 -0.000000 -0.032115 0.592178 -0.805167 2.889700 -0.014240 0.805230 0.592792 0.000000 0.000000 0.000000 0.000000 1.000000
0.999383 0.030503 -0.017427 0.000000 -0.032115 0.592178 -0.805167 2.889700 -0.014240 0.805230 0.592792 -0.000000 0.000000 0.000000 0.000000 1.000000
0.999383 0.030503 -0.017427 0.000000 -0.032115 0.592178 -0.805167 2.889700 -0.014240 0.805230 0.592792 -0.000000 0.000000 0.000000 0.000000 1.000000
0.999383 0.030503 -0.017427 0.000000 -0.032115 0.592178 -0.805167 2.889700 -0.014240 0.805230 0.592792 0.000000 0.000000 0.000000 0.000000 1.000000
0.999383 0.030503 -0.017427 -0.000000 -0.032115 0.592178 -0.805167 2.889700 -0.014240 0.805230 0.592792 0.000000 0.000000 0.000000 0.000000 1.000000
0.999383 0.030503 -0.017428 0.000000 -0.032115 0.592178 -0.805167 2.889700 -0.014240 0.805230 0.592792 0.000000 0.000000 0.000000 0.000000 1.000000
0.999383 0.030503 -0.017427 -0.000000 -0.032115 0.592178 -0.805167 2.889700 -0.014240 0.805230 0.592792 -0.000000 0.000000 0.000000 0.000000 1.000000
0.999383 0.030503 -0.017427 0.000000 -0.032115 0.592178 -0.805167 2.889700 -0.014240 0.805230 0.592792 0.000000 0.000000 0.000000 0.000000 1.000000
0.999383 0.030503 -0.017427 0.000000 -0.032115 0.592178 -0.805167 2.889700 -0.014240 0.805230 0.592792 0.000000 0.000000 0.000000 0.000000 1.000000
0.999383 0.030503 -0.017427 0.000000 -0.032115 0.592177 -0.805167 2.889700 -0.014240 0.805230 0.592792 0.000000 0.000000 0.000000 0.000000 1.000000
0.999383 0.030503 -0.017427 -0.000000 -0.032115 0.592178 -0.805167 2.889700 -0.014240 0.805230 0.592792 0.000000 0.000000 0.000000 0.000000 1.000000
0.999383 0.030503 -0.017427 0.000000 -0.032115 0.592178 -0.805167 2.889700 -0.014240 0.805230 0.592792 0.000000 0.000000 0.000000 0.000000 1.000000
0.999383 0.030503 -0.017427 0.000000 -0.032115 0.592178 -0.805167 2.889700 -0.014240 0.805230 0.592792 0.000000 0.000000 0.000000 0.000000 1.000000
0.999383 0.030503 -0.017427 0.000000 -0.032115 0.592178 -0.805167 2.889700 -0.014240 0.805230 0.592792 0.000000 0.000000 0.000000 0.000000 1.000000
0.999383 0.030503 -0.017427 0.000000 -0.032115 0.592178 -0.805167 2.889700 -0.014240 0.805230 0.592792 0.000000 0.000000 0.000000 0.000000 1.000000
0.999383 0.030503 -0.017427 -0.000000 -0.032114 0.592178 -0.805167 2.889700 -0.014240 0.805229 0.592792 0.000000 0.000000 0.000000 0.000000 1.000000</float_array>
        <technique_common>
          <accessor source="#mixamorig_RightHandRing3-Matrix-animation-output-transform-array" count="69" stride="16">
            <param type="float4x4"/>
          </accessor>
        </technique_common>
      </source>
      <source id="mixamorig_RightHandRing3-Interpolations">
        <Name_array id="mixamorig_RightHandRing3-Interpolations-array" count="69">
 LINEAR LINEAR LINEAR LINEAR LINEAR LINEAR LINEAR LINEAR LINEAR LINEAR LINEAR
LINEAR LINEAR LINEAR LINEAR LINEAR LINEAR LINEAR LINEAR LINEAR LINEAR LINEAR LINEAR
LINEAR LINEAR LINEAR LINEAR LINEAR LINEAR LINEAR LINEAR LINEAR LINEAR LINEAR LINEAR
LINEAR LINEAR LINEAR LINEAR LINEAR LINEAR LINEAR LINEAR LINEAR LINEAR LINEAR LINEAR
LINEAR LINEAR LINEAR LINEAR LINEAR LINEAR LINEAR LINEAR LINEAR LINEAR LINEAR LINEAR
LINEAR LINEAR LINEAR LINEAR LINEAR LINEAR LINEAR LINEAR LINEAR LINEAR</Name_array>
        <technique_common>
          <accessor source="#mixamorig_RightHandRing3-Interpolations-array" count="69">
            <param type="name"/>
          </accessor>
        </technique_common>
      </source>
      <sampler id="mixamorig_RightHandRing3-Matrix-animation-transform">
        <input semantic="INPUT" source="#mixamorig_RightHandRing3-Matrix-animation-input"/>
        <input semantic="OUTPUT" source="#mixamorig_RightHandRing3-Matrix-animation-output-transform"/>
        <input semantic="INTERPOLATION" source="#mixamorig_RightHandRing3-Interpolations"/>
      </sampler>
      <channel source="#mixamorig_RightHandRing3-Matrix-animation-transform" target="mixamorig_RightHandRing3/matrix"/>
    </animation>
    <animation id="mixamorig_RightHandPinky1-anim" name="mixamorig_RightHandPinky1">
      <source id="mixamorig_RightHandPinky1-Matrix-animation-input">
        <float_array id="mixamorig_RightHandPinky1-Matrix-animation-input-array" count="69">

0.000000 0.033333 0.066667 0.100000 0.133333 0.166667 0.200000 0.233333 0.266667 0.300000 0.333333 0.366667 0.400000 0.433333 0.466667 0.500000
0.533333 0.566667 0.600000 0.633333 0.666667 0.700000 0.733333 0.766667 0.800000 0.833333 0.866667 0.900000 0.933333 0.966667 1.000000 1.033333
1.066667 1.100000 1.133333 1.166667 1.200000 1.233333 1.266667 1.300000 1.333333 1.366667 1.400000 1.433333 1.466667 1.500000 1.533333 1.566667
1.600000 1.633333 1.666667 1.700000 1.733333 1.766667 1.800000 1.833333 1.866667 1.900000 1.933333 1.966667 2.000000 2.033333 2.066667 2.100000
2.133333 2.166667 2.200000 2.233333 2.266667</float_array>
        <technique_common>
          <accessor source="#mixamorig_RightHandPinky1-Matrix-animation-input-array" count="69">
            <param name="TIME" type="float"/>
          </accessor>
        </technique_common>
      </source>
      <source id="mixamorig_RightHandPinky1-Matrix-animation-output-transform">
        <float_array id="mixamorig_RightHandPinky1-Matrix-animation-output-transform-array" count="1104">

0.977611 -0.010421 0.210163 -3.806300 0.162924 0.669554 -0.724674 8.076700 -0.133164 0.742690 0.656261 0.486700 0.000000 0.000000 0.000000 1.000000
0.977611 -0.010421 0.210162 -3.806300 0.162924 0.669555 -0.724674 8.076700 -0.133163 0.742690 0.656262 0.486700 0.000000 0.000000 0.000000 1.000000
0.977611 -0.010421 0.210163 -3.806300 0.162925 0.669555 -0.724674 8.076700 -0.133163 0.742690 0.656262 0.486700 0.000000 0.000000 0.000000 1.000000
0.977611 -0.010421 0.210163 -3.806300 0.162925 0.669554 -0.724674 8.076700 -0.133164 0.742690 0.656261 0.486700 0.000000 0.000000 0.000000 1.000000
0.977611 -0.010421 0.210163 -3.806300 0.162925 0.669554 -0.724674 8.076700 -0.133164 0.742690 0.656261 0.486700 0.000000 0.000000 0.000000 1.000000
0.977611 -0.010421 0.210163 -3.806300 0.162925 0.669554 -0.724674 8.076700 -0.133164 0.742690 0.656262 0.486700 0.000000 0.000000 0.000000 1.000000
0.977611 -0.010421 0.210163 -3.806300 0.162925 0.669555 -0.724674 8.076700 -0.133164 0.742690 0.656262 0.486700 0.000000 0.000000 0.000000 1.000000
0.977611 -0.010421 0.210163 -3.806300 0.162925 0.669554 -0.724674 8.076700 -0.133164 0.742690 0.656261 0.486700 0.000000 0.000000 0.000000 1.000000
0.977611 -0.010421 0.210162 -3.806300 0.162924 0.669555 -0.724674 8.076700 -0.133164 0.742690 0.656262 0.486700 0.000000 0.000000 0.000000 1.000000
0.977611 -0.010421 0.210163 -3.806300 0.162925 0.669554 -0.724674 8.076700 -0.133164 0.742690 0.656261 0.486700 0.000000 0.000000 0.000000 1.000000
0.977611 -0.010421 0.210162 -3.806300 0.162924 0.669554 -0.724674 8.076700 -0.133163 0.742690 0.656262 0.486700 0.000000 0.000000 0.000000 1.000000
0.977611 -0.010421 0.210162 -3.806300 0.162924 0.669554 -0.724674 8.076700 -0.133163 0.742690 0.656261 0.486700 0.000000 0.000000 0.000000 1.000000
0.977611 -0.010421 0.210163 -3.806300 0.162925 0.669555 -0.724674 8.076700 -0.133164 0.742690 0.656262 0.486700 0.000000 0.000000 0.000000 1.000000
0.977611 -0.010421 0.210162 -3.806300 0.162924 0.669555 -0.724674 8.076700 -0.133163 0.742690 0.656262 0.486700 0.000000 0.000000 0.000000 1.000000
0.977611 -0.010421 0.210162 -3.806300 0.162924 0.669554 -0.724674 8.076700 -0.133163 0.742690 0.656262 0.486700 0.000000 0.000000 0.000000 1.000000
0.977611 -0.010421 0.210162 -3.806300 0.162924 0.669555 -0.724674 8.076700 -0.133163 0.742690 0.656262 0.486700 0.000000 0.000000 0.000000 1.000000
0.977611 -0.010421 0.210163 -3.806300 0.162925 0.669554 -0.724674 8.076700 -0.133164 0.742690 0.656261 0.486700 0.000000 0.000000 0.000000 1.000000
0.977611 -0.010421 0.210162 -3.806300 0.162924 0.669554 -0.724674 8.076700 -0.133163 0.742690 0.656262 0.486700 0.000000 0.000000 0.000000 1.000000
0.977611 -0.010421 0.210163 -3.806300 0.162925 0.669554 -0.724674 8.076700 -0.133163 0.742690 0.656261 0.486700 0.000000 0.000000 0.000000 1.000000
0.977611 -0.010421 0.210163 -3.806300 0.162925 0.669555 -0.724674 8.076700 -0.133164 0.742690 0.656262 0.486700 0.000000 0.000000 0.000000 1.000000
0.977611 -0.010421 0.210163 -3.806300 0.162925 0.669554 -0.724674 8.076700 -0.133163 0.742690 0.656262 0.486700 0.000000 0.000000 0.000000 1.000000
0.977611 -0.010421 0.210163 -3.806300 0.162925 0.669554 -0.724674 8.076700 -0.133163 0.742690 0.656262 0.486700 0.000000 0.000000 0.000000 1.000000
0.977611 -0.010421 0.210162 -3.806300 0.162924 0.669554 -0.724674 8.076700 -0.133163 0.742690 0.656261 0.486700 0.000000 0.000000 0.000000 1.000000
0.977611 -0.010421 0.210163 -3.806300 0.162924 0.669555 -0.724674 8.076700 -0.133163 0.742690 0.656262 0.486700 0.000000 0.000000 0.000000 1.000000
0.977611 -0.010421 0.210163 -3.806300 0.162925 0.669554 -0.724674 8.076700 -0.133163 0.742690 0.656261 0.486700 0.000000 0.000000 0.000000 1.000000
0.977611 -0.010421 0.210163 -3.806300 0.162925 0.669554 -0.724674 8.076700 -0.133163 0.742690 0.656261 0.486700 0.000000 0.000000 0.000000 1.000000
0.977611 -0.010421 0.210162 -3.806300 0.162924 0.669554 -0.724674 8.076700 -0.133163 0.742690 0.656261 0.486700 0.000000 0.000000 0.000000 1.000000
0.977611 -0.010421 0.210162 -3.806300 0.162925 0.669554 -0.724674 8.076700 -0.133163 0.742690 0.656261 0.486700 0.000000 0.000000 0.000000 1.000000
0.977611 -0.010422 0.210163 -3.806300 0.162925 0.669554 -0.724674 8.076700 -0.133163 0.742690 0.656261 0.486700 0.000000 0.000000 0.000000 1.000000
0.977611 -0.010421 0.210162 -3.806300 0.162924 0.669554 -0.724674 8.076700 -0.133163 0.742690 0.656262 0.486700 0.000000 0.000000 0.000000 1.000000
0.977611 -0.010421 0.210163 -3.806300 0.162925 0.669554 -0.724674 8.076700 -0.133163 0.742690 0.656261 0.486700 0.000000 0.000000 0.000000 1.000000
0.977611 -0.010421 0.210163 -3.806300 0.162925 0.669554 -0.724674 8.076700 -0.133163 0.742690 0.656261 0.486700 0.000000 0.000000 0.000000 1.000000
0.977611 -0.010421 0.210163 -3.806300 0.162924 0.669555 -0.724674 8.076700 -0.133164 0.742690 0.656262 0.486700 0.000000 0.000000 0.000000 1.000000
0.977611 -0.010421 0.210162 -3.806300 0.162924 0.669555 -0.724674 8.076700 -0.133164 0.742690 0.656262 0.486700 0.000000 0.000000 0.000000 1.000000
0.977611 -0.010421 0.210162 -3.806300 0.162924 0.669555 -0.724674 8.076700 -0.133163 0.742690 0.656262 0.486700 0.000000 0.000000 0.000000 1.000000
0.977611 -0.010421 0.210163 -3.806300 0.162924 0.669555 -0.724674 8.076700 -0.133164 0.742689 0.656262 0.486700 0.000000 0.000000 0.000000 1.000000
0.977611 -0.010421 0.210162 -3.806300 0.162924 0.669554 -0.724674 8.076700 -0.133164 0.742690 0.656261 0.486700 0.000000 0.000000 0.000000 1.000000
0.977611 -0.010421 0.210163 -3.806300 0.162925 0.669555 -0.724674 8.076700 -0.133163 0.742689 0.656262 0.486700 0.000000 0.000000 0.000000 1.000000
0.977611 -0.010421 0.210162 -3.806300 0.162924 0.669555 -0.724674 8.076700 -0.133164 0.742690 0.656262 0.486700 0.000000 0.000000 0.000000 1.000000
0.977611 -0.010421 0.210163 -3.806300 0.162925 0.669554 -0.724674 8.076700 -0.133163 0.742690 0.656262 0.486700 0.000000 0.000000 0.000000 1.000000
0.977611 -0.010421 0.210162 -3.806300 0.162925 0.669555 -0.724674 8.076700 -0.133163 0.742690 0.656262 0.486700 0.000000 0.000000 0.000000 1.000000
0.977611 -0.010422 0.210163 -3.806300 0.162925 0.669554 -0.724674 8.076700 -0.133163 0.742690 0.656262 0.486700 0.000000 0.000000 0.000000 1.000000
0.977611 -0.010421 0.210162 -3.806300 0.162925 0.669554 -0.724674 8.076700 -0.133163 0.742690 0.656261 0.486700 0.000000 0.000000 0.000000 1.000000
0.977611 -0.010421 0.210163 -3.806300 0.162924 0.669554 -0.724674 8.076700 -0.133164 0.742690 0.656261 0.486700 0.000000 0.000000 0.000000 1.000000
0.977611 -0.010421 0.210162 -3.806300 0.162924 0.669554 -0.724674 8.076700 -0.133163 0.742690 0.656261 0.486700 0.000000 0.000000 0.000000 1.000000
0.977611 -0.010421 0.210163 -3.806300 0.162925 0.669554 -0.724674 8.076700 -0.133164 0.742690 0.656262 0.486700 0.000000 0.000000 0.000000 1.000000
0.977611 -0.010421 0.210163 -3.806300 0.162925 0.669554 -0.724674 8.076700 -0.133164 0.742690 0.656261 0.486700 0.000000 0.000000 0.000000 1.000000
0.977611 -0.010421 0.210162 -3.806300 0.162925 0.669554 -0.724674 8.076700 -0.133163 0.742690 0.656261 0.486700 0.000000 0.000000 0.000000 1.000000
0.977611 -0.010421 0.210162 -3.806300 0.162925 0.669554 -0.724674 8.076700 -0.133163 0.742690 0.656262 0.486700 0.000000 0.000000 0.000000 1.000000
0.977611 -0.010421 0.210163 -3.806300 0.162925 0.669555 -0.724674 8.076700 -0.133164 0.742690 0.656262 0.486700 0.000000 0.000000 0.000000 1.000000
0.977611 -0.010421 0.210162 -3.806300 0.162924 0.669555 -0.724674 8.076700 -0.133164 0.742690 0.656262 0.486700 0.000000 0.000000 0.000000 1.000000
0.977611 -0.010421 0.210163 -3.806300 0.162925 0.669555 -0.724674 8.076700 -0.133164 0.742689 0.656262 0.486700 0.000000 0.000000 0.000000 1.000000
0.977611 -0.010421 0.210163 -3.806300 0.162924 0.669554 -0.724674 8.076700 -0.133163 0.742690 0.656262 0.486700 0.000000 0.000000 0.000000 1.000000
0.977611 -0.010421 0.210163 -3.806300 0.162925 0.669554 -0.724674 8.076700 -0.133164 0.742690 0.656261 0.486700 0.000000 0.000000 0.000000 1.000000
0.977611 -0.010421 0.210162 -3.806300 0.162924 0.669554 -0.724674 8.076700 -0.133163 0.742690 0.656262 0.486700 0.000000 0.000000 0.000000 1.000000
0.977611 -0.010421 0.210162 -3.806300 0.162924 0.669554 -0.724674 8.076700 -0.133163 0.742690 0.656261 0.486700 0.000000 0.000000 0.000000 1.000000
0.977611 -0.010421 0.210163 -3.806300 0.162925 0.669555 -0.724674 8.076700 -0.133163 0.742690 0.656262 0.486700 0.000000 0.000000 0.000000 1.000000
0.977611 -0.010421 0.210163 -3.806300 0.162925 0.669555 -0.724674 8.076700 -0.133164 0.742690 0.656262 0.486700 0.000000 0.000000 0.000000 1.000000
0.977611 -0.010422 0.210163 -3.806300 0.162925 0.669554 -0.724674 8.076700 -0.133163 0.742690 0.656261 0.486700 0.000000 0.000000 0.000000 1.000000
0.977611 -0.010421 0.210163 -3.806300 0.162924 0.669554 -0.724674 8.076700 -0.133164 0.742690 0.656261 0.486700 0.000000 0.000000 0.000000 1.000000
0.977611 -0.010421 0.210163 -3.806300 0.162925 0.669554 -0.724674 8.076700 -0.133163 0.742690 0.656261 0.486700 0.000000 0.000000 0.000000 1.000000
0.977611 -0.010421 0.210162 -3.806300 0.162925 0.669555 -0.724674 8.076700 -0.133163 0.742690 0.656262 0.486700 0.000000 0.000000 0.000000 1.000000
0.977611 -0.010421 0.210163 -3.806300 0.162925 0.669554 -0.724674 8.076700 -0.133163 0.742690 0.656262 0.486700 0.000000 0.000000 0.000000 1.000000
0.977611 -0.010421 0.210163 -3.806300 0.162924 0.669554 -0.724674 8.076700 -0.133164 0.742690 0.656261 0.486700 0.000000 0.000000 0.000000 1.000000
0.977611 -0.010421 0.210162 -3.806300 0.162925 0.669554 -0.724674 8.076700 -0.133163 0.742690 0.656262 0.486700 0.000000 0.000000 0.000000 1.000000
0.977611 -0.010422 0.210162 -3.806300 0.162925 0.669554 -0.724674 8.076700 -0.133163 0.742690 0.656262 0.486700 0.000000 0.000000 0.000000 1.000000
0.977611 -0.010421 0.210163 -3.806300 0.162925 0.669554 -0.724674 8.076700 -0.133164 0.742690 0.656261 0.486700 0.000000 0.000000 0.000000 1.000000
0.977611 -0.010421 0.210162 -3.806300 0.162924 0.669554 -0.724675 8.076700 -0.133163 0.742690 0.656261 0.486700 0.000000 0.000000 0.000000 1.000000
0.977611 -0.010421 0.210162 -3.806300 0.162924 0.669554 -0.724674 8.076700 -0.133163 0.742690 0.656261 0.486700 0.000000 0.000000 0.000000 1.000000</float_array>
        <technique_common>
          <accessor source="#mixamorig_RightHandPinky1-Matrix-animation-output-transform-array" count="69" stride="16">
            <param type="float4x4"/>
          </accessor>
        </technique_common>
      </source>
      <source id="mixamorig_RightHandPinky1-Interpolations">
        <Name_array id="mixamorig_RightHandPinky1-Interpolations-array" count="69">
 LINEAR LINEAR LINEAR LINEAR LINEAR LINEAR LINEAR LINEAR LINEAR LINEAR LINEAR
LINEAR LINEAR LINEAR LINEAR LINEAR LINEAR LINEAR LINEAR LINEAR LINEAR LINEAR LINEAR
LINEAR LINEAR LINEAR LINEAR LINEAR LINEAR LINEAR LINEAR LINEAR LINEAR LINEAR LINEAR
LINEAR LINEAR LINEAR LINEAR LINEAR LINEAR LINEAR LINEAR LINEAR LINEAR LINEAR LINEAR
LINEAR LINEAR LINEAR LINEAR LINEAR LINEAR LINEAR LINEAR LINEAR LINEAR LINEAR LINEAR
LINEAR LINEAR LINEAR LINEAR LINEAR LINEAR LINEAR LINEAR LINEAR LINEAR</Name_array>
        <technique_common>
          <accessor source="#mixamorig_RightHandPinky1-Interpolations-array" count="69">
            <param type="name"/>
          </accessor>
        </technique_common>
      </source>
      <sampler id="mixamorig_RightHandPinky1-Matrix-animation-transform">
        <input semantic="INPUT" source="#mixamorig_RightHandPinky1-Matrix-animation-input"/>
        <input semantic="OUTPUT" source="#mixamorig_RightHandPinky1-Matrix-animation-output-transform"/>
        <input semantic="INTERPOLATION" source="#mixamorig_RightHandPinky1-Interpolations"/>
      </sampler>
      <channel source="#mixamorig_RightHandPinky1-Matrix-animation-transform" target="mixamorig_RightHandPinky1/matrix"/>
    </animation>
    <animation id="mixamorig_RightHandPinky2-anim" name="mixamorig_RightHandPinky2">
      <source id="mixamorig_RightHandPinky2-Matrix-animation-input">
        <float_array id="mixamorig_RightHandPinky2-Matrix-animation-input-array" count="69">

0.000000 0.033333 0.066667 0.100000 0.133333 0.166667 0.200000 0.233333 0.266667 0.300000 0.333333 0.366667 0.400000 0.433333 0.466667 0.500000
0.533333 0.566667 0.600000 0.633333 0.666667 0.700000 0.733333 0.766667 0.800000 0.833333 0.866667 0.900000 0.933333 0.966667 1.000000 1.033333
1.066667 1.100000 1.133333 1.166667 1.200000 1.233333 1.266667 1.300000 1.333333 1.366667 1.400000 1.433333 1.466667 1.500000 1.533333 1.566667
1.600000 1.633333 1.666667 1.700000 1.733333 1.766667 1.800000 1.833333 1.866667 1.900000 1.933333 1.966667 2.000000 2.033333 2.066667 2.100000
2.133333 2.166667 2.200000 2.233333 2.266667</float_array>
        <technique_common>
          <accessor source="#mixamorig_RightHandPinky2-Matrix-animation-input-array" count="69">
            <param name="TIME" type="float"/>
          </accessor>
        </technique_common>
      </source>
      <source id="mixamorig_RightHandPinky2-Matrix-animation-output-transform">
        <float_array id="mixamorig_RightHandPinky2-Matrix-animation-output-transform-array" count="1104">

0.999596 0.025377 -0.012795 0.000000 -0.026898 0.699403 -0.714221 3.600000 -0.009176 0.714277 0.699803 0.000000 0.000000 0.000000 0.000000 1.000000
0.999596 0.025378 -0.012795 -0.000000 -0.026899 0.699403 -0.714221 3.600000 -0.009177 0.714276 0.699804 0.000000 0.000000 0.000000 0.000000 1.000000
0.999596 0.025377 -0.012795 -0.000000 -0.026898 0.699403 -0.714222 3.600000 -0.009176 0.714277 0.699803 0.000000 0.000000 0.000000 0.000000 1.000000
0.999596 0.025377 -0.012795 0.000000 -0.026898 0.699403 -0.714221 3.600000 -0.009176 0.714276 0.699804 0.000000 0.000000 0.000000 0.000000 1.000000
0.999596 0.025377 -0.012795 0.000000 -0.026898 0.699403 -0.714221 3.600000 -0.009176 0.714277 0.699803 0.000000 0.000000 0.000000 0.000000 1.000000
0.999596 0.025377 -0.012795 0.000000 -0.026898 0.699403 -0.714221 3.600000 -0.009176 0.714277 0.699803 0.000000 0.000000 0.000000 0.000000 1.000000
0.999596 0.025377 -0.012796 0.000000 -0.026899 0.699403 -0.714221 3.600000 -0.009176 0.714277 0.699803 0.000000 0.000000 0.000000 0.000000 1.000000
0.999596 0.025378 -0.012795 -0.000000 -0.026899 0.699404 -0.714221 3.600000 -0.009176 0.714276 0.699804 -0.000000 0.000000 0.000000 0.000000 1.000000
0.999596 0.025377 -0.012795 0.000000 -0.026898 0.699403 -0.714221 3.600000 -0.009176 0.714276 0.699804 0.000000 0.000000 0.000000 0.000000 1.000000
0.999596 0.025378 -0.012795 -0.000000 -0.026898 0.699404 -0.714221 3.600000 -0.009176 0.714276 0.699804 0.000000 0.000000 0.000000 0.000000 1.000000
0.999596 0.025377 -0.012795 0.000000 -0.026898 0.699403 -0.714221 3.600000 -0.009177 0.714276 0.699804 0.000000 0.000000 0.000000 0.000000 1.000000
0.999596 0.025378 -0.012795 -0.000000 -0.026899 0.699403 -0.714221 3.600000 -0.009176 0.714276 0.699804 0.000000 0.000000 0.000000 0.000000 1.000000
0.999596 0.025377 -0.012795 -0.000000 -0.026898 0.699403 -0.714221 3.600000 -0.009176 0.714277 0.699803 0.000000 0.000000 0.000000 0.000000 1.000000
0.999596 0.025377 -0.012795 0.000000 -0.026898 0.699403 -0.714221 3.600000 -0.009176 0.714277 0.699803 -0.000000 0.000000 0.000000 0.000000 1.000000
0.999596 0.025377 -0.012795 0.000000 -0.026898 0.699403 -0.714221 3.600000 -0.009176 0.714276 0.699804 0.000000 0.000000 0.000000 0.000000 1.000000
0.999596 0.025378 -0.012795 0.000000 -0.026899 0.699403 -0.714221 3.600000 -0.009177 0.714276 0.699804 0.000000 0.000000 0.000000 0.000000 1.000000
0.999596 0.025377 -0.012795 -0.000000 -0.026898 0.699404 -0.714220 3.600000 -0.009176 0.714276 0.699804 0.000000 0.000000 0.000000 0.000000 1.000000
0.999596 0.025377 -0.012795 -0.000000 -0.026898 0.699403 -0.714221 3.600000 -0.009176 0.714276 0.699804 0.000000 0.000000 0.000000 0.000000 1.000000
0.999596 0.025378 -0.012795 0.000000 -0.026899 0.699404 -0.714221 3.600000 -0.009177 0.714276 0.699804 0.000000 0.000000 0.000000 0.000000 1.000000
0.999596 0.025377 -0.012795 0.000000 -0.026898 0.699403 -0.714221 3.600000 -0.009176 0.714277 0.699803 0.000000 0.000000 0.000000 0.000000 1.000000
0.999596 0.025378 -0.012795 0.000000 -0.026899 0.699403 -0.714221 3.600000 -0.009176 0.714276 0.699804 0.000000 0.000000 0.000000 0.000000 1.000000
0.999596 0.025377 -0.012795 0.000000 -0.026898 0.699404 -0.714221 3.600000 -0.009176 0.714276 0.699804 0.000000 0.000000 0.000000 0.000000 1.000000
0.999596 0.025378 -0.012795 -0.000000 -0.026899 0.699404 -0.714221 3.600000 -0.009176 0.714276 0.699804 0.000000 0.000000 0.000000 0.000000 1.000000
0.999596 0.025377 -0.012795 0.000000 -0.026898 0.699403 -0.714221 3.600000 -0.009176 0.714277 0.699803 0.000000 0.000000 0.000000 0.000000 1.000000
0.999596 0.025377 -0.012795 -0.000000 -0.026898 0.699404 -0.714221 3.600000 -0.009176 0.714276 0.699804 0.000000 0.000000 0.000000 0.000000 1.000000
0.999596 0.025378 -0.012795 0.000000 -0.026898 0.699404 -0.714221 3.600000 -0.009176 0.714276 0.699804 0.000000 0.000000 0.000000 0.000000 1.000000
0.999596 0.025377 -0.012795 -0.000000 -0.026898 0.699404 -0.714221 3.600000 -0.009176 0.714276 0.699804 0.000000 0.000000 0.000000 0.000000 1.000000
0.999596 0.025378 -0.012795 -0.000000 -0.026899 0.699404 -0.714221 3.600000 -0.009177 0.714276 0.699804 0.000000 0.000000 0.000000 0.000000 1.000000
0.999596 0.025377 -0.012795 0.000000 -0.026899 0.699404 -0.714221 3.600000 -0.009176 0.714276 0.699804 -0.000000 0.000000 0.000000 0.000000 1.000000
0.999596 0.025378 -0.012795 0.000000 -0.026899 0.699404 -0.714221 3.600000 -0.009176 0.714276 0.699804 -0.000000 0.000000 0.000000 0.000000 1.000000
0.999596 0.025377 -0.012795 -0.000000 -0.026898 0.699403 -0.714221 3.600000 -0.009177 0.714277 0.699803 -0.000000 0.000000 0.000000 0.000000 1.000000
0.999596 0.025377 -0.012795 0.000000 -0.026899 0.699404 -0.714221 3.600000 -0.009176 0.714276 0.699804 -0.000000 0.000000 0.000000 0.000000 1.000000
0.999596 0.025377 -0.012795 0.000000 -0.026898 0.699403 -0.714221 3.600000 -0.009176 0.714276 0.699804 0.000000 0.000000 0.000000 0.000000 1.000000
0.999596 0.025377 -0.012795 -0.000000 -0.026898 0.699404 -0.714221 3.600000 -0.009176 0.714276 0.699804 0.000000 0.000000 0.000000 0.000000 1.000000
0.999596 0.025377 -0.012795 0.000000 -0.026898 0.699403 -0.714221 3.600000 -0.009176 0.714277 0.699803 0.000000 0.000000 0.000000 0.000000 1.000000
0.999596 0.025377 -0.012795 0.000000 -0.026898 0.699403 -0.714221 3.600000 -0.009176 0.714277 0.699803 -0.000000 0.000000 0.000000 0.000000 1.000000
0.999596 0.025378 -0.012795 -0.000000 -0.026899 0.699404 -0.714221 3.600000 -0.009177 0.714276 0.699804 -0.000000 0.000000 0.000000 0.000000 1.000000
0.999596 0.025378 -0.012795 0.000000 -0.026899 0.699403 -0.714221 3.600000 -0.009176 0.714277 0.699803 0.000000 0.000000 0.000000 0.000000 1.000000
0.999596 0.025377 -0.012795 0.000000 -0.026898 0.699404 -0.714221 3.600000 -0.009176 0.714276 0.699804 -0.000000 0.000000 0.000000 0.000000 1.000000
0.999596 0.025377 -0.012795 0.000000 -0.026898 0.699403 -0.714221 3.600000 -0.009176 0.714277 0.699803 0.000000 0.000000 0.000000 0.000000 1.000000
0.999596 0.025378 -0.012795 0.000000 -0.026898 0.699403 -0.714221 3.600000 -0.009176 0.714277 0.699803 0.000000 0.000000 0.000000 0.000000 1.000000
0.999596 0.025378 -0.012795 -0.000000 -0.026899 0.699403 -0.714221 3.600000 -0.009176 0.714277 0.699803 0.000000 0.000000 0.000000 0.000000 1.000000
0.999596 0.025378 -0.012795 -0.000000 -0.026899 0.699404 -0.714220 3.600000 -0.009177 0.714276 0.699804 -0.000000 0.000000 0.000000 0.000000 1.000000
0.999596 0.025378 -0.012795 -0.000000 -0.026898 0.699403 -0.714221 3.600000 -0.009176 0.714276 0.699804 -0.000000 0.000000 0.000000 0.000000 1.000000
0.999596 0.025378 -0.012795 0.000000 -0.026898 0.699403 -0.714221 3.600000 -0.009176 0.714276 0.699804 0.000000 0.000000 0.000000 0.000000 1.000000
0.999596 0.025377 -0.012795 0.000000 -0.026899 0.699404 -0.714221 3.600000 -0.009176 0.714276 0.699804 0.000000 0.000000 0.000000 0.000000 1.000000
0.999596 0.025377 -0.012795 0.000000 -0.026898 0.699403 -0.714221 3.600000 -0.009176 0.714276 0.699804 -0.000000 0.000000 0.000000 0.000000 1.000000
0.999596 0.025377 -0.012795 0.000000 -0.026898 0.699403 -0.714221 3.600000 -0.009176 0.714277 0.699803 0.000000 0.000000 0.000000 0.000000 1.000000
0.999596 0.025378 -0.012795 0.000000 -0.026898 0.699404 -0.714221 3.600000 -0.009176 0.714276 0.699804 0.000000 0.000000 0.000000 0.000000 1.000000
0.999596 0.025378 -0.012795 0.000000 -0.026898 0.699403 -0.714221 3.600000 -0.009177 0.714277 0.699803 -0.000000 0.000000 0.000000 0.000000 1.000000
0.999596 0.025377 -0.012795 -0.000000 -0.026899 0.699403 -0.714221 3.600000 -0.009176 0.714277 0.699803 0.000000 0.000000 0.000000 0.000000 1.000000
0.999596 0.025377 -0.012795 -0.000000 -0.026898 0.699404 -0.714221 3.600000 -0.009176 0.714276 0.699804 -0.000000 0.000000 0.000000 0.000000 1.000000
0.999596 0.025377 -0.012795 0.000000 -0.026898 0.699404 -0.714221 3.600000 -0.009176 0.714276 0.699804 0.000000 0.000000 0.000000 0.000000 1.000000
0.999596 0.025378 -0.012795 -0.000000 -0.026899 0.699403 -0.714221 3.600000 -0.009176 0.714277 0.699803 0.000000 0.000000 0.000000 0.000000 1.000000
0.999596 0.025378 -0.012795 -0.000000 -0.026898 0.699403 -0.714221 3.600000 -0.009176 0.714277 0.699803 0.000000 0.000000 0.000000 0.000000 1.000000
0.999596 0.025377 -0.012795 -0.000000 -0.026899 0.699403 -0.714221 3.600000 -0.009176 0.714277 0.699803 0.000000 0.000000 0.000000 0.000000 1.000000
0.999596 0.025377 -0.012795 0.000000 -0.026899 0.699403 -0.714221 3.600000 -0.009176 0.714277 0.699803 0.000000 0.000000 0.000000 0.000000 1.000000
0.999596 0.025377 -0.012795 0.000000 -0.026898 0.699404 -0.714220 3.600000 -0.009176 0.714276 0.699804 -0.000000 0.000000 0.000000 0.000000 1.000000
0.999596 0.025378 -0.012795 0.000000 -0.026899 0.699404 -0.714221 3.600000 -0.009176 0.714276 0.699804 0.000000 0.000000 0.000000 0.000000 1.000000
0.999596 0.025377 -0.012795 0.000000 -0.026898 0.699404 -0.714220 3.600000 -0.009176 0.714276 0.699804 -0.000000 0.000000 0.000000 0.000000 1.000000
0.999596 0.025377 -0.012795 -0.000000 -0.026898 0.699403 -0.714221 3.600000 -0.009177 0.714276 0.699803 -0.000000 0.000000 0.000000 0.000000 1.000000
0.999596 0.025377 -0.012795 0.000000 -0.026898 0.699403 -0.714221 3.600000 -0.009176 0.714276 0.699804 0.000000 0.000000 0.000000 0.000000 1.000000
0.999596 0.025377 -0.012795 0.000000 -0.026898 0.699403 -0.714221 3.600000 -0.009176 0.714277 0.699803 -0.000000 0.000000 0.000000 0.000000 1.000000
0.999596 0.025377 -0.012795 -0.000000 -0.026898 0.699403 -0.714221 3.600000 -0.009176 0.714276 0.699804 0.000000 0.000000 0.000000 0.000000 1.000000
0.999596 0.025377 -0.012794 0.000000 -0.026898 0.699403 -0.714221 3.600000 -0.009177 0.714277 0.699803 0.000000 0.000000 0.000000 0.000000 1.000000
0.999596 0.025377 -0.012795 0.000000 -0.026898 0.699403 -0.714221 3.600000 -0.009176 0.714276 0.699804 0.000000 0.000000 0.000000 0.000000 1.000000
0.999596 0.025377 -0.012795 0.000000 -0.026898 0.699403 -0.714221 3.600000 -0.009176 0.714277 0.699803 0.000000 0.000000 0.000000 0.000000 1.000000
0.999596 0.025378 -0.012795 0.000000 -0.026898 0.699403 -0.714221 3.600000 -0.009176 0.714276 0.699804 0.000000 0.000000 0.000000 0.000000 1.000000
0.999596 0.025377 -0.012795 0.000000 -0.026898 0.699404 -0.714220 3.600000 -0.009176 0.714276 0.699804 0.000000 0.000000 0.000000 0.000000 1.000000</float_array>
        <technique_common>
          <accessor source="#mixamorig_RightHandPinky2-Matrix-animation-output-transform-array" count="69" stride="16">
            <param type="float4x4"/>
          </accessor>
        </technique_common>
      </source>
      <source id="mixamorig_RightHandPinky2-Interpolations">
        <Name_array id="mixamorig_RightHandPinky2-Interpolations-array" count="69">
 LINEAR LINEAR LINEAR LINEAR LINEAR LINEAR LINEAR LINEAR LINEAR LINEAR LINEAR
LINEAR LINEAR LINEAR LINEAR LINEAR LINEAR LINEAR LINEAR LINEAR LINEAR LINEAR LINEAR
LINEAR LINEAR LINEAR LINEAR LINEAR LINEAR LINEAR LINEAR LINEAR LINEAR LINEAR LINEAR
LINEAR LINEAR LINEAR LINEAR LINEAR LINEAR LINEAR LINEAR LINEAR LINEAR LINEAR LINEAR
LINEAR LINEAR LINEAR LINEAR LINEAR LINEAR LINEAR LINEAR LINEAR LINEAR LINEAR LINEAR
LINEAR LINEAR LINEAR LINEAR LINEAR LINEAR LINEAR LINEAR LINEAR LINEAR</Name_array>
        <technique_common>
          <accessor source="#mixamorig_RightHandPinky2-Interpolations-array" count="69">
            <param type="name"/>
          </accessor>
        </technique_common>
      </source>
      <sampler id="mixamorig_RightHandPinky2-Matrix-animation-transform">
        <input semantic="INPUT" source="#mixamorig_RightHandPinky2-Matrix-animation-input"/>
        <input semantic="OUTPUT" source="#mixamorig_RightHandPinky2-Matrix-animation-output-transform"/>
        <input semantic="INTERPOLATION" source="#mixamorig_RightHandPinky2-Interpolations"/>
      </sampler>
      <channel source="#mixamorig_RightHandPinky2-Matrix-animation-transform" target="mixamorig_RightHandPinky2/matrix"/>
    </animation>
    <animation id="mixamorig_RightHandPinky3-anim" name="mixamorig_RightHandPinky3">
      <source id="mixamorig_RightHandPinky3-Matrix-animation-input">
        <float_array id="mixamorig_RightHandPinky3-Matrix-animation-input-array" count="69">

0.000000 0.033333 0.066667 0.100000 0.133333 0.166667 0.200000 0.233333 0.266667 0.300000 0.333333 0.366667 0.400000 0.433333 0.466667 0.500000
0.533333 0.566667 0.600000 0.633333 0.666667 0.700000 0.733333 0.766667 0.800000 0.833333 0.866667 0.900000 0.933333 0.966667 1.000000 1.033333
1.066667 1.100000 1.133333 1.166667 1.200000 1.233333 1.266667 1.300000 1.333333 1.366667 1.400000 1.433333 1.466667 1.500000 1.533333 1.566667
1.600000 1.633333 1.666667 1.700000 1.733333 1.766667 1.800000 1.833333 1.866667 1.900000 1.933333 1.966667 2.000000 2.033333 2.066667 2.100000
2.133333 2.166667 2.200000 2.233333 2.266667</float_array>
        <technique_common>
          <accessor source="#mixamorig_RightHandPinky3-Matrix-animation-input-array" count="69">
            <param name="TIME" type="float"/>
          </accessor>
        </technique_common>
      </source>
      <source id="mixamorig_RightHandPinky3-Matrix-animation-output-transform">
        <float_array id="mixamorig_RightHandPinky3-Matrix-animation-output-transform-array" count="1104">

0.999862 0.016453 0.002117 0.000000 -0.014020 0.906317 -0.422365 2.100000 -0.008868 0.422277 0.906423 0.000000 0.000000 0.000000 0.000000 1.000000
0.999862 0.016453 0.002116 0.000000 -0.014020 0.906317 -0.422365 2.100000 -0.008867 0.422278 0.906423 0.000000 0.000000 0.000000 0.000000 1.000000
0.999862 0.016454 0.002117 -0.000000 -0.014020 0.906317 -0.422365 2.100000 -0.008868 0.422277 0.906423 -0.000000 0.000000 0.000000 0.000000 1.000000
0.999862 0.016453 0.002117 0.000000 -0.014019 0.906317 -0.422365 2.100000 -0.008868 0.422278 0.906423 -0.000000 0.000000 0.000000 0.000000 1.000000
0.999862 0.016454 0.002116 -0.000000 -0.014020 0.906317 -0.422365 2.100000 -0.008867 0.422277 0.906423 -0.000000 0.000000 0.000000 0.000000 1.000000
0.999862 0.016453 0.002117 -0.000000 -0.014020 0.906317 -0.422365 2.100000 -0.008868 0.422277 0.906423 -0.000000 0.000000 0.000000 0.000000 1.000000
0.999862 0.016453 0.002117 0.000000 -0.014020 0.906317 -0.422366 2.100000 -0.008868 0.422278 0.906423 -0.000000 0.000000 0.000000 0.000000 1.000000
0.999862 0.016453 0.002117 0.000000 -0.014020 0.906317 -0.422365 2.100000 -0.008868 0.422277 0.906423 -0.000000 0.000000 0.000000 0.000000 1.000000
0.999862 0.016454 0.002116 0.000000 -0.014020 0.906317 -0.422365 2.100000 -0.008867 0.422277 0.906423 0.000000 0.000000 0.000000 0.000000 1.000000
0.999862 0.016453 0.002117 0.000000 -0.014020 0.906317 -0.422365 2.100000 -0.008868 0.422277 0.906423 0.000000 0.000000 0.000000 0.000000 1.000000
0.999862 0.016453 0.002116 0.000000 -0.014020 0.906317 -0.422366 2.100000 -0.008867 0.422278 0.906423 0.000000 0.000000 0.000000 0.000000 1.000000
0.999862 0.016453 0.002117 0.000000 -0.014020 0.906317 -0.422365 2.100000 -0.008868 0.422278 0.906423 0.000000 0.000000 0.000000 0.000000 1.000000
0.999862 0.016454 0.002117 0.000000 -0.014020 0.906318 -0.422365 2.100000 -0.008868 0.422277 0.906424 0.000000 0.000000 0.000000 0.000000 1.000000
0.999862 0.016453 0.002116 0.000000 -0.014020 0.906318 -0.422365 2.100000 -0.008867 0.422277 0.906423 0.000000 0.000000 0.000000 0.000000 1.000000
0.999862 0.016454 0.002117 -0.000000 -0.014020 0.906317 -0.422365 2.100000 -0.008868 0.422277 0.906423 0.000000 0.000000 0.000000 0.000000 1.000000
0.999862 0.016453 0.002117 0.000000 -0.014020 0.906317 -0.422366 2.100000 -0.008868 0.422278 0.906423 -0.000000 0.000000 0.000000 0.000000 1.000000
0.999862 0.016453 0.002116 0.000000 -0.014020 0.906317 -0.422365 2.100000 -0.008867 0.422277 0.906423 0.000000 0.000000 0.000000 0.000000 1.000000
0.999862 0.016453 0.002117 0.000000 -0.014019 0.906317 -0.422365 2.100000 -0.008868 0.422277 0.906423 0.000000 0.000000 0.000000 0.000000 1.000000
0.999862 0.016453 0.002117 0.000000 -0.014020 0.906317 -0.422365 2.100000 -0.008868 0.422277 0.906423 0.000000 0.000000 0.000000 0.000000 1.000000
0.999862 0.016454 0.002117 0.000000 -0.014020 0.906317 -0.422365 2.100000 -0.008868 0.422277 0.906423 0.000000 0.000000 0.000000 0.000000 1.000000
0.999862 0.016453 0.002117 -0.000000 -0.014020 0.906317 -0.422366 2.100000 -0.008867 0.422278 0.906423 0.000000 0.000000 0.000000 0.000000 1.000000
0.999862 0.016453 0.002117 -0.000000 -0.014020 0.906317 -0.422365 2.100000 -0.008868 0.422277 0.906423 -0.000000 0.000000 0.000000 0.000000 1.000000
0.999862 0.016453 0.002117 -0.000000 -0.014020 0.906317 -0.422365 2.100000 -0.008868 0.422278 0.906423 0.000000 0.000000 0.000000 0.000000 1.000000
0.999862 0.016454 0.002116 0.000000 -0.014020 0.906317 -0.422365 2.100000 -0.008868 0.422277 0.906423 0.000000 0.000000 0.000000 0.000000 1.000000
0.999862 0.016453 0.002116 -0.000000 -0.014020 0.906317 -0.422365 2.100000 -0.008867 0.422277 0.906423 -0.000000 0.000000 0.000000 0.000000 1.000000
0.999862 0.016453 0.002116 -0.000000 -0.014020 0.906317 -0.422365 2.100000 -0.008867 0.422278 0.906423 0.000000 0.000000 0.000000 0.000000 1.000000
0.999862 0.016453 0.002116 0.000000 -0.014020 0.906317 -0.422365 2.100000 -0.008867 0.422278 0.906423 0.000000 0.000000 0.000000 0.000000 1.000000
0.999862 0.016453 0.002117 -0.000000 -0.014020 0.906317 -0.422365 2.100000 -0.008868 0.422277 0.906423 0.000000 0.000000 0.000000 0.000000 1.000000
0.999862 0.016453 0.002117 -0.000000 -0.014020 0.906317 -0.422365 2.100000 -0.008868 0.422277 0.906423 0.000000 0.000000 0.000000 0.000000 1.000000
0.999862 0.016453 0.002116 0.000000 -0.014020 0.906317 -0.422365 2.100000 -0.008867 0.422277 0.906423 -0.000000 0.000000 0.000000 0.000000 1.000000
0.999862 0.016454 0.002116 -0.000000 -0.014020 0.906317 -0.422365 2.100000 -0.008868 0.422277 0.906423 0.000000 0.000000 0.000000 0.000000 1.000000
0.999862 0.016453 0.002117 0.000000 -0.014020 0.906317 -0.422365 2.100000 -0.008868 0.422277 0.906423 -0.000000 0.000000 0.000000 0.000000 1.000000
0.999862 0.016454 0.002117 -0.000000 -0.014020 0.906317 -0.422365 2.100000 -0.008868 0.422277 0.906423 0.000000 0.000000 0.000000 0.000000 1.000000
0.999862 0.016454 0.002117 0.000000 -0.014020 0.906317 -0.422365 2.100000 -0.008868 0.422277 0.906423 -0.000000 0.000000 0.000000 0.000000 1.000000
0.999862 0.016453 0.002117 -0.000000 -0.014019 0.906317 -0.422365 2.100000 -0.008868 0.422277 0.906423 0.000000 0.000000 0.000000 0.000000 1.000000
0.999862 0.016454 0.002117 0.000000 -0.014020 0.906317 -0.422365 2.100000 -0.008868 0.422277 0.906423 0.000000 0.000000 0.000000 0.000000 1.000000
0.999862 0.016453 0.002116 0.000000 -0.014020 0.906317 -0.422365 2.100000 -0.008867 0.422278 0.906423 0.000000 0.000000 0.000000 0.000000 1.000000
0.999862 0.016453 0.002117 0.000000 -0.014020 0.906317 -0.422365 2.100000 -0.008868 0.422277 0.906423 0.000000 0.000000 0.000000 0.000000 1.000000
0.999862 0.016453 0.002117 0.000000 -0.014020 0.906317 -0.422365 2.100000 -0.008868 0.422277 0.906423 0.000000 0.000000 0.000000 0.000000 1.000000
0.999862 0.016454 0.002117 0.000000 -0.014020 0.906317 -0.422365 2.100000 -0.008868 0.422277 0.906423 0.000000 0.000000 0.000000 0.000000 1.000000
0.999862 0.016453 0.002117 -0.000000 -0.014019 0.906317 -0.422365 2.100000 -0.008868 0.422277 0.906423 -0.000000 0.000000 0.000000 0.000000 1.000000
0.999862 0.016454 0.002117 0.000000 -0.014020 0.906318 -0.422365 2.100000 -0.008868 0.422277 0.906424 0.000000 0.000000 0.000000 0.000000 1.000000
0.999862 0.016453 0.002116 0.000000 -0.014020 0.906317 -0.422365 2.100000 -0.008867 0.422277 0.906423 0.000000 0.000000 0.000000 0.000000 1.000000
0.999862 0.016453 0.002117 0.000000 -0.014020 0.906317 -0.422365 2.100000 -0.008867 0.422278 0.906423 0.000000 0.000000 0.000000 0.000000 1.000000
0.999862 0.016453 0.002117 0.000000 -0.014020 0.906317 -0.422365 2.100000 -0.008868 0.422277 0.906423 0.000000 0.000000 0.000000 0.000000 1.000000
0.999862 0.016454 0.002117 -0.000000 -0.014020 0.906317 -0.422365 2.100000 -0.008868 0.422277 0.906423 -0.000000 0.000000 0.000000 0.000000 1.000000
0.999862 0.016454 0.002117 0.000000 -0.014020 0.906318 -0.422365 2.100000 -0.008868 0.422277 0.906423 0.000000 0.000000 0.000000 0.000000 1.000000
0.999862 0.016453 0.002117 -0.000000 -0.014020 0.906317 -0.422365 2.100000 -0.008868 0.422277 0.906423 0.000000 0.000000 0.000000 0.000000 1.000000
0.999862 0.016453 0.002116 0.000000 -0.014020 0.906317 -0.422365 2.100000 -0.008867 0.422278 0.906423 0.000000 0.000000 0.000000 0.000000 1.000000
0.999862 0.016453 0.002117 -0.000000 -0.014019 0.906317 -0.422365 2.100000 -0.008867 0.422277 0.906423 0.000000 0.000000 0.000000 0.000000 1.000000
0.999862 0.016453 0.002117 0.000000 -0.014020 0.906317 -0.422365 2.100000 -0.008868 0.422278 0.906423 0.000000 0.000000 0.000000 0.000000 1.000000
0.999862 0.016453 0.002117 0.000000 -0.014019 0.906317 -0.422365 2.100000 -0.008867 0.422277 0.906423 0.000000 0.000000 0.000000 0.000000 1.000000
0.999862 0.016453 0.002117 0.000000 -0.014019 0.906317 -0.422365 2.100000 -0.008868 0.422278 0.906423 -0.000000 0.000000 0.000000 0.000000 1.000000
0.999862 0.016453 0.002116 0.000000 -0.014020 0.906317 -0.422365 2.100000 -0.008867 0.422277 0.906423 0.000000 0.000000 0.000000 0.000000 1.000000
0.999862 0.016453 0.002117 0.000000 -0.014020 0.906317 -0.422366 2.100000 -0.008868 0.422278 0.906423 0.000000 0.000000 0.000000 0.000000 1.000000
0.999862 0.016454 0.002117 0.000000 -0.014020 0.906318 -0.422365 2.100000 -0.008868 0.422277 0.906424 -0.000000 0.000000 0.000000 0.000000 1.000000
0.999862 0.016453 0.002117 0.000000 -0.014019 0.906317 -0.422365 2.100000 -0.008867 0.422277 0.906423 0.000000 0.000000 0.000000 0.000000 1.000000
0.999862 0.016454 0.002117 0.000000 -0.014020 0.906317 -0.422365 2.100000 -0.008868 0.422277 0.906423 0.000000 0.000000 0.000000 0.000000 1.000000
0.999862 0.016453 0.002117 0.000000 -0.014019 0.906317 -0.422365 2.100000 -0.008868 0.422277 0.906423 0.000000 0.000000 0.000000 0.000000 1.000000
0.999862 0.016454 0.002117 0.000000 -0.014020 0.906317 -0.422365 2.100000 -0.008868 0.422277 0.906423 -0.000000 0.000000 0.000000 0.000000 1.000000
0.999862 0.016453 0.002117 -0.000000 -0.014019 0.906317 -0.422365 2.100000 -0.008868 0.422278 0.906423 -0.000000 0.000000 0.000000 0.000000 1.000000
0.999862 0.016453 0.002116 -0.000000 -0.014020 0.906317 -0.422365 2.100000 -0.008867 0.422277 0.906423 0.000000 0.000000 0.000000 0.000000 1.000000
0.999862 0.016454 0.002117 0.000000 -0.014020 0.906317 -0.422365 2.100000 -0.008868 0.422277 0.906423 -0.000000 0.000000 0.000000 0.000000 1.000000
0.999862 0.016453 0.002116 0.000000 -0.014020 0.906317 -0.422365 2.100000 -0.008867 0.422277 0.906423 0.000000 0.000000 0.000000 0.000000 1.000000
0.999862 0.016454 0.002117 -0.000000 -0.014020 0.906317 -0.422365 2.100000 -0.008868 0.422277 0.906423 0.000000 0.000000 0.000000 0.000000 1.000000
0.999862 0.016454 0.002117 0.000000 -0.014021 0.906317 -0.422365 2.100000 -0.008868 0.422277 0.906423 0.000000 0.000000 0.000000 0.000000 1.000000
0.999862 0.016453 0.002117 0.000000 -0.014020 0.906317 -0.422365 2.100000 -0.008868 0.422277 0.906423 -0.000000 0.000000 0.000000 0.000000 1.000000
0.999862 0.016454 0.002117 0.000000 -0.014020 0.906317 -0.422365 2.100000 -0.008868 0.422277 0.906423 0.000000 0.000000 0.000000 0.000000 1.000000
0.999862 0.016453 0.002116 0.000000 -0.014020 0.906317 -0.422365 2.100000 -0.008867 0.422278 0.906423 0.000000 0.000000 0.000000 0.000000 1.000000</float_array>
        <technique_common>
          <accessor source="#mixamorig_RightHandPinky3-Matrix-animation-output-transform-array" count="69" stride="16">
            <param type="float4x4"/>
          </accessor>
        </technique_common>
      </source>
      <source id="mixamorig_RightHandPinky3-Interpolations">
        <Name_array id="mixamorig_RightHandPinky3-Interpolations-array" count="69">
 LINEAR LINEAR LINEAR LINEAR LINEAR LINEAR LINEAR LINEAR LINEAR LINEAR LINEAR
LINEAR LINEAR LINEAR LINEAR LINEAR LINEAR LINEAR LINEAR LINEAR LINEAR LINEAR LINEAR
LINEAR LINEAR LINEAR LINEAR LINEAR LINEAR LINEAR LINEAR LINEAR LINEAR LINEAR LINEAR
LINEAR LINEAR LINEAR LINEAR LINEAR LINEAR LINEAR LINEAR LINEAR LINEAR LINEAR LINEAR
LINEAR LINEAR LINEAR LINEAR LINEAR LINEAR LINEAR LINEAR LINEAR LINEAR LINEAR LINEAR
LINEAR LINEAR LINEAR LINEAR LINEAR LINEAR LINEAR LINEAR LINEAR LINEAR</Name_array>
        <technique_common>
          <accessor source="#mixamorig_RightHandPinky3-Interpolations-array" count="69">
            <param type="name"/>
          </accessor>
        </technique_common>
      </source>
      <sampler id="mixamorig_RightHandPinky3-Matrix-animation-transform">
        <input semantic="INPUT" source="#mixamorig_RightHandPinky3-Matrix-animation-input"/>
        <input semantic="OUTPUT" source="#mixamorig_RightHandPinky3-Matrix-animation-output-transform"/>
        <input semantic="INTERPOLATION" source="#mixamorig_RightHandPinky3-Interpolations"/>
      </sampler>
      <channel source="#mixamorig_RightHandPinky3-Matrix-animation-transform" target="mixamorig_RightHandPinky3/matrix"/>
    </animation>
    <animation id="mixamorig_LeftShoulder-anim" name="mixamorig_LeftShoulder">
      <source id="mixamorig_LeftShoulder-Matrix-animation-input">
        <float_array id="mixamorig_LeftShoulder-Matrix-animation-input-array" count="69">

0.000000 0.033333 0.066667 0.100000 0.133333 0.166667 0.200000 0.233333 0.266667 0.300000 0.333333 0.366667 0.400000 0.433333 0.466667 0.500000
0.533333 0.566667 0.600000 0.633333 0.666667 0.700000 0.733333 0.766667 0.800000 0.833333 0.866667 0.900000 0.933333 0.966667 1.000000 1.033333
1.066667 1.100000 1.133333 1.166667 1.200000 1.233333 1.266667 1.300000 1.333333 1.366667 1.400000 1.433333 1.466667 1.500000 1.533333 1.566667
1.600000 1.633333 1.666667 1.700000 1.733333 1.766667 1.800000 1.833333 1.866667 1.900000 1.933333 1.966667 2.000000 2.033333 2.066667 2.100000
2.133333 2.166667 2.200000 2.233333 2.266667</float_array>
        <technique_common>
          <accessor source="#mixamorig_LeftShoulder-Matrix-animation-input-array" count="69">
            <param name="TIME" type="float"/>
          </accessor>
        </technique_common>
      </source>
      <source id="mixamorig_LeftShoulder-Matrix-animation-output-transform">
        <float_array id="mixamorig_LeftShoulder-Matrix-animation-output-transform-array" count="1104">

0.076325 0.992494 -0.095555 4.570400 0.109030 -0.103568 -0.988628 11.195600 -0.991104 0.065039 -0.116116 -0.806600 0.000000 0.000000 0.000000 1.000000
0.057494 0.993480 -0.098447 4.570400 0.110533 -0.104338 -0.988380 11.195600 -0.992208 0.045944 -0.115811 -0.806600 0.000000 0.000000 0.000000 1.000000
0.023585 0.995082 -0.096206 4.570400 0.114183 -0.098284 -0.988586 11.195600 -0.993180 0.012331 -0.115940 -0.806600 0.000000 0.000000 0.000000 1.000000
-0.029317 0.995391 -0.091306 4.570400 0.118884 -0.087225 -0.989069 11.195600 -0.992475 -0.039851 -0.115779 -0.806600 0.000000 0.000000 0.000000 1.000000
-0.087240 0.992459 -0.086109 4.570400 0.123516 -0.074995 -0.989505 11.195600 -0.988500 -0.096961 -0.116042 -0.806600 0.000000 0.000000 0.000000 1.000000
-0.130611 0.987584 -0.087280 4.570400 0.128602 -0.070414 -0.989193 11.195600 -0.983058 -0.140424 -0.117809 -0.806600 0.000000 0.000000 0.000000 1.000000
-0.158236 0.984928 -0.069843 4.570400 0.130925 -0.049180 -0.990172 11.195600 -0.978683 -0.165825 -0.121169 -0.806600 0.000000 0.000000 0.000000 1.000000
-0.192846 0.978750 -0.069700 4.570400 0.134198 -0.044058 -0.989975 11.195600 -0.972009 -0.200267 -0.122850 -0.806600 0.000000 0.000000 0.000000 1.000000
-0.190489 0.979487 -0.065714 4.570400 0.137938 -0.039570 -0.989650 11.195600 -0.971950 -0.197582 -0.127571 -0.806600 0.000000 0.000000 0.000000 1.000000
-0.172699 0.983985 -0.044149 4.570400 0.134141 -0.020909 -0.990742 11.195600 -0.975798 -0.177022 -0.128381 -0.806600 0.000000 0.000000 0.000000 1.000000
-0.142619 0.989203 -0.033727 4.570400 0.131795 -0.014792 -0.991167 11.195600 -0.980964 -0.145804 -0.128263 -0.806600 0.000000 0.000000 0.000000 1.000000
-0.136063 0.990397 -0.024494 4.570400 0.128088 -0.006931 -0.991739 11.195600 -0.982385 -0.138076 -0.125915 -0.806600 0.000000 0.000000 0.000000 1.000000
-0.146232 0.989087 -0.017985 4.570400 0.124163 0.000314 -0.992262 11.195600 -0.981428 -0.147333 -0.122853 -0.806600 0.000000 0.000000 0.000000 1.000000
-0.149029 0.988694 -0.016585 4.570400 0.123257 0.001932 -0.992373 11.195600 -0.981121 -0.149936 -0.122152 -0.806600 0.000000 0.000000 0.000000 1.000000
-0.155555 0.987551 -0.023342 4.570400 0.125828 -0.003628 -0.992045 11.195600 -0.979781 -0.157255 -0.123697 -0.806600 0.000000 0.000000 0.000000 1.000000
-0.176443 0.983997 -0.024861 4.570400 0.124672 -0.002713 -0.992194 11.195600 -0.976384 -0.178165 -0.122198 -0.806600 0.000000 0.000000 0.000000 1.000000
-0.195503 0.980017 -0.036668 4.570400 0.128593 -0.011449 -0.991631 11.195600 -0.972236 -0.198582 -0.123785 -0.806600 0.000000 0.000000 0.000000 1.000000
-0.213690 0.975720 -0.048040 4.570400 0.132576 -0.019756 -0.990976 11.195600 -0.967864 -0.218131 -0.125136 -0.806600 0.000000 0.000000 0.000000 1.000000
-0.262391 0.962269 -0.072038 4.570400 0.134035 -0.037585 -0.990264 11.195600 -0.955608 -0.269492 -0.119115 -0.806600 0.000000 0.000000 0.000000 1.000000
-0.313003 0.944786 -0.096996 4.570400 0.135986 -0.056493 -0.989099 11.195600 -0.939967 -0.322780 -0.110795 -0.806600 0.000000 0.000000 0.000000 1.000000
-0.332287 0.929289 -0.161268 4.570400 0.153493 -0.115424 -0.981385 11.195600 -0.930605 -0.350855 -0.104286 -0.806600 0.000000 0.000000 0.000000 1.000000
-0.330569 0.920474 -0.208449 4.570400 0.167885 -0.159991 -0.972737 11.195600 -0.928729 -0.356553 -0.101646 -0.806600 0.000000 0.000000 0.000000 1.000000
-0.272454 0.946912 -0.170665 4.570400 0.159720 -0.130405 -0.978511 11.195600 -0.948819 -0.293858 -0.115712 -0.806600 0.000000 0.000000 0.000000 1.000000
-0.245562 0.963714 -0.104663 4.570400 0.144144 -0.070468 -0.987045 11.195600 -0.958604 -0.257467 -0.121609 -0.806600 0.000000 0.000000 0.000000 1.000000
-0.236435 0.966384 -0.100994 4.570400 0.144024 -0.067937 -0.987239 11.195600 -0.960914 -0.247963 -0.123120 -0.806600 0.000000 0.000000 0.000000 1.000000
-0.283783 0.953283 -0.103536 4.570400 0.140383 -0.065508 -0.987928 11.195600 -0.948557 -0.294892 -0.115235 -0.806600 0.000000 0.000000 0.000000 1.000000
-0.322582 0.929040 -0.181178 4.570400 0.160024 -0.135127 -0.977821 11.195600 -0.932917 -0.344420 -0.105079 -0.806600 0.000000 0.000000 0.000000 1.000000
-0.310277 0.937032 -0.160307 4.570400 0.154245 -0.116773 -0.981108 11.195600 -0.938049 -0.329142 -0.108300 -0.806600 0.000000 0.000000 0.000000 1.000000
-0.296163 0.947951 -0.116947 4.570400 0.143122 -0.077013 -0.986704 11.195600 -0.944353 -0.308963 -0.112864 -0.806600 0.000000 0.000000 0.000000 1.000000
-0.300560 0.947144 -0.112169 4.570400 0.142422 -0.071718 -0.987204 11.195600 -0.943069 -0.312689 -0.113338 -0.806600 0.000000 0.000000 0.000000 1.000000
-0.310894 0.944327 -0.107666 4.570400 0.140819 -0.066264 -0.987815 11.195600 -0.939955 -0.322267 -0.112379 -0.806600 0.000000 0.000000 0.000000 1.000000
-0.325743 0.939683 -0.104341 4.570400 0.138553 -0.061723 -0.988430 11.195600 -0.935251 -0.336431 -0.110090 -0.806600 0.000000 0.000000 0.000000 1.000000
-0.337850 0.935847 -0.100242 4.570400 0.135873 -0.056893 -0.989091 11.195600 -0.931341 -0.347785 -0.107935 -0.806600 0.000000 0.000000 0.000000 1.000000
-0.346082 0.933257 -0.096220 4.570400 0.133103 -0.052680 -0.989701 11.195600 -0.928715 -0.355325 -0.105988 -0.806600 0.000000 0.000000 0.000000 1.000000
-0.341422 0.935883 -0.086911 4.570400 0.130211 -0.044480 -0.990488 11.195600 -0.930847 -0.349491 -0.106676 -0.806600 0.000000 0.000000 0.000000 1.000000
-0.326541 0.941177 -0.086934 4.570400 0.131703 -0.045771 -0.990232 11.195600 -0.935962 -0.334801 -0.109010 -0.806600 0.000000 0.000000 0.000000 1.000000
-0.318648 0.942408 -0.101645 4.570400 0.136821 -0.060381 -0.988754 11.195600 -0.937947 -0.328971 -0.109701 -0.806600 0.000000 0.000000 0.000000 1.000000
-0.313346 0.942512 -0.116129 4.570400 0.141534 -0.074571 -0.987121 11.195600 -0.939033 -0.325747 -0.110031 -0.806600 0.000000 0.000000 0.000000 1.000000
-0.301188 0.945861 -0.120965 4.570400 0.143926 -0.080310 -0.986324 11.195600 -0.942641 -0.314479 -0.111946 -0.806600 0.000000 0.000000 0.000000 1.000000
-0.291743 0.948408 -0.124127 4.570400 0.145506 -0.084256 -0.985763 11.195600 -0.945364 -0.305651 -0.113418 -0.806600 0.000000 0.000000 0.000000 1.000000
-0.284170 0.950284 -0.127306 4.570400 0.146956 -0.088041 -0.985217 11.195600 -0.947445 -0.298678 -0.114632 -0.806600 0.000000 0.000000 0.000000 1.000000
-0.276357 0.951895 -0.132371 4.570400 0.149063 -0.093613 -0.984386 11.195600 -0.949424 -0.291774 -0.116022 -0.806600 0.000000 0.000000 0.000000 1.000000
-0.269557 0.954469 -0.127777 4.570400 0.148274 -0.089968 -0.984845 11.195600 -0.951501 -0.284418 -0.117271 -0.806600 0.000000 0.000000 0.000000 1.000000
-0.278551 0.952709 -0.121470 4.570400 0.145755 -0.083077 -0.985826 11.195600 -0.949297 -0.292308 -0.115721 -0.806600 0.000000 0.000000 0.000000 1.000000
-0.272510 0.955444 -0.113424 4.570400 0.144198 -0.075998 -0.986626 11.195600 -0.951286 -0.285221 -0.117063 -0.806600 0.000000 0.000000 0.000000 1.000000
-0.266819 0.957103 -0.112966 4.570400 0.144544 -0.076148 -0.986564 11.195600 -0.952845 -0.279563 -0.118026 -0.806600 0.000000 0.000000 0.000000 1.000000
-0.276938 0.954608 -0.109672 4.570400 0.142618 -0.072037 -0.987153 11.195600 -0.950245 -0.289021 -0.116194 -0.806600 0.000000 0.000000 0.000000 1.000000
-0.282494 0.952506 -0.113713 4.570400 0.143227 -0.075331 -0.986819 11.195600 -0.948516 -0.295057 -0.115144 -0.806600 0.000000 0.000000 0.000000 1.000000
-0.286382 0.949818 -0.125822 4.570400 0.145817 -0.086585 -0.985515 11.195600 -0.946954 -0.300581 -0.113703 -0.806600 0.000000 0.000000 0.000000 1.000000
-0.286643 0.950327 -0.121306 4.570400 0.143345 -0.082650 -0.986216 11.195600 -0.947253 -0.300080 -0.112534 -0.806600 0.000000 0.000000 0.000000 1.000000
-0.282246 0.950801 -0.127730 4.570400 0.143954 -0.089660 -0.985514 11.195600 -0.948480 -0.296544 -0.111566 -0.806600 0.000000 0.000000 0.000000 1.000000
-0.273353 0.951227 -0.142990 4.570400 0.146525 -0.105740 -0.983539 11.195600 -0.950688 -0.289805 -0.110474 -0.806600 0.000000 0.000000 0.000000 1.000000
-0.212059 0.960783 -0.178683 4.570400 0.155361 -0.147372 -0.976803 11.195600 -0.964828 -0.234900 -0.118016 -0.806600 0.000000 0.000000 0.000000 1.000000
-0.202107 0.964111 -0.172169 4.570400 0.151162 -0.142981 -0.978114 11.195600 -0.967627 -0.223709 -0.116840 -0.806600 0.000000 0.000000 0.000000 1.000000
-0.190074 0.968893 -0.158487 4.570400 0.145473 -0.131853 -0.980537 11.195600 -0.970932 -0.209430 -0.115886 -0.806600 0.000000 0.000000 0.000000 1.000000
-0.179217 0.972437 -0.149156 4.570400 0.140695 -0.124718 -0.982166 11.195600 -0.973697 -0.197007 -0.114465 -0.806600 0.000000 0.000000 0.000000 1.000000
-0.169279 0.977827 -0.123284 4.570400 0.133183 -0.101247 -0.985906 11.195600 -0.976528 -0.183312 -0.113091 -0.806600 0.000000 0.000000 0.000000 1.000000
-0.138488 0.983168 -0.119169 4.570400 0.130482 -0.101167 -0.986276 11.195600 -0.981731 -0.152136 -0.114275 -0.806600 0.000000 0.000000 0.000000 1.000000
-0.105487 0.987321 -0.118620 4.570400 0.128156 -0.104794 -0.986202 11.195600 -0.986128 -0.119233 -0.115477 -0.806600 0.000000 0.000000 0.000000 1.000000
-0.075606 0.990976 -0.110679 4.570400 0.124707 -0.100728 -0.987067 11.195600 -0.989309 -0.088431 -0.115966 -0.806600 0.000000 0.000000 0.000000 1.000000
-0.046895 0.993635 -0.102420 4.570400 0.121799 -0.096080 -0.987894 11.195600 -0.991446 -0.058802 -0.116518 -0.806600 0.000000 0.000000 0.000000 1.000000
-0.015589 0.994620 -0.102415 4.570400 0.119441 -0.099842 -0.987808 11.195600 -0.992719 -0.027631 -0.117242 -0.806600 0.000000 0.000000 0.000000 1.000000
0.015454 0.994500 -0.103593 4.570400 0.117312 -0.104693 -0.987561 11.195600 -0.992975 0.003109 -0.118285 -0.806600 0.000000 0.000000 0.000000 1.000000
0.040088 0.994099 -0.100799 4.570400 0.115001 -0.104800 -0.987822 11.195600 -0.992556 0.028008 -0.118524 -0.806600 0.000000 0.000000 0.000000 1.000000
0.053970 0.993887 -0.096313 4.570400 0.113012 -0.101914 -0.988353 11.195600 -0.992127 0.042457 -0.117821 -0.806600 0.000000 0.000000 0.000000 1.000000
0.065252 0.993263 -0.095761 4.570400 0.111426 -0.102618 -0.988460 11.195600 -0.991628 0.053829 -0.117372 -0.806600 0.000000 0.000000 0.000000 1.000000
0.074716 0.992735 -0.094307 4.570400 0.110065 -0.102203 -0.988656 11.195600 -0.991112 0.063488 -0.116902 -0.806600 0.000000 0.000000 0.000000 1.000000
0.075585 0.992747 -0.093491 4.570400 0.109353 -0.101446 -0.988813 11.195600 -0.991125 0.064516 -0.116228 -0.806600 0.000000 0.000000 0.000000 1.000000
0.076326 0.992494 -0.095556 4.570400 0.109030 -0.103569 -0.988628 11.195600 -0.991104 0.065040 -0.116116 -0.806600 0.000000 0.000000 0.000000 1.000000</float_array>
        <technique_common>
          <accessor source="#mixamorig_LeftShoulder-Matrix-animation-output-transform-array" count="69" stride="16">
            <param type="float4x4"/>
          </accessor>
        </technique_common>
      </source>
      <source id="mixamorig_LeftShoulder-Interpolations">
        <Name_array id="mixamorig_LeftShoulder-Interpolations-array" count="69">
 LINEAR LINEAR LINEAR LINEAR LINEAR LINEAR LINEAR LINEAR LINEAR LINEAR LINEAR
LINEAR LINEAR LINEAR LINEAR LINEAR LINEAR LINEAR LINEAR LINEAR LINEAR LINEAR LINEAR
LINEAR LINEAR LINEAR LINEAR LINEAR LINEAR LINEAR LINEAR LINEAR LINEAR LINEAR LINEAR
LINEAR LINEAR LINEAR LINEAR LINEAR LINEAR LINEAR LINEAR LINEAR LINEAR LINEAR LINEAR
LINEAR LINEAR LINEAR LINEAR LINEAR LINEAR LINEAR LINEAR LINEAR LINEAR LINEAR LINEAR
LINEAR LINEAR LINEAR LINEAR LINEAR LINEAR LINEAR LINEAR LINEAR LINEAR</Name_array>
        <technique_common>
          <accessor source="#mixamorig_LeftShoulder-Interpolations-array" count="69">
            <param type="name"/>
          </accessor>
        </technique_common>
      </source>
      <sampler id="mixamorig_LeftShoulder-Matrix-animation-transform">
        <input semantic="INPUT" source="#mixamorig_LeftShoulder-Matrix-animation-input"/>
        <input semantic="OUTPUT" source="#mixamorig_LeftShoulder-Matrix-animation-output-transform"/>
        <input semantic="INTERPOLATION" source="#mixamorig_LeftShoulder-Interpolations"/>
      </sampler>
      <channel source="#mixamorig_LeftShoulder-Matrix-animation-transform" target="mixamorig_LeftShoulder/matrix"/>
    </animation>
    <animation id="mixamorig_LeftArm-anim" name="mixamorig_LeftArm">
      <source id="mixamorig_LeftArm-Matrix-animation-input">
        <float_array id="mixamorig_LeftArm-Matrix-animation-input-array" count="69">

0.000000 0.033333 0.066667 0.100000 0.133333 0.166667 0.200000 0.233333 0.266667 0.300000 0.333333 0.366667 0.400000 0.433333 0.466667 0.500000
0.533333 0.566667 0.600000 0.633333 0.666667 0.700000 0.733333 0.766667 0.800000 0.833333 0.866667 0.900000 0.933333 0.966667 1.000000 1.033333
1.066667 1.100000 1.133333 1.166667 1.200000 1.233333 1.266667 1.300000 1.333333 1.366667 1.400000 1.433333 1.466667 1.500000 1.533333 1.566667
1.600000 1.633333 1.666667 1.700000 1.733333 1.766667 1.800000 1.833333 1.866667 1.900000 1.933333 1.966667 2.000000 2.033333 2.066667 2.100000
2.133333 2.166667 2.200000 2.233333 2.266667</float_array>
        <technique_common>
          <accessor source="#mixamorig_LeftArm-Matrix-animation-input-array" count="69">
            <param name="TIME" type="float"/>
          </accessor>
        </technique_common>
      </source>
      <source id="mixamorig_LeftArm-Matrix-animation-output-transform">
        <float_array id="mixamorig_LeftArm-Matrix-animation-output-transform-array" count="1104">

0.966999 -0.254438 -0.013220 0.000000 0.173879 0.696977 -0.695693 10.837700 0.186224 0.670436 0.718217 -0.000000 0.000000 0.000000 0.000000 1.000000
0.968073 -0.250236 -0.014704 0.000000 0.169519 0.696763 -0.696983 10.837700 0.184655 0.672238 0.716937 0.000000 0.000000 0.000000 0.000000 1.000000
0.972013 -0.234049 -0.020315 0.000000 0.153452 0.698002 -0.699461 10.837700 0.177887 0.676767 0.714382 -0.000000 0.000000 0.000000 0.000000 1.000000
0.978171 -0.205753 -0.029098 0.000000 0.126533 0.700832 -0.702014 10.837700 0.164834 0.683008 0.711569 -0.000000 0.000000 0.000000 0.000000 1.000000
0.987256 -0.152463 -0.045606 0.000000 0.078345 0.715095 -0.694623 10.837700 0.138517 0.682198 0.717927 0.000000 0.000000 0.000000 0.000000 1.000000
0.994708 -0.072530 -0.072773 0.000000 0.005205 0.742954 -0.669322 10.837700 0.102613 0.665401 0.739400 0.000000 0.000000 0.000000 0.000000 1.000000
0.994925 0.018192 -0.098964 -0.000000 -0.077377 0.767058 -0.636895 10.837700 0.064325 0.641320 0.764572 0.000000 0.000000 0.000000 0.000000 1.000000
0.989852 0.060515 -0.128573 -0.000000 -0.124534 0.805207 -0.579770 10.837700 0.068443 0.589898 0.804572 0.000000 0.000000 0.000000 0.000000 1.000000
0.984153 0.086006 -0.155065 -0.000000 -0.155019 0.841885 -0.516913 10.837700 0.086089 0.532760 0.841876 0.000000 0.000000 0.000000 0.000000 1.000000
0.980326 0.101944 -0.169020 -0.000000 -0.170771 0.867461 -0.467278 10.837700 0.098982 0.486948 0.867804 0.000000 0.000000 0.000000 0.000000 1.000000
0.978014 0.105866 -0.179667 0.000000 -0.173273 0.891932 -0.417653 10.837700 0.116036 0.439602 0.890666 0.000000 0.000000 0.000000 0.000000 1.000000
0.976822 0.104568 -0.186772 0.000000 -0.170527 0.907558 -0.383744 10.837700 0.129379 0.406699 0.904354 0.000000 0.000000 0.000000 0.000000 1.000000
0.975794 0.107120 -0.190662 0.000000 -0.171596 0.915516 -0.363849 10.837700 0.135579 0.387758 0.911736 0.000000 0.000000 0.000000 0.000000 1.000000
0.973259 0.127399 -0.191145 0.000000 -0.189064 0.916874 -0.351562 10.837700 0.130467 0.378300 0.916443 -0.000000 0.000000 0.000000 0.000000 1.000000
0.968865 0.157615 -0.190940 0.000000 -0.216663 0.912964 -0.345765 10.837700 0.119823 0.376369 0.918688 -0.000000 0.000000 0.000000 0.000000 1.000000
0.968996 0.161621 -0.186883 0.000000 -0.221043 0.905013 -0.363444 10.837700 0.110391 0.393485 0.912679 0.000000 0.000000 0.000000 0.000000 1.000000
0.971329 0.146936 -0.186893 0.000000 -0.210166 0.898182 -0.386133 10.837700 0.111127 0.414341 0.903312 0.000000 0.000000 0.000000 0.000000 1.000000
0.976300 0.109452 -0.186702 0.000000 -0.179617 0.891029 -0.416899 10.837700 0.120727 0.440554 0.889571 0.000000 0.000000 0.000000 0.000000 1.000000
0.982053 0.042053 -0.183856 0.000000 -0.122246 0.884259 -0.450712 10.837700 0.143622 0.465099 0.873531 0.000000 0.000000 0.000000 0.000000 1.000000
0.984388 -0.037708 -0.171923 0.000000 -0.054319 0.864015 -0.500526 10.837700 0.167418 0.502051 0.848479 0.000000 0.000000 0.000000 0.000000 1.000000
0.977642 -0.132076 -0.163622 -0.000000 0.025038 0.845711 -0.533053 10.837700 0.208780 0.517039 0.830110 0.000000 0.000000 0.000000 0.000000 1.000000
0.969723 -0.201654 -0.137741 0.000000 0.083494 0.803819 -0.588985 10.837700 0.229490 0.559652 0.796319 -0.000000 0.000000 0.000000 0.000000 1.000000
0.989624 -0.118268 -0.081588 0.000000 0.029033 0.720736 -0.692601 10.837700 0.140716 0.683046 0.716692 -0.000000 0.000000 0.000000 0.000000 1.000000
0.995717 0.068545 -0.062041 -0.000000 -0.091673 0.645027 -0.758641 10.837700 -0.011983 0.761080 0.648548 0.000000 0.000000 0.000000 0.000000 1.000000
0.981775 0.173080 -0.078496 0.000000 -0.173256 0.645368 -0.743964 10.837700 -0.078106 0.744005 0.663593 -0.000000 0.000000 0.000000 0.000000 1.000000
0.984900 0.153401 -0.080252 0.000000 -0.162806 0.663028 -0.730676 10.837700 -0.058876 0.732708 0.677991 0.000000 0.000000 0.000000 0.000000 1.000000
0.983925 0.156058 -0.086815 -0.000000 -0.170460 0.675809 -0.717095 10.837700 -0.053238 0.720366 0.691548 0.000000 0.000000 0.000000 0.000000 1.000000
0.983865 0.165308 -0.068434 0.000000 -0.158137 0.624584 -0.764779 10.837700 -0.083681 0.763262 0.640648 0.000000 0.000000 0.000000 0.000000 1.000000
0.985224 0.164223 -0.048621 -0.000000 -0.134724 0.567829 -0.812046 10.837700 -0.105748 0.806598 0.581564 -0.000000 0.000000 0.000000 0.000000 1.000000
0.984977 0.165516 -0.049248 0.000000 -0.134977 0.560025 -0.817406 10.837700 -0.107714 0.811774 0.573952 -0.000000 0.000000 0.000000 0.000000 1.000000
0.983919 0.171733 -0.049095 0.000000 -0.137357 0.551808 -0.822582 10.837700 -0.114174 0.816098 0.566523 0.000000 0.000000 0.000000 0.000000 1.000000
0.982564 0.179985 -0.046626 -0.000000 -0.138997 0.544529 -0.827144 10.837700 -0.123484 0.819203 0.560052 0.000000 0.000000 0.000000 0.000000 1.000000
0.980619 0.190548 -0.045583 -0.000000 -0.142808 0.535868 -0.832137 10.837700 -0.134136 0.822519 0.552694 0.000000 0.000000 0.000000 0.000000 1.000000
0.978687 0.200548 -0.044174 -0.000000 -0.145818 0.527207 -0.837132 10.837700 -0.144596 0.825732 0.545214 -0.000000 0.000000 0.000000 0.000000 1.000000
0.974802 0.218834 -0.043274 0.000000 -0.152891 0.514170 -0.843951 10.837700 -0.162435 0.829301 0.534672 -0.000000 0.000000 0.000000 0.000000 1.000000
0.973295 0.225273 -0.044145 0.000000 -0.155981 0.507903 -0.847175 10.837700 -0.168425 0.831437 0.529478 -0.000000 0.000000 0.000000 0.000000 1.000000
0.973460 0.224342 -0.045240 0.000000 -0.157399 0.512791 -0.843961 10.837700 -0.166137 0.828683 0.534493 -0.000000 0.000000 0.000000 0.000000 1.000000
0.975622 0.214865 -0.044657 0.000000 -0.152636 0.518162 -0.841552 10.837700 -0.157681 0.827854 0.538326 0.000000 0.000000 0.000000 0.000000 1.000000
0.979827 0.195696 -0.040531 0.000000 -0.138705 0.519911 -0.842884 10.837700 -0.143876 0.831502 0.536567 0.000000 0.000000 0.000000 0.000000 1.000000
0.985171 0.167912 -0.035264 -0.000000 -0.119690 0.525316 -0.842447 10.837700 -0.122932 0.834175 0.537624 0.000000 0.000000 0.000000 0.000000 1.000000
0.990801 0.131644 -0.031346 0.000000 -0.097939 0.537723 -0.837414 10.837700 -0.093385 0.832781 0.545670 0.000000 0.000000 0.000000 0.000000 1.000000
0.994142 0.102851 -0.033225 0.000000 -0.085247 0.557137 -0.826033 10.837700 -0.066447 0.824026 0.562641 0.000000 0.000000 0.000000 0.000000 1.000000
0.996549 0.075702 -0.034056 0.000000 -0.071469 0.573787 -0.815881 10.837700 -0.042222 0.815499 0.577217 0.000000 0.000000 0.000000 0.000000 1.000000
0.998581 0.039989 -0.035158 -0.000000 -0.052053 0.594103 -0.802703 10.837700 -0.011212 0.803394 0.595342 0.000000 0.000000 0.000000 0.000000 1.000000
0.998974 0.023176 -0.038910 -0.000000 -0.044986 0.607022 -0.793411 10.837700 0.005232 0.794347 0.607441 0.000000 0.000000 0.000000 0.000000 1.000000
0.999034 0.010362 -0.042694 0.000000 -0.039916 0.620086 -0.783517 10.837700 0.018355 0.784465 0.619901 0.000000 0.000000 0.000000 0.000000 1.000000
0.999074 0.000823 -0.043026 0.000000 -0.034024 0.627278 -0.778052 10.837700 0.026349 0.778795 0.626725 0.000000 0.000000 0.000000 0.000000 1.000000
0.998970 -0.001873 -0.045345 0.000000 -0.033935 0.632605 -0.773731 10.837700 0.030135 0.774472 0.631890 0.000000 0.000000 0.000000 0.000000 1.000000
0.998737 0.001847 -0.050209 -0.000000 -0.039722 0.640949 -0.766555 10.837700 0.030766 0.767581 0.640213 0.000000 0.000000 0.000000 0.000000 1.000000
0.998558 0.017263 -0.050823 0.000000 -0.050036 0.642107 -0.764981 10.837700 0.019428 0.766421 0.642045 -0.000000 0.000000 0.000000 0.000000 1.000000
0.998252 0.020929 -0.055263 0.000000 -0.055509 0.652842 -0.755457 10.837700 0.020267 0.757205 0.652863 0.000000 0.000000 0.000000 0.000000 1.000000
0.998170 0.012713 -0.059113 0.000000 -0.052455 0.668343 -0.742001 10.837700 0.030075 0.743744 0.667787 0.000000 0.000000 0.000000 0.000000 1.000000
0.997333 0.032080 -0.065564 0.000000 -0.069781 0.682540 -0.727509 10.837700 0.021411 0.730144 0.682958 -0.000000 0.000000 0.000000 0.000000 1.000000
0.997811 0.018928 -0.063361 -0.000000 -0.059015 0.687179 -0.724087 10.837700 0.029835 0.726241 0.686792 0.000000 0.000000 0.000000 0.000000 1.000000
0.998228 0.001847 -0.059471 0.000000 -0.044344 0.689522 -0.722906 10.837700 0.039671 0.724263 0.688382 0.000000 0.000000 0.000000 0.000000 1.000000
0.998133 -0.027234 -0.054668 0.000000 -0.020591 0.692634 -0.720995 10.837700 0.057500 0.720775 0.690780 0.000000 0.000000 0.000000 0.000000 1.000000
0.997381 -0.056488 -0.045179 -0.000000 0.005935 0.686396 -0.727204 10.837700 0.072089 0.725031 0.684933 -0.000000 0.000000 0.000000 0.000000 1.000000
0.995649 -0.084143 -0.040047 0.000000 0.028985 0.688071 -0.725064 10.837700 0.088564 0.720748 0.687516 -0.000000 0.000000 0.000000 0.000000 1.000000
0.993071 -0.111295 -0.037739 0.000000 0.050490 0.694043 -0.718161 10.837700 0.106120 0.711279 0.694853 0.000000 0.000000 0.000000 0.000000 1.000000
0.989855 -0.137571 -0.035522 0.000000 0.071496 0.698326 -0.712200 10.837700 0.122785 0.702435 0.701077 0.000000 0.000000 0.000000 0.000000 1.000000
0.984726 -0.171173 -0.031841 0.000000 0.098989 0.700863 -0.706394 10.837700 0.143232 0.692453 0.707102 -0.000000 0.000000 0.000000 0.000000 1.000000
0.978168 -0.205398 -0.031599 0.000000 0.125745 0.706051 -0.696908 10.837700 0.165454 0.677720 0.716464 0.000000 0.000000 0.000000 0.000000 1.000000
0.972262 -0.231957 -0.030049 0.000000 0.147807 0.708885 -0.689663 10.837700 0.181274 0.666091 0.723507 -0.000000 0.000000 0.000000 0.000000 1.000000
0.967014 -0.253305 -0.026842 0.000000 0.166201 0.707297 -0.687101 10.837700 0.193031 0.659975 0.726066 0.000000 0.000000 0.000000 0.000000 1.000000
0.963097 -0.268243 -0.022109 0.000000 0.180023 0.703057 -0.687970 10.837700 0.200087 0.658602 0.725403 0.000000 0.000000 0.000000 0.000000 1.000000
0.961306 -0.274883 -0.018173 0.000000 0.187159 0.700081 -0.689100 10.837700 0.202144 0.659034 0.724439 0.000000 0.000000 0.000000 0.000000 1.000000
0.962304 -0.271449 -0.016937 0.000000 0.185106 0.699290 -0.690456 10.837700 0.199267 0.661293 0.723176 0.000000 0.000000 0.000000 0.000000 1.000000
0.963942 -0.265735 -0.014195 0.000000 0.182000 0.697235 -0.693354 10.837700 0.194146 0.665769 0.720457 -0.000000 0.000000 0.000000 0.000000 1.000000
0.966999 -0.254438 -0.013220 -0.000000 0.173878 0.696977 -0.695694 10.837700 0.186225 0.670436 0.718217 0.000000 0.000000 0.000000 0.000000 1.000000</float_array>
        <technique_common>
          <accessor source="#mixamorig_LeftArm-Matrix-animation-output-transform-array" count="69" stride="16">
            <param type="float4x4"/>
          </accessor>
        </technique_common>
      </source>
      <source id="mixamorig_LeftArm-Interpolations">
        <Name_array id="mixamorig_LeftArm-Interpolations-array" count="69">
 LINEAR LINEAR LINEAR LINEAR LINEAR LINEAR LINEAR LINEAR LINEAR LINEAR LINEAR
LINEAR LINEAR LINEAR LINEAR LINEAR LINEAR LINEAR LINEAR LINEAR LINEAR LINEAR LINEAR
LINEAR LINEAR LINEAR LINEAR LINEAR LINEAR LINEAR LINEAR LINEAR LINEAR LINEAR LINEAR
LINEAR LINEAR LINEAR LINEAR LINEAR LINEAR LINEAR LINEAR LINEAR LINEAR LINEAR LINEAR
LINEAR LINEAR LINEAR LINEAR LINEAR LINEAR LINEAR LINEAR LINEAR LINEAR LINEAR LINEAR
LINEAR LINEAR LINEAR LINEAR LINEAR LINEAR LINEAR LINEAR LINEAR LINEAR</Name_array>
        <technique_common>
          <accessor source="#mixamorig_LeftArm-Interpolations-array" count="69">
            <param type="name"/>
          </accessor>
        </technique_common>
      </source>
      <sampler id="mixamorig_LeftArm-Matrix-animation-transform">
        <input semantic="INPUT" source="#mixamorig_LeftArm-Matrix-animation-input"/>
        <input semantic="OUTPUT" source="#mixamorig_LeftArm-Matrix-animation-output-transform"/>
        <input semantic="INTERPOLATION" source="#mixamorig_LeftArm-Interpolations"/>
      </sampler>
      <channel source="#mixamorig_LeftArm-Matrix-animation-transform" target="mixamorig_LeftArm/matrix"/>
    </animation>
    <animation id="mixamorig_LeftForeArm-anim" name="mixamorig_LeftForeArm">
      <source id="mixamorig_LeftForeArm-Matrix-animation-input">
        <float_array id="mixamorig_LeftForeArm-Matrix-animation-input-array" count="69">

0.000000 0.033333 0.066667 0.100000 0.133333 0.166667 0.200000 0.233333 0.266667 0.300000 0.333333 0.366667 0.400000 0.433333 0.466667 0.500000
0.533333 0.566667 0.600000 0.633333 0.666667 0.700000 0.733333 0.766667 0.800000 0.833333 0.866667 0.900000 0.933333 0.966667 1.000000 1.033333
1.066667 1.100000 1.133333 1.166667 1.200000 1.233333 1.266667 1.300000 1.333333 1.366667 1.400000 1.433333 1.466667 1.500000 1.533333 1.566667
1.600000 1.633333 1.666667 1.700000 1.733333 1.766667 1.800000 1.833333 1.866667 1.900000 1.933333 1.966667 2.000000 2.033333 2.066667 2.100000
2.133333 2.166667 2.200000 2.233333 2.266667</float_array>
        <technique_common>
          <accessor source="#mixamorig_LeftForeArm-Matrix-animation-input-array" count="69">
            <param name="TIME" type="float"/>
          </accessor>
        </technique_common>
      </source>
      <source id="mixamorig_LeftForeArm-Matrix-animation-output-transform">
        <float_array id="mixamorig_LeftForeArm-Matrix-animation-output-transform-array" count="1104">

0.829687 -0.491813 -0.264084 0.000000 0.435014 0.866096 -0.246252 27.841499 0.349832 0.089432 0.932534 -0.000000 0.000000 0.000000 0.000000 1.000000
0.830897 -0.502697 -0.238550 0.000000 0.449640 0.859144 -0.244326 27.841499 0.327771 0.095748 0.939893 0.000000 0.000000 0.000000 0.000000 1.000000
0.834129 -0.517726 -0.190230 -0.000000 0.473974 0.849194 -0.232848 27.841499 0.282094 0.104061 0.953726 -0.000000 0.000000 0.000000 0.000000 1.000000
0.841536 -0.526026 -0.122938 -0.000000 0.496087 0.842611 -0.209533 27.841499 0.213809 0.115341 0.970042 0.000000 0.000000 0.000000 0.000000 1.000000
0.844143 -0.534831 -0.037121 0.000000 0.520657 0.834340 -0.181088 27.841499 0.127823 0.133537 0.982766 -0.000000 0.000000 0.000000 0.000000 1.000000
0.840077 -0.538952 0.061647 0.000000 0.541763 0.827767 -0.145926 27.841499 0.027617 0.155987 0.987373 -0.000000 0.000000 0.000000 0.000000 1.000000
0.837032 -0.518564 0.174552 -0.000000 0.540062 0.834212 -0.111463 27.841499 -0.087812 0.187567 0.978319 0.000000 0.000000 0.000000 0.000000 1.000000
0.841391 -0.449696 0.299724 0.000000 0.493877 0.865007 -0.088593 27.841499 -0.219424 0.222568 0.949903 -0.000000 0.000000 0.000000 0.000000 1.000000
0.843084 -0.376704 0.383802 0.000000 0.437155 0.895719 -0.081129 27.841499 -0.313217 0.236180 0.919844 0.000000 0.000000 0.000000 0.000000 1.000000
0.846215 -0.311277 0.432466 -0.000000 0.385251 0.918114 -0.092994 27.841499 -0.368106 0.245300 0.896842 0.000000 0.000000 0.000000 0.000000 1.000000
0.836377 -0.260851 0.482110 -0.000000 0.356189 0.927151 -0.116280 27.841499 -0.416657 0.268976 0.868360 0.000000 0.000000 0.000000 0.000000 1.000000
0.817408 -0.247822 0.520027 0.000000 0.359151 0.925046 -0.123696 27.841499 -0.450395 0.287878 0.845145 -0.000000 0.000000 0.000000 0.000000 1.000000
0.793758 -0.273000 0.543525 0.000000 0.394004 0.911561 -0.117544 27.841499 -0.463366 0.307453 0.831122 0.000000 0.000000 0.000000 0.000000 1.000000
0.777660 -0.303119 0.550784 -0.000000 0.424185 0.899604 -0.103824 27.841499 -0.464017 0.314374 0.828165 0.000000 0.000000 0.000000 0.000000 1.000000
0.764088 -0.351823 0.540731 0.000000 0.462970 0.882771 -0.079839 27.841499 -0.449252 0.311346 0.837398 0.000000 0.000000 0.000000 0.000000 1.000000
0.747430 -0.401338 0.529412 0.000000 0.507311 0.859324 -0.064789 27.841499 -0.428934 0.317001 0.845888 0.000000 0.000000 0.000000 0.000000 1.000000
0.719266 -0.463090 0.517884 0.000000 0.564433 0.824142 -0.046971 27.841499 -0.405058 0.326095 0.854161 -0.000000 0.000000 0.000000 0.000000 1.000000
0.689536 -0.524556 0.499380 0.000000 0.614096 0.788999 -0.019157 27.841499 -0.383962 0.319877 0.866171 0.000000 0.000000 0.000000 0.000000 1.000000
0.650976 -0.581119 0.488396 0.000000 0.665555 0.746348 0.000935 27.841499 -0.365057 0.324445 0.872622 0.000000 0.000000 0.000000 0.000000 1.000000
0.623698 -0.630742 0.461699 0.000000 0.703099 0.710776 0.021216 27.841499 -0.341546 0.311387 0.886783 0.000000 0.000000 0.000000 0.000000 1.000000
0.605485 -0.652077 0.456272 0.000000 0.725629 0.687795 0.020028 27.841499 -0.326881 0.318957 0.889615 -0.000000 0.000000 0.000000 0.000000 1.000000
0.604635 -0.661296 0.443965 -0.000000 0.731278 0.681797 0.019626 27.841499 -0.315672 0.312795 0.895829 0.000000 0.000000 0.000000 0.000000 1.000000
0.601089 -0.679071 0.421371 0.000000 0.744176 0.667822 0.014673 27.841499 -0.291365 0.304755 0.906770 -0.000000 0.000000 0.000000 0.000000 1.000000
0.564162 -0.693941 0.447400 -0.000000 0.770209 0.637548 0.017652 27.841499 -0.297489 0.334633 0.894159 0.000000 0.000000 0.000000 0.000000 1.000000
0.577316 -0.637161 0.510619 0.000000 0.741553 0.670893 -0.001259 27.841499 -0.341769 0.379378 0.859806 0.000000 0.000000 0.000000 0.000000 1.000000
0.625801 -0.575491 0.526482 0.000000 0.689047 0.724197 -0.027424 27.841499 -0.365495 0.379933 0.849744 0.000000 0.000000 0.000000 0.000000 1.000000
0.672712 -0.572757 0.468410 -0.000000 0.661514 0.749162 -0.033988 27.841499 -0.331449 0.332724 0.882857 0.000000 0.000000 0.000000 0.000000 1.000000
0.720896 -0.527253 0.449793 0.000000 0.610835 0.789983 -0.052975 27.841499 -0.327398 0.312939 0.891560 0.000000 0.000000 0.000000 0.000000 1.000000
0.760145 -0.467265 0.451490 0.000000 0.554945 0.828309 -0.077074 27.841499 -0.337959 0.309139 0.888941 0.000000 0.000000 0.000000 0.000000 1.000000
0.779184 -0.420362 0.464939 0.000000 0.516753 0.850628 -0.096945 27.841499 -0.354738 0.315797 0.880019 0.000000 0.000000 0.000000 0.000000 1.000000
0.795177 -0.375386 0.476214 0.000000 0.479662 0.869851 -0.115255 27.841499 -0.370970 0.320070 0.871743 0.000000 0.000000 0.000000 0.000000 1.000000
0.807334 -0.333458 0.486845 0.000000 0.445409 0.885530 -0.132087 27.841499 -0.387070 0.323483 0.863444 0.000000 0.000000 0.000000 0.000000 1.000000
0.815000 -0.295716 0.498325 0.000000 0.415898 0.897338 -0.147695 27.841499 -0.403490 0.327624 0.854318 -0.000000 0.000000 0.000000 0.000000 1.000000
0.817603 -0.263269 0.512070 -0.000000 0.393157 0.905007 -0.162449 27.841499 -0.420659 0.334143 0.843442 -0.000000 0.000000 0.000000 0.000000 1.000000
0.807031 -0.228852 0.544360 0.000000 0.380055 0.906841 -0.182202 27.841499 -0.451951 0.353930 0.818825 0.000000 0.000000 0.000000 0.000000 1.000000
0.779434 -0.188967 0.597306 0.000000 0.374459 0.904893 -0.202360 27.841499 -0.502259 0.381393 0.776064 0.000000 0.000000 0.000000 0.000000 1.000000
0.747149 -0.168496 0.642944 0.000000 0.379914 0.901997 -0.205102 27.841499 -0.545375 0.397505 0.737940 -0.000000 0.000000 0.000000 0.000000 1.000000
0.715016 -0.183402 0.674623 -0.000000 0.404071 0.895884 -0.184711 27.841499 -0.570508 0.404667 0.714678 -0.000000 0.000000 0.000000 0.000000 1.000000
0.705969 -0.206992 0.677320 0.000000 0.417659 0.894025 -0.162108 27.841499 -0.571986 0.397332 0.717606 0.000000 0.000000 0.000000 0.000000 1.000000
0.718064 -0.167177 0.675601 0.000000 0.385420 0.903800 -0.186000 27.841499 -0.579513 0.393951 0.713420 0.000000 0.000000 0.000000 0.000000 1.000000
0.757901 -0.164614 0.631260 0.000000 0.345724 0.921936 -0.174667 27.841499 -0.553228 0.350622 0.755647 0.000000 0.000000 0.000000 0.000000 1.000000
0.798771 -0.188898 0.571212 -0.000000 0.325633 0.934084 -0.146459 27.841499 -0.505894 0.302992 0.807631 0.000000 0.000000 0.000000 0.000000 1.000000
0.832192 -0.177866 0.525186 0.000000 0.290116 0.946837 -0.139039 27.841499 -0.472535 0.268072 0.839552 0.000000 0.000000 0.000000 0.000000 1.000000
0.853526 -0.180486 0.488794 0.000000 0.273737 0.953527 -0.125910 27.841499 -0.443353 0.241268 0.863266 0.000000 0.000000 0.000000 0.000000 1.000000
0.876359 -0.196656 0.439684 -0.000000 0.270876 0.956042 -0.112293 27.841499 -0.398273 0.217509 0.891105 0.000000 0.000000 0.000000 0.000000 1.000000
0.895325 -0.227974 0.382650 0.000000 0.283745 0.954137 -0.095454 27.841499 -0.343339 0.194037 0.918949 0.000000 0.000000 0.000000 0.000000 1.000000
0.905140 -0.262547 0.334352 0.000000 0.307531 0.947405 -0.088588 27.841499 -0.293508 0.183008 0.938276 0.000000 0.000000 0.000000 0.000000 1.000000
0.906489 -0.314613 0.281597 0.000000 0.350162 0.932823 -0.085013 27.841499 -0.235934 0.175668 0.955759 0.000000 0.000000 0.000000 0.000000 1.000000
0.903707 -0.360520 0.230950 0.000000 0.387453 0.918161 -0.082826 27.841499 -0.182189 0.164333 0.969434 0.000000 0.000000 0.000000 0.000000 1.000000
0.899903 -0.395584 0.183543 0.000000 0.415526 0.905543 -0.085619 27.841499 -0.132337 0.153315 0.979276 0.000000 0.000000 0.000000 0.000000 1.000000
0.890784 -0.429510 0.148406 0.000000 0.444964 0.890709 -0.092977 27.841499 -0.092252 0.148858 0.984546 0.000000 0.000000 0.000000 0.000000 1.000000
0.879242 -0.460781 0.120889 0.000000 0.472758 0.875216 -0.102453 27.841499 -0.058596 0.147232 0.987365 0.000000 0.000000 0.000000 0.000000 1.000000
0.885682 -0.459752 0.064767 0.000000 0.464237 0.879061 -0.108335 27.841499 -0.007127 0.126017 0.992002 0.000000 0.000000 0.000000 0.000000 1.000000
0.888794 -0.456760 0.037616 0.000000 0.457808 0.881009 -0.119313 27.841499 0.021358 0.123265 0.992144 0.000000 0.000000 0.000000 0.000000 1.000000
0.893618 -0.448801 0.004908 0.000000 0.445801 0.886271 -0.125639 27.841499 0.052037 0.114461 0.992064 0.000000 0.000000 0.000000 0.000000 1.000000
0.897782 -0.440047 -0.018621 0.000000 0.433895 0.890910 -0.134221 27.841499 0.075653 0.112421 0.990776 0.000000 0.000000 0.000000 0.000000 1.000000
0.896937 -0.440299 -0.040504 -0.000000 0.430548 0.890567 -0.146694 27.841499 0.100661 0.114137 0.988352 0.000000 0.000000 0.000000 0.000000 1.000000
0.899263 -0.431813 -0.069741 -0.000000 0.417801 0.895166 -0.155307 27.841499 0.129494 0.110524 0.985401 0.000000 0.000000 0.000000 0.000000 1.000000
0.897884 -0.429717 -0.095644 -0.000000 0.411505 0.896442 -0.164488 27.841499 0.156423 0.108333 0.981731 0.000000 0.000000 0.000000 0.000000 1.000000
0.894057 -0.432764 -0.115662 -0.000000 0.410053 0.894604 -0.177595 27.841499 0.180328 0.111353 0.977283 -0.000000 0.000000 0.000000 0.000000 1.000000
0.889527 -0.435889 -0.136902 0.000000 0.408143 0.892787 -0.190658 27.841499 0.205330 0.113720 0.972063 0.000000 0.000000 0.000000 0.000000 1.000000
0.881832 -0.442568 -0.162807 0.000000 0.409648 0.889959 -0.200401 27.841499 0.233583 0.110027 0.966092 0.000000 0.000000 0.000000 0.000000 1.000000
0.871258 -0.452799 -0.189428 0.000000 0.414364 0.885409 -0.210602 27.841499 0.263082 0.104997 0.959043 0.000000 0.000000 0.000000 0.000000 1.000000
0.860719 -0.463044 -0.211550 0.000000 0.419179 0.880437 -0.221630 27.841499 0.288881 0.102084 0.951907 0.000000 0.000000 0.000000 0.000000 1.000000
0.848856 -0.474252 -0.233514 0.000000 0.425439 0.875084 -0.230714 27.841499 0.313761 0.096497 0.944586 0.000000 0.000000 0.000000 0.000000 1.000000
0.838420 -0.483105 -0.252314 0.000000 0.430418 0.870892 -0.237250 27.841499 0.334354 0.090315 0.938110 0.000000 0.000000 0.000000 0.000000 1.000000
0.831623 -0.488597 -0.263964 -0.000000 0.433247 0.868170 -0.242028 27.841499 0.347420 0.086914 0.933673 0.000000 0.000000 0.000000 0.000000 1.000000
0.829168 -0.491329 -0.266600 0.000000 0.434586 0.866557 -0.245384 27.841499 0.351589 0.087604 0.932047 0.000000 0.000000 0.000000 0.000000 1.000000
0.829687 -0.491813 -0.264084 0.000000 0.435015 0.866096 -0.246251 27.841499 0.349831 0.089431 0.932534 -0.000000 0.000000 0.000000 0.000000 1.000000</float_array>
        <technique_common>
          <accessor source="#mixamorig_LeftForeArm-Matrix-animation-output-transform-array" count="69" stride="16">
            <param type="float4x4"/>
          </accessor>
        </technique_common>
      </source>
      <source id="mixamorig_LeftForeArm-Interpolations">
        <Name_array id="mixamorig_LeftForeArm-Interpolations-array" count="69">
 LINEAR LINEAR LINEAR LINEAR LINEAR LINEAR LINEAR LINEAR LINEAR LINEAR LINEAR
LINEAR LINEAR LINEAR LINEAR LINEAR LINEAR LINEAR LINEAR LINEAR LINEAR LINEAR LINEAR
LINEAR LINEAR LINEAR LINEAR LINEAR LINEAR LINEAR LINEAR LINEAR LINEAR LINEAR LINEAR
LINEAR LINEAR LINEAR LINEAR LINEAR LINEAR LINEAR LINEAR LINEAR LINEAR LINEAR LINEAR
LINEAR LINEAR LINEAR LINEAR LINEAR LINEAR LINEAR LINEAR LINEAR LINEAR LINEAR LINEAR
LINEAR LINEAR LINEAR LINEAR LINEAR LINEAR LINEAR LINEAR LINEAR LINEAR</Name_array>
        <technique_common>
          <accessor source="#mixamorig_LeftForeArm-Interpolations-array" count="69">
            <param type="name"/>
          </accessor>
        </technique_common>
      </source>
      <sampler id="mixamorig_LeftForeArm-Matrix-animation-transform">
        <input semantic="INPUT" source="#mixamorig_LeftForeArm-Matrix-animation-input"/>
        <input semantic="OUTPUT" source="#mixamorig_LeftForeArm-Matrix-animation-output-transform"/>
        <input semantic="INTERPOLATION" source="#mixamorig_LeftForeArm-Interpolations"/>
      </sampler>
      <channel source="#mixamorig_LeftForeArm-Matrix-animation-transform" target="mixamorig_LeftForeArm/matrix"/>
    </animation>
    <animation id="mixamorig_LeftHand-anim" name="mixamorig_LeftHand">
      <source id="mixamorig_LeftHand-Matrix-animation-input">
        <float_array id="mixamorig_LeftHand-Matrix-animation-input-array" count="69">

0.000000 0.033333 0.066667 0.100000 0.133333 0.166667 0.200000 0.233333 0.266667 0.300000 0.333333 0.366667 0.400000 0.433333 0.466667 0.500000
0.533333 0.566667 0.600000 0.633333 0.666667 0.700000 0.733333 0.766667 0.800000 0.833333 0.866667 0.900000 0.933333 0.966667 1.000000 1.033333
1.066667 1.100000 1.133333 1.166667 1.200000 1.233333 1.266667 1.300000 1.333333 1.366667 1.400000 1.433333 1.466667 1.500000 1.533333 1.566667
1.600000 1.633333 1.666667 1.700000 1.733333 1.766667 1.800000 1.833333 1.866667 1.900000 1.933333 1.966667 2.000000 2.033333 2.066667 2.100000
2.133333 2.166667 2.200000 2.233333 2.266667</float_array>
        <technique_common>
          <accessor source="#mixamorig_LeftHand-Matrix-animation-input-array" count="69">
            <param name="TIME" type="float"/>
          </accessor>
        </technique_common>
      </source>
      <source id="mixamorig_LeftHand-Matrix-animation-output-transform">
        <float_array id="mixamorig_LeftHand-Matrix-animation-output-transform-array" count="1104">

0.998095 -0.048665 0.037922 0.000000 0.043829 0.991886 0.119336 28.328800 -0.043422 -0.117447 0.992129 0.000000 0.000000 0.000000 0.000000 1.000000
0.998039 -0.051843 0.035084 -0.000000 0.047964 0.993463 0.103592 28.328800 -0.040225 -0.101706 0.994001 0.000000 0.000000 0.000000 0.000000 1.000000
0.998371 -0.057013 0.002248 0.000000 0.056698 0.995725 0.072919 28.328800 -0.006395 -0.072673 0.997335 0.000000 0.000000 0.000000 0.000000 1.000000
0.994732 -0.088102 -0.052398 0.000000 0.089516 0.995664 0.025289 28.328800 0.049943 -0.029847 0.998306 0.000000 0.000000 0.000000 0.000000 1.000000
0.988744 -0.114299 -0.096541 0.000000 0.112835 0.993402 -0.020509 28.328800 0.098248 0.009385 0.995118 -0.000000 0.000000 0.000000 0.000000 1.000000
0.977830 -0.150108 -0.146000 0.000000 0.137859 0.986287 -0.090736 28.328800 0.157618 0.068597 0.985115 -0.000000 0.000000 0.000000 0.000000 1.000000
0.963616 -0.190295 -0.187700 0.000000 0.160565 0.973527 -0.162679 28.328800 0.213688 0.126622 0.968661 0.000000 0.000000 0.000000 0.000000 1.000000
0.943726 -0.238500 -0.229129 0.000000 0.179567 0.951291 -0.250603 28.328800 0.277737 0.195356 0.940584 -0.000000 0.000000 0.000000 0.000000 1.000000
0.939991 -0.212536 -0.266919 -0.000000 0.125260 0.942628 -0.309455 28.328800 0.317375 0.257450 0.912684 0.000000 0.000000 0.000000 0.000000 1.000000
0.944342 -0.155219 -0.290044 -0.000000 0.069656 0.956041 -0.284840 28.328800 0.321506 0.248783 0.913641 0.000000 0.000000 0.000000 0.000000 1.000000
0.942125 -0.115067 -0.314897 -0.000000 0.041608 0.972125 -0.230741 28.328800 0.332670 0.204284 0.920651 0.000000 0.000000 0.000000 0.000000 1.000000
0.954823 -0.126992 -0.268676 0.000000 0.068374 0.973718 -0.217251 28.328800 0.289203 0.189065 0.938411 0.000000 0.000000 0.000000 0.000000 1.000000
0.959398 -0.112950 -0.258451 0.000000 0.064494 0.979890 -0.188830 28.328800 0.274582 0.164494 0.947389 0.000000 0.000000 0.000000 0.000000 1.000000
0.942988 -0.138903 -0.302456 -0.000000 0.088342 0.980612 -0.174916 28.328800 0.320889 0.138224 0.936976 -0.000000 0.000000 0.000000 0.000000 1.000000
0.945965 -0.127079 -0.298332 -0.000000 0.083462 0.984432 -0.154688 28.328800 0.313345 0.121430 0.941844 0.000000 0.000000 0.000000 0.000000 1.000000
0.976917 -0.072430 -0.200964 0.000000 0.059238 0.995722 -0.070909 28.328800 0.205240 0.057367 0.977029 -0.000000 0.000000 0.000000 0.000000 1.000000
0.997212 -0.041656 -0.061911 -0.000000 0.042609 0.998992 0.014157 28.328800 0.061259 -0.016755 0.997981 0.000000 0.000000 0.000000 0.000000 1.000000
0.998255 -0.058662 0.006779 0.000000 0.058376 0.997626 0.036541 28.328800 -0.008907 -0.036081 0.999309 0.000000 0.000000 0.000000 0.000000 1.000000
0.997791 -0.063340 0.020054 -0.000000 0.061644 0.995188 0.076168 28.328800 -0.024782 -0.074763 0.996893 0.000000 0.000000 0.000000 0.000000 1.000000
0.996163 -0.038891 0.078403 0.000000 0.031425 0.995048 0.094299 28.328800 -0.081682 -0.091474 0.992452 0.000000 0.000000 0.000000 0.000000 1.000000
0.987903 -0.032330 0.151664 -0.000000 0.005671 0.984903 0.173012 28.328800 -0.154967 -0.170059 0.973173 0.000000 0.000000 0.000000 0.000000 1.000000
0.974543 -0.001442 0.224197 0.000000 -0.043322 0.979923 0.194613 28.328800 -0.219977 -0.199371 0.954914 0.000000 0.000000 0.000000 0.000000 1.000000
0.968331 0.031554 0.247668 0.000000 -0.097806 0.960639 0.260012 28.328800 -0.229716 -0.276001 0.933303 0.000000 0.000000 0.000000 0.000000 1.000000
0.990324 0.016645 0.137775 0.000000 -0.051017 0.966928 0.249894 28.328800 -0.129059 -0.254505 0.958421 0.000000 0.000000 0.000000 0.000000 1.000000
0.999742 -0.022202 -0.004713 0.000000 0.022691 0.982313 0.185864 28.328800 0.000504 -0.185923 0.982564 0.000000 0.000000 0.000000 0.000000 1.000000
0.997266 0.002804 -0.073837 0.000000 0.008339 0.988626 0.150161 28.328800 0.073419 -0.150366 0.985900 0.000000 0.000000 0.000000 0.000000 1.000000
0.969849 0.028672 -0.242015 0.000000 0.019774 0.980523 0.195409 28.328800 0.242904 -0.194303 0.950392 -0.000000 0.000000 0.000000 0.000000 1.000000
0.937241 0.063603 -0.342833 -0.000000 0.006083 0.980090 0.198459 28.328800 0.348630 -0.188089 0.918194 0.000000 0.000000 0.000000 0.000000 1.000000
0.918228 0.089963 -0.385700 0.000000 -0.012960 0.980164 0.197765 28.328800 0.395840 -0.176594 0.901180 0.000000 0.000000 0.000000 0.000000 1.000000
0.924422 0.067119 -0.375417 0.000000 0.006110 0.981659 0.190550 28.328800 0.381321 -0.178442 0.907057 -0.000000 0.000000 0.000000 0.000000 1.000000
0.930990 0.042217 -0.362594 0.000000 0.025684 0.983253 0.180426 28.328800 0.364139 -0.177288 0.914315 0.000000 0.000000 0.000000 0.000000 1.000000
0.938943 0.017751 -0.343615 0.000000 0.043783 0.984386 0.170493 28.328800 0.341276 -0.175128 0.923505 0.000000 0.000000 0.000000 0.000000 1.000000
0.949061 -0.004089 -0.315065 0.000000 0.058670 0.984723 0.163948 28.328800 0.309581 -0.174082 0.934802 0.000000 0.000000 0.000000 0.000000 1.000000
0.961591 -0.021473 -0.273644 0.000000 0.068607 0.984094 0.163863 28.328800 0.265773 -0.176343 0.947770 0.000000 0.000000 0.000000 0.000000 1.000000
0.977478 -0.031489 -0.208676 0.000000 0.068635 0.982485 0.173241 28.328800 0.199566 -0.183662 0.962518 0.000000 0.000000 0.000000 0.000000 1.000000
0.991253 -0.047076 -0.123295 0.000000 0.065851 0.986040 0.152931 28.328800 0.114374 -0.159712 0.980515 0.000000 0.000000 0.000000 0.000000 1.000000
0.997706 -0.060729 -0.029901 0.000000 0.062498 0.996097 0.062327 28.328800 0.025999 -0.064053 0.997608 0.000000 0.000000 0.000000 0.000000 1.000000
0.999849 -0.017384 0.000617 -0.000000 0.017378 0.996658 -0.079814 28.328800 0.000772 0.079812 0.996810 0.000000 0.000000 0.000000 0.000000 1.000000
0.993632 0.046079 -0.102818 -0.000000 -0.063711 0.982431 -0.175415 28.328800 0.092928 0.180849 0.979111 -0.000000 0.000000 0.000000 0.000000 1.000000
0.989037 0.011129 -0.147245 0.000000 -0.022751 0.996734 -0.077487 28.328800 0.145901 0.079988 0.986060 0.000000 0.000000 0.000000 0.000000 1.000000
0.959786 -0.022858 -0.279800 0.000000 -0.010257 0.993159 -0.116318 28.328800 0.280545 0.114511 0.952986 -0.000000 0.000000 0.000000 0.000000 1.000000
0.912503 -0.005544 -0.409031 0.000000 -0.080287 0.978033 -0.192367 28.328800 0.401113 0.208376 0.892014 0.000000 0.000000 0.000000 0.000000 1.000000
0.861501 -0.029652 -0.506890 0.000000 -0.088532 0.974230 -0.207457 28.328800 0.499979 0.223600 0.836675 -0.000000 0.000000 0.000000 0.000000 1.000000
0.787147 -0.027919 -0.616133 0.000000 -0.150989 0.959855 -0.236393 28.328800 0.597998 0.279105 0.751331 0.000000 0.000000 0.000000 0.000000 1.000000
0.706908 -0.026749 -0.706799 -0.000000 -0.206531 0.947929 -0.242438 28.328800 0.676480 0.317358 0.664574 0.000000 0.000000 0.000000 0.000000 1.000000
0.650759 -0.022128 -0.758962 0.000000 -0.257198 0.934057 -0.247763 28.328800 0.714396 0.356437 0.602155 0.000000 0.000000 0.000000 0.000000 1.000000
0.627226 -0.040343 -0.777791 -0.000000 -0.245012 0.937734 -0.246221 28.328800 0.739295 0.345004 0.578287 0.000000 0.000000 0.000000 0.000000 1.000000
0.604741 -0.044547 -0.795175 0.000000 -0.226869 0.947433 -0.225613 28.328800 0.763425 0.316838 0.562846 0.000000 0.000000 0.000000 0.000000 1.000000
0.596913 -0.065781 -0.799605 0.000000 -0.208939 0.949499 -0.234088 28.328800 0.774622 0.306798 0.553024 0.000000 0.000000 0.000000 0.000000 1.000000
0.585968 -0.110141 -0.802814 -0.000000 -0.170163 0.951905 -0.254796 28.328800 0.792266 0.285911 0.539045 0.000000 0.000000 0.000000 0.000000 1.000000
0.581890 -0.126922 -0.803302 -0.000000 -0.138508 0.957850 -0.251672 28.328800 0.801386 0.257709 0.539784 -0.000000 0.000000 0.000000 0.000000 1.000000
0.617958 -0.072469 -0.782864 0.000000 -0.146412 0.967717 -0.205152 28.328800 0.772458 0.241396 0.587398 -0.000000 0.000000 0.000000 0.000000 1.000000
0.667068 -0.102749 -0.737877 0.000000 -0.107327 0.966858 -0.231662 28.328800 0.737225 0.233729 0.633932 0.000000 0.000000 0.000000 0.000000 1.000000
0.717897 -0.110672 -0.687296 0.000000 -0.062155 0.973149 -0.221624 28.328800 0.693369 0.201822 0.691743 0.000000 0.000000 0.000000 0.000000 1.000000
0.757847 -0.129856 -0.639379 0.000000 -0.032191 0.971357 -0.235436 28.328800 0.651638 0.199007 0.731959 -0.000000 0.000000 0.000000 0.000000 1.000000
0.799278 -0.131232 -0.586457 -0.000000 -0.005494 0.974230 -0.225492 28.328800 0.600936 0.183453 0.777960 0.000000 0.000000 0.000000 0.000000 1.000000
0.841747 -0.116218 -0.527215 -0.000000 0.018266 0.982126 -0.187334 28.328800 0.539564 0.148057 0.828825 0.000000 0.000000 0.000000 0.000000 1.000000
0.883587 -0.113740 -0.454244 0.000000 0.042109 0.985422 -0.164833 28.328800 0.466370 0.126516 0.875496 -0.000000 0.000000 0.000000 0.000000 1.000000
0.915701 -0.112975 -0.385652 -0.000000 0.062192 0.987948 -0.141744 28.328800 0.397018 0.105811 0.911691 0.000000 0.000000 0.000000 0.000000 1.000000
0.942144 -0.102462 -0.319165 -0.000000 0.077060 0.992841 -0.091258 28.328800 0.326231 0.061383 0.943295 0.000000 0.000000 0.000000 0.000000 1.000000
0.962056 -0.095590 -0.255560 -0.000000 0.089057 0.995338 -0.037041 28.328800 0.257909 0.012876 0.966083 0.000000 0.000000 0.000000 0.000000 1.000000
0.975001 -0.083800 -0.205794 0.000000 0.084141 0.996428 -0.007113 28.328800 0.205655 -0.010381 0.978570 0.000000 0.000000 0.000000 0.000000 1.000000
0.986655 -0.075456 -0.144285 0.000000 0.079951 0.996470 0.025609 28.328800 0.141843 -0.036803 0.989205 0.000000 0.000000 0.000000 0.000000 1.000000
0.993212 -0.071599 -0.091666 0.000000 0.077626 0.994928 0.063973 28.328800 0.086620 -0.070655 0.993733 0.000000 0.000000 0.000000 0.000000 1.000000
0.996279 -0.070867 -0.049043 0.000000 0.075030 0.993200 0.089014 28.328800 0.042402 -0.092363 0.994822 0.000000 0.000000 0.000000 0.000000 1.000000
0.997801 -0.064804 -0.013920 -0.000000 0.065892 0.992551 0.102476 28.328800 0.007175 -0.103168 0.994638 0.000000 0.000000 0.000000 0.000000 1.000000
0.998337 -0.056681 0.010535 0.000000 0.055153 0.992200 0.111791 28.328800 -0.016789 -0.111024 0.993676 0.000000 0.000000 0.000000 0.000000 1.000000
0.998348 -0.050128 0.028062 -0.000000 0.046436 0.991742 0.119546 28.328800 -0.033823 -0.118045 0.992432 0.000000 0.000000 0.000000 0.000000 1.000000
0.998095 -0.048665 0.037922 -0.000000 0.043828 0.991886 0.119337 28.328800 -0.043422 -0.117448 0.992129 -0.000000 0.000000 0.000000 0.000000 1.000000</float_array>
        <technique_common>
          <accessor source="#mixamorig_LeftHand-Matrix-animation-output-transform-array" count="69" stride="16">
            <param type="float4x4"/>
          </accessor>
        </technique_common>
      </source>
      <source id="mixamorig_LeftHand-Interpolations">
        <Name_array id="mixamorig_LeftHand-Interpolations-array" count="69">
 LINEAR LINEAR LINEAR LINEAR LINEAR LINEAR LINEAR LINEAR LINEAR LINEAR LINEAR
LINEAR LINEAR LINEAR LINEAR LINEAR LINEAR LINEAR LINEAR LINEAR LINEAR LINEAR LINEAR
LINEAR LINEAR LINEAR LINEAR LINEAR LINEAR LINEAR LINEAR LINEAR LINEAR LINEAR LINEAR
LINEAR LINEAR LINEAR LINEAR LINEAR LINEAR LINEAR LINEAR LINEAR LINEAR LINEAR LINEAR
LINEAR LINEAR LINEAR LINEAR LINEAR LINEAR LINEAR LINEAR LINEAR LINEAR LINEAR LINEAR
LINEAR LINEAR LINEAR LINEAR LINEAR LINEAR LINEAR LINEAR LINEAR LINEAR</Name_array>
        <technique_common>
          <accessor source="#mixamorig_LeftHand-Interpolations-array" count="69">
            <param type="name"/>
          </accessor>
        </technique_common>
      </source>
      <sampler id="mixamorig_LeftHand-Matrix-animation-transform">
        <input semantic="INPUT" source="#mixamorig_LeftHand-Matrix-animation-input"/>
        <input semantic="OUTPUT" source="#mixamorig_LeftHand-Matrix-animation-output-transform"/>
        <input semantic="INTERPOLATION" source="#mixamorig_LeftHand-Interpolations"/>
      </sampler>
      <channel source="#mixamorig_LeftHand-Matrix-animation-transform" target="mixamorig_LeftHand/matrix"/>
    </animation>
    <animation id="mixamorig_LeftHandThumb1-anim" name="mixamorig_LeftHandThumb1">
      <source id="mixamorig_LeftHandThumb1-Matrix-animation-input">
        <float_array id="mixamorig_LeftHandThumb1-Matrix-animation-input-array" count="69">

0.000000 0.033333 0.066667 0.100000 0.133333 0.166667 0.200000 0.233333 0.266667 0.300000 0.333333 0.366667 0.400000 0.433333 0.466667 0.500000
0.533333 0.566667 0.600000 0.633333 0.666667 0.700000 0.733333 0.766667 0.800000 0.833333 0.866667 0.900000 0.933333 0.966667 1.000000 1.033333
1.066667 1.100000 1.133333 1.166667 1.200000 1.233333 1.266667 1.300000 1.333333 1.366667 1.400000 1.433333 1.466667 1.500000 1.533333 1.566667
1.600000 1.633333 1.666667 1.700000 1.733333 1.766667 1.800000 1.833333 1.866667 1.900000 1.933333 1.966667 2.000000 2.033333 2.066667 2.100000
2.133333 2.166667 2.200000 2.233333 2.266667</float_array>
        <technique_common>
          <accessor source="#mixamorig_LeftHandThumb1-Matrix-animation-input-array" count="69">
            <param name="TIME" type="float"/>
          </accessor>
        </technique_common>
      </source>
      <source id="mixamorig_LeftHandThumb1-Matrix-animation-output-transform">
        <float_array id="mixamorig_LeftHandThumb1-Matrix-animation-output-transform-array" count="1104">

0.811024 -0.470858 0.347179 -2.681700 0.569681 0.770633 -0.285637 2.466100 -0.133053 0.429440 0.893240 1.576200 0.000000 0.000000 0.000000 1.000000
0.807919 -0.478883 0.343422 -2.681700 0.574890 0.768558 -0.280749 2.466100 -0.129494 0.424252 0.896237 1.576200 0.000000 0.000000 0.000000 1.000000
0.804627 -0.487291 0.339299 -2.681700 0.580663 0.765183 -0.278075 2.466100 -0.124122 0.420764 0.898638 1.576200 0.000000 0.000000 0.000000 1.000000
0.801178 -0.495881 0.334987 -2.681700 0.586724 0.761069 -0.276639 2.466100 -0.117768 0.418182 0.900697 1.576200 0.000000 0.000000 0.000000 1.000000
0.797624 -0.504459 0.330632 -2.681700 0.592805 0.756775 -0.275453 2.466100 -0.111259 0.415708 0.902667 1.576200 0.000000 0.000000 0.000000 1.000000
0.794040 -0.512837 0.326341 -2.681700 0.598653 0.752866 -0.273509 2.466100 -0.105425 0.412542 0.904817 1.576200 0.000000 0.000000 0.000000 1.000000
0.790524 -0.520834 0.322186 -2.681700 0.604030 0.749907 -0.269791 2.466100 -0.101093 0.407886 0.907419 1.576200 0.000000 0.000000 0.000000 1.000000
0.787193 -0.528268 0.318214 -2.681700 0.608694 0.748454 -0.263265 2.466100 -0.099094 0.400935 0.910731 1.576200 0.000000 0.000000 0.000000 1.000000
0.784192 -0.534937 0.314459 -2.681700 0.612363 0.749042 -0.252879 2.466100 -0.100269 0.390869 0.914969 1.576200 0.000000 0.000000 0.000000 1.000000
0.781694 -0.540600 0.310977 -2.681700 0.614677 0.752158 -0.237551 2.466100 -0.105484 0.376842 0.920252 1.576200 0.000000 0.000000 0.000000 1.000000
0.779505 -0.545448 0.307990 -2.681700 0.615457 0.758404 -0.214559 2.466100 -0.116551 0.356805 0.926880 1.576200 0.000000 0.000000 0.000000 1.000000
0.776040 -0.551446 0.306053 -2.681700 0.615365 0.768363 -0.175908 2.466100 -0.138156 0.324846 0.935622 1.576200 0.000000 0.000000 0.000000 1.000000
0.772489 -0.557106 0.304784 -2.681700 0.612527 0.780316 -0.126162 2.466100 -0.167542 0.284147 0.944029 1.576200 0.000000 0.000000 0.000000 1.000000
0.770234 -0.560656 0.303981 -2.681700 0.605406 0.792649 -0.072046 2.466100 -0.200557 0.239524 0.949950 1.576200 0.000000 0.000000 0.000000 1.000000
0.770225 -0.560813 0.303714 -2.681700 0.593749 0.804391 -0.020440 2.466100 -0.232842 0.196073 0.952544 1.576200 0.000000 0.000000 0.000000 1.000000
0.772982 -0.556805 0.304083 -2.681700 0.578672 0.815268 0.021842 2.466100 -0.260070 0.159081 0.952395 1.576200 0.000000 0.000000 0.000000 1.000000
0.778763 -0.548234 0.304906 -2.681700 0.562287 0.825536 0.048205 2.466100 -0.278139 0.133904 0.951162 1.576200 0.000000 0.000000 0.000000 1.000000
0.787902 -0.534726 0.305416 -2.681700 0.546847 0.835601 0.052246 2.466100 -0.283143 0.125851 0.950785 1.576200 0.000000 0.000000 0.000000 1.000000
0.801306 -0.514935 0.304549 -2.681700 0.531599 0.846378 0.032364 2.466100 -0.274429 0.135964 0.951947 1.576200 0.000000 0.000000 0.000000 1.000000
0.818984 -0.488450 0.301134 -2.681700 0.513876 0.857843 -0.006120 2.466100 -0.255337 0.159758 0.953562 1.576200 0.000000 0.000000 0.000000 1.000000
0.840162 -0.456025 0.293545 -2.681700 0.492083 0.868539 -0.059120 2.466100 -0.227995 0.194119 0.954115 1.576200 0.000000 0.000000 0.000000 1.000000
0.863806 -0.418609 0.280369 -2.681700 0.464687 0.876992 -0.122276 2.466100 -0.194695 0.235906 0.952073 1.576200 0.000000 0.000000 0.000000 1.000000
0.888515 -0.377533 0.260787 -2.681700 0.430811 0.882012 -0.190935 2.466100 -0.157934 0.281998 0.946327 1.576200 0.000000 0.000000 0.000000 1.000000
0.912633 -0.334538 0.234916 -2.681700 0.390671 0.882946 -0.260350 2.466100 -0.120321 0.329379 0.936500 1.576200 0.000000 0.000000 0.000000 1.000000
0.934453 -0.291799 0.204087 -2.681700 0.345923 0.879849 -0.325887 2.466100 -0.084473 0.375125 0.923117 1.576200 0.000000 0.000000 0.000000 1.000000
0.952784 -0.251283 0.170470 -2.681700 0.299095 0.873514 -0.384077 2.466100 -0.052396 0.416929 0.907428 1.576200 0.000000 0.000000 0.000000 1.000000
0.966738 -0.215542 0.137690 -2.681700 0.254426 0.865475 -0.431532 2.466100 -0.026154 0.452210 0.891528 1.576200 0.000000 0.000000 0.000000 1.000000
0.975655 -0.188563 0.111989 -2.681700 0.219137 0.858562 -0.463519 2.466100 -0.008747 0.476775 0.878982 1.576200 0.000000 0.000000 0.000000 1.000000
0.982173 -0.165394 0.089341 -2.681700 0.187924 0.852131 -0.488423 2.466100 0.004652 0.496505 0.868021 1.576200 0.000000 0.000000 0.000000 1.000000
0.986601 -0.146589 0.071626 -2.681700 0.162599 0.847287 -0.505634 2.466100 0.013433 0.510505 0.859770 1.576200 0.000000 0.000000 0.000000 1.000000
0.990053 -0.129242 0.055594 -2.681700 0.139220 0.842937 -0.519687 2.466100 0.020303 0.522258 0.852546 1.576200 0.000000 0.000000 0.000000 1.000000
0.992688 -0.113387 0.041394 -2.681700 0.117990 0.839144 -0.530957 2.466100 0.025468 0.531959 0.846387 1.576200 0.000000 0.000000 0.000000 1.000000
0.994655 -0.099053 0.029138 -2.681700 0.099062 0.835951 -0.539790 2.466100 0.029110 0.539791 0.841295 1.576200 0.000000 0.000000 0.000000 1.000000
0.996093 -0.086269 0.018902 -2.681700 0.082547 0.833380 -0.546501 2.466100 0.031393 0.545926 0.837245 1.576200 0.000000 0.000000 0.000000 1.000000
0.997122 -0.075057 0.010730 -2.681700 0.068518 0.831436 -0.551380 2.466100 0.032463 0.550528 0.834185 1.576200 0.000000 0.000000 0.000000 1.000000
0.997845 -0.065445 0.004641 -2.681700 0.057024 0.830105 -0.554683 2.466100 0.032449 0.553753 0.832049 1.576200 0.000000 0.000000 0.000000 1.000000
0.998347 -0.057464 0.000628 -2.681700 0.048088 0.829363 -0.556637 2.466100 0.031465 0.555747 0.830756 1.576200 0.000000 0.000000 0.000000 1.000000
0.998690 -0.051147 -0.001336 -2.681700 0.041720 0.829168 -0.557441 2.466100 0.029619 0.556655 0.830216 1.576200 0.000000 0.000000 0.000000 1.000000
0.998916 -0.046533 -0.001298 -2.681700 0.037915 0.829467 -0.557268 2.466100 0.027008 0.556614 0.830332 1.576200 0.000000 0.000000 0.000000 1.000000
0.999046 -0.043661 0.000681 -2.681700 0.036662 0.830198 -0.556262 2.466100 0.023722 0.555757 0.831006 1.576200 0.000000 0.000000 0.000000 1.000000
0.999083 -0.042581 0.004526 -2.681700 0.037941 0.831284 -0.554551 2.466100 0.019851 0.554214 0.832137 1.576200 0.000000 0.000000 0.000000 1.000000
0.999009 -0.043339 0.010147 -2.681700 0.041731 0.832643 -0.552235 2.466100 0.015484 0.552111 0.833627 1.576200 0.000000 0.000000 0.000000 1.000000
0.998790 -0.045988 0.017451 -2.681700 0.048008 0.834178 -0.549402 2.466100 0.010709 0.549575 0.835376 1.576200 0.000000 0.000000 0.000000 1.000000
0.998373 -0.050585 0.026330 -2.681700 0.056750 0.835782 -0.546121 2.466100 0.005619 0.546726 0.837293 1.576200 0.000000 0.000000 0.000000 1.000000
0.997690 -0.057181 0.036676 -2.681700 0.067931 0.837338 -0.542449 2.466100 0.000308 0.543687 0.839288 1.576200 0.000000 0.000000 0.000000 1.000000
0.996658 -0.065832 0.048371 -2.681700 0.081531 0.838716 -0.538432 2.466100 -0.005124 0.540576 0.841280 1.576200 0.000000 0.000000 0.000000 1.000000
0.995177 -0.076588 0.061297 -2.681700 0.097526 0.839774 -0.534106 2.466100 -0.010570 0.537508 0.843193 1.576200 0.000000 0.000000 0.000000 1.000000
0.993134 -0.089498 0.075338 -2.681700 0.115897 0.840354 -0.529503 2.466100 -0.015921 0.534598 0.844956 1.576200 0.000000 0.000000 0.000000 1.000000
0.990211 -0.105571 0.091302 -2.681700 0.137926 0.840390 -0.524139 2.466100 -0.021395 0.531601 0.846725 1.576200 0.000000 0.000000 0.000000 1.000000
0.984961 -0.129936 0.113880 -2.681700 0.170365 0.840146 -0.514908 2.466100 -0.028771 0.526565 0.849648 1.576200 0.000000 0.000000 0.000000 1.000000
0.976581 -0.161749 0.141870 -2.681700 0.211771 0.839070 -0.501113 2.466100 -0.037984 0.519422 0.853673 1.576200 0.000000 0.000000 0.000000 1.000000
0.964592 -0.199073 0.173008 -2.681700 0.259223 0.836533 -0.482717 2.466100 -0.048631 0.510473 0.858517 1.576200 0.000000 0.000000 0.000000 1.000000
0.948876 -0.239921 0.205117 -2.681700 0.309836 0.832089 -0.460032 2.466100 -0.060304 0.500066 0.863885 1.576200 0.000000 0.000000 0.000000 1.000000
0.929791 -0.282277 0.236238 -2.681700 0.360862 0.825577 -0.433822 2.466100 -0.072575 0.488613 0.869477 1.576200 0.000000 0.000000 0.000000 1.000000
0.908205 -0.324136 0.264763 -2.681700 0.409808 0.817171 -0.405326 2.466100 -0.084976 0.476621 0.874992 1.576200 0.000000 0.000000 0.000000 1.000000
0.885443 -0.363550 0.289519 -2.681700 0.454513 0.807400 -0.376195 2.466100 -0.096993 0.464689 0.880146 1.576200 0.000000 0.000000 0.000000 1.000000
0.863182 -0.398673 0.309802 -2.681700 0.493195 0.797111 -0.348385 2.466100 -0.108054 0.453513 0.884675 1.576200 0.000000 0.000000 0.000000 1.000000
0.843313 -0.427773 0.325321 -2.681700 0.524410 0.787400 -0.324030 2.466100 -0.117547 0.443860 0.888353 1.576200 0.000000 0.000000 0.000000 1.000000
0.827804 -0.449221 0.336068 -2.681700 0.546957 0.779504 -0.305307 2.466100 -0.124816 0.436548 0.890981 1.576200 0.000000 0.000000 0.000000 1.000000
0.817100 -0.463432 0.342898 -2.681700 0.561693 0.773904 -0.292530 2.466100 -0.129802 0.431629 0.892663 1.576200 0.000000 0.000000 0.000000 1.000000
0.810066 -0.472534 0.347137 -2.681700 0.571040 0.770163 -0.284188 2.466100 -0.133064 0.428440 0.893719 1.576200 0.000000 0.000000 0.000000 1.000000
0.806172 -0.477480 0.349428 -2.681700 0.576102 0.768069 -0.279600 2.466100 -0.134882 0.426712 0.894273 1.576200 0.000000 0.000000 0.000000 1.000000
0.804794 -0.479182 0.350272 -2.681700 0.577867 0.767322 -0.278004 2.466100 -0.135557 0.426147 0.894440 1.576200 0.000000 0.000000 0.000000 1.000000
0.805261 -0.478532 0.350087 -2.681700 0.577253 0.767570 -0.278596 2.466100 -0.135399 0.426432 0.894328 1.576200 0.000000 0.000000 0.000000 1.000000
0.806879 -0.476411 0.349255 -2.681700 0.575150 0.768435 -0.280555 2.466100 -0.134720 0.427248 0.894041 1.576200 0.000000 0.000000 0.000000 1.000000
0.808950 -0.473699 0.348152 -2.681700 0.572441 0.769540 -0.283053 2.466100 -0.133835 0.428273 0.893684 1.576200 0.000000 0.000000 0.000000 1.000000
0.810784 -0.471277 0.347169 -2.681700 0.570022 0.770515 -0.285275 2.466100 -0.133055 0.429191 0.893360 1.576200 0.000000 0.000000 0.000000 1.000000
0.811703 -0.470034 0.346709 -2.681700 0.568799 0.770999 -0.286406 2.466100 -0.132691 0.429684 0.893177 1.576200 0.000000 0.000000 0.000000 1.000000
0.811024 -0.470858 0.347179 -2.681700 0.569682 0.770632 -0.285638 2.466100 -0.133052 0.429440 0.893240 1.576200 0.000000 0.000000 0.000000 1.000000</float_array>
        <technique_common>
          <accessor source="#mixamorig_LeftHandThumb1-Matrix-animation-output-transform-array" count="69" stride="16">
            <param type="float4x4"/>
          </accessor>
        </technique_common>
      </source>
      <source id="mixamorig_LeftHandThumb1-Interpolations">
        <Name_array id="mixamorig_LeftHandThumb1-Interpolations-array" count="69">
 LINEAR LINEAR LINEAR LINEAR LINEAR LINEAR LINEAR LINEAR LINEAR LINEAR LINEAR
LINEAR LINEAR LINEAR LINEAR LINEAR LINEAR LINEAR LINEAR LINEAR LINEAR LINEAR LINEAR
LINEAR LINEAR LINEAR LINEAR LINEAR LINEAR LINEAR LINEAR LINEAR LINEAR LINEAR LINEAR
LINEAR LINEAR LINEAR LINEAR LINEAR LINEAR LINEAR LINEAR LINEAR LINEAR LINEAR LINEAR
LINEAR LINEAR LINEAR LINEAR LINEAR LINEAR LINEAR LINEAR LINEAR LINEAR LINEAR LINEAR
LINEAR LINEAR LINEAR LINEAR LINEAR LINEAR LINEAR LINEAR LINEAR LINEAR</Name_array>
        <technique_common>
          <accessor source="#mixamorig_LeftHandThumb1-Interpolations-array" count="69">
            <param type="name"/>
          </accessor>
        </technique_common>
      </source>
      <sampler id="mixamorig_LeftHandThumb1-Matrix-animation-transform">
        <input semantic="INPUT" source="#mixamorig_LeftHandThumb1-Matrix-animation-input"/>
        <input semantic="OUTPUT" source="#mixamorig_LeftHandThumb1-Matrix-animation-output-transform"/>
        <input semantic="INTERPOLATION" source="#mixamorig_LeftHandThumb1-Interpolations"/>
      </sampler>
      <channel source="#mixamorig_LeftHandThumb1-Matrix-animation-transform" target="mixamorig_LeftHandThumb1/matrix"/>
    </animation>
    <animation id="mixamorig_LeftHandThumb2-anim" name="mixamorig_LeftHandThumb2">
      <source id="mixamorig_LeftHandThumb2-Matrix-animation-input">
        <float_array id="mixamorig_LeftHandThumb2-Matrix-animation-input-array" count="69">

0.000000 0.033333 0.066667 0.100000 0.133333 0.166667 0.200000 0.233333 0.266667 0.300000 0.333333 0.366667 0.400000 0.433333 0.466667 0.500000
0.533333 0.566667 0.600000 0.633333 0.666667 0.700000 0.733333 0.766667 0.800000 0.833333 0.866667 0.900000 0.933333 0.966667 1.000000 1.033333
1.066667 1.100000 1.133333 1.166667 1.200000 1.233333 1.266667 1.300000 1.333333 1.366667 1.400000 1.433333 1.466667 1.500000 1.533333 1.566667
1.600000 1.633333 1.666667 1.700000 1.733333 1.766667 1.800000 1.833333 1.866667 1.900000 1.933333 1.966667 2.000000 2.033333 2.066667 2.100000
2.133333 2.166667 2.200000 2.233333 2.266667</float_array>
        <technique_common>
          <accessor source="#mixamorig_LeftHandThumb2-Matrix-animation-input-array" count="69">
            <param name="TIME" type="float"/>
          </accessor>
        </technique_common>
      </source>
      <source id="mixamorig_LeftHandThumb2-Matrix-animation-output-transform">
        <float_array id="mixamorig_LeftHandThumb2-Matrix-animation-output-transform-array" count="1104">

0.972866 0.143187 -0.181737 -0.000000 -0.156559 0.985757 -0.061426 4.187100 0.170353 0.088212 0.981427 0.000000 0.000000 0.000000 0.000000 1.000000
0.973191 0.142808 -0.180293 -0.000000 -0.155913 0.985906 -0.060668 4.187100 0.169088 0.087151 0.981740 0.000000 0.000000 0.000000 0.000000 1.000000
0.973521 0.143659 -0.177819 0.000000 -0.156354 0.985907 -0.059497 4.187100 0.166765 0.085724 0.982263 0.000000 0.000000 0.000000 0.000000 1.000000
0.973846 0.145172 -0.174784 0.000000 -0.157388 0.985826 -0.058109 4.187100 0.163870 0.084098 0.982891 0.000000 0.000000 0.000000 0.000000 1.000000
0.974160 0.146780 -0.171663 0.000000 -0.158515 0.985727 -0.056698 4.187100 0.160890 0.082444 0.983523 0.000000 0.000000 0.000000 0.000000 1.000000
0.974465 0.147914 -0.168936 0.000000 -0.159230 0.985683 -0.055447 4.187100 0.158316 0.080931 0.984066 0.000000 0.000000 0.000000 0.000000 1.000000
0.974769 0.148007 -0.167089 0.000000 -0.159025 0.985767 -0.054533 4.187100 0.156640 0.079729 0.984433 0.000000 0.000000 0.000000 0.000000 1.000000
0.975081 0.146492 -0.166605 -0.000000 -0.157389 0.986052 -0.054133 4.187100 0.156351 0.079006 0.984537 0.000000 0.000000 0.000000 0.000000 1.000000
0.975395 0.142799 -0.167966 0.000000 -0.153814 0.986599 -0.054438 4.187100 0.157941 0.078934 0.984289 0.000000 0.000000 0.000000 0.000000 1.000000
0.975678 0.136357 -0.171637 0.000000 -0.147795 0.987450 -0.055665 4.187100 0.161893 0.079678 0.983586 -0.000000 0.000000 0.000000 0.000000 1.000000
0.975809 0.126050 -0.178629 -0.000000 -0.138420 0.988643 -0.058517 4.187100 0.169225 0.081827 0.982175 0.000000 0.000000 0.000000 0.000000 1.000000
0.975387 0.109186 -0.191568 -0.000000 -0.123667 0.990172 -0.065308 4.187100 0.182555 0.087391 0.979304 0.000000 0.000000 0.000000 0.000000 1.000000
0.974115 0.087531 -0.208419 0.000000 -0.105201 0.991600 -0.075245 4.187100 0.200082 0.095223 0.975141 -0.000000 0.000000 0.000000 0.000000 1.000000
0.971920 0.063545 -0.226571 0.000000 -0.085138 0.992578 -0.086834 4.187100 0.219372 0.103685 0.970116 0.000000 0.000000 0.000000 0.000000 1.000000
0.969046 0.039713 -0.243664 0.000000 -0.065403 0.993009 -0.098262 4.187100 0.238058 0.111157 0.964869 0.000000 0.000000 0.000000 0.000000 1.000000
0.966062 0.018522 -0.257645 0.000000 -0.047683 0.993072 -0.107401 4.187100 0.253870 0.116041 0.960252 0.000000 0.000000 0.000000 0.000000 1.000000
0.963772 0.002449 -0.266715 0.000000 -0.033484 0.993158 -0.111872 4.187100 0.264616 0.116750 0.957261 -0.000000 0.000000 0.000000 0.000000 1.000000
0.963094 -0.002203 -0.269157 0.000000 -0.027976 0.993731 -0.108240 4.187100 0.267708 0.111775 0.956995 0.000000 0.000000 0.000000 0.000000 1.000000
0.964503 -0.001430 -0.264069 0.000000 -0.024825 0.995066 -0.096062 4.187100 0.262903 0.099208 0.959708 0.000000 0.000000 0.000000 0.000000 1.000000
0.967576 -0.000193 -0.252581 -0.000000 -0.019914 0.996829 -0.077047 4.187100 0.251795 0.079579 0.964503 0.000000 0.000000 0.000000 0.000000 1.000000
0.971746 0.010226 -0.235807 0.000000 -0.022853 0.998444 -0.050875 4.187100 0.234920 0.054827 0.970467 0.000000 0.000000 0.000000 0.000000 1.000000
0.976340 0.024391 -0.214861 0.000000 -0.029554 0.999346 -0.020849 4.187100 0.214212 0.026705 0.976422 0.000000 0.000000 0.000000 0.000000 1.000000
0.980743 0.040595 -0.191038 0.000000 -0.039283 0.999171 0.010650 4.187100 0.191312 -0.002941 0.981525 0.000000 0.000000 0.000000 0.000000 1.000000
0.984469 0.057419 -0.165904 0.000000 -0.051223 0.997829 0.041390 4.187100 0.167920 -0.032249 0.985273 0.000000 0.000000 0.000000 0.000000 1.000000
0.987223 0.073407 -0.141432 -0.000000 -0.064114 0.995542 0.069181 4.187100 0.145880 -0.059229 0.987528 0.000000 0.000000 0.000000 0.000000 1.000000
0.988988 0.087398 -0.119429 0.000000 -0.076552 0.992759 0.092571 4.187100 0.126655 -0.082409 0.988518 0.000000 0.000000 0.000000 0.000000 1.000000
0.989899 0.097917 -0.102527 0.000000 -0.086600 0.990201 0.109557 4.187100 0.112250 -0.099571 0.988679 0.000000 0.000000 0.000000 0.000000 1.000000
0.990176 0.102430 -0.095183 -0.000000 -0.091091 0.988983 0.116680 4.187100 0.106086 -0.106864 0.988598 0.000000 0.000000 0.000000 0.000000 1.000000
0.990282 0.104569 -0.091689 0.000000 -0.093257 0.988383 0.120009 4.187100 0.103173 -0.110293 0.988530 0.000000 0.000000 0.000000 0.000000 1.000000
0.990350 0.106116 -0.089140 0.000000 -0.094838 0.987936 0.122427 4.187100 0.101056 -0.112792 0.988466 0.000000 0.000000 0.000000 0.000000 1.000000
0.990402 0.107448 -0.086938 -0.000000 -0.096209 0.987544 0.124506 4.187100 0.099233 -0.114947 0.988403 0.000000 0.000000 0.000000 0.000000 1.000000
0.990442 0.108577 -0.085064 -0.000000 -0.097378 0.987205 0.126265 4.187100 0.097685 -0.116775 0.988343 0.000000 0.000000 0.000000 0.000000 1.000000
0.990472 0.109515 -0.083503 -0.000000 -0.098354 0.986921 0.127725 4.187100 0.096398 -0.118296 0.988288 0.000000 0.000000 0.000000 0.000000 1.000000
0.990493 0.110275 -0.082237 0.000000 -0.099149 0.986688 0.128905 4.187100 0.095357 -0.119526 0.988241 0.000000 0.000000 0.000000 0.000000 1.000000
0.990509 0.110866 -0.081247 -0.000000 -0.099769 0.986505 0.129825 4.187100 0.094544 -0.120487 0.988203 0.000000 0.000000 0.000000 0.000000 1.000000
0.990519 0.111303 -0.080517 0.000000 -0.100228 0.986369 0.130503 4.187100 0.093945 -0.121196 0.988173 0.000000 0.000000 0.000000 0.000000 1.000000
0.990526 0.111595 -0.080028 0.000000 -0.100536 0.986277 0.130956 4.187100 0.093544 -0.121669 0.988153 -0.000000 0.000000 0.000000 0.000000 1.000000
0.990535 0.111697 -0.079771 0.000000 -0.100645 0.986233 0.131208 4.187100 0.093328 -0.121938 0.988140 0.000000 0.000000 0.000000 0.000000 1.000000
0.990537 0.111698 -0.079746 0.000000 -0.100645 0.986226 0.131259 4.187100 0.093309 -0.121991 0.988135 0.000000 0.000000 0.000000 0.000000 1.000000
0.990534 0.111671 -0.079826 0.000000 -0.100617 0.986243 0.131156 4.187100 0.093374 -0.121882 0.988143 0.000000 0.000000 0.000000 0.000000 1.000000
0.990525 0.111551 -0.080101 0.000000 -0.100490 0.986291 0.130888 4.187100 0.093603 -0.121599 0.988156 0.000000 0.000000 0.000000 0.000000 1.000000
0.990519 0.111294 -0.080531 0.000000 -0.100219 0.986372 0.130489 4.187100 0.093956 -0.121181 0.988174 0.000000 0.000000 0.000000 0.000000 1.000000
0.990511 0.110961 -0.081089 0.000000 -0.099869 0.986475 0.129972 4.187100 0.094414 -0.120640 0.988196 -0.000000 0.000000 0.000000 0.000000 1.000000
0.990501 0.110564 -0.081753 0.000000 -0.099452 0.986599 0.129354 4.187100 0.094959 -0.119995 0.988223 0.000000 0.000000 0.000000 0.000000 1.000000
0.990489 0.110113 -0.082506 0.000000 -0.098979 0.986738 0.128655 4.187100 0.095578 -0.119264 0.988251 0.000000 0.000000 0.000000 0.000000 1.000000
0.990475 0.109620 -0.083328 0.000000 -0.098464 0.986889 0.127888 4.187100 0.096254 -0.118465 0.988282 -0.000000 0.000000 0.000000 0.000000 1.000000
0.990459 0.109097 -0.084199 0.000000 -0.097919 0.987048 0.127074 4.187100 0.096972 -0.117617 0.988313 0.000000 0.000000 0.000000 0.000000 1.000000
0.990441 0.108554 -0.085101 0.000000 -0.097354 0.987212 0.126230 4.187100 0.097716 -0.116738 0.988344 0.000000 0.000000 0.000000 0.000000 1.000000
0.990422 0.108004 -0.086016 0.000000 -0.096784 0.987378 0.125372 4.187100 0.098471 -0.115847 0.988374 0.000000 0.000000 0.000000 0.000000 1.000000
0.990403 0.107457 -0.086923 0.000000 -0.096218 0.987541 0.124520 4.187100 0.099220 -0.114961 0.988402 0.000000 0.000000 0.000000 0.000000 1.000000
0.990383 0.106925 -0.087803 0.000000 -0.095669 0.987698 0.123691 4.187100 0.099949 -0.114101 0.988429 -0.000000 0.000000 0.000000 0.000000 1.000000
0.990363 0.106420 -0.088639 -0.000000 -0.095149 0.987847 0.122901 4.187100 0.100641 -0.113283 0.988453 -0.000000 0.000000 0.000000 0.000000 1.000000
0.990343 0.105952 -0.089411 -0.000000 -0.094670 0.987984 0.122171 4.187100 0.101281 -0.112527 0.988474 0.000000 0.000000 0.000000 0.000000 1.000000
0.990325 0.105534 -0.090102 -0.000000 -0.094241 0.988105 0.121516 4.187100 0.101854 -0.111849 0.988491 0.000000 0.000000 0.000000 0.000000 1.000000
0.990310 0.105176 -0.090691 0.000000 -0.093876 0.988209 0.120958 4.187100 0.102344 -0.111272 0.988506 0.000000 0.000000 0.000000 0.000000 1.000000
0.990297 0.104891 -0.091160 -0.000000 -0.093585 0.988291 0.120512 4.187100 0.102734 -0.110811 0.988517 0.000000 0.000000 0.000000 0.000000 1.000000
0.990288 0.104690 -0.091491 0.000000 -0.093380 0.988349 0.120197 4.187100 0.103008 -0.110486 0.988525 0.000000 0.000000 0.000000 0.000000 1.000000
0.990283 0.104590 -0.091660 0.000000 -0.093279 0.988379 0.120029 4.187100 0.103149 -0.110313 0.988530 0.000000 0.000000 0.000000 0.000000 1.000000
0.990282 0.104569 -0.091689 0.000000 -0.093257 0.988383 0.120009 4.187100 0.103173 -0.110292 0.988530 0.000000 0.000000 0.000000 0.000000 1.000000
0.990058 0.105322 -0.093229 0.000000 -0.094211 0.988715 0.116477 4.187100 0.104444 -0.106536 0.988808 0.000000 0.000000 0.000000 0.000000 1.000000
0.989415 0.107421 -0.097561 0.000000 -0.096922 0.989563 0.106635 4.187100 0.107998 -0.096050 0.989500 0.000000 0.000000 0.000000 0.000000 1.000000
0.988376 0.110627 -0.104284 0.000000 -0.101212 0.990637 0.091626 4.187100 0.113444 -0.080006 0.990318 0.000000 0.000000 0.000000 0.000000 1.000000
0.986952 0.114697 -0.113009 -0.000000 -0.106925 0.991613 0.072605 4.187100 0.120389 -0.059574 0.990938 0.000000 0.000000 0.000000 0.000000 1.000000
0.985159 0.119377 -0.123334 0.000000 -0.113879 0.992198 0.050736 4.187100 0.128429 -0.035937 0.991067 0.000000 0.000000 0.000000 0.000000 1.000000
0.983028 0.124416 -0.134822 0.000000 -0.121846 0.992177 0.027182 4.187100 0.137149 -0.010293 0.990497 0.000000 0.000000 0.000000 0.000000 1.000000
0.980618 0.129557 -0.146978 0.000000 -0.130523 0.991440 0.003091 4.187100 0.146120 0.016153 0.989135 -0.000000 0.000000 0.000000 0.000000 1.000000
0.978025 0.134551 -0.159258 0.000000 -0.139525 0.990008 -0.020416 4.187100 0.154920 0.042188 0.987026 -0.000000 0.000000 0.000000 0.000000 1.000000
0.975382 0.139167 -0.171062 0.000000 -0.148383 0.988026 -0.042265 4.187100 0.163132 0.066607 0.984353 0.000000 0.000000 0.000000 0.000000 1.000000
0.972867 0.143187 -0.181736 -0.000000 -0.156558 0.985757 -0.061427 4.187100 0.170352 0.088212 0.981427 0.000000 0.000000 0.000000 0.000000 1.000000</float_array>
        <technique_common>
          <accessor source="#mixamorig_LeftHandThumb2-Matrix-animation-output-transform-array" count="69" stride="16">
            <param type="float4x4"/>
          </accessor>
        </technique_common>
      </source>
      <source id="mixamorig_LeftHandThumb2-Interpolations">
        <Name_array id="mixamorig_LeftHandThumb2-Interpolations-array" count="69">
 LINEAR LINEAR LINEAR LINEAR LINEAR LINEAR LINEAR LINEAR LINEAR LINEAR LINEAR
LINEAR LINEAR LINEAR LINEAR LINEAR LINEAR LINEAR LINEAR LINEAR LINEAR LINEAR LINEAR
LINEAR LINEAR LINEAR LINEAR LINEAR LINEAR LINEAR LINEAR LINEAR LINEAR LINEAR LINEAR
LINEAR LINEAR LINEAR LINEAR LINEAR LINEAR LINEAR LINEAR LINEAR LINEAR LINEAR LINEAR
LINEAR LINEAR LINEAR LINEAR LINEAR LINEAR LINEAR LINEAR LINEAR LINEAR LINEAR LINEAR
LINEAR LINEAR LINEAR LINEAR LINEAR LINEAR LINEAR LINEAR LINEAR LINEAR</Name_array>
        <technique_common>
          <accessor source="#mixamorig_LeftHandThumb2-Interpolations-array" count="69">
            <param type="name"/>
          </accessor>
        </technique_common>
      </source>
      <sampler id="mixamorig_LeftHandThumb2-Matrix-animation-transform">
        <input semantic="INPUT" source="#mixamorig_LeftHandThumb2-Matrix-animation-input"/>
        <input semantic="OUTPUT" source="#mixamorig_LeftHandThumb2-Matrix-animation-output-transform"/>
        <input semantic="INTERPOLATION" source="#mixamorig_LeftHandThumb2-Interpolations"/>
      </sampler>
      <channel source="#mixamorig_LeftHandThumb2-Matrix-animation-transform" target="mixamorig_LeftHandThumb2/matrix"/>
    </animation>
    <animation id="mixamorig_LeftHandThumb3-anim" name="mixamorig_LeftHandThumb3">
      <source id="mixamorig_LeftHandThumb3-Matrix-animation-input">
        <float_array id="mixamorig_LeftHandThumb3-Matrix-animation-input-array" count="69">

0.000000 0.033333 0.066667 0.100000 0.133333 0.166667 0.200000 0.233333 0.266667 0.300000 0.333333 0.366667 0.400000 0.433333 0.466667 0.500000
0.533333 0.566667 0.600000 0.633333 0.666667 0.700000 0.733333 0.766667 0.800000 0.833333 0.866667 0.900000 0.933333 0.966667 1.000000 1.033333
1.066667 1.100000 1.133333 1.166667 1.200000 1.233333 1.266667 1.300000 1.333333 1.366667 1.400000 1.433333 1.466667 1.500000 1.533333 1.566667
1.600000 1.633333 1.666667 1.700000 1.733333 1.766667 1.800000 1.833333 1.866667 1.900000 1.933333 1.966667 2.000000 2.033333 2.066667 2.100000
2.133333 2.166667 2.200000 2.233333 2.266667</float_array>
        <technique_common>
          <accessor source="#mixamorig_LeftHandThumb3-Matrix-animation-input-array" count="69">
            <param name="TIME" type="float"/>
          </accessor>
        </technique_common>
      </source>
      <source id="mixamorig_LeftHandThumb3-Matrix-animation-output-transform">
        <float_array id="mixamorig_LeftHandThumb3-Matrix-animation-output-transform-array" count="1104">

0.984186 0.176995 0.007060 0.000000 -0.176904 0.984156 -0.011934 3.418400 -0.009061 0.010496 0.999904 -0.000000 0.000000 0.000000 0.000000 1.000000
0.985460 0.169775 0.006716 -0.000000 -0.169678 0.985414 -0.012993 3.418400 -0.008824 0.011664 0.999893 0.000000 0.000000 0.000000 0.000000 1.000000
0.986287 0.164891 0.007032 0.000000 -0.164774 0.986220 -0.014823 3.418400 -0.009379 0.013461 0.999865 0.000000 0.000000 0.000000 0.000000 1.000000
0.986881 0.161266 0.007711 0.000000 -0.161117 0.986788 -0.017062 3.418400 -0.010360 0.015596 0.999825 0.000000 0.000000 0.000000 0.000000 1.000000
0.987432 0.157819 0.008455 0.000000 -0.157633 0.987308 -0.019357 3.418400 -0.011403 0.017781 0.999777 -0.000000 0.000000 0.000000 0.000000 1.000000
0.988113 0.153467 0.008971 0.000000 -0.153249 0.987957 -0.021351 3.418400 -0.012140 0.019723 0.999732 0.000000 0.000000 0.000000 0.000000 1.000000
0.989078 0.147122 0.008961 -0.000000 -0.146889 0.988892 -0.022697 3.418400 -0.012201 0.021133 0.999702 0.000000 0.000000 0.000000 0.000000 1.000000
0.990441 0.137695 0.008123 0.000000 -0.137478 0.990236 -0.023060 3.418400 -0.011219 0.021723 0.999701 0.000000 0.000000 0.000000 0.000000 1.000000
0.992253 0.124083 0.006125 0.000000 -0.123920 0.992045 -0.022132 3.418400 -0.008822 0.021201 0.999736 0.000000 0.000000 0.000000 0.000000 1.000000
0.994451 0.105174 0.002579 0.000000 -0.105103 0.994267 -0.019661 3.418400 -0.004632 0.019281 0.999803 0.000000 0.000000 0.000000 0.000000 1.000000
0.996878 0.078861 -0.003816 0.000000 -0.078911 0.996765 -0.015271 3.418400 0.002599 0.015525 0.999876 0.000000 0.000000 0.000000 0.000000 1.000000
0.999039 0.040223 -0.017419 0.000000 -0.040375 0.999149 -0.008472 3.418400 0.017064 0.009167 0.999812 0.000000 0.000000 0.000000 0.000000 1.000000
0.999308 -0.007436 -0.036457 0.000000 0.007400 0.999972 -0.001103 3.418400 0.036464 0.000833 0.999335 0.000000 0.000000 0.000000 0.000000 1.000000
0.996551 -0.059475 -0.057877 -0.000000 0.059877 0.998192 0.005219 3.418400 0.057462 -0.008667 0.998310 0.000000 0.000000 0.000000 0.000000 1.000000
0.990712 -0.111193 -0.078270 -0.000000 0.112296 0.993626 0.009819 3.418400 0.076679 -0.018517 0.996884 0.000000 0.000000 0.000000 0.000000 1.000000
0.982962 -0.157950 -0.094007 -0.000000 0.159860 0.987053 0.013100 3.418400 0.090721 -0.027905 0.995485 0.000000 0.000000 0.000000 0.000000 1.000000
0.975493 -0.195275 -0.101391 -0.000000 0.197894 0.980087 0.016343 3.418400 0.096181 -0.036007 0.994712 0.000000 0.000000 0.000000 0.000000 1.000000
0.970946 -0.218892 -0.096699 0.000000 0.221878 0.974845 0.021153 3.418400 0.089637 -0.041994 0.995089 0.000000 0.000000 0.000000 0.000000 1.000000
0.970465 -0.228766 -0.076578 0.000000 0.231530 0.972387 0.029288 3.418400 0.067764 -0.046153 0.996633 0.000000 0.000000 0.000000 0.000000 1.000000
0.972506 -0.228988 -0.042388 -0.000000 0.230686 0.972175 0.040740 3.418400 0.031879 -0.049399 0.998270 0.000000 0.000000 0.000000 0.000000 1.000000
0.975159 -0.221493 0.002590 -0.000000 0.221038 0.973783 0.053748 3.418400 -0.014427 -0.051840 0.998551 0.000000 0.000000 0.000000 0.000000 1.000000
0.976547 -0.208178 0.054933 0.000000 0.204460 0.976622 0.066379 3.418400 -0.067467 -0.053591 0.996281 0.000000 0.000000 0.000000 0.000000 1.000000
0.975310 -0.190932 0.110976 -0.000000 0.183105 0.980075 0.076984 3.418400 -0.123463 -0.054763 0.990837 -0.000000 0.000000 0.000000 0.000000 1.000000
0.970919 -0.171666 0.166875 0.000000 0.159380 0.983592 0.084524 3.418400 -0.178646 -0.055469 0.982349 0.000000 0.000000 0.000000 0.000000 1.000000
0.963866 -0.152378 0.218504 0.000000 0.135885 0.986745 0.088708 3.418400 -0.229125 -0.055811 0.971796 0.000000 0.000000 0.000000 0.000000 1.000000
0.955382 -0.134850 0.262794 0.000000 0.114846 0.989287 0.090122 3.418400 -0.272131 -0.055920 0.960634 -0.000000 0.000000 0.000000 0.000000 1.000000
0.947622 -0.121247 0.295484 0.000000 0.098808 0.991048 0.089781 3.418400 -0.303725 -0.055883 0.951120 0.000000 0.000000 0.000000 0.000000 1.000000
0.943939 -0.115292 0.309334 -0.000000 0.091876 0.991760 0.089278 3.418400 -0.317078 -0.055853 0.946754 0.000000 0.000000 0.000000 0.000000 1.000000
0.942127 -0.112434 0.315840 0.000000 0.088583 0.992091 0.088934 3.418400 -0.323341 -0.055809 0.944635 0.000000 0.000000 0.000000 0.000000 1.000000
0.940773 -0.110378 0.320567 0.000000 0.086197 0.992321 0.088712 3.418400 -0.327897 -0.055826 0.943062 -0.000000 0.000000 0.000000 0.000000 1.000000
0.939583 -0.108605 0.324638 0.000000 0.084146 0.992516 0.088498 3.418400 -0.331819 -0.055834 0.941689 -0.000000 0.000000 0.000000 0.000000 1.000000
0.938557 -0.107100 0.328087 0.000000 0.082404 0.992678 0.088314 3.418400 -0.335143 -0.055852 0.940510 -0.000000 0.000000 0.000000 0.000000 1.000000
0.937693 -0.105849 0.330950 -0.000000 0.080950 0.992810 0.088176 3.418400 -0.337903 -0.055891 0.939520 0.000000 0.000000 0.000000 0.000000 1.000000
0.936986 -0.104836 0.333266 0.000000 0.079774 0.992916 0.088056 3.418400 -0.340137 -0.055922 0.938712 0.000000 0.000000 0.000000 0.000000 1.000000
0.936430 -0.104048 0.335071 0.000000 0.078857 0.992997 0.087966 3.418400 -0.341878 -0.055951 0.938077 0.000000 0.000000 0.000000 0.000000 1.000000
0.936017 -0.103453 0.336407 -0.000000 0.078187 0.993061 0.087841 3.418400 -0.343161 -0.055918 0.937611 0.000000 0.000000 0.000000 0.000000 1.000000
0.935738 -0.103049 0.337305 0.000000 0.077741 0.993106 0.087733 3.418400 -0.344021 -0.055873 0.937298 0.000000 0.000000 0.000000 0.000000 1.000000
0.935586 -0.102829 0.337794 -0.000000 0.077499 0.993130 0.087675 3.418400 -0.344489 -0.055849 0.937128 0.000000 0.000000 0.000000 0.000000 1.000000
0.935546 -0.102816 0.337909 -0.000000 0.077475 0.993131 0.087680 3.418400 -0.344603 -0.055849 0.937086 -0.000000 0.000000 0.000000 0.000000 1.000000
0.935617 -0.102881 0.337693 -0.000000 0.077552 0.993124 0.087697 3.418400 -0.344393 -0.055862 0.937162 0.000000 0.000000 0.000000 0.000000 1.000000
0.935779 -0.103120 0.337170 0.000000 0.077813 0.993097 0.087768 3.418400 -0.343893 -0.055895 0.937344 0.000000 0.000000 0.000000 0.000000 1.000000
0.936024 -0.103472 0.336382 0.000000 0.078210 0.993060 0.087838 3.418400 -0.343137 -0.055910 0.937620 0.000000 0.000000 0.000000 0.000000 1.000000
0.936339 -0.103916 0.335366 -0.000000 0.078724 0.993014 0.087898 3.418400 -0.342157 -0.055901 0.937979 -0.000000 0.000000 0.000000 0.000000 1.000000
0.936714 -0.104449 0.334151 0.000000 0.079335 0.992958 0.087981 3.418400 -0.340987 -0.055903 0.938404 0.000000 0.000000 0.000000 0.000000 1.000000
0.937137 -0.105050 0.332775 0.000000 0.080030 0.992895 0.088062 3.418400 -0.339662 -0.055894 0.938885 0.000000 0.000000 0.000000 0.000000 1.000000
0.937595 -0.105709 0.331271 0.000000 0.080790 0.992825 0.088152 3.418400 -0.338212 -0.055888 0.939409 -0.000000 0.000000 0.000000 0.000000 1.000000
0.938080 -0.106407 0.329673 0.000000 0.081598 0.992751 0.088240 3.418400 -0.336672 -0.055876 0.939963 -0.000000 0.000000 0.000000 0.000000 1.000000
0.938578 -0.107131 0.328016 -0.000000 0.082436 0.992674 0.088329 3.418400 -0.335076 -0.055863 0.940534 -0.000000 0.000000 0.000000 0.000000 1.000000
0.939080 -0.107864 0.326335 -0.000000 0.083286 0.992596 0.088415 3.418400 -0.333456 -0.055849 0.941110 -0.000000 0.000000 0.000000 0.000000 1.000000
0.939574 -0.108593 0.324665 -0.000000 0.084132 0.992517 0.088497 3.418400 -0.331846 -0.055835 0.941680 0.000000 0.000000 0.000000 0.000000 1.000000
0.940052 -0.109301 0.323041 0.000000 0.084954 0.992440 0.088575 3.418400 -0.330280 -0.055822 0.942231 0.000000 0.000000 0.000000 0.000000 1.000000
0.940503 -0.109973 0.321497 0.000000 0.085734 0.992366 0.088649 3.418400 -0.328792 -0.055812 0.942752 0.000000 0.000000 0.000000 0.000000 1.000000
0.940917 -0.110596 0.320068 -0.000000 0.086456 0.992298 0.088719 3.418400 -0.327414 -0.055805 0.943231 -0.000000 0.000000 0.000000 0.000000 1.000000
0.941286 -0.111152 0.318789 -0.000000 0.087100 0.992236 0.088781 3.418400 -0.326182 -0.055801 0.943658 0.000000 0.000000 0.000000 0.000000 1.000000
0.941599 -0.111627 0.317696 -0.000000 0.087652 0.992182 0.088833 3.418400 -0.325129 -0.055798 0.944022 0.000000 0.000000 0.000000 0.000000 1.000000
0.941848 -0.112009 0.316823 -0.000000 0.088090 0.992139 0.088885 3.418400 -0.324289 -0.055807 0.944311 0.000000 0.000000 0.000000 0.000000 1.000000
0.942023 -0.112276 0.316207 0.000000 0.088401 0.992109 0.088912 3.418400 -0.323694 -0.055804 0.944515 0.000000 0.000000 0.000000 0.000000 1.000000
0.942115 -0.112411 0.315883 0.000000 0.088560 0.992094 0.088921 3.418400 -0.323382 -0.055799 0.944622 0.000000 0.000000 0.000000 0.000000 1.000000
0.942127 -0.112434 0.315841 -0.000000 0.088586 0.992091 0.088923 3.418400 -0.323341 -0.055798 0.944636 0.000000 0.000000 0.000000 0.000000 1.000000
0.944459 -0.106960 0.310737 0.000000 0.084306 0.992766 0.085483 3.418400 -0.317633 -0.054538 0.946644 -0.000000 0.000000 0.000000 0.000000 1.000000
0.950689 -0.091668 0.296290 -0.000000 0.072154 0.994481 0.076160 3.418400 -0.301636 -0.051026 0.952057 0.000000 0.000000 0.000000 0.000000 1.000000
0.959411 -0.068241 0.273632 0.000000 0.053003 0.996623 0.062709 3.418400 -0.276987 -0.045660 0.959788 0.000000 0.000000 0.000000 0.000000 1.000000
0.969048 -0.038378 0.243872 0.000000 0.027704 0.998508 0.047049 3.418400 -0.245314 -0.038836 0.968665 -0.000000 0.000000 0.000000 0.000000 1.000000
0.978059 -0.003809 0.208293 0.000000 -0.002724 0.999514 0.031068 3.418400 -0.208310 -0.030954 0.977573 0.000000 0.000000 0.000000 0.000000 1.000000
0.985133 0.033691 0.168455 -0.000000 -0.036980 0.999181 0.016422 3.418400 -0.167763 -0.022407 0.985573 0.000000 0.000000 0.000000 0.000000 1.000000
0.989362 0.072314 0.126225 0.000000 -0.073451 0.997289 0.004369 3.418400 -0.125567 -0.013594 0.991992 0.000000 0.000000 0.000000 0.000000 1.000000
0.990370 0.110255 0.083729 0.000000 -0.110278 0.993891 -0.004369 3.418400 -0.083699 -0.004906 0.996479 0.000000 0.000000 0.000000 0.000000 1.000000
0.988379 0.145728 0.043238 0.000000 -0.145444 0.989319 -0.009657 3.418400 -0.044184 0.003256 0.999018 0.000000 0.000000 0.000000 0.000000 1.000000
0.984186 0.176995 0.007060 0.000000 -0.176904 0.984156 -0.011934 3.418400 -0.009060 0.010496 0.999904 0.000000 0.000000 0.000000 0.000000 1.000000</float_array>
        <technique_common>
          <accessor source="#mixamorig_LeftHandThumb3-Matrix-animation-output-transform-array" count="69" stride="16">
            <param type="float4x4"/>
          </accessor>
        </technique_common>
      </source>
      <source id="mixamorig_LeftHandThumb3-Interpolations">
        <Name_array id="mixamorig_LeftHandThumb3-Interpolations-array" count="69">
 LINEAR LINEAR LINEAR LINEAR LINEAR LINEAR LINEAR LINEAR LINEAR LINEAR LINEAR
LINEAR LINEAR LINEAR LINEAR LINEAR LINEAR LINEAR LINEAR LINEAR LINEAR LINEAR LINEAR
LINEAR LINEAR LINEAR LINEAR LINEAR LINEAR LINEAR LINEAR LINEAR LINEAR LINEAR LINEAR
LINEAR LINEAR LINEAR LINEAR LINEAR LINEAR LINEAR LINEAR LINEAR LINEAR LINEAR LINEAR
LINEAR LINEAR LINEAR LINEAR LINEAR LINEAR LINEAR LINEAR LINEAR LINEAR LINEAR LINEAR
LINEAR LINEAR LINEAR LINEAR LINEAR LINEAR LINEAR LINEAR LINEAR LINEAR</Name_array>
        <technique_common>
          <accessor source="#mixamorig_LeftHandThumb3-Interpolations-array" count="69">
            <param type="name"/>
          </accessor>
        </technique_common>
      </source>
      <sampler id="mixamorig_LeftHandThumb3-Matrix-animation-transform">
        <input semantic="INPUT" source="#mixamorig_LeftHandThumb3-Matrix-animation-input"/>
        <input semantic="OUTPUT" source="#mixamorig_LeftHandThumb3-Matrix-animation-output-transform"/>
        <input semantic="INTERPOLATION" source="#mixamorig_LeftHandThumb3-Interpolations"/>
      </sampler>
      <channel source="#mixamorig_LeftHandThumb3-Matrix-animation-transform" target="mixamorig_LeftHandThumb3/matrix"/>
    </animation>
    <animation id="mixamorig_LeftHandIndex1-anim" name="mixamorig_LeftHandIndex1">
      <source id="mixamorig_LeftHandIndex1-Matrix-animation-input">
        <float_array id="mixamorig_LeftHandIndex1-Matrix-animation-input-array" count="69">

0.000000 0.033333 0.066667 0.100000 0.133333 0.166667 0.200000 0.233333 0.266667 0.300000 0.333333 0.366667 0.400000 0.433333 0.466667 0.500000
0.533333 0.566667 0.600000 0.633333 0.666667 0.700000 0.733333 0.766667 0.800000 0.833333 0.866667 0.900000 0.933333 0.966667 1.000000 1.033333
1.066667 1.100000 1.133333 1.166667 1.200000 1.233333 1.266667 1.300000 1.333333 1.366667 1.400000 1.433333 1.466667 1.500000 1.533333 1.566667
1.600000 1.633333 1.666667 1.700000 1.733333 1.766667 1.800000 1.833333 1.866667 1.900000 1.933333 1.966667 2.000000 2.033333 2.066667 2.100000
2.133333 2.166667 2.200000 2.233333 2.266667</float_array>
        <technique_common>
          <accessor source="#mixamorig_LeftHandIndex1-Matrix-animation-input-array" count="69">
            <param name="TIME" type="float"/>
          </accessor>
        </technique_common>
      </source>
      <source id="mixamorig_LeftHandIndex1-Matrix-animation-output-transform">
        <float_array id="mixamorig_LeftHandIndex1-Matrix-animation-output-transform-array" count="1104">

0.994700 -0.100618 -0.021177 -2.259900 0.100569 0.994924 -0.003340 9.109300 0.021406 0.001193 0.999770 0.518000 0.000000 0.000000 0.000000 1.000000
0.994696 -0.101150 -0.018694 -2.259900 0.101108 0.994870 -0.003140 9.109300 0.018916 0.001234 0.999820 0.518000 0.000000 0.000000 0.000000 1.000000
0.994676 -0.102129 -0.013750 -2.259900 0.102073 0.994766 -0.004705 9.109300 0.014158 0.003277 0.999894 0.518000 0.000000 0.000000 0.000000 1.000000
0.994617 -0.103348 -0.007481 -2.259900 0.103294 0.994625 -0.007210 9.109300 0.008186 0.006399 0.999946 0.518000 0.000000 0.000000 0.000000 1.000000
0.994514 -0.104602 -0.001023 -2.259900 0.104587 0.994467 -0.009835 9.109300 0.002046 0.009674 0.999951 0.518000 0.000000 0.000000 0.000000 1.000000
0.994390 -0.105683 0.004487 -2.259900 0.105729 0.994325 -0.011770 9.109300 -0.003218 0.012178 0.999921 0.518000 0.000000 0.000000 0.000000 1.000000
0.994293 -0.106386 0.007913 -2.259900 0.106478 0.994240 -0.012215 9.109300 -0.006568 0.012988 0.999894 0.518000 0.000000 0.000000 0.000000 1.000000
0.994279 -0.106507 0.008122 -2.259900 0.106588 0.994249 -0.010374 9.109300 -0.006970 0.011181 0.999913 0.518000 0.000000 0.000000 0.000000 1.000000
0.994376 -0.105837 0.003978 -2.259900 0.105857 0.994366 -0.005441 9.109300 -0.003380 0.005831 0.999977 0.518000 0.000000 0.000000 0.000000 1.000000
0.994543 -0.104172 -0.005654 -2.259900 0.104192 0.994551 0.003416 9.109300 0.005267 -0.003987 0.999978 0.518000 0.000000 0.000000 0.000000 1.000000
0.994581 -0.101339 -0.023211 -2.259900 0.101772 0.994640 0.018284 9.109300 0.021233 -0.020547 0.999563 0.518000 0.000000 0.000000 0.000000 1.000000
0.993716 -0.097457 -0.055056 -2.259900 0.099985 0.993963 0.045180 9.109300 0.050320 -0.050401 0.997461 0.518000 0.000000 0.000000 0.000000 1.000000
0.990962 -0.092651 -0.097009 -2.259900 0.100596 0.991666 0.080488 9.109300 0.088743 -0.089519 0.992024 0.518000 0.000000 0.000000 0.000000 1.000000
0.985850 -0.087021 -0.143271 -2.259900 0.104442 0.987394 0.118936 9.109300 0.131115 -0.132217 0.982511 0.518000 0.000000 0.000000 0.000000 1.000000
0.978830 -0.080669 -0.188109 -2.259900 0.110746 0.981640 0.155301 9.109300 0.172127 -0.172845 0.969792 0.518000 0.000000 0.000000 0.000000 1.000000
0.971343 -0.073692 -0.225969 -2.259900 0.117005 0.975799 0.184735 9.109300 0.206886 -0.205880 0.956458 0.518000 0.000000 0.000000 0.000000 1.000000
0.965589 -0.066175 -0.251513 -2.259900 0.119453 0.971890 0.202882 9.109300 0.231017 -0.225945 0.946351 0.518000 0.000000 0.000000 0.000000 1.000000
0.963984 -0.058208 -0.259511 -2.259900 0.114019 0.971988 0.205522 9.109300 0.240279 -0.227709 0.943618 0.518000 0.000000 0.000000 0.000000 1.000000
0.967240 -0.049216 -0.249046 -2.259900 0.098939 0.976538 0.191272 9.109300 0.233789 -0.209647 0.949416 0.518000 0.000000 0.000000 0.000000 1.000000
0.973696 -0.038830 -0.224519 -2.259900 0.076794 0.983645 0.162926 9.109300 0.214521 -0.175882 0.960753 0.518000 0.000000 0.000000 0.000000 1.000000
0.981675 -0.027447 -0.188575 -2.259900 0.051164 0.991201 0.122077 9.109300 0.183565 -0.129488 0.974442 0.518000 0.000000 0.000000 0.000000 1.000000
0.989467 -0.015463 -0.143930 -2.259900 0.025869 0.997161 0.070710 9.109300 0.142428 -0.073689 0.987058 0.518000 0.000000 0.000000 0.000000 1.000000
0.995617 -0.003267 -0.093465 -2.259900 0.004367 0.999924 0.011568 9.109300 0.093420 -0.011925 0.995555 0.518000 0.000000 0.000000 0.000000 1.000000
0.999152 0.008762 -0.040233 -2.259900 -0.010842 0.998599 -0.051791 9.109300 0.039723 0.052184 0.997847 0.518000 0.000000 0.000000 0.000000 1.000000
0.999718 0.020212 0.012458 -2.259900 -0.018645 0.993181 -0.115085 9.109300 -0.014700 0.114820 0.993278 0.518000 0.000000 0.000000 0.000000 1.000000
0.997618 0.030792 0.061730 -2.259900 -0.019593 0.984475 -0.174427 9.109300 -0.066143 0.172802 0.982733 0.518000 0.000000 0.000000 0.000000 1.000000
0.993767 0.040025 0.104040 -2.259900 -0.015643 0.974154 -0.225342 9.109300 -0.110371 0.222310 0.968709 0.518000 0.000000 0.000000 0.000000 1.000000
0.989921 0.047074 0.133572 -2.259900 -0.010647 0.965211 -0.261254 9.109300 -0.141223 0.257198 0.955984 0.518000 0.000000 0.000000 0.000000 1.000000
0.986111 0.053217 0.157329 -2.259900 -0.005307 0.956889 -0.290404 9.109300 -0.166001 0.285536 0.943882 0.518000 0.000000 0.000000 0.000000 1.000000
0.983049 0.058365 0.173803 -2.259900 -0.001351 0.950257 -0.311465 9.109300 -0.183336 0.305950 0.934228 0.518000 0.000000 0.000000 0.000000 1.000000
0.980255 0.063204 0.187364 -2.259900 0.002079 0.944194 -0.329384 9.109300 -0.197727 0.323270 0.925419 0.518000 0.000000 0.000000 0.000000 1.000000
0.977819 0.067694 0.198209 -2.259900 0.004811 0.938822 -0.344370 9.109300 -0.209395 0.337685 0.917672 0.518000 0.000000 0.000000 0.000000 1.000000
0.975802 0.071801 0.206531 -2.259900 0.006737 0.934227 -0.356617 9.109300 -0.218552 0.349379 0.911136 0.518000 0.000000 0.000000 0.000000 1.000000
0.974237 0.075485 0.212519 -2.259900 0.007812 0.930463 -0.366303 9.109300 -0.225391 0.358527 0.905901 0.518000 0.000000 0.000000 0.000000 1.000000
0.973135 0.078711 0.216361 -2.259900 0.008038 0.927557 -0.373595 9.109300 -0.230093 0.365297 0.902006 0.518000 0.000000 0.000000 0.000000 1.000000
0.972490 0.081444 0.218242 -2.259900 0.007463 0.925514 -0.378639 9.109300 -0.232824 0.369851 0.899446 0.518000 0.000000 0.000000 0.000000 1.000000
0.972280 0.083647 0.218345 -2.259900 0.006168 0.924320 -0.381569 9.109300 -0.233737 0.372339 0.898182 0.518000 0.000000 0.000000 0.000000 1.000000
0.972473 0.085284 0.216848 -2.259900 0.004267 0.923941 -0.382512 9.109300 -0.232977 0.372907 0.898144 0.518000 0.000000 0.000000 0.000000 1.000000
0.973028 0.086319 0.213927 -2.259900 0.001894 0.924333 -0.381581 9.109300 -0.230678 0.371694 0.899239 0.518000 0.000000 0.000000 0.000000 1.000000
0.973899 0.086719 0.209762 -2.259900 -0.000797 0.925441 -0.378890 9.109300 -0.226980 0.368834 0.901356 0.518000 0.000000 0.000000 0.000000 1.000000
0.975036 0.086447 0.204526 -2.259900 -0.003639 0.927199 -0.374550 9.109300 -0.222015 0.364456 0.904368 0.518000 0.000000 0.000000 0.000000 1.000000
0.976389 0.085468 0.198393 -2.259900 -0.006456 0.929537 -0.368672 9.109300 -0.215924 0.358687 0.908141 0.518000 0.000000 0.000000 0.000000 1.000000
0.977905 0.083747 0.191541 -2.259900 -0.009067 0.932378 -0.361372 9.109300 -0.208852 0.351650 0.912536 0.518000 0.000000 0.000000 0.000000 1.000000
0.979536 0.081247 0.184142 -2.259900 -0.011290 0.935643 -0.352766 9.109300 -0.200953 0.343468 0.917414 0.518000 0.000000 0.000000 0.000000 1.000000
0.981233 0.077934 0.176374 -2.259900 -0.012949 0.939252 -0.342984 9.109300 -0.192390 0.334264 0.922634 0.518000 0.000000 0.000000 0.000000 1.000000
0.982952 0.073771 0.168412 -2.259900 -0.013872 0.943122 -0.332158 9.109300 -0.183336 0.324160 0.928067 0.518000 0.000000 0.000000 0.000000 1.000000
0.984652 0.068721 0.160433 -2.259900 -0.013897 0.947172 -0.320426 9.109300 -0.173978 0.313278 0.933589 0.518000 0.000000 0.000000 0.000000 1.000000
0.986292 0.062750 0.152615 -2.259900 -0.012877 0.951322 -0.307931 9.109300 -0.164509 0.301744 0.939088 0.518000 0.000000 0.000000 0.000000 1.000000
0.987940 0.055449 0.144567 -2.259900 -0.010632 0.955767 -0.293934 9.109300 -0.154471 0.288852 0.944830 0.518000 0.000000 0.000000 0.000000 1.000000
0.990063 0.044859 0.133279 -2.259900 -0.006726 0.961777 -0.273751 9.109300 -0.140465 0.270135 0.952521 0.518000 0.000000 0.000000 0.000000 1.000000
0.992409 0.031337 0.118922 -2.259900 -0.000882 0.968779 -0.247924 9.109300 -0.122979 0.245938 0.961453 0.518000 0.000000 0.000000 0.000000 1.000000
0.994633 0.015648 0.102276 -2.259900 0.007061 0.975928 -0.217980 9.109300 -0.103225 0.217532 0.970579 0.518000 0.000000 0.000000 0.000000 1.000000
0.996453 -0.001440 0.084137 -2.259900 0.017081 0.982500 -0.185477 9.109300 -0.082397 0.186257 0.979040 0.518000 0.000000 0.000000 0.000000 1.000000
0.997680 -0.019162 0.065319 -2.259900 0.028926 0.987959 -0.151985 9.109300 -0.061620 0.153522 0.986222 0.518000 0.000000 0.000000 0.000000 1.000000
0.998235 -0.036750 0.046646 -2.259900 0.042083 0.991997 -0.119046 9.109300 -0.041898 0.120799 0.991792 0.518000 0.000000 0.000000 0.000000 1.000000
0.998152 -0.053439 0.028939 -2.259900 0.055801 0.994544 -0.088138 9.109300 -0.024071 0.089590 0.995688 0.518000 0.000000 0.000000 0.000000 1.000000
0.997568 -0.068469 0.013008 -2.259900 0.069136 0.995762 -0.060648 9.109300 -0.008801 0.061400 0.998074 0.518000 0.000000 0.000000 0.000000 1.000000
0.996707 -0.081086 -0.000349 -2.259900 0.081014 0.995993 -0.037868 9.109300 0.003418 0.037715 0.999283 0.518000 0.000000 0.000000 0.000000 1.000000
0.995840 -0.090533 -0.010357 -2.259900 0.090302 0.995693 -0.021010 9.109300 0.012214 0.019987 0.999726 0.518000 0.000000 0.000000 0.000000 1.000000
0.995148 -0.096891 -0.017097 -2.259900 0.096734 0.995262 -0.009776 9.109300 0.017963 0.008075 0.999806 0.518000 0.000000 0.000000 0.000000 1.000000
0.994655 -0.101001 -0.021454 -2.259900 0.100969 0.994886 -0.002560 9.109300 0.021603 0.000380 0.999767 0.518000 0.000000 0.000000 0.000000 1.000000
0.994368 -0.103262 -0.023857 -2.259900 0.103324 0.994647 0.001389 9.109300 0.023586 -0.003846 0.999714 0.518000 0.000000 0.000000 0.000000 1.000000
0.994262 -0.104072 -0.024728 -2.259900 0.104172 0.994555 0.002792 9.109300 0.024302 -0.005352 0.999690 0.518000 0.000000 0.000000 0.000000 1.000000
0.994294 -0.103826 -0.024484 -2.259900 0.103914 0.994583 0.002349 9.109300 0.024108 -0.004880 0.999697 0.518000 0.000000 0.000000 0.000000 1.000000
0.994411 -0.102921 -0.023544 -2.259900 0.102967 0.994685 0.000751 9.109300 0.023342 -0.003171 0.999723 0.518000 0.000000 0.000000 0.000000 1.000000
0.994559 -0.101751 -0.022325 -2.259900 0.101747 0.994809 -0.001311 9.109300 0.022343 -0.000968 0.999750 0.518000 0.000000 0.000000 0.000000 1.000000
0.994689 -0.100714 -0.021245 -2.259900 0.100670 0.994915 -0.003144 9.109300 0.021454 0.000989 0.999769 0.518000 0.000000 0.000000 0.000000 1.000000
0.994751 -0.100204 -0.020723 -2.259900 0.100141 0.994965 -0.004053 9.109300 0.021025 0.001957 0.999777 0.518000 0.000000 0.000000 0.000000 1.000000
0.994700 -0.100617 -0.021177 -2.259900 0.100569 0.994925 -0.003340 9.109300 0.021405 0.001192 0.999770 0.518000 0.000000 0.000000 0.000000 1.000000</float_array>
        <technique_common>
          <accessor source="#mixamorig_LeftHandIndex1-Matrix-animation-output-transform-array" count="69" stride="16">
            <param type="float4x4"/>
          </accessor>
        </technique_common>
      </source>
      <source id="mixamorig_LeftHandIndex1-Interpolations">
        <Name_array id="mixamorig_LeftHandIndex1-Interpolations-array" count="69">
 LINEAR LINEAR LINEAR LINEAR LINEAR LINEAR LINEAR LINEAR LINEAR LINEAR LINEAR
LINEAR LINEAR LINEAR LINEAR LINEAR LINEAR LINEAR LINEAR LINEAR LINEAR LINEAR LINEAR
LINEAR LINEAR LINEAR LINEAR LINEAR LINEAR LINEAR LINEAR LINEAR LINEAR LINEAR LINEAR
LINEAR LINEAR LINEAR LINEAR LINEAR LINEAR LINEAR LINEAR LINEAR LINEAR LINEAR LINEAR
LINEAR LINEAR LINEAR LINEAR LINEAR LINEAR LINEAR LINEAR LINEAR LINEAR LINEAR LINEAR
LINEAR LINEAR LINEAR LINEAR LINEAR LINEAR LINEAR LINEAR LINEAR LINEAR</Name_array>
        <technique_common>
          <accessor source="#mixamorig_LeftHandIndex1-Interpolations-array" count="69">
            <param type="name"/>
          </accessor>
        </technique_common>
      </source>
      <sampler id="mixamorig_LeftHandIndex1-Matrix-animation-transform">
        <input semantic="INPUT" source="#mixamorig_LeftHandIndex1-Matrix-animation-input"/>
        <input semantic="OUTPUT" source="#mixamorig_LeftHandIndex1-Matrix-animation-output-transform"/>
        <input semantic="INTERPOLATION" source="#mixamorig_LeftHandIndex1-Interpolations"/>
      </sampler>
      <channel source="#mixamorig_LeftHandIndex1-Matrix-animation-transform" target="mixamorig_LeftHandIndex1/matrix"/>
    </animation>
    <animation id="mixamorig_LeftHandIndex2-anim" name="mixamorig_LeftHandIndex2">
      <source id="mixamorig_LeftHandIndex2-Matrix-animation-input">
        <float_array id="mixamorig_LeftHandIndex2-Matrix-animation-input-array" count="69">

0.000000 0.033333 0.066667 0.100000 0.133333 0.166667 0.200000 0.233333 0.266667 0.300000 0.333333 0.366667 0.400000 0.433333 0.466667 0.500000
0.533333 0.566667 0.600000 0.633333 0.666667 0.700000 0.733333 0.766667 0.800000 0.833333 0.866667 0.900000 0.933333 0.966667 1.000000 1.033333
1.066667 1.100000 1.133333 1.166667 1.200000 1.233333 1.266667 1.300000 1.333333 1.366667 1.400000 1.433333 1.466667 1.500000 1.533333 1.566667
1.600000 1.633333 1.666667 1.700000 1.733333 1.766667 1.800000 1.833333 1.866667 1.900000 1.933333 1.966667 2.000000 2.033333 2.066667 2.100000
2.133333 2.166667 2.200000 2.233333 2.266667</float_array>
        <technique_common>
          <accessor source="#mixamorig_LeftHandIndex2-Matrix-animation-input-array" count="69">
            <param name="TIME" type="float"/>
          </accessor>
        </technique_common>
      </source>
      <source id="mixamorig_LeftHandIndex2-Matrix-animation-output-transform">
        <float_array id="mixamorig_LeftHandIndex2-Matrix-animation-output-transform-array" count="1104">

0.999991 -0.003251 0.002607 -0.000000 0.003449 0.996770 -0.080235 3.700000 -0.002338 0.080244 0.996773 0.000000 0.000000 0.000000 0.000000 1.000000
0.999972 -0.003260 0.006806 -0.000000 0.003797 0.996754 -0.080419 3.700000 -0.006522 0.080443 0.996738 0.000000 0.000000 0.000000 0.000000 1.000000
0.999927 -0.003298 0.011611 0.000000 0.004232 0.996679 -0.081321 3.700000 -0.011305 0.081364 0.996620 0.000000 0.000000 0.000000 0.000000 1.000000
0.999854 -0.003368 0.016746 -0.000000 0.004740 0.996571 -0.082602 3.700000 -0.016411 0.082669 0.996442 0.000000 0.000000 0.000000 0.000000 1.000000
0.999754 -0.003448 0.021927 0.000000 0.005278 0.996457 -0.083938 3.700000 -0.021560 0.084033 0.996230 0.000000 0.000000 0.000000 0.000000 1.000000
0.999633 -0.003514 0.026873 0.000000 0.005788 0.996365 -0.084995 3.700000 -0.026477 0.085119 0.996019 0.000000 0.000000 0.000000 0.000000 1.000000
0.999504 -0.003555 0.031304 0.000000 0.006219 0.996324 -0.085444 3.700000 -0.030885 0.085596 0.995851 0.000000 0.000000 0.000000 0.000000 1.000000
0.999383 -0.003556 0.034939 0.000000 0.006515 0.996363 -0.084958 3.700000 -0.034510 0.085133 0.995772 0.000000 0.000000 0.000000 0.000000 1.000000
0.999291 -0.003505 0.037497 0.000000 0.006617 0.996510 -0.083206 3.700000 -0.037075 0.083395 0.995827 0.000000 0.000000 0.000000 0.000000 1.000000
0.999245 -0.003391 0.038699 0.000000 0.006476 0.996785 -0.079860 3.700000 -0.038304 0.080050 0.996055 0.000000 0.000000 0.000000 0.000000 1.000000
0.999267 -0.003212 0.038140 0.000000 0.006002 0.997295 -0.073258 3.700000 -0.037802 0.073433 0.996583 0.000000 0.000000 0.000000 0.000000 1.000000
0.999376 -0.003030 0.035182 0.000000 0.005036 0.998359 -0.057047 3.700000 -0.034951 0.057189 0.997751 0.000000 0.000000 0.000000 0.000000 1.000000
0.999534 -0.002817 0.030395 -0.000000 0.003867 0.999395 -0.034565 3.700000 -0.030279 0.034667 0.998940 0.000000 0.000000 0.000000 0.000000 1.000000
0.999696 -0.002563 0.024506 0.000000 0.002827 0.999939 -0.010722 3.700000 -0.024477 0.010788 0.999642 -0.000000 0.000000 0.000000 0.000000 1.000000
0.999831 -0.002393 0.018249 0.000000 0.002394 0.999997 -0.000003 3.700000 -0.018249 0.000046 0.999833 -0.000000 0.000000 0.000000 0.000000 1.000000
0.999922 -0.002271 0.012292 -0.000000 0.002271 0.999997 -0.000010 3.700000 -0.012292 0.000038 0.999924 0.000000 0.000000 0.000000 0.000000 1.000000
0.999972 -0.001534 0.007290 0.000000 0.001534 0.999999 -0.000003 3.700000 -0.007290 0.000014 0.999973 0.000000 0.000000 0.000000 0.000000 1.000000
0.999992 0.000261 0.003987 0.000000 -0.000259 1.000000 -0.000468 3.700000 -0.003987 0.000467 0.999992 0.000000 0.000000 0.000000 0.000000 1.000000
0.999996 0.001852 0.002310 0.000000 -0.001754 0.999121 -0.041872 3.700000 -0.002385 0.041867 0.999120 0.000000 0.000000 0.000000 0.000000 1.000000
0.999990 0.004140 0.001608 0.000000 -0.003956 0.994840 -0.101381 3.700000 -0.002019 0.101374 0.994846 0.000000 0.000000 0.000000 0.000000 1.000000
0.999974 0.006917 0.001840 0.000000 -0.006490 0.984649 -0.174425 3.700000 -0.003018 0.174408 0.984669 0.000000 0.000000 0.000000 0.000000 1.000000
0.999946 0.009991 0.002941 0.000000 -0.008904 0.966601 -0.256132 3.700000 -0.005402 0.256092 0.966637 -0.000000 0.000000 0.000000 0.000000 1.000000
0.999902 0.013173 0.004805 0.000000 -0.010741 0.939831 -0.341472 3.700000 -0.009014 0.341387 0.939880 0.000000 0.000000 0.000000 0.000000 1.000000
0.999841 0.016272 0.007260 0.000000 -0.011636 0.904870 -0.425529 3.700000 -0.013494 0.425377 0.904916 0.000000 0.000000 0.000000 0.000000 1.000000
0.999768 0.019056 0.010071 0.000000 -0.011391 0.863828 -0.503658 3.700000 -0.018297 0.503427 0.863844 0.000000 0.000000 0.000000 0.000000 1.000000
0.999688 0.021345 0.012967 0.000000 -0.010073 0.819707 -0.572695 3.700000 -0.022853 0.572385 0.819666 0.000000 0.000000 0.000000 0.000000 1.000000
0.999618 0.022794 0.015601 0.000000 -0.007899 0.777137 -0.629282 3.700000 -0.026468 0.628919 0.777020 0.000000 0.000000 0.000000 0.000000 1.000000
0.999589 0.022758 0.017405 0.000000 -0.005293 0.743728 -0.668461 3.700000 -0.028157 0.668095 0.743543 0.000000 0.000000 0.000000 0.000000 1.000000
0.999576 0.022182 0.018868 0.000000 -0.002640 0.714263 -0.699872 3.700000 -0.029001 0.699526 0.714019 0.000000 0.000000 0.000000 0.000000 1.000000
0.999564 0.021751 0.019961 0.000000 -0.000593 0.690799 -0.723046 3.700000 -0.029516 0.722719 0.690511 0.000000 0.000000 0.000000 0.000000 1.000000
0.999553 0.021383 0.020912 0.000000 0.001225 0.669351 -0.742945 3.700000 -0.029884 0.742638 0.669026 0.000000 0.000000 0.000000 0.000000 1.000000
0.999541 0.021070 0.021780 -0.000000 0.002852 0.650128 -0.759819 3.700000 -0.030170 0.759532 0.649770 0.000000 0.000000 0.000000 0.000000 1.000000
0.999529 0.020807 0.022561 -0.000000 0.004285 0.633298 -0.773896 3.700000 -0.030391 0.773628 0.632911 0.000000 0.000000 0.000000 0.000000 1.000000
0.999518 0.020592 0.023229 0.000000 0.005500 0.618993 -0.785377 3.700000 -0.030551 0.785127 0.618581 0.000000 0.000000 0.000000 0.000000 1.000000
0.999509 0.020418 0.023746 0.000000 0.006469 0.607308 -0.794440 3.700000 -0.030642 0.794204 0.606878 0.000000 0.000000 0.000000 0.000000 1.000000
0.999504 0.020213 0.024143 0.000000 0.007254 0.598313 -0.801230 3.700000 -0.030640 0.801008 0.597869 0.000000 0.000000 0.000000 0.000000 1.000000
0.999501 0.020015 0.024421 0.000000 0.007835 0.592046 -0.805866 3.700000 -0.030588 0.805655 0.591594 0.000000 0.000000 0.000000 0.000000 1.000000
0.999501 0.019868 0.024556 0.000000 0.008164 0.588523 -0.808439 3.700000 -0.030514 0.808236 0.588067 0.000000 0.000000 0.000000 0.000000 1.000000
0.999502 0.019838 0.024552 -0.000000 0.008207 0.587734 -0.809013 3.700000 -0.030479 0.808811 0.587278 0.000000 0.000000 0.000000 0.000000 1.000000
0.999501 0.019907 0.024530 0.000000 0.008076 0.589656 -0.807614 3.700000 -0.030541 0.807409 0.589201 0.000000 0.000000 0.000000 0.000000 1.000000
0.999501 0.020085 0.024368 0.000000 0.007667 0.594238 -0.804253 3.700000 -0.030634 0.804038 0.593788 0.000000 0.000000 0.000000 0.000000 1.000000
0.999504 0.020315 0.024070 0.000000 0.007015 0.601417 -0.798904 3.700000 -0.030706 0.798677 0.600976 0.000000 0.000000 0.000000 0.000000 1.000000
0.999508 0.020566 0.023663 0.000000 0.006165 0.611109 -0.791522 3.700000 -0.030740 0.791279 0.610682 -0.000000 0.000000 0.000000 0.000000 1.000000
0.999515 0.020827 0.023154 0.000000 0.005131 0.623208 -0.782039 3.700000 -0.030718 0.781779 0.622799 0.000000 0.000000 0.000000 0.000000 1.000000
0.999522 0.021160 0.022547 -0.000000 0.003879 0.637588 -0.770368 3.700000 -0.030677 0.770087 0.637201 -0.000000 0.000000 0.000000 0.000000 1.000000
0.999528 0.021578 0.021848 0.000000 0.002413 0.654101 -0.756403 3.700000 -0.030612 0.756099 0.653741 0.000000 0.000000 0.000000 0.000000 1.000000
0.999534 0.022088 0.021063 0.000000 0.000732 0.672579 -0.740025 3.700000 -0.030512 0.739696 0.672250 0.000000 0.000000 0.000000 0.000000 1.000000
0.999538 0.022698 0.020203 0.000000 -0.001158 0.692830 -0.721100 3.700000 -0.030365 0.720744 0.692536 0.000000 0.000000 0.000000 0.000000 1.000000
0.999540 0.023477 0.019222 0.000000 -0.003388 0.715892 -0.698203 3.700000 -0.030153 0.697816 0.715642 0.000000 0.000000 0.000000 0.000000 1.000000
0.999534 0.024743 0.017865 0.000000 -0.006644 0.747751 -0.663945 3.700000 -0.029787 0.663518 0.747568 -0.000000 0.000000 0.000000 0.000000 1.000000
0.999517 0.026508 0.016234 0.000000 -0.010804 0.785980 -0.618158 3.700000 -0.029146 0.617684 0.785886 0.000000 0.000000 0.000000 0.000000 1.000000
0.999483 0.028712 0.014492 0.000000 -0.015597 0.826778 -0.562312 3.700000 -0.028127 0.561795 0.826798 0.000000 0.000000 0.000000 0.000000 1.000000
0.999430 0.031272 0.012740 0.000000 -0.020765 0.866684 -0.498425 3.700000 -0.026628 0.497876 0.866839 0.000000 0.000000 0.000000 0.000000 1.000000
0.999357 0.034079 0.011142 0.000000 -0.026004 0.902854 -0.429160 3.700000 -0.024685 0.428594 0.903160 0.000000 0.000000 0.000000 0.000000 1.000000
0.999267 0.036999 0.009786 0.000000 -0.031052 0.933292 -0.357774 3.700000 -0.022370 0.357208 0.933757 0.000000 0.000000 0.000000 0.000000 1.000000
0.999167 0.039872 0.008713 0.000000 -0.035677 0.956976 -0.287967 3.700000 -0.019820 0.287416 0.957601 0.000000 0.000000 0.000000 0.000000 1.000000
0.999063 0.042549 0.007916 -0.000000 -0.039704 0.973855 -0.223673 3.700000 -0.017226 0.223149 0.974632 0.000000 0.000000 0.000000 0.000000 1.000000
0.998967 0.044846 0.007375 0.000000 -0.042959 0.984702 -0.168867 3.700000 -0.014835 0.168376 0.985611 0.000000 0.000000 0.000000 0.000000 1.000000
0.998889 0.046606 0.007029 0.000000 -0.045332 0.990813 -0.127411 3.700000 -0.012903 0.126951 0.991825 -0.000000 0.000000 0.000000 0.000000 1.000000
0.998880 0.046820 0.006802 -0.000000 -0.045915 0.993997 -0.099305 3.700000 -0.011410 0.098881 0.995034 0.000000 0.000000 0.000000 0.000000 1.000000
0.998972 0.044858 0.006512 0.000000 -0.044185 0.995737 -0.080965 3.700000 -0.010116 0.080594 0.996696 0.000000 0.000000 0.000000 0.000000 1.000000
0.999136 0.041101 0.006143 0.000000 -0.040565 0.996671 -0.070714 3.700000 -0.009029 0.070403 0.997478 -0.000000 0.000000 0.000000 0.000000 1.000000
0.999338 0.035931 0.005704 0.000000 -0.035470 0.997133 -0.066839 3.700000 -0.008089 0.066592 0.997747 0.000000 0.000000 0.000000 0.000000 1.000000
0.999544 0.029734 0.005210 0.000000 -0.029314 0.997281 -0.067606 3.700000 -0.007206 0.067423 0.997698 0.000000 0.000000 0.000000 0.000000 1.000000
0.999727 0.022893 0.004679 0.000000 -0.022502 0.997203 -0.071280 3.700000 -0.006298 0.071155 0.997445 0.000000 0.000000 0.000000 0.000000 1.000000
0.999867 0.015796 0.004134 0.000000 -0.015435 0.996979 -0.076118 3.700000 -0.005324 0.076044 0.997090 0.000000 0.000000 0.000000 0.000000 1.000000
0.999955 0.008826 0.003594 0.000000 -0.008508 0.996728 -0.080385 3.700000 -0.004291 0.080350 0.996757 0.000000 0.000000 0.000000 0.000000 1.000000
0.999992 0.002368 0.003078 -0.000000 -0.002107 0.996602 -0.082339 3.700000 -0.003263 0.082332 0.996600 0.000000 0.000000 0.000000 0.000000 1.000000
0.999992 -0.003191 0.002607 -0.000000 0.003390 0.996770 -0.080238 3.700000 -0.002342 0.080246 0.996772 0.000000 0.000000 0.000000 0.000000 1.000000</float_array>
        <technique_common>
          <accessor source="#mixamorig_LeftHandIndex2-Matrix-animation-output-transform-array" count="69" stride="16">
            <param type="float4x4"/>
          </accessor>
        </technique_common>
      </source>
      <source id="mixamorig_LeftHandIndex2-Interpolations">
        <Name_array id="mixamorig_LeftHandIndex2-Interpolations-array" count="69">
 LINEAR LINEAR LINEAR LINEAR LINEAR LINEAR LINEAR LINEAR LINEAR LINEAR LINEAR
LINEAR LINEAR LINEAR LINEAR LINEAR LINEAR LINEAR LINEAR LINEAR LINEAR LINEAR LINEAR
LINEAR LINEAR LINEAR LINEAR LINEAR LINEAR LINEAR LINEAR LINEAR LINEAR LINEAR LINEAR
LINEAR LINEAR LINEAR LINEAR LINEAR LINEAR LINEAR LINEAR LINEAR LINEAR LINEAR LINEAR
LINEAR LINEAR LINEAR LINEAR LINEAR LINEAR LINEAR LINEAR LINEAR LINEAR LINEAR LINEAR
LINEAR LINEAR LINEAR LINEAR LINEAR LINEAR LINEAR LINEAR LINEAR LINEAR</Name_array>
        <technique_common>
          <accessor source="#mixamorig_LeftHandIndex2-Interpolations-array" count="69">
            <param type="name"/>
          </accessor>
        </technique_common>
      </source>
      <sampler id="mixamorig_LeftHandIndex2-Matrix-animation-transform">
        <input semantic="INPUT" source="#mixamorig_LeftHandIndex2-Matrix-animation-input"/>
        <input semantic="OUTPUT" source="#mixamorig_LeftHandIndex2-Matrix-animation-output-transform"/>
        <input semantic="INTERPOLATION" source="#mixamorig_LeftHandIndex2-Interpolations"/>
      </sampler>
      <channel source="#mixamorig_LeftHandIndex2-Matrix-animation-transform" target="mixamorig_LeftHandIndex2/matrix"/>
    </animation>
    <animation id="mixamorig_LeftHandIndex3-anim" name="mixamorig_LeftHandIndex3">
      <source id="mixamorig_LeftHandIndex3-Matrix-animation-input">
        <float_array id="mixamorig_LeftHandIndex3-Matrix-animation-input-array" count="69">

0.000000 0.033333 0.066667 0.100000 0.133333 0.166667 0.200000 0.233333 0.266667 0.300000 0.333333 0.366667 0.400000 0.433333 0.466667 0.500000
0.533333 0.566667 0.600000 0.633333 0.666667 0.700000 0.733333 0.766667 0.800000 0.833333 0.866667 0.900000 0.933333 0.966667 1.000000 1.033333
1.066667 1.100000 1.133333 1.166667 1.200000 1.233333 1.266667 1.300000 1.333333 1.366667 1.400000 1.433333 1.466667 1.500000 1.533333 1.566667
1.600000 1.633333 1.666667 1.700000 1.733333 1.766667 1.800000 1.833333 1.866667 1.900000 1.933333 1.966667 2.000000 2.033333 2.066667 2.100000
2.133333 2.166667 2.200000 2.233333 2.266667</float_array>
        <technique_common>
          <accessor source="#mixamorig_LeftHandIndex3-Matrix-animation-input-array" count="69">
            <param name="TIME" type="float"/>
          </accessor>
        </technique_common>
      </source>
      <source id="mixamorig_LeftHandIndex3-Matrix-animation-output-transform">
        <float_array id="mixamorig_LeftHandIndex3-Matrix-animation-output-transform-array" count="1104">

0.999969 -0.007626 0.001995 0.000000 0.007822 0.991259 -0.131702 2.850000 -0.000973 0.131713 0.991287 0.000000 0.000000 0.000000 0.000000 1.000000
0.999973 -0.007041 -0.001865 0.000000 0.006748 0.991910 -0.126764 2.850000 0.002743 0.126748 0.991931 0.000000 0.000000 0.000000 0.000000 1.000000
0.999960 -0.006435 -0.006251 0.000000 0.005622 0.992484 -0.122245 2.850000 0.006991 0.122205 0.992480 0.000000 0.000000 0.000000 0.000000 1.000000
0.999923 -0.005818 -0.010919 0.000000 0.004490 0.993009 -0.117951 2.850000 0.011529 0.117893 0.992959 0.000000 0.000000 0.000000 0.000000 1.000000
0.999864 -0.005199 -0.015626 0.000000 0.003390 0.993512 -0.113678 2.850000 0.016116 0.113610 0.993395 0.000000 0.000000 0.000000 0.000000 1.000000
0.999787 -0.004588 -0.020129 0.000000 0.002362 0.994014 -0.109231 2.850000 0.020510 0.109161 0.993813 0.000000 0.000000 0.000000 0.000000 1.000000
0.999700 -0.003995 -0.024185 -0.000000 0.001448 0.994533 -0.104412 2.850000 0.024470 0.104346 0.994240 0.000000 0.000000 0.000000 0.000000 1.000000
0.999615 -0.003428 -0.027551 0.000000 0.000683 0.995085 -0.099023 2.850000 0.027755 0.098966 0.994704 0.000000 0.000000 0.000000 0.000000 1.000000
0.999546 -0.002899 -0.029983 0.000000 0.000102 0.995678 -0.092869 2.850000 0.030122 0.092824 0.995227 0.000000 0.000000 0.000000 0.000000 1.000000
0.999509 -0.002415 -0.031235 0.000000 -0.000272 0.996316 -0.085752 2.850000 0.031328 0.085718 0.995827 0.000000 0.000000 0.000000 0.000000 1.000000
0.999518 -0.001964 -0.030972 -0.000000 -0.000395 0.997110 -0.075972 2.850000 0.031032 0.075948 0.996629 0.000000 0.000000 0.000000 0.000000 1.000000
0.999588 -0.001135 -0.028697 0.000000 -0.000485 0.998409 -0.056390 2.850000 0.028715 0.056381 0.997996 -0.000000 0.000000 0.000000 0.000000 1.000000
0.999691 -0.000178 -0.024837 0.000000 -0.000583 0.999531 -0.030617 2.850000 0.024831 0.030622 0.999223 0.000000 0.000000 0.000000 0.000000 1.000000
0.999800 0.000741 -0.019966 0.000000 -0.000821 0.999992 -0.004027 2.850000 0.019963 0.004043 0.999793 0.000000 0.000000 0.000000 0.000000 1.000000
0.999891 0.001417 -0.014682 0.000000 -0.001153 0.999838 0.017983 2.850000 0.014705 -0.017964 0.999730 0.000000 0.000000 0.000000 0.000000 1.000000
0.999953 0.001645 -0.009603 0.000000 -0.001356 0.999548 0.030035 2.850000 0.009648 -0.030021 0.999503 0.000000 0.000000 0.000000 0.000000 1.000000
0.999985 0.001211 -0.005348 0.000000 -0.001067 0.999641 0.026765 2.850000 0.005378 -0.026759 0.999627 0.000000 0.000000 0.000000 0.000000 1.000000
0.999997 0.000009 -0.002507 -0.000000 -0.000002 0.999996 0.002799 2.850000 0.002507 -0.002799 0.999993 0.000000 0.000000 0.000000 0.000000 1.000000
0.999997 -0.002224 -0.000844 0.000000 0.002183 0.998970 -0.045319 2.850000 0.000944 0.045317 0.998972 0.000000 0.000000 0.000000 0.000000 1.000000
0.999985 -0.005415 0.000410 -0.000000 0.005426 0.993454 -0.114106 2.850000 0.000210 0.114107 0.993468 0.000000 0.000000 0.000000 0.000000 1.000000
0.999955 -0.009314 0.001512 0.000000 0.009428 0.980118 -0.198193 2.850000 0.000364 0.198199 0.980162 -0.000000 0.000000 0.000000 0.000000 1.000000
0.999903 -0.013652 0.002681 0.000000 0.013841 0.956391 -0.291762 2.850000 0.001419 0.291771 0.956487 0.000000 0.000000 0.000000 0.000000 1.000000
0.999827 -0.018149 0.004071 0.000000 0.018304 0.921163 -0.388747 2.850000 0.003306 0.388755 0.921335 0.000000 0.000000 0.000000 0.000000 1.000000
0.999730 -0.022516 0.005748 0.000000 0.022489 0.875188 -0.483260 2.850000 0.005851 0.483259 0.875458 0.000000 0.000000 0.000000 0.000000 1.000000
0.999620 -0.026491 0.007681 0.000000 0.026144 0.821293 -0.569908 2.850000 0.008789 0.569892 0.821673 0.000000 0.000000 0.000000 0.000000 1.000000
0.999504 -0.029937 0.009789 -0.000000 0.029186 0.763453 -0.645204 2.850000 0.011842 0.645169 0.763948 0.000000 0.000000 0.000000 0.000000 1.000000
0.999394 -0.032715 0.011907 -0.000000 0.031575 0.707672 -0.705835 2.850000 0.014666 0.705783 0.708276 0.000000 0.000000 0.000000 0.000000 1.000000
0.999308 -0.034589 0.013692 0.000000 0.033211 0.663662 -0.747295 2.850000 0.016761 0.747233 0.664351 0.000000 0.000000 0.000000 0.000000 1.000000
0.999232 -0.036056 0.015327 0.000000 0.034507 0.624701 -0.780101 2.850000 0.018553 0.780031 0.625465 0.000000 0.000000 0.000000 0.000000 1.000000
0.999171 -0.037130 0.016664 -0.000000 0.035460 0.593320 -0.804185 2.850000 0.019972 0.804110 0.594146 -0.000000 0.000000 0.000000 0.000000 1.000000
0.999116 -0.038047 0.017907 0.000000 0.036274 0.564400 -0.824704 2.850000 0.021270 0.824624 0.565280 -0.000000 0.000000 0.000000 0.000000 1.000000
0.999064 -0.038841 0.019028 0.000000 0.036960 0.538210 -0.842000 2.850000 0.022463 0.841915 0.539142 0.000000 0.000000 0.000000 0.000000 1.000000
0.999019 -0.039481 0.020042 0.000000 0.037532 0.514972 -0.856385 2.850000 0.023490 0.856297 0.515948 -0.000000 0.000000 0.000000 0.000000 1.000000
0.998980 -0.040002 0.020926 0.000000 0.038001 0.494858 -0.868142 2.850000 0.024372 0.868052 0.495874 -0.000000 0.000000 0.000000 0.000000 1.000000
0.998948 -0.040414 0.021672 0.000000 0.038376 0.478006 -0.877518 2.850000 0.025105 0.877427 0.479054 0.000000 0.000000 0.000000 0.000000 1.000000
0.998923 -0.040699 0.022287 0.000000 0.038665 0.464514 -0.884721 2.850000 0.025655 0.884630 0.465587 0.000000 0.000000 0.000000 0.000000 1.000000
0.998904 -0.040906 0.022746 0.000000 0.038874 0.454453 -0.889922 2.850000 0.026066 0.889831 0.455545 0.000000 0.000000 0.000000 0.000000 1.000000
0.998892 -0.041041 0.023046 0.000000 0.039010 0.447868 -0.893248 2.850000 0.026339 0.893157 0.448973 0.000000 0.000000 0.000000 0.000000 1.000000
0.998886 -0.041108 0.023187 0.000000 0.039075 0.444779 -0.894787 2.850000 0.026470 0.894696 0.445890 0.000000 0.000000 0.000000 0.000000 1.000000
0.998886 -0.041110 0.023169 0.000000 0.039071 0.445185 -0.894586 2.850000 0.026462 0.894494 0.446296 0.000000 0.000000 0.000000 0.000000 1.000000
0.998893 -0.041044 0.022991 0.000000 0.038998 0.449064 -0.892648 2.850000 0.026314 0.892556 0.450167 -0.000000 0.000000 0.000000 0.000000 1.000000
0.998906 -0.040912 0.022657 -0.000000 0.038854 0.456376 -0.888939 2.850000 0.026028 0.888846 0.457466 0.000000 0.000000 0.000000 0.000000 1.000000
0.998927 -0.040660 0.022195 0.000000 0.038638 0.467055 -0.883384 2.850000 0.025552 0.883293 0.468125 0.000000 0.000000 0.000000 0.000000 1.000000
0.998953 -0.040324 0.021586 0.000000 0.038344 0.481019 -0.875871 2.850000 0.024936 0.875782 0.482062 -0.000000 0.000000 0.000000 0.000000 1.000000
0.998987 -0.039893 0.020807 0.000000 0.037935 0.498159 -0.866256 2.850000 0.024192 0.866168 0.499167 0.000000 0.000000 0.000000 0.000000 1.000000
0.999029 -0.039330 0.019864 -0.000000 0.037394 0.518339 -0.854357 2.850000 0.023305 0.854270 0.519306 0.000000 0.000000 0.000000 0.000000 1.000000
0.999076 -0.038661 0.018795 -0.000000 0.036752 0.541395 -0.839965 2.850000 0.022298 0.839879 0.542315 -0.000000 0.000000 0.000000 0.000000 1.000000
0.999128 -0.037859 0.017596 0.000000 0.035981 0.567129 -0.822843 2.850000 0.021172 0.822758 0.567997 -0.000000 0.000000 0.000000 0.000000 1.000000
0.999189 -0.036865 0.016212 0.000000 0.035030 0.596990 -0.801484 2.850000 0.019868 0.801401 0.597797 0.000000 0.000000 0.000000 0.000000 1.000000
0.999274 -0.035323 0.014257 0.000000 0.033555 0.639123 -0.768372 2.850000 0.018029 0.768293 0.639845 0.000000 0.000000 0.000000 0.000000 1.000000
0.999378 -0.033196 0.011873 0.000000 0.031521 0.690498 -0.722647 2.850000 0.015790 0.722572 0.691115 -0.000000 0.000000 0.000000 0.000000 1.000000
0.999491 -0.030521 0.009304 0.000000 0.028976 0.746149 -0.665148 2.850000 0.013359 0.665079 0.746654 0.000000 0.000000 0.000000 0.000000 1.000000
0.999602 -0.027378 0.006796 0.000000 0.026012 0.801420 -0.597536 2.850000 0.010913 0.597475 0.801813 0.000000 0.000000 0.000000 0.000000 1.000000
0.999705 -0.023889 0.004493 0.000000 0.022715 0.852344 -0.522487 2.850000 0.008652 0.522435 0.852635 -0.000000 0.000000 0.000000 0.000000 1.000000
0.999792 -0.020240 0.002528 -0.000000 0.019260 0.896000 -0.443635 2.850000 0.006714 0.443592 0.896204 0.000000 0.000000 0.000000 0.000000 1.000000
0.999861 -0.016648 0.000985 0.000000 0.015857 0.930731 -0.365361 2.850000 0.005166 0.365325 0.930866 0.000000 0.000000 0.000000 0.000000 1.000000
0.999911 -0.013308 -0.000126 0.000000 0.012689 0.956188 -0.292477 2.850000 0.004013 0.292450 0.956272 -0.000000 0.000000 0.000000 0.000000 1.000000
0.999945 -0.010447 -0.000841 0.000000 0.009974 0.973162 -0.229905 2.850000 0.003220 0.229884 0.973213 0.000000 0.000000 0.000000 0.000000 1.000000
0.999965 -0.008293 -0.001234 0.000000 0.007928 0.983189 -0.182420 2.850000 0.002726 0.182404 0.983220 0.000000 0.000000 0.000000 0.000000 1.000000
0.999975 -0.006898 -0.001395 0.000000 0.006610 0.988625 -0.150256 2.850000 0.002416 0.150243 0.988646 0.000000 0.000000 0.000000 0.000000 1.000000
0.999981 -0.006019 -0.001340 0.000000 0.005795 0.991578 -0.129381 2.850000 0.002107 0.129371 0.991594 -0.000000 0.000000 0.000000 0.000000 1.000000
0.999984 -0.005535 -0.001124 0.000000 0.005363 0.993012 -0.117891 2.850000 0.001768 0.117884 0.993026 0.000000 0.000000 0.000000 0.000000 1.000000
0.999984 -0.005521 -0.000776 0.000000 0.005397 0.993489 -0.113801 2.850000 0.001400 0.113795 0.993503 0.000000 0.000000 0.000000 0.000000 1.000000
0.999983 -0.005785 -0.000343 -0.000000 0.005707 0.993337 -0.115104 2.850000 0.001007 0.115100 0.993353 0.000000 0.000000 0.000000 0.000000 1.000000
0.999981 -0.006223 0.000146 -0.000000 0.006196 0.992782 -0.119774 2.850000 0.000601 0.119773 0.992801 0.000000 0.000000 0.000000 0.000000 1.000000
0.999977 -0.006730 0.000657 0.000000 0.006759 0.992034 -0.125788 2.850000 0.000195 0.125789 0.992057 0.000000 0.000000 0.000000 0.000000 1.000000
0.999973 -0.007202 0.001159 -0.000000 0.007292 0.991339 -0.131123 2.850000 -0.000204 0.131128 0.991365 0.000000 0.000000 0.000000 0.000000 1.000000
0.999970 -0.007535 0.001616 0.000000 0.007684 0.990983 -0.133766 2.850000 -0.000594 0.133775 0.991012 0.000000 0.000000 0.000000 0.000000 1.000000
0.999969 -0.007626 0.001994 0.000000 0.007822 0.991259 -0.131702 2.850000 -0.000972 0.131713 0.991287 0.000000 0.000000 0.000000 0.000000 1.000000</float_array>
        <technique_common>
          <accessor source="#mixamorig_LeftHandIndex3-Matrix-animation-output-transform-array" count="69" stride="16">
            <param type="float4x4"/>
          </accessor>
        </technique_common>
      </source>
      <source id="mixamorig_LeftHandIndex3-Interpolations">
        <Name_array id="mixamorig_LeftHandIndex3-Interpolations-array" count="69">
 LINEAR LINEAR LINEAR LINEAR LINEAR LINEAR LINEAR LINEAR LINEAR LINEAR LINEAR
LINEAR LINEAR LINEAR LINEAR LINEAR LINEAR LINEAR LINEAR LINEAR LINEAR LINEAR LINEAR
LINEAR LINEAR LINEAR LINEAR LINEAR LINEAR LINEAR LINEAR LINEAR LINEAR LINEAR LINEAR
LINEAR LINEAR LINEAR LINEAR LINEAR LINEAR LINEAR LINEAR LINEAR LINEAR LINEAR LINEAR
LINEAR LINEAR LINEAR LINEAR LINEAR LINEAR LINEAR LINEAR LINEAR LINEAR LINEAR LINEAR
LINEAR LINEAR LINEAR LINEAR LINEAR LINEAR LINEAR LINEAR LINEAR LINEAR</Name_array>
        <technique_common>
          <accessor source="#mixamorig_LeftHandIndex3-Interpolations-array" count="69">
            <param type="name"/>
          </accessor>
        </technique_common>
      </source>
      <sampler id="mixamorig_LeftHandIndex3-Matrix-animation-transform">
        <input semantic="INPUT" source="#mixamorig_LeftHandIndex3-Matrix-animation-input"/>
        <input semantic="OUTPUT" source="#mixamorig_LeftHandIndex3-Matrix-animation-output-transform"/>
        <input semantic="INTERPOLATION" source="#mixamorig_LeftHandIndex3-Interpolations"/>
      </sampler>
      <channel source="#mixamorig_LeftHandIndex3-Matrix-animation-transform" target="mixamorig_LeftHandIndex3/matrix"/>
    </animation>
    <animation id="mixamorig_LeftHandMiddle1-anim" name="mixamorig_LeftHandMiddle1">
      <source id="mixamorig_LeftHandMiddle1-Matrix-animation-input">
        <float_array id="mixamorig_LeftHandMiddle1-Matrix-animation-input-array" count="69">

0.000000 0.033333 0.066667 0.100000 0.133333 0.166667 0.200000 0.233333 0.266667 0.300000 0.333333 0.366667 0.400000 0.433333 0.466667 0.500000
0.533333 0.566667 0.600000 0.633333 0.666667 0.700000 0.733333 0.766667 0.800000 0.833333 0.866667 0.900000 0.933333 0.966667 1.000000 1.033333
1.066667 1.100000 1.133333 1.166667 1.200000 1.233333 1.266667 1.300000 1.333333 1.366667 1.400000 1.433333 1.466667 1.500000 1.533333 1.566667
1.600000 1.633333 1.666667 1.700000 1.733333 1.766667 1.800000 1.833333 1.866667 1.900000 1.933333 1.966667 2.000000 2.033333 2.066667 2.100000
2.133333 2.166667 2.200000 2.233333 2.266667</float_array>
        <technique_common>
          <accessor source="#mixamorig_LeftHandMiddle1-Matrix-animation-input-array" count="69">
            <param name="TIME" type="float"/>
          </accessor>
        </technique_common>
      </source>
      <source id="mixamorig_LeftHandMiddle1-Matrix-animation-output-transform">
        <float_array id="mixamorig_LeftHandMiddle1-Matrix-animation-output-transform-array" count="1104">

0.996150 0.083632 0.026270 0.000000 -0.081301 0.993483 -0.079888 9.533400 -0.032780 0.077445 0.996458 0.000000 0.000000 0.000000 0.000000 1.000000
0.996765 0.075338 0.028012 0.000000 -0.072993 0.994358 -0.076966 9.533400 -0.033652 0.074672 0.996640 0.000000 0.000000 0.000000 0.000000 1.000000
0.997163 0.067036 0.034233 0.000000 -0.064340 0.995137 -0.074580 9.533400 -0.039066 0.072166 0.996627 0.000000 0.000000 0.000000 0.000000 1.000000
0.997353 0.058731 0.042870 0.000000 -0.055530 0.995831 -0.072371 9.533400 -0.046942 0.069799 0.996456 0.000000 0.000000 0.000000 0.000000 1.000000
0.997381 0.050421 0.051852 0.000000 -0.046732 0.996448 -0.070052 9.533400 -0.055200 0.067446 0.996195 0.000000 0.000000 0.000000 0.000000 1.000000
0.997363 0.042108 0.059106 0.000000 -0.038098 0.996998 -0.067409 9.533400 -0.061767 0.064980 0.995973 0.000000 0.000000 0.000000 0.000000 1.000000
0.997469 0.033792 0.062562 -0.000000 -0.029760 0.997487 -0.064299 9.533400 -0.064577 0.062274 0.995968 -0.000000 0.000000 0.000000 0.000000 1.000000
0.997864 0.025476 0.060146 0.000000 -0.021822 0.997921 -0.060645 9.533400 -0.061566 0.059203 0.996346 0.000000 0.000000 0.000000 0.000000 1.000000
0.998613 0.017159 0.049782 0.000000 -0.014341 0.998304 -0.056430 9.533400 -0.050666 0.055638 0.997165 0.000000 0.000000 0.000000 0.000000 1.000000
0.999529 0.008843 0.029383 0.000000 -0.007315 0.998636 -0.051692 9.533400 -0.029800 0.051453 0.998231 0.000000 0.000000 0.000000 0.000000 1.000000
0.999985 0.000244 -0.005380 0.000000 -0.000491 0.998945 -0.045929 9.533400 0.005363 0.045931 0.998930 -0.000000 0.000000 0.000000 0.000000 1.000000
0.997804 -0.009975 -0.065473 0.000000 0.007573 0.999293 -0.036831 9.533400 0.065794 0.036255 0.997174 0.000000 0.000000 0.000000 0.000000 1.000000
0.989445 -0.021164 -0.143355 0.000000 0.017511 0.999490 -0.026691 9.533400 0.143847 0.023899 0.989311 0.000000 0.000000 0.000000 0.000000 1.000000
0.973028 -0.032347 -0.228409 -0.000000 0.028967 0.999416 -0.018136 9.533400 0.228862 0.011031 0.973396 0.000000 0.000000 0.000000 0.000000 1.000000
0.949727 -0.042554 -0.310175 0.000000 0.040507 0.999094 -0.013041 9.533400 0.310449 -0.000179 0.950590 0.000000 0.000000 0.000000 0.000000 1.000000
0.923974 -0.050812 -0.379065 0.000000 0.049885 0.998680 -0.012274 9.533400 0.379188 -0.007569 0.925289 0.000000 0.000000 0.000000 0.000000 1.000000
0.902643 -0.056153 -0.426711 -0.000000 0.054610 0.998382 -0.015863 9.533400 0.426911 -0.008984 0.904249 0.000000 0.000000 0.000000 0.000000 1.000000
0.893397 -0.057607 -0.445559 0.000000 0.052566 0.998337 -0.023676 9.533400 0.446182 -0.002269 0.894939 0.000000 0.000000 0.000000 0.000000 1.000000
0.898647 -0.054786 -0.435238 0.000000 0.042705 0.998384 -0.037499 9.533400 0.436589 0.015111 0.899534 0.000000 0.000000 0.000000 0.000000 1.000000
0.913915 -0.048426 -0.403007 0.000000 0.027095 0.997922 -0.058467 9.533400 0.405000 0.042515 0.913328 -0.000000 0.000000 0.000000 0.000000 1.000000
0.935030 -0.039245 -0.352390 0.000000 0.009331 0.996235 -0.086191 9.533400 0.354446 0.077303 0.931876 0.000000 0.000000 0.000000 0.000000 1.000000
0.957512 -0.027958 -0.287036 0.000000 -0.006954 0.992762 -0.119894 9.533400 0.288311 0.116796 0.950387 -0.000000 0.000000 0.000000 0.000000 1.000000
0.977337 -0.015283 -0.211138 0.000000 -0.018677 0.987276 -0.157917 9.533400 0.210865 0.158281 0.964615 0.000000 0.000000 0.000000 0.000000 1.000000
0.991571 -0.001940 -0.129551 -0.000000 -0.023903 0.979985 -0.197629 9.533400 0.127342 0.199060 0.971679 0.000000 0.000000 0.000000 0.000000 1.000000
0.998791 0.011321 -0.047833 0.000000 -0.022294 0.971605 -0.235556 9.533400 0.043808 0.236338 0.970683 0.000000 0.000000 0.000000 0.000000 1.000000
0.999296 0.023847 0.028954 0.000000 -0.015196 0.963090 -0.268749 9.533400 -0.034294 0.268119 0.962775 0.000000 0.000000 0.000000 0.000000 1.000000
0.994885 0.034831 0.094823 0.000000 -0.005491 0.955935 -0.293528 9.533400 -0.100869 0.291506 0.951236 0.000000 0.000000 0.000000 0.000000 1.000000
0.989172 0.042920 0.140347 0.000000 0.001875 0.952509 -0.304504 9.533400 -0.146751 0.301470 0.942115 0.000000 0.000000 0.000000 0.000000 1.000000
0.983032 0.049621 0.176596 -0.000000 0.007720 0.950673 -0.310098 9.533400 -0.183273 0.306199 0.934159 0.000000 0.000000 0.000000 0.000000 1.000000
0.978040 0.054199 0.201246 0.000000 0.012024 0.949312 -0.314105 9.533400 -0.208069 0.309627 0.927814 0.000000 0.000000 0.000000 0.000000 1.000000
0.973506 0.057806 0.221234 0.000000 0.015847 0.948136 -0.317470 9.533400 -0.228111 0.312564 0.922100 0.000000 0.000000 0.000000 0.000000 1.000000
0.969636 0.060529 0.236942 -0.000000 0.019129 0.947145 -0.320236 9.533400 -0.243802 0.315045 0.917228 0.000000 0.000000 0.000000 0.000000 1.000000
0.966554 0.062456 0.248742 0.000000 0.021833 0.946334 -0.322452 9.533400 -0.255532 0.317099 0.913319 0.000000 0.000000 0.000000 0.000000 1.000000
0.964315 0.063674 0.256987 0.000000 0.023945 0.945697 -0.324167 9.533400 -0.263673 0.318752 0.910425 0.000000 0.000000 0.000000 0.000000 1.000000
0.962919 0.064272 0.262024 -0.000000 0.025464 0.945222 -0.325432 9.533400 -0.268587 0.320037 0.908536 0.000000 0.000000 0.000000 0.000000 1.000000
0.962323 0.064336 0.264187 0.000000 0.026406 0.944899 -0.326295 9.533400 -0.270622 0.320978 0.907599 0.000000 0.000000 0.000000 0.000000 1.000000
0.962455 0.063955 0.263798 0.000000 0.026796 0.944713 -0.326802 9.533400 -0.270114 0.321601 0.907530 0.000000 0.000000 0.000000 0.000000 1.000000
0.963219 0.063215 0.261176 0.000000 0.026668 0.944650 -0.326994 9.533400 -0.267391 0.321932 0.908219 0.000000 0.000000 0.000000 0.000000 1.000000
0.964505 0.062204 0.256634 0.000000 0.026059 0.944695 -0.326915 9.533400 -0.262776 0.321998 0.909541 0.000000 0.000000 0.000000 0.000000 1.000000
0.966196 0.061009 0.250487 0.000000 0.025011 0.944832 -0.326600 9.533400 -0.256593 0.321824 0.911367 0.000000 0.000000 0.000000 0.000000 1.000000
0.968175 0.059718 0.243044 0.000000 0.023567 0.945046 -0.326086 9.533400 -0.249161 0.321437 0.913563 0.000000 0.000000 0.000000 0.000000 1.000000
0.970330 0.058417 0.234621 0.000000 0.021770 0.945323 -0.325407 9.533400 -0.240802 0.320860 0.916004 0.000000 0.000000 0.000000 0.000000 1.000000
0.972555 0.057196 0.225534 -0.000000 0.019660 0.945649 -0.324595 9.533400 -0.231841 0.320120 0.918571 0.000000 0.000000 0.000000 0.000000 1.000000
0.974755 0.056140 0.216102 0.000000 0.017276 0.946008 -0.323682 9.533400 -0.222606 0.319244 0.921157 -0.000000 0.000000 0.000000 0.000000 1.000000
0.976849 0.055337 0.206651 0.000000 0.014655 0.946388 -0.322700 9.533400 -0.213429 0.318258 0.923667 0.000000 0.000000 0.000000 0.000000 1.000000
0.978765 0.054876 0.197505 0.000000 0.011830 0.946774 -0.321681 9.533400 -0.204645 0.317187 0.926020 0.000000 0.000000 0.000000 0.000000 1.000000
0.980446 0.054843 0.188994 0.000000 0.008831 0.947153 -0.320660 9.533400 -0.196592 0.316059 0.928148 0.000000 0.000000 0.000000 0.000000 1.000000
0.981843 0.055326 0.181448 0.000000 0.005685 0.947511 -0.319671 9.533400 -0.189610 0.314899 0.929993 -0.000000 0.000000 0.000000 0.000000 1.000000
0.983035 0.056372 0.174540 -0.000000 0.002241 0.947836 -0.318749 9.533400 -0.183404 0.313733 0.931630 0.000000 0.000000 0.000000 0.000000 1.000000
0.984633 0.057775 0.164800 0.000000 -0.002431 0.948132 -0.317866 9.533400 -0.174617 0.312581 0.933703 0.000000 0.000000 0.000000 0.000000 1.000000
0.986552 0.059426 0.152259 0.000000 -0.008207 0.948397 -0.316979 9.533400 -0.163239 0.311466 0.936131 0.000000 0.000000 0.000000 0.000000 1.000000
0.988588 0.061254 0.137627 0.000000 -0.014778 0.948627 -0.316051 9.533400 -0.149916 0.310410 0.938707 0.000000 0.000000 0.000000 0.000000 1.000000
0.990564 0.063186 0.121620 0.000000 -0.021839 0.948818 -0.315067 9.533400 -0.135303 0.309438 0.941245 0.000000 0.000000 0.000000 0.000000 1.000000
0.992340 0.065150 0.104959 -0.000000 -0.029087 0.948968 -0.314029 9.533400 -0.120062 0.308571 0.943594 0.000000 0.000000 0.000000 0.000000 1.000000
0.993827 0.067073 0.088374 0.000000 -0.036223 0.949073 -0.312966 9.533400 -0.104865 0.307833 0.945644 0.000000 0.000000 0.000000 0.000000 1.000000
0.994980 0.068885 0.072597 0.000000 -0.042951 0.949133 -0.311932 9.533400 -0.090392 0.307248 0.947327 0.000000 0.000000 0.000000 0.000000 1.000000
0.995802 0.070512 0.058362 0.000000 -0.048981 0.949146 -0.311003 9.533400 -0.077324 0.306839 0.948615 0.000000 0.000000 0.000000 0.000000 1.000000
0.996333 0.071883 0.046404 0.000000 -0.054024 0.949110 -0.310275 9.533400 -0.066346 0.306630 0.949514 0.000000 0.000000 0.000000 0.000000 1.000000
0.996634 0.072926 0.037457 0.000000 -0.057799 0.949035 -0.309824 9.533400 -0.058142 0.306616 0.950056 0.000000 0.000000 0.000000 0.000000 1.000000
0.996778 0.073817 0.031393 0.000000 -0.060762 0.950323 -0.305278 9.533400 -0.052369 0.302387 0.951746 -0.000000 0.000000 0.000000 0.000000 1.000000
0.996826 0.074765 0.027365 0.000000 -0.063499 0.953938 -0.293207 9.533400 -0.048026 0.290539 0.955657 -0.000000 0.000000 0.000000 0.000000 1.000000
0.996812 0.075763 0.025022 0.000000 -0.066006 0.959213 -0.274870 9.533400 -0.044827 0.272342 0.961156 0.000000 0.000000 0.000000 0.000000 1.000000
0.996764 0.076706 0.024020 0.000000 -0.068235 0.965446 -0.251511 9.533400 -0.042483 0.249058 0.967556 0.000000 0.000000 0.000000 0.000000 1.000000
0.996680 0.077804 0.024009 0.000000 -0.070466 0.971943 -0.224415 9.533400 -0.040796 0.221978 0.974198 0.000000 0.000000 0.000000 0.000000 1.000000
0.996570 0.079000 0.024636 -0.000000 -0.072720 0.978125 -0.194891 9.533400 -0.039493 0.192431 0.980515 0.000000 0.000000 0.000000 0.000000 1.000000
0.996448 0.080242 0.025543 0.000000 -0.074992 0.983558 -0.164285 9.533400 -0.038306 0.161786 0.986082 0.000000 0.000000 0.000000 0.000000 1.000000
0.996327 0.081469 0.026366 0.000000 -0.077240 0.987970 -0.133978 9.533400 -0.036964 0.131450 0.990633 0.000000 0.000000 0.000000 0.000000 1.000000
0.996222 0.082626 0.026734 0.000000 -0.079386 0.991259 -0.105377 9.533400 -0.035207 0.102856 0.994073 0.000000 0.000000 0.000000 0.000000 1.000000
0.996149 0.083653 0.026270 0.000000 -0.081323 0.993481 -0.079890 9.533400 -0.032782 0.077446 0.996457 0.000000 0.000000 0.000000 0.000000 1.000000</float_array>
        <technique_common>
          <accessor source="#mixamorig_LeftHandMiddle1-Matrix-animation-output-transform-array" count="69" stride="16">
            <param type="float4x4"/>
          </accessor>
        </technique_common>
      </source>
      <source id="mixamorig_LeftHandMiddle1-Interpolations">
        <Name_array id="mixamorig_LeftHandMiddle1-Interpolations-array" count="69">
 LINEAR LINEAR LINEAR LINEAR LINEAR LINEAR LINEAR LINEAR LINEAR LINEAR LINEAR
LINEAR LINEAR LINEAR LINEAR LINEAR LINEAR LINEAR LINEAR LINEAR LINEAR LINEAR LINEAR
LINEAR LINEAR LINEAR LINEAR LINEAR LINEAR LINEAR LINEAR LINEAR LINEAR LINEAR LINEAR
LINEAR LINEAR LINEAR LINEAR LINEAR LINEAR LINEAR LINEAR LINEAR LINEAR LINEAR LINEAR
LINEAR LINEAR LINEAR LINEAR LINEAR LINEAR LINEAR LINEAR LINEAR LINEAR LINEAR LINEAR
LINEAR LINEAR LINEAR LINEAR LINEAR LINEAR LINEAR LINEAR LINEAR LINEAR</Name_array>
        <technique_common>
          <accessor source="#mixamorig_LeftHandMiddle1-Interpolations-array" count="69">
            <param type="name"/>
          </accessor>
        </technique_common>
      </source>
      <sampler id="mixamorig_LeftHandMiddle1-Matrix-animation-transform">
        <input semantic="INPUT" source="#mixamorig_LeftHandMiddle1-Matrix-animation-input"/>
        <input semantic="OUTPUT" source="#mixamorig_LeftHandMiddle1-Matrix-animation-output-transform"/>
        <input semantic="INTERPOLATION" source="#mixamorig_LeftHandMiddle1-Interpolations"/>
      </sampler>
      <channel source="#mixamorig_LeftHandMiddle1-Matrix-animation-transform" target="mixamorig_LeftHandMiddle1/matrix"/>
    </animation>
    <animation id="mixamorig_LeftHandMiddle2-anim" name="mixamorig_LeftHandMiddle2">
      <source id="mixamorig_LeftHandMiddle2-Matrix-animation-input">
        <float_array id="mixamorig_LeftHandMiddle2-Matrix-animation-input-array" count="69">

0.000000 0.033333 0.066667 0.100000 0.133333 0.166667 0.200000 0.233333 0.266667 0.300000 0.333333 0.366667 0.400000 0.433333 0.466667 0.500000
0.533333 0.566667 0.600000 0.633333 0.666667 0.700000 0.733333 0.766667 0.800000 0.833333 0.866667 0.900000 0.933333 0.966667 1.000000 1.033333
1.066667 1.100000 1.133333 1.166667 1.200000 1.233333 1.266667 1.300000 1.333333 1.366667 1.400000 1.433333 1.466667 1.500000 1.533333 1.566667
1.600000 1.633333 1.666667 1.700000 1.733333 1.766667 1.800000 1.833333 1.866667 1.900000 1.933333 1.966667 2.000000 2.033333 2.066667 2.100000
2.133333 2.166667 2.200000 2.233333 2.266667</float_array>
        <technique_common>
          <accessor source="#mixamorig_LeftHandMiddle2-Matrix-animation-input-array" count="69">
            <param name="TIME" type="float"/>
          </accessor>
        </technique_common>
      </source>
      <source id="mixamorig_LeftHandMiddle2-Matrix-animation-output-transform">
        <float_array id="mixamorig_LeftHandMiddle2-Matrix-animation-output-transform-array" count="1104">

0.999810 -0.015303 0.012066 0.000000 0.017624 0.974272 -0.224685 3.700000 -0.008318 0.224855 0.974357 0.000000 0.000000 0.000000 0.000000 1.000000
0.999830 -0.014865 0.010873 0.000000 0.016927 0.974340 -0.224442 3.700000 -0.007258 0.224588 0.974427 0.000000 0.000000 0.000000 0.000000 1.000000
0.999851 -0.014345 0.009560 -0.000000 0.016118 0.974633 -0.223228 3.700000 -0.006116 0.223349 0.974719 0.000000 0.000000 0.000000 0.000000 1.000000
0.999872 -0.013780 0.008184 0.000000 0.015251 0.975044 -0.221489 3.700000 -0.004927 0.221585 0.975129 -0.000000 0.000000 0.000000 0.000000 1.000000
0.999890 -0.013210 0.006799 0.000000 0.014382 0.975468 -0.219672 3.700000 -0.003730 0.219745 0.975550 0.000000 0.000000 0.000000 0.000000 1.000000
0.999905 -0.012671 0.005459 0.000000 0.013557 0.975804 -0.218227 3.700000 -0.002562 0.218280 0.975883 -0.000000 0.000000 0.000000 0.000000 1.000000
0.999917 -0.012201 0.004220 -0.000000 0.012827 0.975953 -0.217602 3.700000 -0.001463 0.217638 0.976028 0.000000 0.000000 0.000000 0.000000 1.000000
0.999925 -0.011839 0.003137 0.000000 0.012238 0.975817 -0.218248 3.700000 -0.000477 0.218270 0.975888 0.000000 0.000000 0.000000 0.000000 1.000000
0.999930 -0.011620 0.002264 0.000000 0.011833 0.975290 -0.220612 3.700000 0.000356 0.220623 0.975359 0.000000 0.000000 0.000000 0.000000 1.000000
0.999932 -0.011585 0.001657 -0.000000 0.011661 0.974256 -0.225142 3.700000 0.000994 0.225146 0.974325 0.000000 0.000000 0.000000 0.000000 1.000000
0.999929 -0.011838 0.001382 0.000000 0.011836 0.972640 -0.232018 3.700000 0.001402 0.232018 0.972711 0.000000 0.000000 0.000000 0.000000 1.000000
0.999924 -0.012259 0.001487 0.000000 0.012257 0.970664 -0.240128 3.700000 0.001500 0.240128 0.970740 0.000000 0.000000 0.000000 0.000000 1.000000
0.999917 -0.012757 0.001904 0.000000 0.012829 0.968260 -0.249615 3.700000 0.001340 0.249618 0.968343 0.000000 0.000000 0.000000 0.000000 1.000000
0.999908 -0.013345 0.002551 0.000000 0.013548 0.965281 -0.260861 3.700000 0.001019 0.260871 0.965373 0.000000 0.000000 0.000000 0.000000 1.000000
0.999896 -0.014045 0.003344 0.000000 0.014424 0.961553 -0.274242 3.700000 0.000636 0.274261 0.961655 0.000000 0.000000 0.000000 0.000000 1.000000
0.999881 -0.014873 0.004206 0.000000 0.015453 0.956865 -0.290122 3.700000 0.000290 0.290152 0.956980 0.000000 0.000000 0.000000 0.000000 1.000000
0.999862 -0.015846 0.005060 0.000000 0.016633 0.950965 -0.308851 3.700000 0.000082 0.308893 0.951097 0.000000 0.000000 0.000000 0.000000 1.000000
0.999839 -0.016976 0.005829 -0.000000 0.017949 0.943547 -0.330753 3.700000 0.000115 0.330804 0.943699 0.000000 0.000000 0.000000 0.000000 1.000000
0.999810 -0.018364 0.006565 0.000000 0.019497 0.933724 -0.357463 3.700000 0.000434 0.357523 0.933904 0.000000 0.000000 0.000000 0.000000 1.000000
0.999772 -0.020010 0.007449 0.000000 0.021331 0.920861 -0.389307 3.700000 0.000930 0.389377 0.921078 -0.000000 0.000000 0.000000 0.000000 1.000000
0.999729 -0.021674 0.008469 -0.000000 0.023219 0.905064 -0.424641 3.700000 0.001539 0.424723 0.905322 0.000000 0.000000 0.000000 0.000000 1.000000
0.999680 -0.023395 0.009647 0.000000 0.025206 0.886606 -0.461839 3.700000 0.002252 0.461934 0.886911 0.000000 0.000000 0.000000 0.000000 1.000000
0.999625 -0.025100 0.010954 -0.000000 0.027216 0.865973 -0.499350 3.700000 0.003048 0.499461 0.866331 0.000000 0.000000 0.000000 0.000000 1.000000
0.999567 -0.026723 0.012344 -0.000000 0.029177 0.843883 -0.535733 3.700000 0.003900 0.535861 0.844297 0.000000 0.000000 0.000000 0.000000 1.000000
0.999507 -0.028240 0.013703 0.000000 0.031015 0.821339 -0.569596 3.700000 0.004831 0.569741 0.821810 0.000000 0.000000 0.000000 0.000000 1.000000
0.999449 -0.029636 0.014967 0.000000 0.032687 0.799307 -0.600033 3.700000 0.005819 0.600191 0.799835 0.000000 0.000000 0.000000 0.000000 1.000000
0.999396 -0.030836 0.016039 0.000000 0.034087 0.779262 -0.625771 3.700000 0.006798 0.625939 0.779842 0.000000 0.000000 0.000000 0.000000 1.000000
0.999354 -0.031738 0.016847 -0.000000 0.035121 0.763673 -0.644648 3.700000 0.007594 0.644823 0.764294 -0.000000 0.000000 0.000000 0.000000 1.000000
0.999318 -0.032492 0.017560 0.000000 0.035990 0.749904 -0.660566 3.700000 0.008294 0.660748 0.750562 0.000000 0.000000 0.000000 0.000000 1.000000
0.999288 -0.033089 0.018155 0.000000 0.036684 0.738433 -0.673328 3.700000 0.008874 0.673515 0.739121 0.000000 0.000000 0.000000 0.000000 1.000000
0.999259 -0.033621 0.018712 0.000000 0.037308 0.727641 -0.684943 3.700000 0.009413 0.685134 0.728357 0.000000 0.000000 0.000000 0.000000 1.000000
0.999233 -0.034104 0.019227 0.000000 0.037874 0.717636 -0.695388 3.700000 0.009918 0.695583 0.718377 0.000000 0.000000 0.000000 0.000000 1.000000
0.999209 -0.034559 0.019694 0.000000 0.038393 0.708522 -0.704643 3.700000 0.010398 0.704842 0.709288 0.000000 0.000000 0.000000 0.000000 1.000000
0.999186 -0.034956 0.020111 0.000000 0.038848 0.700404 -0.712689 3.700000 0.010827 0.712890 0.701192 0.000000 0.000000 0.000000 0.000000 1.000000
0.999167 -0.035292 0.020468 -0.000000 0.039231 0.693380 -0.719503 3.700000 0.011201 0.719707 0.694187 0.000000 0.000000 0.000000 0.000000 1.000000
0.999152 -0.035571 0.020760 0.000000 0.039542 0.687545 -0.725064 3.700000 0.011518 0.725270 0.688368 0.000000 0.000000 0.000000 0.000000 1.000000
0.999142 -0.035721 0.020963 0.000000 0.039721 0.682993 -0.729344 3.700000 0.011735 0.729551 0.683826 0.000000 0.000000 0.000000 0.000000 1.000000
0.999135 -0.035819 0.021111 0.000000 0.039844 0.679805 -0.732309 3.700000 0.011879 0.732517 0.680645 -0.000000 0.000000 0.000000 0.000000 1.000000
0.999132 -0.035875 0.021190 -0.000000 0.039912 0.678063 -0.733919 3.700000 0.011961 0.734127 0.678906 0.000000 0.000000 0.000000 0.000000 1.000000
0.999131 -0.035890 0.021196 0.000000 0.039923 0.677837 -0.734127 3.700000 0.011980 0.734335 0.678681 0.000000 0.000000 0.000000 0.000000 1.000000
0.999133 -0.035861 0.021128 0.000000 0.039875 0.679190 -0.732878 3.700000 0.011932 0.733085 0.680032 0.000000 0.000000 0.000000 0.000000 1.000000
0.999139 -0.035771 0.021000 0.000000 0.039769 0.682178 -0.730104 3.700000 0.011791 0.730311 0.683013 0.000000 0.000000 0.000000 0.000000 1.000000
0.999153 -0.035532 0.020755 0.000000 0.039501 0.686840 -0.725734 3.700000 0.011531 0.725939 0.687662 0.000000 0.000000 0.000000 0.000000 1.000000
0.999171 -0.035228 0.020418 0.000000 0.039147 0.693209 -0.719673 3.700000 0.011198 0.719875 0.694013 0.000000 0.000000 0.000000 0.000000 1.000000
0.999194 -0.034820 0.019997 -0.000000 0.038685 0.701300 -0.711816 3.700000 0.010762 0.712015 0.702081 0.000000 0.000000 0.000000 0.000000 1.000000
0.999221 -0.034320 0.019487 0.000000 0.038115 0.711112 -0.702045 3.700000 0.010237 0.702241 0.711866 0.000000 0.000000 0.000000 0.000000 1.000000
0.999253 -0.033714 0.018890 0.000000 0.037429 0.722625 -0.690226 3.700000 0.009620 0.690417 0.723347 0.000000 0.000000 0.000000 0.000000 1.000000
0.999290 -0.032997 0.018209 0.000000 0.036619 0.735801 -0.676208 3.700000 0.008915 0.676394 0.736486 0.000000 0.000000 0.000000 0.000000 1.000000
0.999333 -0.032115 0.017408 -0.000000 0.035625 0.751356 -0.658935 3.700000 0.008082 0.659116 0.751998 0.000000 0.000000 0.000000 0.000000 1.000000
0.999392 -0.030813 0.016295 0.000000 0.034163 0.773068 -0.633402 3.700000 0.006920 0.633574 0.773651 -0.000000 0.000000 0.000000 0.000000 1.000000
0.999465 -0.029104 0.014946 0.000000 0.032250 0.799459 -0.599854 3.700000 0.005510 0.600015 0.799970 0.000000 0.000000 0.000000 0.000000 1.000000
0.999543 -0.027054 0.013477 0.000000 0.029962 0.828212 -0.559613 3.700000 0.003978 0.559761 0.828644 0.000000 0.000000 0.000000 0.000000 1.000000
0.999621 -0.024762 0.011998 0.000000 0.027407 0.857203 -0.514248 3.700000 0.002450 0.514382 0.857557 0.000000 0.000000 0.000000 0.000000 1.000000
0.999694 -0.022331 0.010599 0.000000 0.024698 0.884637 -0.465626 3.700000 0.001021 0.465746 0.884918 0.000000 0.000000 0.000000 0.000000 1.000000
0.999759 -0.019844 0.009351 -0.000000 0.021936 0.909141 -0.415911 3.700000 -0.000248 0.416016 0.909357 -0.000000 0.000000 0.000000 0.000000 1.000000
0.999814 -0.017426 0.008307 0.000000 0.019260 0.929820 -0.367511 3.700000 -0.001320 0.367602 0.929982 0.000000 0.000000 0.000000 0.000000 1.000000
0.999856 -0.015210 0.007523 0.000000 0.016825 0.946251 -0.322994 3.700000 -0.002206 0.323074 0.946371 0.000000 0.000000 0.000000 0.000000 1.000000
0.999887 -0.013335 0.006957 0.000000 0.014765 0.958410 -0.285013 3.700000 -0.002867 0.285084 0.958498 0.000000 0.000000 0.000000 0.000000 1.000000
0.999907 -0.011932 0.006598 0.000000 0.013224 0.966528 -0.256219 3.700000 -0.003320 0.256282 0.966596 -0.000000 0.000000 0.000000 0.000000 1.000000
0.999918 -0.011042 0.006465 0.000000 0.012258 0.971511 -0.236679 3.700000 -0.003667 0.236738 0.971567 0.000000 0.000000 0.000000 0.000000 1.000000
0.999921 -0.010658 0.006622 0.000000 0.011870 0.974524 -0.223968 3.700000 -0.004066 0.224029 0.974574 0.000000 0.000000 0.000000 0.000000 1.000000
0.999918 -0.010701 0.007015 -0.000000 0.011969 0.976113 -0.216932 3.700000 -0.004526 0.216998 0.976162 0.000000 0.000000 0.000000 0.000000 1.000000
0.999910 -0.011082 0.007590 0.000000 0.012452 0.976672 -0.214373 3.700000 -0.005037 0.214448 0.976722 0.000000 0.000000 0.000000 0.000000 1.000000
0.999897 -0.011710 0.008294 0.000000 0.013220 0.976508 -0.215077 3.700000 -0.005581 0.215165 0.976562 -0.000000 0.000000 0.000000 0.000000 1.000000
0.999881 -0.012490 0.009082 0.000000 0.014169 0.975887 -0.217818 3.700000 -0.006142 0.217921 0.975947 0.000000 0.000000 0.000000 0.000000 1.000000
0.999862 -0.013332 0.009902 0.000000 0.015194 0.975072 -0.221370 3.700000 -0.006704 0.221490 0.975140 0.000000 0.000000 0.000000 0.000000 1.000000
0.999843 -0.014143 0.010706 0.000000 0.016186 0.974337 -0.224512 3.700000 -0.007256 0.224650 0.974413 0.000000 0.000000 0.000000 0.000000 1.000000
0.999825 -0.014829 0.011444 -0.000000 0.017033 0.973973 -0.226022 3.700000 -0.007794 0.226177 0.974055 -0.000000 0.000000 0.000000 0.000000 1.000000
0.999810 -0.015304 0.012067 0.000000 0.017625 0.974272 -0.224685 3.700000 -0.008318 0.224855 0.974357 0.000000 0.000000 0.000000 0.000000 1.000000</float_array>
        <technique_common>
          <accessor source="#mixamorig_LeftHandMiddle2-Matrix-animation-output-transform-array" count="69" stride="16">
            <param type="float4x4"/>
          </accessor>
        </technique_common>
      </source>
      <source id="mixamorig_LeftHandMiddle2-Interpolations">
        <Name_array id="mixamorig_LeftHandMiddle2-Interpolations-array" count="69">
 LINEAR LINEAR LINEAR LINEAR LINEAR LINEAR LINEAR LINEAR LINEAR LINEAR LINEAR
LINEAR LINEAR LINEAR LINEAR LINEAR LINEAR LINEAR LINEAR LINEAR LINEAR LINEAR LINEAR
LINEAR LINEAR LINEAR LINEAR LINEAR LINEAR LINEAR LINEAR LINEAR LINEAR LINEAR LINEAR
LINEAR LINEAR LINEAR LINEAR LINEAR LINEAR LINEAR LINEAR LINEAR LINEAR LINEAR LINEAR
LINEAR LINEAR LINEAR LINEAR LINEAR LINEAR LINEAR LINEAR LINEAR LINEAR LINEAR LINEAR
LINEAR LINEAR LINEAR LINEAR LINEAR LINEAR LINEAR LINEAR LINEAR LINEAR</Name_array>
        <technique_common>
          <accessor source="#mixamorig_LeftHandMiddle2-Interpolations-array" count="69">
            <param type="name"/>
          </accessor>
        </technique_common>
      </source>
      <sampler id="mixamorig_LeftHandMiddle2-Matrix-animation-transform">
        <input semantic="INPUT" source="#mixamorig_LeftHandMiddle2-Matrix-animation-input"/>
        <input semantic="OUTPUT" source="#mixamorig_LeftHandMiddle2-Matrix-animation-output-transform"/>
        <input semantic="INTERPOLATION" source="#mixamorig_LeftHandMiddle2-Interpolations"/>
      </sampler>
      <channel source="#mixamorig_LeftHandMiddle2-Matrix-animation-transform" target="mixamorig_LeftHandMiddle2/matrix"/>
    </animation>
    <animation id="mixamorig_LeftHandMiddle3-anim" name="mixamorig_LeftHandMiddle3">
      <source id="mixamorig_LeftHandMiddle3-Matrix-animation-input">
        <float_array id="mixamorig_LeftHandMiddle3-Matrix-animation-input-array" count="69">

0.000000 0.033333 0.066667 0.100000 0.133333 0.166667 0.200000 0.233333 0.266667 0.300000 0.333333 0.366667 0.400000 0.433333 0.466667 0.500000
0.533333 0.566667 0.600000 0.633333 0.666667 0.700000 0.733333 0.766667 0.800000 0.833333 0.866667 0.900000 0.933333 0.966667 1.000000 1.033333
1.066667 1.100000 1.133333 1.166667 1.200000 1.233333 1.266667 1.300000 1.333333 1.366667 1.400000 1.433333 1.466667 1.500000 1.533333 1.566667
1.600000 1.633333 1.666667 1.700000 1.733333 1.766667 1.800000 1.833333 1.866667 1.900000 1.933333 1.966667 2.000000 2.033333 2.066667 2.100000
2.133333 2.166667 2.200000 2.233333 2.266667</float_array>
        <technique_common>
          <accessor source="#mixamorig_LeftHandMiddle3-Matrix-animation-input-array" count="69">
            <param name="TIME" type="float"/>
          </accessor>
        </technique_common>
      </source>
      <source id="mixamorig_LeftHandMiddle3-Matrix-animation-output-transform">
        <float_array id="mixamorig_LeftHandMiddle3-Matrix-animation-output-transform-array" count="1104">

0.999664 -0.019400 0.017210 0.000000 0.023501 0.958287 -0.284840 2.950000 -0.010966 0.285149 0.958420 0.000000 0.000000 0.000000 0.000000 1.000000
0.999703 -0.018741 0.015554 -0.000000 0.022377 0.958910 -0.282825 2.950000 -0.009614 0.283089 0.959045 0.000000 0.000000 0.000000 0.000000 1.000000
0.999739 -0.018188 0.013807 0.000000 0.021362 0.958579 -0.284024 2.950000 -0.008069 0.284245 0.958718 -0.000000 0.000000 0.000000 0.000000 1.000000
0.999771 -0.017692 0.012011 0.000000 0.020396 0.957728 -0.286951 2.950000 -0.006426 0.287130 0.957870 0.000000 0.000000 0.000000 0.000000 1.000000
0.999800 -0.017204 0.010210 -0.000000 0.019426 0.956793 -0.290119 2.950000 -0.004777 0.290259 0.956936 0.000000 0.000000 0.000000 0.000000 1.000000
0.999825 -0.016675 0.008441 -0.000000 0.018414 0.956227 -0.292047 2.950000 -0.003201 0.292152 0.956367 0.000000 0.000000 0.000000 0.000000 1.000000
0.999848 -0.016057 0.006749 0.000000 0.017327 0.956488 -0.291257 2.950000 -0.001779 0.291330 0.956621 0.000000 0.000000 0.000000 0.000000 1.000000
0.999870 -0.015301 0.005175 0.000000 0.016143 0.958015 -0.286262 2.950000 -0.000578 0.286309 0.958137 0.000000 0.000000 0.000000 0.000000 1.000000
0.999890 -0.014358 0.003765 0.000000 0.014840 0.961171 -0.275555 2.950000 0.000337 0.275581 0.961278 0.000000 0.000000 0.000000 0.000000 1.000000
0.999910 -0.013175 0.002574 -0.000000 0.013394 0.966163 -0.257585 2.950000 0.000907 0.257596 0.966252 -0.000000 0.000000 0.000000 0.000000 1.000000
0.999931 -0.011624 0.001651 0.000000 0.011694 0.973458 -0.228568 2.950000 0.001050 0.228572 0.973527 0.000000 0.000000 0.000000 0.000000 1.000000
0.999958 -0.009150 0.001013 0.000000 0.009184 0.984060 -0.177602 2.950000 0.000628 0.177604 0.984102 0.000000 0.000000 0.000000 0.000000 1.000000
0.999981 -0.006073 0.000782 0.000000 0.006122 0.993830 -0.110743 2.950000 -0.000105 0.110745 0.993849 0.000000 0.000000 0.000000 0.000000 1.000000
0.999996 -0.002761 0.001027 0.000000 0.002797 0.999305 -0.037174 2.950000 -0.000924 0.037176 0.999308 0.000000 0.000000 0.000000 0.000000 1.000000
0.999998 0.000370 0.001697 -0.000000 -0.000427 0.999439 0.033499 2.950000 -0.001684 -0.033499 0.999437 0.000000 0.000000 0.000000 0.000000 1.000000
0.999992 0.002908 0.002604 -0.000000 -0.003135 0.995786 0.091653 2.950000 -0.002326 -0.091661 0.995788 -0.000000 0.000000 0.000000 0.000000 1.000000
0.999984 0.004455 0.003468 0.000000 -0.004862 0.991763 0.127995 2.950000 -0.002870 -0.128010 0.991769 -0.000000 0.000000 0.000000 0.000000 1.000000
0.999981 0.004651 0.003998 0.000000 -0.005143 0.991036 0.133496 2.950000 -0.003342 -0.133514 0.991041 -0.000000 0.000000 0.000000 0.000000 1.000000
0.999986 0.003310 0.004227 -0.000000 -0.003739 0.994377 0.105832 2.950000 -0.003853 -0.105846 0.994375 0.000000 0.000000 0.000000 0.000000 1.000000
0.999990 0.000816 0.004445 0.000000 -0.001047 0.998636 0.052193 2.950000 -0.004397 -0.052197 0.998627 0.000000 0.000000 0.000000 0.000000 1.000000
0.999985 -0.002618 0.004844 0.000000 0.002724 0.999754 -0.022031 2.950000 -0.004785 0.022044 0.999746 -0.000000 0.000000 0.000000 0.000000 1.000000
0.999962 -0.006728 0.005605 0.000000 0.007309 0.993795 -0.110985 2.950000 -0.004824 0.111022 0.993806 0.000000 0.000000 0.000000 0.000000 1.000000
0.999914 -0.011222 0.006852 0.000000 0.012403 0.977990 -0.208281 2.950000 -0.004364 0.208348 0.978045 0.000000 0.000000 0.000000 0.000000 1.000000
0.999838 -0.015795 0.008614 0.000000 0.017678 0.951456 -0.307278 2.950000 -0.003342 0.307380 0.951581 0.000000 0.000000 0.000000 0.000000 1.000000
0.999739 -0.020148 0.010796 -0.000000 0.022787 0.915627 -0.401383 2.950000 -0.001799 0.401524 0.915847 0.000000 0.000000 0.000000 0.000000 1.000000
0.999623 -0.024055 0.013225 -0.000000 0.027450 0.873744 -0.485611 2.950000 0.000126 0.485791 0.874075 0.000000 0.000000 0.000000 0.000000 1.000000
0.999506 -0.027298 0.015597 0.000000 0.031364 0.831309 -0.554924 2.950000 0.002182 0.555139 0.831755 0.000000 0.000000 0.000000 0.000000 1.000000
0.999412 -0.029573 0.017364 0.000000 0.034065 0.797673 -0.602127 2.950000 0.003955 0.602365 0.798211 0.000000 0.000000 0.000000 0.000000 1.000000
0.999329 -0.031390 0.018869 0.000000 0.036198 0.768058 -0.639357 2.950000 0.005577 0.639611 0.768679 0.000000 0.000000 0.000000 0.000000 1.000000
0.999266 -0.032654 0.020019 0.000000 0.037692 0.745418 -0.665531 2.950000 0.006810 0.665797 0.746102 -0.000000 0.000000 0.000000 0.000000 1.000000
0.999211 -0.033697 0.021040 0.000000 0.038933 0.725330 -0.687299 2.950000 0.007898 0.687576 0.726069 0.000000 0.000000 0.000000 0.000000 1.000000
0.999163 -0.034546 0.021923 0.000000 0.039949 0.707965 -0.705116 2.950000 0.008838 0.705402 0.708753 0.000000 0.000000 0.000000 0.000000 1.000000
0.999121 -0.035254 0.022662 -0.000000 0.040784 0.693412 -0.719386 2.950000 0.009648 0.719678 0.694241 -0.000000 0.000000 0.000000 0.000000 1.000000
0.999088 -0.035809 0.023257 -0.000000 0.041437 0.681691 -0.730466 2.950000 0.010303 0.730764 0.682553 0.000000 0.000000 0.000000 0.000000 1.000000
0.999063 -0.036217 0.023711 0.000000 0.041919 0.672765 -0.738668 2.950000 0.010800 0.738970 0.673652 -0.000000 0.000000 0.000000 0.000000 1.000000
0.999047 -0.036460 0.023990 0.000000 0.042197 0.666552 -0.744264 2.950000 0.011145 0.744567 0.667455 -0.000000 0.000000 0.000000 0.000000 1.000000
0.999040 -0.036552 0.024147 0.000000 0.042322 0.662932 -0.747483 2.950000 0.011314 0.747787 0.663842 0.000000 0.000000 0.000000 0.000000 1.000000
0.999038 -0.036586 0.024194 0.000000 0.042362 0.661754 -0.748523 2.950000 0.011375 0.748827 0.662667 0.000000 0.000000 0.000000 0.000000 1.000000
0.999040 -0.036567 0.024137 -0.000000 0.042323 0.662846 -0.747558 2.950000 0.011336 0.747862 0.663757 0.000000 0.000000 0.000000 0.000000 1.000000
0.999047 -0.036449 0.024026 0.000000 0.042209 0.666016 -0.744742 2.950000 0.011144 0.745046 0.666920 0.000000 0.000000 0.000000 0.000000 1.000000
0.999060 -0.036242 0.023800 0.000000 0.041977 0.671058 -0.740216 2.950000 0.010855 0.740519 0.671948 0.000000 0.000000 0.000000 0.000000 1.000000
0.999079 -0.035929 0.023448 -0.000000 0.041603 0.677757 -0.734108 2.950000 0.010484 0.734408 0.678628 0.000000 0.000000 0.000000 0.000000 1.000000
0.999103 -0.035538 0.023028 0.000000 0.041143 0.685892 -0.726539 2.950000 0.010025 0.726835 0.686739 0.000000 0.000000 0.000000 0.000000 1.000000
0.999130 -0.035078 0.022543 0.000000 0.040601 0.695239 -0.717631 2.950000 0.009500 0.717923 0.696058 0.000000 0.000000 0.000000 0.000000 1.000000
0.999160 -0.034559 0.022008 0.000000 0.039988 0.705574 -0.707507 2.950000 0.008922 0.707793 0.706363 -0.000000 0.000000 0.000000 0.000000 1.000000
0.999193 -0.033983 0.021432 0.000000 0.039309 0.716675 -0.696298 2.950000 0.008303 0.696579 0.717432 0.000000 0.000000 0.000000 0.000000 1.000000
0.999226 -0.033360 0.020827 0.000000 0.038575 0.728330 -0.684140 2.950000 0.007654 0.684414 0.729053 -0.000000 0.000000 0.000000 0.000000 1.000000
0.999261 -0.032696 0.020205 0.000000 0.037795 0.740329 -0.671182 2.950000 0.006987 0.671449 0.741017 0.000000 0.000000 0.000000 0.000000 1.000000
0.999299 -0.031949 0.019531 0.000000 0.036918 0.753352 -0.656580 2.950000 0.006264 0.656841 0.754003 0.000000 0.000000 0.000000 0.000000 1.000000
0.999352 -0.030840 0.018581 -0.000000 0.035622 0.771809 -0.634856 2.950000 0.005238 0.635106 0.772407 0.000000 0.000000 0.000000 0.000000 1.000000
0.999417 -0.029373 0.017408 -0.000000 0.033912 0.794662 -0.606104 2.950000 0.003969 0.606341 0.795195 0.000000 0.000000 0.000000 0.000000 1.000000
0.999489 -0.027610 0.016114 0.000000 0.031865 0.819951 -0.571546 2.950000 0.002568 0.571767 0.820412 0.000000 0.000000 0.000000 0.000000 1.000000
0.999562 -0.025624 0.014789 0.000000 0.029564 0.845862 -0.532581 2.950000 0.001137 0.532785 0.846250 0.000000 0.000000 0.000000 0.000000 1.000000
0.999632 -0.023508 0.013514 0.000000 0.027115 0.870828 -0.490839 2.950000 -0.000230 0.491025 0.871145 0.000000 0.000000 0.000000 0.000000 1.000000
0.999695 -0.021391 0.012354 0.000000 0.024659 0.893604 -0.448178 2.950000 -0.001452 0.448346 0.893859 -0.000000 0.000000 0.000000 0.000000 1.000000
0.999749 -0.019336 0.011351 -0.000000 0.022281 0.913308 -0.406659 2.950000 -0.002504 0.406810 0.913509 0.000000 0.000000 0.000000 0.000000 1.000000
0.999792 -0.017451 0.010587 -0.000000 0.020125 0.929415 -0.368487 2.950000 -0.003409 0.368623 0.929573 0.000000 0.000000 0.000000 0.000000 1.000000
0.999824 -0.015866 0.010032 0.000000 0.018315 0.941702 -0.335949 2.950000 -0.004117 0.336073 0.941827 0.000000 0.000000 0.000000 0.000000 1.000000
0.999845 -0.014688 0.009677 -0.000000 0.016972 0.950144 -0.311350 2.950000 -0.004622 0.311466 0.950246 0.000000 0.000000 0.000000 0.000000 1.000000
0.999857 -0.013970 0.009575 -0.000000 0.016172 0.955449 -0.294714 2.950000 -0.005031 0.294827 0.955538 0.000000 0.000000 0.000000 0.000000 1.000000
0.999857 -0.013740 0.009829 0.000000 0.015966 0.958720 -0.283904 2.950000 -0.005523 0.284021 0.958802 0.000000 0.000000 0.000000 0.000000 1.000000
0.999849 -0.013925 0.010383 -0.000000 0.016263 0.960461 -0.277938 2.950000 -0.006102 0.278065 0.960543 0.000000 0.000000 0.000000 0.000000 1.000000
0.999833 -0.014439 0.011169 0.000000 0.016960 0.961066 -0.275797 2.950000 -0.006752 0.275940 0.961151 0.000000 0.000000 0.000000 0.000000 1.000000
0.999811 -0.015191 0.012123 0.000000 0.017951 0.960864 -0.276440 2.950000 -0.007449 0.276605 0.960955 0.000000 0.000000 0.000000 0.000000 1.000000
0.999784 -0.016093 0.013183 0.000000 0.019131 0.960152 -0.278821 2.950000 -0.008170 0.279013 0.960253 0.000000 0.000000 0.000000 0.000000 1.000000
0.999753 -0.017054 0.014284 0.000000 0.020390 0.959229 -0.281895 2.950000 -0.008894 0.282116 0.959339 0.000000 0.000000 0.000000 0.000000 1.000000
0.999720 -0.017985 0.015365 -0.000000 0.021616 0.958398 -0.284616 2.950000 -0.009607 0.284868 0.958519 0.000000 0.000000 0.000000 0.000000 1.000000
0.999689 -0.018797 0.016362 0.000000 0.022692 0.957978 -0.285944 2.950000 -0.010299 0.286226 0.958107 0.000000 0.000000 0.000000 0.000000 1.000000
0.999664 -0.019399 0.017210 0.000000 0.023500 0.958287 -0.284840 2.950000 -0.010966 0.285149 0.958420 0.000000 0.000000 0.000000 0.000000 1.000000</float_array>
        <technique_common>
          <accessor source="#mixamorig_LeftHandMiddle3-Matrix-animation-output-transform-array" count="69" stride="16">
            <param type="float4x4"/>
          </accessor>
        </technique_common>
      </source>
      <source id="mixamorig_LeftHandMiddle3-Interpolations">
        <Name_array id="mixamorig_LeftHandMiddle3-Interpolations-array" count="69">
 LINEAR LINEAR LINEAR LINEAR LINEAR LINEAR LINEAR LINEAR LINEAR LINEAR LINEAR
LINEAR LINEAR LINEAR LINEAR LINEAR LINEAR LINEAR LINEAR LINEAR LINEAR LINEAR LINEAR
LINEAR LINEAR LINEAR LINEAR LINEAR LINEAR LINEAR LINEAR LINEAR LINEAR LINEAR LINEAR
LINEAR LINEAR LINEAR LINEAR LINEAR LINEAR LINEAR LINEAR LINEAR LINEAR LINEAR LINEAR
LINEAR LINEAR LINEAR LINEAR LINEAR LINEAR LINEAR LINEAR LINEAR LINEAR LINEAR LINEAR
LINEAR LINEAR LINEAR LINEAR LINEAR LINEAR LINEAR LINEAR LINEAR LINEAR</Name_array>
        <technique_common>
          <accessor source="#mixamorig_LeftHandMiddle3-Interpolations-array" count="69">
            <param type="name"/>
          </accessor>
        </technique_common>
      </source>
      <sampler id="mixamorig_LeftHandMiddle3-Matrix-animation-transform">
        <input semantic="INPUT" source="#mixamorig_LeftHandMiddle3-Matrix-animation-input"/>
        <input semantic="OUTPUT" source="#mixamorig_LeftHandMiddle3-Matrix-animation-output-transform"/>
        <input semantic="INTERPOLATION" source="#mixamorig_LeftHandMiddle3-Interpolations"/>
      </sampler>
      <channel source="#mixamorig_LeftHandMiddle3-Matrix-animation-transform" target="mixamorig_LeftHandMiddle3/matrix"/>
    </animation>
    <animation id="mixamorig_LeftHandRing1-anim" name="mixamorig_LeftHandRing1">
      <source id="mixamorig_LeftHandRing1-Matrix-animation-input">
        <float_array id="mixamorig_LeftHandRing1-Matrix-animation-input-array" count="69">

0.000000 0.033333 0.066667 0.100000 0.133333 0.166667 0.200000 0.233333 0.266667 0.300000 0.333333 0.366667 0.400000 0.433333 0.466667 0.500000
0.533333 0.566667 0.600000 0.633333 0.666667 0.700000 0.733333 0.766667 0.800000 0.833333 0.866667 0.900000 0.933333 0.966667 1.000000 1.033333
1.066667 1.100000 1.133333 1.166667 1.200000 1.233333 1.266667 1.300000 1.333333 1.366667 1.400000 1.433333 1.466667 1.500000 1.533333 1.566667
1.600000 1.633333 1.666667 1.700000 1.733333 1.766667 1.800000 1.833333 1.866667 1.900000 1.933333 1.966667 2.000000 2.033333 2.066667 2.100000
2.133333 2.166667 2.200000 2.233333 2.266667</float_array>
        <technique_common>
          <accessor source="#mixamorig_LeftHandRing1-Matrix-animation-input-array" count="69">
            <param name="TIME" type="float"/>
          </accessor>
        </technique_common>
      </source>
      <source id="mixamorig_LeftHandRing1-Matrix-animation-output-transform">
        <float_array id="mixamorig_LeftHandRing1-Matrix-animation-output-transform-array" count="1104">

0.989036 0.146625 0.017566 1.865100 -0.138118 0.960562 -0.241338 9.104500 -0.052259 0.236266 0.970282 0.043000 0.000000 0.000000 0.000000 1.000000
0.988951 0.147529 0.014551 1.865100 -0.139889 0.961193 -0.237780 9.104500 -0.049066 0.233117 0.971210 0.043000 0.000000 0.000000 0.000000 1.000000
0.988508 0.150917 0.008718 1.865100 -0.144759 0.961634 -0.233033 9.104500 -0.043552 0.229093 0.972430 0.043000 0.000000 0.000000 0.000000 1.000000
0.987813 0.155641 0.001375 1.865100 -0.151248 0.961942 -0.227577 9.104500 -0.036743 0.224596 0.973759 0.043000 0.000000 0.000000 0.000000 1.000000
0.987008 0.160553 -0.006173 1.865100 -0.157904 0.962190 -0.221939 9.104500 -0.029693 0.220030 0.975041 0.043000 0.000000 0.000000 0.000000 1.000000
0.986295 0.164508 -0.012629 1.865100 -0.163310 0.962480 -0.216705 9.104500 -0.023494 0.215798 0.976155 0.043000 0.000000 0.000000 0.000000 1.000000
0.985923 0.166362 -0.016707 1.865100 -0.166085 0.962938 -0.212521 9.104500 -0.019268 0.212305 0.977014 0.043000 0.000000 0.000000 0.000000 1.000000
0.986149 0.164976 -0.017119 1.865100 -0.164865 0.963692 -0.210041 9.104500 -0.018154 0.209954 0.977543 0.043000 0.000000 0.000000 0.000000 1.000000
0.987166 0.159200 -0.012569 1.865100 -0.158271 0.964839 -0.209848 9.104500 -0.021280 0.209144 0.977653 0.043000 0.000000 0.000000 0.000000 1.000000
0.989005 0.147874 -0.001736 1.865100 -0.144867 0.966397 -0.212345 9.104500 -0.029722 0.210262 0.977193 0.043000 0.000000 0.000000 0.000000 1.000000
0.991512 0.128786 0.017840 1.865100 -0.121861 0.968366 -0.217756 9.104500 -0.045320 0.213734 0.975840 0.043000 0.000000 0.000000 0.000000 1.000000
0.993965 0.096718 0.051764 1.865100 -0.082717 0.970735 -0.225459 9.104500 -0.072055 0.219816 0.972877 0.043000 0.000000 0.000000 0.000000 1.000000
0.993836 0.055092 0.096199 1.865100 -0.031409 0.972149 -0.232251 9.104500 -0.106315 0.227798 0.967887 0.043000 0.000000 0.000000 0.000000 1.000000
0.989303 0.008719 0.145612 1.865100 0.026119 0.971494 -0.235622 9.104500 -0.143515 0.236904 0.960874 0.043000 0.000000 0.000000 0.000000 1.000000
0.980212 -0.037507 0.194364 1.865100 0.083629 0.968421 -0.234876 9.104500 -0.179417 0.246482 0.952395 0.043000 0.000000 0.000000 0.000000 1.000000
0.968292 -0.078679 0.237110 1.865100 0.134953 0.963450 -0.231414 9.104500 -0.210236 0.256075 0.943518 0.043000 0.000000 0.000000 0.000000 1.000000
0.956807 -0.109973 0.269122 1.865100 0.174331 0.957834 -0.228393 9.104500 -0.232657 0.265444 0.935633 0.043000 0.000000 0.000000 0.000000 1.000000
0.949750 -0.126660 0.286237 1.865100 0.196394 0.953203 -0.229856 9.104500 -0.243729 0.274521 0.930180 0.043000 0.000000 0.000000 0.000000 1.000000
0.948658 -0.128644 0.288963 1.865100 0.201399 0.950102 -0.238211 9.104500 -0.243900 0.284177 0.927230 0.043000 0.000000 0.000000 0.000000 1.000000
0.951908 -0.120307 0.281775 1.865100 0.194511 0.947869 -0.252407 9.104500 -0.236720 0.295077 0.925685 0.043000 0.000000 0.000000 0.000000 1.000000
0.958259 -0.103656 0.266449 1.865100 0.177635 0.946108 -0.270787 9.104500 -0.224021 0.306815 0.925029 0.043000 0.000000 0.000000 0.000000 1.000000
0.966238 -0.080687 0.244691 1.865100 0.152658 0.944334 -0.291425 9.104500 -0.207556 0.318940 0.924769 0.043000 0.000000 0.000000 0.000000 1.000000
0.974422 -0.053419 0.218285 1.865100 0.121637 0.942122 -0.312427 9.104500 -0.188962 0.330987 0.924522 0.043000 0.000000 0.000000 0.000000 1.000000
0.981652 -0.023895 0.189179 1.865100 0.086879 0.939205 -0.332183 9.104500 -0.169740 0.342524 0.924048 0.043000 0.000000 0.000000 0.000000 1.000000
0.987174 0.005760 0.159546 1.865100 0.051028 0.935545 -0.349502 9.104500 -0.151276 0.353160 0.923252 0.043000 0.000000 0.000000 0.000000 1.000000
0.990753 0.033651 0.131436 1.865100 0.016640 0.931302 -0.363868 9.104500 -0.134651 0.362691 0.922130 0.043000 0.000000 0.000000 0.000000 1.000000
0.992560 0.057541 0.107305 1.865100 -0.013187 0.926906 -0.375062 9.104500 -0.121043 0.370856 0.920768 0.043000 0.000000 0.000000 0.000000 1.000000
0.993103 0.073674 0.091202 1.865100 -0.033319 0.923173 -0.382939 9.104500 -0.112408 0.377259 0.919261 0.043000 0.000000 0.000000 0.000000 1.000000
0.993151 0.086228 0.078841 1.865100 -0.048933 0.919728 -0.389495 9.104500 -0.106098 0.382969 0.917648 0.043000 0.000000 0.000000 0.000000 1.000000
0.992995 0.094063 0.071500 1.865100 -0.058398 0.916794 -0.395067 9.104500 -0.102712 0.388124 0.915866 0.043000 0.000000 0.000000 0.000000 1.000000
0.992783 0.099940 0.066283 1.865100 -0.065277 0.914012 -0.400402 9.104500 -0.100600 0.393185 0.913939 0.043000 0.000000 0.000000 0.000000 1.000000
0.992576 0.104053 0.062981 1.865100 -0.069814 0.911419 -0.405515 9.104500 -0.099597 0.398107 0.911916 0.043000 0.000000 0.000000 0.000000 1.000000
0.992407 0.106588 0.061380 1.865100 -0.072252 0.909044 -0.410388 9.104500 -0.099540 0.402837 0.909843 0.043000 0.000000 0.000000 0.000000 1.000000
0.992290 0.107735 0.061269 1.865100 -0.072842 0.906909 -0.414982 9.104500 -0.100273 0.407320 0.907764 0.043000 0.000000 0.000000 0.000000 1.000000
0.992223 0.107682 0.062433 1.865100 -0.071839 0.905028 -0.419243 9.104500 -0.101649 0.411497 0.905725 0.043000 0.000000 0.000000 0.000000 1.000000
0.992195 0.106618 0.064663 1.865100 -0.069503 0.903411 -0.423105 9.104500 -0.103528 0.415309 0.903770 0.043000 0.000000 0.000000 0.000000 1.000000
0.992191 0.104729 0.067745 1.865100 -0.066096 0.902069 -0.426500 9.104500 -0.105777 0.418692 0.901947 0.043000 0.000000 0.000000 0.000000 1.000000
0.992193 0.102202 0.071467 1.865100 -0.061883 0.901012 -0.429358 9.104500 -0.108274 0.421584 0.900302 0.043000 0.000000 0.000000 0.000000 1.000000
0.992188 0.099223 0.075619 1.865100 -0.057134 0.900247 -0.431614 9.104500 -0.110902 0.423921 0.898883 0.043000 0.000000 0.000000 0.000000 1.000000
0.992164 0.095982 0.079986 1.865100 -0.052122 0.899788 -0.433203 9.104500 -0.113550 0.425640 0.897740 0.043000 0.000000 0.000000 0.000000 1.000000
0.992117 0.092665 0.084357 1.865100 -0.047120 0.899644 -0.434073 9.104500 -0.116115 0.426677 0.896919 0.043000 0.000000 0.000000 0.000000 1.000000
0.992049 0.089460 0.088520 1.865100 -0.042403 0.899831 -0.434174 9.104500 -0.118494 0.426968 0.896469 0.043000 0.000000 0.000000 0.000000 1.000000
0.991966 0.086555 0.092262 1.865100 -0.038246 0.900360 -0.433463 9.104500 -0.120587 0.426451 0.896436 0.043000 0.000000 0.000000 0.000000 1.000000
0.991880 0.084138 0.095371 1.865100 -0.034922 0.901245 -0.431901 9.104500 -0.122292 0.425063 0.896865 0.043000 0.000000 0.000000 0.000000 1.000000
0.991805 0.082398 0.097636 1.865100 -0.032703 0.902498 -0.429452 9.104500 -0.123502 0.422739 0.897797 0.043000 0.000000 0.000000 0.000000 1.000000
0.991758 0.081524 0.098845 1.865100 -0.031855 0.904126 -0.426077 9.104500 -0.124104 0.419416 0.899271 0.043000 0.000000 0.000000 0.000000 1.000000
0.991749 0.081703 0.098787 1.865100 -0.032641 0.906133 -0.421732 9.104500 -0.123971 0.415027 0.901323 0.043000 0.000000 0.000000 0.000000 1.000000
0.991783 0.083124 0.097251 1.865100 -0.035318 0.908513 -0.416361 9.104500 -0.122963 0.409504 0.903983 0.043000 0.000000 0.000000 0.000000 1.000000
0.991854 0.085964 0.094001 1.865100 -0.040182 0.911418 -0.409515 9.104500 -0.120878 0.402402 0.907448 0.043000 0.000000 0.000000 0.000000 1.000000
0.991950 0.090171 0.088907 1.865100 -0.047461 0.915660 -0.399143 9.104500 -0.117400 0.391710 0.912568 0.043000 0.000000 0.000000 0.000000 1.000000
0.992023 0.095467 0.082314 1.865100 -0.056639 0.920958 -0.385523 9.104500 -0.112613 0.377786 0.919019 0.043000 0.000000 0.000000 0.000000 1.000000
0.992027 0.101567 0.074612 1.865100 -0.067115 0.926862 -0.369355 9.104500 -0.106670 0.361403 0.926288 0.043000 0.000000 0.000000 0.000000 1.000000
0.991925 0.108183 0.066196 1.865100 -0.078303 0.932955 -0.351373 9.104500 -0.099770 0.343352 0.933892 0.043000 0.000000 0.000000 0.000000 1.000000
0.991699 0.115028 0.057454 1.865100 -0.089647 0.938883 -0.332359 9.104500 -0.092173 0.324450 0.941401 0.043000 0.000000 0.000000 0.000000 1.000000
0.991354 0.121815 0.048777 1.865100 -0.100633 0.944359 -0.313145 9.104500 -0.084209 0.305529 0.948452 0.043000 0.000000 0.000000 0.000000 1.000000
0.990912 0.128255 0.040548 1.865100 -0.110797 0.949170 -0.294619 9.104500 -0.076273 0.287449 0.954754 0.043000 0.000000 0.000000 0.000000 1.000000
0.990418 0.134062 0.033147 1.865100 -0.119726 0.953176 -0.277707 9.104500 -0.068825 0.271077 0.960094 0.043000 0.000000 0.000000 0.000000 1.000000
0.989933 0.138947 0.026953 1.865100 -0.127054 0.956292 -0.263370 9.104500 -0.062369 0.257294 0.964318 0.043000 0.000000 0.000000 0.000000 1.000000
0.989525 0.142626 0.022336 1.865100 -0.132448 0.958467 -0.252582 9.104500 -0.057433 0.246978 0.967318 0.043000 0.000000 0.000000 0.000000 1.000000
0.989227 0.145118 0.019249 1.865100 -0.136035 0.959851 -0.245316 9.104500 -0.054076 0.240055 0.969252 0.043000 0.000000 0.000000 0.000000 1.000000
0.989025 0.146736 0.017259 1.865100 -0.138337 0.960713 -0.240612 9.104500 -0.051887 0.235584 0.970468 0.043000 0.000000 0.000000 0.000000 1.000000
0.988910 0.147635 0.016170 1.865100 -0.139602 0.961172 -0.238034 9.104500 -0.050685 0.233137 0.971122 0.043000 0.000000 0.000000 0.000000 1.000000
0.988866 0.147970 0.015791 1.865100 -0.140063 0.961327 -0.237133 9.104500 -0.050269 0.232281 0.971349 0.043000 0.000000 0.000000 0.000000 1.000000
0.988875 0.147894 0.015926 1.865100 -0.139941 0.961266 -0.237454 9.104500 -0.050427 0.232583 0.971268 0.043000 0.000000 0.000000 0.000000 1.000000
0.988917 0.147561 0.016382 1.865100 -0.139454 0.961068 -0.238538 9.104500 -0.050943 0.233610 0.970995 0.043000 0.000000 0.000000 0.000000 1.000000
0.988972 0.147126 0.016967 1.865100 -0.138820 0.960814 -0.239927 9.104500 -0.051602 0.234925 0.970643 0.043000 0.000000 0.000000 0.000000 1.000000
0.989020 0.146740 0.017489 1.865100 -0.138257 0.960586 -0.241161 9.104500 -0.052187 0.236096 0.970327 0.043000 0.000000 0.000000 0.000000 1.000000
0.989031 0.146637 0.017745 1.865100 -0.138062 0.960456 -0.241790 9.104500 -0.052498 0.236688 0.970166 0.043000 0.000000 0.000000 0.000000 1.000000
0.989041 0.146590 0.017574 1.865100 -0.138082 0.960568 -0.241337 9.104500 -0.052258 0.236265 0.970282 0.043000 0.000000 0.000000 0.000000 1.000000</float_array>
        <technique_common>
          <accessor source="#mixamorig_LeftHandRing1-Matrix-animation-output-transform-array" count="69" stride="16">
            <param type="float4x4"/>
          </accessor>
        </technique_common>
      </source>
      <source id="mixamorig_LeftHandRing1-Interpolations">
        <Name_array id="mixamorig_LeftHandRing1-Interpolations-array" count="69">
 LINEAR LINEAR LINEAR LINEAR LINEAR LINEAR LINEAR LINEAR LINEAR LINEAR LINEAR
LINEAR LINEAR LINEAR LINEAR LINEAR LINEAR LINEAR LINEAR LINEAR LINEAR LINEAR LINEAR
LINEAR LINEAR LINEAR LINEAR LINEAR LINEAR LINEAR LINEAR LINEAR LINEAR LINEAR LINEAR
LINEAR LINEAR LINEAR LINEAR LINEAR LINEAR LINEAR LINEAR LINEAR LINEAR LINEAR LINEAR
LINEAR LINEAR LINEAR LINEAR LINEAR LINEAR LINEAR LINEAR LINEAR LINEAR LINEAR LINEAR
LINEAR LINEAR LINEAR LINEAR LINEAR LINEAR LINEAR LINEAR LINEAR LINEAR</Name_array>
        <technique_common>
          <accessor source="#mixamorig_LeftHandRing1-Interpolations-array" count="69">
            <param type="name"/>
          </accessor>
        </technique_common>
      </source>
      <sampler id="mixamorig_LeftHandRing1-Matrix-animation-transform">
        <input semantic="INPUT" source="#mixamorig_LeftHandRing1-Matrix-animation-input"/>
        <input semantic="OUTPUT" source="#mixamorig_LeftHandRing1-Matrix-animation-output-transform"/>
        <input semantic="INTERPOLATION" source="#mixamorig_LeftHandRing1-Interpolations"/>
      </sampler>
      <channel source="#mixamorig_LeftHandRing1-Matrix-animation-transform" target="mixamorig_LeftHandRing1/matrix"/>
    </animation>
    <animation id="mixamorig_LeftHandRing2-anim" name="mixamorig_LeftHandRing2">
      <source id="mixamorig_LeftHandRing2-Matrix-animation-input">
        <float_array id="mixamorig_LeftHandRing2-Matrix-animation-input-array" count="69">

0.000000 0.033333 0.066667 0.100000 0.133333 0.166667 0.200000 0.233333 0.266667 0.300000 0.333333 0.366667 0.400000 0.433333 0.466667 0.500000
0.533333 0.566667 0.600000 0.633333 0.666667 0.700000 0.733333 0.766667 0.800000 0.833333 0.866667 0.900000 0.933333 0.966667 1.000000 1.033333
1.066667 1.100000 1.133333 1.166667 1.200000 1.233333 1.266667 1.300000 1.333333 1.366667 1.400000 1.433333 1.466667 1.500000 1.533333 1.566667
1.600000 1.633333 1.666667 1.700000 1.733333 1.766667 1.800000 1.833333 1.866667 1.900000 1.933333 1.966667 2.000000 2.033333 2.066667 2.100000
2.133333 2.166667 2.200000 2.233333 2.266667</float_array>
        <technique_common>
          <accessor source="#mixamorig_LeftHandRing2-Matrix-animation-input-array" count="69">
            <param name="TIME" type="float"/>
          </accessor>
        </technique_common>
      </source>
      <source id="mixamorig_LeftHandRing2-Matrix-animation-output-transform">
        <float_array id="mixamorig_LeftHandRing2-Matrix-animation-output-transform-array" count="1104">

0.999875 -0.013351 -0.008492 0.000000 0.009882 0.946063 -0.323831 3.150000 0.012357 0.323707 0.946077 0.000000 0.000000 0.000000 0.000000 1.000000
0.999738 -0.015478 -0.016839 0.000000 0.009189 0.946024 -0.323966 3.150000 0.020945 0.323727 0.945919 0.000000 0.000000 0.000000 0.000000 1.000000
0.999500 -0.017885 -0.026080 -0.000000 0.008450 0.945756 -0.324767 3.150000 0.030474 0.324385 0.945434 0.000000 0.000000 0.000000 0.000000 1.000000
0.999150 -0.020448 -0.035796 0.000000 0.007668 0.945343 -0.325986 3.150000 0.040506 0.325435 0.944697 -0.000000 0.000000 0.000000 0.000000 1.000000
0.998695 -0.023031 -0.045577 -0.000000 0.006855 0.944903 -0.327277 3.150000 0.050604 0.326538 0.943828 0.000000 0.000000 0.000000 0.000000 1.000000
0.998160 -0.025505 -0.055012 0.000000 0.006042 0.944556 -0.328295 3.150000 0.060335 0.327358 0.942972 0.000000 0.000000 0.000000 0.000000 1.000000
0.997585 -0.027737 -0.063685 0.000000 0.005275 0.944424 -0.328688 3.150000 0.069263 0.327558 0.942289 0.000000 0.000000 0.000000 0.000000 1.000000
0.997024 -0.029593 -0.071191 0.000000 0.004610 0.944630 -0.328106 3.150000 0.076959 0.326802 0.941954 0.000000 0.000000 0.000000 0.000000 1.000000
0.996542 -0.030943 -0.077119 0.000000 0.004109 0.945293 -0.326195 3.150000 0.082993 0.324750 0.942151 0.000000 0.000000 0.000000 0.000000 1.000000
0.996206 -0.031655 -0.081061 -0.000000 0.003826 0.946528 -0.322600 3.150000 0.086939 0.321066 0.943058 -0.000000 0.000000 0.000000 0.000000 1.000000
0.996090 -0.031514 -0.082530 0.000000 0.003823 0.948710 -0.316125 3.150000 0.088259 0.314574 0.945121 -0.000000 0.000000 0.000000 0.000000 1.000000
0.996255 -0.030094 -0.081054 0.000000 0.004161 0.953072 -0.302714 3.150000 0.086360 0.301243 0.949629 0.000000 0.000000 0.000000 0.000000 1.000000
0.996630 -0.027712 -0.077206 -0.000000 0.004612 0.958649 -0.284553 3.150000 0.081898 0.283238 0.955546 -0.000000 0.000000 0.000000 0.000000 1.000000
0.997119 -0.024794 -0.071685 0.000000 0.004936 0.964273 -0.264866 3.150000 0.075691 0.263749 0.961617 0.000000 0.000000 0.000000 0.000000 1.000000
0.997634 -0.021767 -0.065210 0.000000 0.005001 0.969015 -0.246951 3.150000 0.068565 0.246041 0.966831 0.000000 0.000000 0.000000 0.000000 1.000000
0.998105 -0.019066 -0.058509 -0.000000 0.004844 0.972185 -0.234166 3.150000 0.061346 0.233439 0.970434 0.000000 0.000000 0.000000 0.000000 1.000000
0.998483 -0.017121 -0.052322 -0.000000 0.004641 0.973207 -0.229883 3.150000 0.054856 0.229292 0.971811 0.000000 0.000000 0.000000 0.000000 1.000000
0.998743 -0.016366 -0.047380 -0.000000 0.004654 0.971392 -0.237437 3.150000 0.049910 0.236918 0.970247 0.000000 0.000000 0.000000 0.000000 1.000000
0.998929 -0.016795 -0.043117 -0.000000 0.005093 0.966054 -0.258292 3.150000 0.045992 0.257795 0.965104 -0.000000 0.000000 0.000000 0.000000 1.000000
0.999094 -0.018001 -0.038556 -0.000000 0.006055 0.957027 -0.289935 3.150000 0.042118 0.289439 0.956269 0.000000 0.000000 0.000000 0.000000 1.000000
0.999232 -0.019810 -0.033795 -0.000000 0.007568 0.944083 -0.329621 3.150000 0.038435 0.329112 0.943508 0.000000 0.000000 0.000000 0.000000 1.000000
0.999335 -0.022195 -0.028942 -0.000000 0.009744 0.927147 -0.374571 3.150000 0.035147 0.374039 0.926747 0.000000 0.000000 0.000000 0.000000 1.000000
0.999403 -0.024717 -0.024123 0.000000 0.012231 0.906485 -0.422061 3.150000 0.032300 0.421514 0.906247 0.000000 0.000000 0.000000 0.000000 1.000000
0.999439 -0.027236 -0.019487 0.000000 0.014904 0.882812 -0.469490 3.150000 0.029991 0.468936 0.882723 0.000000 0.000000 0.000000 0.000000 1.000000
0.999445 -0.029619 -0.015231 -0.000000 0.017571 0.857393 -0.514362 3.150000 0.028294 0.513809 0.857438 -0.000000 0.000000 0.000000 0.000000 1.000000
0.999427 -0.031836 -0.011491 0.000000 0.020114 0.831699 -0.554863 3.150000 0.027222 0.554314 0.831862 0.000000 0.000000 0.000000 0.000000 1.000000
0.999394 -0.033730 -0.008548 0.000000 0.022232 0.807942 -0.588842 3.150000 0.026768 0.588295 0.808203 0.000000 0.000000 0.000000 0.000000 1.000000
0.999361 -0.035074 -0.006881 0.000000 0.023503 0.789884 -0.612806 3.150000 0.026928 0.612253 0.790204 0.000000 0.000000 0.000000 0.000000 1.000000
0.999331 -0.036112 -0.005738 -0.000000 0.024350 0.774311 -0.632336 3.150000 0.027278 0.631774 0.774673 0.000000 0.000000 0.000000 0.000000 1.000000
0.999304 -0.036952 -0.005049 0.000000 0.024917 0.762236 -0.646819 3.150000 0.027750 0.646243 0.762627 0.000000 0.000000 0.000000 0.000000 1.000000
0.999280 -0.037679 -0.004432 -0.000000 0.025408 0.751406 -0.659351 3.150000 0.028174 0.658764 0.751822 0.000000 0.000000 0.000000 0.000000 1.000000
0.999259 -0.038299 -0.003888 0.000000 0.025827 0.741872 -0.670044 3.150000 0.028546 0.669447 0.742312 0.000000 0.000000 0.000000 0.000000 1.000000
0.999240 -0.038819 -0.003421 0.000000 0.026177 0.733676 -0.678995 3.150000 0.028868 0.678389 0.734135 -0.000000 0.000000 0.000000 0.000000 1.000000
0.999225 -0.039242 -0.003031 -0.000000 0.026463 0.726841 -0.686296 3.150000 0.029134 0.685684 0.727316 0.000000 0.000000 0.000000 0.000000 1.000000
0.999213 -0.039575 -0.002719 0.000000 0.026688 0.721377 -0.692028 3.150000 0.029349 0.691411 0.721866 0.000000 0.000000 0.000000 0.000000 1.000000
0.999204 -0.039821 -0.002487 -0.000000 0.026853 0.717286 -0.696261 3.150000 0.029510 0.695640 0.717785 0.000000 0.000000 0.000000 0.000000 1.000000
0.999198 -0.039984 -0.002331 0.000000 0.026963 0.714557 -0.699058 3.150000 0.029617 0.698434 0.715061 0.000000 0.000000 0.000000 0.000000 1.000000
0.999194 -0.040067 -0.002253 0.000000 0.027018 0.713168 -0.700472 3.150000 0.029672 0.699847 0.713676 -0.000000 0.000000 0.000000 0.000000 1.000000
0.999194 -0.040072 -0.002249 0.000000 0.027021 0.713093 -0.700548 3.150000 0.029676 0.699923 0.713602 -0.000000 0.000000 0.000000 0.000000 1.000000
0.999197 -0.040001 -0.002319 0.000000 0.026973 0.714295 -0.699325 3.150000 0.029631 0.698701 0.714800 0.000000 0.000000 0.000000 0.000000 1.000000
0.999202 -0.039858 -0.002459 -0.000000 0.026875 0.716730 -0.696833 3.150000 0.029536 0.696211 0.717230 -0.000000 0.000000 0.000000 0.000000 1.000000
0.999210 -0.039641 -0.002667 0.000000 0.026729 0.720349 -0.693096 3.150000 0.029396 0.692478 0.720840 0.000000 0.000000 0.000000 0.000000 1.000000
0.999221 -0.039354 -0.002939 0.000000 0.026534 0.725098 -0.688134 3.150000 0.029212 0.687520 0.725577 0.000000 0.000000 0.000000 0.000000 1.000000
0.999233 -0.039012 -0.003257 0.000000 0.026314 0.730914 -0.681963 3.150000 0.028985 0.681354 0.731380 -0.000000 0.000000 0.000000 0.000000 1.000000
0.999247 -0.038623 -0.003612 0.000000 0.026077 0.737731 -0.674590 3.150000 0.028719 0.673988 0.738183 -0.000000 0.000000 0.000000 0.000000 1.000000
0.999263 -0.038168 -0.004020 -0.000000 0.025795 0.745482 -0.666027 3.150000 0.028418 0.665433 0.745917 0.000000 0.000000 0.000000 0.000000 1.000000
0.999281 -0.037645 -0.004478 -0.000000 0.025467 0.754089 -0.656278 3.150000 0.028083 0.655692 0.754506 0.000000 0.000000 0.000000 0.000000 1.000000
0.999300 -0.037067 -0.004971 -0.000000 0.025109 0.763478 -0.645346 3.150000 0.027716 0.644770 0.763874 -0.000000 0.000000 0.000000 0.000000 1.000000
0.999322 -0.036387 -0.005535 0.000000 0.024686 0.774170 -0.632496 3.150000 0.027300 0.631931 0.774544 0.000000 0.000000 0.000000 0.000000 1.000000
0.999354 -0.035383 -0.006335 0.000000 0.024052 0.789189 -0.613679 3.150000 0.026713 0.613130 0.789530 0.000000 0.000000 0.000000 0.000000 1.000000
0.999392 -0.034085 -0.007317 0.000000 0.023233 0.807693 -0.589146 3.150000 0.025991 0.588618 0.807994 0.000000 0.000000 0.000000 0.000000 1.000000
0.999435 -0.032545 -0.008410 -0.000000 0.022257 0.828202 -0.559987 3.150000 0.025190 0.559484 0.828458 0.000000 0.000000 0.000000 0.000000 1.000000
0.999479 -0.030828 -0.009542 -0.000000 0.021162 0.849346 -0.527412 3.150000 0.024364 0.526936 0.849556 -0.000000 0.000000 0.000000 0.000000 1.000000
0.999523 -0.029004 -0.010652 0.000000 0.019992 0.869927 -0.492776 3.150000 0.023559 0.492328 0.870091 0.000000 0.000000 0.000000 0.000000 1.000000
0.999564 -0.027110 -0.011711 0.000000 0.018749 0.888968 -0.457586 3.150000 0.022816 0.457166 0.889088 -0.000000 0.000000 0.000000 0.000000 1.000000
0.999601 -0.025266 -0.012654 0.000000 0.017532 0.905734 -0.423484 3.150000 0.022161 0.423093 0.905815 0.000000 0.000000 0.000000 0.000000 1.000000
0.999632 -0.023556 -0.013425 0.000000 0.016406 0.919728 -0.392213 3.150000 0.021586 0.391848 0.919777 0.000000 0.000000 0.000000 0.000000 1.000000
0.999659 -0.022042 -0.014029 0.000000 0.015390 0.930653 -0.365580 3.150000 0.021114 0.365239 0.930674 0.000000 0.000000 0.000000 0.000000 1.000000
0.999678 -0.020886 -0.014440 0.000000 0.014615 0.938336 -0.345415 3.150000 0.020764 0.345092 0.938339 0.000000 0.000000 0.000000 0.000000 1.000000
0.999692 -0.020056 -0.014586 -0.000000 0.014083 0.943264 -0.331744 3.150000 0.020412 0.331437 0.943257 0.000000 0.000000 0.000000 0.000000 1.000000
0.999711 -0.019246 -0.014412 0.000000 0.013564 0.946347 -0.322868 3.150000 0.019852 0.322580 0.946334 0.000000 0.000000 0.000000 0.000000 1.000000
0.999732 -0.018467 -0.013984 0.000000 0.013063 0.948008 -0.317977 3.150000 0.019129 0.317709 0.947995 0.000000 0.000000 0.000000 0.000000 1.000000
0.999754 -0.017715 -0.013361 0.000000 0.012582 0.948598 -0.316233 3.150000 0.018276 0.315987 0.948588 0.000000 0.000000 0.000000 0.000000 1.000000
0.999776 -0.016982 -0.012594 0.000000 0.012119 0.948421 -0.316782 3.150000 0.017324 0.316559 0.948415 0.000000 0.000000 0.000000 0.000000 1.000000
0.999799 -0.016261 -0.011738 0.000000 0.011672 0.947763 -0.318763 3.150000 0.016308 0.318562 0.947762 0.000000 0.000000 0.000000 0.000000 1.000000
0.999820 -0.015544 -0.010846 -0.000000 0.011235 0.946905 -0.321317 3.150000 0.015265 0.321137 0.946910 0.000000 0.000000 0.000000 0.000000 1.000000
0.999840 -0.014824 -0.009972 0.000000 0.010801 0.946138 -0.323583 3.150000 0.014232 0.323424 0.946147 0.000000 0.000000 0.000000 0.000000 1.000000
0.999859 -0.014096 -0.009169 0.000000 0.010355 0.945758 -0.324706 3.150000 0.013249 0.324565 0.945771 -0.000000 0.000000 0.000000 0.000000 1.000000
0.999875 -0.013351 -0.008491 0.000000 0.009882 0.946064 -0.323828 3.150000 0.012356 0.323704 0.946078 0.000000 0.000000 0.000000 0.000000 1.000000</float_array>
        <technique_common>
          <accessor source="#mixamorig_LeftHandRing2-Matrix-animation-output-transform-array" count="69" stride="16">
            <param type="float4x4"/>
          </accessor>
        </technique_common>
      </source>
      <source id="mixamorig_LeftHandRing2-Interpolations">
        <Name_array id="mixamorig_LeftHandRing2-Interpolations-array" count="69">
 LINEAR LINEAR LINEAR LINEAR LINEAR LINEAR LINEAR LINEAR LINEAR LINEAR LINEAR
LINEAR LINEAR LINEAR LINEAR LINEAR LINEAR LINEAR LINEAR LINEAR LINEAR LINEAR LINEAR
LINEAR LINEAR LINEAR LINEAR LINEAR LINEAR LINEAR LINEAR LINEAR LINEAR LINEAR LINEAR
LINEAR LINEAR LINEAR LINEAR LINEAR LINEAR LINEAR LINEAR LINEAR LINEAR LINEAR LINEAR
LINEAR LINEAR LINEAR LINEAR LINEAR LINEAR LINEAR LINEAR LINEAR LINEAR LINEAR LINEAR
LINEAR LINEAR LINEAR LINEAR LINEAR LINEAR LINEAR LINEAR LINEAR LINEAR</Name_array>
        <technique_common>
          <accessor source="#mixamorig_LeftHandRing2-Interpolations-array" count="69">
            <param type="name"/>
          </accessor>
        </technique_common>
      </source>
      <sampler id="mixamorig_LeftHandRing2-Matrix-animation-transform">
        <input semantic="INPUT" source="#mixamorig_LeftHandRing2-Matrix-animation-input"/>
        <input semantic="OUTPUT" source="#mixamorig_LeftHandRing2-Matrix-animation-output-transform"/>
        <input semantic="INTERPOLATION" source="#mixamorig_LeftHandRing2-Interpolations"/>
      </sampler>
      <channel source="#mixamorig_LeftHandRing2-Matrix-animation-transform" target="mixamorig_LeftHandRing2/matrix"/>
    </animation>
    <animation id="mixamorig_LeftHandRing3-anim" name="mixamorig_LeftHandRing3">
      <source id="mixamorig_LeftHandRing3-Matrix-animation-input">
        <float_array id="mixamorig_LeftHandRing3-Matrix-animation-input-array" count="69">

0.000000 0.033333 0.066667 0.100000 0.133333 0.166667 0.200000 0.233333 0.266667 0.300000 0.333333 0.366667 0.400000 0.433333 0.466667 0.500000
0.533333 0.566667 0.600000 0.633333 0.666667 0.700000 0.733333 0.766667 0.800000 0.833333 0.866667 0.900000 0.933333 0.966667 1.000000 1.033333
1.066667 1.100000 1.133333 1.166667 1.200000 1.233333 1.266667 1.300000 1.333333 1.366667 1.400000 1.433333 1.466667 1.500000 1.533333 1.566667
1.600000 1.633333 1.666667 1.700000 1.733333 1.766667 1.800000 1.833333 1.866667 1.900000 1.933333 1.966667 2.000000 2.033333 2.066667 2.100000
2.133333 2.166667 2.200000 2.233333 2.266667</float_array>
        <technique_common>
          <accessor source="#mixamorig_LeftHandRing3-Matrix-animation-input-array" count="69">
            <param name="TIME" type="float"/>
          </accessor>
        </technique_common>
      </source>
      <source id="mixamorig_LeftHandRing3-Matrix-animation-output-transform">
        <float_array id="mixamorig_LeftHandRing3-Matrix-animation-output-transform-array" count="1104">

0.999844 -0.016164 -0.007129 0.000000 0.012305 0.926731 -0.375523 2.950000 0.012677 0.375377 0.926785 0.000000 0.000000 0.000000 0.000000 1.000000
0.999787 -0.017093 -0.011592 0.000000 0.011523 0.927459 -0.373747 2.950000 0.017140 0.373534 0.927458 0.000000 0.000000 0.000000 0.000000 1.000000
0.999692 -0.018279 -0.016782 0.000000 0.010668 0.927205 -0.374402 2.950000 0.022404 0.374108 0.927115 0.000000 0.000000 0.000000 0.000000 1.000000
0.999558 -0.019603 -0.022363 0.000000 0.009749 0.926419 -0.376367 2.950000 0.028095 0.375983 0.926201 0.000000 0.000000 0.000000 0.000000 1.000000
0.999388 -0.020948 -0.027998 0.000000 0.008796 0.925552 -0.378519 2.950000 0.033842 0.378041 0.925170 0.000000 0.000000 0.000000 0.000000 1.000000
0.999197 -0.022193 -0.033352 0.000000 0.007871 0.925061 -0.379737 2.950000 0.039280 0.379169 0.924493 0.000000 0.000000 0.000000 0.000000 1.000000
0.999004 -0.023220 -0.038092 0.000000 0.007062 0.925410 -0.378901 2.950000 0.044049 0.378255 0.924653 0.000000 0.000000 0.000000 0.000000 1.000000
0.998837 -0.023912 -0.041879 0.000000 0.006476 0.927047 -0.374889 2.950000 0.047788 0.374181 0.926123 0.000000 0.000000 0.000000 0.000000 1.000000
0.998723 -0.024149 -0.044378 0.000000 0.006208 0.930375 -0.366556 2.950000 0.050140 0.365812 0.929337 0.000000 0.000000 0.000000 0.000000 1.000000
0.998692 -0.023807 -0.045246 0.000000 0.006325 0.935706 -0.352724 2.950000 0.050734 0.351976 0.934633 0.000000 0.000000 0.000000 0.000000 1.000000
0.998776 -0.022653 -0.043972 0.000000 0.006851 0.943755 -0.330574 2.950000 0.048988 0.329868 0.942755 -0.000000 0.000000 0.000000 0.000000 1.000000
0.999010 -0.020125 -0.039684 0.000000 0.007664 0.956364 -0.292077 2.950000 0.043830 0.291484 0.955571 0.000000 0.000000 0.000000 0.000000 1.000000
0.999318 -0.016572 -0.032992 0.000000 0.008116 0.970351 -0.241562 2.950000 0.036017 0.241130 0.969824 0.000000 0.000000 0.000000 0.000000 1.000000
0.999615 -0.012493 -0.024764 0.000000 0.007681 0.982589 -0.185634 2.950000 0.026652 0.185372 0.982307 0.000000 0.000000 0.000000 0.000000 1.000000
0.999838 -0.008412 -0.015935 0.000000 0.006247 0.991322 -0.131311 2.950000 0.016901 0.131190 0.991213 0.000000 0.000000 0.000000 0.000000 1.000000
0.999960 -0.004867 -0.007527 -0.000000 0.004203 0.996299 -0.085851 2.950000 0.007917 0.085816 0.996280 0.000000 0.000000 0.000000 0.000000 1.000000
0.999997 -0.002396 -0.000617 0.000000 0.002357 0.998399 -0.056512 2.950000 0.000751 0.056510 0.998402 0.000000 0.000000 0.000000 0.000000 1.000000
0.999992 -0.001532 0.003703 0.000000 0.001717 0.998726 -0.050431 2.950000 -0.003621 0.050437 0.998721 0.000000 0.000000 0.000000 0.000000 1.000000
0.999982 -0.002351 0.005505 0.000000 0.002726 0.997593 -0.069288 2.950000 -0.005329 0.069302 0.997581 -0.000000 0.000000 0.000000 0.000000 1.000000
0.999973 -0.004396 0.005816 -0.000000 0.004995 0.994215 -0.107291 2.950000 -0.005310 0.107317 0.994211 0.000000 0.000000 0.000000 0.000000 1.000000
0.999960 -0.007397 0.005036 0.000000 0.008108 0.987057 -0.160165 2.950000 -0.003786 0.160200 0.987077 0.000000 0.000000 0.000000 0.000000 1.000000
0.999932 -0.011076 0.003564 0.000000 0.011592 0.974642 -0.223470 2.950000 -0.000998 0.223496 0.974704 0.000000 0.000000 0.000000 0.000000 1.000000
0.999884 -0.015147 0.001764 0.000000 0.015000 0.956105 -0.292641 2.950000 0.002746 0.292633 0.956221 0.000000 0.000000 0.000000 0.000000 1.000000
0.999813 -0.019326 -0.000051 0.000000 0.017988 0.931560 -0.363143 2.950000 0.007065 0.363074 0.931733 0.000000 0.000000 0.000000 0.000000 1.000000
0.999726 -0.023335 -0.001620 -0.000000 0.020364 0.902338 -0.430548 2.950000 0.011509 0.430397 0.902566 -0.000000 0.000000 0.000000 0.000000 1.000000
0.999633 -0.026956 -0.002770 0.000000 0.022115 0.870615 -0.491468 2.950000 0.015660 0.491226 0.870891 0.000000 0.000000 0.000000 0.000000 1.000000
0.999546 -0.029949 -0.003338 0.000000 0.023354 0.839897 -0.542244 2.950000 0.019043 0.541920 0.840215 0.000000 0.000000 0.000000 0.000000 1.000000
0.999485 -0.031941 -0.003066 -0.000000 0.024314 0.816224 -0.577224 2.950000 0.020940 0.576852 0.816580 0.000000 0.000000 0.000000 0.000000 1.000000
0.999435 -0.033505 -0.002502 0.000000 0.025162 0.795744 -0.605111 2.950000 0.022266 0.604706 0.796137 -0.000000 0.000000 0.000000 0.000000 1.000000
0.999399 -0.034623 -0.001839 0.000000 0.025884 0.780323 -0.624841 2.950000 0.023068 0.624418 0.780750 -0.000000 0.000000 0.000000 0.000000 1.000000
0.999367 -0.035560 -0.001266 0.000000 0.026472 0.766783 -0.641360 2.950000 0.023777 0.640921 0.767239 0.000000 0.000000 0.000000 0.000000 1.000000
0.999340 -0.036315 -0.000781 0.000000 0.026931 0.755188 -0.654955 2.950000 0.024374 0.654502 0.755668 0.000000 0.000000 0.000000 0.000000 1.000000
0.999317 -0.036960 -0.000346 0.000000 0.027344 0.745553 -0.665885 2.950000 0.024868 0.665420 0.746055 0.000000 0.000000 0.000000 0.000000 1.000000
0.999299 -0.037437 0.000047 0.000000 0.027674 0.737862 -0.674384 2.950000 0.025212 0.673913 0.738381 0.000000 0.000000 0.000000 0.000000 1.000000
0.999286 -0.037775 0.000357 0.000000 0.027917 0.732062 -0.680666 2.950000 0.025451 0.680190 0.732594 -0.000000 0.000000 0.000000 0.000000 1.000000
0.999277 -0.038005 0.000569 0.000000 0.028080 0.728077 -0.684920 2.950000 0.025616 0.684441 0.728618 0.000000 0.000000 0.000000 0.000000 1.000000
0.999272 -0.038135 0.000687 0.000000 0.028171 0.725811 -0.687317 2.950000 0.025712 0.686836 0.726357 -0.000000 0.000000 0.000000 0.000000 1.000000
0.999271 -0.038172 0.000717 -0.000000 0.028194 0.725147 -0.688017 2.950000 0.025743 0.687535 0.725694 0.000000 0.000000 0.000000 0.000000 1.000000
0.999273 -0.038127 0.000666 0.000000 0.028157 0.725958 -0.687162 2.950000 0.025716 0.686681 0.726504 -0.000000 0.000000 0.000000 0.000000 1.000000
0.999277 -0.038005 0.000543 0.000000 0.028064 0.728108 -0.684888 2.950000 0.025633 0.684408 0.728648 0.000000 0.000000 0.000000 0.000000 1.000000
0.999285 -0.037813 0.000354 0.000000 0.027919 0.731450 -0.681323 2.950000 0.025504 0.680845 0.731983 0.000000 0.000000 0.000000 0.000000 1.000000
0.999294 -0.037559 0.000107 0.000000 0.027729 0.735837 -0.676591 2.950000 0.025333 0.676117 0.736359 0.000000 0.000000 0.000000 0.000000 1.000000
0.999306 -0.037247 -0.000187 0.000000 0.027498 0.741115 -0.670815 2.950000 0.025124 0.670345 0.741624 -0.000000 0.000000 0.000000 0.000000 1.000000
0.999319 -0.036887 -0.000523 0.000000 0.027231 0.747133 -0.664116 2.950000 0.024888 0.663650 0.747629 0.000000 0.000000 0.000000 0.000000 1.000000
0.999334 -0.036483 -0.000890 0.000000 0.026932 0.753740 -0.656621 2.950000 0.024626 0.656160 0.754220 -0.000000 0.000000 0.000000 0.000000 1.000000
0.999349 -0.036042 -0.001282 -0.000000 0.026606 0.760788 -0.648455 2.950000 0.024347 0.647999 0.761252 0.000000 0.000000 0.000000 0.000000 1.000000
0.999366 -0.035572 -0.001690 0.000000 0.026259 0.768132 -0.639752 2.950000 0.024056 0.639302 0.768579 0.000000 0.000000 0.000000 0.000000 1.000000
0.999382 -0.035102 -0.002089 -0.000000 0.025925 0.775636 -0.630648 2.950000 0.023758 0.630204 0.776066 0.000000 0.000000 0.000000 0.000000 1.000000
0.999398 -0.034608 -0.002500 0.000000 0.025587 0.783736 -0.620566 2.950000 0.023436 0.620129 0.784150 0.000000 0.000000 0.000000 0.000000 1.000000
0.999422 -0.033853 -0.003108 0.000000 0.025058 0.795346 -0.605637 2.950000 0.022974 0.605209 0.795735 -0.000000 0.000000 0.000000 0.000000 1.000000
0.999455 -0.032800 -0.003815 -0.000000 0.024343 0.809926 -0.586026 2.950000 0.022312 0.585614 0.810283 0.000000 0.000000 0.000000 0.000000 1.000000
0.999492 -0.031542 -0.004614 -0.000000 0.023480 0.826339 -0.562684 2.950000 0.021560 0.562289 0.826659 0.000000 0.000000 0.000000 0.000000 1.000000
0.999531 -0.030133 -0.005451 0.000000 0.022503 0.843518 -0.536629 2.950000 0.020768 0.536255 0.843801 -0.000000 0.000000 0.000000 0.000000 1.000000
0.999571 -0.028613 -0.006289 0.000000 0.021431 0.860514 -0.508976 2.950000 0.019975 0.508623 0.860758 -0.000000 0.000000 0.000000 0.000000 1.000000
0.999609 -0.027068 -0.007074 0.000000 0.020332 0.876518 -0.480939 2.950000 0.019218 0.480607 0.876725 0.000000 0.000000 0.000000 0.000000 1.000000
0.999643 -0.025572 -0.007765 0.000000 0.019265 0.890883 -0.453823 2.950000 0.018523 0.453512 0.891058 0.000000 0.000000 0.000000 0.000000 1.000000
0.999672 -0.024200 -0.008334 0.000000 0.018286 0.903114 -0.429012 2.950000 0.017909 0.428719 0.903260 0.000000 0.000000 0.000000 0.000000 1.000000
0.999696 -0.023027 -0.008758 0.000000 0.017452 0.912844 -0.407936 2.950000 0.017389 0.407659 0.912969 0.000000 0.000000 0.000000 0.000000 1.000000
0.999714 -0.022135 -0.009034 0.000000 0.016823 0.919792 -0.392044 2.950000 0.016987 0.391780 0.919902 -0.000000 0.000000 0.000000 0.000000 1.000000
0.999727 -0.021514 -0.009162 0.000000 0.016396 0.924297 -0.381322 2.950000 0.016673 0.381067 0.924397 -0.000000 0.000000 0.000000 0.000000 1.000000
0.999740 -0.020874 -0.009225 0.000000 0.015904 0.927138 -0.374383 2.950000 0.016368 0.374138 0.927228 0.000000 0.000000 0.000000 0.000000 1.000000
0.999753 -0.020256 -0.009125 0.000000 0.015433 0.928672 -0.370580 2.950000 0.015981 0.370348 0.928756 0.000000 0.000000 0.000000 0.000000 1.000000
0.999767 -0.019656 -0.008923 0.000000 0.014974 0.929207 -0.369256 2.950000 0.015549 0.369037 0.929285 0.000000 0.000000 0.000000 0.000000 1.000000
0.999781 -0.019070 -0.008648 0.000000 0.014522 0.929023 -0.369737 2.950000 0.015085 0.369531 0.929096 -0.000000 0.000000 0.000000 0.000000 1.000000
0.999794 -0.018493 -0.008326 0.000000 0.014079 0.928388 -0.371346 2.950000 0.014596 0.371153 0.928457 0.000000 0.000000 0.000000 0.000000 1.000000
0.999808 -0.017918 -0.007984 0.000000 0.013641 0.927568 -0.373405 2.950000 0.014096 0.373224 0.927634 0.000000 0.000000 0.000000 0.000000 1.000000
0.999820 -0.017342 -0.007653 0.000000 0.013204 0.926835 -0.375237 2.950000 0.013600 0.375068 0.926897 0.000000 0.000000 0.000000 0.000000 1.000000
0.999832 -0.016759 -0.007358 0.000000 0.012761 0.926464 -0.376167 2.950000 0.013121 0.376010 0.926523 0.000000 0.000000 0.000000 0.000000 1.000000
0.999844 -0.016164 -0.007129 0.000000 0.012305 0.926731 -0.375523 2.950000 0.012677 0.375377 0.926786 0.000000 0.000000 0.000000 0.000000 1.000000</float_array>
        <technique_common>
          <accessor source="#mixamorig_LeftHandRing3-Matrix-animation-output-transform-array" count="69" stride="16">
            <param type="float4x4"/>
          </accessor>
        </technique_common>
      </source>
      <source id="mixamorig_LeftHandRing3-Interpolations">
        <Name_array id="mixamorig_LeftHandRing3-Interpolations-array" count="69">
 LINEAR LINEAR LINEAR LINEAR LINEAR LINEAR LINEAR LINEAR LINEAR LINEAR LINEAR
LINEAR LINEAR LINEAR LINEAR LINEAR LINEAR LINEAR LINEAR LINEAR LINEAR LINEAR LINEAR
LINEAR LINEAR LINEAR LINEAR LINEAR LINEAR LINEAR LINEAR LINEAR LINEAR LINEAR LINEAR
LINEAR LINEAR LINEAR LINEAR LINEAR LINEAR LINEAR LINEAR LINEAR LINEAR LINEAR LINEAR
LINEAR LINEAR LINEAR LINEAR LINEAR LINEAR LINEAR LINEAR LINEAR LINEAR LINEAR LINEAR
LINEAR LINEAR LINEAR LINEAR LINEAR LINEAR LINEAR LINEAR LINEAR LINEAR</Name_array>
        <technique_common>
          <accessor source="#mixamorig_LeftHandRing3-Interpolations-array" count="69">
            <param type="name"/>
          </accessor>
        </technique_common>
      </source>
      <sampler id="mixamorig_LeftHandRing3-Matrix-animation-transform">
        <input semantic="INPUT" source="#mixamorig_LeftHandRing3-Matrix-animation-input"/>
        <input semantic="OUTPUT" source="#mixamorig_LeftHandRing3-Matrix-animation-output-transform"/>
        <input semantic="INTERPOLATION" source="#mixamorig_LeftHandRing3-Interpolations"/>
      </sampler>
      <channel source="#mixamorig_LeftHandRing3-Matrix-animation-transform" target="mixamorig_LeftHandRing3/matrix"/>
    </animation>
    <animation id="mixamorig_LeftHandPinky1-anim" name="mixamorig_LeftHandPinky1">
      <source id="mixamorig_LeftHandPinky1-Matrix-animation-input">
        <float_array id="mixamorig_LeftHandPinky1-Matrix-animation-input-array" count="69">

0.000000 0.033333 0.066667 0.100000 0.133333 0.166667 0.200000 0.233333 0.266667 0.300000 0.333333 0.366667 0.400000 0.433333 0.466667 0.500000
0.533333 0.566667 0.600000 0.633333 0.666667 0.700000 0.733333 0.766667 0.800000 0.833333 0.866667 0.900000 0.933333 0.966667 1.000000 1.033333
1.066667 1.100000 1.133333 1.166667 1.200000 1.233333 1.266667 1.300000 1.333333 1.366667 1.400000 1.433333 1.466667 1.500000 1.533333 1.566667
1.600000 1.633333 1.666667 1.700000 1.733333 1.766667 1.800000 1.833333 1.866667 1.900000 1.933333 1.966667 2.000000 2.033333 2.066667 2.100000
2.133333 2.166667 2.200000 2.233333 2.266667</float_array>
        <technique_common>
          <accessor source="#mixamorig_LeftHandPinky1-Matrix-animation-input-array" count="69">
            <param name="TIME" type="float"/>
          </accessor>
        </technique_common>
      </source>
      <source id="mixamorig_LeftHandPinky1-Matrix-animation-output-transform">
        <float_array id="mixamorig_LeftHandPinky1-Matrix-animation-output-transform-array" count="1104">

0.993338 0.114858 -0.009370 3.806300 -0.109838 0.919041 -0.378549 8.077800 -0.034868 0.377056 0.925534 0.486900 0.000000 0.000000 0.000000 1.000000
0.992305 0.123525 -0.008461 3.806300 -0.117751 0.920375 -0.372886 8.077800 -0.038274 0.371013 0.927838 0.486900 0.000000 0.000000 0.000000 1.000000
0.990855 0.134884 -0.003599 3.806300 -0.126812 0.921787 -0.366371 8.077800 -0.046100 0.363477 0.930462 0.486900 0.000000 0.000000 0.000000 1.000000
0.989030 0.147676 0.003372 3.806300 -0.136605 0.923090 -0.359505 8.077800 -0.056203 0.355101 0.933137 0.486900 0.000000 0.000000 0.000000 1.000000
0.986954 0.160651 0.010613 3.806300 -0.146639 0.924168 -0.352719 8.077800 -0.066473 0.346561 0.935669 0.486900 0.000000 0.000000 0.000000 1.000000
0.984863 0.172568 0.016308 3.806300 -0.156342 0.924988 -0.346343 8.077800 -0.074852 0.338551 0.937966 0.486900 0.000000 0.000000 0.000000 1.000000
0.983085 0.182195 0.018665 3.806300 -0.165073 0.925597 -0.340618 8.077800 -0.079335 0.331775 0.940017 0.486900 0.000000 0.000000 0.000000 1.000000
0.981982 0.188306 0.015905 3.806300 -0.172151 0.926091 -0.335736 8.077800 -0.077951 0.326949 0.941822 0.486900 0.000000 0.000000 0.000000 1.000000
0.981826 0.189680 0.006238 3.806300 -0.176896 0.926574 -0.331915 8.077800 -0.068738 0.324780 0.943289 0.486900 0.000000 0.000000 0.000000 1.000000
0.982648 0.185083 -0.012167 3.806300 -0.178698 0.927087 -0.329511 8.077800 -0.049707 0.325967 0.944073 0.486900 0.000000 0.000000 0.000000 1.000000
0.984092 0.172343 -0.043130 3.806300 -0.176868 0.927532 -0.329244 8.077800 -0.016739 0.331635 0.943259 0.486900 0.000000 0.000000 0.000000 1.000000
0.984472 0.146773 -0.096293 3.806300 -0.170810 0.927444 -0.332674 8.077800 0.040478 0.343956 0.938113 0.486900 0.000000 0.000000 0.000000 1.000000
0.979887 0.111585 -0.165442 3.806300 -0.162989 0.925866 -0.340890 8.077800 0.115139 0.360999 0.925431 0.486900 0.000000 0.000000 0.000000 1.000000
0.967804 0.071233 -0.241415 3.806300 -0.156162 0.922137 -0.353946 8.077800 0.197405 0.380250 0.903571 0.486900 0.000000 0.000000 0.000000 1.000000
0.948659 0.030268 -0.314850 3.806300 -0.152180 0.916307 -0.370437 8.077800 0.277287 0.399332 0.873868 0.486900 0.000000 0.000000 0.000000 1.000000
0.926182 -0.006701 -0.377016 3.806300 -0.151253 0.909278 -0.387731 8.077800 0.345411 0.416135 0.841144 0.486900 0.000000 0.000000 0.000000 1.000000
0.906660 -0.035083 -0.420401 3.806300 -0.151778 0.902678 -0.402662 8.077800 0.393613 0.428885 0.813097 0.486900 0.000000 0.000000 0.000000 1.000000
0.897324 -0.050334 -0.438493 3.806300 -0.151009 0.898510 -0.412161 8.077800 0.414736 0.436058 0.798653 0.486900 0.000000 0.000000 0.000000 1.000000
0.901606 -0.052493 -0.429361 3.806300 -0.145930 0.897504 -0.416163 8.077800 0.407199 0.437872 0.801534 0.486900 0.000000 0.000000 0.000000 1.000000
0.916097 -0.045771 -0.398336 3.806300 -0.136292 0.898761 -0.416718 8.077800 0.377082 0.436044 0.817113 0.486900 0.000000 0.000000 0.000000 1.000000
0.936368 -0.031915 -0.349566 3.806300 -0.123941 0.901654 -0.414318 8.077800 0.328411 0.431279 0.840324 0.486900 0.000000 0.000000 0.000000 1.000000
0.957745 -0.012667 -0.287340 3.806300 -0.110934 0.905462 -0.409673 8.077800 0.265364 0.424238 0.865797 0.486900 0.000000 0.000000 0.000000 1.000000
0.976218 0.010218 -0.216549 3.806300 -0.099082 0.909488 -0.403750 8.077800 0.192823 0.415604 0.888871 0.486900 0.000000 0.000000 0.000000 1.000000
0.989136 0.034975 -0.142780 3.806300 -0.089687 0.913147 -0.397642 8.077800 0.116471 0.406128 0.906363 0.486900 0.000000 0.000000 0.000000 1.000000
0.995584 0.059784 -0.072380 3.806300 -0.083531 0.916011 -0.392361 8.077800 0.042844 0.396674 0.916959 0.486900 0.000000 0.000000 0.000000 1.000000
0.996490 0.083033 -0.010614 3.806300 -0.080622 0.917892 -0.388553 8.077800 -0.022520 0.388045 0.921365 0.486900 0.000000 0.000000 0.000000 1.000000
0.994058 0.102819 0.035735 3.806300 -0.081132 0.918712 -0.386504 8.077800 -0.072570 0.381308 0.921595 0.486900 0.000000 0.000000 0.000000 1.000000
0.991705 0.115929 0.055513 3.806300 -0.085708 0.918282 -0.386540 8.077800 -0.095788 0.378575 0.920601 0.486900 0.000000 0.000000 0.000000 1.000000
0.989908 0.126032 0.064789 3.806300 -0.091531 0.917677 -0.386641 8.077800 -0.108185 0.376809 0.919952 0.486900 0.000000 0.000000 0.000000 1.000000
0.988629 0.132269 0.071535 3.806300 -0.094596 0.916835 -0.387898 8.077800 -0.116892 0.376721 0.918922 0.486900 0.000000 0.000000 0.000000 1.000000
0.987544 0.137019 0.077344 3.806300 -0.096652 0.916170 -0.388962 8.077800 -0.124156 0.376642 0.918001 0.486900 0.000000 0.000000 0.000000 1.000000
0.986669 0.140410 0.082276 3.806300 -0.097801 0.915681 -0.389824 8.077800 -0.130074 0.376581 0.917206 0.486900 0.000000 0.000000 0.000000 1.000000
0.986007 0.142575 0.086383 3.806300 -0.098150 0.915364 -0.390482 8.077800 -0.134745 0.376540 0.916549 0.486900 0.000000 0.000000 0.000000 1.000000
0.985555 0.143639 0.089719 3.806300 -0.097797 0.915206 -0.390940 8.077800 -0.138265 0.376519 0.916033 0.486900 0.000000 0.000000 0.000000 1.000000
0.985300 0.143732 0.092333 3.806300 -0.096844 0.915192 -0.391209 8.077800 -0.140732 0.376517 0.915658 0.486900 0.000000 0.000000 0.000000 1.000000
0.985225 0.142980 0.094276 3.806300 -0.095388 0.915304 -0.391306 8.077800 -0.142240 0.376532 0.915419 0.486900 0.000000 0.000000 0.000000 1.000000
0.985310 0.141510 0.095596 3.806300 -0.093527 0.915517 -0.391257 8.077800 -0.142886 0.376568 0.915303 0.486900 0.000000 0.000000 0.000000 1.000000
0.985531 0.139446 0.096348 3.806300 -0.091357 0.915835 -0.391025 8.077800 -0.142766 0.376565 0.915323 0.486900 0.000000 0.000000 0.000000 1.000000
0.985864 0.136917 0.096572 3.806300 -0.088976 0.916220 -0.390671 8.077800 -0.141971 0.376555 0.915451 0.486900 0.000000 0.000000 0.000000 1.000000
0.986283 0.134053 0.096315 3.806300 -0.086478 0.916640 -0.390246 8.077800 -0.140600 0.376564 0.915659 0.486900 0.000000 0.000000 0.000000 1.000000
0.986763 0.130979 0.095621 3.806300 -0.083958 0.917075 -0.389776 8.077800 -0.138744 0.376588 0.915932 0.486900 0.000000 0.000000 0.000000 1.000000
0.987281 0.127823 0.094536 3.806300 -0.081514 0.917504 -0.389284 8.077800 -0.136497 0.376626 0.916254 0.486900 0.000000 0.000000 0.000000 1.000000
0.987814 0.124714 0.093112 3.806300 -0.079240 0.917911 -0.388793 8.077800 -0.133956 0.376677 0.916608 0.486900 0.000000 0.000000 0.000000 1.000000
0.988341 0.121776 0.091393 3.806300 -0.077236 0.918281 -0.388322 8.077800 -0.131213 0.376736 0.916980 0.486900 0.000000 0.000000 0.000000 1.000000
0.988842 0.119141 0.089431 3.806300 -0.075596 0.918599 -0.387893 8.077800 -0.128365 0.376804 0.917355 0.486900 0.000000 0.000000 0.000000 1.000000
0.989298 0.116933 0.087273 3.806300 -0.074420 0.918852 -0.387522 8.077800 -0.125505 0.376880 0.917720 0.486900 0.000000 0.000000 0.000000 1.000000
0.989692 0.115280 0.084973 3.806300 -0.073807 0.919041 -0.387189 8.077800 -0.122729 0.376927 0.918076 0.486900 0.000000 0.000000 0.000000 1.000000
0.990007 0.114310 0.082583 3.806300 -0.073856 0.919160 -0.386898 8.077800 -0.120133 0.376933 0.918417 0.486900 0.000000 0.000000 0.000000 1.000000
0.990237 0.114051 0.080146 3.806300 -0.074571 0.919190 -0.386689 8.077800 -0.117772 0.376937 0.918721 0.486900 0.000000 0.000000 0.000000 1.000000
0.990430 0.114054 0.077724 3.806300 -0.075519 0.919190 -0.386507 8.077800 -0.115525 0.376938 0.919006 0.486900 0.000000 0.000000 0.000000 1.000000
0.990611 0.114063 0.075368 3.806300 -0.076446 0.919189 -0.386326 8.077800 -0.113343 0.376937 0.919278 0.486900 0.000000 0.000000 0.000000 1.000000
0.990776 0.114081 0.073129 3.806300 -0.077336 0.919187 -0.386154 8.077800 -0.111272 0.376937 0.919531 0.486900 0.000000 0.000000 0.000000 1.000000
0.990913 0.114199 0.071058 3.806300 -0.078251 0.919172 -0.386004 8.077800 -0.109396 0.376936 0.919756 0.486900 0.000000 0.000000 0.000000 1.000000
0.991027 0.114349 0.069204 3.806300 -0.079110 0.919153 -0.385875 8.077800 -0.107733 0.376938 0.919952 0.486900 0.000000 0.000000 0.000000 1.000000
0.991117 0.114523 0.067620 3.806300 -0.079886 0.919133 -0.385762 8.077800 -0.106331 0.376933 0.920117 0.486900 0.000000 0.000000 0.000000 1.000000
0.991182 0.114699 0.066356 3.806300 -0.080539 0.919110 -0.385681 8.077800 -0.105226 0.376936 0.920243 0.486900 0.000000 0.000000 0.000000 1.000000
0.991231 0.114784 0.065465 3.806300 -0.080963 0.919100 -0.385616 8.077800 -0.104431 0.376934 0.920334 0.486900 0.000000 0.000000 0.000000 1.000000
0.991262 0.114783 0.064997 3.806300 -0.081147 0.919107 -0.385562 8.077800 -0.103995 0.376919 0.920390 0.486900 0.000000 0.000000 0.000000 1.000000
0.991266 0.114782 0.064940 3.806300 -0.081172 0.919119 -0.385527 8.077800 -0.103939 0.376888 0.920409 0.486900 0.000000 0.000000 0.000000 1.000000
0.991357 0.114783 0.063529 3.806300 -0.081720 0.919115 -0.385420 8.077800 -0.102630 0.376898 0.920552 0.486900 0.000000 0.000000 0.000000 1.000000
0.991601 0.114784 0.059592 3.806300 -0.083246 0.919102 -0.385126 8.077800 -0.098977 0.376930 0.920938 0.486900 0.000000 0.000000 0.000000 1.000000
0.991945 0.114784 0.053579 3.806300 -0.085580 0.919102 -0.384614 8.077800 -0.093392 0.376931 0.921521 0.486900 0.000000 0.000000 0.000000 1.000000
0.992328 0.114784 0.045931 3.806300 -0.088542 0.919102 -0.383943 8.077800 -0.086286 0.376931 0.922214 0.486900 0.000000 0.000000 0.000000 1.000000
0.992698 0.114784 0.037091 3.806300 -0.091959 0.919102 -0.383139 8.077800 -0.078068 0.376930 0.922946 0.486900 0.000000 0.000000 0.000000 1.000000
0.993010 0.114784 0.027504 3.806300 -0.095654 0.919102 -0.382233 8.077800 -0.069153 0.376931 0.923656 0.486900 0.000000 0.000000 0.000000 1.000000
0.993234 0.114784 0.017618 3.806300 -0.099454 0.919102 -0.381262 8.077800 -0.059955 0.376931 0.924299 0.486900 0.000000 0.000000 0.000000 1.000000
0.993359 0.114783 0.007879 3.806300 -0.103187 0.919102 -0.380269 8.077800 -0.050890 0.376931 0.924842 0.486900 0.000000 0.000000 0.000000 1.000000
0.993390 0.114784 -0.001267 3.806300 -0.106684 0.919102 -0.379303 8.077800 -0.042374 0.376931 0.925272 0.486900 0.000000 0.000000 0.000000 1.000000
0.993347 0.114780 -0.009382 3.806300 -0.109772 0.919069 -0.378501 8.077800 -0.034822 0.377013 0.925553 0.486900 0.000000 0.000000 0.000000 1.000000</float_array>
        <technique_common>
          <accessor source="#mixamorig_LeftHandPinky1-Matrix-animation-output-transform-array" count="69" stride="16">
            <param type="float4x4"/>
          </accessor>
        </technique_common>
      </source>
      <source id="mixamorig_LeftHandPinky1-Interpolations">
        <Name_array id="mixamorig_LeftHandPinky1-Interpolations-array" count="69">
 LINEAR LINEAR LINEAR LINEAR LINEAR LINEAR LINEAR LINEAR LINEAR LINEAR LINEAR
LINEAR LINEAR LINEAR LINEAR LINEAR LINEAR LINEAR LINEAR LINEAR LINEAR LINEAR LINEAR
LINEAR LINEAR LINEAR LINEAR LINEAR LINEAR LINEAR LINEAR LINEAR LINEAR LINEAR LINEAR
LINEAR LINEAR LINEAR LINEAR LINEAR LINEAR LINEAR LINEAR LINEAR LINEAR LINEAR LINEAR
LINEAR LINEAR LINEAR LINEAR LINEAR LINEAR LINEAR LINEAR LINEAR LINEAR LINEAR LINEAR
LINEAR LINEAR LINEAR LINEAR LINEAR LINEAR LINEAR LINEAR LINEAR LINEAR</Name_array>
        <technique_common>
          <accessor source="#mixamorig_LeftHandPinky1-Interpolations-array" count="69">
            <param type="name"/>
          </accessor>
        </technique_common>
      </source>
      <sampler id="mixamorig_LeftHandPinky1-Matrix-animation-transform">
        <input semantic="INPUT" source="#mixamorig_LeftHandPinky1-Matrix-animation-input"/>
        <input semantic="OUTPUT" source="#mixamorig_LeftHandPinky1-Matrix-animation-output-transform"/>
        <input semantic="INTERPOLATION" source="#mixamorig_LeftHandPinky1-Interpolations"/>
      </sampler>
      <channel source="#mixamorig_LeftHandPinky1-Matrix-animation-transform" target="mixamorig_LeftHandPinky1/matrix"/>
    </animation>
    <animation id="mixamorig_LeftHandPinky2-anim" name="mixamorig_LeftHandPinky2">
      <source id="mixamorig_LeftHandPinky2-Matrix-animation-input">
        <float_array id="mixamorig_LeftHandPinky2-Matrix-animation-input-array" count="69">

0.000000 0.033333 0.066667 0.100000 0.133333 0.166667 0.200000 0.233333 0.266667 0.300000 0.333333 0.366667 0.400000 0.433333 0.466667 0.500000
0.533333 0.566667 0.600000 0.633333 0.666667 0.700000 0.733333 0.766667 0.800000 0.833333 0.866667 0.900000 0.933333 0.966667 1.000000 1.033333
1.066667 1.100000 1.133333 1.166667 1.200000 1.233333 1.266667 1.300000 1.333333 1.366667 1.400000 1.433333 1.466667 1.500000 1.533333 1.566667
1.600000 1.633333 1.666667 1.700000 1.733333 1.766667 1.800000 1.833333 1.866667 1.900000 1.933333 1.966667 2.000000 2.033333 2.066667 2.100000
2.133333 2.166667 2.200000 2.233333 2.266667</float_array>
        <technique_common>
          <accessor source="#mixamorig_LeftHandPinky2-Matrix-animation-input-array" count="69">
            <param name="TIME" type="float"/>
          </accessor>
        </technique_common>
      </source>
      <source id="mixamorig_LeftHandPinky2-Matrix-animation-output-transform">
        <float_array id="mixamorig_LeftHandPinky2-Matrix-animation-output-transform-array" count="1104">

0.999892 -0.007623 -0.012568 0.000000 0.003679 0.957583 -0.288135 3.600000 0.014231 0.288058 0.957507 -0.000000 0.000000 0.000000 0.000000 1.000000
0.999646 -0.011957 -0.023775 0.000000 0.004584 0.957389 -0.288764 3.600000 0.026214 0.288553 0.957105 0.000000 0.000000 0.000000 0.000000 1.000000
0.999218 -0.016775 -0.035799 0.000000 0.005687 0.957087 -0.289744 3.600000 0.039123 0.289314 0.956435 -0.000000 0.000000 0.000000 0.000000 1.000000
0.998596 -0.021854 -0.048259 0.000000 0.006876 0.956713 -0.290952 3.600000 0.052529 0.290212 0.955520 0.000000 0.000000 0.000000 0.000000 1.000000
0.997787 -0.026968 -0.060771 0.000000 0.008046 0.956306 -0.292258 3.600000 0.065997 0.291122 0.954407 0.000000 0.000000 0.000000 0.000000 1.000000
0.996825 -0.031896 -0.072955 0.000000 0.009105 0.955910 -0.293519 3.600000 0.079101 0.291922 0.953165 0.000000 0.000000 0.000000 0.000000 1.000000
0.995764 -0.036414 -0.084432 0.000000 0.009966 0.955575 -0.294578 3.600000 0.091407 0.292489 0.951890 0.000000 0.000000 0.000000 0.000000 1.000000
0.994678 -0.040299 -0.094825 0.000000 0.010557 0.955355 -0.295272 3.600000 0.102490 0.292700 0.950696 0.000000 0.000000 0.000000 0.000000 1.000000
0.993658 -0.043328 -0.103763 -0.000000 0.010805 0.955303 -0.295431 3.600000 0.111925 0.292436 0.949712 0.000000 0.000000 0.000000 0.000000 1.000000
0.992803 -0.045279 -0.110872 0.000000 0.010646 0.955475 -0.294880 3.600000 0.119287 0.291577 0.949080 0.000000 0.000000 0.000000 0.000000 1.000000
0.992209 -0.045825 -0.115851 -0.000000 0.009987 0.956160 -0.292676 3.600000 0.124184 0.289239 0.949168 -0.000000 0.000000 0.000000 0.000000 1.000000
0.991907 -0.044426 -0.118941 0.000000 0.008736 0.958446 -0.285141 3.600000 0.126666 0.281794 0.951077 0.000000 0.000000 0.000000 0.000000 1.000000
0.991862 -0.041539 -0.120348 0.000000 0.007010 0.961661 -0.274151 3.600000 0.127122 0.271076 0.954127 -0.000000 0.000000 0.000000 0.000000 1.000000
0.992026 -0.037753 -0.120244 0.000000 0.004903 0.964918 -0.262504 3.600000 0.125936 0.259821 0.957410 0.000000 0.000000 0.000000 0.000000 1.000000
0.992348 -0.033665 -0.118795 0.000000 0.002530 0.967453 -0.253037 3.600000 0.123447 0.250800 0.960135 0.000000 0.000000 0.000000 0.000000 1.000000
0.992779 -0.029870 -0.116181 0.000000 0.000049 0.968603 -0.248613 3.600000 0.119959 0.246812 0.961610 0.000000 0.000000 0.000000 0.000000 1.000000
0.993277 -0.026964 -0.112579 -0.000000 -0.002303 0.967700 -0.252092 3.600000 0.115740 0.250657 0.961132 0.000000 0.000000 0.000000 0.000000 1.000000
0.993806 -0.025542 -0.108156 -0.000000 -0.004206 0.963888 -0.266274 3.600000 0.111052 0.265079 0.957810 -0.000000 0.000000 0.000000 0.000000 1.000000
0.994470 -0.025601 -0.101853 0.000000 -0.005598 0.955533 -0.294831 3.600000 0.104872 0.293771 0.950106 0.000000 0.000000 0.000000 0.000000 1.000000
0.995318 -0.026591 -0.092927 0.000000 -0.006295 0.941541 -0.336838 3.600000 0.096452 0.335846 0.936966 0.000000 0.000000 0.000000 0.000000 1.000000
0.996231 -0.028266 -0.082005 0.000000 -0.005791 0.921634 -0.388017 3.600000 0.086546 0.387030 0.917997 -0.000000 0.000000 0.000000 0.000000 1.000000
0.997102 -0.030385 -0.069742 0.000000 -0.003757 0.895980 -0.444078 3.600000 0.075981 0.443053 0.893270 0.000000 0.000000 0.000000 0.000000 1.000000
0.997847 -0.032716 -0.056834 -0.000000 -0.000152 0.865506 -0.500898 3.600000 0.065578 0.499828 0.863638 -0.000000 0.000000 0.000000 0.000000 1.000000
0.998416 -0.035044 -0.044026 0.000000 0.004742 0.832021 -0.554724 3.600000 0.056071 0.553636 0.830869 -0.000000 0.000000 0.000000 0.000000 1.000000
0.998791 -0.037176 -0.032170 0.000000 0.010322 0.798342 -0.602116 3.600000 0.048067 0.601056 0.797760 0.000000 0.000000 0.000000 0.000000 1.000000
0.999000 -0.038977 -0.021916 0.000000 0.015873 0.767294 -0.641099 3.600000 0.041805 0.640110 0.767145 0.000000 0.000000 0.000000 0.000000 1.000000
0.999086 -0.040295 -0.014288 0.000000 0.020404 0.743091 -0.668879 3.600000 0.037570 0.667976 0.743234 -0.000000 0.000000 0.000000 0.000000 1.000000
0.999102 -0.040899 -0.011038 0.000000 0.022469 0.732504 -0.680392 3.600000 0.035913 0.679533 0.732765 0.000000 0.000000 0.000000 0.000000 1.000000
0.999107 -0.041179 -0.009510 0.000000 0.023455 0.727468 -0.685740 3.600000 0.035156 0.684904 0.727784 -0.000000 0.000000 0.000000 0.000000 1.000000
0.999108 -0.041380 -0.008393 0.000000 0.024183 0.723766 -0.689621 3.600000 0.034612 0.688803 0.724122 0.000000 0.000000 0.000000 0.000000 1.000000
0.999109 -0.041554 -0.007430 0.000000 0.024816 0.720559 -0.692949 3.600000 0.034148 0.692147 0.720948 0.000000 0.000000 0.000000 0.000000 1.000000
0.999108 -0.041699 -0.006613 0.000000 0.025355 0.717824 -0.695762 3.600000 0.033760 0.694974 0.718242 0.000000 0.000000 0.000000 0.000000 1.000000
0.999108 -0.041820 -0.005933 0.000000 0.025805 0.715542 -0.698093 3.600000 0.033440 0.697317 0.715983 0.000000 0.000000 0.000000 0.000000 1.000000
0.999107 -0.041917 -0.005383 0.000000 0.026171 0.713688 -0.699975 3.600000 0.033183 0.699209 0.714147 0.000000 0.000000 0.000000 0.000000 1.000000
0.999106 -0.041993 -0.004954 0.000000 0.026457 0.712238 -0.701440 3.600000 0.032984 0.700681 0.712712 0.000000 0.000000 0.000000 0.000000 1.000000
0.999105 -0.042048 -0.004640 -0.000000 0.026668 0.711167 -0.702517 3.600000 0.032839 0.701765 0.711651 0.000000 0.000000 0.000000 0.000000 1.000000
0.999101 -0.042137 -0.004554 0.000000 0.026757 0.710449 -0.703240 3.600000 0.032868 0.702486 0.710938 0.000000 0.000000 0.000000 0.000000 1.000000
0.999100 -0.042164 -0.004536 0.000000 0.026771 0.710056 -0.703636 3.600000 0.032889 0.702882 0.710546 -0.000000 0.000000 0.000000 0.000000 1.000000
0.999100 -0.042174 -0.004541 0.000000 0.026770 0.709962 -0.703731 3.600000 0.032902 0.702976 0.710452 -0.000000 0.000000 0.000000 0.000000 1.000000
0.999100 -0.042169 -0.004566 -0.000000 0.026757 0.710138 -0.703554 3.600000 0.032910 0.702799 0.710627 -0.000000 0.000000 0.000000 0.000000 1.000000
0.999101 -0.042147 -0.004611 0.000000 0.026730 0.710556 -0.703133 3.600000 0.032911 0.702377 0.711044 -0.000000 0.000000 0.000000 0.000000 1.000000
0.999103 -0.042077 -0.004708 0.000000 0.026641 0.711188 -0.702497 3.600000 0.032907 0.701742 0.711671 0.000000 0.000000 0.000000 0.000000 1.000000
0.999106 -0.041992 -0.004913 0.000000 0.026475 0.712006 -0.701674 3.600000 0.032963 0.700917 0.712481 0.000000 0.000000 0.000000 0.000000 1.000000
0.999107 -0.041939 -0.005206 0.000000 0.026277 0.712980 -0.700692 3.600000 0.033098 0.699929 0.713445 0.000000 0.000000 0.000000 0.000000 1.000000
0.999107 -0.041879 -0.005537 0.000000 0.026055 0.714083 -0.699576 3.600000 0.033251 0.698807 0.714537 0.000000 0.000000 0.000000 0.000000 1.000000
0.999108 -0.041813 -0.005898 0.000000 0.025812 0.715286 -0.698355 3.600000 0.033419 0.697580 0.715728 0.000000 0.000000 0.000000 0.000000 1.000000
0.999109 -0.041742 -0.006280 0.000000 0.025556 0.716561 -0.697056 3.600000 0.033596 0.696274 0.716990 -0.000000 0.000000 0.000000 0.000000 1.000000
0.999109 -0.041669 -0.006675 0.000000 0.025292 0.717880 -0.695707 3.600000 0.033782 0.694919 0.718294 0.000000 0.000000 0.000000 0.000000 1.000000
0.999110 -0.041595 -0.007075 0.000000 0.025025 0.719214 -0.694337 3.600000 0.033970 0.693542 0.719615 0.000000 0.000000 0.000000 0.000000 1.000000
0.999110 -0.041521 -0.007472 -0.000000 0.024762 0.720537 -0.692974 3.600000 0.034157 0.692172 0.720924 -0.000000 0.000000 0.000000 0.000000 1.000000
0.999110 -0.041449 -0.007856 0.000000 0.024507 0.721821 -0.691646 3.600000 0.034339 0.690838 0.722194 -0.000000 0.000000 0.000000 0.000000 1.000000
0.999110 -0.041379 -0.008220 0.000000 0.024265 0.723038 -0.690382 3.600000 0.034511 0.689568 0.723398 -0.000000 0.000000 0.000000 0.000000 1.000000
0.999110 -0.041316 -0.008557 -0.000000 0.024043 0.724161 -0.689211 3.600000 0.034671 0.688392 0.724510 -0.000000 0.000000 0.000000 0.000000 1.000000
0.999109 -0.041258 -0.008856 0.000000 0.023846 0.725164 -0.688164 3.600000 0.034814 0.687339 0.725501 -0.000000 0.000000 0.000000 0.000000 1.000000
0.999109 -0.041208 -0.009110 0.000000 0.023678 0.726019 -0.687267 3.600000 0.034935 0.686439 0.726348 0.000000 0.000000 0.000000 0.000000 1.000000
0.999108 -0.041198 -0.009287 -0.000000 0.023584 0.726700 -0.686550 3.600000 0.035033 0.685718 0.727024 -0.000000 0.000000 0.000000 0.000000 1.000000
0.999107 -0.041199 -0.009374 0.000000 0.023549 0.727180 -0.686043 3.600000 0.035081 0.685209 0.727501 -0.000000 0.000000 0.000000 0.000000 1.000000
0.999107 -0.041193 -0.009419 -0.000000 0.023527 0.727433 -0.685775 3.600000 0.035101 0.684941 0.727753 0.000000 0.000000 0.000000 0.000000 1.000000
0.999107 -0.041191 -0.009437 0.000000 0.023514 0.727467 -0.685740 3.600000 0.035111 0.684905 0.727786 0.000000 0.000000 0.000000 0.000000 1.000000
0.999130 -0.040586 -0.009609 -0.000000 0.023262 0.733488 -0.679304 3.600000 0.034618 0.678489 0.733794 0.000000 0.000000 0.000000 0.000000 1.000000
0.999192 -0.038912 -0.010043 0.000000 0.022563 0.749981 -0.661074 3.600000 0.033256 0.660314 0.750253 0.000000 0.000000 0.000000 0.000000 1.000000
0.999282 -0.036368 -0.010605 0.000000 0.021468 0.774306 -0.632448 3.600000 0.031213 0.631766 0.774531 0.000000 0.000000 0.000000 0.000000 1.000000
0.999389 -0.033113 -0.011200 0.000000 0.019962 0.803652 -0.594765 3.600000 0.028695 0.594178 0.803822 0.000000 0.000000 0.000000 0.000000 1.000000
0.999503 -0.029239 -0.011786 0.000000 0.017954 0.835267 -0.549551 3.600000 0.025912 0.549067 0.835377 0.000000 0.000000 0.000000 0.000000 1.000000
0.999614 -0.024940 -0.012269 0.000000 0.015503 0.866659 -0.498660 3.600000 0.023069 0.498277 0.866711 0.000000 0.000000 0.000000 0.000000 1.000000
0.999712 -0.020409 -0.012597 0.000000 0.012688 0.895772 -0.444332 3.600000 0.020353 0.444045 0.895773 -0.000000 0.000000 0.000000 0.000000 1.000000
0.999793 -0.015859 -0.012746 0.000000 0.009650 0.921111 -0.389180 3.600000 0.017912 0.388976 0.921074 0.000000 0.000000 0.000000 0.000000 1.000000
0.999853 -0.011518 -0.012723 -0.000000 0.006573 0.941806 -0.336093 3.600000 0.015854 0.335960 0.941743 0.000000 0.000000 0.000000 0.000000 1.000000
0.999892 -0.007623 -0.012568 -0.000000 0.003679 0.957583 -0.288135 3.600000 0.014231 0.288058 0.957507 0.000000 0.000000 0.000000 0.000000 1.000000</float_array>
        <technique_common>
          <accessor source="#mixamorig_LeftHandPinky2-Matrix-animation-output-transform-array" count="69" stride="16">
            <param type="float4x4"/>
          </accessor>
        </technique_common>
      </source>
      <source id="mixamorig_LeftHandPinky2-Interpolations">
        <Name_array id="mixamorig_LeftHandPinky2-Interpolations-array" count="69">
 LINEAR LINEAR LINEAR LINEAR LINEAR LINEAR LINEAR LINEAR LINEAR LINEAR LINEAR
LINEAR LINEAR LINEAR LINEAR LINEAR LINEAR LINEAR LINEAR LINEAR LINEAR LINEAR LINEAR
LINEAR LINEAR LINEAR LINEAR LINEAR LINEAR LINEAR LINEAR LINEAR LINEAR LINEAR LINEAR
LINEAR LINEAR LINEAR LINEAR LINEAR LINEAR LINEAR LINEAR LINEAR LINEAR LINEAR LINEAR
LINEAR LINEAR LINEAR LINEAR LINEAR LINEAR LINEAR LINEAR LINEAR LINEAR LINEAR LINEAR
LINEAR LINEAR LINEAR LINEAR LINEAR LINEAR LINEAR LINEAR LINEAR LINEAR</Name_array>
        <technique_common>
          <accessor source="#mixamorig_LeftHandPinky2-Interpolations-array" count="69">
            <param type="name"/>
          </accessor>
        </technique_common>
      </source>
      <sampler id="mixamorig_LeftHandPinky2-Matrix-animation-transform">
        <input semantic="INPUT" source="#mixamorig_LeftHandPinky2-Matrix-animation-input"/>
        <input semantic="OUTPUT" source="#mixamorig_LeftHandPinky2-Matrix-animation-output-transform"/>
        <input semantic="INTERPOLATION" source="#mixamorig_LeftHandPinky2-Interpolations"/>
      </sampler>
      <channel source="#mixamorig_LeftHandPinky2-Matrix-animation-transform" target="mixamorig_LeftHandPinky2/matrix"/>
    </animation>
    <animation id="mixamorig_LeftHandPinky3-anim" name="mixamorig_LeftHandPinky3">
      <source id="mixamorig_LeftHandPinky3-Matrix-animation-input">
        <float_array id="mixamorig_LeftHandPinky3-Matrix-animation-input-array" count="69">

0.000000 0.033333 0.066667 0.100000 0.133333 0.166667 0.200000 0.233333 0.266667 0.300000 0.333333 0.366667 0.400000 0.433333 0.466667 0.500000
0.533333 0.566667 0.600000 0.633333 0.666667 0.700000 0.733333 0.766667 0.800000 0.833333 0.866667 0.900000 0.933333 0.966667 1.000000 1.033333
1.066667 1.100000 1.133333 1.166667 1.200000 1.233333 1.266667 1.300000 1.333333 1.366667 1.400000 1.433333 1.466667 1.500000 1.533333 1.566667
1.600000 1.633333 1.666667 1.700000 1.733333 1.766667 1.800000 1.833333 1.866667 1.900000 1.933333 1.966667 2.000000 2.033333 2.066667 2.100000
2.133333 2.166667 2.200000 2.233333 2.266667</float_array>
        <technique_common>
          <accessor source="#mixamorig_LeftHandPinky3-Matrix-animation-input-array" count="69">
            <param name="TIME" type="float"/>
          </accessor>
        </technique_common>
      </source>
      <source id="mixamorig_LeftHandPinky3-Matrix-animation-output-transform">
        <float_array id="mixamorig_LeftHandPinky3-Matrix-animation-output-transform-array" count="1104">

0.999241 -0.021891 -0.032227 0.000000 -0.000331 0.822404 -0.568904 2.100000 0.038958 0.568482 0.821772 0.000000 0.000000 0.000000 0.000000 1.000000
0.999227 -0.021853 -0.032670 0.000000 -0.000444 0.824875 -0.565314 2.100000 0.039302 0.564892 0.824228 -0.000000 0.000000 0.000000 0.000000 1.000000
0.999203 -0.022091 -0.033258 -0.000000 -0.000550 0.825284 -0.564718 2.100000 0.039922 0.564286 0.824614 0.000000 0.000000 0.000000 0.000000 1.000000
0.999171 -0.022372 -0.033999 0.000000 -0.000787 0.824587 -0.565735 2.100000 0.040692 0.565293 0.823886 0.000000 0.000000 0.000000 0.000000 1.000000
0.999139 -0.022666 -0.034757 -0.000000 -0.001037 0.823730 -0.566981 2.100000 0.041481 0.566529 0.822997 0.000000 0.000000 0.000000 0.000000 1.000000
0.999110 -0.022903 -0.035424 0.000000 -0.001225 0.823665 -0.567076 2.100000 0.042165 0.566615 0.822903 0.000000 0.000000 0.000000 0.000000 1.000000
0.999091 -0.023019 -0.035889 0.000000 -0.001266 0.825339 -0.564636 2.100000 0.042618 0.564168 0.824559 0.000000 0.000000 0.000000 0.000000 1.000000
0.999087 -0.022949 -0.036038 -0.000000 -0.001079 0.829669 -0.558255 2.100000 0.042711 0.557784 0.828886 -0.000000 0.000000 0.000000 0.000000 1.000000
0.999105 -0.022618 -0.035755 -0.000000 -0.000597 0.837480 -0.546468 2.100000 0.042304 0.546000 0.836717 -0.000000 0.000000 0.000000 0.000000 1.000000
0.999149 -0.021952 -0.034914 0.000000 0.000223 0.849430 -0.527702 2.100000 0.041241 0.527245 0.848712 0.000000 0.000000 0.000000 0.000000 1.000000
0.999230 -0.020773 -0.033291 0.000000 0.001415 0.866914 -0.498455 2.100000 0.039215 0.498024 0.866276 0.000000 0.000000 0.000000 0.000000 1.000000
0.999365 -0.018576 -0.030401 0.000000 0.002941 0.893414 -0.449224 2.100000 0.035506 0.448850 0.892902 -0.000000 0.000000 0.000000 0.000000 1.000000
0.999530 -0.015578 -0.026402 0.000000 0.004237 0.923198 -0.384302 2.100000 0.030361 0.384009 0.922830 0.000000 0.000000 0.000000 0.000000 1.000000
0.999693 -0.012156 -0.021607 0.000000 0.004834 0.950387 -0.311031 2.100000 0.024316 0.310831 0.950154 0.000000 0.000000 0.000000 0.000000 1.000000
0.999826 -0.008752 -0.016459 0.000000 0.004586 0.971284 -0.237877 2.100000 0.018069 0.237760 0.971156 0.000000 0.000000 0.000000 0.000000 1.000000
0.999916 -0.005853 -0.011531 0.000000 0.003757 0.984728 -0.174061 2.100000 0.012374 0.174004 0.984667 0.000000 0.000000 0.000000 0.000000 1.000000
0.999964 -0.003957 -0.007512 0.000000 0.002955 0.991638 -0.129019 2.100000 0.007959 0.128992 0.991614 0.000000 0.000000 0.000000 0.000000 1.000000
0.999981 -0.003555 -0.005134 0.000000 0.002958 0.993704 -0.111999 2.100000 0.005500 0.111982 0.993695 0.000000 0.000000 0.000000 0.000000 1.000000
0.999978 -0.004924 -0.004545 -0.000000 0.004306 0.991871 -0.127176 2.100000 0.005135 0.127154 0.991870 0.000000 0.000000 0.000000 0.000000 1.000000
0.999956 -0.007772 -0.005182 0.000000 0.006788 0.985688 -0.168444 2.100000 0.006417 0.168401 0.985698 0.000000 0.000000 0.000000 0.000000 1.000000
0.999909 -0.011708 -0.006631 -0.000000 0.009877 0.973340 -0.229156 2.100000 0.009137 0.229070 0.973367 0.000000 0.000000 0.000000 0.000000 1.000000
0.999831 -0.016326 -0.008483 0.000000 0.012998 0.953098 -0.302384 2.100000 0.013022 0.302222 0.953149 0.000000 0.000000 0.000000 0.000000 1.000000
0.999721 -0.021218 -0.010393 0.000000 0.015657 0.924405 -0.381092 2.100000 0.017694 0.380823 0.924479 -0.000000 0.000000 0.000000 0.000000 1.000000
0.999589 -0.025990 -0.012117 0.000000 0.017544 0.888504 -0.458532 2.100000 0.022683 0.458131 0.888595 0.000000 0.000000 0.000000 0.000000 1.000000
0.999450 -0.030276 -0.013510 0.000000 0.018569 0.848791 -0.528403 2.100000 0.027465 0.527862 0.848886 -0.000000 0.000000 0.000000 0.000000 1.000000
0.999322 -0.033840 -0.014537 0.000000 0.018883 0.809637 -0.586628 2.100000 0.031621 0.585955 0.809726 0.000000 0.000000 0.000000 0.000000 1.000000
0.999222 -0.036397 -0.015201 0.000000 0.018764 0.777603 -0.628476 2.100000 0.034695 0.627702 0.777680 0.000000 0.000000 0.000000 0.000000 1.000000
0.999178 -0.037468 -0.015497 0.000000 0.018602 0.763198 -0.645897 2.100000 0.036028 0.645078 0.763267 0.000000 0.000000 0.000000 0.000000 1.000000
0.999156 -0.037986 -0.015652 0.000000 0.018506 0.756247 -0.654025 2.100000 0.036681 0.653183 0.756311 -0.000000 0.000000 0.000000 0.000000 1.000000
0.999143 -0.038370 -0.015496 0.000000 0.018612 0.751142 -0.659878 2.100000 0.036959 0.659025 0.751213 -0.000000 0.000000 0.000000 0.000000 1.000000
0.999135 -0.038716 -0.015206 0.000000 0.018815 0.746705 -0.664890 2.100000 0.037097 0.664028 0.746787 -0.000000 0.000000 0.000000 0.000000 1.000000
0.999127 -0.039003 -0.014961 -0.000000 0.018981 0.742913 -0.669119 2.100000 0.037213 0.668251 0.743005 -0.000000 0.000000 0.000000 0.000000 1.000000
0.999121 -0.039246 -0.014752 0.000000 0.019126 0.739741 -0.672620 2.100000 0.037310 0.671747 0.739841 0.000000 0.000000 0.000000 0.000000 1.000000
0.999116 -0.039440 -0.014580 0.000000 0.019243 0.737160 -0.675444 2.100000 0.037387 0.674566 0.737267 0.000000 0.000000 0.000000 0.000000 1.000000
0.999112 -0.039588 -0.014449 0.000000 0.019329 0.735139 -0.677641 2.100000 0.037448 0.676760 0.735251 0.000000 0.000000 0.000000 0.000000 1.000000
0.999109 -0.039693 -0.014353 -0.000000 0.019389 0.733645 -0.679256 2.100000 0.037492 0.678373 0.733761 0.000000 0.000000 0.000000 0.000000 1.000000
0.999107 -0.039765 -0.014286 0.000000 0.019432 0.732641 -0.680338 2.100000 0.037520 0.679452 0.732760 0.000000 0.000000 0.000000 0.000000 1.000000
0.999106 -0.039806 -0.014245 0.000000 0.019460 0.732093 -0.680927 2.100000 0.037534 0.680041 0.732213 0.000000 0.000000 0.000000 0.000000 1.000000
0.999106 -0.039819 -0.014228 0.000000 0.019473 0.731961 -0.681069 2.100000 0.037534 0.680182 0.732081 -0.000000 0.000000 0.000000 0.000000 1.000000
0.999106 -0.039807 -0.014235 0.000000 0.019473 0.732207 -0.680804 2.100000 0.037524 0.679918 0.732327 -0.000000 0.000000 0.000000 0.000000 1.000000
0.999107 -0.039771 -0.014260 0.000000 0.019462 0.732791 -0.680175 2.100000 0.037501 0.679290 0.732911 0.000000 0.000000 0.000000 0.000000 1.000000
0.999109 -0.039715 -0.014304 0.000000 0.019440 0.733674 -0.679223 2.100000 0.037470 0.678340 0.733792 -0.000000 0.000000 0.000000 0.000000 1.000000
0.999111 -0.039642 -0.014363 0.000000 0.019409 0.734815 -0.677990 2.100000 0.037430 0.677108 0.734931 0.000000 0.000000 0.000000 0.000000 1.000000
0.999113 -0.039553 -0.014433 0.000000 0.019371 0.736174 -0.676515 2.100000 0.037384 0.675635 0.736288 0.000000 0.000000 0.000000 0.000000 1.000000
0.999116 -0.039452 -0.014516 0.000000 0.019325 0.737711 -0.674840 2.100000 0.037333 0.673963 0.737822 -0.000000 0.000000 0.000000 0.000000 1.000000
0.999119 -0.039340 -0.014607 0.000000 0.019274 0.739386 -0.673006 2.100000 0.037277 0.672131 0.739493 -0.000000 0.000000 0.000000 0.000000 1.000000
0.999122 -0.039222 -0.014704 0.000000 0.019219 0.741159 -0.671054 2.100000 0.037218 0.670183 0.741262 0.000000 0.000000 0.000000 0.000000 1.000000
0.999126 -0.039098 -0.014804 0.000000 0.019162 0.742991 -0.669027 2.100000 0.037157 0.668159 0.743091 0.000000 0.000000 0.000000 0.000000 1.000000
0.999129 -0.038971 -0.014906 -0.000000 0.019102 0.744842 -0.666967 2.100000 0.037095 0.666101 0.744938 0.000000 0.000000 0.000000 0.000000 1.000000
0.999133 -0.038845 -0.015008 0.000000 0.019042 0.746676 -0.664915 2.100000 0.037035 0.664053 0.746768 0.000000 0.000000 0.000000 0.000000 1.000000
0.999136 -0.038722 -0.015106 0.000000 0.018984 0.748453 -0.662916 2.100000 0.036976 0.662057 0.748541 -0.000000 0.000000 0.000000 0.000000 1.000000
0.999139 -0.038605 -0.015200 0.000000 0.018928 0.750136 -0.661013 2.100000 0.036921 0.660156 0.750221 0.000000 0.000000 0.000000 0.000000 1.000000
0.999142 -0.038496 -0.015287 0.000000 0.018875 0.751687 -0.659250 2.100000 0.036869 0.658396 0.751769 0.000000 0.000000 0.000000 0.000000 1.000000
0.999144 -0.038397 -0.015364 0.000000 0.018828 0.753072 -0.657669 2.100000 0.036823 0.656817 0.753150 -0.000000 0.000000 0.000000 0.000000 1.000000
0.999147 -0.038313 -0.015431 0.000000 0.018786 0.754251 -0.656318 2.100000 0.036784 0.655468 0.754327 0.000000 0.000000 0.000000 0.000000 1.000000
0.999148 -0.038245 -0.015483 0.000000 0.018753 0.755189 -0.655239 2.100000 0.036752 0.654390 0.755263 0.000000 0.000000 0.000000 0.000000 1.000000
0.999151 -0.038155 -0.015558 0.000000 0.018673 0.755852 -0.654476 2.100000 0.036731 0.653630 0.755922 0.000000 0.000000 0.000000 0.000000 1.000000
0.999152 -0.038086 -0.015615 0.000000 0.018603 0.756201 -0.654075 2.100000 0.036719 0.653230 0.756269 0.000000 0.000000 0.000000 0.000000 1.000000
0.999154 -0.038030 -0.015661 0.000000 0.018533 0.756246 -0.654024 2.100000 0.036716 0.653181 0.756311 0.000000 0.000000 0.000000 0.000000 1.000000
0.999162 -0.037694 -0.015945 0.000000 0.018168 0.757589 -0.652479 2.100000 0.036674 0.651642 0.757639 0.000000 0.000000 0.000000 0.000000 1.000000
0.999181 -0.036810 -0.016795 0.000000 0.017152 0.761318 -0.648151 2.100000 0.036645 0.647333 0.761326 -0.000000 0.000000 0.000000 0.000000 1.000000
0.999204 -0.035515 -0.018163 0.000000 0.015600 0.766968 -0.641495 2.100000 0.036713 0.640701 0.766912 -0.000000 0.000000 0.000000 0.000000 1.000000
0.999228 -0.033866 -0.019897 -0.000000 0.013630 0.774067 -0.632957 2.100000 0.036837 0.632197 0.773931 -0.000000 0.000000 0.000000 0.000000 1.000000
0.999249 -0.031955 -0.021895 0.000000 0.011361 0.782147 -0.622990 2.100000 0.037032 0.622274 0.781923 0.000000 0.000000 0.000000 0.000000 1.000000
0.999264 -0.029877 -0.024053 -0.000000 0.008910 0.790759 -0.612063 2.100000 0.037307 0.611398 0.790443 0.000000 0.000000 0.000000 0.000000 1.000000
0.999270 -0.027727 -0.026270 0.000000 0.006392 0.799474 -0.600667 2.100000 0.037657 0.600060 0.799068 -0.000000 0.000000 0.000000 0.000000 1.000000
0.999267 -0.025602 -0.028444 0.000000 0.003925 0.807895 -0.589314 2.100000 0.038067 0.588770 0.807403 0.000000 0.000000 0.000000 0.000000 1.000000
0.999257 -0.023603 -0.030478 0.000000 0.001620 0.815652 -0.578541 2.100000 0.038514 0.578061 0.815084 0.000000 0.000000 0.000000 0.000000 1.000000
0.999241 -0.021824 -0.032273 0.000000 -0.000412 0.822404 -0.568904 2.100000 0.038958 0.568485 0.821771 0.000000 0.000000 0.000000 0.000000 1.000000</float_array>
        <technique_common>
          <accessor source="#mixamorig_LeftHandPinky3-Matrix-animation-output-transform-array" count="69" stride="16">
            <param type="float4x4"/>
          </accessor>
        </technique_common>
      </source>
      <source id="mixamorig_LeftHandPinky3-Interpolations">
        <Name_array id="mixamorig_LeftHandPinky3-Interpolations-array" count="69">
 LINEAR LINEAR LINEAR LINEAR LINEAR LINEAR LINEAR LINEAR LINEAR LINEAR LINEAR
LINEAR LINEAR LINEAR LINEAR LINEAR LINEAR LINEAR LINEAR LINEAR LINEAR LINEAR LINEAR
LINEAR LINEAR LINEAR LINEAR LINEAR LINEAR LINEAR LINEAR LINEAR LINEAR LINEAR LINEAR
LINEAR LINEAR LINEAR LINEAR LINEAR LINEAR LINEAR LINEAR LINEAR LINEAR LINEAR LINEAR
LINEAR LINEAR LINEAR LINEAR LINEAR LINEAR LINEAR LINEAR LINEAR LINEAR LINEAR LINEAR
LINEAR LINEAR LINEAR LINEAR LINEAR LINEAR LINEAR LINEAR LINEAR LINEAR</Name_array>
        <technique_common>
          <accessor source="#mixamorig_LeftHandPinky3-Interpolations-array" count="69">
            <param type="name"/>
          </accessor>
        </technique_common>
      </source>
      <sampler id="mixamorig_LeftHandPinky3-Matrix-animation-transform">
        <input semantic="INPUT" source="#mixamorig_LeftHandPinky3-Matrix-animation-input"/>
        <input semantic="OUTPUT" source="#mixamorig_LeftHandPinky3-Matrix-animation-output-transform"/>
        <input semantic="INTERPOLATION" source="#mixamorig_LeftHandPinky3-Interpolations"/>
      </sampler>
      <channel source="#mixamorig_LeftHandPinky3-Matrix-animation-transform" target="mixamorig_LeftHandPinky3/matrix"/>
    </animation>
    <animation id="mixamorig_RightUpLeg-anim" name="mixamorig_RightUpLeg">
      <source id="mixamorig_RightUpLeg-Matrix-animation-input">
        <float_array id="mixamorig_RightUpLeg-Matrix-animation-input-array" count="69">

0.000000 0.033333 0.066667 0.100000 0.133333 0.166667 0.200000 0.233333 0.266667 0.300000 0.333333 0.366667 0.400000 0.433333 0.466667 0.500000
0.533333 0.566667 0.600000 0.633333 0.666667 0.700000 0.733333 0.766667 0.800000 0.833333 0.866667 0.900000 0.933333 0.966667 1.000000 1.033333
1.066667 1.100000 1.133333 1.166667 1.200000 1.233333 1.266667 1.300000 1.333333 1.366667 1.400000 1.433333 1.466667 1.500000 1.533333 1.566667
1.600000 1.633333 1.666667 1.700000 1.733333 1.766667 1.800000 1.833333 1.866667 1.900000 1.933333 1.966667 2.000000 2.033333 2.066667 2.100000
2.133333 2.166667 2.200000 2.233333 2.266667</float_array>
        <technique_common>
          <accessor source="#mixamorig_RightUpLeg-Matrix-animation-input-array" count="69">
            <param name="TIME" type="float"/>
          </accessor>
        </technique_common>
      </source>
      <source id="mixamorig_RightUpLeg-Matrix-animation-output-transform">
        <float_array id="mixamorig_RightUpLeg-Matrix-animation-output-transform-array" count="1104">

-0.920238 -0.390760 -0.021667 -8.207800 0.309640 -0.760824 0.570324 -6.771800 -0.239344 0.518125 0.821134 -1.512200 0.000000 0.000000 0.000000 1.000000
-0.920751 -0.389997 -0.010927 -8.207800 0.320685 -0.772470 0.548134 -6.771800 -0.222212 0.501191 0.836319 -1.512200 0.000000 0.000000 0.000000 1.000000
-0.918980 -0.394305 0.000044 -8.207800 0.336282 -0.783690 0.522249 -6.771800 -0.205891 0.479951 0.852793 -1.512200 0.000000 0.000000 0.000000 1.000000
-0.915103 -0.402927 0.015391 -8.207800 0.358414 -0.795334 0.488860 -6.771800 -0.184733 0.452873 0.872227 -1.512200 0.000000 0.000000 0.000000 1.000000
-0.907944 -0.417341 0.038262 -8.207800 0.388416 -0.803688 0.450797 -6.771800 -0.157385 0.424160 0.891806 -1.512200 0.000000 0.000000 0.000000 1.000000
-0.897833 -0.435588 0.064482 -8.207800 0.421478 -0.807723 0.412238 -6.771800 -0.127482 0.397298 0.908792 -1.512200 0.000000 0.000000 0.000000 1.000000
-0.884634 -0.458262 0.086134 -8.207800 0.454944 -0.807766 0.374888 -6.771800 -0.102221 0.370824 0.923060 -1.512200 0.000000 0.000000 0.000000 1.000000
-0.866902 -0.490580 0.088389 -8.207800 0.488993 -0.802499 0.341879 -6.771800 -0.096787 0.339597 0.935578 -1.512200 0.000000 0.000000 0.000000 1.000000
-0.842959 -0.534001 0.065292 -8.207800 0.524799 -0.789531 0.318163 -6.771800 -0.118350 0.302463 0.945785 -1.512200 0.000000 0.000000 0.000000 1.000000
-0.815120 -0.579193 0.010742 -8.207800 0.557492 -0.779271 0.286251 -6.771800 -0.157423 0.239318 0.958094 -1.512200 0.000000 0.000000 0.000000 1.000000
-0.792864 -0.606743 -0.056834 -8.207800 0.578701 -0.778869 0.241804 -6.771800 -0.190979 0.158828 0.968659 -1.512200 0.000000 0.000000 0.000000 1.000000
-0.791138 -0.600615 -0.115596 -8.207800 0.579689 -0.796583 0.171511 -6.771800 -0.195094 0.068679 0.978377 -1.512200 0.000000 0.000000 0.000000 1.000000
-0.793646 -0.576928 -0.193079 -8.207800 0.567804 -0.816383 0.105442 -6.771800 -0.218459 -0.025947 0.975501 -1.512200 0.000000 0.000000 0.000000 1.000000
-0.797536 -0.559551 -0.225477 -8.207800 0.551435 -0.827749 0.103686 -6.771800 -0.244656 -0.041642 0.968715 -1.512200 0.000000 0.000000 0.000000 1.000000
-0.793636 -0.539872 -0.280499 -8.207800 0.532243 -0.839447 0.109757 -6.771800 -0.294719 -0.062186 0.953558 -1.512200 0.000000 0.000000 0.000000 1.000000
-0.776797 -0.515589 -0.361601 -8.207800 0.513178 -0.851064 0.111073 -6.771800 -0.365014 -0.099285 0.925693 -1.512200 0.000000 0.000000 0.000000 1.000000
-0.762476 -0.476710 -0.437468 -8.207800 0.488630 -0.867454 0.093618 -6.771800 -0.424112 -0.142378 0.894348 -1.512200 0.000000 0.000000 0.000000 1.000000
-0.759985 -0.425792 -0.491044 -8.207800 0.453043 -0.888776 0.069500 -6.771800 -0.466020 -0.169645 0.868358 -1.512200 0.000000 0.000000 0.000000 1.000000
-0.745624 -0.382012 -0.545996 -8.207800 0.411585 -0.908402 0.073504 -6.771800 -0.524064 -0.169917 0.834557 -1.512200 0.000000 0.000000 0.000000 1.000000
-0.716105 -0.350083 -0.603851 -8.207800 0.363277 -0.925650 0.105837 -6.771800 -0.596006 -0.143575 0.790040 -1.512200 0.000000 0.000000 0.000000 1.000000
-0.679918 -0.336168 -0.651692 -8.207800 0.315462 -0.936376 0.153894 -6.771800 -0.661963 -0.100948 0.742708 -1.512200 0.000000 0.000000 0.000000 1.000000
-0.643470 -0.333641 -0.688934 -8.207800 0.280726 -0.940161 0.193106 -6.771800 -0.712137 -0.069144 0.698627 -1.512200 0.000000 0.000000 0.000000 1.000000
-0.636565 -0.331514 -0.696335 -8.207800 0.285290 -0.940071 0.186751 -6.771800 -0.716515 -0.079778 0.692994 -1.512200 0.000000 0.000000 0.000000 1.000000
-0.635510 -0.349641 -0.688388 -8.207800 0.308348 -0.932333 0.188881 -6.771800 -0.707848 -0.092228 0.700318 -1.512200 0.000000 0.000000 0.000000 1.000000
-0.667118 -0.361697 -0.651252 -8.207800 0.299206 -0.930702 0.210405 -6.771800 -0.682224 -0.054494 0.729110 -1.512200 0.000000 0.000000 0.000000 1.000000
-0.714072 -0.345519 -0.608866 -8.207800 0.263279 -0.938412 0.223758 -6.771800 -0.648680 -0.000522 0.761061 -1.512200 0.000000 0.000000 0.000000 1.000000
-0.741375 -0.302262 -0.599167 -8.207800 0.208680 -0.952397 0.222246 -6.771800 -0.637821 0.039734 0.769159 -1.512200 0.000000 0.000000 0.000000 1.000000
-0.723188 -0.258644 -0.640392 -8.207800 0.184048 -0.965872 0.182257 -6.771800 -0.665677 0.013943 0.746110 -1.512200 0.000000 0.000000 0.000000 1.000000
-0.690773 -0.221317 -0.688369 -8.207800 0.170684 -0.975012 0.142195 -6.771800 -0.702638 -0.019270 0.711287 -1.512200 0.000000 0.000000 0.000000 1.000000
-0.666705 -0.203214 -0.717084 -8.207800 0.157450 -0.978800 0.130994 -6.771800 -0.728502 -0.025570 0.684567 -1.512200 0.000000 0.000000 0.000000 1.000000
-0.644935 -0.184295 -0.741683 -8.207800 0.136360 -0.982665 0.125602 -6.771800 -0.751974 -0.020131 0.658886 -1.512200 0.000000 0.000000 0.000000 1.000000
-0.625307 -0.167238 -0.762249 -8.207800 0.112125 -0.985886 0.124323 -6.771800 -0.772282 -0.007727 0.635233 -1.512200 0.000000 0.000000 0.000000 1.000000
-0.603616 -0.153961 -0.782269 -8.207800 0.090017 -0.988064 0.125006 -6.771800 -0.792177 0.005038 0.610270 -1.512200 0.000000 0.000000 0.000000 1.000000
-0.581994 -0.147580 -0.799690 -8.207800 0.076492 -0.988969 0.126842 -6.771800 -0.809588 0.012651 0.586862 -1.512200 0.000000 0.000000 0.000000 1.000000
-0.571902 -0.150327 -0.806430 -8.207800 0.081376 -0.988613 0.126578 -6.771800 -0.816276 0.006766 0.577623 -1.512200 0.000000 0.000000 0.000000 1.000000
-0.577082 -0.158409 -0.801176 -8.207800 0.099308 -0.987340 0.123686 -6.771800 -0.810626 -0.008186 0.585507 -1.512200 0.000000 0.000000 0.000000 1.000000
-0.591543 -0.172051 -0.787702 -8.207800 0.123782 -0.984764 0.122137 -6.771800 -0.796715 -0.025254 0.603827 -1.512200 0.000000 0.000000 0.000000 1.000000
-0.621740 -0.190132 -0.759795 -8.207800 0.152870 -0.980889 0.120365 -6.771800 -0.768160 -0.041314 0.638923 -1.512200 0.000000 0.000000 0.000000 1.000000
-0.662346 -0.206088 -0.720296 -8.207800 0.174093 -0.977442 0.119575 -6.771800 -0.728690 -0.046198 0.683283 -1.512200 0.000000 0.000000 0.000000 1.000000
-0.704713 -0.212957 -0.676778 -8.207800 0.185863 -0.975990 0.113574 -6.771800 -0.684715 -0.045751 0.727374 -1.512200 0.000000 0.000000 0.000000 1.000000
-0.745010 -0.212015 -0.632464 -8.207800 0.194350 -0.976000 0.098241 -6.771800 -0.638113 -0.049729 0.768335 -1.512200 0.000000 0.000000 0.000000 1.000000
-0.779450 -0.213357 -0.589014 -8.207800 0.202525 -0.975549 0.085366 -6.771800 -0.592825 -0.052752 0.803601 -1.512200 0.000000 0.000000 0.000000 1.000000
-0.812446 -0.216777 -0.541238 -8.207800 0.205896 -0.975173 0.081510 -6.771800 -0.545470 -0.045216 0.836910 -1.512200 0.000000 0.000000 0.000000 1.000000
-0.841952 -0.221300 -0.492080 -8.207800 0.207453 -0.974685 0.083385 -6.771800 -0.498076 -0.031878 0.866547 -1.512200 0.000000 0.000000 0.000000 1.000000
-0.867199 -0.229475 -0.441935 -8.207800 0.209337 -0.973258 0.094589 -6.771800 -0.451823 -0.010486 0.892046 -1.512200 0.000000 0.000000 0.000000 1.000000
-0.890450 -0.235277 -0.389543 -8.207800 0.211093 -0.971868 0.104457 -6.771800 -0.403161 0.010784 0.915065 -1.512200 0.000000 0.000000 0.000000 1.000000
-0.912731 -0.242055 -0.329137 -8.207800 0.217242 -0.969810 0.110787 -6.771800 -0.346017 0.029617 0.937761 -1.512200 0.000000 0.000000 0.000000 1.000000
-0.932216 -0.243763 -0.267493 -8.207800 0.212911 -0.967091 0.139298 -6.771800 -0.292646 0.072903 0.953438 -1.512200 0.000000 0.000000 0.000000 1.000000
-0.943222 -0.245158 -0.224119 -8.207800 0.209483 -0.962670 0.171413 -6.771800 -0.257776 0.114732 0.959369 -1.512200 0.000000 0.000000 0.000000 1.000000
-0.941720 -0.261772 -0.211281 -8.207800 0.219830 -0.954287 0.202513 -6.771800 -0.254635 0.144265 0.956216 -1.512200 0.000000 0.000000 0.000000 1.000000
-0.940279 -0.277252 -0.197500 -8.207800 0.231039 -0.945882 0.227879 -6.771800 -0.249992 0.168640 0.953449 -1.512200 0.000000 0.000000 0.000000 1.000000
-0.939030 -0.291636 -0.182130 -8.207800 0.241743 -0.936658 0.253441 -6.771800 -0.244506 0.193960 0.950051 -1.512200 0.000000 0.000000 0.000000 1.000000
-0.937245 -0.307677 -0.164030 -8.207800 0.254739 -0.925468 0.280388 -6.771800 -0.238074 0.221008 0.945768 -1.512200 0.000000 0.000000 0.000000 1.000000
-0.934504 -0.325122 -0.144908 -8.207800 0.270439 -0.913198 0.304846 -6.771800 -0.231442 0.245691 0.941313 -1.512200 0.000000 0.000000 0.000000 1.000000
-0.931860 -0.339733 -0.127354 -8.207800 0.283586 -0.900960 0.328406 -6.771800 -0.226312 0.269913 0.935911 -1.512200 0.000000 0.000000 0.000000 1.000000
-0.928946 -0.353658 -0.109480 -8.207800 0.295913 -0.887004 0.354485 -6.771800 -0.222475 0.296901 0.928630 -1.512200 0.000000 0.000000 0.000000 1.000000
-0.924791 -0.369617 -0.090250 -8.207800 0.310736 -0.870604 0.381433 -6.771800 -0.219556 0.324702 0.919980 -1.512200 0.000000 0.000000 0.000000 1.000000
-0.920615 -0.383650 -0.072670 -8.207800 0.323583 -0.853747 0.407934 -6.771800 -0.218546 0.352036 0.910115 -1.512200 0.000000 0.000000 0.000000 1.000000
-0.917464 -0.393661 -0.057368 -8.207800 0.331799 -0.836768 0.435578 -6.771800 -0.219474 0.380593 0.898321 -1.512200 0.000000 0.000000 0.000000 1.000000
-0.914984 -0.400975 -0.044984 -8.207800 0.337082 -0.820901 0.460975 -6.771800 -0.221767 0.406621 0.886272 -1.512200 0.000000 0.000000 0.000000 1.000000
-0.913692 -0.404786 -0.036259 -8.207800 0.338358 -0.807092 0.483857 -6.771800 -0.225123 0.429828 0.874396 -1.512200 0.000000 0.000000 0.000000 1.000000
-0.912593 -0.407960 -0.027255 -8.207800 0.339043 -0.792315 0.507235 -6.771800 -0.228527 0.453658 0.861377 -1.512200 0.000000 0.000000 0.000000 1.000000
-0.913010 -0.407250 -0.023679 -8.207800 0.335401 -0.782439 0.524687 -6.771800 -0.232206 0.471102 0.850966 -1.512200 0.000000 0.000000 0.000000 1.000000
-0.914498 -0.404141 -0.019069 -8.207800 0.329559 -0.771415 0.544343 -6.771800 -0.234702 0.491516 0.838646 -1.512200 0.000000 0.000000 0.000000 1.000000
-0.914803 -0.403639 -0.014514 -8.207800 0.327434 -0.762174 0.558460 -6.771800 -0.236479 0.506128 0.829405 -1.512200 0.000000 0.000000 0.000000 1.000000
-0.916089 -0.400728 -0.014049 -8.207800 0.323197 -0.758679 0.565640 -6.771800 -0.237326 0.513637 0.824532 -1.512200 0.000000 0.000000 0.000000 1.000000
-0.917508 -0.397454 -0.014493 -8.207800 0.319299 -0.757838 0.568973 -6.771800 -0.237124 0.517409 0.822228 -1.512200 0.000000 0.000000 0.000000 1.000000
-0.918768 -0.394396 -0.017790 -8.207800 0.314851 -0.759159 0.569689 -6.771800 -0.238189 0.517811 0.821668 -1.512200 0.000000 0.000000 0.000000 1.000000
-0.920238 -0.390760 -0.021667 -8.207800 0.309640 -0.760825 0.570324 -6.771800 -0.239344 0.518124 0.821134 -1.512200 0.000000 0.000000 0.000000 1.000000</float_array>
        <technique_common>
          <accessor source="#mixamorig_RightUpLeg-Matrix-animation-output-transform-array" count="69" stride="16">
            <param type="float4x4"/>
          </accessor>
        </technique_common>
      </source>
      <source id="mixamorig_RightUpLeg-Interpolations">
        <Name_array id="mixamorig_RightUpLeg-Interpolations-array" count="69">
 LINEAR LINEAR LINEAR LINEAR LINEAR LINEAR LINEAR LINEAR LINEAR LINEAR LINEAR
LINEAR LINEAR LINEAR LINEAR LINEAR LINEAR LINEAR LINEAR LINEAR LINEAR LINEAR LINEAR
LINEAR LINEAR LINEAR LINEAR LINEAR LINEAR LINEAR LINEAR LINEAR LINEAR LINEAR LINEAR
LINEAR LINEAR LINEAR LINEAR LINEAR LINEAR LINEAR LINEAR LINEAR LINEAR LINEAR LINEAR
LINEAR LINEAR LINEAR LINEAR LINEAR LINEAR LINEAR LINEAR LINEAR LINEAR LINEAR LINEAR
LINEAR LINEAR LINEAR LINEAR LINEAR LINEAR LINEAR LINEAR LINEAR LINEAR</Name_array>
        <technique_common>
          <accessor source="#mixamorig_RightUpLeg-Interpolations-array" count="69">
            <param type="name"/>
          </accessor>
        </technique_common>
      </source>
      <sampler id="mixamorig_RightUpLeg-Matrix-animation-transform">
        <input semantic="INPUT" source="#mixamorig_RightUpLeg-Matrix-animation-input"/>
        <input semantic="OUTPUT" source="#mixamorig_RightUpLeg-Matrix-animation-output-transform"/>
        <input semantic="INTERPOLATION" source="#mixamorig_RightUpLeg-Interpolations"/>
      </sampler>
      <channel source="#mixamorig_RightUpLeg-Matrix-animation-transform" target="mixamorig_RightUpLeg/matrix"/>
    </animation>
    <animation id="mixamorig_RightLeg-anim" name="mixamorig_RightLeg">
      <source id="mixamorig_RightLeg-Matrix-animation-input">
        <float_array id="mixamorig_RightLeg-Matrix-animation-input-array" count="69">

0.000000 0.033333 0.066667 0.100000 0.133333 0.166667 0.200000 0.233333 0.266667 0.300000 0.333333 0.366667 0.400000 0.433333 0.466667 0.500000
0.533333 0.566667 0.600000 0.633333 0.666667 0.700000 0.733333 0.766667 0.800000 0.833333 0.866667 0.900000 0.933333 0.966667 1.000000 1.033333
1.066667 1.100000 1.133333 1.166667 1.200000 1.233333 1.266667 1.300000 1.333333 1.366667 1.400000 1.433333 1.466667 1.500000 1.533333 1.566667
1.600000 1.633333 1.666667 1.700000 1.733333 1.766667 1.800000 1.833333 1.866667 1.900000 1.933333 1.966667 2.000000 2.033333 2.066667 2.100000
2.133333 2.166667 2.200000 2.233333 2.266667</float_array>
        <technique_common>
          <accessor source="#mixamorig_RightLeg-Matrix-animation-input-array" count="69">
            <param name="TIME" type="float"/>
          </accessor>
        </technique_common>
      </source>
      <source id="mixamorig_RightLeg-Matrix-animation-output-transform">
        <float_array id="mixamorig_RightLeg-Matrix-animation-output-transform-array" count="1104">

0.992683 0.118974 -0.020626 -0.000000 -0.047470 0.541581 0.839307 44.371498 0.111027 -0.832187 0.543266 0.000000 0.000000 0.000000 0.000000 1.000000
0.991327 0.127339 -0.032477 0.000000 -0.043260 0.549563 0.834331 44.371498 0.124091 -0.825691 0.550306 0.000000 0.000000 0.000000 0.000000 1.000000
0.990481 0.129208 -0.047464 0.000000 -0.033766 0.562350 0.826209 44.371498 0.133444 -0.816742 0.561360 0.000000 0.000000 0.000000 0.000000 1.000000
0.989439 0.128037 -0.067956 -0.000000 -0.019111 0.579947 0.814430 44.371498 0.143688 -0.804530 0.576269 -0.000000 0.000000 0.000000 0.000000 1.000000
0.986677 0.128508 -0.099774 0.000000 0.002486 0.601283 0.799032 44.371498 0.162675 -0.788634 0.592953 0.000000 0.000000 0.000000 0.000000 1.000000
0.982617 0.126788 -0.135606 0.000000 0.026454 0.627373 0.778270 44.371498 0.183750 -0.768328 0.613113 0.000000 0.000000 0.000000 0.000000 1.000000
0.979106 0.118461 -0.165285 0.000000 0.047282 0.657907 0.751613 44.371498 0.197779 -0.743724 0.638559 0.000000 0.000000 0.000000 0.000000 1.000000
0.976816 0.104540 -0.186821 0.000000 0.063962 0.690286 0.720703 44.371498 0.204302 -0.715944 0.667596 0.000000 0.000000 0.000000 0.000000 1.000000
0.977617 0.086854 -0.191631 0.000000 0.070663 0.722363 0.687895 44.371498 0.198173 -0.686038 0.700056 -0.000000 0.000000 0.000000 0.000000 1.000000
0.980176 0.070959 -0.184985 0.000000 0.068279 0.755491 0.651592 44.371498 0.185991 -0.651305 0.735669 0.000000 0.000000 0.000000 0.000000 1.000000
0.984455 0.065115 -0.163120 0.000000 0.048424 0.792115 0.608448 44.371498 0.168829 -0.606889 0.776648 0.000000 0.000000 0.000000 0.000000 1.000000
0.991658 0.067647 -0.109716 0.000000 0.003741 0.835744 0.549107 44.371498 0.128840 -0.544937 0.828519 -0.000000 0.000000 0.000000 0.000000 1.000000
0.994623 0.082097 -0.063131 -0.000000 -0.042465 0.879280 0.474408 44.371498 0.094458 -0.469176 0.878039 0.000000 0.000000 0.000000 0.000000 1.000000
0.993754 0.102039 -0.045169 0.000000 -0.063614 0.850590 0.521968 44.371498 0.091682 -0.515835 0.851768 0.000000 0.000000 0.000000 0.000000 1.000000
0.993291 0.107490 -0.042660 0.000000 -0.065640 0.827732 0.557271 44.371498 0.095212 -0.550732 0.829234 0.000000 0.000000 0.000000 0.000000 1.000000
0.993482 0.103027 -0.048766 -0.000000 -0.057821 0.824204 0.563333 44.371498 0.098231 -0.556842 0.824789 -0.000000 0.000000 0.000000 0.000000 1.000000
0.995646 0.084016 -0.040386 -0.000000 -0.048161 0.834547 0.548828 44.371498 0.079814 -0.544493 0.834959 0.000000 0.000000 0.000000 0.000000 1.000000
0.998357 0.052738 -0.022424 0.000000 -0.033221 0.851437 0.523403 44.371498 0.046696 -0.521798 0.851790 0.000000 0.000000 0.000000 0.000000 1.000000
0.999293 0.034613 -0.014692 -0.000000 -0.022097 0.856694 0.515351 44.371498 0.030424 -0.514662 0.856853 0.000000 0.000000 0.000000 0.000000 1.000000
0.999243 0.032436 -0.021480 0.000000 -0.016079 0.847090 0.531207 44.371498 0.035426 -0.530459 0.846970 -0.000000 0.000000 0.000000 0.000000 1.000000
0.997865 0.052316 -0.039088 -0.000000 -0.019781 0.812551 0.582555 44.371498 0.062238 -0.580538 0.811851 0.000000 0.000000 0.000000 0.000000 1.000000
0.994769 0.085649 -0.055673 0.000000 -0.028413 0.755472 0.654564 44.371498 0.098122 -0.649558 0.753954 0.000000 0.000000 0.000000 0.000000 1.000000
0.995345 0.088812 -0.037413 0.000000 -0.035099 0.695634 0.717538 44.371498 0.089752 -0.712885 0.695514 0.000000 0.000000 0.000000 0.000000 1.000000
0.995255 0.095275 -0.019733 0.000000 -0.045964 0.639151 0.767706 44.371498 0.085756 -0.763157 0.640498 0.000000 0.000000 0.000000 0.000000 1.000000
0.990992 0.133773 -0.006248 0.000000 -0.076060 0.600626 0.795904 44.371498 0.110224 -0.788260 0.605390 0.000000 0.000000 0.000000 0.000000 1.000000
0.981791 0.189923 0.003903 0.000000 -0.116874 0.587718 0.800580 44.371498 0.149755 -0.786459 0.599213 0.000000 0.000000 0.000000 0.000000 1.000000
0.975315 0.220247 0.015858 -0.000000 -0.149241 0.604544 0.782467 44.371498 0.162749 -0.765518 0.622491 0.000000 0.000000 0.000000 0.000000 1.000000
0.980322 0.193480 0.039158 -0.000000 -0.156055 0.638100 0.753973 44.371498 0.120892 -0.745247 0.655738 0.000000 0.000000 0.000000 0.000000 1.000000
0.986183 0.153814 0.061512 -0.000000 -0.149978 0.671319 0.725836 44.371498 0.070350 -0.725033 0.685112 -0.000000 0.000000 0.000000 0.000000 1.000000
0.988998 0.126138 0.077275 0.000000 -0.143375 0.688790 0.710642 44.371498 0.036412 -0.713903 0.699297 -0.000000 0.000000 0.000000 0.000000 1.000000
0.990774 0.103030 0.088045 -0.000000 -0.135153 0.702961 0.698269 44.371498 0.010050 -0.703726 0.710400 0.000000 0.000000 0.000000 0.000000 1.000000
0.991986 0.085503 0.093026 -0.000000 -0.126152 0.711576 0.691191 44.371498 -0.007096 -0.697387 0.716659 -0.000000 0.000000 0.000000 0.000000 1.000000
0.993088 0.077289 0.088335 -0.000000 -0.116959 0.714849 0.689429 44.371498 -0.009860 -0.694995 0.718947 0.000000 0.000000 0.000000 0.000000 1.000000
0.994304 0.074093 0.076609 -0.000000 -0.106523 0.713763 0.692239 44.371498 -0.003391 -0.696457 0.717591 0.000000 0.000000 0.000000 0.000000 1.000000
0.995202 0.077131 0.060196 0.000000 -0.097192 0.708618 0.698867 44.371498 0.011248 -0.701364 0.712714 -0.000000 0.000000 0.000000 0.000000 1.000000
0.995626 0.082967 0.042960 -0.000000 -0.089002 0.702350 0.706246 44.371498 0.028422 -0.706980 0.706662 -0.000000 0.000000 0.000000 0.000000 1.000000
0.996274 0.080351 0.031335 0.000000 -0.078671 0.697805 0.711955 44.371498 0.035341 -0.711767 0.701526 0.000000 0.000000 0.000000 0.000000 1.000000
0.997263 0.071030 0.020546 0.000000 -0.064232 0.694543 0.716578 44.371498 0.036629 -0.715936 0.697204 0.000000 0.000000 0.000000 0.000000 1.000000
0.997822 0.062455 0.021209 0.000000 -0.058918 0.699448 0.712251 44.371498 0.029648 -0.711949 0.701605 0.000000 0.000000 0.000000 0.000000 1.000000
0.997315 0.054593 0.048817 0.000000 -0.073182 0.717352 0.692857 44.371498 0.002807 -0.694569 0.719421 0.000000 0.000000 0.000000 0.000000 1.000000
0.994859 0.053922 0.085719 0.000000 -0.097442 0.740191 0.665299 44.371498 -0.027574 -0.670231 0.741640 -0.000000 0.000000 0.000000 0.000000 1.000000
0.990174 0.053206 0.129327 -0.000000 -0.123919 0.762427 0.635098 44.371498 -0.064811 -0.644884 0.761528 0.000000 0.000000 0.000000 0.000000 1.000000
0.982514 0.048985 0.179629 0.000000 -0.150044 0.779546 0.608107 44.371498 -0.110241 -0.624426 0.773265 0.000000 0.000000 0.000000 0.000000 1.000000
0.972918 0.048301 0.226047 0.000000 -0.175462 0.790943 0.586193 44.371498 -0.150477 -0.609980 0.777998 0.000000 0.000000 0.000000 0.000000 1.000000
0.964035 0.050908 0.260854 0.000000 -0.196393 0.797743 0.570120 44.371498 -0.179070 -0.600845 0.779050 0.000000 0.000000 0.000000 0.000000 1.000000
0.958246 0.056690 0.280270 0.000000 -0.211397 0.800466 0.560861 44.371498 -0.192552 -0.596691 0.779027 -0.000000 0.000000 0.000000 0.000000 1.000000
0.965500 0.064416 0.252308 -0.000000 -0.202311 0.795591 0.571056 44.371498 -0.163949 -0.602400 0.781176 0.000000 0.000000 0.000000 0.000000 1.000000
0.972472 0.073637 0.221080 0.000000 -0.196852 0.767301 0.610327 44.371498 -0.124692 -0.637046 0.760674 -0.000000 0.000000 0.000000 0.000000 1.000000
0.977986 0.081648 0.192036 0.000000 -0.188832 0.737933 0.647918 44.371498 -0.088808 -0.669917 0.737105 0.000000 0.000000 0.000000 0.000000 1.000000
0.985100 0.083814 0.150177 0.000000 -0.164521 0.713670 0.680887 44.371498 -0.050109 -0.695449 0.716826 0.000000 0.000000 0.000000 0.000000 1.000000
0.989556 0.085691 0.115910 0.000000 -0.142791 0.692726 0.706924 44.371498 -0.019716 -0.716092 0.697727 -0.000000 0.000000 0.000000 0.000000 1.000000
0.992230 0.087482 0.088468 0.000000 -0.124353 0.674428 0.727793 44.371498 0.004003 -0.733139 0.680067 0.000000 0.000000 0.000000 0.000000 1.000000
0.993855 0.089499 0.065135 0.000000 -0.108029 0.655974 0.747012 44.371498 0.024130 -0.749458 0.661612 0.000000 0.000000 0.000000 0.000000 1.000000
0.994718 0.091919 0.045690 -0.000000 -0.093934 0.635644 0.766246 44.371498 0.041390 -0.766491 0.640921 0.000000 0.000000 0.000000 0.000000 1.000000
0.995108 0.094354 0.029289 -0.000000 -0.081577 0.617501 0.782328 44.371498 0.055730 -0.780890 0.622177 0.000000 0.000000 0.000000 0.000000 1.000000
0.995222 0.096831 0.012543 0.000000 -0.068521 0.601117 0.796218 44.371498 0.069558 -0.793273 0.604880 0.000000 0.000000 0.000000 0.000000 1.000000
0.995039 0.099461 -0.002110 -0.000000 -0.056806 0.585463 0.808706 44.371498 0.081670 -0.804575 0.588209 -0.000000 0.000000 0.000000 0.000000 1.000000
0.994675 0.102128 -0.013835 0.000000 -0.047320 0.571825 0.819010 44.371498 0.091555 -0.813994 0.573612 -0.000000 0.000000 0.000000 0.000000 1.000000
0.994244 0.104787 -0.022347 0.000000 -0.040479 0.560482 0.827177 44.371498 0.099203 -0.821511 0.561497 0.000000 0.000000 0.000000 0.000000 1.000000
0.993922 0.107456 -0.023907 0.000000 -0.039493 0.550775 0.833719 44.371498 0.102755 -0.827708 0.551672 -0.000000 0.000000 0.000000 0.000000 1.000000
0.993660 0.110056 -0.022947 0.000000 -0.040735 0.542705 0.838935 44.371498 0.104783 -0.832682 0.543747 -0.000000 0.000000 0.000000 0.000000 1.000000
0.993457 0.112636 -0.018879 0.000000 -0.044600 0.534799 0.843802 44.371498 0.105139 -0.837439 0.536323 -0.000000 0.000000 0.000000 0.000000 1.000000
0.993242 0.114969 -0.015863 0.000000 -0.047728 0.529217 0.847143 44.371498 0.105790 -0.840662 0.531128 0.000000 0.000000 0.000000 0.000000 1.000000
0.993039 0.117053 -0.013091 0.000000 -0.050704 0.525163 0.849490 44.371498 0.106310 -0.842913 0.527443 0.000000 0.000000 0.000000 0.000000 1.000000
0.992836 0.118885 -0.011925 0.000000 -0.052291 0.522084 0.851289 44.371498 0.107431 -0.844568 0.524561 0.000000 0.000000 0.000000 0.000000 1.000000
0.992665 0.120245 -0.012530 0.000000 -0.052515 0.522229 0.851187 44.371498 0.108894 -0.844286 0.524713 0.000000 0.000000 0.000000 0.000000 1.000000
0.992683 0.120090 -0.012574 0.000000 -0.052935 0.526417 0.848577 44.371498 0.108525 -0.841703 0.528922 0.000000 0.000000 0.000000 0.000000 1.000000
0.992772 0.119054 -0.015156 -0.000000 -0.051162 0.534069 0.843891 44.371498 0.108563 -0.837016 0.536300 0.000000 0.000000 0.000000 0.000000 1.000000
0.992683 0.118974 -0.020626 0.000000 -0.047470 0.541583 0.839306 44.371498 0.111027 -0.832186 0.543268 -0.000000 0.000000 0.000000 0.000000 1.000000</float_array>
        <technique_common>
          <accessor source="#mixamorig_RightLeg-Matrix-animation-output-transform-array" count="69" stride="16">
            <param type="float4x4"/>
          </accessor>
        </technique_common>
      </source>
      <source id="mixamorig_RightLeg-Interpolations">
        <Name_array id="mixamorig_RightLeg-Interpolations-array" count="69">
 LINEAR LINEAR LINEAR LINEAR LINEAR LINEAR LINEAR LINEAR LINEAR LINEAR LINEAR
LINEAR LINEAR LINEAR LINEAR LINEAR LINEAR LINEAR LINEAR LINEAR LINEAR LINEAR LINEAR
LINEAR LINEAR LINEAR LINEAR LINEAR LINEAR LINEAR LINEAR LINEAR LINEAR LINEAR LINEAR
LINEAR LINEAR LINEAR LINEAR LINEAR LINEAR LINEAR LINEAR LINEAR LINEAR LINEAR LINEAR
LINEAR LINEAR LINEAR LINEAR LINEAR LINEAR LINEAR LINEAR LINEAR LINEAR LINEAR LINEAR
LINEAR LINEAR LINEAR LINEAR LINEAR LINEAR LINEAR LINEAR LINEAR LINEAR</Name_array>
        <technique_common>
          <accessor source="#mixamorig_RightLeg-Interpolations-array" count="69">
            <param type="name"/>
          </accessor>
        </technique_common>
      </source>
      <sampler id="mixamorig_RightLeg-Matrix-animation-transform">
        <input semantic="INPUT" source="#mixamorig_RightLeg-Matrix-animation-input"/>
        <input semantic="OUTPUT" source="#mixamorig_RightLeg-Matrix-animation-output-transform"/>
        <input semantic="INTERPOLATION" source="#mixamorig_RightLeg-Interpolations"/>
      </sampler>
      <channel source="#mixamorig_RightLeg-Matrix-animation-transform" target="mixamorig_RightLeg/matrix"/>
    </animation>
    <animation id="mixamorig_RightFoot-anim" name="mixamorig_RightFoot">
      <source id="mixamorig_RightFoot-Matrix-animation-input">
        <float_array id="mixamorig_RightFoot-Matrix-animation-input-array" count="69">

0.000000 0.033333 0.066667 0.100000 0.133333 0.166667 0.200000 0.233333 0.266667 0.300000 0.333333 0.366667 0.400000 0.433333 0.466667 0.500000
0.533333 0.566667 0.600000 0.633333 0.666667 0.700000 0.733333 0.766667 0.800000 0.833333 0.866667 0.900000 0.933333 0.966667 1.000000 1.033333
1.066667 1.100000 1.133333 1.166667 1.200000 1.233333 1.266667 1.300000 1.333333 1.366667 1.400000 1.433333 1.466667 1.500000 1.533333 1.566667
1.600000 1.633333 1.666667 1.700000 1.733333 1.766667 1.800000 1.833333 1.866667 1.900000 1.933333 1.966667 2.000000 2.033333 2.066667 2.100000
2.133333 2.166667 2.200000 2.233333 2.266667</float_array>
        <technique_common>
          <accessor source="#mixamorig_RightFoot-Matrix-animation-input-array" count="69">
            <param name="TIME" type="float"/>
          </accessor>
        </technique_common>
      </source>
      <source id="mixamorig_RightFoot-Matrix-animation-output-transform">
        <float_array id="mixamorig_RightFoot-Matrix-animation-output-transform-array" count="1104">

0.920407 -0.214048 0.327160 0.000000 0.353720 0.099475 -0.930047 44.527802 0.166530 0.971745 0.167270 -0.000000 0.000000 0.000000 0.000000 1.000000
0.920149 -0.204142 0.334143 0.000000 0.359346 0.101244 -0.927696 44.527802 0.155552 0.973692 0.166517 -0.000000 0.000000 0.000000 0.000000 1.000000
0.920198 -0.195388 0.339203 0.000000 0.363485 0.104839 -0.925682 44.527802 0.145305 0.975106 0.167493 0.000000 0.000000 0.000000 0.000000 1.000000
0.920316 -0.188244 0.342902 0.000000 0.366749 0.110325 -0.923755 44.527802 0.136061 0.975906 0.170573 0.000000 0.000000 0.000000 0.000000 1.000000
0.920635 -0.180635 0.346124 0.000000 0.369658 0.118017 -0.921642 44.527802 0.125632 0.976444 0.175424 -0.000000 0.000000 0.000000 0.000000 1.000000
0.920557 -0.175701 0.348861 0.000000 0.372770 0.128353 -0.919004 44.527802 0.116693 0.976040 0.183652 0.000000 0.000000 0.000000 0.000000 1.000000
0.919579 -0.176474 0.351042 0.000000 0.376566 0.140888 -0.915614 44.527802 0.112125 0.974170 0.196012 0.000000 0.000000 0.000000 0.000000 1.000000
0.917855 -0.180341 0.353582 -0.000000 0.381301 0.153214 -0.911666 44.527802 0.110237 0.971598 0.209392 -0.000000 0.000000 0.000000 0.000000 1.000000
0.914624 -0.192051 0.355780 0.000000 0.387307 0.163717 -0.907298 44.527802 0.116000 0.967633 0.224122 0.000000 0.000000 0.000000 0.000000 1.000000
0.909882 -0.212361 0.356394 -0.000000 0.394156 0.174464 -0.902332 44.527802 0.129442 0.961491 0.242445 0.000000 0.000000 0.000000 0.000000 1.000000
0.901160 -0.228620 0.368298 0.000000 0.411681 0.185292 -0.892292 44.527802 0.135753 0.955720 0.261096 -0.000000 0.000000 0.000000 0.000000 1.000000
0.886564 -0.231141 0.400722 0.000000 0.446302 0.199412 -0.872382 44.527802 0.121734 0.952265 0.279950 -0.000000 0.000000 0.000000 0.000000 1.000000
0.887851 -0.228416 0.399432 0.000000 0.448145 0.232426 -0.863217 44.527802 0.104334 0.945412 0.308724 -0.000000 0.000000 0.000000 0.000000 1.000000
0.901773 -0.225937 0.368454 -0.000000 0.425718 0.317108 -0.847471 44.527802 0.074635 0.921083 0.382145 0.000000 0.000000 0.000000 0.000000 1.000000
0.918457 -0.230358 0.321516 0.000000 0.391892 0.420138 -0.818477 44.527802 0.053462 0.877735 0.476154 -0.000000 0.000000 0.000000 0.000000 1.000000
0.933820 -0.239140 0.266068 0.000000 0.355082 0.529050 -0.770729 44.527802 0.043549 0.814198 0.578951 -0.000000 0.000000 0.000000 0.000000 1.000000
0.945503 -0.240424 0.219590 0.000000 0.323953 0.626576 -0.708842 44.527802 0.032832 0.741349 0.670316 -0.000000 0.000000 0.000000 0.000000 1.000000
0.954439 -0.232762 0.186730 0.000000 0.297841 0.704587 -0.644087 44.527802 0.018351 0.670358 0.741811 0.000000 0.000000 0.000000 0.000000 1.000000
0.960794 -0.227330 0.158735 0.000000 0.276459 0.741863 -0.610909 44.527802 0.021118 0.630841 0.775625 -0.000000 0.000000 0.000000 0.000000 1.000000
0.965977 -0.224044 0.129200 0.000000 0.255720 0.752693 -0.606680 44.527802 0.038675 0.619078 0.784377 -0.000000 0.000000 0.000000 0.000000 1.000000
0.969051 -0.225063 0.101427 -0.000000 0.237873 0.741441 -0.627441 44.527802 0.066012 0.632149 0.772030 0.000000 0.000000 0.000000 0.000000 1.000000
0.970257 -0.227927 0.081557 -0.000000 0.224267 0.719476 -0.657311 44.527802 0.091141 0.656051 0.749193 -0.000000 0.000000 0.000000 0.000000 1.000000
0.968960 -0.224594 0.103311 -0.000000 0.232225 0.683602 -0.691924 44.527802 0.084778 0.694439 0.714540 -0.000000 0.000000 0.000000 0.000000 1.000000
0.967418 -0.218616 0.127704 0.000000 0.240174 0.632820 -0.736108 44.527802 0.080111 0.742796 0.664708 -0.000000 0.000000 0.000000 0.000000 1.000000
0.965112 -0.212790 0.152576 0.000000 0.250033 0.575970 -0.778295 44.527802 0.077735 0.789290 0.609080 -0.000000 0.000000 0.000000 0.000000 1.000000
0.962772 -0.206023 0.175001 0.000000 0.259216 0.520036 -0.813861 44.527802 0.076668 0.828925 0.554080 0.000000 0.000000 0.000000 0.000000 1.000000
0.961696 -0.195083 0.192569 -0.000000 0.263768 0.467363 -0.843800 44.527802 0.074611 0.862273 0.500917 -0.000000 0.000000 0.000000 0.000000 1.000000
0.962171 -0.176807 0.207285 0.000000 0.264010 0.417193 -0.869626 44.527802 0.067278 0.891454 0.448089 -0.000000 0.000000 0.000000 0.000000 1.000000
0.963722 -0.157381 0.215570 0.000000 0.259981 0.370712 -0.891618 44.527802 0.060409 0.915316 0.398179 0.000000 0.000000 0.000000 0.000000 1.000000
0.964910 -0.143484 0.219910 0.000000 0.256404 0.334305 -0.906916 44.527802 0.056611 0.931479 0.359365 -0.000000 0.000000 0.000000 0.000000 1.000000
0.966162 -0.134336 0.220192 0.000000 0.252402 0.316508 -0.914394 44.527802 0.053144 0.939029 0.339705 0.000000 0.000000 0.000000 0.000000 1.000000
0.967242 -0.130811 0.217559 0.000000 0.248717 0.316747 -0.915320 44.527802 0.050823 0.939446 0.338906 0.000000 0.000000 0.000000 0.000000 1.000000
0.967989 -0.135664 0.211171 0.000000 0.244947 0.327026 -0.912719 44.527802 0.054764 0.935227 0.349788 0.000000 0.000000 0.000000 0.000000 1.000000
0.968683 -0.145340 0.201321 -0.000000 0.240140 0.342186 -0.908428 44.527802 0.063142 0.928324 0.366371 0.000000 0.000000 0.000000 0.000000 1.000000
0.969595 -0.156295 0.188303 0.000000 0.233410 0.359456 -0.903499 44.527802 0.073526 0.919980 0.385008 0.000000 0.000000 0.000000 0.000000 1.000000
0.971211 -0.164122 0.172663 0.000000 0.223447 0.376356 -0.899126 44.527802 0.082584 0.911823 0.402193 0.000000 0.000000 0.000000 0.000000 1.000000
0.974243 -0.162836 0.155999 0.000000 0.208550 0.387460 -0.897988 44.527802 0.085782 0.907392 0.411439 0.000000 0.000000 0.000000 0.000000 1.000000
0.977547 -0.153725 0.144121 0.000000 0.194079 0.390454 -0.899933 44.527802 0.082069 0.907697 0.411522 0.000000 0.000000 0.000000 0.000000 1.000000
0.977978 -0.146874 0.148283 -0.000000 0.194646 0.385449 -0.901966 44.527802 0.075320 0.910965 0.405548 -0.000000 0.000000 0.000000 0.000000 1.000000
0.974839 -0.146783 0.167762 0.000000 0.211633 0.373094 -0.903334 44.527802 0.070003 0.916109 0.394771 0.000000 0.000000 0.000000 0.000000 1.000000
0.969602 -0.151505 0.192140 0.000000 0.234929 0.356876 -0.904128 44.527802 0.068410 0.921784 0.381621 0.000000 0.000000 0.000000 0.000000 1.000000
0.962382 -0.157795 0.221182 0.000000 0.262888 0.335160 -0.904742 44.527802 0.068633 0.928853 0.364035 -0.000000 0.000000 0.000000 0.000000 1.000000
0.952845 -0.162031 0.256579 0.000000 0.295428 0.302085 -0.906348 44.527802 0.069348 0.939410 0.335708 -0.000000 0.000000 0.000000 0.000000 1.000000
0.941218 -0.164580 0.294993 -0.000000 0.330067 0.262311 -0.906779 44.527802 0.071858 0.950845 0.301215 0.000000 0.000000 0.000000 0.000000 1.000000
0.928415 -0.164555 0.333117 0.000000 0.364332 0.227407 -0.903077 44.527802 0.072852 0.959796 0.271081 -0.000000 0.000000 0.000000 0.000000 1.000000
0.915062 -0.160773 0.369884 0.000000 0.397157 0.199563 -0.895790 44.527802 0.070204 0.966606 0.246465 0.000000 0.000000 0.000000 0.000000 1.000000
0.883735 -0.164935 0.437960 0.000000 0.464505 0.195191 -0.863791 44.527802 0.056984 0.966797 0.249110 -0.000000 0.000000 0.000000 0.000000 1.000000
0.879752 -0.132377 0.456632 0.000000 0.474447 0.182637 -0.861129 44.527802 0.030596 0.974228 0.223482 -0.000000 0.000000 0.000000 0.000000 1.000000
0.887395 -0.114830 0.446480 0.000000 0.460317 0.167619 -0.871787 44.527802 0.025269 0.979141 0.201603 -0.000000 0.000000 0.000000 0.000000 1.000000
0.902367 -0.126099 0.412108 -0.000000 0.428403 0.158281 -0.889617 44.527802 0.046951 0.979309 0.196849 -0.000000 0.000000 0.000000 0.000000 1.000000
0.914241 -0.135126 0.381974 0.000000 0.400021 0.151194 -0.903949 44.527802 0.064395 0.979225 0.192281 0.000000 0.000000 0.000000 0.000000 1.000000
0.923166 -0.142528 0.357002 0.000000 0.376314 0.145579 -0.914983 44.527802 0.078438 0.979026 0.188029 -0.000000 0.000000 0.000000 0.000000 1.000000
0.929801 -0.149355 0.336398 0.000000 0.356644 0.139700 -0.923736 44.527802 0.090970 0.978865 0.183159 -0.000000 0.000000 0.000000 0.000000 1.000000
0.934320 -0.155606 0.320675 0.000000 0.341402 0.132162 -0.930579 44.527802 0.102423 0.978938 0.176606 -0.000000 0.000000 0.000000 0.000000 1.000000
0.937271 -0.161833 0.308760 0.000000 0.329913 0.125683 -0.935607 44.527802 0.112606 0.978782 0.171190 0.000000 0.000000 0.000000 0.000000 1.000000
0.939407 -0.169283 0.298089 -0.000000 0.319921 0.120562 -0.939742 44.527802 0.123144 0.978166 0.167414 0.000000 0.000000 0.000000 0.000000 1.000000
0.940366 -0.176808 0.290603 0.000000 0.313053 0.115608 -0.942673 44.527802 0.133076 0.977432 0.164064 0.000000 0.000000 0.000000 0.000000 1.000000
0.940259 -0.183941 0.286493 0.000000 0.309530 0.111407 -0.944341 44.527802 0.141786 0.976603 0.161687 0.000000 0.000000 0.000000 0.000000 1.000000
0.939287 -0.190478 0.285409 0.000000 0.309085 0.108447 -0.944831 44.527802 0.149017 0.975683 0.160737 0.000000 0.000000 0.000000 0.000000 1.000000
0.936935 -0.194660 0.290276 0.000000 0.314188 0.105298 -0.943503 44.527802 0.153097 0.975202 0.159817 -0.000000 0.000000 0.000000 0.000000 1.000000
0.934163 -0.197946 0.296913 0.000000 0.321063 0.103067 -0.941433 44.527802 0.155751 0.974779 0.159835 -0.000000 0.000000 0.000000 0.000000 1.000000
0.930917 -0.199946 0.305638 -0.000000 0.329796 0.100618 -0.938675 44.527802 0.156931 0.974627 0.159608 0.000000 0.000000 0.000000 0.000000 1.000000
0.928092 -0.202203 0.312665 0.000000 0.337056 0.099376 -0.936225 44.527802 0.158236 0.974289 0.160384 0.000000 0.000000 0.000000 0.000000 1.000000
0.925479 -0.204351 0.318950 0.000000 0.343586 0.098341 -0.933958 44.527802 0.159489 0.973946 0.161225 0.000000 0.000000 0.000000 0.000000 1.000000
0.923271 -0.206842 0.323707 0.000000 0.348534 0.096701 -0.932294 44.527802 0.161535 0.973584 0.161373 -0.000000 0.000000 0.000000 0.000000 1.000000
0.921639 -0.209791 0.326449 0.000000 0.351648 0.095801 -0.931217 44.527802 0.164087 0.973042 0.162067 -0.000000 0.000000 0.000000 0.000000 1.000000
0.920406 -0.212107 0.328427 0.000000 0.354158 0.096499 -0.930194 44.527802 0.165607 0.972470 0.163938 0.000000 0.000000 0.000000 0.000000 1.000000
0.920138 -0.213525 0.328259 0.000000 0.354628 0.098823 -0.929771 44.527802 0.166089 0.971927 0.166652 -0.000000 0.000000 0.000000 0.000000 1.000000
0.920407 -0.214048 0.327160 0.000000 0.353720 0.099475 -0.930047 44.527802 0.166530 0.971745 0.167271 -0.000000 0.000000 0.000000 0.000000 1.000000</float_array>
        <technique_common>
          <accessor source="#mixamorig_RightFoot-Matrix-animation-output-transform-array" count="69" stride="16">
            <param type="float4x4"/>
          </accessor>
        </technique_common>
      </source>
      <source id="mixamorig_RightFoot-Interpolations">
        <Name_array id="mixamorig_RightFoot-Interpolations-array" count="69">
 LINEAR LINEAR LINEAR LINEAR LINEAR LINEAR LINEAR LINEAR LINEAR LINEAR LINEAR
LINEAR LINEAR LINEAR LINEAR LINEAR LINEAR LINEAR LINEAR LINEAR LINEAR LINEAR LINEAR
LINEAR LINEAR LINEAR LINEAR LINEAR LINEAR LINEAR LINEAR LINEAR LINEAR LINEAR LINEAR
LINEAR LINEAR LINEAR LINEAR LINEAR LINEAR LINEAR LINEAR LINEAR LINEAR LINEAR LINEAR
LINEAR LINEAR LINEAR LINEAR LINEAR LINEAR LINEAR LINEAR LINEAR LINEAR LINEAR LINEAR
LINEAR LINEAR LINEAR LINEAR LINEAR LINEAR LINEAR LINEAR LINEAR LINEAR</Name_array>
        <technique_common>
          <accessor source="#mixamorig_RightFoot-Interpolations-array" count="69">
            <param type="name"/>
          </accessor>
        </technique_common>
      </source>
      <sampler id="mixamorig_RightFoot-Matrix-animation-transform">
        <input semantic="INPUT" source="#mixamorig_RightFoot-Matrix-animation-input"/>
        <input semantic="OUTPUT" source="#mixamorig_RightFoot-Matrix-animation-output-transform"/>
        <input semantic="INTERPOLATION" source="#mixamorig_RightFoot-Interpolations"/>
      </sampler>
      <channel source="#mixamorig_RightFoot-Matrix-animation-transform" target="mixamorig_RightFoot/matrix"/>
    </animation>
    <animation id="mixamorig_RightToeBase-anim" name="mixamorig_RightToeBase">
      <source id="mixamorig_RightToeBase-Matrix-animation-input">
        <float_array id="mixamorig_RightToeBase-Matrix-animation-input-array" count="69">

0.000000 0.033333 0.066667 0.100000 0.133333 0.166667 0.200000 0.233333 0.266667 0.300000 0.333333 0.366667 0.400000 0.433333 0.466667 0.500000
0.533333 0.566667 0.600000 0.633333 0.666667 0.700000 0.733333 0.766667 0.800000 0.833333 0.866667 0.900000 0.933333 0.966667 1.000000 1.033333
1.066667 1.100000 1.133333 1.166667 1.200000 1.233333 1.266667 1.300000 1.333333 1.366667 1.400000 1.433333 1.466667 1.500000 1.533333 1.566667
1.600000 1.633333 1.666667 1.700000 1.733333 1.766667 1.800000 1.833333 1.866667 1.900000 1.933333 1.966667 2.000000 2.033333 2.066667 2.100000
2.133333 2.166667 2.200000 2.233333 2.266667</float_array>
        <technique_common>
          <accessor source="#mixamorig_RightToeBase-Matrix-animation-input-array" count="69">
            <param name="TIME" type="float"/>
          </accessor>
        </technique_common>
      </source>
      <source id="mixamorig_RightToeBase-Matrix-animation-output-transform">
        <float_array id="mixamorig_RightToeBase-Matrix-animation-output-transform-array" count="1104">

0.998327 -0.051816 0.025639 0.000000 0.056489 0.779969 -0.623264 13.816900 0.012297 0.623670 0.781591 0.000000 0.000000 0.000000 0.000000 1.000000
0.998385 -0.050990 0.025062 0.000000 0.055546 0.783239 -0.619234 13.816900 0.011945 0.619626 0.784806 -0.000000 0.000000 0.000000 0.000000 1.000000
0.998506 -0.049732 0.022641 0.000000 0.053129 0.786724 -0.615014 13.816900 0.012774 0.615298 0.788191 0.000000 0.000000 0.000000 0.000000 1.000000
0.998713 -0.048178 0.015871 0.000000 0.047809 0.789498 -0.611888 13.816900 0.016949 0.611859 0.790785 0.000000 0.000000 0.000000 0.000000 1.000000
0.998881 -0.046524 0.008451 0.000000 0.042054 0.792353 -0.608611 13.816900 0.021619 0.608286 0.793424 0.000000 0.000000 0.000000 0.000000 1.000000
0.998990 -0.044914 0.001025 0.000000 0.036374 0.795234 -0.605210 13.816900 0.026367 0.604637 0.796065 0.000000 0.000000 0.000000 0.000000 1.000000
0.999057 -0.043410 -0.000911 -0.000000 0.034051 0.796326 -0.603909 13.816900 0.026941 0.603308 0.797053 0.000000 0.000000 0.000000 0.000000 1.000000
0.999111 -0.042151 -0.000901 0.000000 0.033071 0.796770 -0.603378 13.816900 0.026151 0.602811 0.797455 -0.000000 0.000000 0.000000 0.000000 1.000000
0.999146 -0.041320 -0.000900 0.000000 0.032426 0.797206 -0.602835 13.816900 0.025627 0.602291 0.797865 -0.000000 0.000000 0.000000 0.000000 1.000000
0.999160 -0.040968 -0.000908 0.000000 0.032156 0.797591 -0.602341 13.816900 0.025401 0.601806 0.798238 0.000000 0.000000 0.000000 0.000000 1.000000
0.999151 -0.041177 -0.000924 0.000000 0.032326 0.797884 -0.601944 13.816900 0.025524 0.601403 0.798538 0.000000 0.000000 0.000000 0.000000 1.000000
0.999119 -0.041963 -0.000951 0.000000 0.032947 0.798088 -0.601639 13.816900 0.026006 0.601077 0.798768 -0.000000 0.000000 0.000000 0.000000 1.000000
0.998242 -0.036949 0.046352 0.000000 0.057837 0.778417 -0.625077 13.816900 -0.012985 0.626659 0.779186 -0.000000 0.000000 0.000000 0.000000 1.000000
0.994964 -0.027789 0.096303 0.000000 0.087290 0.712453 -0.696269 13.816900 -0.049263 0.701169 0.711291 0.000000 0.000000 0.000000 0.000000 1.000000
0.986629 -0.012762 0.162481 0.000000 0.134574 0.626170 -0.767985 13.816900 -0.091940 0.779582 0.619515 0.000000 0.000000 0.000000 0.000000 1.000000
0.977034 0.008224 0.212926 0.000000 0.177565 0.520972 -0.834900 13.816900 -0.117795 0.853534 0.507547 0.000000 0.000000 0.000000 0.000000 1.000000
0.969168 0.029503 0.244628 0.000000 0.209756 0.422150 -0.881925 13.816900 -0.129289 0.906046 0.402946 0.000000 0.000000 0.000000 0.000000 1.000000
0.962579 0.052403 0.265885 0.000000 0.232844 0.342049 -0.910377 13.816900 -0.138652 0.938220 0.317048 0.000000 0.000000 0.000000 0.000000 1.000000
0.956333 0.071362 0.283435 -0.000000 0.246644 0.323289 -0.913592 13.816900 -0.156828 0.943606 0.291571 -0.000000 0.000000 0.000000 0.000000 1.000000
0.949384 0.094690 0.299505 0.000000 0.254722 0.325870 -0.910454 13.816900 -0.183810 0.940661 0.285256 0.000000 0.000000 0.000000 0.000000 1.000000
0.942287 0.117898 0.313363 0.000000 0.259500 0.334224 -0.906065 13.816900 -0.211556 0.935091 0.284340 -0.000000 0.000000 0.000000 0.000000 1.000000
0.936677 0.135596 0.322876 0.000000 0.263332 0.335061 -0.904650 13.816900 -0.230850 0.932388 0.278137 -0.000000 0.000000 0.000000 0.000000 1.000000
0.936551 0.136270 0.322958 -0.000000 0.261152 0.343321 -0.902181 13.816900 -0.233819 0.929280 0.285951 0.000000 0.000000 0.000000 0.000000 1.000000
0.936197 0.137043 0.323659 0.000000 0.255251 0.367957 -0.894122 13.816900 -0.241625 0.919689 0.309500 0.000000 0.000000 0.000000 0.000000 1.000000
0.935656 0.137981 0.324823 0.000000 0.246183 0.404298 -0.880873 13.816900 -0.252869 0.904160 0.344315 -0.000000 0.000000 0.000000 0.000000 1.000000
0.934991 0.138798 0.326383 -0.000000 0.234788 0.447510 -0.862908 13.816900 -0.265830 0.883442 0.385830 0.000000 0.000000 0.000000 0.000000 1.000000
0.934255 0.139380 0.328238 0.000000 0.221810 0.493598 -0.840929 13.816900 -0.279226 0.858449 0.430230 -0.000000 0.000000 0.000000 0.000000 1.000000
0.933565 0.139728 0.330050 0.000000 0.208821 0.536375 -0.817738 13.816900 -0.291292 0.832333 0.471563 -0.000000 0.000000 0.000000 0.000000 1.000000
0.932992 0.139054 0.331949 0.000000 0.196481 0.575965 -0.793511 13.816900 -0.301532 0.805561 0.510049 0.000000 0.000000 0.000000 0.000000 1.000000
0.932668 0.138119 0.333248 0.000000 0.187191 0.604384 -0.774390 13.816900 -0.308367 0.784629 0.537835 0.000000 0.000000 0.000000 0.000000 1.000000
0.932599 0.137079 0.333868 0.000000 0.182098 0.619970 -0.763202 13.816900 -0.311607 0.772558 0.553222 0.000000 0.000000 0.000000 0.000000 1.000000
0.932908 0.136599 0.333201 0.000000 0.181741 0.620198 -0.763102 13.816900 -0.310890 0.772460 0.553762 0.000000 0.000000 0.000000 0.000000 1.000000
0.933790 0.139168 0.329648 0.000000 0.181903 0.608715 -0.772255 13.816900 -0.308135 0.781088 0.543097 0.000000 0.000000 0.000000 0.000000 1.000000
0.935062 0.142528 0.324567 -0.000000 0.182450 0.591513 -0.785382 13.816900 -0.303925 0.793598 0.527097 0.000000 0.000000 0.000000 0.000000 1.000000
0.936398 0.143865 0.320097 -0.000000 0.184368 0.574435 -0.797517 13.816900 -0.298610 0.805809 0.511375 0.000000 0.000000 0.000000 0.000000 1.000000
0.937342 0.140677 0.318748 0.000000 0.188908 0.563508 -0.804222 13.816900 -0.292752 0.814045 0.501624 0.000000 0.000000 0.000000 0.000000 1.000000
0.937325 0.130543 0.323080 0.000000 0.197493 0.564860 -0.801205 13.816900 -0.287087 0.814795 0.503676 0.000000 0.000000 0.000000 0.000000 1.000000
0.940959 0.118737 0.317013 0.000000 0.196629 0.570589 -0.797349 13.816900 -0.275559 0.812607 0.513554 -0.000000 0.000000 0.000000 0.000000 1.000000
0.946999 0.106519 0.303063 0.000000 0.188803 0.578719 -0.793371 13.816900 -0.259898 0.808541 0.527935 0.000000 0.000000 0.000000 0.000000 1.000000
0.952706 0.090579 0.290080 0.000000 0.181769 0.595122 -0.782809 13.816900 -0.243539 0.798515 0.550511 0.000000 0.000000 0.000000 0.000000 1.000000
0.959557 0.071848 0.272192 0.000000 0.171690 0.616894 -0.768091 13.816900 -0.223100 0.783760 0.579610 0.000000 0.000000 0.000000 0.000000 1.000000
0.967660 0.050803 0.247091 0.000000 0.157520 0.643382 -0.749164 13.816900 -0.197034 0.763858 0.614572 0.000000 0.000000 0.000000 0.000000 1.000000
0.979570 0.026386 0.199367 0.000000 0.128802 0.679031 -0.722722 13.816900 -0.154446 0.733635 0.661760 -0.000000 0.000000 0.000000 0.000000 1.000000
0.990601 0.002810 0.136752 0.000000 0.093118 0.718477 -0.689289 13.816900 -0.100189 0.695545 0.711463 0.000000 0.000000 0.000000 0.000000 1.000000
0.996264 -0.016313 0.084803 0.000000 0.068238 0.750549 -0.657282 13.816900 -0.052926 0.660613 0.748859 0.000000 0.000000 0.000000 0.000000 1.000000
0.997981 -0.031807 0.054982 -0.000000 0.059490 0.771399 -0.633565 13.816900 -0.022262 0.635557 0.771733 0.000000 0.000000 0.000000 0.000000 1.000000
0.998801 -0.042623 0.024091 0.000000 0.048334 0.779980 -0.623935 13.816900 0.007804 0.624351 0.781105 -0.000000 0.000000 0.000000 0.000000 1.000000
0.998804 -0.048816 0.002755 0.000000 0.040055 0.784618 -0.618684 13.816900 0.028040 0.618054 0.785635 0.000000 0.000000 0.000000 0.000000 1.000000
0.998618 -0.050951 0.012899 0.000000 0.048243 0.791206 -0.609644 13.816900 0.020857 0.609424 0.792570 -0.000000 0.000000 0.000000 0.000000 1.000000
0.998618 -0.050954 0.012897 0.000000 0.048245 0.791205 -0.609645 13.816900 0.020859 0.609424 0.792570 0.000000 0.000000 0.000000 0.000000 1.000000
0.998614 -0.050992 0.013015 0.000000 0.048345 0.791148 -0.609712 13.816900 0.020794 0.609496 0.792516 -0.000000 0.000000 0.000000 0.000000 1.000000
0.998607 -0.051032 0.013389 0.000000 0.048599 0.790992 -0.609893 13.816900 0.020533 0.609694 0.792371 0.000000 0.000000 0.000000 0.000000 1.000000
0.998594 -0.051133 0.013960 0.000000 0.049020 0.790744 -0.610181 13.816900 0.020161 0.610008 0.792139 0.000000 0.000000 0.000000 0.000000 1.000000
0.998577 -0.051254 0.014764 -0.000000 0.049597 0.790408 -0.610569 13.816900 0.019624 0.610432 0.791825 0.000000 0.000000 0.000000 0.000000 1.000000
0.998553 -0.051419 0.015752 0.000000 0.050319 0.789997 -0.611043 13.816900 0.018975 0.610951 0.791441 0.000000 0.000000 0.000000 0.000000 1.000000
0.998524 -0.051613 0.016932 0.000000 0.051181 0.789525 -0.611580 13.816900 0.018197 0.611544 0.791001 0.000000 0.000000 0.000000 0.000000 1.000000
0.998490 -0.051833 0.018209 0.000000 0.052121 0.788982 -0.612202 13.816900 0.017366 0.612226 0.790492 0.000000 0.000000 0.000000 0.000000 1.000000
0.998450 -0.052075 0.019635 0.000000 0.053172 0.788397 -0.612864 13.816900 0.016435 0.612958 0.789944 -0.000000 0.000000 0.000000 0.000000 1.000000
0.998409 -0.052336 0.020989 -0.000000 0.054192 0.787724 -0.613640 13.816900 0.015582 0.613801 0.789307 0.000000 0.000000 0.000000 0.000000 1.000000
0.998363 -0.052611 0.022449 0.000000 0.055290 0.787027 -0.614435 13.816900 0.014658 0.614671 0.788648 0.000000 0.000000 0.000000 0.000000 1.000000
0.998308 -0.052898 0.024130 0.000000 0.056537 0.786353 -0.615185 13.816900 0.013568 0.615508 0.788014 0.000000 0.000000 0.000000 0.000000 1.000000
0.998276 -0.053184 0.024849 0.000000 0.057184 0.785389 -0.616356 13.816900 0.013264 0.616714 0.787076 0.000000 0.000000 0.000000 0.000000 1.000000
0.998255 -0.053467 0.025064 0.000000 0.057516 0.784274 -0.617742 13.816900 0.013372 0.618106 0.785981 0.000000 0.000000 0.000000 0.000000 1.000000
0.998235 -0.053748 0.025268 0.000000 0.057839 0.783163 -0.619121 13.816900 0.013487 0.619490 0.784889 -0.000000 0.000000 0.000000 0.000000 1.000000
0.998215 -0.054025 0.025457 0.000000 0.058151 0.782067 -0.620475 13.816900 0.013612 0.620848 0.783813 0.000000 0.000000 0.000000 0.000000 1.000000
0.998196 -0.054293 0.025628 -0.000000 0.058443 0.781003 -0.621786 13.816900 0.013743 0.622163 0.782767 -0.000000 0.000000 0.000000 0.000000 1.000000
0.998150 -0.055130 0.025643 -0.000000 0.059091 0.780199 -0.622735 13.816900 0.014325 0.623098 0.782013 0.000000 0.000000 0.000000 0.000000 1.000000
0.998134 -0.055412 0.025647 0.000000 0.059296 0.779445 -0.623658 13.816900 0.014568 0.624015 0.781276 -0.000000 0.000000 0.000000 0.000000 1.000000
0.998329 -0.051818 0.025563 0.000000 0.056443 0.779971 -0.623265 13.816900 0.012358 0.623667 0.781593 0.000000 0.000000 0.000000 0.000000 1.000000</float_array>
        <technique_common>
          <accessor source="#mixamorig_RightToeBase-Matrix-animation-output-transform-array" count="69" stride="16">
            <param type="float4x4"/>
          </accessor>
        </technique_common>
      </source>
      <source id="mixamorig_RightToeBase-Interpolations">
        <Name_array id="mixamorig_RightToeBase-Interpolations-array" count="69">
 LINEAR LINEAR LINEAR LINEAR LINEAR LINEAR LINEAR LINEAR LINEAR LINEAR LINEAR
LINEAR LINEAR LINEAR LINEAR LINEAR LINEAR LINEAR LINEAR LINEAR LINEAR LINEAR LINEAR
LINEAR LINEAR LINEAR LINEAR LINEAR LINEAR LINEAR LINEAR LINEAR LINEAR LINEAR LINEAR
LINEAR LINEAR LINEAR LINEAR LINEAR LINEAR LINEAR LINEAR LINEAR LINEAR LINEAR LINEAR
LINEAR LINEAR LINEAR LINEAR LINEAR LINEAR LINEAR LINEAR LINEAR LINEAR LINEAR LINEAR
LINEAR LINEAR LINEAR LINEAR LINEAR LINEAR LINEAR LINEAR LINEAR LINEAR</Name_array>
        <technique_common>
          <accessor source="#mixamorig_RightToeBase-Interpolations-array" count="69">
            <param type="name"/>
          </accessor>
        </technique_common>
      </source>
      <sampler id="mixamorig_RightToeBase-Matrix-animation-transform">
        <input semantic="INPUT" source="#mixamorig_RightToeBase-Matrix-animation-input"/>
        <input semantic="OUTPUT" source="#mixamorig_RightToeBase-Matrix-animation-output-transform"/>
        <input semantic="INTERPOLATION" source="#mixamorig_RightToeBase-Interpolations"/>
      </sampler>
      <channel source="#mixamorig_RightToeBase-Matrix-animation-transform" target="mixamorig_RightToeBase/matrix"/>
    </animation>
    <animation id="mixamorig_LeftUpLeg-anim" name="mixamorig_LeftUpLeg">
      <source id="mixamorig_LeftUpLeg-Matrix-animation-input">
        <float_array id="mixamorig_LeftUpLeg-Matrix-animation-input-array" count="69">

0.000000 0.033333 0.066667 0.100000 0.133333 0.166667 0.200000 0.233333 0.266667 0.300000 0.333333 0.366667 0.400000 0.433333 0.466667 0.500000
0.533333 0.566667 0.600000 0.633333 0.666667 0.700000 0.733333 0.766667 0.800000 0.833333 0.866667 0.900000 0.933333 0.966667 1.000000 1.033333
1.066667 1.100000 1.133333 1.166667 1.200000 1.233333 1.266667 1.300000 1.333333 1.366667 1.400000 1.433333 1.466667 1.500000 1.533333 1.566667
1.600000 1.633333 1.666667 1.700000 1.733333 1.766667 1.800000 1.833333 1.866667 1.900000 1.933333 1.966667 2.000000 2.033333 2.066667 2.100000
2.133333 2.166667 2.200000 2.233333 2.266667</float_array>
        <technique_common>
          <accessor source="#mixamorig_LeftUpLeg-Matrix-animation-input-array" count="69">
            <param name="TIME" type="float"/>
          </accessor>
        </technique_common>
      </source>
      <source id="mixamorig_LeftUpLeg-Matrix-animation-output-transform">
        <float_array id="mixamorig_LeftUpLeg-Matrix-animation-output-transform-array" count="1104">

-0.656801 0.572434 0.490848 8.207800 0.049724 -0.616643 0.785671 -6.771800 0.752423 0.540436 0.376548 -1.512200 0.000000 0.000000 0.000000 1.000000
-0.658255 0.568220 0.493787 8.207800 0.024709 -0.639276 0.768580 -6.771800 0.752389 0.518123 0.406767 -1.512200 0.000000 0.000000 0.000000 1.000000
-0.658370 0.563895 0.498569 8.207800 0.001202 -0.661591 0.749864 -6.771800 0.752693 0.494287 0.434894 -1.512200 0.000000 0.000000 0.000000 1.000000
-0.658747 0.558035 0.504628 8.207800 -0.028552 -0.688782 0.724406 -6.771800 0.751823 0.462792 0.469666 -1.512200 0.000000 0.000000 0.000000 1.000000
-0.663854 0.545043 0.512080 8.207800 -0.065453 -0.724442 0.686221 -6.771800 0.744993 0.422033 0.516598 -1.512200 0.000000 0.000000 0.000000 1.000000
-0.677201 0.525885 0.514629 8.207800 -0.103770 -0.760686 0.640772 -6.771800 0.728444 0.380528 0.569708 -1.512200 0.000000 0.000000 0.000000 1.000000
-0.698255 0.502145 0.510187 8.207800 -0.134344 -0.791960 0.595610 -6.771800 0.703130 0.347347 0.620450 -1.512200 0.000000 0.000000 0.000000 1.000000
-0.727641 0.473734 0.496099 8.207800 -0.145576 -0.813394 0.563203 -6.771800 0.670332 0.337590 0.660823 -1.512200 0.000000 0.000000 0.000000 1.000000
-0.763133 0.437811 0.475341 8.207800 -0.133678 -0.826583 0.546710 -6.771800 0.632264 0.353670 0.689318 -1.512200 0.000000 0.000000 0.000000 1.000000
-0.798318 0.398955 0.451134 8.207800 -0.118610 -0.838584 0.531703 -6.771800 0.590440 0.370959 0.716778 -1.512200 0.000000 0.000000 0.000000 1.000000
-0.833362 0.359519 0.419825 8.207800 -0.101810 -0.846401 0.522724 -6.771800 0.543269 0.392876 0.741961 -1.512200 0.000000 0.000000 0.000000 1.000000
-0.866943 0.323963 0.378758 8.207800 -0.083874 -0.843929 0.529858 -6.771800 0.491299 0.427588 0.758811 -1.512200 0.000000 0.000000 0.000000 1.000000
-0.900442 0.281748 0.331393 8.207800 -0.061280 -0.836437 0.544627 -6.771800 0.430637 0.470097 0.770429 -1.512200 0.000000 0.000000 0.000000 1.000000
-0.933202 0.228799 0.277103 8.207800 -0.034727 -0.824926 0.564174 -6.771800 0.357671 0.516865 0.777767 -1.512200 0.000000 0.000000 0.000000 1.000000
-0.961447 0.168578 0.217258 8.207800 -0.008825 -0.808566 0.588340 -6.771800 0.274849 0.563740 0.778881 -1.512200 0.000000 0.000000 0.000000 1.000000
-0.982565 0.098453 0.157711 8.207800 0.018694 -0.791665 0.610669 -6.771800 0.184976 0.602970 0.776022 -1.512200 0.000000 0.000000 0.000000 1.000000
-0.994756 0.024798 0.099222 8.207800 0.043936 -0.772465 0.633536 -6.771800 0.092356 0.634573 0.767324 -1.512200 0.000000 0.000000 0.000000 1.000000
-0.998120 -0.044179 0.042479 8.207800 0.061236 -0.747452 0.661487 -6.771800 0.002527 0.662845 0.748752 -1.512200 0.000000 0.000000 0.000000 1.000000
-0.994107 -0.108097 -0.008138 8.207800 0.072417 -0.718086 0.692176 -6.771800 -0.080666 0.687508 0.721682 -1.512200 0.000000 0.000000 0.000000 1.000000
-0.984866 -0.166110 -0.049459 8.207800 0.078263 -0.680850 0.728229 -6.771800 -0.154641 0.713337 0.683547 -1.512200 0.000000 0.000000 0.000000 1.000000
-0.974896 -0.206484 -0.083314 8.207800 0.072828 -0.649306 0.757033 -6.771800 -0.210411 0.731961 0.648044 -1.512200 0.000000 0.000000 0.000000 1.000000
-0.966906 -0.230885 -0.108556 8.207800 0.062509 -0.626905 0.776584 -6.771800 -0.247356 0.744098 0.620591 -1.512200 0.000000 0.000000 0.000000 1.000000
-0.959122 -0.257056 -0.118353 8.207800 0.069967 -0.620633 0.780973 -6.771800 -0.274208 0.740768 0.613248 -1.512200 0.000000 0.000000 0.000000 1.000000
-0.951826 -0.285067 -0.112974 8.207800 0.093368 -0.620369 0.778733 -6.771800 -0.292077 0.730670 0.617100 -1.512200 0.000000 0.000000 0.000000 1.000000
-0.954449 -0.277880 -0.108674 8.207800 0.087553 -0.609016 0.788311 -6.771800 -0.285241 0.742887 0.605604 -1.512200 0.000000 0.000000 0.000000 1.000000
-0.964434 -0.240151 -0.110424 8.207800 0.056301 -0.594817 0.801887 -6.771800 -0.258256 0.767150 0.587183 -1.512200 0.000000 0.000000 0.000000 1.000000
-0.972038 -0.206966 -0.110941 8.207800 0.023976 -0.557445 0.829868 -6.771800 -0.233597 0.804003 0.546820 -1.512200 0.000000 0.000000 0.000000 1.000000
-0.968537 -0.226721 -0.102637 8.207800 0.031291 -0.520074 0.853548 -6.771800 -0.246896 0.823481 0.510805 -1.512200 0.000000 0.000000 0.000000 1.000000
-0.959480 -0.264447 -0.097290 8.207800 0.045335 -0.485655 0.872974 -6.771800 -0.278105 0.833191 0.477965 -1.512200 0.000000 0.000000 0.000000 1.000000
-0.946456 -0.302252 -0.113426 8.207800 0.037924 -0.453004 0.890702 -6.771800 -0.320599 0.838708 0.440210 -1.512200 0.000000 0.000000 0.000000 1.000000
-0.932071 -0.333642 -0.141162 8.207800 0.015246 -0.425434 0.904861 -6.771800 -0.361955 0.841242 0.401621 -1.512200 0.000000 0.000000 0.000000 1.000000
-0.917847 -0.357129 -0.173254 8.207800 -0.015462 -0.403980 0.914637 -6.771800 -0.396634 0.842175 0.365270 -1.512200 0.000000 0.000000 0.000000 1.000000
-0.905978 -0.372006 -0.202028 8.207800 -0.045945 -0.388013 0.920508 -6.771800 -0.420824 0.843242 0.334439 -1.512200 0.000000 0.000000 0.000000 1.000000
-0.899146 -0.378277 -0.220098 8.207800 -0.066340 -0.379293 0.922895 -6.771800 -0.432592 0.844419 0.315945 -1.512200 0.000000 0.000000 0.000000 1.000000
-0.902625 -0.367041 -0.224832 8.207800 -0.070773 -0.388677 0.918652 -6.771800 -0.424569 0.845110 0.324853 -1.512200 0.000000 0.000000 0.000000 1.000000
-0.915602 -0.337108 -0.219160 8.207800 -0.065279 -0.413199 0.908298 -6.771800 -0.396751 0.845946 0.356320 -1.512200 0.000000 0.000000 0.000000 1.000000
-0.931087 -0.302018 -0.204604 8.207800 -0.053237 -0.442370 0.895251 -6.771800 -0.360893 0.844449 0.395806 -1.512200 0.000000 0.000000 0.000000 1.000000
-0.947828 -0.262322 -0.181134 8.207800 -0.036615 -0.474862 0.879298 -6.771800 -0.316673 0.840055 0.440483 -1.512200 0.000000 0.000000 0.000000 1.000000
-0.964829 -0.216387 -0.149267 8.207800 -0.020921 -0.502815 0.864141 -6.771800 -0.262043 0.836871 0.480604 -1.512200 0.000000 0.000000 0.000000 1.000000
-0.980259 -0.163558 -0.111089 8.207800 -0.008218 -0.527669 0.849411 -6.771800 -0.197546 0.833555 0.515908 -1.512200 0.000000 0.000000 0.000000 1.000000
-0.992388 -0.101342 -0.069967 8.207800 -0.001680 -0.556955 0.830541 -6.771800 -0.123138 0.824337 0.552545 -1.512200 0.000000 0.000000 0.000000 1.000000
-0.998852 -0.042404 -0.022306 8.207800 0.006688 -0.584387 0.811448 -6.771800 -0.047444 0.810367 0.583999 -1.512200 0.000000 0.000000 0.000000 1.000000
-0.999454 0.013959 0.029963 8.207800 0.015456 -0.603899 0.796911 -6.771800 0.029219 0.796939 0.603353 -1.512200 0.000000 0.000000 0.000000 1.000000
-0.993981 0.070186 0.084117 8.207800 0.022245 -0.622520 0.782288 -6.771800 0.107270 0.779450 0.617212 -1.512200 0.000000 0.000000 0.000000 1.000000
-0.982552 0.122163 0.140244 8.207800 0.030050 -0.639866 0.767899 -6.771800 0.183547 0.758715 0.625030 -1.512200 0.000000 0.000000 0.000000 1.000000
-0.965268 0.174388 0.194543 8.207800 0.031943 -0.660265 0.750353 -6.771800 0.259303 0.730506 0.631762 -1.512200 0.000000 0.000000 0.000000 1.000000
-0.942409 0.227230 0.245420 8.207800 0.024735 -0.684417 0.728671 -6.771800 0.333546 0.692777 0.639381 -1.512200 0.000000 0.000000 0.000000 1.000000
-0.914977 0.278718 0.291777 8.207800 0.013892 -0.700916 0.713108 -6.771800 0.403268 0.656531 0.637450 -1.512200 0.000000 0.000000 0.000000 1.000000
-0.884140 0.327885 0.332849 8.207800 -0.001393 -0.714246 0.699894 -6.771800 0.467220 0.618341 0.631950 -1.512200 0.000000 0.000000 0.000000 1.000000
-0.851773 0.371642 0.369275 8.207800 -0.023969 -0.731749 0.681153 -6.771800 0.523362 0.571337 0.632192 -1.512200 0.000000 0.000000 0.000000 1.000000
-0.822355 0.403194 0.401456 8.207800 -0.044648 -0.749131 0.660916 -6.771800 0.567221 0.525583 0.634053 -1.512200 0.000000 0.000000 0.000000 1.000000
-0.798976 0.423907 0.426545 8.207800 -0.060967 -0.762741 0.643824 -6.771800 0.598265 0.488394 0.635256 -1.512200 0.000000 0.000000 0.000000 1.000000
-0.784586 0.434314 0.442488 8.207800 -0.074126 -0.774255 0.628518 -6.771800 0.615573 0.460327 0.639663 -1.512200 0.000000 0.000000 0.000000 1.000000
-0.781472 0.435523 0.446790 8.207800 -0.085586 -0.784134 0.614662 -6.771800 0.618042 0.442102 0.650053 -1.512200 0.000000 0.000000 0.000000 1.000000
-0.775028 0.439001 0.454543 8.207800 -0.088877 -0.787872 0.609391 -6.771800 0.625646 0.431897 0.649640 -1.512200 0.000000 0.000000 0.000000 1.000000
-0.754428 0.451389 0.476536 8.207800 -0.083062 -0.785820 0.612853 -6.771800 0.651106 0.422771 0.630338 -1.512200 0.000000 0.000000 0.000000 1.000000
-0.727390 0.465535 0.504164 8.207800 -0.071241 -0.781951 0.619255 -6.771800 0.682517 0.414523 0.601949 -1.512200 0.000000 0.000000 0.000000 1.000000
-0.699847 0.481938 0.527210 8.207800 -0.058747 -0.774421 0.629937 -6.771800 0.711873 0.409888 0.570289 -1.512200 0.000000 0.000000 0.000000 1.000000
-0.677456 0.499667 0.539802 8.207800 -0.047421 -0.762003 0.645835 -6.771800 0.734033 0.411927 0.539918 -1.512200 0.000000 0.000000 0.000000 1.000000
-0.665516 0.512957 0.542184 8.207800 -0.033918 -0.746449 0.664578 -6.771800 0.745612 0.423897 0.514172 -1.512200 0.000000 0.000000 0.000000 1.000000
-0.663923 0.522805 0.534678 8.207800 -0.021990 -0.728341 0.684862 -6.771800 0.747478 0.442938 0.495059 -1.512200 0.000000 0.000000 0.000000 1.000000
-0.675697 0.522738 0.519786 8.207800 -0.006840 -0.709517 0.704655 -6.771800 0.737147 0.472578 0.482994 -1.512200 0.000000 0.000000 0.000000 1.000000
-0.681852 0.527705 0.506562 8.207800 0.004390 -0.689543 0.724232 -6.771800 0.731477 0.496043 0.467849 -1.512200 0.000000 0.000000 0.000000 1.000000
-0.683248 0.535071 0.496861 8.207800 0.018618 -0.667471 0.744403 -6.771800 0.729949 0.517863 0.446086 -1.512200 0.000000 0.000000 0.000000 1.000000
-0.680161 0.541414 0.494218 8.207800 0.032135 -0.651514 0.757956 -6.771800 0.732358 0.531414 0.425736 -1.512200 0.000000 0.000000 0.000000 1.000000
-0.673055 0.551658 0.492616 8.207800 0.039808 -0.638077 0.768942 -6.771800 0.738521 0.537150 0.407501 -1.512200 0.000000 0.000000 0.000000 1.000000
-0.665601 0.560204 0.493099 8.207800 0.046077 -0.628611 0.776354 -6.771800 0.744884 0.539463 0.392592 -1.512200 0.000000 0.000000 0.000000 1.000000
-0.659361 0.566997 0.493718 8.207800 0.049276 -0.622688 0.780917 -6.771800 0.750210 0.539235 0.382636 -1.512200 0.000000 0.000000 0.000000 1.000000
-0.656802 0.572435 0.490846 8.207800 0.049723 -0.616640 0.785673 -6.771800 0.752422 0.540438 0.376547 -1.512200 0.000000 0.000000 0.000000 1.000000</float_array>
        <technique_common>
          <accessor source="#mixamorig_LeftUpLeg-Matrix-animation-output-transform-array" count="69" stride="16">
            <param type="float4x4"/>
          </accessor>
        </technique_common>
      </source>
      <source id="mixamorig_LeftUpLeg-Interpolations">
        <Name_array id="mixamorig_LeftUpLeg-Interpolations-array" count="69">
 LINEAR LINEAR LINEAR LINEAR LINEAR LINEAR LINEAR LINEAR LINEAR LINEAR LINEAR
LINEAR LINEAR LINEAR LINEAR LINEAR LINEAR LINEAR LINEAR LINEAR LINEAR LINEAR LINEAR
LINEAR LINEAR LINEAR LINEAR LINEAR LINEAR LINEAR LINEAR LINEAR LINEAR LINEAR LINEAR
LINEAR LINEAR LINEAR LINEAR LINEAR LINEAR LINEAR LINEAR LINEAR LINEAR LINEAR LINEAR
LINEAR LINEAR LINEAR LINEAR LINEAR LINEAR LINEAR LINEAR LINEAR LINEAR LINEAR LINEAR
LINEAR LINEAR LINEAR LINEAR LINEAR LINEAR LINEAR LINEAR LINEAR LINEAR</Name_array>
        <technique_common>
          <accessor source="#mixamorig_LeftUpLeg-Interpolations-array" count="69">
            <param type="name"/>
          </accessor>
        </technique_common>
      </source>
      <sampler id="mixamorig_LeftUpLeg-Matrix-animation-transform">
        <input semantic="INPUT" source="#mixamorig_LeftUpLeg-Matrix-animation-input"/>
        <input semantic="OUTPUT" source="#mixamorig_LeftUpLeg-Matrix-animation-output-transform"/>
        <input semantic="INTERPOLATION" source="#mixamorig_LeftUpLeg-Interpolations"/>
      </sampler>
      <channel source="#mixamorig_LeftUpLeg-Matrix-animation-transform" target="mixamorig_LeftUpLeg/matrix"/>
    </animation>
    <animation id="mixamorig_LeftLeg-anim" name="mixamorig_LeftLeg">
      <source id="mixamorig_LeftLeg-Matrix-animation-input">
        <float_array id="mixamorig_LeftLeg-Matrix-animation-input-array" count="69">

0.000000 0.033333 0.066667 0.100000 0.133333 0.166667 0.200000 0.233333 0.266667 0.300000 0.333333 0.366667 0.400000 0.433333 0.466667 0.500000
0.533333 0.566667 0.600000 0.633333 0.666667 0.700000 0.733333 0.766667 0.800000 0.833333 0.866667 0.900000 0.933333 0.966667 1.000000 1.033333
1.066667 1.100000 1.133333 1.166667 1.200000 1.233333 1.266667 1.300000 1.333333 1.366667 1.400000 1.433333 1.466667 1.500000 1.533333 1.566667
1.600000 1.633333 1.666667 1.700000 1.733333 1.766667 1.800000 1.833333 1.866667 1.900000 1.933333 1.966667 2.000000 2.033333 2.066667 2.100000
2.133333 2.166667 2.200000 2.233333 2.266667</float_array>
        <technique_common>
          <accessor source="#mixamorig_LeftLeg-Matrix-animation-input-array" count="69">
            <param name="TIME" type="float"/>
          </accessor>
        </technique_common>
      </source>
      <source id="mixamorig_LeftLeg-Matrix-animation-output-transform">
        <float_array id="mixamorig_LeftLeg-Matrix-animation-output-transform-array" count="1104">

0.939563 -0.075139 0.334028 0.000000 -0.201026 0.668671 0.715868 44.371399 -0.277145 -0.739752 0.613154 0.000000 0.000000 0.000000 0.000000 1.000000
0.945040 -0.065902 0.320244 0.000000 -0.195535 0.671090 0.715125 44.371399 -0.262040 -0.738441 0.621321 0.000000 0.000000 0.000000 0.000000 1.000000
0.950125 -0.056881 0.306639 0.000000 -0.190978 0.671197 0.716256 44.371399 -0.246556 -0.739093 0.626858 0.000000 0.000000 0.000000 0.000000 1.000000
0.955847 -0.048163 0.289892 0.000000 -0.184820 0.668426 0.720450 44.371399 -0.228471 -0.742217 0.630012 0.000000 0.000000 0.000000 0.000000 1.000000
0.963355 -0.039745 0.265267 0.000000 -0.172848 0.664255 0.727247 44.371399 -0.205109 -0.746448 0.633044 -0.000000 0.000000 0.000000 0.000000 1.000000
0.971681 -0.029675 0.234424 0.000000 -0.157383 0.658730 0.735735 44.371399 -0.176255 -0.751794 0.635405 -0.000000 0.000000 0.000000 0.000000 1.000000
0.978935 -0.017247 0.203443 -0.000000 -0.143012 0.653231 0.743530 44.371399 -0.145719 -0.756962 0.637004 0.000000 0.000000 0.000000 0.000000 1.000000
0.983763 -0.004486 0.179419 0.000000 -0.134700 0.642187 0.754620 44.371399 -0.118606 -0.766535 0.631155 0.000000 0.000000 0.000000 0.000000 1.000000
0.985143 0.006959 0.171595 0.000000 -0.137102 0.633601 0.761415 44.371399 -0.103424 -0.773629 0.625141 -0.000000 0.000000 0.000000 0.000000 1.000000
0.983948 0.015144 0.177811 0.000000 -0.147773 0.627743 0.764266 44.371399 -0.100046 -0.778274 0.619904 0.000000 0.000000 0.000000 0.000000 1.000000
0.981517 0.017762 0.190546 0.000000 -0.159795 0.623949 0.764953 44.371399 -0.105304 -0.781263 0.615255 0.000000 0.000000 0.000000 0.000000 1.000000
0.978082 0.013086 0.207808 0.000000 -0.170860 0.620849 0.765084 44.371399 -0.119006 -0.783821 0.609477 0.000000 0.000000 0.000000 0.000000 1.000000
0.973609 -0.001065 0.228219 0.000000 -0.178363 0.620306 0.763811 44.371399 -0.142379 -0.784359 0.603746 -0.000000 0.000000 0.000000 0.000000 1.000000
0.967386 -0.024535 0.252116 -0.000000 -0.182210 0.624007 0.759878 44.371399 -0.175966 -0.781034 0.599185 0.000000 0.000000 0.000000 0.000000 1.000000
0.958634 -0.055681 0.279142 0.000000 -0.182270 0.633164 0.752251 44.371399 -0.218628 -0.772012 0.596824 0.000000 0.000000 0.000000 0.000000 1.000000
0.946715 -0.092507 0.308502 0.000000 -0.177252 0.650104 0.738882 44.371399 -0.268910 -0.754193 0.599066 0.000000 0.000000 0.000000 0.000000 1.000000
0.930322 -0.131801 0.342243 0.000000 -0.168310 0.675678 0.717727 44.371399 -0.325843 -0.725320 0.606414 0.000000 0.000000 0.000000 0.000000 1.000000
0.911239 -0.168975 0.375622 0.000000 -0.152706 0.708374 0.689121 44.371399 -0.382525 -0.685313 0.619694 0.000000 0.000000 0.000000 0.000000 1.000000
0.891964 -0.198649 0.406126 -0.000000 -0.131384 0.745638 0.653270 44.371399 -0.432595 -0.636052 0.638983 -0.000000 0.000000 0.000000 0.000000 1.000000
0.874261 -0.216656 0.434428 0.000000 -0.112126 0.780570 0.614929 44.371399 -0.472329 -0.586319 0.658130 0.000000 0.000000 0.000000 0.000000 1.000000
0.868677 -0.220057 0.443819 -0.000000 -0.096485 0.803602 0.587295 44.371399 -0.485892 -0.552991 0.676838 -0.000000 0.000000 0.000000 0.000000 1.000000
0.872509 -0.217129 0.437702 -0.000000 -0.094212 0.804258 0.586765 44.371399 -0.479429 -0.553194 0.681267 -0.000000 0.000000 0.000000 0.000000 1.000000
0.875558 -0.217672 0.431296 0.000000 -0.108189 0.781728 0.614163 44.371399 -0.470842 -0.584397 0.660899 -0.000000 0.000000 0.000000 0.000000 1.000000
0.874385 -0.219727 0.432633 0.000000 -0.121525 0.764020 0.633645 44.371399 -0.469769 -0.606625 0.641345 -0.000000 0.000000 0.000000 0.000000 1.000000
0.885208 -0.221985 0.408815 0.000000 -0.118085 0.742795 0.659023 44.371399 -0.449959 -0.631647 0.631315 0.000000 0.000000 0.000000 0.000000 1.000000
0.900020 -0.224043 0.373856 0.000000 -0.108416 0.715723 0.689918 44.371399 -0.422149 -0.661472 0.619875 -0.000000 0.000000 0.000000 0.000000 1.000000
0.903935 -0.226038 0.363053 0.000000 -0.115254 0.688749 0.715780 44.371399 -0.411846 -0.688863 0.596533 0.000000 0.000000 0.000000 0.000000 1.000000
0.889703 -0.225792 0.396796 -0.000000 -0.150828 0.674965 0.722270 44.371399 -0.430906 -0.702453 0.566462 0.000000 0.000000 0.000000 0.000000 1.000000
0.873498 -0.223178 0.432659 -0.000000 -0.186509 0.667508 0.720865 44.371399 -0.449685 -0.710369 0.541442 0.000000 0.000000 0.000000 0.000000 1.000000
0.869707 -0.215987 0.443801 -0.000000 -0.202316 0.664153 0.719701 44.371399 -0.450198 -0.715717 0.533921 0.000000 0.000000 0.000000 0.000000 1.000000
0.868970 -0.207593 0.449218 -0.000000 -0.209732 0.667709 0.714267 44.371399 -0.448223 -0.714892 0.536680 0.000000 0.000000 0.000000 0.000000 1.000000
0.869779 -0.200028 0.451081 -0.000000 -0.212246 0.673606 0.707960 44.371399 -0.445463 -0.711508 0.543433 0.000000 0.000000 0.000000 0.000000 1.000000
0.870866 -0.193829 0.451689 -0.000000 -0.214138 0.677551 0.703612 44.371399 -0.442423 -0.709475 0.548550 0.000000 0.000000 0.000000 0.000000 1.000000
0.870709 -0.189838 0.453681 0.000000 -0.216340 0.680595 0.699991 44.371399 -0.441659 -0.707638 0.551531 -0.000000 0.000000 0.000000 0.000000 1.000000
0.870702 -0.188263 0.454352 -0.000000 -0.216526 0.682741 0.697840 44.371399 -0.441582 -0.705989 0.553700 0.000000 0.000000 0.000000 0.000000 1.000000
0.871366 -0.188340 0.453045 0.000000 -0.214107 0.684857 0.696513 44.371399 -0.441452 -0.703917 0.556436 0.000000 0.000000 0.000000 0.000000 1.000000
0.871711 -0.190238 0.451585 0.000000 -0.207940 0.690867 0.692433 44.371399 -0.443712 -0.697505 0.562678 -0.000000 0.000000 0.000000 0.000000 1.000000
0.872511 -0.193080 0.448826 0.000000 -0.198582 0.699175 0.686818 44.371399 -0.446419 -0.688385 0.571696 0.000000 0.000000 0.000000 0.000000 1.000000
0.874111 -0.195920 0.444461 -0.000000 -0.187456 0.708084 0.680792 44.371399 -0.448097 -0.678404 0.582217 0.000000 0.000000 0.000000 0.000000 1.000000
0.875748 -0.198291 0.440165 -0.000000 -0.177088 0.716252 0.674998 44.371399 -0.449115 -0.669076 0.592142 -0.000000 0.000000 0.000000 0.000000 1.000000
0.877970 -0.199886 0.434987 0.000000 -0.168521 0.721440 0.671658 44.371399 -0.448072 -0.663001 0.599718 0.000000 0.000000 0.000000 0.000000 1.000000
0.879242 -0.201661 0.431586 0.000000 -0.159983 0.728362 0.666254 44.371399 -0.448708 -0.654845 0.608144 0.000000 0.000000 0.000000 0.000000 1.000000
0.879439 -0.202998 0.430555 0.000000 -0.151933 0.737490 0.658046 44.371399 -0.451113 -0.644128 0.617735 0.000000 0.000000 0.000000 0.000000 1.000000
0.879741 -0.203107 0.429889 -0.000000 -0.143343 0.748793 0.647119 44.371399 -0.453332 -0.630918 0.629630 0.000000 0.000000 0.000000 0.000000 1.000000
0.880511 -0.200990 0.429305 -0.000000 -0.133448 0.763926 0.631354 44.371399 -0.454853 -0.613205 0.645824 0.000000 0.000000 0.000000 0.000000 1.000000
0.881887 -0.196220 0.428687 0.000000 -0.124370 0.780243 0.612987 44.371399 -0.454760 -0.593902 0.663682 0.000000 0.000000 0.000000 0.000000 1.000000
0.883479 -0.188762 0.428758 -0.000000 -0.117434 0.796772 0.592760 44.371399 -0.453513 -0.574041 0.681764 0.000000 0.000000 0.000000 0.000000 1.000000
0.885342 -0.179202 0.429017 0.000000 -0.112940 0.812207 0.572332 44.371399 -0.451014 -0.555163 0.698842 0.000000 0.000000 0.000000 0.000000 1.000000
0.887813 -0.167917 0.428477 -0.000000 -0.110126 0.826488 0.552078 44.371399 -0.446834 -0.537329 0.715274 0.000000 0.000000 0.000000 0.000000 1.000000
0.892568 -0.155434 0.423275 0.000000 -0.106442 0.839550 0.532754 44.371399 -0.438169 -0.520574 0.732811 0.000000 0.000000 0.000000 0.000000 1.000000
0.897677 -0.141694 0.417252 0.000000 -0.103828 0.852219 0.512780 44.371399 -0.428248 -0.503633 0.750305 0.000000 0.000000 0.000000 0.000000 1.000000
0.903620 -0.129163 0.408397 0.000000 -0.100991 0.862326 0.496180 44.371399 -0.416260 -0.489602 0.766171 0.000000 0.000000 0.000000 0.000000 1.000000
0.911426 -0.120509 0.393422 0.000000 -0.095684 0.867863 0.487502 44.371399 -0.400185 -0.481967 0.779462 -0.000000 0.000000 0.000000 0.000000 1.000000
0.920421 -0.118672 0.372481 0.000000 -0.087136 0.866561 0.491405 44.371399 -0.381093 -0.484756 0.787261 0.000000 0.000000 0.000000 0.000000 1.000000
0.926313 -0.120905 0.356827 -0.000000 -0.081800 0.859976 0.503737 44.371399 -0.367767 -0.495806 0.786717 -0.000000 0.000000 0.000000 0.000000 1.000000
0.928568 -0.121480 0.350719 -0.000000 -0.085734 0.849166 0.521121 44.371399 -0.361125 -0.513965 0.778093 0.000000 0.000000 0.000000 0.000000 1.000000
0.929667 -0.117311 0.349223 0.000000 -0.097210 0.836232 0.539691 44.371399 -0.355343 -0.535681 0.766014 0.000000 0.000000 0.000000 0.000000 1.000000
0.930879 -0.108608 0.348811 0.000000 -0.113990 0.820773 0.559766 44.371399 -0.347090 -0.560835 0.751660 -0.000000 0.000000 0.000000 0.000000 1.000000
0.933215 -0.096255 0.346185 0.000000 -0.132704 0.803009 0.581005 44.371399 -0.333915 -0.588143 0.736606 -0.000000 0.000000 0.000000 0.000000 1.000000
0.935598 -0.082681 0.343248 -0.000000 -0.151162 0.784778 0.601061 44.371399 -0.319070 -0.614237 0.721739 0.000000 0.000000 0.000000 0.000000 1.000000
0.938225 -0.072623 0.338320 0.000000 -0.164899 0.765729 0.621665 44.371399 -0.304208 -0.639051 0.706450 0.000000 0.000000 0.000000 0.000000 1.000000
0.941529 -0.070003 0.329579 -0.000000 -0.169158 0.747754 0.642067 44.371399 -0.291390 -0.660276 0.692191 0.000000 0.000000 0.000000 0.000000 1.000000
0.942914 -0.068817 0.325850 0.000000 -0.175070 0.729902 0.660753 44.371399 -0.283309 -0.680079 0.676186 0.000000 0.000000 0.000000 0.000000 1.000000
0.943572 -0.068491 0.324008 -0.000000 -0.180819 0.713120 0.677322 44.371399 -0.277447 -0.697688 0.660496 -0.000000 0.000000 0.000000 0.000000 1.000000
0.943225 -0.069274 0.324852 0.000000 -0.186609 0.698556 0.690795 44.371399 -0.274781 -0.712195 0.645968 0.000000 0.000000 0.000000 0.000000 1.000000
0.942036 -0.071071 0.327898 0.000000 -0.192986 0.684669 0.702841 44.371399 -0.274453 -0.725381 0.631267 0.000000 0.000000 0.000000 0.000000 1.000000
0.940700 -0.073037 0.331285 0.000000 -0.197634 0.675727 0.710164 44.371399 -0.275726 -0.733525 0.621222 -0.000000 0.000000 0.000000 0.000000 1.000000
0.939694 -0.074461 0.333813 0.000000 -0.200180 0.671632 0.713329 44.371399 -0.277315 -0.737134 0.616223 0.000000 0.000000 0.000000 0.000000 1.000000
0.939564 -0.075140 0.334027 0.000000 -0.201026 0.668667 0.715872 44.371399 -0.277144 -0.739755 0.613151 0.000000 0.000000 0.000000 0.000000 1.000000</float_array>
        <technique_common>
          <accessor source="#mixamorig_LeftLeg-Matrix-animation-output-transform-array" count="69" stride="16">
            <param type="float4x4"/>
          </accessor>
        </technique_common>
      </source>
      <source id="mixamorig_LeftLeg-Interpolations">
        <Name_array id="mixamorig_LeftLeg-Interpolations-array" count="69">
 LINEAR LINEAR LINEAR LINEAR LINEAR LINEAR LINEAR LINEAR LINEAR LINEAR LINEAR
LINEAR LINEAR LINEAR LINEAR LINEAR LINEAR LINEAR LINEAR LINEAR LINEAR LINEAR LINEAR
LINEAR LINEAR LINEAR LINEAR LINEAR LINEAR LINEAR LINEAR LINEAR LINEAR LINEAR LINEAR
LINEAR LINEAR LINEAR LINEAR LINEAR LINEAR LINEAR LINEAR LINEAR LINEAR LINEAR LINEAR
LINEAR LINEAR LINEAR LINEAR LINEAR LINEAR LINEAR LINEAR LINEAR LINEAR LINEAR LINEAR
LINEAR LINEAR LINEAR LINEAR LINEAR LINEAR LINEAR LINEAR LINEAR LINEAR</Name_array>
        <technique_common>
          <accessor source="#mixamorig_LeftLeg-Interpolations-array" count="69">
            <param type="name"/>
          </accessor>
        </technique_common>
      </source>
      <sampler id="mixamorig_LeftLeg-Matrix-animation-transform">
        <input semantic="INPUT" source="#mixamorig_LeftLeg-Matrix-animation-input"/>
        <input semantic="OUTPUT" source="#mixamorig_LeftLeg-Matrix-animation-output-transform"/>
        <input semantic="INTERPOLATION" source="#mixamorig_LeftLeg-Interpolations"/>
      </sampler>
      <channel source="#mixamorig_LeftLeg-Matrix-animation-transform" target="mixamorig_LeftLeg/matrix"/>
    </animation>
    <animation id="mixamorig_LeftFoot-anim" name="mixamorig_LeftFoot">
      <source id="mixamorig_LeftFoot-Matrix-animation-input">
        <float_array id="mixamorig_LeftFoot-Matrix-animation-input-array" count="69">

0.000000 0.033333 0.066667 0.100000 0.133333 0.166667 0.200000 0.233333 0.266667 0.300000 0.333333 0.366667 0.400000 0.433333 0.466667 0.500000
0.533333 0.566667 0.600000 0.633333 0.666667 0.700000 0.733333 0.766667 0.800000 0.833333 0.866667 0.900000 0.933333 0.966667 1.000000 1.033333
1.066667 1.100000 1.133333 1.166667 1.200000 1.233333 1.266667 1.300000 1.333333 1.366667 1.400000 1.433333 1.466667 1.500000 1.533333 1.566667
1.600000 1.633333 1.666667 1.700000 1.733333 1.766667 1.800000 1.833333 1.866667 1.900000 1.933333 1.966667 2.000000 2.033333 2.066667 2.100000
2.133333 2.166667 2.200000 2.233333 2.266667</float_array>
        <technique_common>
          <accessor source="#mixamorig_LeftFoot-Matrix-animation-input-array" count="69">
            <param name="TIME" type="float"/>
          </accessor>
        </technique_common>
      </source>
      <source id="mixamorig_LeftFoot-Matrix-animation-output-transform">
        <float_array id="mixamorig_LeftFoot-Matrix-animation-output-transform-array" count="1104">

0.987886 0.084080 -0.130431 0.000000 -0.154873 0.587278 -0.794430 44.527802 0.009804 0.805007 0.593185 -0.000000 0.000000 0.000000 0.000000 1.000000
0.987375 0.083629 -0.134526 0.000000 -0.157969 0.582615 -0.797249 44.527802 0.011704 0.808434 0.588470 0.000000 0.000000 0.000000 0.000000 1.000000
0.987271 0.082390 -0.136041 0.000000 -0.158581 0.575194 -0.802499 44.527802 0.012132 0.813858 0.580938 0.000000 0.000000 0.000000 0.000000 1.000000
0.986800 0.078678 -0.141545 0.000000 -0.161167 0.562526 -0.810919 44.527802 0.015821 0.823028 0.567781 0.000000 0.000000 0.000000 0.000000 1.000000
0.984743 0.070602 -0.159046 0.000000 -0.171679 0.543363 -0.821756 44.527802 0.028402 0.836524 0.547194 -0.000000 0.000000 0.000000 0.000000 1.000000
0.980925 0.058015 -0.185529 -0.000000 -0.188440 0.518080 -0.834316 44.527802 0.047716 0.853363 0.519129 -0.000000 0.000000 0.000000 0.000000 1.000000
0.976455 0.043003 -0.211390 0.000000 -0.204893 0.491433 -0.846471 44.527802 0.067483 0.869853 0.488673 0.000000 0.000000 0.000000 0.000000 1.000000
0.976913 0.018230 -0.212860 0.000000 -0.195969 0.473241 -0.858859 44.527802 0.085077 0.880745 0.465887 -0.000000 0.000000 0.000000 0.000000 1.000000
0.977442 0.001264 -0.211200 0.000000 -0.186858 0.471276 -0.861965 44.527802 0.098444 0.881985 0.460881 0.000000 0.000000 0.000000 0.000000 1.000000
0.979925 -0.014493 -0.198837 0.000000 -0.168236 0.475029 -0.863738 44.527802 0.106971 0.879851 0.463055 0.000000 0.000000 0.000000 0.000000 1.000000
0.982379 -0.030139 -0.184454 -0.000000 -0.147591 0.480398 -0.864543 44.527802 0.114668 0.876532 0.467485 -0.000000 0.000000 0.000000 0.000000 1.000000
0.984217 -0.046113 -0.170855 0.000000 -0.127594 0.484089 -0.865666 44.527802 0.122628 0.873803 0.470565 0.000000 0.000000 0.000000 0.000000 1.000000
0.984679 -0.063843 -0.162271 0.000000 -0.111080 0.487688 -0.865922 44.527802 0.134421 0.870680 0.473124 -0.000000 0.000000 0.000000 0.000000 1.000000
0.983754 -0.082974 -0.159194 0.000000 -0.098041 0.494532 -0.863612 44.527802 0.150384 0.865190 0.478363 -0.000000 0.000000 0.000000 0.000000 1.000000
0.981882 -0.101510 -0.160008 0.000000 -0.087638 0.505404 -0.858421 44.527802 0.168007 0.856891 0.487351 -0.000000 0.000000 0.000000 0.000000 1.000000
0.979438 -0.116864 -0.164452 -0.000000 -0.080318 0.521888 -0.849224 44.527802 0.185070 0.844970 0.501771 0.000000 0.000000 0.000000 0.000000 1.000000
0.977458 -0.126131 -0.169315 0.000000 -0.074232 0.545433 -0.834861 44.527802 0.197652 0.828610 0.523774 0.000000 0.000000 0.000000 0.000000 1.000000
0.975852 -0.128457 -0.176666 0.000000 -0.071989 0.574469 -0.815354 44.527802 0.206227 0.808383 0.551350 0.000000 0.000000 0.000000 0.000000 1.000000
0.974922 -0.123709 -0.184997 -0.000000 -0.073119 0.607062 -0.791283 44.527802 0.210194 0.784966 0.582793 0.000000 0.000000 0.000000 0.000000 1.000000
0.975551 -0.113211 -0.188372 0.000000 -0.073779 0.638675 -0.765931 44.527802 0.207020 0.761103 0.614708 0.000000 0.000000 0.000000 0.000000 1.000000
0.976218 -0.104541 -0.189918 0.000000 -0.076277 0.654397 -0.752294 44.527802 0.202927 0.748890 0.630860 0.000000 0.000000 0.000000 0.000000 1.000000
0.974816 -0.084288 -0.206470 0.000000 -0.098187 0.669047 -0.736706 44.527802 0.200234 0.738425 0.643922 0.000000 0.000000 0.000000 0.000000 1.000000
0.977761 -0.083552 -0.192359 0.000000 -0.085854 0.677370 -0.730616 44.527802 0.191343 0.730883 0.655132 -0.000000 0.000000 0.000000 0.000000 1.000000
0.978372 -0.079307 -0.191048 0.000000 -0.086982 0.680232 -0.727818 44.527802 0.187678 0.728694 0.658622 -0.000000 0.000000 0.000000 0.000000 1.000000
0.973043 -0.081898 -0.215592 -0.000000 -0.106930 0.668052 -0.736391 44.527802 0.204336 0.739594 0.641286 0.000000 0.000000 0.000000 0.000000 1.000000
0.964333 -0.088700 -0.249389 0.000000 -0.135850 0.642771 -0.753916 44.527802 0.227173 0.760905 0.607795 0.000000 0.000000 0.000000 0.000000 1.000000
0.960969 -0.091535 -0.261075 0.000000 -0.151625 0.615074 -0.773753 44.527802 0.231406 0.783138 0.577188 -0.000000 0.000000 0.000000 0.000000 1.000000
0.969032 -0.083460 -0.232404 0.000000 -0.136426 0.603536 -0.785578 44.527802 0.205829 0.792956 0.573459 0.000000 0.000000 0.000000 0.000000 1.000000
0.976672 -0.073387 -0.201808 0.000000 -0.118483 0.599623 -0.791463 44.527802 0.179092 0.796910 0.576940 0.000000 0.000000 0.000000 0.000000 1.000000
0.978584 -0.068599 -0.194084 0.000000 -0.115158 0.599066 -0.792375 44.527802 0.170625 0.797756 0.578336 0.000000 0.000000 0.000000 0.000000 1.000000
0.979136 -0.064126 -0.192820 0.000000 -0.115965 0.602871 -0.789366 44.527802 0.166865 0.795257 0.582857 0.000000 0.000000 0.000000 0.000000 1.000000
0.978898 -0.060035 -0.195330 0.000000 -0.119551 0.606969 -0.785682 44.527802 0.165728 0.792455 0.586983 0.000000 0.000000 0.000000 0.000000 1.000000
0.978539 -0.056991 -0.198023 0.000000 -0.123047 0.609242 -0.783380 44.527802 0.165290 0.790934 0.589155 -0.000000 0.000000 0.000000 0.000000 1.000000
0.978665 -0.054695 -0.198047 -0.000000 -0.123981 0.611434 -0.781522 44.527802 0.163838 0.789403 0.591608 0.000000 0.000000 0.000000 0.000000 1.000000
0.978884 -0.054754 -0.196949 -0.000000 -0.122583 0.613781 -0.779901 44.527802 0.163586 0.787575 0.594108 0.000000 0.000000 0.000000 0.000000 1.000000
0.979062 -0.057299 -0.195331 0.000000 -0.119046 0.617199 -0.777749 44.527802 0.165122 0.784718 0.597455 -0.000000 0.000000 0.000000 0.000000 1.000000
0.979220 -0.059816 -0.193778 0.000000 -0.114893 0.623752 -0.773132 44.527802 0.167115 0.779330 0.603918 0.000000 0.000000 0.000000 0.000000 1.000000
0.979058 -0.062319 -0.193810 0.000000 -0.111778 0.631113 -0.767595 44.527802 0.170151 0.773184 0.610930 0.000000 0.000000 0.000000 0.000000 1.000000
0.978453 -0.064853 -0.196022 -0.000000 -0.110626 0.636950 -0.762926 44.527802 0.174334 0.768172 0.616051 0.000000 0.000000 0.000000 0.000000 1.000000
0.977685 -0.066950 -0.199121 0.000000 -0.110936 0.640377 -0.760007 44.527802 0.178395 0.765137 0.618660 0.000000 0.000000 0.000000 0.000000 1.000000
0.976572 -0.069001 -0.203826 -0.000000 -0.113257 0.640583 -0.759491 44.527802 0.182973 0.764782 0.617761 0.000000 0.000000 0.000000 0.000000 1.000000
0.975425 -0.068654 -0.209362 0.000000 -0.117500 0.641731 -0.757876 44.527802 0.186385 0.763851 0.617894 -0.000000 0.000000 0.000000 0.000000 1.000000
0.974403 -0.065753 -0.214978 0.000000 -0.122786 0.645376 -0.753932 44.527802 0.188315 0.761030 0.620782 0.000000 0.000000 0.000000 0.000000 1.000000
0.973119 -0.060909 -0.222102 0.000000 -0.129808 0.651546 -0.747420 44.527802 0.190234 0.756160 0.626126 0.000000 0.000000 0.000000 0.000000 1.000000
0.971528 -0.054005 -0.230689 0.000000 -0.138379 0.661003 -0.737513 44.527802 0.192315 0.748437 0.634710 0.000000 0.000000 0.000000 0.000000 1.000000
0.969780 -0.046069 -0.239591 0.000000 -0.147365 0.672039 -0.725704 44.527802 0.194447 0.739081 0.644942 -0.000000 0.000000 0.000000 0.000000 1.000000
0.968142 -0.037600 -0.247562 -0.000000 -0.155689 0.683939 -0.712733 44.527802 0.196116 0.728570 0.656296 0.000000 0.000000 0.000000 0.000000 1.000000
0.966727 -0.028800 -0.254183 0.000000 -0.163166 0.695850 -0.699407 44.527802 0.197016 0.717610 0.667998 -0.000000 0.000000 0.000000 0.000000 1.000000
0.965238 -0.020389 -0.260576 0.000000 -0.170382 0.706932 -0.686452 44.527802 0.198205 0.706987 0.678884 -0.000000 0.000000 0.000000 0.000000 1.000000
0.962682 -0.013481 -0.270298 0.000000 -0.179409 0.715970 -0.674684 44.527802 0.202621 0.698001 0.686833 0.000000 0.000000 0.000000 0.000000 1.000000
0.960190 -0.007853 -0.279238 0.000000 -0.187046 0.724372 -0.663551 44.527802 0.207483 0.689365 0.694065 0.000000 0.000000 0.000000 0.000000 1.000000
0.957258 -0.004363 -0.289204 0.000000 -0.194397 0.730669 -0.654471 44.527802 0.214168 0.682718 0.698591 0.000000 0.000000 0.000000 0.000000 1.000000
0.952826 -0.003716 -0.303494 -0.000000 -0.203775 0.733228 -0.648732 44.527802 0.224941 0.679973 0.697881 -0.000000 0.000000 0.000000 0.000000 1.000000
0.946543 -0.005727 -0.322527 -0.000000 -0.216202 0.730771 -0.647480 44.527802 0.239401 0.682599 0.690468 0.000000 0.000000 0.000000 0.000000 1.000000
0.944117 -0.000552 -0.329610 -0.000000 -0.227200 0.723388 -0.651989 44.527802 0.238796 0.690441 0.682838 0.000000 0.000000 0.000000 0.000000 1.000000
0.948801 0.016511 -0.315441 0.000000 -0.233029 0.710762 -0.663713 44.527802 0.213245 0.703239 0.678219 0.000000 0.000000 0.000000 0.000000 1.000000
0.957162 0.040375 -0.286724 0.000000 -0.232914 0.695656 -0.679569 44.527802 0.172024 0.717239 0.675260 -0.000000 0.000000 0.000000 0.000000 1.000000
0.965935 0.066395 -0.250121 0.000000 -0.227326 0.679553 -0.697517 44.527802 0.123659 0.730615 0.671498 -0.000000 0.000000 0.000000 0.000000 1.000000
0.972866 0.089817 -0.213226 0.000000 -0.218075 0.663874 -0.715343 44.527802 0.077305 0.742431 0.665447 -0.000000 0.000000 0.000000 0.000000 1.000000
0.977862 0.106800 -0.179944 0.000000 -0.205547 0.651339 -0.730416 44.527802 0.039197 0.751233 0.658872 0.000000 0.000000 0.000000 0.000000 1.000000
0.980806 0.112910 -0.158967 -0.000000 -0.194148 0.640975 -0.742602 44.527802 0.018046 0.759211 0.650594 0.000000 0.000000 0.000000 0.000000 1.000000
0.981858 0.106352 -0.156983 0.000000 -0.188628 0.632231 -0.751468 44.527802 0.019330 0.767446 0.640822 0.000000 0.000000 0.000000 0.000000 1.000000
0.983186 0.099219 -0.153303 -0.000000 -0.181463 0.624755 -0.759442 44.527802 0.020426 0.774491 0.632255 0.000000 0.000000 0.000000 0.000000 1.000000
0.984377 0.093483 -0.149205 0.000000 -0.174888 0.617230 -0.767099 44.527802 0.020383 0.781209 0.623937 0.000000 0.000000 0.000000 0.000000 1.000000
0.985524 0.089375 -0.144064 0.000000 -0.168504 0.609975 -0.774297 44.527802 0.018672 0.787364 0.616206 -0.000000 0.000000 0.000000 0.000000 1.000000
0.986635 0.086510 -0.138087 0.000000 -0.162205 0.602249 -0.781656 44.527802 0.015542 0.793607 0.608232 0.000000 0.000000 0.000000 0.000000 1.000000
0.987433 0.084981 -0.133242 0.000000 -0.157540 0.596012 -0.787369 44.527802 0.012503 0.798466 0.601910 0.000000 0.000000 0.000000 0.000000 1.000000
0.987860 0.084427 -0.130403 0.000000 -0.155004 0.591490 -0.791274 44.527802 0.010327 0.801880 0.597395 0.000000 0.000000 0.000000 0.000000 1.000000
0.987886 0.084079 -0.130432 0.000000 -0.154873 0.587276 -0.794431 44.527802 0.009804 0.805008 0.593183 -0.000000 0.000000 0.000000 0.000000 1.000000</float_array>
        <technique_common>
          <accessor source="#mixamorig_LeftFoot-Matrix-animation-output-transform-array" count="69" stride="16">
            <param type="float4x4"/>
          </accessor>
        </technique_common>
      </source>
      <source id="mixamorig_LeftFoot-Interpolations">
        <Name_array id="mixamorig_LeftFoot-Interpolations-array" count="69">
 LINEAR LINEAR LINEAR LINEAR LINEAR LINEAR LINEAR LINEAR LINEAR LINEAR LINEAR
LINEAR LINEAR LINEAR LINEAR LINEAR LINEAR LINEAR LINEAR LINEAR LINEAR LINEAR LINEAR
LINEAR LINEAR LINEAR LINEAR LINEAR LINEAR LINEAR LINEAR LINEAR LINEAR LINEAR LINEAR
LINEAR LINEAR LINEAR LINEAR LINEAR LINEAR LINEAR LINEAR LINEAR LINEAR LINEAR LINEAR
LINEAR LINEAR LINEAR LINEAR LINEAR LINEAR LINEAR LINEAR LINEAR LINEAR LINEAR LINEAR
LINEAR LINEAR LINEAR LINEAR LINEAR LINEAR LINEAR LINEAR LINEAR LINEAR</Name_array>
        <technique_common>
          <accessor source="#mixamorig_LeftFoot-Interpolations-array" count="69">
            <param type="name"/>
          </accessor>
        </technique_common>
      </source>
      <sampler id="mixamorig_LeftFoot-Matrix-animation-transform">
        <input semantic="INPUT" source="#mixamorig_LeftFoot-Matrix-animation-input"/>
        <input semantic="OUTPUT" source="#mixamorig_LeftFoot-Matrix-animation-output-transform"/>
        <input semantic="INTERPOLATION" source="#mixamorig_LeftFoot-Interpolations"/>
      </sampler>
      <channel source="#mixamorig_LeftFoot-Matrix-animation-transform" target="mixamorig_LeftFoot/matrix"/>
    </animation>
    <animation id="mixamorig_LeftToeBase-anim" name="mixamorig_LeftToeBase">
      <source id="mixamorig_LeftToeBase-Matrix-animation-input">
        <float_array id="mixamorig_LeftToeBase-Matrix-animation-input-array" count="69">

0.000000 0.033333 0.066667 0.100000 0.133333 0.166667 0.200000 0.233333 0.266667 0.300000 0.333333 0.366667 0.400000 0.433333 0.466667 0.500000
0.533333 0.566667 0.600000 0.633333 0.666667 0.700000 0.733333 0.766667 0.800000 0.833333 0.866667 0.900000 0.933333 0.966667 1.000000 1.033333
1.066667 1.100000 1.133333 1.166667 1.200000 1.233333 1.266667 1.300000 1.333333 1.366667 1.400000 1.433333 1.466667 1.500000 1.533333 1.566667
1.600000 1.633333 1.666667 1.700000 1.733333 1.766667 1.800000 1.833333 1.866667 1.900000 1.933333 1.966667 2.000000 2.033333 2.066667 2.100000
2.133333 2.166667 2.200000 2.233333 2.266667</float_array>
        <technique_common>
          <accessor source="#mixamorig_LeftToeBase-Matrix-animation-input-array" count="69">
            <param name="TIME" type="float"/>
          </accessor>
        </technique_common>
      </source>
      <source id="mixamorig_LeftToeBase-Matrix-animation-output-transform">
        <float_array id="mixamorig_LeftToeBase-Matrix-animation-output-transform-array" count="1104">

0.994106 0.106400 0.020801 0.000000 -0.068169 0.762653 -0.643206 13.816900 -0.084301 0.637997 0.765411 0.000000 0.000000 0.000000 0.000000 1.000000
0.993889 0.108387 0.020886 -0.000000 -0.069728 0.763186 -0.642406 13.816900 -0.085568 0.637024 0.766080 0.000000 0.000000 0.000000 0.000000 1.000000
0.993631 0.110746 0.020801 0.000000 -0.071746 0.764126 -0.641064 13.816900 -0.086889 0.635489 0.767205 -0.000000 0.000000 0.000000 0.000000 1.000000
0.993444 0.112358 0.021079 0.000000 -0.072840 0.764247 -0.640797 13.816900 -0.088109 0.635060 0.767421 0.000000 0.000000 0.000000 0.000000 1.000000
0.993447 0.112108 0.022247 0.000000 -0.071622 0.762318 -0.643228 13.816900 -0.089070 0.637419 0.765352 0.000000 0.000000 0.000000 0.000000 1.000000
0.993727 0.108922 0.025332 0.000000 -0.066518 0.757821 -0.649063 13.816900 -0.089895 0.643307 0.760313 0.000000 0.000000 0.000000 0.000000 1.000000
0.994481 0.103079 0.019557 0.000000 -0.064939 0.751153 -0.656926 13.816900 -0.082405 0.652030 0.753702 -0.000000 0.000000 0.000000 0.000000 1.000000
0.995334 0.095609 0.013003 0.000000 -0.063220 0.748002 -0.660678 13.816900 -0.072893 0.656774 0.750556 0.000000 0.000000 0.000000 0.000000 1.000000
0.996099 0.088230 -0.001781 0.000000 -0.067117 0.744320 -0.664442 13.816900 -0.057298 0.661969 0.747338 0.000000 0.000000 0.000000 0.000000 1.000000
0.996398 0.082099 -0.021219 0.000000 -0.075190 0.739725 -0.668696 13.816900 -0.039203 0.667883 0.743233 0.000000 0.000000 0.000000 0.000000 1.000000
0.996248 0.078381 -0.036702 0.000000 -0.082643 0.735578 -0.672380 13.816900 -0.025704 0.672890 0.739296 -0.000000 0.000000 0.000000 0.000000 1.000000
0.995963 0.078418 -0.043691 0.000000 -0.087272 0.731845 -0.675860 13.816900 -0.021025 0.676944 0.735734 0.000000 0.000000 0.000000 0.000000 1.000000
0.996233 0.074364 -0.044597 0.000000 -0.084829 0.729260 -0.678958 13.816900 -0.017967 0.680184 0.732821 0.000000 0.000000 0.000000 0.000000 1.000000
0.997139 0.060785 -0.044935 -0.000000 -0.075093 0.728423 -0.681000 13.816900 -0.008662 0.682426 0.730904 -0.000000 0.000000 0.000000 0.000000 1.000000
0.998084 0.042643 -0.044830 0.000000 -0.061767 0.729021 -0.681699 13.816900 0.003612 0.683162 0.730258 0.000000 0.000000 0.000000 0.000000 1.000000
0.998702 0.024925 -0.044414 0.000000 -0.048517 0.730859 -0.680802 13.816900 0.015491 0.682073 0.731120 0.000000 0.000000 0.000000 0.000000 1.000000
0.998959 0.012625 -0.043832 0.000000 -0.039028 0.733956 -0.678075 13.816900 0.023610 0.679080 0.733685 0.000000 0.000000 0.000000 0.000000 1.000000
0.999079 0.009466 -0.041855 0.000000 -0.035221 0.738088 -0.673785 13.816900 0.024515 0.674638 0.737742 0.000000 0.000000 0.000000 0.000000 1.000000
0.999449 0.010853 -0.031364 0.000000 -0.029087 0.741524 -0.670296 13.816900 0.015982 0.670839 0.741431 0.000000 0.000000 0.000000 0.000000 1.000000
0.999778 0.015570 -0.014216 -0.000000 -0.021083 0.744968 -0.666768 13.816900 0.000208 0.666919 0.745130 0.000000 0.000000 0.000000 0.000000 1.000000
0.999538 0.030391 -0.000730 0.000000 -0.023333 0.751590 -0.659218 13.816900 -0.019486 0.658930 0.751952 0.000000 0.000000 0.000000 0.000000 1.000000
0.998531 0.053454 0.008815 -0.000000 -0.035064 0.761697 -0.646983 13.816900 -0.041298 0.645724 0.762453 0.000000 0.000000 0.000000 0.000000 1.000000
0.997373 0.071173 0.013494 0.000000 -0.046170 0.768092 -0.638672 13.816900 -0.055821 0.636371 0.769360 -0.000000 0.000000 0.000000 0.000000 1.000000
0.997191 0.073446 0.014663 0.000000 -0.047128 0.767506 -0.639307 13.816900 -0.058208 0.636821 0.768811 0.000000 0.000000 0.000000 0.000000 1.000000
0.997191 0.073446 0.014663 0.000000 -0.047128 0.767505 -0.639308 13.816900 -0.058209 0.636821 0.768811 0.000000 0.000000 0.000000 0.000000 1.000000
0.997191 0.073446 0.014673 -0.000000 -0.047122 0.767502 -0.639312 13.816900 -0.058216 0.636825 0.768807 0.000000 0.000000 0.000000 0.000000 1.000000
0.997191 0.073446 0.014688 0.000000 -0.047111 0.767497 -0.639319 13.816900 -0.058228 0.636831 0.768801 0.000000 0.000000 0.000000 0.000000 1.000000
0.997191 0.073446 0.014705 0.000000 -0.047100 0.767490 -0.639328 13.816900 -0.058242 0.636840 0.768793 0.000000 0.000000 0.000000 0.000000 1.000000
0.997190 0.073447 0.014723 0.000000 -0.047088 0.767482 -0.639338 13.816900 -0.058257 0.636849 0.768785 0.000000 0.000000 0.000000 0.000000 1.000000
0.997190 0.073447 0.014740 -0.000000 -0.047077 0.767476 -0.639347 13.816900 -0.058271 0.636856 0.768777 0.000000 0.000000 0.000000 0.000000 1.000000
0.997190 0.073447 0.014753 0.000000 -0.047068 0.767471 -0.639353 13.816900 -0.058281 0.636862 0.768772 0.000000 0.000000 0.000000 0.000000 1.000000
0.997190 0.073447 0.014762 -0.000000 -0.047063 0.767468 -0.639357 13.816900 -0.058288 0.636866 0.768768 0.000000 0.000000 0.000000 0.000000 1.000000
0.997190 0.073447 0.014771 0.000000 -0.047056 0.767464 -0.639363 13.816900 -0.058295 0.636871 0.768764 -0.000000 0.000000 0.000000 0.000000 1.000000
0.997190 0.073447 0.014781 0.000000 -0.047050 0.767460 -0.639368 13.816900 -0.058304 0.636876 0.768759 0.000000 0.000000 0.000000 0.000000 1.000000
0.997189 0.073448 0.014791 0.000000 -0.047043 0.767457 -0.639372 13.816900 -0.058312 0.636880 0.768755 -0.000000 0.000000 0.000000 0.000000 1.000000
0.997189 0.073448 0.014799 0.000000 -0.047038 0.767453 -0.639377 13.816900 -0.058318 0.636884 0.768751 0.000000 0.000000 0.000000 0.000000 1.000000
0.997189 0.073448 0.014808 0.000000 -0.047032 0.767449 -0.639382 13.816900 -0.058325 0.636888 0.768747 0.000000 0.000000 0.000000 0.000000 1.000000
0.997189 0.073448 0.014816 -0.000000 -0.047026 0.767446 -0.639386 13.816900 -0.058332 0.636892 0.768743 0.000000 0.000000 0.000000 0.000000 1.000000
0.997189 0.073448 0.014826 0.000000 -0.047020 0.767443 -0.639390 13.816900 -0.058340 0.636896 0.768739 -0.000000 0.000000 0.000000 0.000000 1.000000
0.997189 0.073448 0.014833 0.000000 -0.047015 0.767440 -0.639394 13.816900 -0.058345 0.636899 0.768736 -0.000000 0.000000 0.000000 0.000000 1.000000
0.997189 0.073448 0.014839 -0.000000 -0.047011 0.767438 -0.639398 13.816900 -0.058351 0.636903 0.768733 -0.000000 0.000000 0.000000 0.000000 1.000000
0.997189 0.073448 0.014845 0.000000 -0.047007 0.767436 -0.639401 13.816900 -0.058355 0.636905 0.768730 0.000000 0.000000 0.000000 0.000000 1.000000
0.997188 0.073448 0.014849 0.000000 -0.047004 0.767434 -0.639403 13.816900 -0.058359 0.636907 0.768728 0.000000 0.000000 0.000000 0.000000 1.000000
0.997188 0.073448 0.014852 0.000000 -0.047003 0.767432 -0.639405 13.816900 -0.058361 0.636909 0.768727 0.000000 0.000000 0.000000 0.000000 1.000000
0.997188 0.073448 0.014854 0.000000 -0.047001 0.767432 -0.639406 13.816900 -0.058363 0.636910 0.768726 0.000000 0.000000 0.000000 0.000000 1.000000
0.997188 0.073449 0.014855 0.000000 -0.047001 0.767431 -0.639406 13.816900 -0.058363 0.636910 0.768726 0.000000 0.000000 0.000000 0.000000 1.000000
0.997188 0.073448 0.014851 -0.000000 -0.047006 0.767461 -0.639370 13.816900 -0.058358 0.636875 0.768756 0.000000 0.000000 0.000000 0.000000 1.000000
0.997189 0.073447 0.014835 -0.000000 -0.047017 0.767485 -0.639341 13.816900 -0.058344 0.636846 0.768780 0.000000 0.000000 0.000000 0.000000 1.000000
0.997189 0.073447 0.014803 0.000000 -0.047039 0.767505 -0.639314 13.816900 -0.058317 0.636821 0.768803 -0.000000 0.000000 0.000000 0.000000 1.000000
0.997190 0.073445 0.014743 0.000000 -0.047079 0.767540 -0.639270 13.816900 -0.058268 0.636780 0.768841 0.000000 0.000000 0.000000 0.000000 1.000000
0.996926 0.077003 0.014430 0.000000 -0.050024 0.767419 -0.639191 13.816900 -0.060293 0.636505 0.768912 0.000000 0.000000 0.000000 0.000000 1.000000
0.996138 0.086753 0.013557 0.000000 -0.058107 0.767056 -0.638944 13.816900 -0.065830 0.635688 0.769134 0.000000 0.000000 0.000000 0.000000 1.000000
0.994779 0.101303 0.012328 0.000000 -0.070135 0.766418 -0.638501 13.816900 -0.074130 0.634303 0.769522 0.000000 0.000000 0.000000 0.000000 1.000000
0.992805 0.119255 0.010814 0.000000 -0.084992 0.765413 -0.637902 13.816900 -0.084350 0.632393 0.770042 0.000000 0.000000 0.000000 0.000000 1.000000
0.991005 0.133441 0.010091 0.000000 -0.096416 0.764257 -0.637664 13.816900 -0.092802 0.630955 0.770249 0.000000 0.000000 0.000000 0.000000 1.000000
0.990234 0.138994 0.010809 0.000000 -0.100183 0.763357 -0.638161 13.816900 -0.096951 0.630846 0.769827 0.000000 0.000000 0.000000 0.000000 1.000000
0.990361 0.137945 0.012496 0.000000 -0.098183 0.762794 -0.639144 13.816900 -0.097698 0.631757 0.768985 -0.000000 0.000000 0.000000 0.000000 1.000000
0.991100 0.132303 0.014713 0.000000 -0.092283 0.762519 -0.640351 13.816900 -0.095939 0.633294 0.767942 0.000000 0.000000 0.000000 0.000000 1.000000
0.992126 0.124073 0.017060 0.000000 -0.084317 0.762440 -0.641541 13.816900 -0.092605 0.635052 0.766899 0.000000 0.000000 0.000000 0.000000 1.000000
0.993150 0.115272 0.019139 0.000000 -0.076116 0.762479 -0.642521 13.816900 -0.088658 0.636662 0.766029 -0.000000 0.000000 0.000000 0.000000 1.000000
0.993947 0.107924 0.020562 0.000000 -0.069499 0.762595 -0.643132 13.816900 -0.085090 0.637810 0.765479 0.000000 0.000000 0.000000 0.000000 1.000000
0.994106 0.106401 0.020792 0.000000 -0.068174 0.762639 -0.643222 13.816900 -0.084296 0.638013 0.765398 0.000000 0.000000 0.000000 0.000000 1.000000
0.994106 0.106401 0.020792 0.000000 -0.068173 0.762639 -0.643222 13.816900 -0.084297 0.638013 0.765397 0.000000 0.000000 0.000000 0.000000 1.000000
0.994106 0.106402 0.020791 0.000000 -0.068174 0.762639 -0.643221 13.816900 -0.084296 0.638013 0.765398 0.000000 0.000000 0.000000 0.000000 1.000000
0.994106 0.106401 0.020793 0.000000 -0.068173 0.762640 -0.643221 13.816900 -0.084297 0.638012 0.765398 0.000000 0.000000 0.000000 0.000000 1.000000
0.994106 0.106401 0.020792 0.000000 -0.068174 0.762639 -0.643221 13.816900 -0.084296 0.638012 0.765398 -0.000000 0.000000 0.000000 0.000000 1.000000
0.994106 0.106401 0.020804 0.000000 -0.068167 0.762643 -0.643218 13.816900 -0.084305 0.638009 0.765400 0.000000 0.000000 0.000000 0.000000 1.000000
0.994105 0.106401 0.020832 0.000000 -0.068149 0.762653 -0.643208 13.816900 -0.084325 0.637996 0.765408 -0.000000 0.000000 0.000000 0.000000 1.000000
0.994105 0.106401 0.020828 0.000000 -0.068152 0.762651 -0.643209 13.816900 -0.084323 0.637998 0.765407 0.000000 0.000000 0.000000 0.000000 1.000000</float_array>
        <technique_common>
          <accessor source="#mixamorig_LeftToeBase-Matrix-animation-output-transform-array" count="69" stride="16">
            <param type="float4x4"/>
          </accessor>
        </technique_common>
      </source>
      <source id="mixamorig_LeftToeBase-Interpolations">
        <Name_array id="mixamorig_LeftToeBase-Interpolations-array" count="69">
 LINEAR LINEAR LINEAR LINEAR LINEAR LINEAR LINEAR LINEAR LINEAR LINEAR LINEAR
LINEAR LINEAR LINEAR LINEAR LINEAR LINEAR LINEAR LINEAR LINEAR LINEAR LINEAR LINEAR
LINEAR LINEAR LINEAR LINEAR LINEAR LINEAR LINEAR LINEAR LINEAR LINEAR LINEAR LINEAR
LINEAR LINEAR LINEAR LINEAR LINEAR LINEAR LINEAR LINEAR LINEAR LINEAR LINEAR LINEAR
LINEAR LINEAR LINEAR LINEAR LINEAR LINEAR LINEAR LINEAR LINEAR LINEAR LINEAR LINEAR
LINEAR LINEAR LINEAR LINEAR LINEAR LINEAR LINEAR LINEAR LINEAR LINEAR</Name_array>
        <technique_common>
          <accessor source="#mixamorig_LeftToeBase-Interpolations-array" count="69">
            <param type="name"/>
          </accessor>
        </technique_common>
      </source>
      <sampler id="mixamorig_LeftToeBase-Matrix-animation-transform">
        <input semantic="INPUT" source="#mixamorig_LeftToeBase-Matrix-animation-input"/>
        <input semantic="OUTPUT" source="#mixamorig_LeftToeBase-Matrix-animation-output-transform"/>
        <input semantic="INTERPOLATION" source="#mixamorig_LeftToeBase-Interpolations"/>
      </sampler>
      <channel source="#mixamorig_LeftToeBase-Matrix-animation-transform" target="mixamorig_LeftToeBase/matrix"/>
    </animation>
  </library_animations>
  <library_visual_scenes>
    <visual_scene id="RootNode" name="RootNode">
      <node id="mixamorig_Hips" name="mixamorig_Hips" sid="mixamorig_Hips" type="JOINT">
        <matrix sid="matrix">0.636738 -0.137818 -0.758664 -1.315329 0.041849 0.988624 -0.144469 88.255630 0.769944 0.060240 0.635262 1.160996 0.000000 0.000000 0.000000 1.000000</matrix>
        <node id="mixamorig_Spine" name="mixamorig_Spine" sid="mixamorig_Spine" type="JOINT">
          <matrix sid="matrix">0.998093 0.029378 0.054294 -0.000000 -0.027726 0.999137 -0.030934 10.182400 -0.055156 0.029370 0.998046 0.000000 0.000000 0.000000 0.000000 1.000000</matrix>
          <node id="mixamorig_Spine1" name="mixamorig_Spine1" sid="mixamorig_Spine1" type="JOINT">
            <matrix sid="matrix">0.992503 0.059289 0.106880 0.000000 -0.048004 0.993288 -0.105234 10.002700 -0.112402 0.099314 0.988687 -0.000000 0.000000 0.000000 0.000000 1.000000</matrix>
            <node id="mixamorig_Spine2" name="mixamorig_Spine2" sid="mixamorig_Spine2" type="JOINT">
              <matrix sid="matrix">0.992503 0.039035 0.115823 0.000000 -0.047960 0.996007 0.075301 9.322100 -0.112421 -0.080292 0.990411 0.000000 0.000000 0.000000 0.000000 1.000000</matrix>
              <node id="mixamorig_Neck" name="mixamorig_Neck" sid="mixamorig_Neck" type="JOINT">
                <matrix sid="matrix">0.986666 -0.015227 0.162045 0.000000 0.021711 0.999030 -0.038316 16.865299 -0.161305 0.041323 0.986039 0.000000 0.000000 0.000000 0.000000 1.000000</matrix>
                <node id="mixamorig_Head" name="mixamorig_Head" sid="mixamorig_Head" type="JOINT">
                  <matrix sid="matrix">0.917660 0.008294 0.397281 0.000000 -0.041986 0.996209 0.076185 9.341900 -0.395143 -0.086592 0.914529 2.841000 0.000000 0.000000 0.000000 1.000000</matrix>
                  <node id="mixamorig_HeadTop_End" name="mixamorig_HeadTop_End" sid="mixamorig_HeadTop_End" type="JOINT">
                    <matrix sid="matrix">1.000000 -0.000000 0.000000 0.000000 -0.000000 1.000000 0.000000 20.962799 -0.000000 -0.000000 1.000000 10.122900 0.000000 0.000000 0.000000 1.000000</matrix>
                  </node>
                </node>
              </node>
              <node id="mixamorig_RightShoulder" name="mixamorig_RightShoulder" sid="mixamorig_RightShoulder" type="JOINT">
                <matrix sid="matrix">0.216918 -0.973772 0.068665 -4.570000 -0.047894 -0.080872 -0.995573 11.195800 0.975014 0.212669 -0.064181 -0.806600 0.000000 0.000000 0.000000 1.000000</matrix>
                <node id="mixamorig_RightArm" name="mixamorig_RightArm" sid="mixamorig_RightArm" type="JOINT">
                  <matrix sid="matrix">0.916700 -0.293854 0.270760 0.000000 0.393968 0.551562 -0.735234 10.838200 0.066710 0.780659 0.621386 0.000000 0.000000 0.000000 0.000000 1.000000</matrix>
                  <node id="mixamorig_RightForeArm" name="mixamorig_RightForeArm" sid="mixamorig_RightForeArm" type="JOINT">
                    <matrix sid="matrix">0.661911 0.741067 0.112664 -0.000000 -0.705053 0.666550 -0.242099 27.841499 -0.254508 0.080814 0.963688 0.000000 0.000000 0.000000 0.000000 1.000000</matrix>
                    <node id="mixamorig_RightHand" name="mixamorig_RightHand" sid="mixamorig_RightHand" type="JOINT">
                      <matrix sid="matrix">0.813014 0.577494 -0.074224 0.000000 -0.582243 0.806107 -0.105761 28.328800 -0.001244 0.129201 0.991618 0.000000 0.000000 0.000000 0.000000 1.000000</matrix>
                      <node id="mixamorig_RightHandThumb1" name="mixamorig_RightHandThumb1" sid="mixamorig_RightHandThumb1" type="JOINT">
                        <matrix sid="matrix">0.405912 0.401707 -0.820894 2.681900 -0.709735 0.704441 -0.006227 2.464800 0.575770 0.585145 0.571047 1.574000 0.000000 0.000000 0.000000 1.000000</matrix>
                        <node id="mixamorig_RightHandThumb2" name="mixamorig_RightHandThumb2" sid="mixamorig_RightHandThumb2" type="JOINT">
                          <matrix sid="matrix">0.963040 -0.194771 0.186060 0.000000 0.203894 0.978501 -0.031036 4.189000 -0.176015 0.067825 0.982048 0.000000 0.000000 0.000000 0.000000 1.000000</matrix>
                          <node id="mixamorig_RightHandThumb3" name="mixamorig_RightHandThumb3" sid="mixamorig_RightHandThumb3" type="JOINT">
                            <matrix sid="matrix">0.811080 -0.584370 0.025712 -0.000000 0.584830 0.809319 -0.054562 3.416300 0.011075 0.059291 0.998179 0.000000 0.000000 0.000000 0.000000 1.000000</matrix>
                            <node id="mixamorig_RightHandThumb4" name="mixamorig_RightHandThumb4" sid="mixamorig_RightHandThumb4" type="JOINT">
                              <matrix sid="matrix">0.967631 0.095337 -0.233668 -0.000000 -0.098051 0.995181 0.000001 2.575000 0.232542 0.022911 0.972316 -0.000000 0.000000 0.000000 0.000000 1.000000</matrix>
                            </node>
                          </node>
                        </node>
                      </node>
                      <node id="mixamorig_RightHandIndex1" name="mixamorig_RightHandIndex1" sid="mixamorig_RightHandIndex1" type="JOINT">
                        <matrix sid="matrix">0.986395 0.045833 -0.157875 2.259800 -0.131994 0.793267 -0.594395 9.108300 0.097994 0.607146 0.788524 0.517900 0.000000 0.000000 0.000000 1.000000</matrix>
                        <node id="mixamorig_RightHandIndex2" name="mixamorig_RightHandIndex2" sid="mixamorig_RightHandIndex2" type="JOINT">
                          <matrix sid="matrix">0.997606 0.006898 -0.068814 0.000000 -0.066695 0.359191 -0.930878 3.700000 0.018296 0.933239 0.358791 0.000000 0.000000 0.000000 0.000000 1.000000</matrix>
                          <node id="mixamorig_RightHandIndex3" name="mixamorig_RightHandIndex3" sid="mixamorig_RightHandIndex3" type="JOINT">
                            <matrix sid="matrix">0.998568 0.016904 -0.050757 0.000000 -0.052785 0.465791 -0.883319 2.850000 0.008710 0.884733 0.466016 0.000000 0.000000 0.000000 0.000000 1.000000</matrix>
                            <node id="mixamorig_RightHandIndex4" name="mixamorig_RightHandIndex4" sid="mixamorig_RightHandIndex4" type="JOINT">
                              <matrix sid="matrix">0.999998 -0.000175 0.002005 0.000000 0.000175 1.000000 0.000000 2.772200 -0.002005 0.000000 0.999998 0.000000 0.000000 0.000000 0.000000 1.000000</matrix>
                            </node>
                          </node>
                        </node>
                      </node>
                      <node id="mixamorig_RightHandMiddle1" name="mixamorig_RightHandMiddle1" sid="mixamorig_RightHandMiddle1" type="JOINT">
                        <matrix sid="matrix">0.999456 0.024820 -0.021720 0.000000 -0.032908 0.706714 -0.706733 9.532500 -0.002191 0.707064 0.707147 -0.000000 0.000000 0.000000 0.000000 1.000000</matrix>
                        <node id="mixamorig_RightHandMiddle2" name="mixamorig_RightHandMiddle2" sid="mixamorig_RightHandMiddle2" type="JOINT">
                          <matrix sid="matrix">0.998229 0.039525 -0.044465 -0.000000 -0.055898 0.367263 -0.928436 3.700000 -0.020366 0.929277 0.368822 -0.000000 0.000000 0.000000 0.000000 1.000000</matrix>
                          <node id="mixamorig_RightHandMiddle3" name="mixamorig_RightHandMiddle3" sid="mixamorig_RightHandMiddle3" type="JOINT">
                            <matrix sid="matrix">0.999366 0.034585 -0.008489 0.000000 -0.031645 0.753099 -0.657146 2.950000 -0.016334 0.656998 0.753716 0.000000 0.000000 0.000000 0.000000 1.000000</matrix>
                            <node id="mixamorig_RightHandMiddle4" name="mixamorig_RightHandMiddle4" sid="mixamorig_RightHandMiddle4" type="JOINT">
                              <matrix sid="matrix">0.999998 -0.000333 0.001857 -0.000000 0.000333 1.000000 0.000001 2.946600 -0.001857 -0.000000 0.999998 0.000000 0.000000 0.000000 0.000000 1.000000</matrix>
                            </node>
                          </node>
                        </node>
                      </node>
                      <node id="mixamorig_RightHandRing1" name="mixamorig_RightHandRing1" sid="mixamorig_RightHandRing1" type="JOINT">
                        <matrix sid="matrix">0.995481 0.089983 0.030335 -1.865100 -0.021228 0.522249 -0.852529 9.103600 -0.092556 0.848032 0.521800 0.043100 0.000000 0.000000 0.000000 1.000000</matrix>
                        <node id="mixamorig_RightHandRing2" name="mixamorig_RightHandRing2" sid="mixamorig_RightHandRing2" type="JOINT">
                          <matrix sid="matrix">0.999492 0.029129 -0.012925 -0.000000 -0.029096 0.668701 -0.742962 3.379300 -0.012999 0.742961 0.669209 0.000000 0.000000 0.000000 0.000000 1.000000</matrix>
                          <node id="mixamorig_RightHandRing3" name="mixamorig_RightHandRing3" sid="mixamorig_RightHandRing3" type="JOINT">
                            <matrix sid="matrix">0.999383 0.030503 -0.017427 0.000000 -0.032115 0.592178 -0.805167 2.889700 -0.014240 0.805230 0.592792 0.000000 0.000000 0.000000 0.000000 1.000000</matrix>
                            <node id="mixamorig_RightHandRing4" name="mixamorig_RightHandRing4" sid="mixamorig_RightHandRing4" type="JOINT">
                              <matrix sid="matrix">0.999999 0.001599 0.000291 -0.000000 -0.001599 0.999999 -0.000000 2.638800 -0.000291 0.000000 1.000000 0.000000 0.000000 0.000000 0.000000 1.000000</matrix>
                            </node>
                          </node>
                        </node>
                      </node>
                      <node id="mixamorig_RightHandPinky1" name="mixamorig_RightHandPinky1" sid="mixamorig_RightHandPinky1" type="JOINT">
                        <matrix sid="matrix">0.977611 -0.010421 0.210163 -3.806300 0.162924 0.669554 -0.724674 8.076700 -0.133164 0.742690 0.656261 0.486700 0.000000 0.000000 0.000000 1.000000</matrix>
                        <node id="mixamorig_RightHandPinky2" name="mixamorig_RightHandPinky2" sid="mixamorig_RightHandPinky2" type="JOINT">
                          <matrix sid="matrix">0.999596 0.025377 -0.012795 0.000000 -0.026898 0.699403 -0.714221 3.600000 -0.009176 0.714277 0.699803 0.000000 0.000000 0.000000 0.000000 1.000000</matrix>
                          <node id="mixamorig_RightHandPinky3" name="mixamorig_RightHandPinky3" sid="mixamorig_RightHandPinky3" type="JOINT">
                            <matrix sid="matrix">0.999862 0.016453 0.002117 0.000000 -0.014020 0.906317 -0.422365 2.100000 -0.008868 0.422277 0.906423 0.000000 0.000000 0.000000 0.000000 1.000000</matrix>
                            <node id="mixamorig_RightHandPinky4" name="mixamorig_RightHandPinky4" sid="mixamorig_RightHandPinky4" type="JOINT">
                              <matrix sid="matrix">0.999995 0.000082 0.003138 -0.000000 -0.000082 1.000000 -0.000000 2.115800 -0.003138 0.000000 0.999995 0.000000 0.000000 0.000000 0.000000 1.000000</matrix>
                            </node>
                          </node>
                        </node>
                      </node>
                    </node>
                  </node>
                </node>
              </node>
              <node id="mixamorig_LeftShoulder" name="mixamorig_LeftShoulder" sid="mixamorig_LeftShoulder" type="JOINT">
                <matrix sid="matrix">0.076325 0.992494 -0.095555 4.570400 0.109030 -0.103568 -0.988628 11.195600 -0.991104 0.065039 -0.116116 -0.806600 0.000000 0.000000 0.000000 1.000000</matrix>
                <node id="mixamorig_LeftArm" name="mixamorig_LeftArm" sid="mixamorig_LeftArm" type="JOINT">
                  <matrix sid="matrix">0.966999 -0.254438 -0.013220 0.000000 0.173879 0.696977 -0.695693 10.837700 0.186224 0.670436 0.718217 -0.000000 0.000000 0.000000 0.000000 1.000000</matrix>
                  <node id="mixamorig_LeftForeArm" name="mixamorig_LeftForeArm" sid="mixamorig_LeftForeArm" type="JOINT">
                    <matrix sid="matrix">0.829687 -0.491813 -0.264084 0.000000 0.435014 0.866096 -0.246252 27.841499 0.349832 0.089432 0.932534 -0.000000 0.000000 0.000000 0.000000 1.000000</matrix>
                    <node id="mixamorig_LeftHand" name="mixamorig_LeftHand" sid="mixamorig_LeftHand" type="JOINT">
                      <matrix sid="matrix">0.998095 -0.048665 0.037922 0.000000 0.043829 0.991886 0.119336 28.328800 -0.043422 -0.117447 0.992129 0.000000 0.000000 0.000000 0.000000 1.000000</matrix>
                      <node id="mixamorig_LeftHandThumb1" name="mixamorig_LeftHandThumb1" sid="mixamorig_LeftHandThumb1" type="JOINT">
                        <matrix sid="matrix">0.811024 -0.470858 0.347179 -2.681700 0.569681 0.770633 -0.285637 2.466100 -0.133053 0.429440 0.893240 1.576200 0.000000 0.000000 0.000000 1.000000</matrix>
                        <node id="mixamorig_LeftHandThumb2" name="mixamorig_LeftHandThumb2" sid="mixamorig_LeftHandThumb2" type="JOINT">
                          <matrix sid="matrix">0.972866 0.143187 -0.181737 -0.000000 -0.156559 0.985757 -0.061426 4.187100 0.170353 0.088212 0.981427 0.000000 0.000000 0.000000 0.000000 1.000000</matrix>
                          <node id="mixamorig_LeftHandThumb3" name="mixamorig_LeftHandThumb3" sid="mixamorig_LeftHandThumb3" type="JOINT">
                            <matrix sid="matrix">0.984186 0.176995 0.007060 0.000000 -0.176904 0.984156 -0.011934 3.418400 -0.009061 0.010496 0.999904 -0.000000 0.000000 0.000000 0.000000 1.000000</matrix>
                            <node id="mixamorig_LeftHandThumb4" name="mixamorig_LeftHandThumb4" sid="mixamorig_LeftHandThumb4" type="JOINT">
                              <matrix sid="matrix">0.966428 -0.081336 0.243724 -0.000000 0.083865 0.996477 0.000001 2.580600 -0.242865 0.020439 0.969845 0.000000 0.000000 0.000000 0.000000 1.000000</matrix>
                            </node>
                          </node>
                        </node>
                      </node>
                      <node id="mixamorig_LeftHandIndex1" name="mixamorig_LeftHandIndex1" sid="mixamorig_LeftHandIndex1" type="JOINT">
                        <matrix sid="matrix">0.994700 -0.100618 -0.021177 -2.259900 0.100569 0.994924 -0.003340 9.109300 0.021406 0.001193 0.999770 0.518000 0.000000 0.000000 0.000000 1.000000</matrix>
                        <node id="mixamorig_LeftHandIndex2" name="mixamorig_LeftHandIndex2" sid="mixamorig_LeftHandIndex2" type="JOINT">
                          <matrix sid="matrix">0.999991 -0.003251 0.002607 -0.000000 0.003449 0.996770 -0.080235 3.700000 -0.002338 0.080244 0.996773 0.000000 0.000000 0.000000 0.000000 1.000000</matrix>
                          <node id="mixamorig_LeftHandIndex3" name="mixamorig_LeftHandIndex3" sid="mixamorig_LeftHandIndex3" type="JOINT">
                            <matrix sid="matrix">0.999969 -0.007626 0.001995 0.000000 0.007822 0.991259 -0.131702 2.850000 -0.000973 0.131713 0.991287 0.000000 0.000000 0.000000 0.000000 1.000000</matrix>
                            <node id="mixamorig_LeftHandIndex4" name="mixamorig_LeftHandIndex4" sid="mixamorig_LeftHandIndex4" type="JOINT">
                              <matrix sid="matrix">1.000000 0.000026 -0.000756 0.000000 -0.000026 1.000000 0.000000 2.774900 0.000756 -0.000000 1.000000 0.000000 0.000000 0.000000 0.000000 1.000000</matrix>
                            </node>
                          </node>
                        </node>
                      </node>
                      <node id="mixamorig_LeftHandMiddle1" name="mixamorig_LeftHandMiddle1" sid="mixamorig_LeftHandMiddle1" type="JOINT">
                        <matrix sid="matrix">0.996150 0.083632 0.026270 0.000000 -0.081301 0.993483 -0.079888 9.533400 -0.032780 0.077445 0.996458 0.000000 0.000000 0.000000 0.000000 1.000000</matrix>
                        <node id="mixamorig_LeftHandMiddle2" name="mixamorig_LeftHandMiddle2" sid="mixamorig_LeftHandMiddle2" type="JOINT">
                          <matrix sid="matrix">0.999810 -0.015303 0.012066 0.000000 0.017624 0.974272 -0.224685 3.700000 -0.008318 0.224855 0.974357 0.000000 0.000000 0.000000 0.000000 1.000000</matrix>
                          <node id="mixamorig_LeftHandMiddle3" name="mixamorig_LeftHandMiddle3" sid="mixamorig_LeftHandMiddle3" type="JOINT">
                            <matrix sid="matrix">0.999664 -0.019400 0.017210 0.000000 0.023501 0.958287 -0.284840 2.950000 -0.010966 0.285149 0.958420 0.000000 0.000000 0.000000 0.000000 1.000000</matrix>
                            <node id="mixamorig_LeftHandMiddle4" name="mixamorig_LeftHandMiddle4" sid="mixamorig_LeftHandMiddle4" type="JOINT">
                              <matrix sid="matrix">0.999998 -0.000056 -0.002049 0.000000 0.000056 1.000000 -0.000000 2.952900 0.002049 -0.000000 0.999998 0.000000 0.000000 0.000000 0.000000 1.000000</matrix>
                            </node>
                          </node>
                        </node>
                      </node>
                      <node id="mixamorig_LeftHandRing1" name="mixamorig_LeftHandRing1" sid="mixamorig_LeftHandRing1" type="JOINT">
                        <matrix sid="matrix">0.989036 0.146625 0.017566 1.865100 -0.138118 0.960562 -0.241338 9.104500 -0.052259 0.236266 0.970282 0.043000 0.000000 0.000000 0.000000 1.000000</matrix>
                        <node id="mixamorig_LeftHandRing2" name="mixamorig_LeftHandRing2" sid="mixamorig_LeftHandRing2" type="JOINT">
                          <matrix sid="matrix">0.999875 -0.013351 -0.008492 0.000000 0.009882 0.946063 -0.323831 3.150000 0.012357 0.323707 0.946077 0.000000 0.000000 0.000000 0.000000 1.000000</matrix>
                          <node id="mixamorig_LeftHandRing3" name="mixamorig_LeftHandRing3" sid="mixamorig_LeftHandRing3" type="JOINT">
                            <matrix sid="matrix">0.999844 -0.016164 -0.007129 0.000000 0.012305 0.926731 -0.375523 2.950000 0.012677 0.375377 0.926785 0.000000 0.000000 0.000000 0.000000 1.000000</matrix>
                            <node id="mixamorig_LeftHandRing4" name="mixamorig_LeftHandRing4" sid="mixamorig_LeftHandRing4" type="JOINT">
                              <matrix sid="matrix">1.000000 -0.000031 0.000986 -0.000000 0.000031 1.000000 0.000000 2.644300 -0.000986 0.000000 1.000000 0.000000 0.000000 0.000000 0.000000 1.000000</matrix>
                            </node>
                          </node>
                        </node>
                      </node>
                      <node id="mixamorig_LeftHandPinky1" name="mixamorig_LeftHandPinky1" sid="mixamorig_LeftHandPinky1" type="JOINT">
                        <matrix sid="matrix">0.993338 0.114858 -0.009370 3.806300 -0.109838 0.919041 -0.378549 8.077800 -0.034868 0.377056 0.925534 0.486900 0.000000 0.000000 0.000000 1.000000</matrix>
                        <node id="mixamorig_LeftHandPinky2" name="mixamorig_LeftHandPinky2" sid="mixamorig_LeftHandPinky2" type="JOINT">
                          <matrix sid="matrix">0.999892 -0.007623 -0.012568 0.000000 0.003679 0.957583 -0.288135 3.600000 0.014231 0.288058 0.957507 -0.000000 0.000000 0.000000 0.000000 1.000000</matrix>
                          <node id="mixamorig_LeftHandPinky3" name="mixamorig_LeftHandPinky3" sid="mixamorig_LeftHandPinky3" type="JOINT">
                            <matrix sid="matrix">0.999241 -0.021891 -0.032227 0.000000 -0.000331 0.822404 -0.568904 2.100000 0.038958 0.568482 0.821772 0.000000 0.000000 0.000000 0.000000 1.000000</matrix>
                            <node id="mixamorig_LeftHandPinky4" name="mixamorig_LeftHandPinky4" sid="mixamorig_LeftHandPinky4" type="JOINT">
                              <matrix sid="matrix">0.999999 0.000590 -0.001567 0.000000 -0.000590 1.000000 -0.000001 2.125500 0.001567 0.000002 0.999999 -0.000000 0.000000 0.000000 0.000000 1.000000</matrix>
                            </node>
                          </node>
                        </node>
                      </node>
                    </node>
                  </node>
                </node>
              </node>
            </node>
          </node>
        </node>
        <node id="mixamorig_RightUpLeg" name="mixamorig_RightUpLeg" sid="mixamorig_RightUpLeg" type="JOINT">
          <matrix sid="matrix">-0.920238 -0.390760 -0.021667 -8.207800 0.309640 -0.760824 0.570324 -6.771800 -0.239344 0.518125 0.821134 -1.512200 0.000000 0.000000 0.000000 1.000000</matrix>
          <node id="mixamorig_RightLeg" name="mixamorig_RightLeg" sid="mixamorig_RightLeg" type="JOINT">
            <matrix sid="matrix">0.992683 0.118974 -0.020626 -0.000000 -0.047470 0.541581 0.839307 44.371498 0.111027 -0.832187 0.543266 0.000000 0.000000 0.000000 0.000000 1.000000</matrix>
            <node id="mixamorig_RightFoot" name="mixamorig_RightFoot" sid="mixamorig_RightFoot" type="JOINT">
              <matrix sid="matrix">0.920407 -0.214048 0.327160 0.000000 0.353720 0.099475 -0.930047 44.527802 0.166530 0.971745 0.167270 -0.000000 0.000000 0.000000 0.000000 1.000000</matrix>
              <node id="mixamorig_RightToeBase" name="mixamorig_RightToeBase" sid="mixamorig_RightToeBase" type="JOINT">
                <matrix sid="matrix">0.998327 -0.051816 0.025639 0.000000 0.056489 0.779969 -0.623264 13.816900 0.012297 0.623670 0.781591 0.000000 0.000000 0.000000 0.000000 1.000000</matrix>
                <node id="mixamorig_RightToe_End" name="mixamorig_RightToe_End" sid="mixamorig_RightToe_End" type="JOINT">
                  <matrix sid="matrix">0.999731 0.000000 0.023214 0.000000 0.000000 1.000000 0.000000 9.278100 -0.023214 0.000000 0.999731 0.000000 0.000000 0.000000 0.000000 1.000000</matrix>
                </node>
              </node>
            </node>
          </node>
        </node>
        <node id="mixamorig_LeftUpLeg" name="mixamorig_LeftUpLeg" sid="mixamorig_LeftUpLeg" type="JOINT">
          <matrix sid="matrix">-0.656801 0.572434 0.490848 8.207800 0.049724 -0.616643 0.785671 -6.771800 0.752423 0.540436 0.376548 -1.512200 0.000000 0.000000 0.000000 1.000000</matrix>
          <node id="mixamorig_LeftLeg" name="mixamorig_LeftLeg" sid="mixamorig_LeftLeg" type="JOINT">
            <matrix sid="matrix">0.939563 -0.075139 0.334028 0.000000 -0.201026 0.668671 0.715868 44.371399 -0.277145 -0.739752 0.613154 0.000000 0.000000 0.000000 0.000000 1.000000</matrix>
            <node id="mixamorig_LeftFoot" name="mixamorig_LeftFoot" sid="mixamorig_LeftFoot" type="JOINT">
              <matrix sid="matrix">0.987886 0.084080 -0.130431 0.000000 -0.154873 0.587278 -0.794430 44.527802 0.009804 0.805007 0.593185 -0.000000 0.000000 0.000000 0.000000 1.000000</matrix>
              <node id="mixamorig_LeftToeBase" name="mixamorig_LeftToeBase" sid="mixamorig_LeftToeBase" type="JOINT">
                <matrix sid="matrix">0.994106 0.106400 0.020801 0.000000 -0.068169 0.762653 -0.643206 13.816900 -0.084301 0.637997 0.765411 0.000000 0.000000 0.000000 0.000000 1.000000</matrix>
                <node id="mixamorig_LeftToe_End" name="mixamorig_LeftToe_End" sid="mixamorig_LeftToe_End" type="JOINT">
                  <matrix sid="matrix">0.999718 -0.000000 -0.023736 0.000000 -0.000000 1.000000 0.000000 9.278100 0.023736 -0.000000 0.999718 0.000000 0.000000 0.000000 0.000000 1.000000</matrix>
                </node>
              </node>
            </node>
          </node>
        </node>
      </node>
    </visual_scene>
  </library_visual_scenes>
  <scene>
    <instance_visual_scene url="#RootNode"/>
  </scene>
</COLLADA>
