<?xml version="1.0" encoding="utf-8"?>
<COLLADA xmlns="http://www.collada.org/2005/11/COLLADASchema" version="1.4.1">
  <asset>
    <contributor>
      <author>Mixamo</author>
      <authoring_tool>COLLADA Mixamo exporter</authoring_tool>
      <comments/>
    </contributor>
    <created>2026-01-08T23:45:46Z</created>
    <modified>2026-01-08T23:45:46Z</modified>
    <revision/>
    <title/>
    <unit meter="0.010000"/>
    <up_axis>Y_UP</up_axis>
  </asset>
  <library_animations>
    <animation id="mixamorig_Hips-anim" name="mixamorig_Hips">
      <source id="mixamorig_Hips-Matrix-animation-input">
        <float_array id="mixamorig_Hips-Matrix-animation-input-array" count="96">

0.000000 0.033333 0.066667 0.100000 0.133333 0.166667 0.200000 0.233333 0.266667 0.300000 0.333333 0.366667 0.400000 0.433333 0.466667 0.500000
0.533333 0.566667 0.600000 0.633333 0.666667 0.700000 0.733333 0.766667 0.800000 0.833333 0.866667 0.900000 0.933333 0.966667 1.000000 1.033333
1.066667 1.100000 1.133333 1.166667 1.200000 1.233333 1.266667 1.300000 1.333333 1.366667 1.400000 1.433333 1.466667 1.500000 1.533333 1.566667
1.600000 1.633333 1.666667 1.700000 1.733333 1.766667 1.800000 1.833333 1.866667 1.900000 1.933333 1.966667 2.000000 2.033333 2.066667 2.100000
2.133333 2.166667 2.200000 2.233333 2.266667 2.300000 2.333333 2.366667 2.400000 2.433333 2.466667 2.500000 2.533333 2.566667 2.600000 2.633333
2.666667 2.700000 2.733333 2.766667 2.800000 2.833333 2.866667 2.900000 2.933333 2.966667 3.000000 3.033333 3.066667 3.100000 3.133333 3.166667</float_array>
        <technique_common>
          <accessor source="#mixamorig_Hips-Matrix-animation-input-array" count="96">
            <param name="TIME" type="float"/>
          </accessor>
        </technique_common>
      </source>
      <source id="mixamorig_Hips-Matrix-animation-output-transform">
        <float_array id="mixamorig_Hips-Matrix-animation-output-transform-array" count="1536">

0.467622 -0.095141 -0.878793 0.002487 0.030185 0.995329 -0.091696 94.128876 0.883413 0.016353 0.468310 0.000356 0.000000 0.000000 0.000000 1.000000
0.506913 -0.099815 -0.856199 -0.366878 0.034800 0.994833 -0.095373 93.795891 0.861295 0.018550 0.507767 0.439344 0.000000 0.000000 0.000000 1.000000
0.541868 -0.103338 -0.834086 -0.797351 0.039985 0.994458 -0.097231 93.596893 0.839512 0.019335 0.542997 1.246129 0.000000 0.000000 0.000000 1.000000
0.577470 -0.107390 -0.809318 -1.335746 0.045148 0.993995 -0.099681 94.085960 0.815162 0.021024 0.578851 2.323935 0.000000 0.000000 0.000000 1.000000
0.618133 -0.113350 -0.777859 -1.987811 0.049848 0.993210 -0.105119 95.313148 0.784492 0.026203 0.619585 3.022107 0.000000 0.000000 0.000000 1.000000
0.667516 -0.121938 -0.734543 -2.067858 0.053637 0.991811 -0.115904 96.739815 0.742661 0.037969 0.668590 2.592275 0.000000 0.000000 0.000000 1.000000
0.714147 -0.149777 -0.683784 -1.259068 0.049866 0.985244 -0.163729 98.203423 0.698217 0.082829 0.711078 0.763472 0.000000 0.000000 0.000000 1.000000
0.759585 -0.182949 -0.624148 -0.217846 0.045401 0.972198 -0.229716 99.616928 0.648822 0.146152 0.746773 -2.083158 0.000000 0.000000 0.000000 1.000000
0.797810 -0.209686 -0.565271 0.275976 0.044892 0.955630 -0.291129 100.925797 0.601235 0.206889 0.771824 -5.112789 0.000000 0.000000 0.000000 1.000000
0.828449 -0.216267 -0.516625 -0.163714 0.058941 0.950982 -0.303579 102.184799 0.556955 0.221049 0.800587 -7.476285 0.000000 0.000000 0.000000 1.000000
0.852028 -0.201668 -0.483092 -1.095954 0.070540 0.958632 -0.275771 102.994041 0.518722 0.200887 0.831007 -8.575407 0.000000 0.000000 0.000000 1.000000
0.869923 -0.175544 -0.460889 -1.853665 0.067479 0.968087 -0.241360 103.388603 0.488550 0.178865 0.854006 -8.843248 0.000000 0.000000 0.000000 1.000000
0.882816 -0.146101 -0.446419 -2.617811 0.046345 0.972852 -0.226739 103.643463 0.467426 0.179479 0.865621 -8.820185 0.000000 0.000000 0.000000 1.000000
0.892967 -0.116470 -0.434793 -3.373996 0.014709 0.972979 -0.230426 104.106476 0.449882 0.199368 0.870551 -8.601657 0.000000 0.000000 0.000000 1.000000
0.902156 -0.085998 -0.422751 -3.807588 -0.019034 0.971041 -0.238153 104.749992 0.430989 0.222898 0.874394 -8.294186 0.000000 0.000000 0.000000 1.000000
0.911347 -0.056593 -0.407731 -3.893002 -0.049210 0.968423 -0.244409 105.571350 0.408688 0.242806 0.879784 -7.944385 0.000000 0.000000 0.000000 1.000000
0.917058 -0.031101 -0.397539 -3.832917 -0.077964 0.963727 -0.255247 106.572159 0.391058 0.265070 0.881369 -7.475120 0.000000 0.000000 0.000000 1.000000
0.915509 -0.010779 -0.402152 -3.597505 -0.106615 0.957397 -0.268372 107.452469 0.387912 0.288572 0.875357 -6.960880 0.000000 0.000000 0.000000 1.000000
0.908204 0.004250 -0.418507 -3.329257 -0.135874 0.948780 -0.285226 108.017319 0.395859 0.315908 0.862263 -6.304168 0.000000 0.000000 0.000000 1.000000
0.901995 0.016599 -0.431427 -3.181672 -0.156845 0.943589 -0.291614 108.196960 0.402250 0.330702 0.853716 -5.426171 0.000000 0.000000 0.000000 1.000000
0.901729 0.027559 -0.431423 -3.269921 -0.164001 0.945172 -0.282405 108.032478 0.399986 0.325407 0.856809 -4.435857 0.000000 0.000000 0.000000 1.000000
0.906756 0.037316 -0.420001 -3.463202 -0.159850 0.952146 -0.260512 107.664879 0.390181 0.303358 0.869329 -3.261751 0.000000 0.000000 0.000000 1.000000
0.915125 0.046108 -0.400526 -3.635583 -0.151324 0.960089 -0.235222 107.132599 0.373695 0.275867 0.885579 -1.819728 0.000000 0.000000 0.000000 1.000000
0.924232 0.054160 -0.377972 -3.792524 -0.139888 0.969093 -0.203198 106.354698 0.355285 0.240676 0.903243 -0.150310 0.000000 0.000000 0.000000 1.000000
0.932996 0.060519 -0.354762 -3.969092 -0.126366 0.978083 -0.165482 105.466995 0.336972 0.199224 0.920196 1.813728 0.000000 0.000000 0.000000 1.000000
0.941306 0.065758 -0.331087 -4.185138 -0.111396 0.986407 -0.120795 104.610275 0.318644 0.150587 0.935836 4.035100 0.000000 0.000000 0.000000 1.000000
0.949856 0.067572 -0.305299 -4.454015 -0.095918 0.992265 -0.078803 103.631912 0.297613 0.104136 0.948990 6.529114 0.000000 0.000000 0.000000 1.000000
0.956953 0.067421 -0.282304 -4.740173 -0.082004 0.995823 -0.040147 102.485878 0.278418 0.061569 0.958484 9.176081 0.000000 0.000000 0.000000 1.000000
0.962820 0.063200 -0.262646 -5.065289 -0.067168 0.997723 -0.006148 101.124748 0.261659 0.023561 0.964873 11.863902 0.000000 0.000000 0.000000 1.000000
0.968188 0.057198 -0.243598 -5.329466 -0.052593 0.998294 0.025373 99.486298 0.244634 -0.011755 0.969544 14.617517 0.000000 0.000000 0.000000 1.000000
0.973214 0.050073 -0.224381 -5.701345 -0.037388 0.997472 0.060432 97.504669 0.226840 -0.050424 0.972626 17.425865 0.000000 0.000000 0.000000 1.000000
0.978907 0.042262 -0.199889 -6.195831 -0.023369 0.995112 0.095950 94.961189 0.202967 -0.089255 0.975109 20.188984 0.000000 0.000000 0.000000 1.000000
0.984966 0.034351 -0.169297 -6.729846 -0.013315 0.992211 0.123859 91.729164 0.172233 -0.119743 0.977751 22.968269 0.000000 0.000000 0.000000 1.000000
0.990003 0.027295 -0.138380 -7.284537 -0.006822 0.989214 0.146318 87.966530 0.140881 -0.143911 0.979511 25.931234 0.000000 0.000000 0.000000 1.000000
0.993297 0.021645 -0.113548 -7.827235 -0.002766 0.986482 0.163848 83.943977 0.115559 -0.162435 0.979929 29.271095 0.000000 0.000000 0.000000 1.000000
0.995442 0.017366 -0.093773 -8.289555 -0.000354 0.983947 0.178462 79.416565 0.095367 -0.177615 0.979468 32.939613 0.000000 0.000000 0.000000 1.000000
0.997179 0.016463 -0.073238 -8.699346 -0.002733 0.982970 0.183745 74.187073 0.075015 -0.183027 0.980242 36.865623 0.000000 0.000000 0.000000 1.000000
0.998638 0.017032 -0.049319 -9.140362 -0.007771 0.983228 0.182212 68.101990 0.051595 -0.181581 0.982022 40.946365 0.000000 0.000000 0.000000 1.000000
0.999474 0.019832 -0.025675 -9.611754 -0.014922 0.983738 0.178987 60.949200 0.028807 -0.178509 0.983516 45.086205 0.000000 0.000000 0.000000 1.000000
0.999508 0.021474 -0.022856 -10.133165 -0.018558 0.992489 0.120922 53.851719 0.025281 -0.120438 0.992399 49.302830 0.000000 0.000000 0.000000 1.000000
0.999406 0.022302 -0.026285 -10.653734 -0.020081 0.996435 0.081941 49.371311 0.028018 -0.081365 0.996291 52.451336 0.000000 0.000000 0.000000 1.000000
0.999331 0.022062 -0.029175 -11.102653 -0.021552 0.999611 0.017682 50.254768 0.029553 -0.017041 0.999418 53.509315 0.000000 0.000000 0.000000 1.000000
0.999762 0.021818 -0.000171 -11.329680 -0.021809 0.999033 -0.038169 52.377342 -0.000662 0.038163 0.999271 57.649540 0.000000 0.000000 0.000000 1.000000
0.998868 0.022421 0.041942 -11.312568 -0.017835 0.994132 -0.106690 54.473541 -0.044088 0.105821 0.993407 63.639736 0.000000 0.000000 0.000000 1.000000
0.997095 0.022745 0.072696 -11.267398 -0.010268 0.985803 -0.167593 55.335423 -0.075476 0.166359 0.983172 68.295631 0.000000 0.000000 0.000000 1.000000
0.995604 0.027628 0.089491 -11.343120 -0.006854 0.974430 -0.224585 55.129135 -0.093408 0.222984 0.970337 70.615746 0.000000 0.000000 0.000000 1.000000
0.993818 0.042720 0.102471 -11.519698 -0.011397 0.957384 -0.288594 54.481037 -0.110433 0.285642 0.951952 72.078003 0.000000 0.000000 0.000000 1.000000
0.992157 0.064991 0.106771 -11.846477 -0.022546 0.933239 -0.358548 53.690590 -0.122945 0.353329 0.927385 73.286194 0.000000 0.000000 0.000000 1.000000
0.991293 0.086681 0.099117 -12.220785 -0.038581 0.910921 -0.410774 53.191883 -0.125894 0.403373 0.906334 74.704552 0.000000 0.000000 0.000000 1.000000
0.991291 0.100515 0.085085 -12.587827 -0.052401 0.893804 -0.445385 54.073887 -0.120817 0.437048 0.891287 76.594948 0.000000 0.000000 0.000000 1.000000
0.990752 0.111546 0.077256 -12.798731 -0.062969 0.882322 -0.466415 54.518524 -0.120191 0.457237 0.881186 78.775566 0.000000 0.000000 0.000000 1.000000
0.989304 0.122704 0.078872 -12.954953 -0.068797 0.869303 -0.489468 54.253044 -0.128624 0.478807 0.868447 81.270042 0.000000 0.000000 0.000000 1.000000
0.987414 0.135344 0.081829 -13.063984 -0.074006 0.852638 -0.517235 53.553322 -0.139775 0.504669 0.851922 84.024734 0.000000 0.000000 0.000000 1.000000
0.985951 0.146337 0.080533 -13.173770 -0.079523 0.835231 -0.544119 52.781067 -0.146888 0.530071 0.835134 86.939217 0.000000 0.000000 0.000000 1.000000
0.984441 0.156487 0.079923 -13.203981 -0.083107 0.815409 -0.572888 51.869698 -0.154820 0.557333 0.815727 89.955368 0.000000 0.000000 0.000000 1.000000
0.982872 0.162922 0.086133 -13.180021 -0.078612 0.793377 -0.603633 50.670853 -0.166681 0.586523 0.792596 93.004250 0.000000 0.000000 0.000000 1.000000
0.981239 0.166061 0.097952 -13.048546 -0.065419 0.764692 -0.641066 49.194328 -0.181359 0.622631 0.761209 96.044044 0.000000 0.000000 0.000000 1.000000
0.979083 0.168579 0.113921 -12.828107 -0.046462 0.730367 -0.681472 47.301182 -0.198086 0.661925 0.722923 99.592384 0.000000 0.000000 0.000000 1.000000
0.976351 0.171411 0.131747 -12.548693 -0.023332 0.689384 -0.724021 44.832180 -0.214929 0.703824 0.677080 103.658363 0.000000 0.000000 0.000000 1.000000
0.973615 0.169719 0.152542 -12.182016 0.006979 0.646011 -0.763296 41.764534 -0.228090 0.744221 0.627781 107.360519 0.000000 0.000000 0.000000 1.000000
0.969694 0.165080 0.180117 -11.751451 0.046458 0.599174 -0.799270 38.057785 -0.239865 0.783415 0.573346 110.736328 0.000000 0.000000 0.000000 1.000000
0.964039 0.160612 0.211736 -11.353762 0.093455 0.540956 -0.835843 33.605209 -0.248786 0.825573 0.506493 114.236176 0.000000 0.000000 0.000000 1.000000
0.956154 0.156111 0.247788 -11.052639 0.148594 0.470490 -0.869804 28.556908 -0.252368 0.868486 0.426664 117.574348 0.000000 0.000000 0.000000 1.000000
0.943322 0.153676 0.294157 -10.930000 0.216531 0.386715 -0.896418 22.954216 -0.251513 0.909305 0.331521 120.457092 0.000000 0.000000 0.000000 1.000000
0.924622 0.147987 0.350961 -11.084158 0.303956 0.268588 -0.914041 17.501339 -0.229530 0.951820 0.203360 122.611313 0.000000 0.000000 0.000000 1.000000
0.905986 0.131538 0.402352 -11.726723 0.386900 0.128335 -0.913148 15.341964 -0.171749 0.982969 0.065377 123.853844 0.000000 0.000000 0.000000 1.000000
0.892871 0.136336 0.429178 -12.660768 0.433120 0.000827 -0.901336 15.450976 -0.123240 0.990662 -0.058312 124.753342 0.000000 0.000000 0.000000 1.000000
0.897623 0.143490 0.416753 -13.587170 0.428167 -0.059434 -0.901743 16.532009 -0.104622 0.987866 -0.114787 125.594727 0.000000 0.000000 0.000000 1.000000
0.911290 0.158538 0.380021 -14.232821 0.396278 -0.086938 -0.914005 17.980839 -0.111866 0.983518 -0.142050 126.391098 0.000000 0.000000 0.000000 1.000000
0.922376 0.162117 0.350628 -14.847196 0.371549 -0.123947 -0.920103 19.171755 -0.105705 0.978956 -0.174560 127.100868 0.000000 0.000000 0.000000 1.000000
0.926921 0.164892 0.337086 -15.375626 0.363070 -0.167020 -0.916670 19.777210 -0.094852 0.972067 -0.214682 127.709190 0.000000 0.000000 0.000000 1.000000
0.933411 0.165275 0.318477 -15.858637 0.347675 -0.197216 -0.916640 19.621677 -0.088689 0.966328 -0.241546 128.273804 0.000000 0.000000 0.000000 1.000000
0.944321 0.158439 0.288367 -16.342785 0.317430 -0.208073 -0.925172 19.037483 -0.086582 0.965196 -0.246781 128.836823 0.000000 0.000000 0.000000 1.000000
0.955387 0.152374 0.253018 -16.770771 0.283080 -0.227972 -0.931608 18.082150 -0.084272 0.961671 -0.260936 129.313965 0.000000 0.000000 0.000000 1.000000
0.962945 0.153072 0.222048 -17.090939 0.253897 -0.236865 -0.937780 17.068367 -0.090952 0.959408 -0.266952 129.757019 0.000000 0.000000 0.000000 1.000000
0.967742 0.155462 0.198260 -17.341022 0.231350 -0.236738 -0.943627 16.163425 -0.099762 0.959055 -0.265067 130.176682 0.000000 0.000000 0.000000 1.000000
0.970669 0.157740 0.181436 -17.534447 0.210954 -0.196817 -0.957477 15.722019 -0.115323 0.967668 -0.224320 130.668747 0.000000 0.000000 0.000000 1.000000
0.973182 0.158440 0.166775 -17.658480 0.191607 -0.157121 -0.968814 15.561895 -0.127295 0.974787 -0.183265 131.090210 0.000000 0.000000 0.000000 1.000000
0.974731 0.160062 0.155822 -17.773750 0.176275 -0.122664 -0.976668 15.379815 -0.137214 0.979456 -0.147779 131.406052 0.000000 0.000000 0.000000 1.000000
0.975864 0.162323 0.146087 -17.879276 0.162366 -0.091945 -0.982438 15.223099 -0.146041 0.982444 -0.116082 131.669006 0.000000 0.000000 0.000000 1.000000
0.976636 0.165186 0.137460 -17.968498 0.149835 -0.064895 -0.986579 15.075696 -0.154049 0.984125 -0.088130 131.889679 0.000000 0.000000 0.000000 1.000000
0.977185 0.168100 0.129816 -18.040800 0.138573 -0.041401 -0.989487 14.918310 -0.160958 0.984900 -0.063751 132.068192 0.000000 0.000000 0.000000 1.000000
0.977644 0.170814 0.122617 -18.098679 0.128077 -0.021278 -0.991536 14.734337 -0.166759 0.985074 -0.042680 132.210861 0.000000 0.000000 0.000000 1.000000
0.978053 0.173336 0.115618 -18.150824 0.118147 -0.004305 -0.992987 14.506212 -0.171622 0.984853 -0.024690 132.322739 0.000000 0.000000 0.000000 1.000000
0.978510 0.175465 0.108309 -18.196552 0.108289 0.009718 -0.994072 14.222197 -0.175477 0.984438 -0.009491 132.407944 0.000000 0.000000 0.000000 1.000000
0.979035 0.177166 0.100511 -18.255074 0.098342 0.021008 -0.994931 13.861827 -0.178380 0.983957 0.003144 132.463425 0.000000 0.000000 0.000000 1.000000
0.979668 0.178254 0.092066 -18.314367 0.088130 0.029891 -0.995660 13.418890 -0.180233 0.983530 0.013573 132.493347 0.000000 0.000000 0.000000 1.000000
0.980690 0.177737 0.081583 -18.396070 0.077056 0.032233 -0.996506 12.830875 -0.179746 0.983550 0.017915 132.494751 0.000000 0.000000 0.000000 1.000000
0.982078 0.175129 0.069665 -18.465103 0.064677 0.034035 -0.997326 12.102312 -0.177032 0.983957 0.022098 132.481232 0.000000 0.000000 0.000000 1.000000
0.983368 0.171795 0.058939 -18.535530 0.053086 0.038469 -0.997849 11.254792 -0.173692 0.984381 0.028709 132.456619 0.000000 0.000000 0.000000 1.000000
0.983822 0.171338 0.052329 -18.577579 0.044403 0.049777 -0.997773 10.537334 -0.173561 0.983954 0.041363 132.435150 0.000000 0.000000 0.000000 1.000000
0.984378 0.168722 0.050329 -18.616232 0.041351 0.056314 -0.997556 11.228828 -0.171143 0.984054 0.048457 132.409195 0.000000 0.000000 0.000000 1.000000
0.985093 0.164610 0.049944 -18.648104 0.041272 0.055686 -0.997595 11.311512 -0.166996 0.984785 0.048062 132.373596 0.000000 0.000000 0.000000 1.000000
0.986077 0.159659 0.046488 -18.684385 0.039062 0.049345 -0.998018 11.112906 -0.161637 0.985938 0.042421 132.355118 0.000000 0.000000 0.000000 1.000000
0.987128 0.154324 0.041982 -18.726238 0.036035 0.041140 -0.998503 10.820233 -0.155821 0.987163 0.035049 132.339600 0.000000 0.000000 0.000000 1.000000
0.988117 0.149009 0.037697 -18.767990 0.033083 0.033323 -0.998897 10.545415 -0.150101 0.988274 0.027998 132.329742 0.000000 0.000000 0.000000 1.000000</float_array>
        <technique_common>
          <accessor source="#mixamorig_Hips-Matrix-animation-output-transform-array" count="96" stride="16">
            <param type="float4x4"/>
          </accessor>
        </technique_common>
      </source>
      <source id="mixamorig_Hips-Interpolations">
        <Name_array id="mixamorig_Hips-Interpolations-array" count="96">
 LINEAR LINEAR LINEAR LINEAR LINEAR LINEAR LINEAR LINEAR LINEAR LINEAR LINEAR
LINEAR LINEAR LINEAR LINEAR LINEAR LINEAR LINEAR LINEAR LINEAR LINEAR LINEAR LINEAR
LINEAR LINEAR LINEAR LINEAR LINEAR LINEAR LINEAR LINEAR LINEAR LINEAR LINEAR LINEAR
LINEAR LINEAR LINEAR LINEAR LINEAR LINEAR LINEAR LINEAR LINEAR LINEAR LINEAR LINEAR
LINEAR LINEAR LINEAR LINEAR LINEAR LINEAR LINEAR LINEAR LINEAR LINEAR LINEAR LINEAR
LINEAR LINEAR LINEAR LINEAR LINEAR LINEAR LINEAR LINEAR LINEAR LINEAR LINEAR LINEAR
LINEAR LINEAR LINEAR LINEAR LINEAR LINEAR LINEAR LINEAR LINEAR LINEAR LINEAR LINEAR
LINEAR LINEAR LINEAR LINEAR LINEAR LINEAR LINEAR LINEAR LINEAR LINEAR LINEAR LINEAR
LINEAR</Name_array>
        <technique_common>
          <accessor source="#mixamorig_Hips-Interpolations-array" count="96">
            <param type="name"/>
          </accessor>
        </technique_common>
      </source>
      <sampler id="mixamorig_Hips-Matrix-animation-transform">
        <input semantic="INPUT" source="#mixamorig_Hips-Matrix-animation-input"/>
        <input semantic="OUTPUT" source="#mixamorig_Hips-Matrix-animation-output-transform"/>
        <input semantic="INTERPOLATION" source="#mixamorig_Hips-Interpolations"/>
      </sampler>
      <channel source="#mixamorig_Hips-Matrix-animation-transform" target="mixamorig_Hips/matrix"/>
    </animation>
    <animation id="mixamorig_Spine-anim" name="mixamorig_Spine">
      <source id="mixamorig_Spine-Matrix-animation-input">
        <float_array id="mixamorig_Spine-Matrix-animation-input-array" count="96">

0.000000 0.033333 0.066667 0.100000 0.133333 0.166667 0.200000 0.233333 0.266667 0.300000 0.333333 0.366667 0.400000 0.433333 0.466667 0.500000
0.533333 0.566667 0.600000 0.633333 0.666667 0.700000 0.733333 0.766667 0.800000 0.833333 0.866667 0.900000 0.933333 0.966667 1.000000 1.033333
1.066667 1.100000 1.133333 1.166667 1.200000 1.233333 1.266667 1.300000 1.333333 1.366667 1.400000 1.433333 1.466667 1.500000 1.533333 1.566667
1.600000 1.633333 1.666667 1.700000 1.733333 1.766667 1.800000 1.833333 1.866667 1.900000 1.933333 1.966667 2.000000 2.033333 2.066667 2.100000
2.133333 2.166667 2.200000 2.233333 2.266667 2.300000 2.333333 2.366667 2.400000 2.433333 2.466667 2.500000 2.533333 2.566667 2.600000 2.633333
2.666667 2.700000 2.733333 2.766667 2.800000 2.833333 2.866667 2.900000 2.933333 2.966667 3.000000 3.033333 3.066667 3.100000 3.133333 3.166667</float_array>
        <technique_common>
          <accessor source="#mixamorig_Spine-Matrix-animation-input-array" count="96">
            <param name="TIME" type="float"/>
          </accessor>
        </technique_common>
      </source>
      <source id="mixamorig_Spine-Matrix-animation-output-transform">
        <float_array id="mixamorig_Spine-Matrix-animation-output-transform-array" count="1536">

0.997187 0.074735 0.005694 -0.000000 -0.073757 0.991972 -0.102715 10.182400 -0.013325 0.102006 0.994695 0.000000 0.000000 0.000000 0.000000 1.000000
0.997153 0.075150 0.006127 0.000000 -0.073965 0.990726 -0.113977 10.182400 -0.014636 0.113200 0.993464 -0.000000 0.000000 0.000000 0.000000 1.000000
0.997072 0.076152 0.006949 0.000000 -0.074428 0.987308 -0.140298 10.182400 -0.017544 0.139370 0.990085 -0.000000 0.000000 0.000000 0.000000 1.000000
0.996966 0.077490 0.007377 -0.000000 -0.074995 0.981590 -0.175664 10.182400 -0.020854 0.174577 0.984423 -0.000000 0.000000 0.000000 0.000000 1.000000
0.996813 0.079393 0.007804 0.000000 -0.075660 0.971871 -0.223031 10.182400 -0.025292 0.221729 0.974780 0.000000 0.000000 0.000000 0.000000 1.000000
0.996648 0.081317 0.008986 -0.000000 -0.075658 0.957889 -0.276992 10.182400 -0.031132 0.275384 0.960830 0.000000 0.000000 0.000000 0.000000 1.000000
0.996463 0.083220 0.011620 0.000000 -0.074576 0.939611 -0.334020 10.182400 -0.038715 0.331972 0.942495 0.000000 0.000000 0.000000 0.000000 1.000000
0.996174 0.085883 0.016144 0.000000 -0.072781 0.917640 -0.390692 10.182400 -0.048368 0.388023 0.920380 0.000000 0.000000 0.000000 0.000000 1.000000
0.995707 0.089701 0.022822 -0.000000 -0.070303 0.893320 -0.443889 10.182400 -0.060204 0.440379 0.895791 0.000000 0.000000 0.000000 0.000000 1.000000
0.995032 0.094168 0.032312 -0.000000 -0.066259 0.868619 -0.491031 10.182400 -0.074306 0.486450 0.870543 0.000000 0.000000 0.000000 0.000000 1.000000
0.994096 0.098808 0.044845 -0.000000 -0.061183 0.851741 -0.520378 10.182400 -0.089614 0.514562 0.852757 -0.000000 0.000000 0.000000 0.000000 1.000000
0.992891 0.103660 0.058492 0.000000 -0.057120 0.846129 -0.529909 10.182400 -0.104422 0.522801 0.846035 0.000000 0.000000 0.000000 0.000000 1.000000
0.991794 0.108709 0.067276 -0.000000 -0.058323 0.853031 -0.518591 10.182400 -0.113764 0.510412 0.852372 0.000000 0.000000 0.000000 0.000000 1.000000
0.991269 0.114288 0.065754 -0.000000 -0.066166 0.862517 -0.501683 10.182400 -0.114050 0.492952 0.862549 0.000000 0.000000 0.000000 0.000000 1.000000
0.991337 0.120736 0.051713 0.000000 -0.081205 0.872855 -0.481176 10.182400 -0.103233 0.472808 0.875097 0.000000 0.000000 0.000000 0.000000 1.000000
0.991297 0.127862 0.031334 -0.000000 -0.099399 0.883028 -0.458674 10.182400 -0.086315 0.451568 0.888052 0.000000 0.000000 0.000000 0.000000 1.000000
0.990540 0.136065 0.017825 0.000000 -0.114683 0.892129 -0.436983 10.182400 -0.075360 0.430805 0.899293 -0.000000 0.000000 0.000000 0.000000 1.000000
0.989216 0.145797 0.013972 0.000000 -0.126612 0.899186 -0.418848 10.182400 -0.073630 0.412562 0.907949 0.000000 0.000000 0.000000 0.000000 1.000000
0.987456 0.157289 0.013793 -0.000000 -0.138197 0.903230 -0.406298 10.182400 -0.076364 0.399295 0.913637 0.000000 0.000000 0.000000 0.000000 1.000000
0.985491 0.169454 0.009625 -0.000000 -0.151349 0.903030 -0.402032 10.182400 -0.076817 0.394742 0.915575 0.000000 0.000000 0.000000 0.000000 1.000000
0.983526 0.180764 -0.000417 -0.000000 -0.165388 0.898929 -0.405676 10.182400 -0.072957 0.399062 0.914017 0.000000 0.000000 0.000000 0.000000 1.000000
0.981934 0.189077 -0.007402 0.000000 -0.174879 0.891865 -0.417125 10.182400 -0.072267 0.410884 0.908819 0.000000 0.000000 0.000000 0.000000 1.000000
0.981743 0.190137 -0.005286 0.000000 -0.173734 0.885039 -0.431882 10.182400 -0.077438 0.424916 0.901914 0.000000 0.000000 0.000000 0.000000 1.000000
0.983286 0.181964 0.006165 -0.000000 -0.160180 0.880676 -0.445817 10.182400 -0.086552 0.437378 0.895103 0.000000 0.000000 0.000000 0.000000 1.000000
0.986160 0.164439 0.021192 0.000000 -0.137064 0.880476 -0.453845 10.182400 -0.093289 0.444658 0.890829 0.000000 0.000000 0.000000 0.000000 1.000000
0.988982 0.144581 0.031805 -0.000000 -0.114813 0.884732 -0.451739 10.182400 -0.093451 0.443110 0.891583 -0.000000 0.000000 0.000000 0.000000 1.000000
0.991132 0.127625 0.037002 0.000000 -0.098334 0.891731 -0.441755 10.182400 -0.089375 0.434199 0.896373 0.000000 0.000000 0.000000 0.000000 1.000000
0.992634 0.114733 0.038905 0.000000 -0.087497 0.901044 -0.424811 10.182400 -0.083795 0.418278 0.904446 0.000000 0.000000 0.000000 0.000000 1.000000
0.993601 0.105456 0.040448 0.000000 -0.080048 0.910131 -0.406515 10.182400 -0.079682 0.400676 0.912748 -0.000000 0.000000 0.000000 0.000000 1.000000
0.993979 0.101109 0.042224 -0.000000 -0.076430 0.915914 -0.394030 10.182400 -0.078514 0.388431 0.918127 0.000000 0.000000 0.000000 0.000000 1.000000
0.994138 0.099563 0.042161 -0.000000 -0.075364 0.917694 -0.390074 10.182400 -0.077527 0.384609 0.919818 0.000000 0.000000 0.000000 0.000000 1.000000
0.994303 0.098986 0.039543 -0.000000 -0.075654 0.916684 -0.392385 10.182400 -0.075089 0.387158 0.918951 -0.000000 0.000000 0.000000 0.000000 1.000000
0.994700 0.097314 0.033184 0.000000 -0.076539 0.916354 -0.392984 10.182400 -0.068651 0.388362 0.918946 0.000000 0.000000 0.000000 0.000000 1.000000
0.995256 0.093580 0.026625 0.000000 -0.076092 0.919194 -0.386384 10.182400 -0.060632 0.382525 0.921954 0.000000 0.000000 0.000000 0.000000 1.000000
0.995859 0.087913 0.023160 0.000000 -0.073076 0.925618 -0.371336 10.182400 -0.054082 0.368106 0.928210 0.000000 0.000000 0.000000 0.000000 1.000000
0.996503 0.080205 0.023447 0.000000 -0.067344 0.936954 -0.342902 10.182400 -0.049471 0.340123 0.939079 0.000000 0.000000 0.000000 0.000000 1.000000
0.997422 0.067253 0.025035 -0.000000 -0.056542 0.951333 -0.302934 10.182400 -0.044190 0.300737 0.952683 0.000000 0.000000 0.000000 0.000000 1.000000
0.998433 0.048858 0.027266 0.000000 -0.040483 0.967209 -0.250736 10.182400 -0.038622 0.249239 0.967672 0.000000 0.000000 0.000000 0.000000 1.000000
0.999095 0.029345 0.030798 0.000000 -0.023006 0.981695 -0.189063 10.182400 -0.035783 0.188183 0.981482 0.000000 0.000000 0.000000 0.000000 1.000000
0.999015 0.018050 0.040548 0.000000 -0.012933 0.992310 -0.123096 10.182400 -0.042458 0.122450 0.991566 0.000000 0.000000 0.000000 0.000000 1.000000
0.998202 0.021815 0.055833 0.000000 -0.017915 0.997427 -0.069417 10.182400 -0.057204 0.068292 0.996024 -0.000000 0.000000 0.000000 0.000000 1.000000
0.997141 0.028583 0.069949 -0.000000 -0.024911 0.998294 -0.052814 10.182400 -0.071339 0.050920 0.996152 0.000000 0.000000 0.000000 0.000000 1.000000
0.996305 0.033661 0.079018 0.000000 -0.030061 0.998475 -0.046311 10.182400 -0.080457 0.043764 0.995797 0.000000 0.000000 0.000000 0.000000 1.000000
0.995640 0.018931 0.091339 0.000000 -0.017121 0.999642 -0.020550 10.182400 -0.091696 0.018896 0.995608 0.000000 0.000000 0.000000 0.000000 1.000000
0.994882 0.000887 0.101040 0.000000 -0.003596 0.999639 0.026633 10.182400 -0.100980 -0.026860 0.994526 0.000000 0.000000 0.000000 0.000000 1.000000
0.994379 -0.015098 0.104798 0.000000 0.008082 0.997717 0.067054 10.182400 -0.105571 -0.065830 0.992230 -0.000000 0.000000 0.000000 0.000000 1.000000
0.995293 -0.025279 0.093552 -0.000000 0.017079 0.996024 0.087431 10.182400 -0.095390 -0.085421 0.991768 0.000000 0.000000 0.000000 0.000000 1.000000
0.996351 -0.036198 0.077300 -0.000000 0.028788 0.995070 0.094909 10.182400 -0.080354 -0.092337 0.992480 0.000000 0.000000 0.000000 0.000000 1.000000
0.996522 -0.046447 0.069181 0.000000 0.039563 0.994425 0.097743 10.182400 -0.073335 -0.094666 0.992804 0.000000 0.000000 0.000000 0.000000 1.000000
0.996191 -0.052189 0.069851 0.000000 0.045390 0.994384 0.095608 10.182400 -0.074449 -0.092073 0.992965 0.000000 0.000000 0.000000 0.000000 1.000000
0.996148 -0.053873 0.069186 -0.000000 0.047114 0.994278 0.095868 10.182400 -0.073955 -0.092239 0.992987 0.000000 0.000000 0.000000 0.000000 1.000000
0.996587 -0.055108 0.061459 0.000000 0.048822 0.993842 0.099469 10.182400 -0.066562 -0.096129 0.993141 0.000000 0.000000 0.000000 0.000000 1.000000
0.997058 -0.056721 0.051549 0.000000 0.050775 0.992620 0.110123 10.182400 -0.057415 -0.107182 0.992580 -0.000000 0.000000 0.000000 0.000000 1.000000
0.997294 -0.058427 0.044613 -0.000000 0.052399 0.990640 0.126045 10.182400 -0.051560 -0.123366 0.991021 0.000000 0.000000 0.000000 0.000000 1.000000
0.997389 -0.059081 0.041517 0.000000 0.052696 0.988617 0.140928 10.182400 -0.049371 -0.138372 0.989149 0.000000 0.000000 0.000000 0.000000 1.000000
0.997734 -0.055709 0.037731 0.000000 0.049288 0.986875 0.153782 10.182400 -0.045803 -0.151574 0.987384 0.000000 0.000000 0.000000 0.000000 1.000000
0.998207 -0.048535 0.035042 0.000000 0.042158 0.985542 0.164103 10.182400 -0.042500 -0.162331 0.985821 -0.000000 0.000000 0.000000 0.000000 1.000000
0.998637 -0.038038 0.035734 0.000000 0.031218 0.984059 0.175078 10.182400 -0.041824 -0.173724 0.983906 -0.000000 0.000000 0.000000 0.000000 1.000000
0.998812 -0.027124 0.040487 0.000000 0.019214 0.982674 0.184342 10.182400 -0.044785 -0.183345 0.982028 -0.000000 0.000000 0.000000 0.000000 1.000000
0.998660 -0.015159 0.049491 0.000000 0.005407 0.981478 0.191500 10.182400 -0.051477 -0.190975 0.980244 -0.000000 0.000000 0.000000 0.000000 1.000000
0.998007 -0.001554 0.063079 0.000000 -0.010776 0.980812 0.194656 10.182400 -0.062171 -0.194948 0.978841 -0.000000 0.000000 0.000000 0.000000 1.000000
0.996786 0.013360 0.078990 0.000000 -0.028510 0.980604 0.193917 10.182400 -0.074867 -0.195546 0.977833 0.000000 0.000000 0.000000 0.000000 1.000000
0.994489 0.029074 0.100730 0.000000 -0.048113 0.980198 0.192085 10.182400 -0.093150 -0.195872 0.976195 0.000000 0.000000 0.000000 0.000000 1.000000
0.990357 0.045237 0.130948 0.000000 -0.070095 0.978897 0.191958 10.182400 -0.119501 -0.199286 0.972628 0.000000 0.000000 0.000000 0.000000 1.000000
0.983922 0.061402 0.167710 0.000000 -0.092653 0.978284 0.185410 10.182400 -0.152683 -0.197968 0.968244 0.000000 0.000000 0.000000 0.000000 1.000000
0.977454 0.077942 0.196236 0.000000 -0.109659 0.981597 0.156338 10.182400 -0.180439 -0.174332 0.968013 0.000000 0.000000 0.000000 0.000000 1.000000
0.973381 0.095388 0.208398 0.000000 -0.118560 0.987728 0.101668 10.182400 -0.196143 -0.123669 0.972745 0.000000 0.000000 0.000000 0.000000 1.000000
0.972115 0.112618 0.205695 -0.000000 -0.126260 0.990504 0.054405 10.182400 -0.197615 -0.078859 0.977103 0.000000 0.000000 0.000000 0.000000 1.000000
0.972036 0.128851 0.196326 -0.000000 -0.136788 0.990222 0.027362 10.182400 -0.190881 -0.053452 0.980157 0.000000 0.000000 0.000000 0.000000 1.000000
0.972209 0.143761 0.184776 0.000000 -0.150122 0.988448 0.020830 10.182400 -0.179647 -0.047990 0.982560 0.000000 0.000000 0.000000 0.000000 1.000000
0.972435 0.156882 0.172504 0.000000 -0.164051 0.986054 0.028027 10.182400 -0.165702 -0.055554 0.984610 -0.000000 0.000000 0.000000 0.000000 1.000000
0.972798 0.167896 0.159608 0.000000 -0.176652 0.983366 0.042248 10.182400 -0.149860 -0.069294 0.986276 -0.000000 0.000000 0.000000 0.000000 1.000000
0.973471 0.176540 0.145560 -0.000000 -0.187307 0.980227 0.063810 10.182400 -0.131417 -0.089382 0.987289 0.000000 0.000000 0.000000 0.000000 1.000000
0.974409 0.182276 0.131542 0.000000 -0.194142 0.977391 0.083765 10.182400 -0.113299 -0.107159 0.987765 0.000000 0.000000 0.000000 0.000000 1.000000
0.975520 0.184864 0.119107 0.000000 -0.196644 0.975752 0.096123 10.182400 -0.098449 -0.117191 0.988218 -0.000000 0.000000 0.000000 0.000000 1.000000
0.976756 0.184407 0.109275 0.000000 -0.194194 0.977108 0.086887 10.182400 -0.090751 -0.106088 0.990207 0.000000 0.000000 0.000000 0.000000 1.000000
0.978129 0.181381 0.101803 -0.000000 -0.188725 0.979688 0.067786 10.182400 -0.087440 -0.085517 0.992492 -0.000000 0.000000 0.000000 0.000000 1.000000
0.979649 0.176323 0.095907 0.000000 -0.180974 0.982586 0.042101 10.182400 -0.086814 -0.058601 0.994500 0.000000 0.000000 0.000000 0.000000 1.000000
0.981233 0.170399 0.090252 0.000000 -0.173671 0.984356 0.029677 10.182400 -0.083783 -0.044794 0.995477 0.000000 0.000000 0.000000 0.000000 1.000000
0.982938 0.162778 0.085648 0.000000 -0.165189 0.986021 0.021811 10.182400 -0.080900 -0.035587 0.996087 -0.000000 0.000000 0.000000 0.000000 1.000000
0.984747 0.153483 0.081949 0.000000 -0.155456 0.987675 0.018227 10.182400 -0.078141 -0.030689 0.996470 0.000000 0.000000 0.000000 0.000000 1.000000
0.986556 0.143074 0.078972 0.000000 -0.144950 0.989265 0.018533 10.182400 -0.075472 -0.029731 0.996705 0.000000 0.000000 0.000000 0.000000 1.000000
0.988278 0.131851 0.076956 0.000000 -0.133916 0.990742 0.022300 10.182400 -0.073303 -0.032345 0.996785 0.000000 0.000000 0.000000 0.000000 1.000000
0.989889 0.119874 0.075831 0.000000 -0.122372 0.992056 0.029173 10.182400 -0.071731 -0.038157 0.996694 0.000000 0.000000 0.000000 0.000000 1.000000
0.991320 0.107420 0.075796 0.000000 -0.110579 0.993110 0.038780 10.182400 -0.071108 -0.046825 0.996369 0.000000 0.000000 0.000000 0.000000 1.000000
0.992551 0.094644 0.076712 0.000000 -0.098687 0.993824 0.050744 10.182400 -0.071435 -0.057937 0.995761 0.000000 0.000000 0.000000 0.000000 1.000000
0.993550 0.081884 0.078445 0.000000 -0.087027 0.994111 0.064565 10.182400 -0.072696 -0.070976 0.994825 0.000000 0.000000 0.000000 0.000000 1.000000
0.994251 0.069147 0.081751 0.000000 -0.076018 0.993548 0.084160 10.182400 -0.075404 -0.089891 0.993093 0.000000 0.000000 0.000000 0.000000 1.000000
0.994608 0.056997 0.086641 0.000000 -0.066119 0.992128 0.106346 10.182400 -0.079897 -0.111501 0.990547 0.000000 0.000000 0.000000 0.000000 1.000000
0.994764 0.045608 0.091461 -0.000000 -0.056741 0.990773 0.123079 10.182400 -0.085003 -0.127624 0.988173 -0.000000 0.000000 0.000000 0.000000 1.000000
0.994791 0.035349 0.095614 0.000000 -0.047244 0.991012 0.125153 10.182400 -0.090331 -0.129018 0.987519 0.000000 0.000000 0.000000 0.000000 1.000000
0.994799 0.026263 0.098415 0.000000 -0.037767 0.992423 0.116922 10.182400 -0.094599 -0.120031 0.988253 0.000000 0.000000 0.000000 0.000000 1.000000
0.994800 0.018030 0.100239 0.000000 -0.029168 0.993416 0.110788 10.182400 -0.097582 -0.113136 0.988776 0.000000 0.000000 0.000000 0.000000 1.000000
0.994774 0.012618 0.101317 0.000000 -0.025645 0.991400 0.128327 10.182400 -0.098827 -0.130254 0.986543 -0.000000 0.000000 0.000000 0.000000 1.000000
0.994733 0.008912 0.102111 0.000000 -0.024664 0.987754 0.154059 10.182400 -0.099487 -0.155766 0.982771 -0.000000 0.000000 0.000000 0.000000 1.000000
0.994714 0.007531 0.102412 0.000000 -0.024678 0.985612 0.167213 10.182400 -0.099680 -0.168856 0.980587 0.000000 0.000000 0.000000 0.000000 1.000000</float_array>
        <technique_common>
          <accessor source="#mixamorig_Spine-Matrix-animation-output-transform-array" count="96" stride="16">
            <param type="float4x4"/>
          </accessor>
        </technique_common>
      </source>
      <source id="mixamorig_Spine-Interpolations">
        <Name_array id="mixamorig_Spine-Interpolations-array" count="96">
 LINEAR LINEAR LINEAR LINEAR LINEAR LINEAR LINEAR LINEAR LINEAR LINEAR LINEAR
LINEAR LINEAR LINEAR LINEAR LINEAR LINEAR LINEAR LINEAR LINEAR LINEAR LINEAR LINEAR
LINEAR LINEAR LINEAR LINEAR LINEAR LINEAR LINEAR LINEAR LINEAR LINEAR LINEAR LINEAR
LINEAR LINEAR LINEAR LINEAR LINEAR LINEAR LINEAR LINEAR LINEAR LINEAR LINEAR LINEAR
LINEAR LINEAR LINEAR LINEAR LINEAR LINEAR LINEAR LINEAR LINEAR LINEAR LINEAR LINEAR
LINEAR LINEAR LINEAR LINEAR LINEAR LINEAR LINEAR LINEAR LINEAR LINEAR LINEAR LINEAR
LINEAR LINEAR LINEAR LINEAR LINEAR LINEAR LINEAR LINEAR LINEAR LINEAR LINEAR LINEAR
LINEAR LINEAR LINEAR LINEAR LINEAR LINEAR LINEAR LINEAR LINEAR LINEAR LINEAR LINEAR
LINEAR</Name_array>
        <technique_common>
          <accessor source="#mixamorig_Spine-Interpolations-array" count="96">
            <param type="name"/>
          </accessor>
        </technique_common>
      </source>
      <sampler id="mixamorig_Spine-Matrix-animation-transform">
        <input semantic="INPUT" source="#mixamorig_Spine-Matrix-animation-input"/>
        <input semantic="OUTPUT" source="#mixamorig_Spine-Matrix-animation-output-transform"/>
        <input semantic="INTERPOLATION" source="#mixamorig_Spine-Interpolations"/>
      </sampler>
      <channel source="#mixamorig_Spine-Matrix-animation-transform" target="mixamorig_Spine/matrix"/>
    </animation>
    <animation id="mixamorig_Spine1-anim" name="mixamorig_Spine1">
      <source id="mixamorig_Spine1-Matrix-animation-input">
        <float_array id="mixamorig_Spine1-Matrix-animation-input-array" count="96">

0.000000 0.033333 0.066667 0.100000 0.133333 0.166667 0.200000 0.233333 0.266667 0.300000 0.333333 0.366667 0.400000 0.433333 0.466667 0.500000
0.533333 0.566667 0.600000 0.633333 0.666667 0.700000 0.733333 0.766667 0.800000 0.833333 0.866667 0.900000 0.933333 0.966667 1.000000 1.033333
1.066667 1.100000 1.133333 1.166667 1.200000 1.233333 1.266667 1.300000 1.333333 1.366667 1.400000 1.433333 1.466667 1.500000 1.533333 1.566667
1.600000 1.633333 1.666667 1.700000 1.733333 1.766667 1.800000 1.833333 1.866667 1.900000 1.933333 1.966667 2.000000 2.033333 2.066667 2.100000
2.133333 2.166667 2.200000 2.233333 2.266667 2.300000 2.333333 2.366667 2.400000 2.433333 2.466667 2.500000 2.533333 2.566667 2.600000 2.633333
2.666667 2.700000 2.733333 2.766667 2.800000 2.833333 2.866667 2.900000 2.933333 2.966667 3.000000 3.033333 3.066667 3.100000 3.133333 3.166667</float_array>
        <technique_common>
          <accessor source="#mixamorig_Spine1-Matrix-animation-input-array" count="96">
            <param name="TIME" type="float"/>
          </accessor>
        </technique_common>
      </source>
      <source id="mixamorig_Spine1-Matrix-animation-output-transform">
        <float_array id="mixamorig_Spine1-Matrix-animation-output-transform-array" count="1536">

0.998755 0.046877 0.017049 -0.000000 -0.044891 0.993724 -0.102461 10.002700 -0.021745 0.101568 0.994591 0.000000 0.000000 0.000000 0.000000 1.000000
0.998761 0.047180 0.015838 0.000000 -0.045382 0.994026 -0.099260 10.002700 -0.020426 0.098419 0.994935 0.000000 0.000000 0.000000 0.000000 1.000000
0.998763 0.047641 0.014206 0.000000 -0.046114 0.994572 -0.093278 10.002700 -0.018573 0.092508 0.995539 0.000000 0.000000 0.000000 0.000000 1.000000
0.998761 0.048200 0.012380 0.000000 -0.046904 0.994884 -0.089477 10.002700 -0.016629 0.088786 0.995912 -0.000000 0.000000 0.000000 0.000000 1.000000
0.998754 0.048778 0.010584 -0.000000 -0.047549 0.994295 -0.095481 10.002700 -0.015181 0.094859 0.995375 -0.000000 0.000000 0.000000 0.000000 1.000000
0.998739 0.049374 0.009058 0.000000 -0.048035 0.992414 -0.113166 10.002700 -0.014577 0.112589 0.993535 0.000000 0.000000 0.000000 0.000000 1.000000
0.998724 0.049852 0.008051 0.000000 -0.048220 0.988815 -0.141136 10.002700 -0.014997 0.140567 0.989958 0.000000 0.000000 0.000000 0.000000 1.000000
0.998714 0.050094 0.007792 0.000000 -0.048038 0.984216 -0.170329 10.002700 -0.016202 0.169736 0.985356 -0.000000 0.000000 0.000000 0.000000 1.000000
0.998713 0.049996 0.008489 -0.000000 -0.047323 0.978990 -0.198340 10.002700 -0.018226 0.197683 0.980096 0.000000 0.000000 0.000000 0.000000 1.000000
0.998695 0.049699 0.011800 0.000000 -0.045874 0.974251 -0.220751 10.002700 -0.022467 0.219921 0.975259 0.000000 0.000000 0.000000 0.000000 1.000000
0.998526 0.049222 0.022853 0.000000 -0.042692 0.972450 -0.229169 10.002700 -0.033504 0.227856 0.973118 -0.000000 0.000000 0.000000 0.000000 1.000000
0.998292 0.047778 0.033627 -0.000000 -0.039019 0.973592 -0.224937 10.002700 -0.043486 0.223241 0.973793 0.000000 0.000000 0.000000 0.000000 1.000000
0.998666 0.037400 0.035604 0.000000 -0.028969 0.976562 -0.213276 10.002700 -0.042746 0.211960 0.976343 0.000000 0.000000 0.000000 0.000000 1.000000
0.999207 0.026209 0.029963 0.000000 -0.019631 0.979218 -0.201857 10.002700 -0.034630 0.201109 0.978957 0.000000 0.000000 0.000000 0.000000 1.000000
0.999296 0.029223 0.023545 0.000000 -0.024160 0.981052 -0.192231 10.002700 -0.028716 0.191526 0.981067 0.000000 0.000000 0.000000 0.000000 1.000000
0.999165 0.036417 0.018520 0.000000 -0.032342 0.982000 -0.186093 10.002700 -0.024963 0.185338 0.982358 -0.000000 0.000000 0.000000 0.000000 1.000000
0.999172 0.038258 0.013868 -0.000000 -0.035096 0.982631 -0.182222 10.002700 -0.020599 0.181585 0.983160 0.000000 0.000000 0.000000 0.000000 1.000000
0.999090 0.040448 0.013553 -0.000000 -0.037354 0.982970 -0.179931 10.002700 -0.020600 0.179261 0.983586 0.000000 0.000000 0.000000 0.000000 1.000000
0.998796 0.046073 0.016849 0.000000 -0.042361 0.983216 -0.177459 10.002700 -0.024742 0.176531 0.983984 0.000000 0.000000 0.000000 0.000000 1.000000
0.998535 0.051873 0.015415 0.000000 -0.048326 0.982955 -0.177381 10.002700 -0.024354 0.176376 0.984022 0.000000 0.000000 0.000000 0.000000 1.000000
0.998462 0.054243 0.011501 0.000000 -0.051275 0.982170 -0.180869 10.002700 -0.021106 0.180001 0.983440 0.000000 0.000000 0.000000 0.000000 1.000000
0.998303 0.057419 0.009743 -0.000000 -0.054637 0.981274 -0.184706 10.002700 -0.020167 0.183860 0.982746 0.000000 0.000000 0.000000 0.000000 1.000000
0.998123 0.059953 0.012479 0.000000 -0.056572 0.980739 -0.186951 10.002700 -0.023447 0.185895 0.982290 0.000000 0.000000 0.000000 0.000000 1.000000
0.998282 0.055972 0.017317 -0.000000 -0.051679 0.980456 -0.189831 10.002700 -0.027604 0.188610 0.981664 -0.000000 0.000000 0.000000 0.000000 1.000000
0.998531 0.048961 0.023210 -0.000000 -0.043611 0.980428 -0.191985 10.002700 -0.032155 0.190691 0.981123 -0.000000 0.000000 0.000000 0.000000 1.000000
0.998748 0.043888 0.024004 0.000000 -0.038491 0.980718 -0.191602 10.002700 -0.031950 0.190438 0.981179 0.000000 0.000000 0.000000 0.000000 1.000000
0.998928 0.040550 0.022333 0.000000 -0.035670 0.981714 -0.186992 10.002700 -0.029508 0.185995 0.982108 0.000000 0.000000 0.000000 0.000000 1.000000
0.999033 0.038087 0.021975 -0.000000 -0.033503 0.982988 -0.180586 10.002700 -0.028479 0.179675 0.983314 0.000000 0.000000 0.000000 0.000000 1.000000
0.999119 0.035349 0.022642 -0.000000 -0.030895 0.984350 -0.173497 10.002700 -0.028420 0.172645 0.984574 0.000000 0.000000 0.000000 0.000000 1.000000
0.999110 0.035912 0.022120 0.000000 -0.031696 0.985285 -0.167953 10.002700 -0.027826 0.167102 0.985547 0.000000 0.000000 0.000000 0.000000 1.000000
0.999100 0.035833 0.022716 0.000000 -0.031561 0.985536 -0.166504 10.002700 -0.028354 0.165637 0.985779 -0.000000 0.000000 0.000000 0.000000 1.000000
0.999070 0.036371 0.023143 0.000000 -0.032001 0.985403 -0.167201 10.002700 -0.028886 0.166305 0.985651 -0.000000 0.000000 0.000000 0.000000 1.000000
0.999077 0.038397 0.019268 -0.000000 -0.034667 0.985465 -0.166301 10.002700 -0.025374 0.165480 0.985887 0.000000 0.000000 0.000000 0.000000 1.000000
0.999157 0.037729 0.016185 -0.000000 -0.034597 0.986051 -0.162811 10.002700 -0.022102 0.162114 0.986525 0.000000 0.000000 0.000000 0.000000 1.000000
0.999237 0.035980 0.015173 0.000000 -0.033191 0.987300 -0.155362 10.002700 -0.020570 0.154740 0.987741 0.000000 0.000000 0.000000 0.000000 1.000000
0.999381 0.031489 0.015671 0.000000 -0.028893 0.989041 -0.144783 10.002700 -0.020058 0.144241 0.989339 0.000000 0.000000 0.000000 0.000000 1.000000
0.999574 0.025666 0.013904 0.000000 -0.023633 0.991152 -0.130610 10.002700 -0.017134 0.130226 0.991336 -0.000000 0.000000 0.000000 0.000000 1.000000
0.999794 0.016536 0.011785 0.000000 -0.015071 0.993240 -0.115098 10.002700 -0.013608 0.114897 0.993284 -0.000000 0.000000 0.000000 0.000000 1.000000
0.999917 0.007205 0.010719 -0.000000 -0.006107 0.995052 -0.099165 10.002700 -0.011381 0.099091 0.995013 0.000000 0.000000 0.000000 0.000000 1.000000
0.999923 0.004315 0.011602 -0.000000 -0.003442 0.997233 -0.074254 10.002700 -0.011891 0.074208 0.997172 0.000000 0.000000 0.000000 0.000000 1.000000
0.999722 0.010060 0.021314 0.000000 -0.008610 0.997712 -0.067054 10.002700 -0.021940 0.066852 0.997522 0.000000 0.000000 0.000000 0.000000 1.000000
0.999542 0.008793 0.028963 0.000000 -0.006801 0.997650 -0.068179 10.002700 -0.029495 0.067951 0.997253 0.000000 0.000000 0.000000 0.000000 1.000000
0.999568 0.013178 0.026279 0.000000 -0.011399 0.997707 -0.066712 10.002700 -0.027098 0.066383 0.997426 0.000000 0.000000 0.000000 0.000000 1.000000
0.999506 0.005700 0.030916 0.000000 -0.004024 0.998532 -0.054020 10.002700 -0.031178 0.053868 0.998061 -0.000000 0.000000 0.000000 0.000000 1.000000
0.999248 -0.000906 0.038763 0.000000 0.002302 0.999349 -0.035991 10.002700 -0.038706 0.036053 0.998600 0.000000 0.000000 0.000000 0.000000 1.000000
0.999212 -0.001853 0.039652 -0.000000 0.002835 0.999690 -0.024735 10.002700 -0.039594 0.024828 0.998907 0.000000 0.000000 0.000000 0.000000 1.000000
0.999494 -0.000416 0.031809 0.000000 0.001048 0.999802 -0.019862 10.002700 -0.031795 0.019885 0.999297 0.000000 0.000000 0.000000 0.000000 1.000000
0.999749 -0.005725 0.021645 0.000000 0.006120 0.999815 -0.018247 10.002700 -0.021536 0.018375 0.999599 -0.000000 0.000000 0.000000 0.000000 1.000000
0.999749 -0.009153 0.020465 0.000000 0.009532 0.999783 -0.018537 10.002700 -0.020291 0.018728 0.999619 -0.000000 0.000000 0.000000 0.000000 1.000000
0.999621 -0.008580 0.026169 0.000000 0.009102 0.999761 -0.019882 10.002700 -0.025992 0.020112 0.999460 0.000000 0.000000 0.000000 0.000000 1.000000
0.999607 -0.009453 0.026378 0.000000 0.010031 0.999711 -0.021838 10.002700 -0.026164 0.022094 0.999413 0.000000 0.000000 0.000000 0.000000 1.000000
0.999772 -0.009437 0.019178 0.000000 0.009839 0.999731 -0.020984 10.002700 -0.018975 0.021168 0.999596 0.000000 0.000000 0.000000 0.000000 1.000000
0.999855 -0.007550 0.015274 -0.000000 0.007813 0.999821 -0.017234 10.002700 -0.015141 0.017351 0.999735 0.000000 0.000000 0.000000 0.000000 1.000000
0.999846 -0.008642 0.015281 0.000000 0.008833 0.999884 -0.012444 10.002700 -0.015172 0.012577 0.999806 0.000000 0.000000 0.000000 0.000000 1.000000
0.999841 -0.009228 0.015249 0.000000 0.009342 0.999929 -0.007400 10.002700 -0.015180 0.007541 0.999856 -0.000000 0.000000 0.000000 0.000000 1.000000
0.999892 -0.007367 0.012702 0.000000 0.007409 0.999967 -0.003250 10.002700 -0.012678 0.003343 0.999914 -0.000000 0.000000 0.000000 0.000000 1.000000
0.999925 -0.003388 0.011810 0.000000 0.003377 0.999994 0.000937 10.002700 -0.011814 -0.000897 0.999930 -0.000000 0.000000 0.000000 0.000000 1.000000
0.999923 -0.001541 0.012276 0.000000 0.001478 0.999986 0.005117 10.002700 -0.012284 -0.005098 0.999912 -0.000000 0.000000 0.000000 0.000000 1.000000
0.999892 0.001942 0.014585 0.000000 -0.002080 0.999953 0.009474 10.002700 -0.014566 -0.009503 0.999849 0.000000 0.000000 0.000000 0.000000 1.000000
0.999816 0.006395 0.018065 -0.000000 -0.006616 0.999904 0.012203 10.002700 -0.017985 -0.012320 0.999762 -0.000000 0.000000 0.000000 0.000000 1.000000
0.999664 0.012843 0.022536 0.000000 -0.013139 0.999829 0.013021 10.002700 -0.022365 -0.013313 0.999661 0.000000 0.000000 0.000000 0.000000 1.000000
0.999272 0.023713 0.029895 0.000000 -0.024098 0.999631 0.012575 10.002700 -0.029586 -0.013286 0.999474 0.000000 0.000000 0.000000 0.000000 1.000000
0.998705 0.035901 0.036038 -0.000000 -0.036343 0.999271 0.011694 10.002700 -0.035592 -0.012989 0.999282 0.000000 0.000000 0.000000 0.000000 1.000000
0.998110 0.045652 0.041128 0.000000 -0.046107 0.998885 0.010179 10.002700 -0.040618 -0.012056 0.999102 0.000000 0.000000 0.000000 0.000000 1.000000
0.996893 0.055128 0.056263 0.000000 -0.055765 0.998396 0.009823 10.002700 -0.055631 -0.012929 0.998368 -0.000000 0.000000 0.000000 0.000000 1.000000
0.993825 0.064444 0.090325 0.000000 -0.064009 0.997920 -0.007699 10.002700 -0.090633 0.001870 0.995883 0.000000 0.000000 0.000000 0.000000 1.000000
0.994568 0.073489 0.073711 -0.000000 -0.071872 0.997116 -0.024358 10.002700 -0.075288 0.018928 0.996982 -0.000000 0.000000 0.000000 0.000000 1.000000
0.995499 0.082410 0.046803 0.000000 -0.080421 0.995837 -0.042905 10.002700 -0.050144 0.038948 0.997982 0.000000 0.000000 0.000000 0.000000 1.000000
0.993718 0.091294 0.064728 0.000000 -0.088159 0.994864 -0.049736 10.002700 -0.068936 0.043718 0.996663 0.000000 0.000000 0.000000 0.000000 1.000000
0.992564 0.100035 0.069353 -0.000000 -0.096594 0.994000 -0.051318 10.002700 -0.074071 0.044238 0.996271 0.000000 0.000000 0.000000 0.000000 1.000000
0.992128 0.108566 0.062406 0.000000 -0.105468 0.993115 -0.050978 10.002700 -0.067511 0.043995 0.996748 -0.000000 0.000000 0.000000 0.000000 1.000000
0.991771 0.117046 0.051878 0.000000 -0.114751 0.992365 -0.045219 10.002700 -0.056775 0.038894 0.997629 0.000000 0.000000 0.000000 0.000000 1.000000
0.990600 0.125570 0.054267 0.000000 -0.123343 0.991449 -0.042616 10.002700 -0.059154 0.035522 0.997617 0.000000 0.000000 0.000000 0.000000 1.000000
0.989513 0.133951 0.054049 0.000000 -0.132063 0.990546 -0.037131 10.002700 -0.058512 0.029604 0.997848 -0.000000 0.000000 0.000000 0.000000 1.000000
0.988976 0.142020 0.041921 0.000000 -0.140774 0.989546 -0.031335 10.002700 -0.045933 0.025088 0.998629 0.000000 0.000000 0.000000 0.000000 1.000000
0.987993 0.149751 0.037997 0.000000 -0.148642 0.988420 -0.030513 10.002700 -0.042126 0.024499 0.998812 0.000000 0.000000 0.000000 0.000000 1.000000
0.986881 0.157227 0.036680 0.000000 -0.155660 0.986906 -0.042275 10.002700 -0.042847 0.036011 0.998432 0.000000 0.000000 0.000000 0.000000 1.000000
0.985697 0.164786 0.035322 0.000000 -0.162711 0.985126 -0.055239 10.002700 -0.043899 0.048701 0.997848 0.000000 0.000000 0.000000 0.000000 1.000000
0.984496 0.172105 0.033876 0.000000 -0.169548 0.983194 -0.067700 10.002700 -0.044958 0.060907 0.997130 0.000000 0.000000 0.000000 0.000000 1.000000
0.983291 0.179112 0.032511 0.000000 -0.176133 0.981218 -0.078669 10.002700 -0.045991 0.071629 0.996370 -0.000000 0.000000 0.000000 0.000000 1.000000
0.982075 0.185878 0.031284 0.000000 -0.182532 0.979238 -0.088174 10.002700 -0.047024 0.080883 0.995614 0.000000 0.000000 0.000000 0.000000 1.000000
0.980821 0.192559 0.030185 -0.000000 -0.188882 0.977235 -0.096623 10.002700 -0.048104 0.089069 0.994863 0.000000 0.000000 0.000000 0.000000 1.000000
0.979525 0.199189 0.029234 -0.000000 -0.195201 0.975210 -0.104223 10.002700 -0.049269 0.096383 0.994124 0.000000 0.000000 0.000000 0.000000 1.000000
0.978226 0.205580 0.028471 0.000000 -0.201291 0.973207 -0.111129 10.002700 -0.050554 0.102978 0.993398 0.000000 0.000000 0.000000 0.000000 1.000000
0.976910 0.211815 0.027932 0.000000 -0.207221 0.971214 -0.117484 10.002700 -0.052013 0.108983 0.992682 0.000000 0.000000 0.000000 0.000000 1.000000
0.975645 0.217607 0.027646 0.000000 -0.212688 0.969282 -0.123513 10.002700 -0.053674 0.114624 0.991958 0.000000 0.000000 0.000000 0.000000 1.000000
0.974360 0.223289 0.027664 -0.000000 -0.218010 0.967342 -0.129311 10.002700 -0.055635 0.119964 0.991218 -0.000000 0.000000 0.000000 0.000000 1.000000
0.973107 0.228649 0.027954 0.000000 -0.222976 0.965451 -0.134856 10.002700 -0.057823 0.124997 0.990471 0.000000 0.000000 0.000000 0.000000 1.000000
0.972560 0.230870 0.028748 0.000000 -0.224601 0.963933 -0.142786 10.002700 -0.060677 0.132411 0.989336 0.000000 0.000000 0.000000 0.000000 1.000000
0.972889 0.229558 0.028104 0.000000 -0.222878 0.963071 -0.151065 10.002700 -0.061744 0.140706 0.988124 -0.000000 0.000000 0.000000 0.000000 1.000000
0.973419 0.227351 0.027681 0.000000 -0.220578 0.963154 -0.153881 10.002700 -0.061646 0.143685 0.987702 0.000000 0.000000 0.000000 0.000000 1.000000
0.973525 0.226822 0.028312 0.000000 -0.220163 0.963753 -0.150692 10.002700 -0.061466 0.140469 0.988175 0.000000 0.000000 0.000000 0.000000 1.000000
0.972489 0.231335 0.027362 0.000000 -0.225021 0.963277 -0.146502 10.002700 -0.060248 0.136314 0.988832 0.000000 0.000000 0.000000 0.000000 1.000000
0.970959 0.237634 0.027722 0.000000 -0.231160 0.961695 -0.147339 10.002700 -0.061673 0.136652 0.988697 -0.000000 0.000000 0.000000 0.000000 1.000000
0.969552 0.243067 0.029776 0.000000 -0.236079 0.960067 -0.150129 10.002700 -0.065079 0.138528 0.988218 -0.000000 0.000000 0.000000 0.000000 1.000000
0.968869 0.245720 0.030248 0.000000 -0.238548 0.959239 -0.151508 10.002700 -0.066244 0.139576 0.987993 0.000000 0.000000 0.000000 0.000000 1.000000</float_array>
        <technique_common>
          <accessor source="#mixamorig_Spine1-Matrix-animation-output-transform-array" count="96" stride="16">
            <param type="float4x4"/>
          </accessor>
        </technique_common>
      </source>
      <source id="mixamorig_Spine1-Interpolations">
        <Name_array id="mixamorig_Spine1-Interpolations-array" count="96">
 LINEAR LINEAR LINEAR LINEAR LINEAR LINEAR LINEAR LINEAR LINEAR LINEAR LINEAR
LINEAR LINEAR LINEAR LINEAR LINEAR LINEAR LINEAR LINEAR LINEAR LINEAR LINEAR LINEAR
LINEAR LINEAR LINEAR LINEAR LINEAR LINEAR LINEAR LINEAR LINEAR LINEAR LINEAR LINEAR
LINEAR LINEAR LINEAR LINEAR LINEAR LINEAR LINEAR LINEAR LINEAR LINEAR LINEAR LINEAR
LINEAR LINEAR LINEAR LINEAR LINEAR LINEAR LINEAR LINEAR LINEAR LINEAR LINEAR LINEAR
LINEAR LINEAR LINEAR LINEAR LINEAR LINEAR LINEAR LINEAR LINEAR LINEAR LINEAR LINEAR
LINEAR LINEAR LINEAR LINEAR LINEAR LINEAR LINEAR LINEAR LINEAR LINEAR LINEAR LINEAR
LINEAR LINEAR LINEAR LINEAR LINEAR LINEAR LINEAR LINEAR LINEAR LINEAR LINEAR LINEAR
LINEAR</Name_array>
        <technique_common>
          <accessor source="#mixamorig_Spine1-Interpolations-array" count="96">
            <param type="name"/>
          </accessor>
        </technique_common>
      </source>
      <sampler id="mixamorig_Spine1-Matrix-animation-transform">
        <input semantic="INPUT" source="#mixamorig_Spine1-Matrix-animation-input"/>
        <input semantic="OUTPUT" source="#mixamorig_Spine1-Matrix-animation-output-transform"/>
        <input semantic="INTERPOLATION" source="#mixamorig_Spine1-Interpolations"/>
      </sampler>
      <channel source="#mixamorig_Spine1-Matrix-animation-transform" target="mixamorig_Spine1/matrix"/>
    </animation>
    <animation id="mixamorig_Spine2-anim" name="mixamorig_Spine2">
      <source id="mixamorig_Spine2-Matrix-animation-input">
        <float_array id="mixamorig_Spine2-Matrix-animation-input-array" count="96">

0.000000 0.033333 0.066667 0.100000 0.133333 0.166667 0.200000 0.233333 0.266667 0.300000 0.333333 0.366667 0.400000 0.433333 0.466667 0.500000
0.533333 0.566667 0.600000 0.633333 0.666667 0.700000 0.733333 0.766667 0.800000 0.833333 0.866667 0.900000 0.933333 0.966667 1.000000 1.033333
1.066667 1.100000 1.133333 1.166667 1.200000 1.233333 1.266667 1.300000 1.333333 1.366667 1.400000 1.433333 1.466667 1.500000 1.533333 1.566667
1.600000 1.633333 1.666667 1.700000 1.733333 1.766667 1.800000 1.833333 1.866667 1.900000 1.933333 1.966667 2.000000 2.033333 2.066667 2.100000
2.133333 2.166667 2.200000 2.233333 2.266667 2.300000 2.333333 2.366667 2.400000 2.433333 2.466667 2.500000 2.533333 2.566667 2.600000 2.633333
2.666667 2.700000 2.733333 2.766667 2.800000 2.833333 2.866667 2.900000 2.933333 2.966667 3.000000 3.033333 3.066667 3.100000 3.133333 3.166667</float_array>
        <technique_common>
          <accessor source="#mixamorig_Spine2-Matrix-animation-input-array" count="96">
            <param name="TIME" type="float"/>
          </accessor>
        </technique_common>
      </source>
      <source id="mixamorig_Spine2-Matrix-animation-output-transform">
        <float_array id="mixamorig_Spine2-Matrix-animation-output-transform-array" count="1536">

0.998694 0.048068 0.017292 0.000000 -0.045469 0.990736 -0.127961 9.322100 -0.023282 0.127008 0.991628 0.000000 0.000000 0.000000 0.000000 1.000000
0.998709 0.048288 0.015789 -0.000000 -0.045945 0.991098 -0.124956 9.322100 -0.021682 0.124069 0.992037 -0.000000 0.000000 0.000000 0.000000 1.000000
0.998721 0.048626 0.013858 0.000000 -0.046632 0.991760 -0.119322 9.322100 -0.019546 0.118523 0.992759 -0.000000 0.000000 0.000000 0.000000 1.000000
0.998728 0.049039 0.011727 -0.000000 -0.047359 0.992163 -0.115625 9.322100 -0.017306 0.114923 0.993224 0.000000 0.000000 0.000000 0.000000 1.000000
0.998729 0.049467 0.009635 0.000000 -0.047932 0.991421 -0.121601 9.322100 -0.015568 0.120984 0.992532 0.000000 0.000000 0.000000 0.000000 1.000000
0.998723 0.049924 0.007802 0.000000 -0.048355 0.989085 -0.139182 9.322100 -0.014665 0.138627 0.990236 -0.000000 0.000000 0.000000 0.000000 1.000000
0.998713 0.050296 0.006471 0.000000 -0.048512 0.984766 -0.166983 9.322100 -0.014771 0.166454 0.985939 0.000000 0.000000 0.000000 0.000000 1.000000
0.998708 0.050476 0.005893 0.000000 -0.048345 0.979424 -0.195937 9.322100 -0.015661 0.195399 0.980599 0.000000 0.000000 0.000000 0.000000 1.000000
0.998710 0.050386 0.006320 -0.000000 -0.047698 0.973495 -0.223679 9.322100 -0.017423 0.223089 0.974642 0.000000 0.000000 0.000000 0.000000 1.000000
0.998693 0.050211 0.009551 0.000000 -0.046327 0.968204 -0.245836 9.322100 -0.021591 0.245073 0.969264 0.000000 0.000000 0.000000 0.000000 1.000000
0.998516 0.050122 0.021277 0.000000 -0.043086 0.966214 -0.254113 9.322100 -0.033294 0.252820 0.966940 0.000000 0.000000 0.000000 0.000000 1.000000
0.998252 0.049220 0.032706 0.000000 -0.039517 0.967477 -0.249852 9.322100 -0.043940 0.248123 0.967731 0.000000 0.000000 0.000000 0.000000 1.000000
0.998636 0.038893 0.034841 0.000000 -0.029495 0.970757 -0.238245 9.322100 -0.043088 0.236893 0.970580 -0.000000 0.000000 0.000000 0.000000 1.000000
0.999197 0.027424 0.029220 0.000000 -0.020087 0.973701 -0.226942 9.322100 -0.034675 0.226173 0.973470 -0.000000 0.000000 0.000000 0.000000 1.000000
0.999287 0.030199 0.022677 0.000000 -0.024555 0.975773 -0.217402 9.322100 -0.028693 0.216690 0.975819 0.000000 0.000000 0.000000 0.000000 1.000000
0.999155 0.037185 0.017486 0.000000 -0.032658 0.976877 -0.211292 9.322100 -0.024938 0.210543 0.977266 0.000000 0.000000 0.000000 0.000000 1.000000
0.999164 0.038843 0.012773 0.000000 -0.035354 0.977609 -0.207438 9.322100 -0.020544 0.206812 0.978165 0.000000 0.000000 0.000000 0.000000 1.000000
0.999082 0.041008 0.012406 -0.000000 -0.037596 0.978007 -0.205158 9.322100 -0.020546 0.204503 0.978650 0.000000 0.000000 0.000000 0.000000 1.000000
0.998783 0.046769 0.015630 0.000000 -0.042639 0.978316 -0.202681 9.322100 -0.024770 0.201768 0.979120 0.000000 0.000000 0.000000 0.000000 1.000000
0.998521 0.052500 0.014115 0.000000 -0.048561 0.978060 -0.202583 9.322100 -0.024441 0.201598 0.979163 0.000000 0.000000 0.000000 0.000000 1.000000
0.998449 0.054749 0.010123 -0.000000 -0.051494 0.977185 -0.206052 9.322100 -0.021173 0.205211 0.978489 -0.000000 0.000000 0.000000 0.000000 1.000000
0.998289 0.057878 0.008269 0.000000 -0.054859 0.976192 -0.209858 9.322100 -0.020218 0.209045 0.977697 0.000000 0.000000 0.000000 0.000000 1.000000
0.998106 0.060538 0.010889 0.000000 -0.056859 0.975596 -0.212085 9.322100 -0.023462 0.211064 0.977191 0.000000 0.000000 0.000000 0.000000 1.000000
0.998266 0.056745 0.015679 0.000000 -0.052060 0.975235 -0.214955 9.322100 -0.027489 0.213766 0.976498 0.000000 0.000000 0.000000 0.000000 1.000000
0.998519 0.049954 0.021571 0.000000 -0.044094 0.975146 -0.217132 9.322100 -0.031881 0.215860 0.975904 0.000000 0.000000 0.000000 0.000000 1.000000
0.998742 0.044877 0.022358 0.000000 -0.038977 0.975441 -0.216784 9.322100 -0.031537 0.215640 0.975963 0.000000 0.000000 0.000000 0.000000 1.000000
0.998927 0.041444 0.020650 -0.000000 -0.036129 0.976552 -0.212226 9.322100 -0.028961 0.211253 0.977002 0.000000 0.000000 0.000000 0.000000 1.000000
0.999034 0.038958 0.020311 0.000000 -0.033952 0.977989 -0.205874 9.322100 -0.027884 0.204986 0.978368 0.000000 0.000000 0.000000 0.000000 1.000000
0.999122 0.036234 0.021019 0.000000 -0.031340 0.979531 -0.198839 9.322100 -0.027793 0.198006 0.979807 0.000000 0.000000 0.000000 0.000000 1.000000
0.999116 0.036759 0.020398 0.000000 -0.032131 0.980608 -0.193327 9.322100 -0.027109 0.192501 0.980922 0.000000 0.000000 0.000000 0.000000 1.000000
0.999106 0.036727 0.020946 0.000000 -0.032034 0.980892 -0.191896 9.322100 -0.027594 0.191054 0.981192 0.000000 0.000000 0.000000 0.000000 1.000000
0.999077 0.037301 0.021318 0.000000 -0.032507 0.980740 -0.192594 9.322100 -0.028092 0.191723 0.981047 0.000000 0.000000 0.000000 0.000000 1.000000
0.999085 0.039147 0.017227 0.000000 -0.035126 0.980826 -0.191695 9.322100 -0.024401 0.190915 0.981303 0.000000 0.000000 0.000000 0.000000 1.000000
0.999165 0.038342 0.014099 0.000000 -0.035008 0.981503 -0.188220 9.322100 -0.021055 0.187570 0.982026 0.000000 0.000000 0.000000 0.000000 1.000000
0.999244 0.036574 0.013196 0.000000 -0.033590 0.982946 -0.180799 9.322100 -0.019584 0.180219 0.983432 0.000000 0.000000 0.000000 0.000000 1.000000
0.999386 0.032125 0.013995 0.000000 -0.029277 0.984964 -0.170262 9.322100 -0.019255 0.169748 0.985299 -0.000000 0.000000 0.000000 0.000000 1.000000
0.999576 0.026229 0.012663 0.000000 -0.023932 0.987445 -0.156138 9.322100 -0.016599 0.155769 0.987654 0.000000 0.000000 0.000000 0.000000 1.000000
0.999794 0.016996 0.011056 -0.000000 -0.015273 0.989938 -0.140673 9.322100 -0.013336 0.140476 0.989994 -0.000000 0.000000 0.000000 0.000000 1.000000
0.999917 0.007588 0.010418 0.000000 -0.006229 0.992164 -0.124787 9.322100 -0.011283 0.124712 0.992129 -0.000000 0.000000 0.000000 0.000000 1.000000
0.999925 0.004676 0.011296 0.000000 -0.003524 0.994986 -0.099956 9.322100 -0.011707 0.099909 0.994928 0.000000 0.000000 0.000000 0.000000 1.000000
0.999722 0.010631 0.021041 0.000000 -0.008635 0.995652 -0.092751 9.322100 -0.021935 0.092543 0.995467 0.000000 0.000000 0.000000 0.000000 1.000000
0.999540 0.009633 0.028775 0.000000 -0.006893 0.995564 -0.093835 9.322100 -0.029551 0.093593 0.995172 0.000000 0.000000 0.000000 0.000000 1.000000
0.999565 0.013998 0.025977 -0.000000 -0.011542 0.995657 -0.092380 9.322100 -0.027157 0.092040 0.995385 0.000000 0.000000 0.000000 0.000000 1.000000
0.999506 0.006621 0.030720 0.000000 -0.004152 0.996807 -0.079745 9.322100 -0.031150 0.079578 0.996342 0.000000 0.000000 0.000000 0.000000 1.000000
0.999250 0.000199 0.038731 -0.000000 0.002196 0.998086 -0.061802 9.322100 -0.038669 0.061841 0.997337 0.000000 0.000000 0.000000 0.000000 1.000000
0.999213 -0.000764 0.039653 -0.000000 0.002771 0.998716 -0.050585 9.322100 -0.039564 0.050655 0.997932 0.000000 0.000000 0.000000 0.000000 1.000000
0.999495 0.000464 0.031778 0.000000 0.000990 0.998953 -0.045728 9.322100 -0.031766 0.045736 0.998448 0.000000 0.000000 0.000000 0.000000 1.000000
0.999750 -0.005110 0.021747 0.000000 0.006065 0.999009 -0.044104 9.322100 -0.021500 0.044225 0.998790 0.000000 0.000000 0.000000 0.000000 1.000000
0.999750 -0.008598 0.020653 0.000000 0.009509 0.998968 -0.044404 9.322100 -0.020250 0.044590 0.998800 0.000000 0.000000 0.000000 0.000000 1.000000
0.999623 -0.007867 0.026313 0.000000 0.009066 0.998911 -0.045757 9.322100 -0.025925 0.045978 0.998606 0.000000 0.000000 0.000000 0.000000 1.000000
0.999609 -0.008749 0.026539 0.000000 0.010009 0.998811 -0.047716 9.322100 -0.026090 0.047963 0.998508 0.000000 0.000000 0.000000 0.000000 1.000000
0.999773 -0.008931 0.019341 0.000000 0.009829 0.998854 -0.046851 9.322100 -0.018900 0.047031 0.998715 0.000000 0.000000 0.000000 0.000000 1.000000
0.999856 -0.007149 0.015400 -0.000000 0.007807 0.999041 -0.043090 9.322100 -0.015078 0.043204 0.998952 -0.000000 0.000000 0.000000 0.000000 1.000000
0.999846 -0.008261 0.015456 0.000000 0.008848 0.999227 -0.038302 9.322100 -0.015127 0.038433 0.999147 -0.000000 0.000000 0.000000 0.000000 1.000000
0.999841 -0.008853 0.015466 0.000000 0.009364 0.999403 -0.033257 9.322100 -0.015162 0.033397 0.999327 -0.000000 0.000000 0.000000 0.000000 1.000000
0.999892 -0.007047 0.012898 -0.000000 0.007420 0.999549 -0.029106 9.322100 -0.012687 0.029198 0.999493 0.000000 0.000000 0.000000 0.000000 1.000000
0.999924 -0.003087 0.011930 0.000000 0.003384 0.999684 -0.024912 9.322100 -0.011849 0.024951 0.999618 0.000000 0.000000 0.000000 0.000000 1.000000
0.999923 -0.001230 0.012371 0.000000 0.001486 0.999784 -0.020727 9.322100 -0.012343 0.020744 0.999709 0.000000 0.000000 0.000000 0.000000 1.000000
0.999891 0.002318 0.014607 -0.000000 -0.002078 0.999864 -0.016376 9.322100 -0.014643 0.016344 0.999759 0.000000 0.000000 0.000000 0.000000 1.000000
0.999815 0.006868 0.017975 0.000000 -0.006623 0.999885 -0.013654 9.322100 -0.018067 0.013532 0.999745 0.000000 0.000000 0.000000 0.000000 1.000000
0.999662 0.013421 0.022265 -0.000000 -0.013137 0.999831 -0.012832 9.322100 -0.022434 0.012535 0.999670 0.000000 0.000000 0.000000 0.000000 1.000000
0.999270 0.024492 0.029320 0.000000 -0.024111 0.999621 -0.013263 9.322100 -0.029634 0.012547 0.999482 -0.000000 0.000000 0.000000 0.000000 1.000000
0.998704 0.036844 0.035125 -0.000000 -0.036367 0.999239 -0.014121 9.322100 -0.035619 0.012825 0.999283 0.000000 0.000000 0.000000 0.000000 1.000000
0.998112 0.046658 0.039939 0.000000 -0.046067 0.998817 -0.015594 9.322100 -0.040619 0.013724 0.999080 -0.000000 0.000000 0.000000 0.000000 1.000000
0.996901 0.056400 0.054845 -0.000000 -0.055606 0.998326 -0.015914 9.322100 -0.055650 0.012815 0.998368 0.000000 0.000000 0.000000 0.000000 1.000000
0.993833 0.066358 0.088840 0.000000 -0.063622 0.997419 -0.033282 9.322100 -0.090819 0.027425 0.995490 -0.000000 0.000000 0.000000 0.000000 1.000000
0.994575 0.075058 0.072014 0.000000 -0.071569 0.996188 -0.049867 9.322100 -0.075483 0.044442 0.996156 0.000000 0.000000 0.000000 0.000000 1.000000
0.995500 0.083411 0.044979 0.000000 -0.080235 0.994432 -0.068319 9.322100 -0.050427 0.064402 0.996649 0.000000 0.000000 0.000000 0.000000 1.000000
0.993720 0.092600 0.062811 0.000000 -0.087822 0.993310 -0.074982 9.322100 -0.069334 0.068995 0.995205 0.000000 0.000000 0.000000 0.000000 1.000000
0.992570 0.101371 0.067300 0.000000 -0.096172 0.992424 -0.076456 9.322100 -0.074540 0.069415 0.994799 0.000000 0.000000 0.000000 0.000000 1.000000
0.992135 0.109711 0.060261 0.000000 -0.105025 0.991555 -0.076087 9.322100 -0.068100 0.069160 0.995279 0.000000 0.000000 0.000000 0.000000 1.000000
0.991781 0.117927 0.049627 0.000000 -0.114312 0.990955 -0.070292 9.322100 -0.057468 0.064041 0.996291 -0.000000 0.000000 0.000000 0.000000 1.000000
0.990614 0.126422 0.051968 0.000000 -0.122817 0.990129 -0.067530 9.322100 -0.059992 0.060513 0.996363 0.000000 0.000000 0.000000 0.000000 1.000000
0.989532 0.134731 0.051708 -0.000000 -0.131476 0.989384 -0.061917 9.322100 -0.059501 0.054471 0.996741 -0.000000 0.000000 0.000000 0.000000 1.000000
0.989013 0.142490 0.039371 0.000000 -0.140190 0.988537 -0.056050 9.322100 -0.046906 0.049915 0.997651 0.000000 0.000000 0.000000 0.000000 1.000000
0.988046 0.150062 0.035296 0.000000 -0.148000 0.987448 -0.055161 9.322100 -0.043130 0.049278 0.997853 -0.000000 0.000000 0.000000 0.000000 1.000000
0.986966 0.157408 0.033475 -0.000000 -0.154932 0.985660 -0.066859 9.322100 -0.043519 0.060802 0.997201 0.000000 0.000000 0.000000 0.000000 1.000000
0.985824 0.164809 0.031440 0.000000 -0.161884 0.983570 -0.079902 9.322100 -0.044092 0.073679 0.996307 -0.000000 0.000000 0.000000 0.000000 1.000000
0.984675 0.171924 0.029279 0.000000 -0.168579 0.981316 -0.092738 9.322100 -0.044676 0.086381 0.995260 0.000000 0.000000 0.000000 0.000000 1.000000
0.983527 0.178722 0.027079 0.000000 -0.175037 0.979033 -0.104190 9.322100 -0.045132 0.097734 0.994189 0.000000 0.000000 0.000000 0.000000 1.000000
0.982371 0.185273 0.024902 0.000000 -0.181319 0.976763 -0.114271 9.322100 -0.045495 0.107741 0.993137 0.000000 0.000000 0.000000 0.000000 1.000000
0.981183 0.191727 0.022800 0.000000 -0.187550 0.974479 -0.123355 9.322100 -0.045869 0.116758 0.992101 0.000000 0.000000 0.000000 0.000000 1.000000
0.979957 0.198118 0.020838 0.000000 -0.193747 0.972180 -0.131635 9.322100 -0.046337 0.124959 0.991079 0.000000 0.000000 0.000000 0.000000 1.000000
0.978731 0.204258 0.019109 0.000000 -0.199699 0.969913 -0.139244 9.322100 -0.046976 0.132467 0.990074 0.000000 0.000000 0.000000 0.000000 1.000000
0.977492 0.210233 0.017673 0.000000 -0.205475 0.967666 -0.146298 9.322100 -0.047858 0.139374 0.989083 0.000000 0.000000 0.000000 0.000000 1.000000
0.976304 0.215761 0.016646 0.000000 -0.210763 0.965491 -0.152992 9.322100 -0.049081 0.145859 0.988087 0.000000 0.000000 0.000000 0.000000 1.000000
0.975103 0.221171 0.016043 0.000000 -0.215876 0.963319 -0.159416 9.322100 -0.050713 0.151983 0.987081 -0.000000 0.000000 0.000000 0.000000 1.000000
0.973937 0.226254 0.015971 0.000000 -0.220587 0.961226 -0.165484 9.322100 -0.052793 0.157648 0.986083 0.000000 0.000000 0.000000 0.000000 1.000000
0.973503 0.228006 0.017452 0.000000 -0.221606 0.959494 -0.173961 9.322100 -0.056409 0.165485 0.984598 0.000000 0.000000 0.000000 0.000000 1.000000
0.973873 0.226454 0.017039 0.000000 -0.219655 0.958361 -0.182471 9.322100 -0.057650 0.173961 0.983064 0.000000 0.000000 0.000000 0.000000 1.000000
0.974435 0.224130 0.015543 0.000000 -0.217479 0.958356 -0.185088 9.322100 -0.056380 0.176976 0.982599 0.000000 0.000000 0.000000 0.000000 1.000000
0.974530 0.223744 0.015145 0.000000 -0.217359 0.959024 -0.181733 9.322100 -0.055186 0.173813 0.983231 0.000000 0.000000 0.000000 0.000000 1.000000
0.973515 0.228173 0.014325 0.000000 -0.222093 0.958722 -0.177559 9.322100 -0.054248 0.169674 0.984006 0.000000 0.000000 0.000000 0.000000 1.000000
0.972053 0.234272 0.015123 -0.000000 -0.227895 0.957133 -0.178774 9.322100 -0.056356 0.170331 0.983774 0.000000 0.000000 0.000000 0.000000 1.000000
0.970720 0.239551 0.017803 0.000000 -0.232435 0.955415 -0.182087 9.322100 -0.060629 0.172618 0.983121 0.000000 0.000000 0.000000 0.000000 1.000000
0.970067 0.242128 0.018524 -0.000000 -0.234744 0.954538 -0.183720 9.322100 -0.062165 0.173872 0.982804 0.000000 0.000000 0.000000 0.000000 1.000000</float_array>
        <technique_common>
          <accessor source="#mixamorig_Spine2-Matrix-animation-output-transform-array" count="96" stride="16">
            <param type="float4x4"/>
          </accessor>
        </technique_common>
      </source>
      <source id="mixamorig_Spine2-Interpolations">
        <Name_array id="mixamorig_Spine2-Interpolations-array" count="96">
 LINEAR LINEAR LINEAR LINEAR LINEAR LINEAR LINEAR LINEAR LINEAR LINEAR LINEAR
LINEAR LINEAR LINEAR LINEAR LINEAR LINEAR LINEAR LINEAR LINEAR LINEAR LINEAR LINEAR
LINEAR LINEAR LINEAR LINEAR LINEAR LINEAR LINEAR LINEAR LINEAR LINEAR LINEAR LINEAR
LINEAR LINEAR LINEAR LINEAR LINEAR LINEAR LINEAR LINEAR LINEAR LINEAR LINEAR LINEAR
LINEAR LINEAR LINEAR LINEAR LINEAR LINEAR LINEAR LINEAR LINEAR LINEAR LINEAR LINEAR
LINEAR LINEAR LINEAR LINEAR LINEAR LINEAR LINEAR LINEAR LINEAR LINEAR LINEAR LINEAR
LINEAR LINEAR LINEAR LINEAR LINEAR LINEAR LINEAR LINEAR LINEAR LINEAR LINEAR LINEAR
LINEAR LINEAR LINEAR LINEAR LINEAR LINEAR LINEAR LINEAR LINEAR LINEAR LINEAR LINEAR
LINEAR</Name_array>
        <technique_common>
          <accessor source="#mixamorig_Spine2-Interpolations-array" count="96">
            <param type="name"/>
          </accessor>
        </technique_common>
      </source>
      <sampler id="mixamorig_Spine2-Matrix-animation-transform">
        <input semantic="INPUT" source="#mixamorig_Spine2-Matrix-animation-input"/>
        <input semantic="OUTPUT" source="#mixamorig_Spine2-Matrix-animation-output-transform"/>
        <input semantic="INTERPOLATION" source="#mixamorig_Spine2-Interpolations"/>
      </sampler>
      <channel source="#mixamorig_Spine2-Matrix-animation-transform" target="mixamorig_Spine2/matrix"/>
    </animation>
    <animation id="mixamorig_Neck-anim" name="mixamorig_Neck">
      <source id="mixamorig_Neck-Matrix-animation-input">
        <float_array id="mixamorig_Neck-Matrix-animation-input-array" count="96">

0.000000 0.033333 0.066667 0.100000 0.133333 0.166667 0.200000 0.233333 0.266667 0.300000 0.333333 0.366667 0.400000 0.433333 0.466667 0.500000
0.533333 0.566667 0.600000 0.633333 0.666667 0.700000 0.733333 0.766667 0.800000 0.833333 0.866667 0.900000 0.933333 0.966667 1.000000 1.033333
1.066667 1.100000 1.133333 1.166667 1.200000 1.233333 1.266667 1.300000 1.333333 1.366667 1.400000 1.433333 1.466667 1.500000 1.533333 1.566667
1.600000 1.633333 1.666667 1.700000 1.733333 1.766667 1.800000 1.833333 1.866667 1.900000 1.933333 1.966667 2.000000 2.033333 2.066667 2.100000
2.133333 2.166667 2.200000 2.233333 2.266667 2.300000 2.333333 2.366667 2.400000 2.433333 2.466667 2.500000 2.533333 2.566667 2.600000 2.633333
2.666667 2.700000 2.733333 2.766667 2.800000 2.833333 2.866667 2.900000 2.933333 2.966667 3.000000 3.033333 3.066667 3.100000 3.133333 3.166667</float_array>
        <technique_common>
          <accessor source="#mixamorig_Neck-Matrix-animation-input-array" count="96">
            <param name="TIME" type="float"/>
          </accessor>
        </technique_common>
      </source>
      <source id="mixamorig_Neck-Matrix-animation-output-transform">
        <float_array id="mixamorig_Neck-Matrix-animation-output-transform-array" count="1536">

0.997545 -0.067919 0.017031 0.000000 0.066720 0.995772 0.063145 16.865299 -0.021248 -0.061854 0.997859 -0.000000 0.000000 0.000000 0.000000 1.000000
0.996757 -0.079075 0.014949 0.000000 0.078145 0.995428 0.054921 16.865299 -0.019224 -0.053575 0.998379 0.000000 0.000000 0.000000 0.000000 1.000000
0.994554 -0.103701 0.010416 0.000000 0.103273 0.994018 0.035547 16.865299 -0.014040 -0.034278 0.999314 0.000000 0.000000 0.000000 0.000000 1.000000
0.991158 -0.132592 0.005116 0.000000 0.132536 0.991128 0.009959 16.865299 -0.006391 -0.009193 0.999937 -0.000000 0.000000 0.000000 0.000000 1.000000
0.986565 -0.163368 -0.000400 -0.000000 0.163315 0.986305 -0.023025 16.865299 0.004156 0.022650 0.999735 0.000000 0.000000 0.000000 0.000000 1.000000
0.982423 -0.186613 -0.004575 0.000000 0.186055 0.980884 -0.057009 16.865299 0.015126 0.055156 0.998363 0.000000 0.000000 0.000000 0.000000 1.000000
0.980920 -0.194330 -0.005716 -0.000000 0.193059 0.977129 -0.089151 16.865299 0.022910 0.086347 0.996002 0.000000 0.000000 0.000000 0.000000 1.000000
0.984527 -0.175226 -0.001302 -0.000000 0.173901 0.977943 -0.115700 16.865299 0.021547 0.113684 0.993283 -0.000000 0.000000 0.000000 0.000000 1.000000
0.988974 -0.148050 0.003519 -0.000000 0.147053 0.978946 -0.141564 16.865299 0.017514 0.140520 0.989923 -0.000000 0.000000 0.000000 0.000000 1.000000
0.991446 -0.130477 0.003121 0.000000 0.129127 0.977147 -0.168848 16.865299 0.018981 0.167807 0.985637 0.000000 0.000000 0.000000 0.000000 1.000000
0.992538 -0.121898 -0.003195 0.000000 0.118993 0.973946 -0.193054 16.865299 0.026644 0.191234 0.981183 0.000000 0.000000 0.000000 0.000000 1.000000
0.992680 -0.120277 -0.010956 -0.000000 0.115340 0.971005 -0.209397 16.865299 0.035823 0.206600 0.977769 0.000000 0.000000 0.000000 0.000000 1.000000
0.993782 -0.110437 -0.014164 -0.000000 0.105041 0.972118 -0.209652 16.865299 0.036922 0.206860 0.977674 0.000000 0.000000 0.000000 0.000000 1.000000
0.995011 -0.099191 -0.010683 0.000000 0.095219 0.976171 -0.194998 16.865299 0.029770 0.193008 0.980745 0.000000 0.000000 0.000000 0.000000 1.000000
0.995249 -0.097316 -0.003116 0.000000 0.095359 0.980697 -0.170707 16.865299 0.019669 0.169599 0.985317 0.000000 0.000000 0.000000 0.000000 1.000000
0.994161 -0.107795 0.004849 0.000000 0.107353 0.983543 -0.145325 16.865299 0.010896 0.144997 0.989372 0.000000 0.000000 0.000000 0.000000 1.000000
0.992265 -0.123624 0.011304 0.000000 0.124069 0.984499 -0.123967 16.865299 0.004197 0.124410 0.992222 0.000000 0.000000 0.000000 0.000000 1.000000
0.990862 -0.133970 0.015633 -0.000000 0.134877 0.984847 -0.109015 16.865299 -0.000791 0.110127 0.993917 0.000000 0.000000 0.000000 0.000000 1.000000
0.990278 -0.137907 0.018192 0.000000 0.139042 0.985170 -0.100530 16.865299 -0.004059 0.102083 0.994768 0.000000 0.000000 0.000000 0.000000 1.000000
0.990393 -0.136788 0.020285 -0.000000 0.138130 0.985514 -0.098404 16.865299 -0.006530 0.100260 0.994940 0.000000 0.000000 0.000000 0.000000 1.000000
0.990862 -0.133124 0.021676 0.000000 0.134655 0.985583 -0.102437 16.865299 -0.007726 0.104420 0.994503 0.000000 0.000000 0.000000 0.000000 1.000000
0.991280 -0.130086 0.020995 0.000000 0.131630 0.984908 -0.112380 16.865299 -0.006059 0.114164 0.993443 -0.000000 0.000000 0.000000 0.000000 1.000000
0.991467 -0.129216 0.017221 -0.000000 0.130356 0.983532 -0.125187 16.865299 -0.000761 0.126364 0.991984 0.000000 0.000000 0.000000 0.000000 1.000000
0.991591 -0.128961 0.010740 -0.000000 0.129220 0.982269 -0.135827 16.865299 0.006966 0.136073 0.990674 -0.000000 0.000000 0.000000 0.000000 1.000000
0.991835 -0.127453 0.004273 -0.000000 0.126753 0.981600 -0.142812 16.865299 0.014008 0.142188 0.989741 0.000000 0.000000 0.000000 0.000000 1.000000
0.992102 -0.125436 -0.000406 -0.000000 0.124005 0.981260 -0.147487 16.865299 0.018899 0.146272 0.989064 0.000000 0.000000 0.000000 0.000000 1.000000
0.992289 -0.123920 -0.002631 0.000000 0.122099 0.980920 -0.151287 16.865299 0.021328 0.149799 0.988486 0.000000 0.000000 0.000000 0.000000 1.000000
0.992339 -0.123500 -0.003285 0.000000 0.121522 0.980541 -0.154178 16.865299 0.022262 0.152598 0.988038 0.000000 0.000000 0.000000 0.000000 1.000000
0.992239 -0.124281 -0.003880 0.000000 0.122196 0.980415 -0.154447 16.865299 0.022999 0.152774 0.987993 0.000000 0.000000 0.000000 0.000000 1.000000
0.991935 -0.126688 -0.003957 0.000000 0.124667 0.980791 -0.150023 16.865299 0.022887 0.148319 0.988675 0.000000 0.000000 0.000000 0.000000 1.000000
0.991417 -0.130672 -0.004185 0.000000 0.128815 0.981795 -0.139587 16.865299 0.022349 0.137850 0.990201 0.000000 0.000000 0.000000 0.000000 1.000000
0.990692 -0.136028 -0.005016 0.000000 0.134345 0.983040 -0.124833 16.865299 0.021912 0.122997 0.992165 -0.000000 0.000000 0.000000 0.000000 1.000000
0.989867 -0.141835 -0.006736 0.000000 0.140251 0.984026 -0.109649 16.865299 0.022181 0.107593 0.993948 0.000000 0.000000 0.000000 0.000000 1.000000
0.989245 -0.145915 -0.010153 0.000000 0.144251 0.984737 -0.097390 16.865299 0.024209 0.094877 0.995195 0.000000 0.000000 0.000000 0.000000 1.000000
0.989072 -0.146639 -0.015299 -0.000000 0.144694 0.985360 -0.090164 16.865299 0.028297 0.086965 0.995809 0.000000 0.000000 0.000000 0.000000 1.000000
0.989274 -0.144361 -0.022302 0.000000 0.141863 0.985887 -0.088889 16.865299 0.034820 0.084771 0.995792 0.000000 0.000000 0.000000 0.000000 1.000000
0.989810 -0.139180 -0.030092 -0.000000 0.135872 0.986364 -0.092870 16.865299 0.042607 0.087835 0.995223 0.000000 0.000000 0.000000 0.000000 1.000000
0.990492 -0.132256 -0.037869 0.000000 0.127900 0.986671 -0.100604 16.865299 0.050669 0.094804 0.994206 0.000000 0.000000 0.000000 0.000000 1.000000
0.991440 -0.123343 -0.042818 0.000000 0.118029 0.986902 -0.109972 16.865299 0.055821 0.103977 0.993012 0.000000 0.000000 0.000000 0.000000 1.000000
0.992827 -0.112564 -0.040308 -0.000000 0.107077 0.987089 -0.119119 16.865299 0.053196 0.113949 0.992061 0.000000 0.000000 0.000000 0.000000 1.000000
0.995058 -0.095979 -0.025444 0.000000 0.091959 0.987440 -0.128476 16.865299 0.037455 0.125501 0.991386 0.000000 0.000000 0.000000 0.000000 1.000000
0.996749 -0.080428 -0.004778 0.000000 0.078836 0.985822 -0.148119 16.865299 0.016623 0.147261 0.988958 0.000000 0.000000 0.000000 0.000000 1.000000
0.997475 -0.069360 0.015249 0.000000 0.070975 0.981038 -0.180354 16.865299 -0.002451 0.180981 0.983483 0.000000 0.000000 0.000000 0.000000 1.000000
0.997852 -0.060281 0.025637 0.000000 0.064484 0.972811 -0.222443 16.865299 -0.011531 0.223618 0.974609 -0.000000 0.000000 0.000000 0.000000 1.000000
0.997983 -0.055873 0.030147 0.000000 0.061742 0.964725 -0.255918 16.865299 -0.014784 0.257263 0.966228 -0.000000 0.000000 0.000000 0.000000 1.000000
0.997950 -0.056992 0.029108 -0.000000 0.062682 0.962176 -0.265118 16.865299 -0.012898 0.266399 0.963776 0.000000 0.000000 0.000000 0.000000 1.000000
0.997737 -0.061526 0.027135 0.000000 0.066366 0.965985 -0.249939 16.865299 -0.010834 0.251174 0.967881 0.000000 0.000000 0.000000 0.000000 1.000000
0.997474 -0.067022 0.023528 0.000000 0.070597 0.972011 -0.224079 16.865299 -0.007852 0.225174 0.974287 0.000000 0.000000 0.000000 0.000000 1.000000
0.997195 -0.072653 0.017976 0.000000 0.074789 0.976463 -0.202303 16.865299 -0.002855 0.203080 0.979158 0.000000 0.000000 0.000000 0.000000 1.000000
0.996760 -0.079599 0.011535 -0.000000 0.080339 0.978497 -0.189971 16.865299 0.003835 0.190282 0.981722 0.000000 0.000000 0.000000 0.000000 1.000000
0.996145 -0.087507 0.006108 -0.000000 0.087132 0.979021 -0.184192 16.865299 0.010139 0.184014 0.982871 -0.000000 0.000000 0.000000 0.000000 1.000000
0.995522 -0.094463 0.003431 0.000000 0.093530 0.979139 -0.180387 16.865299 0.013681 0.179900 0.983590 0.000000 0.000000 0.000000 0.000000 1.000000
0.995072 -0.099114 0.002859 0.000000 0.098067 0.979484 -0.176053 16.865299 0.014649 0.175466 0.984376 -0.000000 0.000000 0.000000 0.000000 1.000000
0.994788 -0.101919 0.002990 0.000000 0.100919 0.979988 -0.171579 16.865299 0.014557 0.170987 0.985166 0.000000 0.000000 0.000000 0.000000 1.000000
0.994498 -0.104714 0.002947 0.000000 0.103739 0.980546 -0.166637 16.865299 0.014559 0.166026 0.986014 0.000000 0.000000 0.000000 0.000000 1.000000
0.994106 -0.108365 0.003304 -0.000000 0.107475 0.981025 -0.161364 16.865299 0.014245 0.160768 0.986889 -0.000000 0.000000 0.000000 0.000000 1.000000
0.993604 -0.112872 0.003392 0.000000 0.112037 0.981603 -0.154609 16.865299 0.014121 0.154000 0.987970 0.000000 0.000000 0.000000 0.000000 1.000000
0.993027 -0.117856 0.002822 0.000000 0.116993 0.982248 -0.146632 16.865299 0.014509 0.145939 0.989187 0.000000 0.000000 0.000000 0.000000 1.000000
0.992493 -0.122286 0.001793 0.000000 0.121365 0.983000 -0.137776 16.865299 0.015086 0.136959 0.990462 -0.000000 0.000000 0.000000 0.000000 1.000000
0.991848 -0.127424 0.000329 -0.000000 0.126420 0.983697 -0.127899 16.865299 0.015974 0.126898 0.991787 -0.000000 0.000000 0.000000 0.000000 1.000000
0.991087 -0.133213 -0.001018 0.000000 0.132171 0.984236 -0.117516 16.865299 0.016656 0.116334 0.993070 0.000000 0.000000 0.000000 0.000000 1.000000
0.990329 -0.138734 -0.001433 0.000000 0.137780 0.984632 -0.107319 16.865299 0.016300 0.106084 0.994224 -0.000000 0.000000 0.000000 0.000000 1.000000
0.989950 -0.141416 0.000100 0.000000 0.140726 0.985049 -0.099370 16.865299 0.013954 0.098386 0.995051 0.000000 0.000000 0.000000 0.000000 1.000000
0.990340 -0.138637 0.002579 -0.000000 0.138216 0.985497 -0.098444 16.865299 0.011106 0.097849 0.995139 0.000000 0.000000 0.000000 0.000000 1.000000
0.991869 -0.127140 0.005664 -0.000000 0.127028 0.986321 -0.105048 16.865299 0.007769 0.104914 0.994451 0.000000 0.000000 0.000000 0.000000 1.000000
0.993698 -0.110769 0.017166 0.000000 0.112008 0.987138 -0.114069 16.865299 -0.004310 0.115273 0.993324 -0.000000 0.000000 0.000000 0.000000 1.000000
0.994739 -0.095450 0.037200 0.000000 0.099454 0.986874 -0.127234 16.865299 -0.024567 0.130265 0.991175 0.000000 0.000000 0.000000 0.000000 1.000000
0.994036 -0.089882 0.061747 -0.000000 0.098091 0.984378 -0.146213 16.865299 -0.047641 0.151398 0.987324 0.000000 0.000000 0.000000 0.000000 1.000000
0.993982 -0.084203 0.070073 0.000000 0.094656 0.982162 -0.162476 16.865299 -0.055142 0.168131 0.984221 0.000000 0.000000 0.000000 0.000000 1.000000
0.994575 -0.079192 0.067441 0.000000 0.089319 0.982484 -0.163545 16.865299 -0.053308 0.168682 0.984228 -0.000000 0.000000 0.000000 0.000000 1.000000
0.995036 -0.079155 0.060321 0.000000 0.087723 0.983850 -0.156025 16.865299 -0.046997 0.160542 0.985910 0.000000 0.000000 0.000000 0.000000 1.000000
0.994601 -0.085139 0.059335 -0.000000 0.093069 0.984736 -0.147084 16.865299 -0.045907 0.151812 0.987343 0.000000 0.000000 0.000000 0.000000 1.000000
0.993927 -0.089012 0.064695 0.000000 0.097640 0.984532 -0.145477 16.865299 -0.050745 0.150910 0.987244 0.000000 0.000000 0.000000 0.000000 1.000000
0.993451 -0.083862 0.077602 -0.000000 0.094676 0.984414 -0.148209 16.865299 -0.063963 0.154586 0.985907 0.000000 0.000000 0.000000 0.000000 1.000000
0.993068 -0.060607 0.100716 -0.000000 0.075745 0.985159 -0.154029 16.865299 -0.089886 0.160590 0.982920 -0.000000 0.000000 0.000000 0.000000 1.000000
0.992209 -0.033435 0.120013 0.000000 0.052009 0.986522 -0.155142 16.865299 -0.113208 0.160175 0.980575 0.000000 0.000000 0.000000 0.000000 1.000000
0.991693 -0.010362 0.128210 0.000000 0.030319 0.987495 -0.154708 16.865299 -0.125003 0.157310 0.979606 0.000000 0.000000 0.000000 0.000000 1.000000
0.992253 0.004050 0.124167 0.000000 0.015513 0.987607 -0.156181 16.865299 -0.123260 0.156898 0.979893 0.000000 0.000000 0.000000 0.000000 1.000000
0.993781 0.013811 0.110494 -0.000000 0.005272 0.985331 -0.170575 16.865299 -0.111229 0.170097 0.979130 -0.000000 0.000000 0.000000 0.000000 1.000000
0.994854 0.025720 0.097999 0.000000 -0.006903 0.982201 -0.187707 16.865299 -0.101082 0.186065 0.977324 0.000000 0.000000 0.000000 0.000000 1.000000
0.996058 0.027470 0.084339 0.000000 -0.009824 0.979151 -0.202896 16.865299 -0.088154 0.201268 0.975561 0.000000 0.000000 0.000000 0.000000 1.000000
0.997053 0.023887 0.072903 0.000000 -0.008357 0.978452 -0.206307 16.865299 -0.076260 0.205090 0.975768 0.000000 0.000000 0.000000 0.000000 1.000000
0.996651 0.019382 0.079446 0.000000 -0.003694 0.981185 -0.193033 16.865299 -0.081692 0.192093 0.977971 0.000000 0.000000 0.000000 0.000000 1.000000
0.995792 0.013994 0.090567 0.000000 0.001715 0.985254 -0.171092 16.865299 -0.091626 0.170527 0.981084 0.000000 0.000000 0.000000 0.000000 1.000000
0.994742 0.008275 0.102073 0.000000 0.007057 0.988822 -0.148936 16.865299 -0.102165 0.148873 0.983564 0.000000 0.000000 0.000000 0.000000 1.000000
0.994066 0.006315 0.108591 0.000000 0.008862 0.990292 -0.138718 16.865299 -0.108413 0.138857 0.984360 0.000000 0.000000 0.000000 0.000000 1.000000
0.993731 0.007207 0.111569 0.000000 0.008299 0.990412 -0.137893 16.865299 -0.111493 0.137955 0.984143 0.000000 0.000000 0.000000 0.000000 1.000000
0.993785 0.012144 0.110650 0.000000 0.004284 0.989122 -0.147036 16.865299 -0.111232 0.146596 0.982923 -0.000000 0.000000 0.000000 0.000000 1.000000
0.993618 0.018521 0.111262 0.000000 -0.001037 0.987886 -0.155179 16.865299 -0.112789 0.154073 0.981601 -0.000000 0.000000 0.000000 0.000000 1.000000
0.993275 0.025546 0.112923 0.000000 -0.006982 0.986795 -0.161825 16.865299 -0.115566 0.159948 0.980337 0.000000 0.000000 0.000000 0.000000 1.000000
0.992716 0.033163 0.115828 -0.000000 -0.013672 0.986169 -0.165175 16.865299 -0.119704 0.162388 0.979439 -0.000000 0.000000 0.000000 0.000000 1.000000
0.992297 0.037544 0.118059 0.000000 -0.017517 0.985918 -0.166307 16.865299 -0.122641 0.162958 0.978981 0.000000 0.000000 0.000000 0.000000 1.000000
0.992209 0.037131 0.118921 0.000000 -0.016939 0.985897 -0.166494 16.865299 -0.123426 0.163183 0.978845 0.000000 0.000000 0.000000 0.000000 1.000000
0.992397 0.034877 0.118036 0.000000 -0.014731 0.985775 -0.167424 16.865299 -0.122196 0.164413 0.978793 0.000000 0.000000 0.000000 0.000000 1.000000
0.992526 0.035940 0.116620 0.000000 -0.015572 0.985136 -0.171068 16.865299 -0.121035 0.167974 0.978333 0.000000 0.000000 0.000000 0.000000 1.000000
0.992639 0.037477 0.115168 0.000000 -0.016863 0.984424 -0.175002 16.865299 -0.119933 0.171772 0.977809 0.000000 0.000000 0.000000 0.000000 1.000000</float_array>
        <technique_common>
          <accessor source="#mixamorig_Neck-Matrix-animation-output-transform-array" count="96" stride="16">
            <param type="float4x4"/>
          </accessor>
        </technique_common>
      </source>
      <source id="mixamorig_Neck-Interpolations">
        <Name_array id="mixamorig_Neck-Interpolations-array" count="96">
 LINEAR LINEAR LINEAR LINEAR LINEAR LINEAR LINEAR LINEAR LINEAR LINEAR LINEAR
LINEAR LINEAR LINEAR LINEAR LINEAR LINEAR LINEAR LINEAR LINEAR LINEAR LINEAR LINEAR
LINEAR LINEAR LINEAR LINEAR LINEAR LINEAR LINEAR LINEAR LINEAR LINEAR LINEAR LINEAR
LINEAR LINEAR LINEAR LINEAR LINEAR LINEAR LINEAR LINEAR LINEAR LINEAR LINEAR LINEAR
LINEAR LINEAR LINEAR LINEAR LINEAR LINEAR LINEAR LINEAR LINEAR LINEAR LINEAR LINEAR
LINEAR LINEAR LINEAR LINEAR LINEAR LINEAR LINEAR LINEAR LINEAR LINEAR LINEAR LINEAR
LINEAR LINEAR LINEAR LINEAR LINEAR LINEAR LINEAR LINEAR LINEAR LINEAR LINEAR LINEAR
LINEAR LINEAR LINEAR LINEAR LINEAR LINEAR LINEAR LINEAR LINEAR LINEAR LINEAR LINEAR
LINEAR</Name_array>
        <technique_common>
          <accessor source="#mixamorig_Neck-Interpolations-array" count="96">
            <param type="name"/>
          </accessor>
        </technique_common>
      </source>
      <sampler id="mixamorig_Neck-Matrix-animation-transform">
        <input semantic="INPUT" source="#mixamorig_Neck-Matrix-animation-input"/>
        <input semantic="OUTPUT" source="#mixamorig_Neck-Matrix-animation-output-transform"/>
        <input semantic="INTERPOLATION" source="#mixamorig_Neck-Interpolations"/>
      </sampler>
      <channel source="#mixamorig_Neck-Matrix-animation-transform" target="mixamorig_Neck/matrix"/>
    </animation>
    <animation id="mixamorig_Head-anim" name="mixamorig_Head">
      <source id="mixamorig_Head-Matrix-animation-input">
        <float_array id="mixamorig_Head-Matrix-animation-input-array" count="96">

0.000000 0.033333 0.066667 0.100000 0.133333 0.166667 0.200000 0.233333 0.266667 0.300000 0.333333 0.366667 0.400000 0.433333 0.466667 0.500000
0.533333 0.566667 0.600000 0.633333 0.666667 0.700000 0.733333 0.766667 0.800000 0.833333 0.866667 0.900000 0.933333 0.966667 1.000000 1.033333
1.066667 1.100000 1.133333 1.166667 1.200000 1.233333 1.266667 1.300000 1.333333 1.366667 1.400000 1.433333 1.466667 1.500000 1.533333 1.566667
1.600000 1.633333 1.666667 1.700000 1.733333 1.766667 1.800000 1.833333 1.866667 1.900000 1.933333 1.966667 2.000000 2.033333 2.066667 2.100000
2.133333 2.166667 2.200000 2.233333 2.266667 2.300000 2.333333 2.366667 2.400000 2.433333 2.466667 2.500000 2.533333 2.566667 2.600000 2.633333
2.666667 2.700000 2.733333 2.766667 2.800000 2.833333 2.866667 2.900000 2.933333 2.966667 3.000000 3.033333 3.066667 3.100000 3.133333 3.166667</float_array>
        <technique_common>
          <accessor source="#mixamorig_Head-Matrix-animation-input-array" count="96">
            <param name="TIME" type="float"/>
          </accessor>
        </technique_common>
      </source>
      <source id="mixamorig_Head-Matrix-animation-output-transform">
        <float_array id="mixamorig_Head-Matrix-animation-output-transform-array" count="1536">

0.575444 -0.123338 0.808487 -0.000000 -0.143164 0.958107 0.248061 9.341900 -0.805213 -0.258491 0.533680 2.841000 0.000000 0.000000 0.000000 1.000000
0.608647 -0.134983 0.781875 0.000000 -0.146791 0.949256 0.278148 9.341900 -0.779744 -0.284066 0.557947 2.841000 0.000000 0.000000 0.000000 1.000000
0.679331 -0.159473 0.716294 -0.000000 -0.147140 0.926677 0.345860 9.341900 -0.718929 -0.340349 0.606056 2.841000 0.000000 0.000000 0.000000 1.000000
0.758065 -0.185486 0.625246 0.000000 -0.133188 0.894468 0.426834 9.341900 -0.638434 -0.406843 0.653361 2.841000 0.000000 0.000000 0.000000 1.000000
0.837155 -0.208530 0.505654 0.000000 -0.098281 0.852076 0.514107 9.341900 -0.538063 -0.480084 0.692826 2.841000 0.000000 0.000000 0.000000 1.000000
0.897475 -0.219673 0.382468 0.000000 -0.050651 0.810079 0.584129 9.341900 -0.438147 -0.543614 0.715899 2.841000 0.000000 0.000000 0.000000 1.000000
0.935720 -0.212449 0.281592 0.000000 -0.010869 0.780545 0.625005 9.341900 -0.352577 -0.587890 0.728062 2.841000 0.000000 0.000000 0.000000 1.000000
0.953290 -0.177262 0.244575 0.000000 -0.014230 0.782442 0.622561 9.341900 -0.301722 -0.596961 0.743372 2.841000 0.000000 0.000000 0.000000 1.000000
0.953723 -0.143822 0.264058 -0.000000 -0.017469 0.850202 0.526166 9.341900 -0.300177 -0.506430 0.808345 2.841000 0.000000 0.000000 0.000000 1.000000
0.950369 -0.123972 0.285358 0.000000 0.021709 0.941372 0.336671 9.341900 -0.310366 -0.313767 0.897342 2.841000 0.000000 0.000000 0.000000 1.000000
0.946677 -0.114639 0.301099 0.000000 0.090568 0.991560 0.092768 9.341900 -0.309193 -0.060551 0.949070 2.841000 0.000000 0.000000 0.000000 1.000000
0.948039 -0.111193 0.298089 0.000000 0.140176 0.987080 -0.077613 9.341900 -0.285608 0.115365 0.951377 2.841000 0.000000 0.000000 0.000000 1.000000
0.952094 -0.081968 0.294615 0.000000 0.110278 0.990613 -0.080774 9.341900 -0.285229 0.109394 0.952196 2.841000 0.000000 0.000000 0.000000 1.000000
0.951663 -0.047466 0.303455 0.000000 0.031422 0.997849 0.057539 9.341900 -0.305534 -0.045222 0.951107 2.841000 0.000000 0.000000 0.000000 1.000000
0.947482 -0.038395 0.317497 0.000000 -0.048537 0.964004 0.261420 9.341900 -0.316106 -0.263101 0.911512 2.841000 0.000000 0.000000 0.000000 1.000000
0.944798 -0.066959 0.320738 0.000000 -0.092447 0.884647 0.457004 9.341900 -0.314340 -0.461428 0.829623 2.841000 0.000000 0.000000 0.000000 1.000000
0.944267 -0.109326 0.310495 0.000000 -0.109646 0.784916 0.609824 9.341900 -0.310382 -0.609881 0.729183 2.841000 0.000000 0.000000 0.000000 1.000000
0.944720 -0.138089 0.297381 0.000000 -0.121813 0.694250 0.709351 9.341900 -0.304411 -0.706363 0.639051 2.841000 0.000000 0.000000 0.000000 1.000000
0.944182 -0.149339 0.293629 -0.000000 -0.135416 0.636600 0.759212 9.341900 -0.300304 -0.756597 0.580843 2.841000 0.000000 0.000000 0.000000 1.000000
0.939523 -0.149484 0.308142 0.000000 -0.150124 0.628931 0.762830 9.341900 -0.307831 -0.762955 0.568454 2.841000 0.000000 0.000000 0.000000 1.000000
0.932012 -0.144120 0.332541 0.000000 -0.154590 0.671801 0.724421 9.341900 -0.327805 -0.726576 0.603847 2.841000 0.000000 0.000000 0.000000 1.000000
0.926065 -0.135549 0.352180 0.000000 -0.137096 0.748646 0.648640 9.341900 -0.351581 -0.648965 0.674711 2.841000 0.000000 0.000000 0.000000 1.000000
0.926567 -0.128094 0.353645 0.000000 -0.098144 0.825314 0.556079 9.341900 -0.363098 -0.549953 0.752138 2.841000 0.000000 0.000000 0.000000 1.000000
0.933515 -0.120042 0.337845 0.000000 -0.056316 0.881497 0.468819 9.341900 -0.354088 -0.456676 0.816130 2.841000 0.000000 0.000000 0.000000 1.000000
0.941866 -0.114197 0.315988 0.000000 -0.023575 0.915688 0.401197 9.341900 -0.335162 -0.385323 0.859763 2.841000 0.000000 0.000000 0.000000 1.000000
0.948359 -0.110772 0.297228 0.000000 0.000303 0.937357 0.348371 9.341900 -0.317198 -0.330291 0.888984 2.841000 0.000000 0.000000 0.000000 1.000000
0.951650 -0.113604 0.285406 0.000000 0.021212 0.951187 0.307885 9.341900 -0.306451 -0.286944 0.907607 2.841000 0.000000 0.000000 0.000000 1.000000
0.953205 -0.121576 0.276803 0.000000 0.040604 0.958766 0.281281 9.341900 -0.299586 -0.256879 0.918837 2.841000 0.000000 0.000000 0.000000 1.000000
0.956057 -0.134132 0.260697 -0.000000 0.059279 0.959279 0.276170 9.341900 -0.287124 -0.248580 0.925077 2.841000 0.000000 0.000000 0.000000 1.000000
0.958754 -0.153452 0.239254 -0.000000 0.075839 0.949336 0.304975 9.341900 -0.273931 -0.274251 0.921818 2.841000 0.000000 0.000000 0.000000 1.000000
0.962951 -0.174697 0.205444 0.000000 0.089103 0.925135 0.369035 9.341900 -0.254533 -0.337056 0.906425 2.841000 0.000000 0.000000 0.000000 1.000000
0.968297 -0.191214 0.160740 0.000000 0.099436 0.885340 0.454187 9.341900 -0.229156 -0.423805 0.876286 2.841000 0.000000 0.000000 0.000000 1.000000
0.974260 -0.196381 0.110690 0.000000 0.107994 0.837600 0.535503 9.341900 -0.197877 -0.509766 0.837248 2.841000 0.000000 0.000000 0.000000 1.000000
0.980939 -0.183110 0.065035 -0.000000 0.109572 0.797637 0.593101 9.341900 -0.160478 -0.574670 0.802497 2.841000 0.000000 0.000000 0.000000 1.000000
0.987864 -0.151276 0.035206 0.000000 0.097505 0.780453 0.617564 9.341900 -0.120900 -0.606637 0.785732 2.841000 0.000000 0.000000 0.000000 1.000000
0.994440 -0.103115 0.021369 -0.000000 0.069137 0.792368 0.606113 9.341900 -0.079431 -0.601265 0.795092 2.841000 0.000000 0.000000 0.000000 1.000000
0.998854 -0.043155 0.020709 -0.000000 0.024072 0.826830 0.561936 9.341900 -0.041373 -0.560794 0.826921 2.841000 0.000000 0.000000 0.000000 1.000000
0.999292 0.022133 0.030428 0.000000 -0.034114 0.874100 0.484547 9.341900 -0.015873 -0.485242 0.874236 2.841000 0.000000 0.000000 0.000000 1.000000
0.994734 0.081856 0.061681 0.000000 -0.099034 0.922656 0.372691 9.341900 -0.026403 -0.376836 0.925903 2.841000 0.000000 0.000000 0.000000 1.000000
0.983883 0.115321 0.136661 -0.000000 -0.145642 0.960218 0.238263 9.341900 -0.103747 -0.254326 0.961538 2.841000 0.000000 0.000000 0.000000 1.000000
0.957688 0.107324 0.267051 0.000000 -0.140421 0.984179 0.108046 9.341900 -0.251230 -0.140974 0.957606 2.841000 0.000000 0.000000 0.000000 1.000000
0.901382 0.081639 0.425260 0.000000 -0.087512 0.996147 -0.005743 9.341900 -0.424090 -0.032038 0.905053 2.841000 0.000000 0.000000 0.000000 1.000000
0.826780 0.041613 0.560984 0.000000 0.028613 0.992858 -0.115820 9.341900 -0.561797 0.111809 0.819684 2.841000 0.000000 0.000000 0.000000 1.000000
0.770871 0.022459 0.636596 0.000000 0.174443 0.953730 -0.244885 9.341900 -0.612640 0.299825 0.731285 2.841000 0.000000 0.000000 0.000000 1.000000
0.742537 0.006373 0.669775 0.000000 0.301388 0.889827 -0.342597 9.341900 -0.598167 0.456253 0.658809 2.841000 0.000000 0.000000 0.000000 1.000000
0.741901 0.004263 0.670496 -0.000000 0.335819 0.863159 -0.377070 9.341900 -0.580352 0.504914 0.638947 2.841000 0.000000 0.000000 0.000000 1.000000
0.753275 0.021260 0.657362 -0.000000 0.272947 0.899241 -0.341855 9.341900 -0.598395 0.436936 0.671573 2.841000 0.000000 0.000000 0.000000 1.000000
0.775794 0.043006 0.629519 0.000000 0.154426 0.954394 -0.255509 9.341900 -0.611797 0.295437 0.733772 2.841000 0.000000 0.000000 0.000000 1.000000
0.808513 0.047922 0.586523 -0.000000 0.051286 0.987148 -0.151353 9.341900 -0.586239 0.152452 0.795665 2.841000 0.000000 0.000000 0.000000 1.000000
0.846793 0.029167 0.531122 0.000000 0.003855 0.998133 -0.060960 9.341900 -0.531908 0.053668 0.845100 2.841000 0.000000 0.000000 0.000000 1.000000
0.878094 0.003507 0.478476 0.000000 -0.000694 0.999981 -0.006055 9.341900 -0.478488 0.004985 0.878080 2.841000 0.000000 0.000000 0.000000 1.000000
0.897928 -0.019458 0.439713 -0.000000 0.008548 0.999605 0.026778 9.341900 -0.440060 -0.020286 0.897739 2.841000 0.000000 0.000000 0.000000 1.000000
0.909437 -0.035469 0.414325 0.000000 0.011622 0.998134 0.059937 9.341900 -0.415678 -0.049694 0.908153 2.841000 0.000000 0.000000 0.000000 1.000000
0.918055 -0.048336 0.393494 0.000000 0.008253 0.994655 0.102926 9.341900 -0.396366 -0.091244 0.913547 2.841000 0.000000 0.000000 0.000000 1.000000
0.925357 -0.059439 0.374408 0.000000 0.000309 0.987750 0.156046 9.341900 -0.379097 -0.144282 0.914040 2.841000 0.000000 0.000000 0.000000 1.000000
0.931063 -0.068243 0.358420 -0.000000 -0.011300 0.976488 0.215277 9.341900 -0.364683 -0.204486 0.908400 2.841000 0.000000 0.000000 0.000000 1.000000
0.936754 -0.074154 0.342043 -0.000000 -0.027420 0.958743 0.282949 9.341900 -0.348914 -0.274432 0.896073 2.841000 0.000000 0.000000 0.000000 1.000000
0.942750 -0.076369 0.324638 -0.000000 -0.046965 0.933326 0.355944 9.341900 -0.330176 -0.350813 0.876307 2.841000 0.000000 0.000000 0.000000 1.000000
0.948128 -0.074098 0.309133 0.000000 -0.069580 0.900501 0.429252 9.341900 -0.310181 -0.428495 0.848634 2.841000 0.000000 0.000000 0.000000 1.000000
0.952484 -0.070343 0.296354 0.000000 -0.091739 0.861534 0.499343 9.341900 -0.290444 -0.502804 0.814144 2.841000 0.000000 0.000000 0.000000 1.000000
0.955030 -0.067279 0.288774 0.000000 -0.113210 0.817396 0.564843 9.341900 -0.274045 -0.572134 0.773021 2.841000 0.000000 0.000000 0.000000 1.000000
0.953917 -0.064036 0.293159 0.000000 -0.138799 0.772008 0.620273 9.341900 -0.266041 -0.632379 0.727543 2.841000 0.000000 0.000000 0.000000 1.000000
0.944955 -0.057788 0.322058 0.000000 -0.177808 0.735572 0.653695 9.341900 -0.274673 -0.674977 0.684807 2.841000 0.000000 0.000000 0.000000 1.000000
0.924219 -0.043850 0.379338 0.000000 -0.231326 0.726077 0.647534 9.341900 -0.303823 -0.686214 0.660910 2.841000 0.000000 0.000000 0.000000 1.000000
0.880271 -0.008502 0.474395 0.000000 -0.312725 0.741536 0.593572 9.341900 -0.356827 -0.670859 0.650094 2.841000 0.000000 0.000000 0.000000 1.000000
0.809504 -0.010959 0.587012 0.000000 -0.366357 0.771862 0.519626 9.341900 -0.458787 -0.635695 0.620811 2.841000 0.000000 0.000000 0.000000 1.000000
0.722222 -0.068078 0.688303 0.000000 -0.347638 0.824585 0.446327 9.341900 -0.597949 -0.561627 0.571867 2.841000 0.000000 0.000000 0.000000 1.000000
0.660280 -0.227012 0.715888 0.000000 -0.176843 0.879422 0.441976 9.341900 -0.729902 -0.418428 0.540519 2.841000 0.000000 0.000000 0.000000 1.000000
0.629679 -0.276733 0.725894 0.000000 -0.065401 0.912201 0.404491 9.341900 -0.774097 -0.302173 0.556295 2.841000 0.000000 0.000000 0.000000 1.000000
0.638993 -0.264626 0.722261 -0.000000 -0.040631 0.926039 0.375234 9.341900 -0.768139 -0.269118 0.580980 2.841000 0.000000 0.000000 0.000000 1.000000
0.660688 -0.199529 0.723657 -0.000000 -0.106994 0.929153 0.353873 9.341900 -0.742997 -0.311227 0.592532 2.841000 0.000000 0.000000 0.000000 1.000000
0.667673 -0.178843 0.722654 0.000000 -0.141540 0.922514 0.359076 9.341900 -0.730876 -0.342029 0.590624 2.841000 0.000000 0.000000 0.000000 1.000000
0.652837 -0.200537 0.730471 -0.000000 -0.130632 0.920069 0.369336 9.341900 -0.746150 -0.336539 0.574459 2.841000 0.000000 0.000000 0.000000 1.000000
0.598160 -0.235684 0.765936 0.000000 -0.109603 0.922734 0.369526 9.341900 -0.793846 -0.304985 0.526111 2.841000 0.000000 0.000000 0.000000 1.000000
0.500897 -0.284382 0.817453 0.000000 -0.078483 0.925664 0.370118 9.341900 -0.861941 -0.249547 0.441343 2.841000 0.000000 0.000000 0.000000 1.000000
0.416725 -0.313362 0.853314 0.000000 -0.070810 0.924663 0.374144 9.341900 -0.906271 -0.216338 0.363141 2.841000 0.000000 0.000000 0.000000 1.000000
0.375993 -0.323688 0.868249 -0.000000 -0.066027 0.925263 0.373536 9.341900 -0.924267 -0.197774 0.326520 2.841000 0.000000 0.000000 0.000000 1.000000
0.379396 -0.301478 0.874740 0.000000 -0.068844 0.933606 0.351626 9.341900 -0.922670 -0.193626 0.333452 2.841000 0.000000 0.000000 0.000000 1.000000
0.404143 -0.257756 0.877628 0.000000 -0.060142 0.949911 0.306680 9.341900 -0.912716 -0.176725 0.368398 2.841000 0.000000 0.000000 0.000000 1.000000
0.427349 -0.201124 0.881432 0.000000 -0.056816 0.967040 0.248204 9.341900 -0.902300 -0.156149 0.401836 2.841000 0.000000 0.000000 0.000000 1.000000
0.455641 -0.160682 0.875541 0.000000 -0.049781 0.977435 0.205288 9.341900 -0.888770 -0.137123 0.437361 2.841000 0.000000 0.000000 0.000000 1.000000
0.478795 -0.144630 0.865932 0.000000 -0.050762 0.980126 0.191771 9.341900 -0.876458 -0.135775 0.461938 2.841000 0.000000 0.000000 0.000000 1.000000
0.465846 -0.148227 0.872363 0.000000 -0.076355 0.975459 0.206519 9.341900 -0.881566 -0.162815 0.443095 2.841000 0.000000 0.000000 0.000000 1.000000
0.441666 -0.154402 0.883794 0.000000 -0.121037 0.965820 0.229219 9.341900 -0.888978 -0.208210 0.407881 2.841000 0.000000 0.000000 0.000000 1.000000
0.415293 -0.152302 0.896848 0.000000 -0.172523 0.954807 0.242033 9.341900 -0.893178 -0.255242 0.370249 2.841000 0.000000 0.000000 0.000000 1.000000
0.396131 -0.138915 0.907625 0.000000 -0.212868 0.947664 0.237949 9.341900 -0.893178 -0.287463 0.345829 2.841000 0.000000 0.000000 0.000000 1.000000
0.379906 -0.118209 0.917441 0.000000 -0.243730 0.943963 0.222553 9.341900 -0.892338 -0.308157 0.329806 2.841000 0.000000 0.000000 0.000000 1.000000
0.366533 -0.102160 0.924779 0.000000 -0.259136 0.943414 0.206926 9.341900 -0.893589 -0.315489 0.319320 2.841000 0.000000 0.000000 0.000000 1.000000
0.349258 -0.090831 0.932614 0.000000 -0.268905 0.943711 0.192615 9.341900 -0.897613 -0.318056 0.305174 2.841000 0.000000 0.000000 0.000000 1.000000
0.331086 -0.083506 0.939898 0.000000 -0.274318 0.944538 0.180549 9.341900 -0.902846 -0.317608 0.289816 2.841000 0.000000 0.000000 0.000000 1.000000
0.312225 -0.081248 0.946527 0.000000 -0.279489 0.944387 0.173258 9.341900 -0.907965 -0.318640 0.272153 2.841000 0.000000 0.000000 0.000000 1.000000
0.299298 -0.081110 0.950706 0.000000 -0.285508 0.943116 0.170345 9.341900 -0.910443 -0.322418 0.259115 2.841000 0.000000 0.000000 0.000000 1.000000
0.295832 -0.086041 0.951357 0.000000 -0.290108 0.940802 0.175298 9.341900 -0.910121 -0.327855 0.253358 2.841000 0.000000 0.000000 0.000000 1.000000
0.300507 -0.089090 0.949610 0.000000 -0.291604 0.939372 0.180409 9.341900 -0.908109 -0.331124 0.256309 2.841000 0.000000 0.000000 0.000000 1.000000
0.306707 -0.086843 0.947834 0.000000 -0.288084 0.940649 0.179406 9.341900 -0.907159 -0.328080 0.263486 2.841000 0.000000 0.000000 0.000000 1.000000
0.313079 -0.084004 0.946005 -0.000000 -0.284017 0.942216 0.177662 9.341900 -0.906265 -0.324304 0.271130 2.841000 0.000000 0.000000 0.000000 1.000000</float_array>
        <technique_common>
          <accessor source="#mixamorig_Head-Matrix-animation-output-transform-array" count="96" stride="16">
            <param type="float4x4"/>
          </accessor>
        </technique_common>
      </source>
      <source id="mixamorig_Head-Interpolations">
        <Name_array id="mixamorig_Head-Interpolations-array" count="96">
 LINEAR LINEAR LINEAR LINEAR LINEAR LINEAR LINEAR LINEAR LINEAR LINEAR LINEAR
LINEAR LINEAR LINEAR LINEAR LINEAR LINEAR LINEAR LINEAR LINEAR LINEAR LINEAR LINEAR
LINEAR LINEAR LINEAR LINEAR LINEAR LINEAR LINEAR LINEAR LINEAR LINEAR LINEAR LINEAR
LINEAR LINEAR LINEAR LINEAR LINEAR LINEAR LINEAR LINEAR LINEAR LINEAR LINEAR LINEAR
LINEAR LINEAR LINEAR LINEAR LINEAR LINEAR LINEAR LINEAR LINEAR LINEAR LINEAR LINEAR
LINEAR LINEAR LINEAR LINEAR LINEAR LINEAR LINEAR LINEAR LINEAR LINEAR LINEAR LINEAR
LINEAR LINEAR LINEAR LINEAR LINEAR LINEAR LINEAR LINEAR LINEAR LINEAR LINEAR LINEAR
LINEAR LINEAR LINEAR LINEAR LINEAR LINEAR LINEAR LINEAR LINEAR LINEAR LINEAR LINEAR
LINEAR</Name_array>
        <technique_common>
          <accessor source="#mixamorig_Head-Interpolations-array" count="96">
            <param type="name"/>
          </accessor>
        </technique_common>
      </source>
      <sampler id="mixamorig_Head-Matrix-animation-transform">
        <input semantic="INPUT" source="#mixamorig_Head-Matrix-animation-input"/>
        <input semantic="OUTPUT" source="#mixamorig_Head-Matrix-animation-output-transform"/>
        <input semantic="INTERPOLATION" source="#mixamorig_Head-Interpolations"/>
      </sampler>
      <channel source="#mixamorig_Head-Matrix-animation-transform" target="mixamorig_Head/matrix"/>
    </animation>
    <animation id="mixamorig_RightShoulder-anim" name="mixamorig_RightShoulder">
      <source id="mixamorig_RightShoulder-Matrix-animation-input">
        <float_array id="mixamorig_RightShoulder-Matrix-animation-input-array" count="96">

0.000000 0.033333 0.066667 0.100000 0.133333 0.166667 0.200000 0.233333 0.266667 0.300000 0.333333 0.366667 0.400000 0.433333 0.466667 0.500000
0.533333 0.566667 0.600000 0.633333 0.666667 0.700000 0.733333 0.766667 0.800000 0.833333 0.866667 0.900000 0.933333 0.966667 1.000000 1.033333
1.066667 1.100000 1.133333 1.166667 1.200000 1.233333 1.266667 1.300000 1.333333 1.366667 1.400000 1.433333 1.466667 1.500000 1.533333 1.566667
1.600000 1.633333 1.666667 1.700000 1.733333 1.766667 1.800000 1.833333 1.866667 1.900000 1.933333 1.966667 2.000000 2.033333 2.066667 2.100000
2.133333 2.166667 2.200000 2.233333 2.266667 2.300000 2.333333 2.366667 2.400000 2.433333 2.466667 2.500000 2.533333 2.566667 2.600000 2.633333
2.666667 2.700000 2.733333 2.766667 2.800000 2.833333 2.866667 2.900000 2.933333 2.966667 3.000000 3.033333 3.066667 3.100000 3.133333 3.166667</float_array>
        <technique_common>
          <accessor source="#mixamorig_RightShoulder-Matrix-animation-input-array" count="96">
            <param name="TIME" type="float"/>
          </accessor>
        </technique_common>
      </source>
      <source id="mixamorig_RightShoulder-Matrix-animation-output-transform">
        <float_array id="mixamorig_RightShoulder-Matrix-animation-output-transform-array" count="1536">

-0.076496 -0.977121 0.198452 -4.570000 -0.172762 -0.183035 -0.967808 11.195800 0.981989 -0.108319 -0.154808 -0.806600 0.000000 0.000000 0.000000 1.000000
-0.075268 -0.981369 0.176776 -4.570000 -0.173031 -0.161736 -0.971546 11.195800 0.982036 -0.103714 -0.157634 -0.806600 0.000000 0.000000 0.000000 1.000000
-0.071653 -0.990523 0.117178 -4.570000 -0.174047 -0.103261 -0.979308 11.195800 0.982127 -0.090565 -0.164999 -0.806600 0.000000 0.000000 0.000000 1.000000
-0.065633 -0.997452 0.027945 -4.570000 -0.176477 -0.015961 -0.984175 11.195800 0.982114 -0.069526 -0.174979 -0.806600 0.000000 0.000000 0.000000 1.000000
-0.057367 -0.995003 -0.081719 -4.570000 -0.181159 0.090870 -0.979247 11.195800 0.981779 -0.041372 -0.185467 -0.806600 0.000000 0.000000 0.000000 1.000000
-0.047425 -0.978342 -0.201488 -4.570000 -0.188701 0.206858 -0.960001 11.195800 0.980889 -0.007507 -0.194424 -0.806600 0.000000 0.000000 0.000000 1.000000
-0.036732 -0.946499 -0.320610 -4.570000 -0.199069 0.321327 -0.925808 11.195800 0.979297 0.029817 -0.200222 -0.806600 0.000000 0.000000 0.000000 1.000000
-0.026269 -0.902858 -0.429136 -4.570000 -0.211315 0.424598 -0.880376 11.195800 0.977065 0.067556 -0.201942 -0.806600 0.000000 0.000000 0.000000 1.000000
-0.016691 -0.854590 -0.519035 -4.570000 -0.223539 0.509157 -0.831138 11.195800 0.974552 0.102152 -0.199532 -0.806600 0.000000 0.000000 0.000000 1.000000
0.034850 -0.809906 -0.585524 -4.570000 -0.190174 0.569800 -0.799476 11.195800 0.981132 0.139213 -0.134165 -0.806600 0.000000 0.000000 0.000000 1.000000
0.086538 -0.788369 -0.609086 -4.570000 -0.164058 0.591756 -0.789247 11.195800 0.982648 0.168225 -0.078129 -0.806600 0.000000 0.000000 0.000000 1.000000
0.123741 -0.788743 -0.602140 -4.570000 -0.151660 0.584643 -0.796989 11.195800 0.980657 0.189941 -0.047277 -0.806600 0.000000 0.000000 0.000000 1.000000
0.146311 -0.800036 -0.581838 -4.570000 -0.153636 0.562653 -0.812291 11.195800 0.977235 0.208239 -0.040592 -0.806600 0.000000 0.000000 0.000000 1.000000
0.165241 -0.810749 -0.561589 -4.570000 -0.164640 0.538750 -0.826221 11.195800 0.972414 0.228986 -0.044458 -0.806600 0.000000 0.000000 0.000000 1.000000
0.166255 -0.817722 -0.551081 -4.570000 -0.168404 0.527103 -0.832948 11.195800 0.971596 0.231286 -0.050074 -0.806600 0.000000 0.000000 0.000000 1.000000
0.137515 -0.824718 -0.548570 -4.570000 -0.153737 0.529348 -0.834359 11.195800 0.978496 0.199072 -0.053996 -0.806600 0.000000 0.000000 0.000000 1.000000
0.114518 -0.830165 -0.545630 -4.570000 -0.144101 0.529553 -0.835948 11.195800 0.982914 0.174356 -0.058984 -0.806600 0.000000 0.000000 0.000000 1.000000
0.103246 -0.835461 -0.539765 -4.570000 -0.142935 0.524570 -0.839283 11.195800 0.984332 0.163804 -0.065257 -0.806600 0.000000 0.000000 0.000000 1.000000
0.094262 -0.842048 -0.531102 -4.570000 -0.143217 0.516459 -0.844251 11.195800 0.985192 0.155644 -0.071914 -0.806600 0.000000 0.000000 0.000000 1.000000
0.085999 -0.851852 -0.516674 -4.570000 -0.142992 0.502672 -0.852569 11.195800 0.985980 0.147200 -0.078579 -0.806600 0.000000 0.000000 0.000000 1.000000
0.076921 -0.863720 -0.498068 -4.570000 -0.142945 0.484833 -0.862846 11.195800 0.986737 0.137567 -0.086170 -0.806600 0.000000 0.000000 0.000000 1.000000
0.067532 -0.887970 -0.454916 -4.570000 -0.136897 0.443398 -0.885809 11.195800 0.988281 0.122098 -0.091617 -0.806600 0.000000 0.000000 0.000000 1.000000
0.059140 -0.910627 -0.408976 -4.570000 -0.130895 0.399082 -0.907524 11.195800 0.989631 0.107204 -0.095595 -0.806600 0.000000 0.000000 0.000000 1.000000
0.053557 -0.917189 -0.394837 -4.570000 -0.133313 0.385298 -0.913112 11.195800 0.989626 0.101540 -0.101637 -0.806600 0.000000 0.000000 0.000000 1.000000
0.052491 -0.922190 -0.383157 -4.570000 -0.136744 0.373434 -0.917523 11.195800 0.989215 0.100556 -0.106502 -0.806600 0.000000 0.000000 0.000000 1.000000
0.063680 -0.937997 -0.340744 -4.570000 -0.138142 0.329865 -0.933866 11.195800 0.988363 0.106540 -0.108571 -0.806600 0.000000 0.000000 0.000000 1.000000
0.077171 -0.952316 -0.295194 -4.570000 -0.140967 0.282681 -0.948799 11.195800 0.987002 0.114832 -0.112431 -0.806600 0.000000 0.000000 0.000000 1.000000
0.080918 -0.964632 -0.250873 -4.570000 -0.141052 0.238082 -0.960948 11.195800 0.986690 0.113145 -0.116798 -0.806600 0.000000 0.000000 0.000000 1.000000
0.080103 -0.972834 -0.217202 -4.570000 -0.141569 0.204590 -0.968556 11.195800 0.986682 0.108333 -0.121335 -0.806600 0.000000 0.000000 0.000000 1.000000
0.076679 -0.978595 -0.190977 -4.570000 -0.140501 0.179024 -0.973761 11.195800 0.987107 0.101500 -0.123767 -0.806600 0.000000 0.000000 0.000000 1.000000
0.071290 -0.979276 -0.189568 -4.570000 -0.141497 0.178201 -0.973767 11.195800 0.987368 0.096243 -0.125860 -0.806600 0.000000 0.000000 0.000000 1.000000
0.063028 -0.976742 -0.204944 -4.570000 -0.142204 0.194468 -0.970546 11.195800 0.987829 0.090315 -0.126639 -0.806600 0.000000 0.000000 0.000000 1.000000
0.052143 -0.975937 -0.211727 -4.570000 -0.139055 0.202854 -0.969285 11.195800 0.988911 0.079983 -0.125131 -0.806600 0.000000 0.000000 0.000000 1.000000
0.039169 -0.977150 -0.208910 -4.570000 -0.135594 0.201939 -0.969966 11.195800 0.989990 0.066320 -0.124586 -0.806600 0.000000 0.000000 0.000000 1.000000
0.024397 -0.981128 -0.191813 -4.570000 -0.132013 0.187028 -0.973444 11.195800 0.990948 0.049071 -0.124959 -0.806600 0.000000 0.000000 0.000000 1.000000
0.008542 -0.986154 -0.165614 -4.570000 -0.129594 0.163131 -0.978056 11.195800 0.991530 0.029818 -0.126406 -0.806600 0.000000 0.000000 0.000000 1.000000
-0.008076 -0.992166 -0.124668 -4.570000 -0.125751 0.124690 -0.984195 11.195800 0.992029 0.007729 -0.125773 -0.806600 0.000000 0.000000 0.000000 1.000000
-0.025693 -0.996497 -0.079586 -4.570000 -0.123379 0.082164 -0.988952 11.195800 0.992027 -0.015590 -0.125058 -0.806600 0.000000 0.000000 0.000000 1.000000
-0.043749 -0.998622 -0.028993 -4.570000 -0.123192 0.034192 -0.991794 11.195800 0.991418 -0.039818 -0.124518 -0.806600 0.000000 0.000000 0.000000 1.000000
-0.061469 -0.997695 0.028759 -4.570000 -0.130769 -0.020515 -0.991201 11.195800 0.989505 -0.064689 -0.129206 -0.806600 0.000000 0.000000 0.000000 1.000000
-0.076869 -0.992494 0.095115 -4.570000 -0.146293 -0.083137 -0.985742 11.195800 0.986250 -0.089687 -0.138804 -0.806600 0.000000 0.000000 0.000000 1.000000
-0.087342 -0.979862 0.179558 -4.570000 -0.167044 -0.163289 -0.972334 11.195800 0.982073 -0.114919 -0.149418 -0.806600 0.000000 0.000000 0.000000 1.000000
-0.091168 -0.952702 0.289910 -4.570000 -0.183584 -0.270053 -0.945182 11.195800 0.978767 -0.139394 -0.150280 -0.806600 0.000000 0.000000 0.000000 1.000000
-0.097939 -0.937226 0.334688 -4.570000 -0.194472 -0.311798 -0.930034 11.195800 0.976006 -0.156174 -0.151727 -0.806600 0.000000 0.000000 0.000000 1.000000
-0.106481 -0.929724 0.352527 -4.570000 -0.201589 -0.326994 -0.923275 11.195800 0.973665 -0.169377 -0.152603 -0.806600 0.000000 0.000000 0.000000 1.000000
-0.117066 -0.927450 0.355151 -4.570000 -0.204878 -0.327364 -0.922419 11.195800 0.971762 -0.180747 -0.151691 -0.806600 0.000000 0.000000 0.000000 1.000000
-0.127367 -0.926107 0.355111 -4.570000 -0.207231 -0.325278 -0.922632 11.195800 0.969966 -0.191102 -0.150488 -0.806600 0.000000 0.000000 0.000000 1.000000
-0.137157 -0.925436 0.353209 -4.570000 -0.208556 -0.321607 -0.923620 11.195800 0.968345 -0.200345 -0.148895 -0.806600 0.000000 0.000000 0.000000 1.000000
-0.145997 -0.925175 0.350336 -4.570000 -0.209368 -0.317213 -0.924954 11.195800 0.966876 -0.208389 -0.147390 -0.806600 0.000000 0.000000 0.000000 1.000000
-0.153620 -0.925096 0.347273 -4.570000 -0.209736 -0.312910 -0.926336 11.195800 0.965615 -0.215139 -0.145957 -0.806600 0.000000 0.000000 0.000000 1.000000
-0.159909 -0.925243 0.344028 -4.570000 -0.209559 -0.308750 -0.927771 11.195800 0.964632 -0.220453 -0.144522 -0.806600 0.000000 0.000000 0.000000 1.000000
-0.164772 -0.925787 0.340248 -4.570000 -0.208755 -0.304416 -0.929383 11.195800 0.963987 -0.224165 -0.143103 -0.806600 0.000000 0.000000 0.000000 1.000000
-0.168237 -0.926856 0.335610 -4.570000 -0.207274 -0.299589 -0.931281 11.195800 0.963708 -0.226239 -0.141712 -0.806600 0.000000 0.000000 0.000000 1.000000
-0.170597 -0.928506 0.329807 -4.570000 -0.205145 -0.293910 -0.933559 11.195800 0.963749 -0.226920 -0.140338 -0.806600 0.000000 0.000000 0.000000 1.000000
-0.172153 -0.930771 0.322534 -4.570000 -0.202397 -0.287015 -0.936300 11.195800 0.964053 -0.226467 -0.138975 -0.806600 0.000000 0.000000 0.000000 1.000000
-0.173201 -0.933669 0.313469 -4.570000 -0.199043 -0.278529 -0.939576 11.195800 0.964564 -0.225130 -0.137599 -0.806600 0.000000 0.000000 0.000000 1.000000
-0.174062 -0.937213 0.302216 -4.570000 -0.194990 -0.268021 -0.943474 11.195800 0.965236 -0.223152 -0.136095 -0.806600 0.000000 0.000000 0.000000 1.000000
-0.174899 -0.941487 0.288120 -4.570000 -0.190718 -0.254693 -0.948029 11.195800 0.965939 -0.220759 -0.135013 -0.806600 0.000000 0.000000 0.000000 1.000000
-0.175331 -0.946678 0.270297 -4.570000 -0.186280 -0.237691 -0.953312 11.195800 0.966726 -0.217496 -0.134672 -0.806600 0.000000 0.000000 0.000000 1.000000
-0.175332 -0.953117 0.246632 -4.570000 -0.181778 -0.214864 -0.959578 11.195800 0.967582 -0.213077 -0.135583 -0.806600 0.000000 0.000000 0.000000 1.000000
-0.175371 -0.959854 0.218919 -4.570000 -0.177658 -0.187861 -0.965995 11.195800 0.968340 -0.208301 -0.137580 -0.806600 0.000000 0.000000 0.000000 1.000000
-0.174917 -0.965587 0.192470 -4.570000 -0.174004 -0.162091 -0.971313 11.195800 0.969085 -0.203390 -0.139664 -0.806600 0.000000 0.000000 0.000000 1.000000
-0.173771 -0.969904 0.170555 -4.570000 -0.171427 -0.140754 -0.975090 11.195800 0.969751 -0.198681 -0.141809 -0.806600 0.000000 0.000000 0.000000 1.000000
-0.172054 -0.973109 0.153156 -4.570000 -0.169946 -0.123821 -0.977643 11.195800 0.970317 -0.194236 -0.144072 -0.806600 0.000000 0.000000 0.000000 1.000000
-0.170076 -0.975774 0.137619 -4.570000 -0.169019 -0.108699 -0.979601 11.195800 0.970828 -0.189867 -0.146437 -0.806600 0.000000 0.000000 0.000000 1.000000
-0.167933 -0.978093 0.123016 -4.570000 -0.168483 -0.094475 -0.981167 11.195800 0.971294 -0.185497 -0.148927 -0.806600 0.000000 0.000000 0.000000 1.000000
-0.165579 -0.980155 0.108998 -4.570000 -0.168603 -0.080762 -0.982370 11.195800 0.971677 -0.181037 -0.151885 -0.806600 0.000000 0.000000 0.000000 1.000000
-0.162880 -0.981616 0.099502 -4.570000 -0.168767 -0.071644 -0.983049 11.195800 0.972105 -0.176912 -0.153995 -0.806600 0.000000 0.000000 0.000000 1.000000
-0.159807 -0.982734 0.093249 -4.570000 -0.169067 -0.065820 -0.983404 11.195800 0.972563 -0.172920 -0.155629 -0.806600 0.000000 0.000000 0.000000 1.000000
-0.156512 -0.983765 0.087812 -4.570000 -0.169516 -0.060833 -0.983648 11.195800 0.973020 -0.168838 -0.157242 -0.806600 0.000000 0.000000 0.000000 1.000000
-0.153021 -0.984725 0.083077 -4.570000 -0.170087 -0.056569 -0.983804 11.195800 0.973476 -0.164673 -0.158833 -0.806600 0.000000 0.000000 0.000000 1.000000
-0.149366 -0.985626 0.078935 -4.570000 -0.170772 -0.052916 -0.983889 11.195800 0.973923 -0.160439 -0.160413 -0.806600 0.000000 0.000000 0.000000 1.000000
-0.145574 -0.986480 0.075272 -4.570000 -0.171558 -0.049760 -0.983916 11.195800 0.974359 -0.156146 -0.161995 -0.806600 0.000000 0.000000 0.000000 1.000000
-0.141675 -0.987293 0.071983 -4.570000 -0.172442 -0.046990 -0.983898 11.195800 0.974778 -0.151806 -0.163593 -0.806600 0.000000 0.000000 0.000000 1.000000
-0.137694 -0.988072 0.068950 -4.570000 -0.173414 -0.044489 -0.983844 11.195800 0.975176 -0.147426 -0.165219 -0.806600 0.000000 0.000000 0.000000 1.000000
-0.133666 -0.988822 0.066067 -4.570000 -0.174468 -0.042145 -0.983761 11.195800 0.975548 -0.143022 -0.166884 -0.806600 0.000000 0.000000 0.000000 1.000000
-0.129613 -0.989547 0.063221 -4.570000 -0.175603 -0.039843 -0.983654 11.195800 0.975891 -0.138596 -0.168603 -0.806600 0.000000 0.000000 0.000000 1.000000
-0.125570 -0.990250 0.060305 -4.570000 -0.176816 -0.037474 -0.983530 11.195800 0.976201 -0.134164 -0.170387 -0.806600 0.000000 0.000000 0.000000 1.000000
-0.121562 -0.990934 0.057204 -4.570000 -0.178106 -0.034919 -0.983392 11.195800 0.976474 -0.129732 -0.172246 -0.806600 0.000000 0.000000 0.000000 1.000000
-0.117624 -0.991598 0.053828 -4.570000 -0.179470 -0.032085 -0.983240 11.195800 0.976706 -0.125313 -0.174189 -0.806600 0.000000 0.000000 0.000000 1.000000
-0.113773 -0.992237 0.050212 -4.570000 -0.180902 -0.029005 -0.983073 11.195800 0.976898 -0.120931 -0.176198 -0.806600 0.000000 0.000000 0.000000 1.000000
-0.110034 -0.992843 0.046426 -4.570000 -0.182382 -0.025748 -0.982891 11.195800 0.977051 -0.116619 -0.178243 -0.806600 0.000000 0.000000 0.000000 1.000000
-0.106424 -0.993411 0.042522 -4.570000 -0.183899 -0.022362 -0.982691 11.195800 0.977167 -0.112402 -0.180307 -0.806600 0.000000 0.000000 0.000000 1.000000
-0.102970 -0.993937 0.038554 -4.570000 -0.185428 -0.018900 -0.982476 11.195800 0.977248 -0.108315 -0.182358 -0.806600 0.000000 0.000000 0.000000 1.000000
-0.099686 -0.994418 0.034579 -4.570000 -0.186960 -0.015414 -0.982247 11.195800 0.977296 -0.104381 -0.184380 -0.806600 0.000000 0.000000 0.000000 1.000000
-0.096594 -0.994852 0.030655 -4.570000 -0.188477 -0.011959 -0.982005 11.195800 0.977316 -0.100633 -0.186351 -0.806600 0.000000 0.000000 0.000000 1.000000
-0.093712 -0.995238 0.026835 -4.570000 -0.189950 -0.008586 -0.981756 11.195800 0.977311 -0.097099 -0.188241 -0.806600 0.000000 0.000000 0.000000 1.000000
-0.091059 -0.995576 0.023177 -4.570000 -0.191365 -0.005347 -0.981504 11.195800 0.977286 -0.093810 -0.190031 -0.806600 0.000000 0.000000 0.000000 1.000000
-0.088653 -0.995867 0.019741 -4.570000 -0.192699 -0.002297 -0.981255 11.195800 0.977245 -0.090795 -0.191699 -0.806600 0.000000 0.000000 0.000000 1.000000
-0.086512 -0.996113 0.016577 -4.570000 -0.193930 0.000517 -0.981015 11.195800 0.977193 -0.088084 -0.193221 -0.806600 0.000000 0.000000 0.000000 1.000000
-0.084654 -0.996316 0.013747 -4.570000 -0.195035 0.003039 -0.980792 11.195800 0.977136 -0.085709 -0.194574 -0.806600 0.000000 0.000000 0.000000 1.000000
-0.083094 -0.996478 0.011303 -4.570000 -0.195993 0.005220 -0.980591 11.195800 0.977078 -0.083697 -0.195736 -0.806600 0.000000 0.000000 0.000000 1.000000
-0.081854 -0.996601 0.009310 -4.570000 -0.196804 0.007005 -0.980418 11.195800 0.977020 -0.082083 -0.196708 -0.806600 0.000000 0.000000 0.000000 1.000000
-0.080942 -0.996688 0.007804 -4.570000 -0.197278 0.008345 -0.980312 11.195800 0.977000 -0.080888 -0.197300 -0.806600 0.000000 0.000000 0.000000 1.000000
-0.080378 -0.996741 0.006845 -4.570000 -0.197400 0.009186 -0.980280 11.195800 0.977022 -0.080145 -0.197495 -0.806600 0.000000 0.000000 0.000000 1.000000
-0.080283 -0.996751 0.006542 -4.570000 -0.197437 0.009469 -0.980270 11.195800 0.977023 -0.079990 -0.197556 -0.806600 0.000000 0.000000 0.000000 1.000000</float_array>
        <technique_common>
          <accessor source="#mixamorig_RightShoulder-Matrix-animation-output-transform-array" count="96" stride="16">
            <param type="float4x4"/>
          </accessor>
        </technique_common>
      </source>
      <source id="mixamorig_RightShoulder-Interpolations">
        <Name_array id="mixamorig_RightShoulder-Interpolations-array" count="96">
 LINEAR LINEAR LINEAR LINEAR LINEAR LINEAR LINEAR LINEAR LINEAR LINEAR LINEAR
LINEAR LINEAR LINEAR LINEAR LINEAR LINEAR LINEAR LINEAR LINEAR LINEAR LINEAR LINEAR
LINEAR LINEAR LINEAR LINEAR LINEAR LINEAR LINEAR LINEAR LINEAR LINEAR LINEAR LINEAR
LINEAR LINEAR LINEAR LINEAR LINEAR LINEAR LINEAR LINEAR LINEAR LINEAR LINEAR LINEAR
LINEAR LINEAR LINEAR LINEAR LINEAR LINEAR LINEAR LINEAR LINEAR LINEAR LINEAR LINEAR
LINEAR LINEAR LINEAR LINEAR LINEAR LINEAR LINEAR LINEAR LINEAR LINEAR LINEAR LINEAR
LINEAR LINEAR LINEAR LINEAR LINEAR LINEAR LINEAR LINEAR LINEAR LINEAR LINEAR LINEAR
LINEAR LINEAR LINEAR LINEAR LINEAR LINEAR LINEAR LINEAR LINEAR LINEAR LINEAR LINEAR
LINEAR</Name_array>
        <technique_common>
          <accessor source="#mixamorig_RightShoulder-Interpolations-array" count="96">
            <param type="name"/>
          </accessor>
        </technique_common>
      </source>
      <sampler id="mixamorig_RightShoulder-Matrix-animation-transform">
        <input semantic="INPUT" source="#mixamorig_RightShoulder-Matrix-animation-input"/>
        <input semantic="OUTPUT" source="#mixamorig_RightShoulder-Matrix-animation-output-transform"/>
        <input semantic="INTERPOLATION" source="#mixamorig_RightShoulder-Interpolations"/>
      </sampler>
      <channel source="#mixamorig_RightShoulder-Matrix-animation-transform" target="mixamorig_RightShoulder/matrix"/>
    </animation>
    <animation id="mixamorig_RightArm-anim" name="mixamorig_RightArm">
      <source id="mixamorig_RightArm-Matrix-animation-input">
        <float_array id="mixamorig_RightArm-Matrix-animation-input-array" count="96">

0.000000 0.033333 0.066667 0.100000 0.133333 0.166667 0.200000 0.233333 0.266667 0.300000 0.333333 0.366667 0.400000 0.433333 0.466667 0.500000
0.533333 0.566667 0.600000 0.633333 0.666667 0.700000 0.733333 0.766667 0.800000 0.833333 0.866667 0.900000 0.933333 0.966667 1.000000 1.033333
1.066667 1.100000 1.133333 1.166667 1.200000 1.233333 1.266667 1.300000 1.333333 1.366667 1.400000 1.433333 1.466667 1.500000 1.533333 1.566667
1.600000 1.633333 1.666667 1.700000 1.733333 1.766667 1.800000 1.833333 1.866667 1.900000 1.933333 1.966667 2.000000 2.033333 2.066667 2.100000
2.133333 2.166667 2.200000 2.233333 2.266667 2.300000 2.333333 2.366667 2.400000 2.433333 2.466667 2.500000 2.533333 2.566667 2.600000 2.633333
2.666667 2.700000 2.733333 2.766667 2.800000 2.833333 2.866667 2.900000 2.933333 2.966667 3.000000 3.033333 3.066667 3.100000 3.133333 3.166667</float_array>
        <technique_common>
          <accessor source="#mixamorig_RightArm-Matrix-animation-input-array" count="96">
            <param name="TIME" type="float"/>
          </accessor>
        </technique_common>
      </source>
      <source id="mixamorig_RightArm-Matrix-animation-output-transform">
        <float_array id="mixamorig_RightArm-Matrix-animation-output-transform-array" count="1536">

0.991366 -0.076832 -0.106258 0.000000 -0.030138 0.655147 -0.754900 10.838200 0.127616 0.751584 0.647175 0.000000 0.000000 0.000000 0.000000 1.000000
0.992785 -0.065072 -0.100715 -0.000000 -0.030928 0.672545 -0.739410 10.838200 0.115850 0.737190 0.665680 -0.000000 0.000000 0.000000 0.000000 1.000000
0.996422 -0.029779 -0.079103 0.000000 -0.033846 0.716991 -0.696260 10.838200 0.077450 0.696446 0.713418 0.000000 0.000000 0.000000 0.000000 1.000000
0.999069 0.028957 -0.031983 -0.000000 -0.042652 0.774578 -0.631038 10.838200 0.006500 0.631815 0.775092 -0.000000 0.000000 0.000000 0.000000 1.000000
0.993041 0.107244 0.048664 0.000000 -0.062617 0.830781 -0.553066 10.838200 -0.099742 0.546170 0.831715 -0.000000 0.000000 0.000000 0.000000 1.000000
0.967600 0.193951 0.161658 0.000000 -0.096195 0.875147 -0.474199 10.838200 -0.233446 0.443284 0.865449 0.000000 0.000000 0.000000 0.000000 1.000000
0.901753 0.275323 0.333224 -0.000000 -0.123357 0.902761 -0.412075 10.838200 -0.414275 0.330485 0.848031 0.000000 0.000000 0.000000 0.000000 1.000000
0.782890 0.336499 0.523308 -0.000000 -0.143114 0.915961 -0.374880 10.838200 -0.605477 0.218597 0.765254 -0.000000 0.000000 0.000000 0.000000 1.000000
0.629145 0.362741 0.687456 -0.000000 -0.148858 0.924287 -0.351475 10.838200 -0.762901 0.118796 0.635508 0.000000 0.000000 0.000000 0.000000 1.000000
0.477253 0.324563 0.816632 0.000000 -0.150988 0.945761 -0.287645 10.838200 -0.865697 0.013978 0.500373 0.000000 0.000000 0.000000 0.000000 1.000000
0.471914 0.262213 0.841749 -0.000000 -0.159631 0.964381 -0.210920 10.838200 -0.867073 -0.034833 0.496962 0.000000 0.000000 0.000000 0.000000 1.000000
0.557080 0.228271 0.798470 0.000000 -0.169820 0.972476 -0.159536 10.838200 -0.812910 -0.046721 0.580512 0.000000 0.000000 0.000000 0.000000 1.000000
0.572324 0.254041 0.779685 0.000000 -0.208371 0.964648 -0.161353 10.838200 -0.793112 -0.070118 0.605026 0.000000 0.000000 0.000000 0.000000 1.000000
0.540144 0.295283 0.788069 -0.000000 -0.265673 0.948368 -0.173252 10.838200 -0.798537 -0.115788 0.590704 0.000000 0.000000 0.000000 0.000000 1.000000
0.507706 0.358902 0.783214 0.000000 -0.321323 0.922384 -0.214384 10.838200 -0.799366 -0.142820 0.583623 0.000000 0.000000 0.000000 0.000000 1.000000
0.488056 0.448423 0.748811 0.000000 -0.416251 0.873663 -0.251889 10.838200 -0.767162 -0.188758 0.613053 -0.000000 0.000000 0.000000 0.000000 1.000000
0.501400 0.483991 0.717182 0.000000 -0.476378 0.846379 -0.238131 10.838200 -0.722261 -0.222251 0.654937 0.000000 0.000000 0.000000 0.000000 1.000000
0.514614 0.475930 0.713206 -0.000000 -0.471194 0.851917 -0.228503 10.838200 -0.716344 -0.218468 0.662664 -0.000000 0.000000 0.000000 0.000000 1.000000
0.511009 0.450056 0.732339 0.000000 -0.427992 0.872076 -0.237288 10.838200 -0.745448 -0.192179 0.638259 0.000000 0.000000 0.000000 0.000000 1.000000
0.462346 0.459266 0.758492 -0.000000 -0.396335 0.872242 -0.286552 10.838200 -0.793193 -0.168131 0.585301 0.000000 0.000000 0.000000 0.000000 1.000000
0.412638 0.482684 0.772493 0.000000 -0.373363 0.863171 -0.339906 10.838200 -0.830861 -0.148162 0.536394 0.000000 0.000000 0.000000 0.000000 1.000000
0.398336 0.517874 0.757057 0.000000 -0.375960 0.845029 -0.380236 10.838200 -0.836650 -0.133161 0.531305 0.000000 0.000000 0.000000 0.000000 1.000000
0.432738 0.529794 0.729422 0.000000 -0.388900 0.839651 -0.379136 10.838200 -0.813323 -0.119606 0.569385 -0.000000 0.000000 0.000000 0.000000 1.000000
0.489495 0.518081 0.701417 0.000000 -0.388154 0.849742 -0.356757 10.838200 -0.780853 -0.097627 0.617040 0.000000 0.000000 0.000000 0.000000 1.000000
0.542744 0.506154 0.670251 0.000000 -0.393918 0.858205 -0.329111 10.838200 -0.741793 -0.085401 0.665169 0.000000 0.000000 0.000000 0.000000 1.000000
0.569246 0.532116 0.626747 0.000000 -0.454826 0.838853 -0.299098 10.838200 -0.684903 -0.114800 0.719534 0.000000 0.000000 0.000000 0.000000 1.000000
0.586377 0.571023 0.574539 -0.000000 -0.516473 0.809959 -0.277888 10.838200 -0.624034 -0.133786 0.769859 -0.000000 0.000000 0.000000 0.000000 1.000000
0.594330 0.620557 0.511547 0.000000 -0.583686 0.770418 -0.256450 10.838200 -0.553248 -0.146167 0.820093 0.000000 0.000000 0.000000 0.000000 1.000000
0.613037 0.648794 0.450834 0.000000 -0.625869 0.747057 -0.224041 10.838200 -0.482155 -0.144817 0.864034 0.000000 0.000000 0.000000 0.000000 1.000000
0.624863 0.666069 0.407306 -0.000000 -0.649563 0.732958 -0.202090 10.838200 -0.433145 -0.138292 0.890652 0.000000 0.000000 0.000000 0.000000 1.000000
0.655167 0.656041 0.374655 0.000000 -0.646122 0.743568 -0.172141 10.838200 -0.391513 -0.129292 0.911044 0.000000 0.000000 0.000000 0.000000 1.000000
0.691743 0.633499 0.346656 -0.000000 -0.628071 0.764690 -0.144139 10.838200 -0.356396 -0.118018 0.926852 -0.000000 0.000000 0.000000 0.000000 1.000000
0.715872 0.622171 0.316909 0.000000 -0.618578 0.775642 -0.125461 10.838200 -0.323866 -0.106219 0.940121 0.000000 0.000000 0.000000 0.000000 1.000000
0.734790 0.614224 0.287774 0.000000 -0.611104 0.783574 -0.112091 10.838200 -0.294341 -0.093496 0.951116 -0.000000 0.000000 0.000000 0.000000 1.000000
0.741287 0.613930 0.271261 0.000000 -0.607475 0.785552 -0.117824 10.838200 -0.285426 -0.077442 0.955267 -0.000000 0.000000 0.000000 0.000000 1.000000
0.748321 0.617617 0.242001 0.000000 -0.608008 0.784496 -0.122035 10.838200 -0.265220 -0.055817 0.962571 0.000000 0.000000 0.000000 0.000000 1.000000
0.761124 0.620822 0.187802 0.000000 -0.612786 0.783178 -0.105476 10.838200 -0.212565 -0.034802 0.976527 0.000000 0.000000 0.000000 0.000000 1.000000
0.774057 0.620521 0.125655 -0.000000 -0.616944 0.783852 -0.070408 10.838200 -0.142185 -0.023022 0.989572 -0.000000 0.000000 0.000000 0.000000 1.000000
0.783007 0.619029 0.060851 0.000000 -0.617017 0.785367 -0.049894 10.838200 -0.078676 0.001521 0.996899 0.000000 0.000000 0.000000 0.000000 1.000000
0.791712 0.610520 0.021410 -0.000000 -0.608667 0.791330 -0.057626 10.838200 -0.052124 0.032592 0.998109 0.000000 0.000000 0.000000 0.000000 1.000000
0.792553 0.598851 0.115052 0.000000 -0.556960 0.787697 -0.263304 10.838200 -0.248306 0.144602 0.957828 -0.000000 0.000000 0.000000 0.000000 1.000000
0.749869 0.609921 0.256305 0.000000 -0.414420 0.735025 -0.536651 10.838200 -0.515705 0.296200 0.803936 0.000000 0.000000 0.000000 0.000000 1.000000
0.742822 0.635633 0.210206 0.000000 -0.330041 0.620849 -0.711069 10.838200 -0.582485 0.458821 0.670965 0.000000 0.000000 0.000000 0.000000 1.000000
0.819803 0.558304 0.127353 0.000000 -0.267210 0.569658 -0.777232 10.838200 -0.506479 0.603147 0.616192 -0.000000 0.000000 0.000000 0.000000 1.000000
0.906076 0.409756 0.105485 -0.000000 -0.168935 0.578912 -0.797698 10.838200 -0.387928 0.704955 0.593760 0.000000 0.000000 0.000000 0.000000 1.000000
0.945208 0.314836 0.086370 -0.000000 -0.117826 0.575708 -0.809121 10.838200 -0.304465 0.754611 0.581260 0.000000 0.000000 0.000000 0.000000 1.000000
0.958654 0.283843 -0.020399 -0.000000 -0.186234 0.571556 -0.799150 10.838200 -0.215174 0.769908 0.600785 0.000000 0.000000 0.000000 0.000000 1.000000
0.954459 0.262485 -0.141805 0.000000 -0.271598 0.567786 -0.777080 10.838200 -0.123457 0.780206 0.613219 0.000000 0.000000 0.000000 0.000000 1.000000
0.949908 0.215693 -0.226166 0.000000 -0.310855 0.577267 -0.755071 10.838200 -0.032305 0.787553 0.615400 0.000000 0.000000 0.000000 0.000000 1.000000
0.943305 0.156946 -0.292480 0.000000 -0.327057 0.589881 -0.738291 10.838200 0.056656 0.792091 0.607768 0.000000 0.000000 0.000000 0.000000 1.000000
0.926978 0.100416 -0.361425 0.000000 -0.346962 0.595747 -0.724364 10.838200 0.142580 0.796870 0.587085 0.000000 0.000000 0.000000 0.000000 1.000000
0.900911 0.046138 -0.431544 -0.000000 -0.371748 0.595165 -0.712447 10.838200 0.223969 0.802278 0.553343 0.000000 0.000000 0.000000 0.000000 1.000000
0.865617 -0.006418 -0.500666 0.000000 -0.401301 0.589097 -0.701372 10.838200 0.299442 0.808037 0.507357 0.000000 0.000000 0.000000 0.000000 1.000000
0.821643 -0.055970 -0.567248 0.000000 -0.436827 0.577478 -0.689711 10.838200 0.366176 0.814486 0.450031 0.000000 0.000000 0.000000 0.000000 1.000000
0.769909 -0.102687 -0.629837 -0.000000 -0.478415 0.560291 -0.676160 10.838200 0.422325 0.821906 0.382246 0.000000 0.000000 0.000000 0.000000 1.000000
0.711548 -0.146558 -0.687182 0.000000 -0.525685 0.537884 -0.659042 10.838200 0.466212 0.830182 0.305687 0.000000 0.000000 0.000000 0.000000 1.000000
0.647596 -0.188379 -0.738331 0.000000 -0.577166 0.511356 -0.636706 10.838200 0.497492 0.838468 0.222426 0.000000 0.000000 0.000000 0.000000 1.000000
0.579492 -0.227122 -0.782691 0.000000 -0.632273 0.480673 -0.607606 10.838200 0.514219 0.846977 0.134943 0.000000 0.000000 0.000000 0.000000 1.000000
0.508353 -0.262593 -0.820135 -0.000000 -0.689638 0.446222 -0.570338 10.838200 0.515729 0.855530 0.045744 0.000000 0.000000 0.000000 0.000000 1.000000
0.436720 -0.295078 -0.849826 0.000000 -0.746972 0.407480 -0.525350 10.838200 0.501306 0.864227 -0.042461 -0.000000 0.000000 0.000000 0.000000 1.000000
0.371366 -0.326925 -0.869027 0.000000 -0.799877 0.362617 -0.478231 10.838200 0.471470 0.872713 -0.126836 -0.000000 0.000000 0.000000 0.000000 1.000000
0.296501 -0.354224 -0.886912 0.000000 -0.855452 0.314378 -0.411543 10.838200 0.424604 0.880734 -0.209808 0.000000 0.000000 0.000000 0.000000 1.000000
0.283906 -0.375747 -0.882163 0.000000 -0.878082 0.267703 -0.396618 10.838200 0.385186 0.887214 -0.253934 0.000000 0.000000 0.000000 0.000000 1.000000
0.304162 -0.389762 -0.869236 0.000000 -0.882428 0.228490 -0.411233 10.838200 0.358895 0.892120 -0.274439 0.000000 0.000000 0.000000 0.000000 1.000000
0.377906 -0.398687 -0.835605 0.000000 -0.851978 0.203508 -0.482409 10.838200 0.362382 0.894222 -0.262766 -0.000000 0.000000 0.000000 0.000000 1.000000
0.551223 -0.408301 -0.727628 0.000000 -0.723938 0.199516 -0.660384 10.838200 0.414809 0.890777 -0.185607 0.000000 0.000000 0.000000 0.000000 1.000000
0.643087 -0.356589 -0.677705 0.000000 -0.605491 0.305047 -0.735069 10.838200 0.468849 0.883058 -0.019739 -0.000000 0.000000 0.000000 0.000000 1.000000
0.714252 -0.159909 -0.681376 0.000000 -0.557807 0.457950 -0.692195 10.838200 0.422724 0.874477 0.237893 0.000000 0.000000 0.000000 0.000000 1.000000
0.747279 -0.037568 -0.663448 0.000000 -0.565474 0.488435 -0.664583 10.838200 0.349018 0.871791 0.343753 0.000000 0.000000 0.000000 0.000000 1.000000
0.743286 -0.028234 -0.668377 0.000000 -0.573033 0.488674 -0.657899 10.838200 0.345193 0.872010 0.347046 0.000000 0.000000 0.000000 0.000000 1.000000
0.736317 -0.053255 -0.674538 0.000000 -0.571414 0.484969 -0.662036 10.838200 0.362386 0.872908 0.326660 0.000000 0.000000 0.000000 0.000000 1.000000
0.729201 -0.084188 -0.679101 0.000000 -0.568011 0.478969 -0.669293 10.838200 0.381615 0.873786 0.301445 0.000000 0.000000 0.000000 0.000000 1.000000
0.723540 -0.095980 -0.683577 0.000000 -0.569278 0.477103 -0.669548 10.838200 0.390400 0.873590 0.290564 0.000000 0.000000 0.000000 0.000000 1.000000
0.717591 -0.087407 -0.690958 -0.000000 -0.576081 0.483046 -0.659391 10.838200 0.391400 0.871221 0.296277 0.000000 0.000000 0.000000 0.000000 1.000000
0.710268 -0.070507 -0.700391 0.000000 -0.585671 0.492795 -0.643539 10.838200 0.390523 0.867284 0.308723 0.000000 0.000000 0.000000 0.000000 1.000000
0.701545 -0.047481 -0.711041 0.000000 -0.596515 0.506757 -0.622388 10.838200 0.389877 0.860781 0.327190 0.000000 0.000000 0.000000 0.000000 1.000000
0.694603 0.020584 -0.719098 0.000000 -0.621106 0.521514 -0.585021 10.838200 0.362978 0.852994 0.375030 0.000000 0.000000 0.000000 0.000000 1.000000
0.685941 0.107045 -0.719741 0.000000 -0.656082 0.518774 -0.548115 10.838200 0.314710 0.848183 0.426078 -0.000000 0.000000 0.000000 0.000000 1.000000
0.676488 0.146432 -0.721749 -0.000000 -0.677508 0.507929 -0.531970 10.838200 0.288700 0.848862 0.442817 -0.000000 0.000000 0.000000 0.000000 1.000000
0.670286 0.155677 -0.725590 0.000000 -0.685584 0.504164 -0.525160 10.838200 0.284061 0.849461 0.444664 0.000000 0.000000 0.000000 0.000000 1.000000
0.666793 0.150412 -0.729907 -0.000000 -0.685704 0.507433 -0.521845 10.838200 0.291887 0.848462 0.441491 -0.000000 0.000000 0.000000 0.000000 1.000000
0.664293 0.141339 -0.733988 0.000000 -0.682953 0.513863 -0.519153 10.838200 0.303792 0.846149 0.437883 0.000000 0.000000 0.000000 0.000000 1.000000
0.661027 0.138385 -0.737491 0.000000 -0.682219 0.520084 -0.513896 10.838200 0.312442 0.842830 0.438198 0.000000 0.000000 0.000000 0.000000 1.000000
0.655154 0.150984 -0.740255 0.000000 -0.687800 0.524590 -0.501733 10.838200 0.312577 0.837860 0.447534 0.000000 0.000000 0.000000 0.000000 1.000000
0.646018 0.180212 -0.741744 0.000000 -0.698784 0.530678 -0.479669 10.838200 0.307185 0.828194 0.468757 0.000000 0.000000 0.000000 0.000000 1.000000
0.634368 0.217226 -0.741883 0.000000 -0.712472 0.536658 -0.452085 10.838200 0.299933 0.815359 0.495207 0.000000 0.000000 0.000000 0.000000 1.000000
0.621190 0.251599 -0.742173 -0.000000 -0.726583 0.539726 -0.425173 10.838200 0.293597 0.803364 0.518080 -0.000000 0.000000 0.000000 0.000000 1.000000
0.609664 0.273213 -0.744086 -0.000000 -0.736962 0.541041 -0.405168 10.838200 0.291884 0.795380 0.531201 -0.000000 0.000000 0.000000 0.000000 1.000000
0.596979 0.296857 -0.745313 0.000000 -0.747987 0.541840 -0.383308 10.838200 0.290053 0.786312 0.545512 0.000000 0.000000 0.000000 0.000000 1.000000
0.588144 0.314415 -0.745137 0.000000 -0.754844 0.544163 -0.366193 10.838200 0.290340 0.777836 0.557381 0.000000 0.000000 0.000000 0.000000 1.000000
0.588529 0.315551 -0.744353 0.000000 -0.751855 0.552105 -0.360408 10.838200 0.297234 0.771756 0.562178 0.000000 0.000000 0.000000 0.000000 1.000000
0.587920 0.318762 -0.743465 0.000000 -0.751467 0.555409 -0.356115 10.838200 0.299412 0.768057 0.566075 0.000000 0.000000 0.000000 0.000000 1.000000
0.587101 0.321676 -0.742857 -0.000000 -0.751949 0.556566 -0.353279 10.838200 0.299808 0.766001 0.568645 0.000000 0.000000 0.000000 0.000000 1.000000
0.586267 0.324084 -0.742469 -0.000000 -0.752905 0.556278 -0.351694 10.838200 0.299041 0.765195 0.570132 0.000000 0.000000 0.000000 0.000000 1.000000
0.585605 0.326023 -0.742143 0.000000 -0.754075 0.554997 -0.351211 10.838200 0.297384 0.765302 0.570855 0.000000 0.000000 0.000000 0.000000 1.000000
0.585267 0.326770 -0.742081 0.000000 -0.754753 0.554016 -0.351304 10.838200 0.296329 0.765694 0.570878 0.000000 0.000000 0.000000 0.000000 1.000000</float_array>
        <technique_common>
          <accessor source="#mixamorig_RightArm-Matrix-animation-output-transform-array" count="96" stride="16">
            <param type="float4x4"/>
          </accessor>
        </technique_common>
      </source>
      <source id="mixamorig_RightArm-Interpolations">
        <Name_array id="mixamorig_RightArm-Interpolations-array" count="96">
 LINEAR LINEAR LINEAR LINEAR LINEAR LINEAR LINEAR LINEAR LINEAR LINEAR LINEAR
LINEAR LINEAR LINEAR LINEAR LINEAR LINEAR LINEAR LINEAR LINEAR LINEAR LINEAR LINEAR
LINEAR LINEAR LINEAR LINEAR LINEAR LINEAR LINEAR LINEAR LINEAR LINEAR LINEAR LINEAR
LINEAR LINEAR LINEAR LINEAR LINEAR LINEAR LINEAR LINEAR LINEAR LINEAR LINEAR LINEAR
LINEAR LINEAR LINEAR LINEAR LINEAR LINEAR LINEAR LINEAR LINEAR LINEAR LINEAR LINEAR
LINEAR LINEAR LINEAR LINEAR LINEAR LINEAR LINEAR LINEAR LINEAR LINEAR LINEAR LINEAR
LINEAR LINEAR LINEAR LINEAR LINEAR LINEAR LINEAR LINEAR LINEAR LINEAR LINEAR LINEAR
LINEAR LINEAR LINEAR LINEAR LINEAR LINEAR LINEAR LINEAR LINEAR LINEAR LINEAR LINEAR
LINEAR</Name_array>
        <technique_common>
          <accessor source="#mixamorig_RightArm-Interpolations-array" count="96">
            <param type="name"/>
          </accessor>
        </technique_common>
      </source>
      <sampler id="mixamorig_RightArm-Matrix-animation-transform">
        <input semantic="INPUT" source="#mixamorig_RightArm-Matrix-animation-input"/>
        <input semantic="OUTPUT" source="#mixamorig_RightArm-Matrix-animation-output-transform"/>
        <input semantic="INTERPOLATION" source="#mixamorig_RightArm-Interpolations"/>
      </sampler>
      <channel source="#mixamorig_RightArm-Matrix-animation-transform" target="mixamorig_RightArm/matrix"/>
    </animation>
    <animation id="mixamorig_RightForeArm-anim" name="mixamorig_RightForeArm">
      <source id="mixamorig_RightForeArm-Matrix-animation-input">
        <float_array id="mixamorig_RightForeArm-Matrix-animation-input-array" count="96">

0.000000 0.033333 0.066667 0.100000 0.133333 0.166667 0.200000 0.233333 0.266667 0.300000 0.333333 0.366667 0.400000 0.433333 0.466667 0.500000
0.533333 0.566667 0.600000 0.633333 0.666667 0.700000 0.733333 0.766667 0.800000 0.833333 0.866667 0.900000 0.933333 0.966667 1.000000 1.033333
1.066667 1.100000 1.133333 1.166667 1.200000 1.233333 1.266667 1.300000 1.333333 1.366667 1.400000 1.433333 1.466667 1.500000 1.533333 1.566667
1.600000 1.633333 1.666667 1.700000 1.733333 1.766667 1.800000 1.833333 1.866667 1.900000 1.933333 1.966667 2.000000 2.033333 2.066667 2.100000
2.133333 2.166667 2.200000 2.233333 2.266667 2.300000 2.333333 2.366667 2.400000 2.433333 2.466667 2.500000 2.533333 2.566667 2.600000 2.633333
2.666667 2.700000 2.733333 2.766667 2.800000 2.833333 2.866667 2.900000 2.933333 2.966667 3.000000 3.033333 3.066667 3.100000 3.133333 3.166667</float_array>
        <technique_common>
          <accessor source="#mixamorig_RightForeArm-Matrix-animation-input-array" count="96">
            <param name="TIME" type="float"/>
          </accessor>
        </technique_common>
      </source>
      <source id="mixamorig_RightForeArm-Matrix-animation-output-transform">
        <float_array id="mixamorig_RightForeArm-Matrix-animation-output-transform-array" count="1536">

0.743620 0.637411 0.201832 0.000000 -0.590494 0.767699 -0.248908 27.841499 -0.313603 0.065912 0.947264 -0.000000 0.000000 0.000000 0.000000 1.000000
0.737757 0.646961 0.192760 0.000000 -0.602320 0.759790 -0.244806 27.841499 -0.304837 0.064504 0.950218 -0.000000 0.000000 0.000000 0.000000 1.000000
0.722351 0.670507 0.169203 -0.000000 -0.632015 0.739421 -0.231976 27.841499 -0.280654 0.060629 0.957892 0.000000 0.000000 0.000000 0.000000 1.000000
0.699133 0.701858 0.136414 -0.000000 -0.672014 0.710188 -0.209833 27.841499 -0.244153 0.055029 0.968174 0.000000 0.000000 0.000000 0.000000 1.000000
0.669647 0.736005 0.099342 0.000000 -0.715663 0.675238 -0.178547 27.841499 -0.198491 0.048468 0.978904 -0.000000 0.000000 0.000000 0.000000 1.000000
0.635562 0.769545 0.062149 0.000000 -0.757921 0.637235 -0.139597 27.841499 -0.147030 0.041619 0.988256 0.000000 0.000000 0.000000 0.000000 1.000000
0.603563 0.796799 0.028694 -0.000000 -0.791832 0.603237 -0.095435 27.841499 -0.093352 0.034880 0.995022 0.000000 0.000000 0.000000 0.000000 1.000000
0.581007 0.813898 -0.001158 0.000000 -0.813016 0.580310 -0.047390 27.841499 -0.037898 0.028475 0.998876 0.000000 0.000000 0.000000 0.000000 1.000000
0.572211 0.819549 -0.030224 0.000000 -0.819851 0.572563 0.003827 27.841499 0.020441 0.022589 0.999536 0.000000 0.000000 0.000000 0.000000 1.000000
0.656701 0.752862 -0.044087 0.000000 -0.752451 0.658023 0.028699 27.841499 0.050617 0.014326 0.998615 0.000000 0.000000 0.000000 0.000000 1.000000
0.709574 0.703833 -0.033513 0.000000 -0.703456 0.710335 0.023949 27.841499 0.040662 0.006582 0.999151 0.000000 0.000000 0.000000 0.000000 1.000000
0.704421 0.709703 -0.010595 0.000000 -0.709711 0.704484 0.003695 27.841499 0.010086 0.004917 0.999937 0.000000 0.000000 0.000000 0.000000 1.000000
0.645368 0.763760 0.013083 -0.000000 -0.763420 0.645481 -0.023317 27.841499 -0.026253 0.005060 0.999643 0.000000 0.000000 0.000000 0.000000 1.000000
0.602083 0.797984 0.026766 0.000000 -0.796784 0.602656 -0.044063 27.841499 -0.051292 0.005203 0.998670 0.000000 0.000000 0.000000 0.000000 1.000000
0.597130 0.801729 0.025807 0.000000 -0.800661 0.597673 -0.041582 27.841499 -0.048762 0.004167 0.998802 0.000000 0.000000 0.000000 0.000000 1.000000
0.638484 0.769542 0.011995 -0.000000 -0.769336 0.638593 -0.017926 27.841499 -0.021455 0.002217 0.999767 0.000000 0.000000 0.000000 0.000000 1.000000
0.663660 0.748016 0.005230 0.000000 -0.747982 0.663681 -0.007087 27.841499 -0.008772 0.000791 0.999961 -0.000000 0.000000 0.000000 0.000000 1.000000
0.659913 0.751340 0.001765 0.000000 -0.751339 0.659915 -0.001225 27.841499 -0.002085 -0.000517 0.999998 -0.000000 0.000000 0.000000 0.000000 1.000000
0.633490 0.773751 0.000386 -0.000000 -0.773751 0.633489 0.000896 27.841499 0.000449 -0.000867 1.000000 -0.000000 0.000000 0.000000 0.000000 1.000000
0.614036 0.789278 0.000145 0.000000 -0.789277 0.614036 0.000948 27.841499 0.000659 -0.000696 1.000000 0.000000 0.000000 0.000000 0.000000 1.000000
0.591681 0.806172 0.000339 -0.000000 -0.806172 0.591680 0.000721 27.841499 0.000381 -0.000700 1.000000 0.000000 0.000000 0.000000 0.000000 1.000000
0.575715 0.817650 0.000674 0.000000 -0.817651 0.575715 0.000561 27.841499 0.000071 -0.000874 1.000000 0.000000 0.000000 0.000000 0.000000 1.000000
0.564096 0.825708 0.001075 -0.000000 -0.825709 0.564096 0.000403 27.841499 -0.000274 -0.001115 0.999999 0.000000 0.000000 0.000000 0.000000 1.000000
0.546887 0.837204 0.001695 -0.000000 -0.837206 0.546888 0.000120 27.841499 -0.000826 -0.001485 0.999999 0.000000 0.000000 0.000000 0.000000 1.000000
0.530967 0.847389 0.002455 0.000000 -0.847391 0.530969 -0.000143 27.841499 -0.001425 -0.002004 0.999997 0.000000 0.000000 0.000000 0.000000 1.000000
0.560391 0.828225 0.002366 0.000000 -0.828227 0.560393 -0.000045 27.841499 -0.001363 -0.001935 0.999997 0.000000 0.000000 0.000000 0.000000 1.000000
0.598420 0.801180 0.002028 -0.000000 -0.801182 0.598421 0.000114 27.841499 -0.001122 -0.001693 0.999998 -0.000000 0.000000 0.000000 0.000000 1.000000
0.651312 0.758809 0.001246 -0.000000 -0.758810 0.651312 0.000405 27.841499 -0.000504 -0.001209 0.999999 0.000000 0.000000 0.000000 0.000000 1.000000
0.686457 0.727170 0.000871 0.000000 -0.727170 0.686457 0.000685 27.841499 -0.000099 -0.001104 0.999999 0.000000 0.000000 0.000000 0.000000 1.000000
0.711495 0.702691 0.000555 -0.000000 -0.702691 0.711495 0.000866 27.841499 0.000214 -0.001006 0.999999 0.000000 0.000000 0.000000 0.000000 1.000000
0.721516 0.692397 0.000432 0.000000 -0.692397 0.721516 0.000902 27.841499 0.000313 -0.000950 0.999999 0.000000 0.000000 0.000000 0.000000 1.000000
0.721248 0.692677 0.000426 0.000000 -0.692677 0.721247 0.000850 27.841499 0.000281 -0.000909 1.000000 0.000000 0.000000 0.000000 0.000000 1.000000
0.716929 0.697145 0.000550 -0.000000 -0.697146 0.716929 0.000660 27.841499 0.000066 -0.000857 1.000000 0.000000 0.000000 0.000000 0.000000 1.000000
0.711485 0.702701 0.000681 0.000000 -0.702702 0.711484 0.000421 27.841499 -0.000189 -0.000778 1.000000 0.000000 0.000000 0.000000 0.000000 1.000000
0.701473 0.712695 0.000992 -0.000000 -0.712695 0.701474 0.000020 27.841499 -0.000682 -0.000721 1.000000 0.000000 0.000000 0.000000 0.000000 1.000000
0.686734 0.726907 0.001480 0.000000 -0.726908 0.686735 -0.000466 27.841499 -0.001355 -0.000756 0.999999 0.000000 0.000000 0.000000 0.000000 1.000000
0.660794 0.750564 0.002084 0.000000 -0.750563 0.660797 -0.001221 27.841499 -0.002294 -0.000757 0.999997 -0.000000 0.000000 0.000000 0.000000 1.000000
0.627213 0.778844 0.002509 0.000000 -0.778841 0.627218 -0.002317 27.841499 -0.003378 -0.000501 0.999994 0.000000 0.000000 0.000000 0.000000 1.000000
0.603751 0.797168 0.002617 0.000000 -0.797161 0.603757 -0.003366 27.841499 -0.004264 -0.000054 0.999991 0.000000 0.000000 0.000000 0.000000 1.000000
0.594904 0.803789 0.003564 0.000000 -0.803782 0.594914 -0.003543 27.841499 -0.004968 -0.000757 0.999987 -0.000000 0.000000 0.000000 0.000000 1.000000
0.600927 0.799288 0.005156 -0.000000 -0.799286 0.600944 -0.002947 27.841499 -0.005454 -0.002350 0.999982 0.000000 0.000000 0.000000 0.000000 1.000000
0.698594 0.715500 0.005112 -0.000000 -0.715507 0.698605 -0.000633 27.841499 -0.004024 -0.003216 0.999987 0.000000 0.000000 0.000000 0.000000 1.000000
0.881027 0.473065 -0.000789 -0.000000 -0.473064 0.881027 0.001372 27.841499 0.001344 -0.000836 0.999999 0.000000 0.000000 0.000000 0.000000 1.000000
0.929540 0.368707 -0.003132 -0.000000 -0.368703 0.929545 0.001897 27.841499 0.003611 -0.000609 0.999993 0.000000 0.000000 0.000000 0.000000 1.000000
0.941556 0.336837 -0.003634 -0.000000 -0.336832 0.941563 0.001984 27.841499 0.004089 -0.000644 0.999991 0.000000 0.000000 0.000000 0.000000 1.000000
0.946915 0.321462 -0.003708 0.000000 -0.321456 0.946922 0.002013 27.841499 0.004159 -0.000714 0.999991 -0.000000 0.000000 0.000000 0.000000 1.000000
0.951748 0.306856 -0.003956 0.000000 -0.306851 0.951756 0.001937 27.841499 0.004360 -0.000629 0.999990 0.000000 0.000000 0.000000 0.000000 1.000000
0.954537 0.298063 -0.004294 0.000000 -0.298058 0.954546 0.001736 27.841499 0.004616 -0.000377 0.999989 0.000000 0.000000 0.000000 0.000000 1.000000
0.956046 0.293183 -0.004530 -0.000000 -0.293178 0.956056 0.001628 27.841499 0.004808 -0.000229 0.999988 0.000000 0.000000 0.000000 0.000000 1.000000
0.957325 0.288971 -0.005036 0.000000 -0.288971 0.957338 0.000610 27.841499 0.004997 0.000871 0.999987 0.000000 0.000000 0.000000 0.000000 1.000000
0.958962 0.283493 -0.004783 0.000000 -0.283489 0.958974 0.001606 27.841499 0.005042 -0.000184 0.999987 -0.000000 0.000000 0.000000 0.000000 1.000000
0.960723 0.277468 -0.004779 0.000000 -0.277463 0.960735 0.001717 27.841499 0.005068 -0.000323 0.999987 0.000000 0.000000 0.000000 0.000000 1.000000
0.962141 0.272511 -0.004773 0.000000 -0.272506 0.962153 0.001747 27.841499 0.005068 -0.000380 0.999987 -0.000000 0.000000 0.000000 0.000000 1.000000
0.963752 0.266758 -0.004744 0.000000 -0.266752 0.963764 0.001751 27.841499 0.005039 -0.000422 0.999987 0.000000 0.000000 0.000000 0.000000 1.000000
0.965407 0.260706 -0.004683 -0.000000 -0.260701 0.965418 0.001735 27.841499 0.004973 -0.000454 0.999988 -0.000000 0.000000 0.000000 0.000000 1.000000
0.967002 0.254729 -0.004508 0.000000 -0.254724 0.967012 0.001663 27.841499 0.004783 -0.000460 0.999988 0.000000 0.000000 0.000000 0.000000 1.000000
0.967885 0.251354 -0.004538 0.000000 -0.251354 0.967895 0.000601 27.841499 0.004543 0.000559 0.999990 -0.000000 0.000000 0.000000 0.000000 1.000000
0.968507 0.248954 -0.004092 0.000000 -0.248954 0.968515 0.000614 27.841499 0.004116 0.000424 0.999991 -0.000000 0.000000 0.000000 0.000000 1.000000
0.968897 0.247439 -0.003450 0.000000 -0.247437 0.968904 0.000790 27.841499 0.003538 0.000088 0.999994 0.000000 0.000000 0.000000 0.000000 1.000000
0.969174 0.246365 -0.002501 0.000000 -0.246364 0.969177 0.000904 27.841499 0.002647 -0.000260 0.999996 0.000000 0.000000 0.000000 0.000000 1.000000
0.969176 0.246369 -0.001033 0.000000 -0.246368 0.969176 0.000698 27.841499 0.001173 -0.000422 0.999999 -0.000000 0.000000 0.000000 0.000000 1.000000
0.968772 0.247952 -0.000158 0.000000 -0.247952 0.968772 0.000568 27.841499 0.000294 -0.000511 1.000000 0.000000 0.000000 0.000000 0.000000 1.000000
0.967931 0.251215 0.000019 0.000000 -0.251215 0.967931 0.000600 27.841499 0.000132 -0.000585 1.000000 0.000000 0.000000 0.000000 0.000000 1.000000
0.965713 0.259613 -0.000372 0.000000 -0.259612 0.965713 0.000773 27.841499 0.000560 -0.000650 1.000000 -0.000000 0.000000 0.000000 0.000000 1.000000
0.959461 0.281840 -0.000613 0.000000 -0.281839 0.959461 0.000926 27.841499 0.000849 -0.000716 0.999999 -0.000000 0.000000 0.000000 0.000000 1.000000
0.947887 0.318605 -0.000546 0.000000 -0.318605 0.947887 0.001011 27.841499 0.000840 -0.000784 0.999999 0.000000 0.000000 0.000000 0.000000 1.000000
0.937549 0.347852 0.000641 0.000000 -0.347852 0.937549 0.000648 27.841499 -0.000376 -0.000831 1.000000 0.000000 0.000000 0.000000 0.000000 1.000000
0.929141 0.369724 0.000558 0.000000 -0.369725 0.929141 0.000700 27.841499 -0.000260 -0.000856 1.000000 0.000000 0.000000 0.000000 0.000000 1.000000
0.919992 0.391937 0.000641 0.000000 -0.391937 0.919992 0.000673 27.841499 -0.000325 -0.000871 1.000000 0.000000 0.000000 0.000000 0.000000 1.000000
0.911249 0.411856 0.000334 0.000000 -0.411856 0.911248 0.000806 27.841499 0.000027 -0.000872 1.000000 0.000000 0.000000 0.000000 0.000000 1.000000
0.902604 0.430471 0.000226 0.000000 -0.430471 0.902604 0.000847 27.841499 0.000161 -0.000862 1.000000 0.000000 0.000000 0.000000 0.000000 1.000000
0.894639 0.446790 0.000178 0.000000 -0.446790 0.894638 0.000851 27.841499 0.000221 -0.000841 1.000000 0.000000 0.000000 0.000000 0.000000 1.000000
0.888298 0.459268 0.000088 -0.000000 -0.459268 0.888297 0.000862 27.841499 0.000318 -0.000806 1.000000 0.000000 0.000000 0.000000 0.000000 1.000000
0.886841 0.462074 -0.000011 0.000000 -0.462074 0.886841 0.000856 27.841499 0.000405 -0.000754 1.000000 0.000000 0.000000 0.000000 0.000000 1.000000
0.892908 0.450240 0.000202 0.000000 -0.450240 0.892907 0.000660 27.841499 0.000116 -0.000680 1.000000 0.000000 0.000000 0.000000 0.000000 1.000000
0.905134 0.425126 0.000415 0.000000 -0.425126 0.905134 0.000450 27.841499 -0.000185 -0.000584 1.000000 0.000000 0.000000 0.000000 0.000000 1.000000
0.916709 0.399554 0.000859 0.000000 -0.399554 0.916709 0.000152 27.841499 -0.000727 -0.000483 1.000000 -0.000000 0.000000 0.000000 0.000000 1.000000
0.924157 0.382008 0.001687 0.000000 -0.382009 0.924159 -0.000278 27.841499 -0.001665 -0.000388 0.999999 0.000000 0.000000 0.000000 0.000000 1.000000
0.929620 0.368506 0.003033 0.000000 -0.368505 0.929625 -0.000921 27.841499 -0.003160 -0.000261 0.999995 -0.000000 0.000000 0.000000 0.000000 1.000000
0.930301 0.366767 0.004623 0.000000 -0.366762 0.930313 -0.001934 27.841499 -0.005011 0.000103 0.999987 0.000000 0.000000 0.000000 0.000000 1.000000
0.928227 0.371961 0.006216 0.000000 -0.371947 0.928248 -0.003318 27.841499 -0.007004 0.000768 0.999975 0.000000 0.000000 0.000000 0.000000 1.000000
0.925134 0.379560 0.007889 0.000000 -0.379533 0.925166 -0.004649 27.841499 -0.009063 0.001307 0.999958 0.000000 0.000000 0.000000 0.000000 1.000000
0.921331 0.388657 0.009795 0.000000 -0.388619 0.921382 -0.005521 27.841499 -0.011171 0.001280 0.999937 -0.000000 0.000000 0.000000 0.000000 1.000000
0.916925 0.398887 0.011689 0.000000 -0.398838 0.916999 -0.006393 27.841499 -0.013269 0.001200 0.999911 0.000000 0.000000 0.000000 0.000000 1.000000
0.912200 0.409513 0.013784 0.000000 -0.409457 0.912304 -0.006807 27.841499 -0.015363 0.000566 0.999882 0.000000 0.000000 0.000000 0.000000 1.000000
0.909657 0.415106 0.014515 0.000000 -0.415003 0.909769 -0.009635 27.841499 -0.017205 0.002740 0.999848 0.000000 0.000000 0.000000 0.000000 1.000000
0.909183 0.416228 0.011882 -0.000000 -0.415983 0.909180 -0.018689 27.841499 -0.018582 0.012049 0.999755 -0.000000 0.000000 0.000000 0.000000 1.000000
0.912067 0.409999 0.005972 0.000000 -0.409580 0.911634 -0.034172 27.841499 -0.019455 0.028722 0.999398 0.000000 0.000000 0.000000 0.000000 1.000000
0.924462 0.381275 -0.000191 0.000000 -0.380749 0.923161 -0.052950 27.841499 -0.020012 0.049023 0.998597 0.000000 0.000000 0.000000 0.000000 1.000000
0.934789 0.355149 -0.006309 0.000000 -0.354624 0.932097 -0.073733 27.841499 -0.020305 0.071162 0.997258 0.000000 0.000000 0.000000 0.000000 1.000000
0.937077 0.348850 -0.013792 0.000000 -0.348529 0.932452 -0.095191 27.841499 -0.020347 0.094008 0.995363 0.000000 0.000000 0.000000 0.000000 1.000000
0.938840 0.343712 -0.021007 -0.000000 -0.343758 0.931884 -0.115859 27.841499 -0.020246 0.115994 0.993044 0.000000 0.000000 0.000000 0.000000 1.000000
0.939768 0.340695 -0.027610 0.000000 -0.341222 0.930339 -0.134300 27.841499 -0.020068 0.135632 0.990556 0.000000 0.000000 0.000000 0.000000 1.000000
0.940369 0.338550 -0.033006 0.000000 -0.339576 0.928679 -0.149142 27.841499 -0.019840 0.151456 0.988265 0.000000 0.000000 0.000000 0.000000 1.000000
0.941190 0.335910 -0.036403 0.000000 -0.337304 0.927855 -0.159092 27.841499 -0.019664 0.162014 0.986592 0.000000 0.000000 0.000000 0.000000 1.000000
0.941758 0.334196 -0.037487 0.000000 -0.335721 0.927801 -0.162715 27.841499 -0.019598 0.165824 0.985961 0.000000 0.000000 0.000000 0.000000 1.000000</float_array>
        <technique_common>
          <accessor source="#mixamorig_RightForeArm-Matrix-animation-output-transform-array" count="96" stride="16">
            <param type="float4x4"/>
          </accessor>
        </technique_common>
      </source>
      <source id="mixamorig_RightForeArm-Interpolations">
        <Name_array id="mixamorig_RightForeArm-Interpolations-array" count="96">
 LINEAR LINEAR LINEAR LINEAR LINEAR LINEAR LINEAR LINEAR LINEAR LINEAR LINEAR
LINEAR LINEAR LINEAR LINEAR LINEAR LINEAR LINEAR LINEAR LINEAR LINEAR LINEAR LINEAR
LINEAR LINEAR LINEAR LINEAR LINEAR LINEAR LINEAR LINEAR LINEAR LINEAR LINEAR LINEAR
LINEAR LINEAR LINEAR LINEAR LINEAR LINEAR LINEAR LINEAR LINEAR LINEAR LINEAR LINEAR
LINEAR LINEAR LINEAR LINEAR LINEAR LINEAR LINEAR LINEAR LINEAR LINEAR LINEAR LINEAR
LINEAR LINEAR LINEAR LINEAR LINEAR LINEAR LINEAR LINEAR LINEAR LINEAR LINEAR LINEAR
LINEAR LINEAR LINEAR LINEAR LINEAR LINEAR LINEAR LINEAR LINEAR LINEAR LINEAR LINEAR
LINEAR LINEAR LINEAR LINEAR LINEAR LINEAR LINEAR LINEAR LINEAR LINEAR LINEAR LINEAR
LINEAR</Name_array>
        <technique_common>
          <accessor source="#mixamorig_RightForeArm-Interpolations-array" count="96">
            <param type="name"/>
          </accessor>
        </technique_common>
      </source>
      <sampler id="mixamorig_RightForeArm-Matrix-animation-transform">
        <input semantic="INPUT" source="#mixamorig_RightForeArm-Matrix-animation-input"/>
        <input semantic="OUTPUT" source="#mixamorig_RightForeArm-Matrix-animation-output-transform"/>
        <input semantic="INTERPOLATION" source="#mixamorig_RightForeArm-Interpolations"/>
      </sampler>
      <channel source="#mixamorig_RightForeArm-Matrix-animation-transform" target="mixamorig_RightForeArm/matrix"/>
    </animation>
    <animation id="mixamorig_RightHand-anim" name="mixamorig_RightHand">
      <source id="mixamorig_RightHand-Matrix-animation-input">
        <float_array id="mixamorig_RightHand-Matrix-animation-input-array" count="96">

0.000000 0.033333 0.066667 0.100000 0.133333 0.166667 0.200000 0.233333 0.266667 0.300000 0.333333 0.366667 0.400000 0.433333 0.466667 0.500000
0.533333 0.566667 0.600000 0.633333 0.666667 0.700000 0.733333 0.766667 0.800000 0.833333 0.866667 0.900000 0.933333 0.966667 1.000000 1.033333
1.066667 1.100000 1.133333 1.166667 1.200000 1.233333 1.266667 1.300000 1.333333 1.366667 1.400000 1.433333 1.466667 1.500000 1.533333 1.566667
1.600000 1.633333 1.666667 1.700000 1.733333 1.766667 1.800000 1.833333 1.866667 1.900000 1.933333 1.966667 2.000000 2.033333 2.066667 2.100000
2.133333 2.166667 2.200000 2.233333 2.266667 2.300000 2.333333 2.366667 2.400000 2.433333 2.466667 2.500000 2.533333 2.566667 2.600000 2.633333
2.666667 2.700000 2.733333 2.766667 2.800000 2.833333 2.866667 2.900000 2.933333 2.966667 3.000000 3.033333 3.066667 3.100000 3.133333 3.166667</float_array>
        <technique_common>
          <accessor source="#mixamorig_RightHand-Matrix-animation-input-array" count="96">
            <param name="TIME" type="float"/>
          </accessor>
        </technique_common>
      </source>
      <source id="mixamorig_RightHand-Matrix-animation-output-transform">
        <float_array id="mixamorig_RightHand-Matrix-animation-output-transform-array" count="1536">

0.873325 0.012459 0.486979 -0.000000 -0.181113 0.936318 0.300844 28.328800 -0.452219 -0.350933 0.819966 -0.000000 0.000000 0.000000 0.000000 1.000000
0.878228 0.028248 0.477407 -0.000000 -0.188742 0.937696 0.291723 28.328800 -0.439422 -0.346307 0.828843 -0.000000 0.000000 0.000000 0.000000 1.000000
0.890449 0.042383 0.453106 -0.000000 -0.188044 0.940946 0.281531 28.328800 -0.414416 -0.335893 0.845834 0.000000 0.000000 0.000000 0.000000 1.000000
0.907806 0.055341 0.415724 0.000000 -0.181300 0.945632 0.270019 28.328800 -0.378178 -0.320496 0.868483 0.000000 0.000000 0.000000 0.000000 1.000000
0.927661 0.066791 0.367401 -0.000000 -0.170296 0.951276 0.257048 28.328800 -0.332331 -0.301020 0.893836 0.000000 0.000000 0.000000 0.000000 1.000000
0.946599 0.074823 0.313611 0.000000 -0.156170 0.957382 0.242962 28.328800 -0.282066 -0.278964 0.917942 0.000000 0.000000 0.000000 0.000000 1.000000
0.962548 0.080006 0.259038 -0.000000 -0.141262 0.963521 0.227316 28.328800 -0.231402 -0.255394 0.938737 0.000000 0.000000 0.000000 0.000000 1.000000
0.975065 0.082975 0.205822 0.000000 -0.126828 0.969436 0.210018 28.328800 -0.182105 -0.230886 0.955787 0.000000 0.000000 0.000000 0.000000 1.000000
0.983866 0.083006 0.158488 0.000000 -0.112802 0.975399 0.189402 28.328800 -0.138867 -0.204223 0.969025 0.000000 0.000000 0.000000 0.000000 1.000000
0.990186 0.079475 0.114956 -0.000000 -0.097344 0.982422 0.159282 28.328800 -0.100276 -0.168909 0.980517 0.000000 0.000000 0.000000 0.000000 1.000000
0.994052 0.074848 0.079111 -0.000000 -0.084167 0.988967 0.121903 28.328800 -0.069114 -0.127837 0.989384 0.000000 0.000000 0.000000 0.000000 1.000000
0.996016 0.070281 0.054886 0.000000 -0.074623 0.993874 0.081521 28.328800 -0.048820 -0.085292 0.995159 0.000000 0.000000 0.000000 0.000000 1.000000
0.995993 0.068577 0.057400 0.000000 -0.071085 0.996550 0.042844 28.328800 -0.054264 -0.046753 0.997431 -0.000000 0.000000 0.000000 0.000000 1.000000
0.995505 0.067234 0.066697 0.000000 -0.068095 0.997621 0.010719 28.328800 -0.065817 -0.015213 0.997716 0.000000 0.000000 0.000000 0.000000 1.000000
0.995209 0.064984 0.073047 -0.000000 -0.064380 0.997869 -0.010599 28.328800 -0.073580 0.005845 0.997272 0.000000 0.000000 0.000000 0.000000 1.000000
0.995197 0.062882 0.075023 0.000000 -0.061832 0.997954 -0.016243 28.328800 -0.075891 0.011526 0.997050 0.000000 0.000000 0.000000 0.000000 1.000000
0.994909 0.062535 0.079023 0.000000 -0.062517 0.998040 -0.002713 28.328800 -0.079038 -0.002241 0.996869 0.000000 0.000000 0.000000 0.000000 1.000000
0.994770 0.062703 0.080624 0.000000 -0.064682 0.997660 0.022169 28.328800 -0.079045 -0.027268 0.996498 -0.000000 0.000000 0.000000 0.000000 1.000000
0.994409 0.063115 0.084656 0.000000 -0.067471 0.996486 0.049628 28.328800 -0.081226 -0.055062 0.995174 0.000000 0.000000 0.000000 0.000000 1.000000
0.994445 0.062912 0.084392 0.000000 -0.069372 0.994697 0.075932 28.328800 -0.079167 -0.081365 0.993535 0.000000 0.000000 0.000000 0.000000 1.000000
0.995357 0.060928 0.074517 0.000000 -0.067907 0.993156 0.095026 28.328800 -0.068217 -0.099645 0.992682 0.000000 0.000000 0.000000 0.000000 1.000000
0.997402 0.055010 0.046516 -0.000000 -0.059113 0.994003 0.091993 28.328800 -0.041177 -0.094504 0.994673 0.000000 0.000000 0.000000 0.000000 1.000000
0.999026 0.044082 -0.002070 0.000000 -0.043901 0.997511 0.055175 28.328800 0.004497 -0.055030 0.998475 0.000000 0.000000 0.000000 0.000000 1.000000
0.997777 0.031074 -0.058948 0.000000 -0.030414 0.999465 0.012069 28.328800 0.059292 -0.010249 0.998188 0.000000 0.000000 0.000000 0.000000 1.000000
0.995105 0.021354 -0.096492 -0.000000 -0.023811 0.999419 -0.024376 28.328800 0.095915 0.026554 0.995035 0.000000 0.000000 0.000000 0.000000 1.000000
0.995111 0.018834 -0.096955 0.000000 -0.023867 0.998413 -0.051014 28.328800 0.095841 0.053079 0.993980 0.000000 0.000000 0.000000 0.000000 1.000000
0.997495 0.021828 -0.067292 -0.000000 -0.026375 0.997374 -0.067450 28.328800 0.065643 0.069055 0.995451 0.000000 0.000000 0.000000 0.000000 1.000000
0.999156 0.026485 -0.031408 -0.000000 -0.028561 0.997302 -0.067619 28.328800 0.029532 0.068459 0.997217 0.000000 0.000000 0.000000 0.000000 1.000000
0.999533 0.029560 -0.007739 -0.000000 -0.029979 0.997671 -0.061262 28.328800 0.005911 0.061466 0.998092 0.000000 0.000000 0.000000 0.000000 1.000000
0.999471 0.031568 0.007771 -0.000000 -0.030927 0.996923 -0.072031 28.328800 -0.010021 0.071752 0.997372 0.000000 0.000000 0.000000 0.000000 1.000000
0.999068 0.034838 0.025500 -0.000000 -0.032489 0.995649 -0.087340 28.328800 -0.028432 0.086430 0.995852 -0.000000 0.000000 0.000000 0.000000 1.000000
0.997970 0.040097 0.049471 -0.000000 -0.034745 0.993899 -0.104676 28.328800 -0.053366 0.102745 0.993275 0.000000 0.000000 0.000000 0.000000 1.000000
0.996351 0.049978 0.069180 -0.000000 -0.040761 0.990837 -0.128767 28.328800 -0.074982 0.125478 0.989259 0.000000 0.000000 0.000000 0.000000 1.000000
0.995535 0.063513 0.069823 0.000000 -0.051883 0.986185 -0.157312 28.328800 -0.078850 0.152987 0.985077 0.000000 0.000000 0.000000 0.000000 1.000000
0.995812 0.077757 0.048082 0.000000 -0.068040 0.981624 -0.178283 28.328800 -0.061062 0.174265 0.982804 0.000000 0.000000 0.000000 0.000000 1.000000
0.995619 0.093175 0.007834 0.000000 -0.090314 0.979970 -0.177490 28.328800 -0.024214 0.176004 0.984092 0.000000 0.000000 0.000000 0.000000 1.000000
0.993028 0.112878 -0.033965 0.000000 -0.116680 0.982218 -0.147087 28.328800 0.016758 0.150024 0.988540 0.000000 0.000000 0.000000 0.000000 1.000000
0.987911 0.138281 -0.070074 0.000000 -0.145516 0.983041 -0.111603 28.328800 0.053453 0.120450 0.991279 0.000000 0.000000 0.000000 0.000000 1.000000
0.981007 0.169034 -0.095142 0.000000 -0.177507 0.980087 -0.089001 28.328800 0.078203 0.104199 0.991477 0.000000 0.000000 0.000000 0.000000 1.000000
0.973213 0.208714 -0.096409 0.000000 -0.218800 0.969589 -0.109651 28.328800 0.070592 0.127808 0.989284 0.000000 0.000000 0.000000 0.000000 1.000000
0.965919 0.257942 -0.021601 0.000000 -0.257408 0.948424 -0.185021 28.328800 -0.027237 0.184275 0.982497 -0.000000 0.000000 0.000000 0.000000 1.000000
0.948603 0.303321 0.090274 -0.000000 -0.273895 0.929779 -0.245954 28.328800 -0.158537 0.208587 0.965069 0.000000 0.000000 0.000000 0.000000 1.000000
0.920768 0.331974 0.204890 0.000000 -0.294039 0.935743 -0.194744 28.328800 -0.256374 0.119068 0.959216 0.000000 0.000000 0.000000 0.000000 1.000000
0.902937 0.323731 0.282672 0.000000 -0.338629 0.940911 0.004099 28.328800 -0.264642 -0.099422 0.959208 0.000000 0.000000 0.000000 0.000000 1.000000
0.900359 0.237902 0.364359 0.000000 -0.313359 0.935444 0.163553 28.328800 -0.301928 -0.261432 0.916784 0.000000 0.000000 0.000000 0.000000 1.000000
0.909926 0.122020 0.396416 0.000000 -0.232730 0.941316 0.244461 28.328800 -0.343324 -0.314699 0.884926 0.000000 0.000000 0.000000 0.000000 1.000000
0.931381 0.017264 0.363636 0.000000 -0.087687 0.980105 0.178061 28.328800 -0.353327 -0.197729 0.914365 0.000000 0.000000 0.000000 0.000000 1.000000
0.959715 -0.028866 0.279488 0.000000 0.033787 0.999347 -0.012806 28.328800 -0.278935 0.021733 0.960064 0.000000 0.000000 0.000000 0.000000 1.000000
0.984559 -0.026230 0.173079 -0.000000 0.056461 0.983454 -0.172136 28.328800 -0.165700 0.179251 0.969749 -0.000000 0.000000 0.000000 0.000000 1.000000
0.996675 -0.023710 0.077952 0.000000 0.039103 0.978536 -0.202334 28.328800 -0.071481 0.204710 0.976209 0.000000 0.000000 0.000000 0.000000 1.000000
0.999419 -0.017494 0.029266 -0.000000 0.023289 0.977161 -0.211219 28.328800 -0.024903 0.211778 0.977000 -0.000000 0.000000 0.000000 0.000000 1.000000
0.999343 -0.022064 0.028759 0.000000 0.027918 0.974540 -0.222469 28.328800 -0.023118 0.223126 0.974515 0.000000 0.000000 0.000000 0.000000 1.000000
0.998066 -0.017267 0.059721 0.000000 0.030189 0.974395 -0.222805 28.328800 -0.054345 0.224177 0.973032 0.000000 0.000000 0.000000 0.000000 1.000000
0.994554 -0.009772 0.103766 -0.000000 0.032533 0.974957 -0.220001 28.328800 -0.099017 0.222178 0.969965 0.000000 0.000000 0.000000 0.000000 1.000000
0.988036 -0.001291 0.154216 0.000000 0.034845 0.975976 -0.215075 28.328800 -0.150234 0.217875 0.964344 0.000000 0.000000 0.000000 0.000000 1.000000
0.978855 0.006660 0.204448 0.000000 0.037052 0.977164 -0.209233 28.328800 -0.201173 0.212384 0.956254 0.000000 0.000000 0.000000 0.000000 1.000000
0.968628 0.011680 0.248239 -0.000000 0.040331 0.978265 -0.203399 28.328800 -0.245219 0.207030 0.947104 0.000000 0.000000 0.000000 0.000000 1.000000
0.956856 0.016765 0.290077 -0.000000 0.041303 0.980348 -0.192904 28.328800 -0.287611 0.196563 0.937360 0.000000 0.000000 0.000000 0.000000 1.000000
0.941843 0.023130 0.335257 0.000000 0.038222 0.983782 -0.175250 28.328800 -0.333873 0.177872 0.925684 0.000000 0.000000 0.000000 0.000000 1.000000
0.925451 0.027946 0.377836 0.000000 0.033407 0.987372 -0.154854 28.328800 -0.377392 0.155932 0.912831 0.000000 0.000000 0.000000 0.000000 1.000000
0.910675 0.028083 0.412168 0.000000 0.030724 0.990320 -0.135358 28.328800 -0.411980 0.135931 0.900997 0.000000 0.000000 0.000000 0.000000 1.000000
0.901269 0.020638 0.432768 0.000000 0.034944 0.992148 -0.120088 28.328800 -0.431848 0.123355 0.893471 0.000000 0.000000 0.000000 0.000000 1.000000
0.925754 -0.016064 0.377786 0.000000 0.072507 0.988099 -0.135660 28.328800 -0.371111 0.152980 0.915901 0.000000 0.000000 0.000000 0.000000 1.000000
0.986576 -0.138694 0.086212 0.000000 0.157944 0.944548 -0.287894 28.328800 -0.041502 0.297646 0.953774 0.000000 0.000000 0.000000 0.000000 1.000000
0.930029 -0.294748 -0.219478 0.000000 0.146081 0.844546 -0.515172 28.328800 0.337205 0.447063 0.828509 -0.000000 0.000000 0.000000 0.000000 1.000000
0.798529 -0.385716 -0.462141 0.000000 0.026443 0.789468 -0.613222 28.328800 0.601375 0.477455 0.640613 0.000000 0.000000 0.000000 0.000000 1.000000
0.766524 -0.268470 -0.583408 0.000000 -0.084950 0.858062 -0.506472 28.328800 0.636572 0.437783 0.634918 0.000000 0.000000 0.000000 0.000000 1.000000
0.811892 -0.173398 -0.557463 0.000000 -0.081026 0.912165 -0.401734 28.328800 0.578158 0.371333 0.726529 0.000000 0.000000 0.000000 0.000000 1.000000
0.917904 -0.139210 -0.371581 -0.000000 0.011972 0.945729 -0.324737 28.328800 0.396622 0.293629 0.869755 0.000000 0.000000 0.000000 0.000000 1.000000
0.980438 -0.114213 -0.160299 0.000000 0.076151 0.971111 -0.226153 28.328800 0.181498 0.209523 0.960811 -0.000000 0.000000 0.000000 0.000000 1.000000
0.994136 -0.107196 0.014220 0.000000 0.108123 0.983436 -0.145474 28.328800 0.001610 0.146159 0.989260 0.000000 0.000000 0.000000 0.000000 1.000000
0.986340 -0.117299 0.115648 0.000000 0.130380 0.985014 -0.112910 28.328800 -0.100671 0.126446 0.986852 -0.000000 0.000000 0.000000 0.000000 1.000000
0.982740 -0.135949 0.125461 0.000000 0.153970 0.977027 -0.147346 28.328800 -0.102547 0.164120 0.981096 0.000000 0.000000 0.000000 0.000000 1.000000
0.996328 -0.085434 0.005619 0.000000 0.084348 0.968166 -0.235670 28.328800 0.014694 0.235279 0.971817 0.000000 0.000000 0.000000 0.000000 1.000000
0.970176 0.010891 -0.242157 0.000000 -0.071184 0.967745 -0.241666 28.328800 0.231714 0.251696 0.939658 0.000000 0.000000 0.000000 0.000000 1.000000
0.857137 0.099219 -0.505443 0.000000 -0.200890 0.967959 -0.150660 28.328800 0.474300 0.230675 0.849605 0.000000 0.000000 0.000000 0.000000 1.000000
0.716950 0.139690 -0.682986 0.000000 -0.265824 0.960477 -0.082597 28.328800 0.644454 0.240772 0.725747 0.000000 0.000000 0.000000 0.000000 1.000000
0.659520 0.159594 -0.734550 0.000000 -0.245231 0.969418 -0.009559 28.328800 0.710560 0.186439 0.678487 0.000000 0.000000 0.000000 0.000000 1.000000
0.700555 0.182324 -0.689914 0.000000 -0.241543 0.970326 0.011160 28.328800 0.671476 0.158826 0.723806 0.000000 0.000000 0.000000 0.000000 1.000000
0.791139 0.204467 -0.576448 0.000000 -0.250416 0.968138 -0.000280 28.328800 0.558024 0.144574 0.817134 0.000000 0.000000 0.000000 0.000000 1.000000
0.871591 0.221732 -0.437223 -0.000000 -0.257752 0.965914 -0.023970 28.328800 0.417005 0.133587 0.899034 -0.000000 0.000000 0.000000 0.000000 1.000000
0.916407 0.232061 -0.326107 0.000000 -0.258149 0.965338 -0.038491 28.328800 0.305871 0.119458 0.944549 0.000000 0.000000 0.000000 0.000000 1.000000
0.934380 0.231267 -0.271015 0.000000 -0.251122 0.967107 -0.040528 28.328800 0.252728 0.105926 0.961722 0.000000 0.000000 0.000000 0.000000 1.000000
0.938567 0.222011 -0.264203 -0.000000 -0.239127 0.970391 -0.034063 28.328800 0.248818 0.095149 0.963865 0.000000 0.000000 0.000000 0.000000 1.000000
0.935915 0.208562 -0.283839 0.000000 -0.224616 0.974130 -0.024857 28.328800 0.271312 0.087019 0.958550 0.000000 0.000000 0.000000 0.000000 1.000000
0.930118 0.195945 -0.310623 0.000000 -0.211317 0.977282 -0.016276 28.328800 0.300377 0.080778 0.950394 0.000000 0.000000 0.000000 0.000000 1.000000
0.921225 0.184772 -0.342349 0.000000 -0.199618 0.979838 -0.008316 28.328800 0.333911 0.076000 0.939536 0.000000 0.000000 0.000000 0.000000 1.000000
0.909577 0.176753 -0.376070 0.000000 -0.191286 0.981533 -0.001331 28.328800 0.368890 0.073147 0.926590 0.000000 0.000000 0.000000 0.000000 1.000000
0.895606 0.175960 -0.408569 0.000000 -0.193828 0.981033 -0.002375 28.328800 0.400402 0.081319 0.912724 0.000000 0.000000 0.000000 0.000000 1.000000
0.879118 0.175653 -0.443056 0.000000 -0.196308 0.980542 -0.000774 28.328800 0.434299 0.087656 0.896494 -0.000000 0.000000 0.000000 0.000000 1.000000
0.861167 0.170348 -0.478929 -0.000000 -0.190067 0.981743 0.007429 28.328800 0.471451 0.084631 0.877822 -0.000000 0.000000 0.000000 0.000000 1.000000
0.843065 0.165380 -0.511753 0.000000 -0.184026 0.982815 0.014445 28.328800 0.505347 0.081998 0.859011 0.000000 0.000000 0.000000 0.000000 1.000000
0.825499 0.160236 -0.541180 0.000000 -0.177773 0.983865 0.020138 28.328800 0.535676 0.079583 0.840665 0.000000 0.000000 0.000000 0.000000 1.000000
0.809405 0.155640 -0.566250 0.000000 -0.172117 0.984768 0.024647 28.328800 0.561461 0.077512 0.823865 0.000000 0.000000 0.000000 0.000000 1.000000
0.798101 0.153265 -0.582705 0.000000 -0.168890 0.985242 0.027822 28.328800 0.578370 0.076208 0.812207 0.000000 0.000000 0.000000 0.000000 1.000000
0.793261 0.152580 -0.589454 0.000000 -0.167819 0.985385 0.029223 28.328800 0.585298 0.075740 0.807273 0.000000 0.000000 0.000000 0.000000 1.000000</float_array>
        <technique_common>
          <accessor source="#mixamorig_RightHand-Matrix-animation-output-transform-array" count="96" stride="16">
            <param type="float4x4"/>
          </accessor>
        </technique_common>
      </source>
      <source id="mixamorig_RightHand-Interpolations">
        <Name_array id="mixamorig_RightHand-Interpolations-array" count="96">
 LINEAR LINEAR LINEAR LINEAR LINEAR LINEAR LINEAR LINEAR LINEAR LINEAR LINEAR
LINEAR LINEAR LINEAR LINEAR LINEAR LINEAR LINEAR LINEAR LINEAR LINEAR LINEAR LINEAR
LINEAR LINEAR LINEAR LINEAR LINEAR LINEAR LINEAR LINEAR LINEAR LINEAR LINEAR LINEAR
LINEAR LINEAR LINEAR LINEAR LINEAR LINEAR LINEAR LINEAR LINEAR LINEAR LINEAR LINEAR
LINEAR LINEAR LINEAR LINEAR LINEAR LINEAR LINEAR LINEAR LINEAR LINEAR LINEAR LINEAR
LINEAR LINEAR LINEAR LINEAR LINEAR LINEAR LINEAR LINEAR LINEAR LINEAR LINEAR LINEAR
LINEAR LINEAR LINEAR LINEAR LINEAR LINEAR LINEAR LINEAR LINEAR LINEAR LINEAR LINEAR
LINEAR LINEAR LINEAR LINEAR LINEAR LINEAR LINEAR LINEAR LINEAR LINEAR LINEAR LINEAR
LINEAR</Name_array>
        <technique_common>
          <accessor source="#mixamorig_RightHand-Interpolations-array" count="96">
            <param type="name"/>
          </accessor>
        </technique_common>
      </source>
      <sampler id="mixamorig_RightHand-Matrix-animation-transform">
        <input semantic="INPUT" source="#mixamorig_RightHand-Matrix-animation-input"/>
        <input semantic="OUTPUT" source="#mixamorig_RightHand-Matrix-animation-output-transform"/>
        <input semantic="INTERPOLATION" source="#mixamorig_RightHand-Interpolations"/>
      </sampler>
      <channel source="#mixamorig_RightHand-Matrix-animation-transform" target="mixamorig_RightHand/matrix"/>
    </animation>
    <animation id="mixamorig_RightHandThumb1-anim" name="mixamorig_RightHandThumb1">
      <source id="mixamorig_RightHandThumb1-Matrix-animation-input">
        <float_array id="mixamorig_RightHandThumb1-Matrix-animation-input-array" count="96">

0.000000 0.033333 0.066667 0.100000 0.133333 0.166667 0.200000 0.233333 0.266667 0.300000 0.333333 0.366667 0.400000 0.433333 0.466667 0.500000
0.533333 0.566667 0.600000 0.633333 0.666667 0.700000 0.733333 0.766667 0.800000 0.833333 0.866667 0.900000 0.933333 0.966667 1.000000 1.033333
1.066667 1.100000 1.133333 1.166667 1.200000 1.233333 1.266667 1.300000 1.333333 1.366667 1.400000 1.433333 1.466667 1.500000 1.533333 1.566667
1.600000 1.633333 1.666667 1.700000 1.733333 1.766667 1.800000 1.833333 1.866667 1.900000 1.933333 1.966667 2.000000 2.033333 2.066667 2.100000
2.133333 2.166667 2.200000 2.233333 2.266667 2.300000 2.333333 2.366667 2.400000 2.433333 2.466667 2.500000 2.533333 2.566667 2.600000 2.633333
2.666667 2.700000 2.733333 2.766667 2.800000 2.833333 2.866667 2.900000 2.933333 2.966667 3.000000 3.033333 3.066667 3.100000 3.133333 3.166667</float_array>
        <technique_common>
          <accessor source="#mixamorig_RightHandThumb1-Matrix-animation-input-array" count="96">
            <param name="TIME" type="float"/>
          </accessor>
        </technique_common>
      </source>
      <source id="mixamorig_RightHandThumb1-Matrix-animation-output-transform">
        <float_array id="mixamorig_RightHandThumb1-Matrix-animation-output-transform-array" count="1536">

0.912481 0.396228 0.101893 2.681900 -0.240785 0.721465 -0.649239 2.464800 -0.330759 0.567884 0.753728 1.574000 0.000000 0.000000 0.000000 1.000000
0.906409 0.410929 0.097772 2.681900 -0.251841 0.711566 -0.655935 2.464800 -0.339114 0.569922 0.748459 1.574000 0.000000 0.000000 0.000000 1.000000
0.899699 0.426541 0.092761 2.681900 -0.263418 0.699985 -0.663801 2.464800 -0.348070 0.572787 0.742134 1.574000 0.000000 0.000000 0.000000 1.000000
0.892435 0.442705 0.087017 2.681900 -0.275264 0.687067 -0.672435 2.464800 -0.357477 0.576152 0.735023 1.574000 0.000000 0.000000 0.000000 1.000000
0.884717 0.459086 0.080725 2.681900 -0.287144 0.673187 -0.681445 2.464800 -0.367185 0.579707 0.727403 1.574000 0.000000 0.000000 0.000000 1.000000
0.876662 0.475367 0.074096 2.681900 -0.298846 0.658749 -0.690464 2.464800 -0.377035 0.583160 0.719562 1.574000 0.000000 0.000000 0.000000 1.000000
0.868406 0.491255 0.067378 2.681900 -0.310172 0.644192 -0.699150 2.464800 -0.386865 0.586247 0.711793 1.574000 0.000000 0.000000 0.000000 1.000000
0.860099 0.506485 0.060846 2.681900 -0.320949 0.629983 -0.707187 2.464800 -0.396511 0.588722 0.704404 1.574000 0.000000 0.000000 0.000000 1.000000
0.851907 0.520817 0.054808 2.681900 -0.331019 0.616620 -0.714287 2.464800 -0.405809 0.590364 0.697703 1.574000 0.000000 0.000000 0.000000 1.000000
0.844006 0.534036 0.049587 2.681900 -0.340253 0.604617 -0.720185 2.464800 -0.414586 0.590969 0.692008 1.574000 0.000000 0.000000 0.000000 1.000000
0.836584 0.545944 0.045527 2.681900 -0.348532 0.594505 -0.724631 2.464800 -0.422674 0.590347 0.687632 1.574000 0.000000 0.000000 0.000000 1.000000
0.829836 0.556349 0.042977 2.681900 -0.355754 0.586822 -0.727379 2.464800 -0.429897 0.588316 0.684889 1.574000 0.000000 0.000000 0.000000 1.000000
0.823964 0.565063 0.042279 2.681900 -0.361833 0.582101 -0.728173 2.464800 -0.436074 0.584690 0.684089 1.574000 0.000000 0.000000 0.000000 1.000000
0.819170 0.571880 0.043759 2.681900 -0.366691 0.580862 -0.726731 2.464800 -0.441021 0.579270 0.685527 1.574000 0.000000 0.000000 0.000000 1.000000
0.815686 0.576511 0.047859 2.681900 -0.370216 0.583792 -0.722583 2.464800 -0.444517 0.571683 0.689625 1.574000 0.000000 0.000000 0.000000 1.000000
0.813756 0.578559 0.055409 2.681900 -0.372262 0.592049 -0.714773 2.464800 -0.446343 0.561024 0.697159 1.574000 0.000000 0.000000 0.000000 1.000000
0.813288 0.578109 0.065979 2.681900 -0.373018 0.605043 -0.703407 2.464800 -0.446565 0.547461 0.707719 1.574000 0.000000 0.000000 0.000000 1.000000
0.814135 0.575290 0.078901 2.681900 -0.372698 0.621891 -0.688729 2.464800 -0.445287 0.531312 0.720713 1.574000 0.000000 0.000000 0.000000 1.000000
0.816144 0.570234 0.093495 2.681900 -0.371482 0.641696 -0.670990 2.464800 -0.442617 0.512893 0.735548 1.574000 0.000000 0.000000 0.000000 1.000000
0.819151 0.563109 0.109082 2.681900 -0.369526 0.663556 -0.650495 2.464800 -0.438682 0.492545 0.751637 1.574000 0.000000 0.000000 0.000000 1.000000
0.822986 0.554132 0.125022 2.681900 -0.366959 0.686604 -0.627627 2.464800 -0.433629 0.470650 0.768410 1.574000 0.000000 0.000000 0.000000 1.000000
0.827470 0.543589 0.140729 2.681900 -0.363903 0.710020 -0.602865 2.464800 -0.427631 0.447640 0.785334 1.574000 0.000000 0.000000 0.000000 1.000000
0.832414 0.531833 0.155697 2.681900 -0.360468 0.733056 -0.576795 2.464800 -0.420893 0.424008 0.801914 1.574000 0.000000 0.000000 0.000000 1.000000
0.837625 0.519279 0.169513 2.681900 -0.356763 0.755053 -0.550105 2.464800 -0.413649 0.400306 0.817710 1.574000 0.000000 0.000000 0.000000 1.000000
0.842900 0.506404 0.181865 2.681900 -0.352914 0.775451 -0.523572 2.464800 -0.406166 0.377136 0.832345 1.574000 0.000000 0.000000 0.000000 1.000000
0.848033 0.493726 0.192548 2.681900 -0.349060 0.793788 -0.498054 2.464800 -0.398744 0.355155 0.845498 1.574000 0.000000 0.000000 0.000000 1.000000
0.852817 0.481788 0.201452 2.681900 -0.345355 0.809703 -0.474458 2.464800 -0.391704 0.335054 0.856917 1.574000 0.000000 0.000000 0.000000 1.000000
0.857044 0.471154 0.208542 2.681900 -0.341984 0.822909 -0.453728 2.464800 -0.385387 0.317546 0.866396 1.574000 0.000000 0.000000 0.000000 1.000000
0.860509 0.462382 0.213842 2.681900 -0.339141 0.833172 -0.436816 2.464800 -0.380143 0.303362 0.873764 1.574000 0.000000 0.000000 0.000000 1.000000
0.863010 0.456021 0.217388 2.681900 -0.337039 0.840278 -0.424663 2.464800 -0.376321 0.293220 0.878865 1.574000 0.000000 0.000000 0.000000 1.000000
0.864353 0.452602 0.219192 2.681900 -0.335890 0.843983 -0.418177 2.464800 -0.374262 0.287828 0.881523 1.574000 0.000000 0.000000 0.000000 1.000000
0.864542 0.452155 0.219368 2.681900 -0.335766 0.844462 -0.417308 2.464800 -0.373936 0.287124 0.881891 1.574000 0.000000 0.000000 0.000000 1.000000
0.864565 0.452159 0.219271 2.681900 -0.335815 0.844459 -0.417274 2.464800 -0.373840 0.287126 0.881931 1.574000 0.000000 0.000000 0.000000 1.000000
0.864579 0.452162 0.219210 2.681900 -0.335846 0.844457 -0.417253 2.464800 -0.373780 0.287127 0.881956 1.574000 0.000000 0.000000 0.000000 1.000000
0.864587 0.452164 0.219175 2.681900 -0.335864 0.844455 -0.417242 2.464800 -0.373745 0.287129 0.881970 1.574000 0.000000 0.000000 0.000000 1.000000
0.864591 0.452167 0.219152 2.681900 -0.335877 0.844453 -0.417236 2.464800 -0.373724 0.287130 0.881979 1.574000 0.000000 0.000000 0.000000 1.000000
0.864593 0.452168 0.219144 2.681900 -0.335881 0.844453 -0.417233 2.464800 -0.373716 0.287130 0.881982 1.574000 0.000000 0.000000 0.000000 1.000000
0.864591 0.452167 0.219151 2.681900 -0.335877 0.844453 -0.417235 2.464800 -0.373723 0.287130 0.881979 1.574000 0.000000 0.000000 0.000000 1.000000
0.864586 0.452166 0.219173 2.681900 -0.335866 0.844454 -0.417244 2.464800 -0.373745 0.287130 0.881970 1.574000 0.000000 0.000000 0.000000 1.000000
0.864567 0.452163 0.219254 2.681900 -0.335825 0.844456 -0.417272 2.464800 -0.373825 0.287129 0.881936 1.574000 0.000000 0.000000 0.000000 1.000000
0.864543 0.452159 0.219359 2.681900 -0.335772 0.844459 -0.417309 2.464800 -0.373929 0.287126 0.881893 1.574000 0.000000 0.000000 0.000000 1.000000
0.865180 0.450732 0.219782 2.681900 -0.334535 0.845289 -0.416622 2.464800 -0.373564 0.286928 0.882112 1.574000 0.000000 0.000000 0.000000 1.000000
0.869775 0.440524 0.222329 2.681900 -0.325886 0.851134 -0.411545 2.464800 -0.370527 0.285497 0.883856 1.574000 0.000000 0.000000 0.000000 1.000000
0.877329 0.423024 0.226593 2.681900 -0.311030 0.860820 -0.402801 2.464800 -0.365451 0.282912 0.886796 1.574000 0.000000 0.000000 0.000000 1.000000
0.886158 0.401291 0.231712 2.681900 -0.292534 0.872270 -0.391878 2.464800 -0.359372 0.279482 0.890360 1.574000 0.000000 0.000000 0.000000 1.000000
0.894780 0.378497 0.236871 2.681900 -0.273086 0.883609 -0.380340 2.464800 -0.353259 0.275634 0.893999 1.574000 0.000000 0.000000 0.000000 1.000000
0.902009 0.357959 0.241340 2.681900 -0.255524 0.893256 -0.369867 2.464800 -0.347976 0.271955 0.897192 1.574000 0.000000 0.000000 0.000000 1.000000
0.906928 0.343097 0.244471 2.681900 -0.242795 0.899906 -0.362244 2.464800 -0.344286 0.269173 0.899452 1.574000 0.000000 0.000000 0.000000 1.000000
0.908752 0.337379 0.245652 2.681900 -0.237893 0.902391 -0.359301 2.464800 -0.342895 0.268077 0.900310 1.574000 0.000000 0.000000 0.000000 1.000000
0.908730 0.337405 0.245700 2.681900 -0.237947 0.902422 -0.359187 2.464800 -0.342917 0.267940 0.900342 1.574000 0.000000 0.000000 0.000000 1.000000
0.908707 0.337427 0.245752 2.681900 -0.237991 0.902450 -0.359089 2.464800 -0.342945 0.267820 0.900367 1.574000 0.000000 0.000000 0.000000 1.000000
0.908686 0.337447 0.245802 2.681900 -0.238029 0.902474 -0.359004 2.464800 -0.342974 0.267714 0.900388 1.574000 0.000000 0.000000 0.000000 1.000000
0.908667 0.337464 0.245850 2.681900 -0.238058 0.902494 -0.358932 2.464800 -0.343005 0.267623 0.900403 1.574000 0.000000 0.000000 0.000000 1.000000
0.908649 0.337478 0.245896 2.681900 -0.238082 0.902512 -0.358872 2.464800 -0.343036 0.267545 0.900415 1.574000 0.000000 0.000000 0.000000 1.000000
0.908633 0.337491 0.245939 2.681900 -0.238100 0.902526 -0.358823 2.464800 -0.343066 0.267480 0.900422 1.574000 0.000000 0.000000 0.000000 1.000000
0.908619 0.337500 0.245978 2.681900 -0.238113 0.902539 -0.358785 2.464800 -0.343094 0.267428 0.900427 1.574000 0.000000 0.000000 0.000000 1.000000
0.908606 0.337509 0.246013 2.681900 -0.238121 0.902547 -0.358757 2.464800 -0.343122 0.267388 0.900428 1.574000 0.000000 0.000000 0.000000 1.000000
0.908593 0.337514 0.246054 2.681900 -0.238121 0.902554 -0.358740 2.464800 -0.343156 0.267358 0.900424 1.574000 0.000000 0.000000 0.000000 1.000000
0.908579 0.337517 0.246104 2.681900 -0.238112 0.902559 -0.358734 2.464800 -0.343202 0.267338 0.900413 1.574000 0.000000 0.000000 0.000000 1.000000
0.908565 0.337520 0.246150 2.681900 -0.238100 0.902561 -0.358738 2.464800 -0.343246 0.267328 0.900399 1.574000 0.000000 0.000000 0.000000 1.000000
0.908556 0.337520 0.246183 2.681900 -0.238087 0.902561 -0.358745 2.464800 -0.343278 0.267327 0.900387 1.574000 0.000000 0.000000 0.000000 1.000000
0.908551 0.337519 0.246202 2.681900 -0.238076 0.902560 -0.358755 2.464800 -0.343299 0.267333 0.900377 1.574000 0.000000 0.000000 0.000000 1.000000
0.908548 0.337517 0.246219 2.681900 -0.238063 0.902557 -0.358772 2.464800 -0.343318 0.267346 0.900366 1.574000 0.000000 0.000000 0.000000 1.000000
0.908546 0.337513 0.246231 2.681900 -0.238047 0.902552 -0.358795 2.464800 -0.343334 0.267367 0.900354 1.574000 0.000000 0.000000 0.000000 1.000000
0.908545 0.337509 0.246240 2.681900 -0.238030 0.902546 -0.358822 2.464800 -0.343348 0.267393 0.900340 1.574000 0.000000 0.000000 0.000000 1.000000
0.908546 0.337503 0.246245 2.681900 -0.238010 0.902539 -0.358853 2.464800 -0.343360 0.267425 0.900327 1.574000 0.000000 0.000000 0.000000 1.000000
0.908548 0.337496 0.246247 2.681900 -0.237990 0.902530 -0.358887 2.464800 -0.343369 0.267462 0.900312 1.574000 0.000000 0.000000 0.000000 1.000000
0.908550 0.337489 0.246247 2.681900 -0.237969 0.902521 -0.358923 2.464800 -0.343376 0.267501 0.900298 1.574000 0.000000 0.000000 0.000000 1.000000
0.908554 0.337481 0.246243 2.681900 -0.237948 0.902511 -0.358962 2.464800 -0.343380 0.267544 0.900283 1.574000 0.000000 0.000000 0.000000 1.000000
0.908559 0.337472 0.246237 2.681900 -0.237925 0.902501 -0.359002 2.464800 -0.343382 0.267589 0.900269 1.574000 0.000000 0.000000 0.000000 1.000000
0.908565 0.337464 0.246228 2.681900 -0.237904 0.902491 -0.359044 2.464800 -0.343382 0.267636 0.900255 1.574000 0.000000 0.000000 0.000000 1.000000
0.908571 0.337456 0.246216 2.681900 -0.237884 0.902479 -0.359086 2.464800 -0.343380 0.267684 0.900242 1.574000 0.000000 0.000000 0.000000 1.000000
0.908578 0.337446 0.246202 2.681900 -0.237862 0.902469 -0.359126 2.464800 -0.343376 0.267732 0.900229 1.574000 0.000000 0.000000 0.000000 1.000000
0.908586 0.337437 0.246186 2.681900 -0.237843 0.902458 -0.359167 2.464800 -0.343369 0.267781 0.900217 1.574000 0.000000 0.000000 0.000000 1.000000
0.908594 0.337428 0.246168 2.681900 -0.237825 0.902447 -0.359205 2.464800 -0.343360 0.267827 0.900207 1.574000 0.000000 0.000000 0.000000 1.000000
0.908603 0.337420 0.246148 2.681900 -0.237809 0.902437 -0.359241 2.464800 -0.343349 0.267871 0.900198 1.574000 0.000000 0.000000 0.000000 1.000000
0.908611 0.337412 0.246127 2.681900 -0.237794 0.902428 -0.359275 2.464800 -0.343336 0.267913 0.900191 1.574000 0.000000 0.000000 0.000000 1.000000
0.908620 0.337405 0.246104 2.681900 -0.237783 0.902419 -0.359305 2.464800 -0.343320 0.267953 0.900185 1.574000 0.000000 0.000000 0.000000 1.000000
0.908632 0.337398 0.246070 2.681900 -0.237777 0.902411 -0.359328 2.464800 -0.343293 0.267987 0.900185 1.574000 0.000000 0.000000 0.000000 1.000000
0.908648 0.337392 0.246018 2.681900 -0.237782 0.902404 -0.359342 2.464800 -0.343247 0.268017 0.900194 1.574000 0.000000 0.000000 0.000000 1.000000
0.908665 0.337388 0.245960 2.681900 -0.237791 0.902398 -0.359351 2.464800 -0.343195 0.268042 0.900206 1.574000 0.000000 0.000000 0.000000 1.000000
0.908685 0.337384 0.245895 2.681900 -0.237806 0.902395 -0.359350 2.464800 -0.343133 0.268060 0.900224 1.574000 0.000000 0.000000 0.000000 1.000000
0.908710 0.337381 0.245804 2.681900 -0.237836 0.902392 -0.359337 2.464800 -0.343045 0.268072 0.900254 1.574000 0.000000 0.000000 0.000000 1.000000
0.908737 0.337381 0.245704 2.681900 -0.237873 0.902391 -0.359314 2.464800 -0.342947 0.268076 0.900290 1.574000 0.000000 0.000000 0.000000 1.000000
0.908210 0.338535 0.246067 2.681900 -0.239412 0.902505 -0.358004 2.464800 -0.343273 0.266232 0.900713 1.574000 0.000000 0.000000 0.000000 1.000000
0.904304 0.346691 0.249076 2.681900 -0.250194 0.903188 -0.348791 2.464800 -0.345885 0.253096 0.903496 1.574000 0.000000 0.000000 0.000000 1.000000
0.897540 0.360153 0.254385 2.681900 -0.268218 0.903858 -0.333317 2.464800 -0.349973 0.230935 0.907848 1.574000 0.000000 0.000000 0.000000 1.000000
0.889058 0.375968 0.261197 2.681900 -0.289785 0.903880 -0.314683 2.464800 -0.354402 0.204080 0.912552 1.574000 0.000000 0.000000 0.000000 1.000000
0.880201 0.391367 0.268474 2.681900 -0.311235 0.903051 -0.296025 2.464800 -0.358301 0.177003 0.916674 1.574000 0.000000 0.000000 0.000000 1.000000
0.872552 0.403851 0.274878 2.681900 -0.328984 0.901715 -0.280497 2.464800 -0.361141 0.154318 0.919654 1.574000 0.000000 0.000000 0.000000 1.000000
0.867871 0.411151 0.278847 2.681900 -0.339527 0.900640 -0.271236 2.464800 -0.362660 0.140722 0.921236 1.574000 0.000000 0.000000 0.000000 1.000000
0.867205 0.412168 0.279414 2.681900 -0.341008 0.900472 -0.269932 2.464800 -0.362862 0.138804 0.921447 1.574000 0.000000 0.000000 0.000000 1.000000
0.867205 0.412169 0.279414 2.681900 -0.341008 0.900472 -0.269932 2.464800 -0.362862 0.138804 0.921447 1.574000 0.000000 0.000000 0.000000 1.000000
0.867205 0.412169 0.279414 2.681900 -0.341008 0.900472 -0.269932 2.464800 -0.362862 0.138804 0.921447 1.574000 0.000000 0.000000 0.000000 1.000000
0.867205 0.412169 0.279415 2.681900 -0.341008 0.900473 -0.269931 2.464800 -0.362862 0.138803 0.921447 1.574000 0.000000 0.000000 0.000000 1.000000
0.867205 0.412169 0.279415 2.681900 -0.341008 0.900472 -0.269931 2.464800 -0.362862 0.138803 0.921447 1.574000 0.000000 0.000000 0.000000 1.000000</float_array>
        <technique_common>
          <accessor source="#mixamorig_RightHandThumb1-Matrix-animation-output-transform-array" count="96" stride="16">
            <param type="float4x4"/>
          </accessor>
        </technique_common>
      </source>
      <source id="mixamorig_RightHandThumb1-Interpolations">
        <Name_array id="mixamorig_RightHandThumb1-Interpolations-array" count="96">
 LINEAR LINEAR LINEAR LINEAR LINEAR LINEAR LINEAR LINEAR LINEAR LINEAR LINEAR
LINEAR LINEAR LINEAR LINEAR LINEAR LINEAR LINEAR LINEAR LINEAR LINEAR LINEAR LINEAR
LINEAR LINEAR LINEAR LINEAR LINEAR LINEAR LINEAR LINEAR LINEAR LINEAR LINEAR LINEAR
LINEAR LINEAR LINEAR LINEAR LINEAR LINEAR LINEAR LINEAR LINEAR LINEAR LINEAR LINEAR
LINEAR LINEAR LINEAR LINEAR LINEAR LINEAR LINEAR LINEAR LINEAR LINEAR LINEAR LINEAR
LINEAR LINEAR LINEAR LINEAR LINEAR LINEAR LINEAR LINEAR LINEAR LINEAR LINEAR LINEAR
LINEAR LINEAR LINEAR LINEAR LINEAR LINEAR LINEAR LINEAR LINEAR LINEAR LINEAR LINEAR
LINEAR LINEAR LINEAR LINEAR LINEAR LINEAR LINEAR LINEAR LINEAR LINEAR LINEAR LINEAR
LINEAR</Name_array>
        <technique_common>
          <accessor source="#mixamorig_RightHandThumb1-Interpolations-array" count="96">
            <param type="name"/>
          </accessor>
        </technique_common>
      </source>
      <sampler id="mixamorig_RightHandThumb1-Matrix-animation-transform">
        <input semantic="INPUT" source="#mixamorig_RightHandThumb1-Matrix-animation-input"/>
        <input semantic="OUTPUT" source="#mixamorig_RightHandThumb1-Matrix-animation-output-transform"/>
        <input semantic="INTERPOLATION" source="#mixamorig_RightHandThumb1-Interpolations"/>
      </sampler>
      <channel source="#mixamorig_RightHandThumb1-Matrix-animation-transform" target="mixamorig_RightHandThumb1/matrix"/>
    </animation>
    <animation id="mixamorig_RightHandThumb2-anim" name="mixamorig_RightHandThumb2">
      <source id="mixamorig_RightHandThumb2-Matrix-animation-input">
        <float_array id="mixamorig_RightHandThumb2-Matrix-animation-input-array" count="96">

0.000000 0.033333 0.066667 0.100000 0.133333 0.166667 0.200000 0.233333 0.266667 0.300000 0.333333 0.366667 0.400000 0.433333 0.466667 0.500000
0.533333 0.566667 0.600000 0.633333 0.666667 0.700000 0.733333 0.766667 0.800000 0.833333 0.866667 0.900000 0.933333 0.966667 1.000000 1.033333
1.066667 1.100000 1.133333 1.166667 1.200000 1.233333 1.266667 1.300000 1.333333 1.366667 1.400000 1.433333 1.466667 1.500000 1.533333 1.566667
1.600000 1.633333 1.666667 1.700000 1.733333 1.766667 1.800000 1.833333 1.866667 1.900000 1.933333 1.966667 2.000000 2.033333 2.066667 2.100000
2.133333 2.166667 2.200000 2.233333 2.266667 2.300000 2.333333 2.366667 2.400000 2.433333 2.466667 2.500000 2.533333 2.566667 2.600000 2.633333
2.666667 2.700000 2.733333 2.766667 2.800000 2.833333 2.866667 2.900000 2.933333 2.966667 3.000000 3.033333 3.066667 3.100000 3.133333 3.166667</float_array>
        <technique_common>
          <accessor source="#mixamorig_RightHandThumb2-Matrix-animation-input-array" count="96">
            <param name="TIME" type="float"/>
          </accessor>
        </technique_common>
      </source>
      <source id="mixamorig_RightHandThumb2-Matrix-animation-output-transform">
        <float_array id="mixamorig_RightHandThumb2-Matrix-animation-output-transform-array" count="1536">

0.922795 -0.385082 0.012693 0.000000 0.374018 0.903219 0.210492 4.189000 -0.092521 -0.189494 0.977513 0.000000 0.000000 0.000000 0.000000 1.000000
0.920574 -0.390392 0.011767 0.000000 0.379170 0.900526 0.212799 4.189000 -0.093672 -0.191435 0.977025 0.000000 0.000000 0.000000 0.000000 1.000000
0.918077 -0.396258 0.010729 0.000000 0.384861 0.897502 0.215344 4.189000 -0.094961 -0.193573 0.976479 0.000000 0.000000 0.000000 0.000000 1.000000
0.915366 -0.402509 0.009601 0.000000 0.390923 0.894219 0.218062 4.189000 -0.096357 -0.195853 0.975888 0.000000 0.000000 0.000000 0.000000 1.000000
0.912503 -0.408983 0.008413 0.000000 0.397200 0.890756 0.220874 4.189000 -0.097828 -0.198207 0.975266 0.000000 0.000000 0.000000 0.000000 1.000000
0.909560 -0.415511 0.007190 -0.000000 0.403527 0.887197 0.223714 4.189000 -0.099335 -0.200579 0.974628 0.000000 0.000000 0.000000 0.000000 1.000000
0.906606 -0.421935 0.005966 0.000000 0.409751 0.883628 0.226508 4.189000 -0.100844 -0.202909 0.973991 0.000000 0.000000 0.000000 0.000000 1.000000
0.903721 -0.428094 0.004772 0.000000 0.415715 0.880144 0.229190 4.189000 -0.102315 -0.205140 0.973370 -0.000000 0.000000 0.000000 0.000000 1.000000
0.900987 -0.433832 0.003640 0.000000 0.421270 0.876842 0.231689 4.189000 -0.103706 -0.207215 0.972783 0.000000 0.000000 0.000000 0.000000 1.000000
0.898487 -0.438993 0.002607 0.000000 0.426265 0.873826 0.233938 4.189000 -0.104975 -0.209079 0.972248 -0.000000 0.000000 0.000000 0.000000 1.000000
0.896309 -0.443426 0.001708 -0.000000 0.430554 0.871200 0.235869 4.189000 -0.106078 -0.210677 0.971783 0.000000 0.000000 0.000000 0.000000 1.000000
0.894545 -0.446978 0.000979 -0.000000 0.433990 0.869072 0.237418 4.189000 -0.106972 -0.211956 0.971407 -0.000000 0.000000 0.000000 0.000000 1.000000
0.893282 -0.449496 0.000457 0.000000 0.436425 0.867550 0.238516 4.189000 -0.107609 -0.212863 0.971138 0.000000 0.000000 0.000000 0.000000 1.000000
0.892622 -0.450805 0.000147 -0.000000 0.437696 0.866744 0.239118 4.189000 -0.107923 -0.213378 0.970991 0.000000 0.000000 0.000000 0.000000 1.000000
0.892636 -0.450779 0.000151 0.000000 0.437671 0.866759 0.239108 4.189000 -0.107916 -0.213370 0.970993 0.000000 0.000000 0.000000 0.000000 1.000000
0.893390 -0.449282 0.000502 0.000000 0.436218 0.867680 0.238423 4.189000 -0.107555 -0.212786 0.971161 0.000000 0.000000 0.000000 0.000000 1.000000
0.894824 -0.446417 0.001094 -0.000000 0.433447 0.869409 0.237174 4.189000 -0.106830 -0.211755 0.971467 0.000000 0.000000 0.000000 0.000000 1.000000
0.896820 -0.442392 0.001917 -0.000000 0.429554 0.871814 0.235420 4.189000 -0.105819 -0.210306 0.971892 -0.000000 0.000000 0.000000 0.000000 1.000000
0.899265 -0.437394 0.002928 -0.000000 0.424718 0.874765 0.233242 4.189000 -0.104580 -0.208502 0.972414 0.000000 0.000000 0.000000 0.000000 1.000000
0.902053 -0.431606 0.004080 0.000000 0.419116 0.878129 0.230721 4.189000 -0.103163 -0.206412 0.973011 0.000000 0.000000 0.000000 0.000000 1.000000
0.905077 -0.425214 0.005332 -0.000000 0.412926 0.881780 0.227938 4.189000 -0.101624 -0.204100 0.973661 0.000000 0.000000 0.000000 0.000000 1.000000
0.908235 -0.418408 0.006640 0.000000 0.406333 0.885595 0.224976 4.189000 -0.100012 -0.201633 0.974342 -0.000000 0.000000 0.000000 0.000000 1.000000
0.911431 -0.411377 0.007965 0.000000 0.399520 0.889458 0.221919 4.189000 -0.098377 -0.199082 0.975033 -0.000000 0.000000 0.000000 0.000000 1.000000
0.914572 -0.404317 0.009269 -0.000000 0.392676 0.893258 0.218852 4.189000 -0.096765 -0.196516 0.975714 0.000000 0.000000 0.000000 0.000000 1.000000
0.917574 -0.397425 0.010516 0.000000 0.385993 0.896892 0.215857 4.189000 -0.095219 -0.194006 0.976368 0.000000 0.000000 0.000000 0.000000 1.000000
0.920356 -0.390906 0.011675 0.000000 0.379669 0.900262 0.213027 4.189000 -0.093784 -0.191628 0.976977 0.000000 0.000000 0.000000 0.000000 1.000000
0.922847 -0.384958 0.012712 -0.000000 0.373897 0.903279 0.210445 4.189000 -0.092495 -0.189456 0.977523 -0.000000 0.000000 0.000000 0.000000 1.000000
0.924973 -0.379790 0.013600 -0.000000 0.368881 0.905858 0.208202 4.189000 -0.091393 -0.187565 0.977991 0.000000 0.000000 0.000000 0.000000 1.000000
0.926669 -0.375607 0.014307 0.000000 0.364819 0.907916 0.206389 4.189000 -0.090511 -0.186035 0.978365 -0.000000 0.000000 0.000000 0.000000 1.000000
0.927861 -0.372632 0.014816 -0.000000 0.361931 0.909369 0.205071 4.189000 -0.089889 -0.184915 0.978635 0.000000 0.000000 0.000000 0.000000 1.000000
0.928493 -0.371044 0.015060 0.000000 0.360387 0.910122 0.204450 4.189000 -0.089566 -0.184403 0.978761 0.000000 0.000000 0.000000 0.000000 1.000000
0.928609 -0.370755 0.015059 0.000000 0.360109 0.910246 0.204387 4.189000 -0.089485 -0.184373 0.978774 -0.000000 0.000000 0.000000 0.000000 1.000000
0.928635 -0.370692 0.015008 0.000000 0.360053 0.910259 0.204428 4.189000 -0.089441 -0.184435 0.978766 0.000000 0.000000 0.000000 0.000000 1.000000
0.928654 -0.370645 0.014959 0.000000 0.360012 0.910265 0.204471 4.189000 -0.089403 -0.184497 0.978758 0.000000 0.000000 0.000000 0.000000 1.000000
0.928671 -0.370605 0.014921 0.000000 0.359977 0.910273 0.204497 4.189000 -0.089370 -0.184539 0.978754 0.000000 0.000000 0.000000 0.000000 1.000000
0.928687 -0.370566 0.014895 -0.000000 0.359943 0.910285 0.204506 4.189000 -0.089341 -0.184561 0.978752 0.000000 0.000000 0.000000 0.000000 1.000000
0.928702 -0.370529 0.014874 -0.000000 0.359910 0.910296 0.204515 4.189000 -0.089319 -0.184580 0.978750 0.000000 0.000000 0.000000 0.000000 1.000000
0.928715 -0.370495 0.014856 0.000000 0.359880 0.910306 0.204524 4.189000 -0.089298 -0.184598 0.978749 0.000000 0.000000 0.000000 0.000000 1.000000
0.928726 -0.370470 0.014837 -0.000000 0.359858 0.910312 0.204534 4.189000 -0.089280 -0.184616 0.978747 0.000000 0.000000 0.000000 0.000000 1.000000
0.928734 -0.370450 0.014819 0.000000 0.359840 0.910317 0.204543 4.189000 -0.089263 -0.184633 0.978745 0.000000 0.000000 0.000000 0.000000 1.000000
0.928742 -0.370430 0.014801 0.000000 0.359824 0.910322 0.204550 4.189000 -0.089245 -0.184649 0.978744 0.000000 0.000000 0.000000 0.000000 1.000000
0.928749 -0.370414 0.014786 0.000000 0.359809 0.910326 0.204557 4.189000 -0.089231 -0.184662 0.978743 -0.000000 0.000000 0.000000 0.000000 1.000000
0.928756 -0.370397 0.014770 0.000000 0.359795 0.910330 0.204563 4.189000 -0.089215 -0.184675 0.978742 0.000000 0.000000 0.000000 0.000000 1.000000
0.928762 -0.370382 0.014757 0.000000 0.359783 0.910335 0.204566 4.189000 -0.089201 -0.184684 0.978741 -0.000000 0.000000 0.000000 0.000000 1.000000
0.928768 -0.370368 0.014743 -0.000000 0.359771 0.910338 0.204569 4.189000 -0.089187 -0.184694 0.978741 0.000000 0.000000 0.000000 0.000000 1.000000
0.928773 -0.370355 0.014732 0.000000 0.359761 0.910342 0.204571 4.189000 -0.089175 -0.184701 0.978741 0.000000 0.000000 0.000000 0.000000 1.000000
0.928778 -0.370343 0.014721 0.000000 0.359751 0.910346 0.204572 4.189000 -0.089163 -0.184707 0.978741 -0.000000 0.000000 0.000000 0.000000 1.000000
0.928783 -0.370333 0.014711 0.000000 0.359743 0.910349 0.204572 4.189000 -0.089152 -0.184711 0.978741 0.000000 0.000000 0.000000 0.000000 1.000000
0.928786 -0.370324 0.014701 0.000000 0.359736 0.910352 0.204571 4.189000 -0.089141 -0.184714 0.978741 -0.000000 0.000000 0.000000 0.000000 1.000000
0.928790 -0.370315 0.014694 0.000000 0.359728 0.910355 0.204570 4.189000 -0.089132 -0.184717 0.978742 0.000000 0.000000 0.000000 0.000000 1.000000
0.928793 -0.370307 0.014686 0.000000 0.359722 0.910358 0.204567 4.189000 -0.089122 -0.184717 0.978742 -0.000000 0.000000 0.000000 0.000000 1.000000
0.928796 -0.370300 0.014680 0.000000 0.359717 0.910361 0.204564 4.189000 -0.089115 -0.184717 0.978743 0.000000 0.000000 0.000000 0.000000 1.000000
0.928798 -0.370295 0.014676 0.000000 0.359713 0.910364 0.204561 4.189000 -0.089108 -0.184717 0.978744 -0.000000 0.000000 0.000000 0.000000 1.000000
0.928800 -0.370290 0.014671 0.000000 0.359709 0.910366 0.204557 4.189000 -0.089101 -0.184715 0.978745 0.000000 0.000000 0.000000 0.000000 1.000000
0.928802 -0.370287 0.014668 0.000000 0.359707 0.910368 0.204552 4.189000 -0.089096 -0.184712 0.978746 -0.000000 0.000000 0.000000 0.000000 1.000000
0.928803 -0.370283 0.014667 0.000000 0.359705 0.910370 0.204546 4.189000 -0.089092 -0.184708 0.978747 -0.000000 0.000000 0.000000 0.000000 1.000000
0.928804 -0.370281 0.014665 -0.000000 0.359703 0.910372 0.204542 4.189000 -0.089088 -0.184704 0.978748 -0.000000 0.000000 0.000000 0.000000 1.000000
0.928805 -0.370279 0.014665 0.000000 0.359702 0.910373 0.204536 4.189000 -0.089086 -0.184699 0.978749 0.000000 0.000000 0.000000 0.000000 1.000000
0.928805 -0.370278 0.014666 0.000000 0.359701 0.910375 0.204530 4.189000 -0.089084 -0.184694 0.978750 0.000000 0.000000 0.000000 0.000000 1.000000
0.928805 -0.370279 0.014667 0.000000 0.359702 0.910376 0.204524 4.189000 -0.089084 -0.184688 0.978752 -0.000000 0.000000 0.000000 0.000000 1.000000
0.928805 -0.370278 0.014670 0.000000 0.359701 0.910377 0.204518 4.189000 -0.089083 -0.184681 0.978753 -0.000000 0.000000 0.000000 0.000000 1.000000
0.928804 -0.370280 0.014674 0.000000 0.359703 0.910378 0.204512 4.189000 -0.089085 -0.184673 0.978754 0.000000 0.000000 0.000000 0.000000 1.000000
0.928804 -0.370281 0.014678 0.000000 0.359704 0.910379 0.204506 4.189000 -0.089087 -0.184666 0.978755 -0.000000 0.000000 0.000000 0.000000 1.000000
0.928803 -0.370283 0.014684 0.000000 0.359706 0.910380 0.204500 4.189000 -0.089091 -0.184659 0.978756 0.000000 0.000000 0.000000 0.000000 1.000000
0.928802 -0.370286 0.014690 0.000000 0.359708 0.910380 0.204495 4.189000 -0.089095 -0.184651 0.978757 0.000000 0.000000 0.000000 0.000000 1.000000
0.928800 -0.370289 0.014697 -0.000000 0.359710 0.910381 0.204489 4.189000 -0.089100 -0.184643 0.978758 -0.000000 0.000000 0.000000 0.000000 1.000000
0.928799 -0.370292 0.014705 0.000000 0.359712 0.910381 0.204484 4.189000 -0.089106 -0.184635 0.978759 0.000000 0.000000 0.000000 0.000000 1.000000
0.928797 -0.370297 0.014715 0.000000 0.359715 0.910381 0.204480 4.189000 -0.089114 -0.184627 0.978760 0.000000 0.000000 0.000000 0.000000 1.000000
0.928795 -0.370301 0.014724 0.000000 0.359718 0.910381 0.204476 4.189000 -0.089122 -0.184620 0.978761 0.000000 0.000000 0.000000 0.000000 1.000000
0.928793 -0.370306 0.014736 0.000000 0.359721 0.910380 0.204472 4.189000 -0.089132 -0.184612 0.978761 0.000000 0.000000 0.000000 0.000000 1.000000
0.928791 -0.370310 0.014747 0.000000 0.359723 0.910380 0.204470 4.189000 -0.089143 -0.184605 0.978762 0.000000 0.000000 0.000000 0.000000 1.000000
0.928788 -0.370316 0.014761 -0.000000 0.359727 0.910379 0.204468 4.189000 -0.089155 -0.184598 0.978762 0.000000 0.000000 0.000000 0.000000 1.000000
0.928786 -0.370322 0.014774 0.000000 0.359730 0.910378 0.204466 4.189000 -0.089168 -0.184591 0.978762 0.000000 0.000000 0.000000 0.000000 1.000000
0.928782 -0.370331 0.014801 0.000000 0.359735 0.910378 0.204456 4.189000 -0.089191 -0.184571 0.978764 -0.000000 0.000000 0.000000 0.000000 1.000000
0.928777 -0.370341 0.014838 0.000000 0.359739 0.910379 0.204448 4.189000 -0.089224 -0.184548 0.978765 0.000000 0.000000 0.000000 0.000000 1.000000
0.928772 -0.370354 0.014877 0.000000 0.359744 0.910378 0.204439 4.189000 -0.089259 -0.184525 0.978766 0.000000 0.000000 0.000000 0.000000 1.000000
0.928766 -0.370366 0.014918 -0.000000 0.359750 0.910379 0.204426 4.189000 -0.089293 -0.184498 0.978768 0.000000 0.000000 0.000000 0.000000 1.000000
0.928760 -0.370380 0.014959 0.000000 0.359758 0.910380 0.204410 4.189000 -0.089328 -0.184466 0.978771 0.000000 0.000000 0.000000 0.000000 1.000000
0.928751 -0.370401 0.015004 0.000000 0.359771 0.910379 0.204389 4.189000 -0.089366 -0.184429 0.978775 0.000000 0.000000 0.000000 0.000000 1.000000
0.928735 -0.370440 0.015040 0.000000 0.359807 0.910373 0.204352 4.189000 -0.089393 -0.184377 0.978782 -0.000000 0.000000 0.000000 0.000000 1.000000
0.928718 -0.370481 0.015064 -0.000000 0.359846 0.910366 0.204313 4.189000 -0.089408 -0.184328 0.978790 -0.000000 0.000000 0.000000 0.000000 1.000000
0.928698 -0.370530 0.015087 0.000000 0.359893 0.910356 0.204277 4.189000 -0.089425 -0.184282 0.978797 0.000000 0.000000 0.000000 0.000000 1.000000
0.928670 -0.370599 0.015126 0.000000 0.359957 0.910339 0.204238 4.189000 -0.089461 -0.184225 0.978804 0.000000 0.000000 0.000000 0.000000 1.000000
0.928630 -0.370697 0.015174 0.000000 0.360043 0.910303 0.204249 4.189000 -0.089528 -0.184209 0.978801 0.000000 0.000000 0.000000 0.000000 1.000000
0.928096 -0.372040 0.014958 0.000000 0.361343 0.909650 0.204862 4.189000 -0.089824 -0.184727 0.978677 0.000000 0.000000 0.000000 0.000000 1.000000
0.924598 -0.380708 0.013441 0.000000 0.369772 0.905403 0.208600 4.189000 -0.091585 -0.187901 0.977909 0.000000 0.000000 0.000000 0.000000 1.000000
0.918554 -0.395149 0.010748 0.000000 0.383827 0.898076 0.214795 4.189000 -0.094529 -0.193176 0.976600 0.000000 0.000000 0.000000 0.000000 1.000000
0.910994 -0.412353 0.007401 0.000000 0.400559 0.888926 0.222176 4.189000 -0.098194 -0.199436 0.974979 0.000000 0.000000 0.000000 0.000000 1.000000
0.903113 -0.429384 0.003936 -0.000000 0.417112 0.879406 0.229484 4.189000 -0.101998 -0.205608 0.973305 0.000000 0.000000 0.000000 0.000000 1.000000
0.896312 -0.443422 0.000960 0.000000 0.430747 0.871202 0.235507 4.189000 -0.105265 -0.210675 0.971872 0.000000 0.000000 0.000000 0.000000 1.000000
0.892151 -0.451737 -0.000753 0.000000 0.438793 0.866187 0.239127 4.189000 -0.107370 -0.213668 0.970988 0.000000 0.000000 0.000000 0.000000 1.000000
0.891559 -0.452904 -0.000997 0.000000 0.439921 0.865473 0.239635 4.189000 -0.107669 -0.214087 0.970863 0.000000 0.000000 0.000000 0.000000 1.000000
0.891559 -0.452904 -0.000997 0.000000 0.439921 0.865473 0.239635 4.189000 -0.107669 -0.214087 0.970863 0.000000 0.000000 0.000000 0.000000 1.000000
0.891559 -0.452904 -0.000997 0.000000 0.439921 0.865473 0.239636 4.189000 -0.107669 -0.214088 0.970862 -0.000000 0.000000 0.000000 0.000000 1.000000
0.891558 -0.452905 -0.000997 0.000000 0.439921 0.865473 0.239635 4.189000 -0.107669 -0.214087 0.970863 -0.000000 0.000000 0.000000 0.000000 1.000000
0.891558 -0.452905 -0.000997 0.000000 0.439922 0.865473 0.239635 4.189000 -0.107669 -0.214087 0.970862 0.000000 0.000000 0.000000 0.000000 1.000000</float_array>
        <technique_common>
          <accessor source="#mixamorig_RightHandThumb2-Matrix-animation-output-transform-array" count="96" stride="16">
            <param type="float4x4"/>
          </accessor>
        </technique_common>
      </source>
      <source id="mixamorig_RightHandThumb2-Interpolations">
        <Name_array id="mixamorig_RightHandThumb2-Interpolations-array" count="96">
 LINEAR LINEAR LINEAR LINEAR LINEAR LINEAR LINEAR LINEAR LINEAR LINEAR LINEAR
LINEAR LINEAR LINEAR LINEAR LINEAR LINEAR LINEAR LINEAR LINEAR LINEAR LINEAR LINEAR
LINEAR LINEAR LINEAR LINEAR LINEAR LINEAR LINEAR LINEAR LINEAR LINEAR LINEAR LINEAR
LINEAR LINEAR LINEAR LINEAR LINEAR LINEAR LINEAR LINEAR LINEAR LINEAR LINEAR LINEAR
LINEAR LINEAR LINEAR LINEAR LINEAR LINEAR LINEAR LINEAR LINEAR LINEAR LINEAR LINEAR
LINEAR LINEAR LINEAR LINEAR LINEAR LINEAR LINEAR LINEAR LINEAR LINEAR LINEAR LINEAR
LINEAR LINEAR LINEAR LINEAR LINEAR LINEAR LINEAR LINEAR LINEAR LINEAR LINEAR LINEAR
LINEAR LINEAR LINEAR LINEAR LINEAR LINEAR LINEAR LINEAR LINEAR LINEAR LINEAR LINEAR
LINEAR</Name_array>
        <technique_common>
          <accessor source="#mixamorig_RightHandThumb2-Interpolations-array" count="96">
            <param type="name"/>
          </accessor>
        </technique_common>
      </source>
      <sampler id="mixamorig_RightHandThumb2-Matrix-animation-transform">
        <input semantic="INPUT" source="#mixamorig_RightHandThumb2-Matrix-animation-input"/>
        <input semantic="OUTPUT" source="#mixamorig_RightHandThumb2-Matrix-animation-output-transform"/>
        <input semantic="INTERPOLATION" source="#mixamorig_RightHandThumb2-Interpolations"/>
      </sampler>
      <channel source="#mixamorig_RightHandThumb2-Matrix-animation-transform" target="mixamorig_RightHandThumb2/matrix"/>
    </animation>
    <animation id="mixamorig_RightHandThumb3-anim" name="mixamorig_RightHandThumb3">
      <source id="mixamorig_RightHandThumb3-Matrix-animation-input">
        <float_array id="mixamorig_RightHandThumb3-Matrix-animation-input-array" count="96">

0.000000 0.033333 0.066667 0.100000 0.133333 0.166667 0.200000 0.233333 0.266667 0.300000 0.333333 0.366667 0.400000 0.433333 0.466667 0.500000
0.533333 0.566667 0.600000 0.633333 0.666667 0.700000 0.733333 0.766667 0.800000 0.833333 0.866667 0.900000 0.933333 0.966667 1.000000 1.033333
1.066667 1.100000 1.133333 1.166667 1.200000 1.233333 1.266667 1.300000 1.333333 1.366667 1.400000 1.433333 1.466667 1.500000 1.533333 1.566667
1.600000 1.633333 1.666667 1.700000 1.733333 1.766667 1.800000 1.833333 1.866667 1.900000 1.933333 1.966667 2.000000 2.033333 2.066667 2.100000
2.133333 2.166667 2.200000 2.233333 2.266667 2.300000 2.333333 2.366667 2.400000 2.433333 2.466667 2.500000 2.533333 2.566667 2.600000 2.633333
2.666667 2.700000 2.733333 2.766667 2.800000 2.833333 2.866667 2.900000 2.933333 2.966667 3.000000 3.033333 3.066667 3.100000 3.133333 3.166667</float_array>
        <technique_common>
          <accessor source="#mixamorig_RightHandThumb3-Matrix-animation-input-array" count="96">
            <param name="TIME" type="float"/>
          </accessor>
        </technique_common>
      </source>
      <source id="mixamorig_RightHandThumb3-Matrix-animation-output-transform">
        <float_array id="mixamorig_RightHandThumb3-Matrix-animation-output-transform-array" count="1536">

0.968292 0.248376 -0.026832 0.000000 -0.249821 0.962607 -0.104769 3.416300 -0.000194 0.108150 0.994135 0.000000 0.000000 0.000000 0.000000 1.000000
0.972990 0.229588 -0.024072 0.000000 -0.230839 0.968480 -0.093596 3.416300 0.001825 0.096625 0.995319 0.000000 0.000000 0.000000 0.000000 1.000000
0.977762 0.208636 -0.021277 0.000000 -0.209684 0.974397 -0.081142 3.416300 0.003803 0.083799 0.996475 0.000000 0.000000 0.000000 0.000000 1.000000
0.982359 0.186080 -0.018594 0.000000 -0.186922 0.980036 -0.067741 3.416300 0.005618 0.070022 0.997530 0.000000 0.000000 0.000000 0.000000 1.000000
0.986576 0.162501 -0.016143 0.000000 -0.163143 0.985138 -0.053741 3.416300 0.007170 0.055653 0.998424 0.000000 0.000000 0.000000 0.000000 1.000000
0.990264 0.138497 -0.014014 0.000000 -0.138951 0.989511 -0.039496 3.416300 0.008397 0.041058 0.999121 -0.000000 0.000000 0.000000 0.000000 1.000000
0.993327 0.114681 -0.012255 0.000000 -0.114961 0.993046 -0.025371 3.416300 0.009260 0.026610 0.999603 -0.000000 0.000000 0.000000 0.000000 1.000000
0.995729 0.091673 -0.010904 0.000000 -0.091800 0.995708 -0.011733 3.416300 0.009782 0.012684 0.999872 0.000000 0.000000 0.000000 0.000000 1.000000
0.997490 0.070107 -0.009914 0.000000 -0.070100 0.997539 0.001054 3.416300 0.009964 -0.000357 0.999950 0.000000 0.000000 0.000000 0.000000 1.000000
0.998676 0.050592 -0.009292 0.000000 -0.050473 0.998646 0.012596 3.416300 0.009917 -0.012110 0.999877 0.000000 0.000000 0.000000 0.000000 1.000000
0.999390 0.033765 -0.008929 0.000000 -0.033556 0.999182 0.022553 3.416300 0.009683 -0.022240 0.999706 0.000000 0.000000 0.000000 0.000000 1.000000
0.999757 0.020240 -0.008763 0.000000 -0.019964 0.999334 0.030554 3.416300 0.009375 -0.030371 0.999495 0.000000 0.000000 0.000000 0.000000 1.000000
0.999906 0.010595 -0.008713 -0.000000 -0.010273 0.999292 0.036185 3.416300 0.009090 -0.036092 0.999307 0.000000 0.000000 0.000000 0.000000 1.000000
0.999947 0.005487 -0.008730 0.000000 -0.005141 0.999220 0.039163 3.416300 0.008938 -0.039116 0.999195 0.000000 0.000000 0.000000 0.000000 1.000000
0.999947 0.005486 -0.008730 0.000000 -0.005140 0.999220 0.039163 3.416300 0.008938 -0.039117 0.999195 0.000000 0.000000 0.000000 0.000000 1.000000
0.999906 0.010581 -0.008713 0.000000 -0.010259 0.999292 0.036194 3.416300 0.009090 -0.036101 0.999307 0.000000 0.000000 0.000000 0.000000 1.000000
0.999758 0.020160 -0.008762 -0.000000 -0.019884 0.999334 0.030601 3.416300 0.009373 -0.030419 0.999493 0.000000 0.000000 0.000000 0.000000 1.000000
0.999398 0.033537 -0.008926 -0.000000 -0.033327 0.999187 0.022689 3.416300 0.009679 -0.022378 0.999703 0.000000 0.000000 0.000000 0.000000 1.000000
0.998701 0.050093 -0.009279 0.000000 -0.049971 0.998667 0.012891 3.416300 0.009912 -0.012411 0.999874 0.000000 0.000000 0.000000 0.000000 1.000000
0.997555 0.069181 -0.009880 -0.000000 -0.069168 0.997604 0.001601 3.416300 0.009967 -0.000914 0.999950 0.000000 0.000000 0.000000 0.000000 1.000000
0.995871 0.090133 -0.010825 -0.000000 -0.090250 0.995860 -0.010820 3.416300 0.009805 0.011752 0.999883 0.000000 0.000000 0.000000 0.000000 1.000000
0.993601 0.112301 -0.012090 0.000000 -0.112565 0.993355 -0.023962 3.416300 0.009318 0.025169 0.999640 -0.000000 0.000000 0.000000 0.000000 1.000000
0.990747 0.135026 -0.013737 0.000000 -0.135454 0.990076 -0.037437 3.416300 0.008545 0.038951 0.999205 0.000000 0.000000 0.000000 0.000000 1.000000
0.987370 0.157653 -0.015684 0.000000 -0.158256 0.986087 -0.050864 3.416300 0.007447 0.052704 0.998582 0.000000 0.000000 0.000000 0.000000 1.000000
0.983587 0.179544 -0.017879 0.000000 -0.180329 0.981531 -0.063861 3.416300 0.006083 0.066037 0.997799 0.000000 0.000000 0.000000 0.000000 1.000000
0.979573 0.200071 -0.020218 0.000000 -0.201039 0.976626 -0.076054 3.416300 0.004530 0.078565 0.996899 0.000000 0.000000 0.000000 0.000000 1.000000
0.975547 0.218627 -0.022573 -0.000000 -0.219770 0.971657 -0.087081 3.416300 0.002895 0.089912 0.995945 0.000000 0.000000 0.000000 0.000000 1.000000
0.971772 0.234616 -0.024787 0.000000 -0.235918 0.966961 -0.096587 3.416300 0.001308 0.099708 0.995016 0.000000 0.000000 0.000000 0.000000 1.000000
0.968529 0.247465 -0.026693 0.000000 -0.248901 0.962905 -0.104228 3.416300 -0.000090 0.107591 0.994195 0.000000 0.000000 0.000000 0.000000 1.000000
0.966110 0.256596 -0.028116 0.000000 -0.258130 0.959867 -0.109660 3.416300 -0.001151 0.113201 0.993571 -0.000000 0.000000 0.000000 0.000000 1.000000
0.964785 0.261449 -0.028892 -0.000000 -0.263035 0.958201 -0.112530 3.416300 -0.001737 0.116167 0.993228 0.000000 0.000000 0.000000 0.000000 1.000000
0.964611 0.262081 -0.028956 -0.000000 -0.263669 0.957977 -0.112955 3.416300 -0.001864 0.116593 0.993178 0.000000 0.000000 0.000000 0.000000 1.000000
0.964612 0.262082 -0.028913 -0.000000 -0.263665 0.957974 -0.112990 3.416300 -0.001915 0.116615 0.993175 0.000000 0.000000 0.000000 0.000000 1.000000
0.964614 0.262079 -0.028894 -0.000000 -0.263660 0.957973 -0.113009 3.416300 -0.001938 0.116628 0.993174 0.000000 0.000000 0.000000 0.000000 1.000000
0.964615 0.262075 -0.028895 -0.000000 -0.263656 0.957973 -0.113017 3.416300 -0.001938 0.116636 0.993173 0.000000 0.000000 0.000000 0.000000 1.000000
0.964616 0.262068 -0.028909 0.000000 -0.263651 0.957975 -0.113015 3.416300 -0.001923 0.116638 0.993173 0.000000 0.000000 0.000000 0.000000 1.000000
0.964617 0.262063 -0.028934 0.000000 -0.263648 0.957977 -0.113006 3.416300 -0.001897 0.116635 0.993173 0.000000 0.000000 0.000000 0.000000 1.000000
0.964617 0.262059 -0.028960 0.000000 -0.263648 0.957979 -0.112991 3.416300 -0.001867 0.116629 0.993174 0.000000 0.000000 0.000000 0.000000 1.000000
0.964617 0.262057 -0.028984 0.000000 -0.263649 0.957980 -0.112973 3.416300 -0.001839 0.116618 0.993175 0.000000 0.000000 0.000000 0.000000 1.000000
0.964616 0.262059 -0.029000 -0.000000 -0.263652 0.957982 -0.112955 3.416300 -0.001819 0.116604 0.993177 0.000000 0.000000 0.000000 0.000000 1.000000
0.964614 0.262066 -0.029002 0.000000 -0.263659 0.957982 -0.112937 3.416300 -0.001814 0.116587 0.993179 -0.000000 0.000000 0.000000 0.000000 1.000000
0.965511 0.258802 -0.028469 0.000000 -0.260360 0.959113 -0.110973 3.416300 -0.001416 0.114558 0.993416 0.000000 0.000000 0.000000 0.000000 1.000000
0.971617 0.235250 -0.024879 0.000000 -0.236558 0.966767 -0.096965 3.416300 0.001241 0.100098 0.994977 0.000000 0.000000 0.000000 0.000000 1.000000
0.980659 0.194743 -0.019585 0.000000 -0.195663 0.977959 -0.072891 3.416300 0.004959 0.075313 0.997148 0.000000 0.000000 0.000000 0.000000 1.000000
0.989422 0.144337 -0.014499 0.000000 -0.144836 0.988522 -0.042964 3.416300 0.008131 0.044610 0.998971 -0.000000 0.000000 0.000000 0.000000 1.000000
0.995745 0.091510 -0.010896 0.000000 -0.091635 0.995725 -0.011640 3.416300 0.009784 0.012589 0.999873 -0.000000 0.000000 0.000000 0.000000 1.000000
0.998986 0.044076 -0.009132 0.000000 -0.043922 0.998900 0.016450 3.416300 0.009847 -0.016032 0.999823 0.000000 0.000000 0.000000 0.000000 1.000000
0.999913 0.009923 -0.008711 -0.000000 -0.009598 0.999282 0.036652 3.416300 0.009069 -0.036565 0.999290 -0.000000 0.000000 0.000000 0.000000 1.000000
0.999957 -0.003170 -0.008738 0.000000 0.003555 0.999008 0.044389 3.416300 0.008588 -0.044418 0.998976 -0.000000 0.000000 0.000000 0.000000 1.000000
0.999957 -0.003164 -0.008678 0.000000 0.003547 0.999006 0.044430 3.416300 0.008529 -0.044458 0.998975 0.000000 0.000000 0.000000 0.000000 1.000000
0.999958 -0.003161 -0.008655 0.000000 0.003543 0.999005 0.044452 3.416300 0.008506 -0.044480 0.998974 0.000000 0.000000 0.000000 0.000000 1.000000
0.999958 -0.003158 -0.008645 -0.000000 0.003540 0.999004 0.044469 3.416300 0.008496 -0.044498 0.998973 -0.000000 0.000000 0.000000 0.000000 1.000000
0.999958 -0.003156 -0.008647 -0.000000 0.003538 0.999004 0.044482 3.416300 0.008498 -0.044511 0.998973 0.000000 0.000000 0.000000 0.000000 1.000000
0.999958 -0.003153 -0.008656 -0.000000 0.003536 0.999004 0.044492 3.416300 0.008507 -0.044520 0.998972 0.000000 0.000000 0.000000 0.000000 1.000000
0.999957 -0.003151 -0.008674 0.000000 0.003534 0.999003 0.044498 3.416300 0.008525 -0.044527 0.998972 -0.000000 0.000000 0.000000 0.000000 1.000000
0.999957 -0.003151 -0.008697 0.000000 0.003535 0.999003 0.044501 3.416300 0.008548 -0.044530 0.998971 0.000000 0.000000 0.000000 0.000000 1.000000
0.999957 -0.003150 -0.008722 0.000000 0.003535 0.999003 0.044500 3.416300 0.008573 -0.044529 0.998971 -0.000000 0.000000 0.000000 0.000000 1.000000
0.999957 -0.003148 -0.008748 0.000000 0.003535 0.999003 0.044498 3.416300 0.008599 -0.044527 0.998971 -0.000000 0.000000 0.000000 0.000000 1.000000
0.999956 -0.003148 -0.008792 -0.000000 0.003536 0.999004 0.044491 3.416300 0.008643 -0.044521 0.998971 0.000000 0.000000 0.000000 0.000000 1.000000
0.999956 -0.003149 -0.008829 0.000000 0.003538 0.999004 0.044484 3.416300 0.008680 -0.044513 0.998971 0.000000 0.000000 0.000000 0.000000 1.000000
0.999956 -0.003148 -0.008863 -0.000000 0.003539 0.999004 0.044475 3.416300 0.008714 -0.044504 0.998971 -0.000000 0.000000 0.000000 0.000000 1.000000
0.999955 -0.003148 -0.008897 -0.000000 0.003541 0.999005 0.044464 3.416300 0.008748 -0.044494 0.998971 0.000000 0.000000 0.000000 0.000000 1.000000
0.999955 -0.003149 -0.008931 0.000000 0.003543 0.999005 0.044451 3.416300 0.008783 -0.044481 0.998972 -0.000000 0.000000 0.000000 0.000000 1.000000
0.999955 -0.003149 -0.008965 0.000000 0.003545 0.999006 0.044437 3.416300 0.008816 -0.044467 0.998972 -0.000000 0.000000 0.000000 0.000000 1.000000
0.999955 -0.003151 -0.008997 0.000000 0.003547 0.999007 0.044423 3.416300 0.008848 -0.044453 0.998972 0.000000 0.000000 0.000000 0.000000 1.000000
0.999954 -0.003151 -0.009030 0.000000 0.003549 0.999007 0.044408 3.416300 0.008881 -0.044438 0.998973 0.000000 0.000000 0.000000 0.000000 1.000000
0.999954 -0.003152 -0.009063 0.000000 0.003551 0.999008 0.044393 3.416300 0.008914 -0.044423 0.998973 0.000000 0.000000 0.000000 0.000000 1.000000
0.999954 -0.003153 -0.009097 -0.000000 0.003554 0.999008 0.044378 3.416300 0.008948 -0.044408 0.998973 0.000000 0.000000 0.000000 0.000000 1.000000
0.999953 -0.003155 -0.009129 0.000000 0.003557 0.999009 0.044363 3.416300 0.008980 -0.044394 0.998974 0.000000 0.000000 0.000000 0.000000 1.000000
0.999953 -0.003156 -0.009162 0.000000 0.003559 0.999010 0.044349 3.416300 0.009013 -0.044380 0.998974 0.000000 0.000000 0.000000 0.000000 1.000000
0.999953 -0.003157 -0.009193 0.000000 0.003562 0.999010 0.044336 3.416300 0.009044 -0.044367 0.998974 0.000000 0.000000 0.000000 0.000000 1.000000
0.999952 -0.003158 -0.009222 0.000000 0.003564 0.999011 0.044324 3.416300 0.009073 -0.044354 0.998975 -0.000000 0.000000 0.000000 0.000000 1.000000
0.999952 -0.003159 -0.009244 0.000000 0.003566 0.999011 0.044313 3.416300 0.009095 -0.044344 0.998975 0.000000 0.000000 0.000000 0.000000 1.000000
0.999952 -0.003160 -0.009265 0.000000 0.003568 0.999012 0.044304 3.416300 0.009116 -0.044335 0.998975 0.000000 0.000000 0.000000 0.000000 1.000000
0.999952 -0.003162 -0.009292 -0.000000 0.003570 0.999012 0.044297 3.416300 0.009142 -0.044328 0.998975 0.000000 0.000000 0.000000 0.000000 1.000000
0.999952 -0.003162 -0.009320 0.000000 0.003572 0.999012 0.044293 3.416300 0.009171 -0.044324 0.998975 0.000000 0.000000 0.000000 0.000000 1.000000
0.999951 -0.003163 -0.009349 0.000000 0.003574 0.999012 0.044290 3.416300 0.009199 -0.044321 0.998975 0.000000 0.000000 0.000000 0.000000 1.000000
0.999951 -0.003164 -0.009374 0.000000 0.003576 0.999012 0.044290 3.416300 0.009225 -0.044322 0.998975 0.000000 0.000000 0.000000 0.000000 1.000000
0.999951 -0.003164 -0.009396 0.000000 0.003577 0.999012 0.044294 3.416300 0.009247 -0.044325 0.998974 -0.000000 0.000000 0.000000 0.000000 1.000000
0.999951 -0.003165 -0.009411 0.000000 0.003579 0.999012 0.044301 3.416300 0.009262 -0.044333 0.998974 -0.000000 0.000000 0.000000 0.000000 1.000000
0.999951 -0.003165 -0.009418 0.000000 0.003580 0.999011 0.044312 3.416300 0.009269 -0.044343 0.998973 0.000000 0.000000 0.000000 0.000000 1.000000
0.999951 -0.003165 -0.009414 0.000000 0.003579 0.999011 0.044326 3.416300 0.009265 -0.044358 0.998973 0.000000 0.000000 0.000000 0.000000 1.000000
0.999951 -0.003164 -0.009398 0.000000 0.003578 0.999010 0.044345 3.416300 0.009248 -0.044377 0.998972 0.000000 0.000000 0.000000 0.000000 1.000000
0.999951 -0.003163 -0.009366 0.000000 0.003576 0.999009 0.044368 3.416300 0.009217 -0.044399 0.998971 0.000000 0.000000 0.000000 0.000000 1.000000
0.999947 -0.004217 -0.009343 0.000000 0.004633 0.998975 0.045032 3.416300 0.009144 -0.045073 0.998942 0.000000 0.000000 0.000000 0.000000 1.000000
0.999887 -0.011745 -0.009410 0.000000 0.012196 0.998702 0.049444 3.416300 0.008817 -0.049553 0.998733 0.000000 0.000000 0.000000 0.000000 1.000000
0.999658 -0.024339 -0.009600 0.000000 0.024846 0.998073 0.056867 3.416300 0.008197 -0.057086 0.998336 -0.000000 0.000000 0.000000 0.000000 1.000000
0.999171 -0.039465 -0.009954 -0.000000 0.040036 0.997031 0.065777 3.416300 0.007329 -0.066121 0.997785 0.000000 0.000000 0.000000 0.000000 1.000000
0.998455 -0.054579 -0.010447 0.000000 0.055209 0.995678 0.074676 3.416300 0.006326 -0.075138 0.997153 0.000000 0.000000 0.000000 0.000000 1.000000
0.997683 -0.067143 -0.010962 0.000000 0.067818 0.994316 0.082072 3.416300 0.005389 -0.082625 0.996566 0.000000 0.000000 0.000000 0.000000 1.000000
0.997143 -0.074680 -0.011309 0.000000 0.075380 0.993405 0.086395 3.416300 0.004783 -0.087000 0.996197 0.000000 0.000000 0.000000 0.000000 1.000000
0.997063 -0.075741 -0.011361 0.000000 0.076445 0.993271 0.087003 3.416300 0.004695 -0.087616 0.996143 -0.000000 0.000000 0.000000 0.000000 1.000000
0.997063 -0.075742 -0.011361 0.000000 0.076445 0.993271 0.087004 3.416300 0.004695 -0.087617 0.996143 0.000000 0.000000 0.000000 0.000000 1.000000
0.997063 -0.075741 -0.011361 0.000000 0.076445 0.993271 0.087003 3.416300 0.004694 -0.087616 0.996143 0.000000 0.000000 0.000000 0.000000 1.000000
0.997063 -0.075741 -0.011361 0.000000 0.076445 0.993271 0.087003 3.416300 0.004695 -0.087616 0.996143 0.000000 0.000000 0.000000 0.000000 1.000000
0.997063 -0.075741 -0.011361 0.000000 0.076444 0.993271 0.087003 3.416300 0.004695 -0.087616 0.996143 0.000000 0.000000 0.000000 0.000000 1.000000</float_array>
        <technique_common>
          <accessor source="#mixamorig_RightHandThumb3-Matrix-animation-output-transform-array" count="96" stride="16">
            <param type="float4x4"/>
          </accessor>
        </technique_common>
      </source>
      <source id="mixamorig_RightHandThumb3-Interpolations">
        <Name_array id="mixamorig_RightHandThumb3-Interpolations-array" count="96">
 LINEAR LINEAR LINEAR LINEAR LINEAR LINEAR LINEAR LINEAR LINEAR LINEAR LINEAR
LINEAR LINEAR LINEAR LINEAR LINEAR LINEAR LINEAR LINEAR LINEAR LINEAR LINEAR LINEAR
LINEAR LINEAR LINEAR LINEAR LINEAR LINEAR LINEAR LINEAR LINEAR LINEAR LINEAR LINEAR
LINEAR LINEAR LINEAR LINEAR LINEAR LINEAR LINEAR LINEAR LINEAR LINEAR LINEAR LINEAR
LINEAR LINEAR LINEAR LINEAR LINEAR LINEAR LINEAR LINEAR LINEAR LINEAR LINEAR LINEAR
LINEAR LINEAR LINEAR LINEAR LINEAR LINEAR LINEAR LINEAR LINEAR LINEAR LINEAR LINEAR
LINEAR LINEAR LINEAR LINEAR LINEAR LINEAR LINEAR LINEAR LINEAR LINEAR LINEAR LINEAR
LINEAR LINEAR LINEAR LINEAR LINEAR LINEAR LINEAR LINEAR LINEAR LINEAR LINEAR LINEAR
LINEAR</Name_array>
        <technique_common>
          <accessor source="#mixamorig_RightHandThumb3-Interpolations-array" count="96">
            <param type="name"/>
          </accessor>
        </technique_common>
      </source>
      <sampler id="mixamorig_RightHandThumb3-Matrix-animation-transform">
        <input semantic="INPUT" source="#mixamorig_RightHandThumb3-Matrix-animation-input"/>
        <input semantic="OUTPUT" source="#mixamorig_RightHandThumb3-Matrix-animation-output-transform"/>
        <input semantic="INTERPOLATION" source="#mixamorig_RightHandThumb3-Interpolations"/>
      </sampler>
      <channel source="#mixamorig_RightHandThumb3-Matrix-animation-transform" target="mixamorig_RightHandThumb3/matrix"/>
    </animation>
    <animation id="mixamorig_RightHandIndex1-anim" name="mixamorig_RightHandIndex1">
      <source id="mixamorig_RightHandIndex1-Matrix-animation-input">
        <float_array id="mixamorig_RightHandIndex1-Matrix-animation-input-array" count="96">

0.000000 0.033333 0.066667 0.100000 0.133333 0.166667 0.200000 0.233333 0.266667 0.300000 0.333333 0.366667 0.400000 0.433333 0.466667 0.500000
0.533333 0.566667 0.600000 0.633333 0.666667 0.700000 0.733333 0.766667 0.800000 0.833333 0.866667 0.900000 0.933333 0.966667 1.000000 1.033333
1.066667 1.100000 1.133333 1.166667 1.200000 1.233333 1.266667 1.300000 1.333333 1.366667 1.400000 1.433333 1.466667 1.500000 1.533333 1.566667
1.600000 1.633333 1.666667 1.700000 1.733333 1.766667 1.800000 1.833333 1.866667 1.900000 1.933333 1.966667 2.000000 2.033333 2.066667 2.100000
2.133333 2.166667 2.200000 2.233333 2.266667 2.300000 2.333333 2.366667 2.400000 2.433333 2.466667 2.500000 2.533333 2.566667 2.600000 2.633333
2.666667 2.700000 2.733333 2.766667 2.800000 2.833333 2.866667 2.900000 2.933333 2.966667 3.000000 3.033333 3.066667 3.100000 3.133333 3.166667</float_array>
        <technique_common>
          <accessor source="#mixamorig_RightHandIndex1-Matrix-animation-input-array" count="96">
            <param name="TIME" type="float"/>
          </accessor>
        </technique_common>
      </source>
      <source id="mixamorig_RightHandIndex1-Matrix-animation-output-transform">
        <float_array id="mixamorig_RightHandIndex1-Matrix-animation-output-transform-array" count="1536">

0.999956 0.009299 0.000808 2.259800 -0.009287 0.999874 -0.012892 9.108300 -0.000928 0.012884 0.999917 0.517900 0.000000 0.000000 0.000000 1.000000
0.999849 0.017306 0.001533 2.259800 -0.017349 0.999205 0.035885 9.108300 -0.000911 -0.035906 0.999355 0.517900 0.000000 0.000000 0.000000 1.000000
0.999657 0.026056 0.002767 2.259800 -0.026199 0.995613 0.089823 9.108300 -0.000414 -0.089864 0.995954 0.517900 0.000000 0.000000 0.000000 1.000000
0.999368 0.035250 0.004579 2.259800 -0.035540 0.988466 0.147215 9.108300 0.000663 -0.147285 0.989094 0.517900 0.000000 0.000000 0.000000 1.000000
0.998981 0.044585 0.006990 2.259800 -0.045068 0.977447 0.206315 9.108300 0.002366 -0.206419 0.978461 0.517900 0.000000 0.000000 0.000000 1.000000
0.998503 0.053784 0.009968 2.259800 -0.054499 0.962602 0.265382 9.108300 0.004678 -0.265528 0.964092 0.517900 0.000000 0.000000 0.000000 1.000000
0.997949 0.062584 0.013420 2.259800 -0.063563 0.944351 0.322741 9.108300 0.007525 -0.322932 0.946392 0.517900 0.000000 0.000000 0.000000 1.000000
0.997345 0.070757 0.017207 2.259800 -0.072018 0.923480 0.376827 9.108300 0.010772 -0.377066 0.926124 0.517900 0.000000 0.000000 0.000000 1.000000
0.996720 0.078113 0.021145 2.259800 -0.079661 0.901097 0.426237 9.108300 0.014241 -0.426524 0.904364 0.517900 0.000000 0.000000 0.000000 1.000000
0.996110 0.084496 0.025015 2.259800 -0.086322 0.878569 0.469751 9.108300 0.017715 -0.470082 0.882445 0.517900 0.000000 0.000000 0.000000 1.000000
0.995551 0.089789 0.028580 2.259800 -0.091868 0.857439 0.506318 9.108300 0.020956 -0.506691 0.861873 0.517900 0.000000 0.000000 0.000000 1.000000
0.995081 0.093895 0.031592 2.259800 -0.096186 0.839339 0.535032 9.108300 0.023721 -0.535439 0.844241 0.517900 0.000000 0.000000 0.000000 1.000000
0.994736 0.096733 0.033810 2.259800 -0.099178 0.825878 0.555058 9.108300 0.025769 -0.555489 0.831124 0.517900 0.000000 0.000000 0.000000 1.000000
0.994555 0.098158 0.035012 2.259800 -0.100697 0.818546 0.565547 9.108300 0.026854 -0.565993 0.823973 0.517900 0.000000 0.000000 0.000000 1.000000
0.994545 0.098229 0.035078 2.259800 -0.100773 0.818144 0.566114 9.108300 0.026910 -0.566561 0.823580 0.517900 0.000000 0.000000 0.000000 1.000000
0.994653 0.097383 0.034369 2.259800 -0.099872 0.822430 0.560030 9.108300 0.026271 -0.560468 0.827759 0.517900 0.000000 0.000000 0.000000 1.000000
0.994857 0.095744 0.033054 2.259800 -0.098137 0.830364 0.548511 9.108300 0.025070 -0.548934 0.835490 0.517900 0.000000 0.000000 0.000000 1.000000
0.995141 0.093370 0.031248 2.259800 -0.095638 0.841203 0.532194 9.108300 0.023405 -0.532596 0.846046 0.517900 0.000000 0.000000 0.000000 1.000000
0.995484 0.090370 0.029070 2.259800 -0.092484 0.854173 0.511698 9.108300 0.021412 -0.512075 0.858674 0.517900 0.000000 0.000000 0.000000 1.000000
0.995867 0.086825 0.026640 2.259800 -0.088766 0.868506 0.487666 9.108300 0.019205 -0.488015 0.872624 0.517900 0.000000 0.000000 0.000000 1.000000
0.996273 0.082824 0.024073 2.259800 -0.084581 0.883474 0.460782 9.108300 0.016896 -0.461101 0.887187 0.517900 0.000000 0.000000 0.000000 1.000000
0.996685 0.078473 0.021475 2.259800 -0.080040 0.898418 0.431784 9.108300 0.014590 -0.432072 0.901721 0.517900 0.000000 0.000000 0.000000 1.000000
0.997087 0.073884 0.018941 2.259800 -0.075262 0.912774 0.401472 9.108300 0.012373 -0.401728 0.915676 0.517900 0.000000 0.000000 0.000000 1.000000
0.997467 0.069184 0.016550 2.259800 -0.070383 0.926082 0.370699 9.108300 0.010320 -0.370925 0.928605 0.517900 0.000000 0.000000 0.000000 1.000000
0.997813 0.064515 0.014366 2.259800 -0.065548 0.938001 0.340379 9.108300 0.008484 -0.340576 0.940179 0.517900 0.000000 0.000000 0.000000 1.000000
0.998119 0.060026 0.012438 2.259800 -0.060911 0.948306 0.311456 9.108300 0.006901 -0.311628 0.950179 0.517900 0.000000 0.000000 0.000000 1.000000
0.998379 0.055875 0.010796 2.259800 -0.056634 0.956881 0.284906 9.108300 0.005589 -0.285056 0.958495 0.517900 0.000000 0.000000 0.000000 1.000000
0.998590 0.052227 0.009461 2.259800 -0.052882 0.963694 0.261719 9.108300 0.004551 -0.261850 0.965098 0.517900 0.000000 0.000000 0.000000 1.000000
0.998751 0.049250 0.008443 2.259800 -0.049825 0.968775 0.242884 9.108300 0.003783 -0.243001 0.970019 0.517900 0.000000 0.000000 0.000000 1.000000
0.998858 0.047137 0.007750 2.259800 -0.047658 0.972170 0.229380 9.108300 0.003278 -0.229487 0.973306 0.517900 0.000000 0.000000 0.000000 1.000000
0.998913 0.046031 0.007392 2.259800 -0.046522 0.973897 0.222172 9.108300 0.003028 -0.222274 0.974979 0.517900 0.000000 0.000000 0.000000 1.000000
0.998911 0.046069 0.007403 2.259800 -0.046561 0.973833 0.222442 9.108300 0.003038 -0.222545 0.974918 0.517900 0.000000 0.000000 0.000000 1.000000
0.998844 0.047430 0.007839 2.259800 -0.047956 0.971678 0.231391 9.108300 0.003358 -0.231499 0.972829 0.517900 0.000000 0.000000 0.000000 1.000000
0.998718 0.049885 0.008646 2.259800 -0.050473 0.967621 0.247309 9.108300 0.003971 -0.247429 0.968898 0.517900 0.000000 0.000000 0.000000 1.000000
0.998541 0.053116 0.009766 2.259800 -0.053788 0.961883 0.268120 9.108300 0.004848 -0.268254 0.963336 0.517900 0.000000 0.000000 0.000000 1.000000
0.998237 0.058381 0.010674 2.259800 -0.058949 0.954504 0.292312 9.108300 0.006877 -0.292426 0.956263 0.517900 0.000000 0.000000 0.000000 1.000000
0.998087 0.060521 0.012629 2.259800 -0.061406 0.946705 0.316193 9.108300 0.007180 -0.316364 0.948611 0.517900 0.000000 0.000000 0.000000 1.000000
0.997845 0.064067 0.014160 2.259800 -0.065065 0.938371 0.339449 9.108300 0.008460 -0.339639 0.940518 0.517900 0.000000 0.000000 0.000000 1.000000
0.997623 0.067125 0.015566 2.259800 -0.068227 0.930603 0.359614 9.108300 0.009653 -0.359822 0.932971 0.517900 0.000000 0.000000 0.000000 1.000000
0.997448 0.069423 0.016677 2.259800 -0.070605 0.924395 0.374846 9.108300 0.010607 -0.375067 0.926937 0.517900 0.000000 0.000000 0.000000 1.000000
0.997347 0.070699 0.017314 2.259800 -0.071928 0.920805 0.383333 9.108300 0.011158 -0.383562 0.923448 0.517900 0.000000 0.000000 0.000000 1.000000
0.997484 0.068807 0.017057 2.259800 -0.070122 0.922375 0.379877 9.108300 0.010405 -0.380117 0.924880 0.517900 0.000000 0.000000 0.000000 1.000000
0.998441 0.053861 0.014669 2.259800 -0.055607 0.936573 0.346032 9.108300 0.004899 -0.346308 0.938108 0.517900 0.000000 0.000000 0.000000 1.000000
0.999551 0.027888 0.010982 2.259800 -0.029863 0.957840 0.285745 9.108300 -0.002550 -0.285944 0.958243 0.517900 0.000000 0.000000 0.000000 1.000000
0.999962 -0.004970 0.007198 2.259800 0.003373 0.978337 0.206991 9.108300 -0.008071 -0.206959 0.978316 0.517900 0.000000 0.000000 0.000000 1.000000
0.999177 -0.040322 0.004341 2.259800 0.039522 0.992141 0.118717 9.108300 -0.009094 -0.118448 0.992919 0.517900 0.000000 0.000000 0.000000 1.000000
0.997289 -0.073517 0.003052 2.259800 0.073389 0.996829 0.030765 9.108300 -0.005304 -0.030457 0.999522 0.517900 0.000000 0.000000 0.000000 1.000000
0.995004 -0.099770 0.003513 2.259800 0.099825 0.993907 -0.046732 9.108300 0.001171 0.046849 0.998901 0.517900 0.000000 0.000000 0.000000 1.000000
0.993431 -0.114298 0.005489 2.259800 0.114247 0.987994 -0.103998 9.108300 0.006463 0.103942 0.994562 0.517900 0.000000 0.000000 0.000000 1.000000
0.992576 -0.121322 0.008577 2.259800 0.121248 0.981494 -0.148215 9.108300 0.009564 0.148155 0.988918 0.517900 0.000000 0.000000 0.000000 1.000000
0.991673 -0.128164 0.012579 2.259800 0.128181 0.972928 -0.192306 9.108300 0.012408 0.192317 0.981254 0.517900 0.000000 0.000000 0.000000 1.000000
0.990729 -0.134738 0.017360 2.259800 0.135017 0.962421 -0.235617 9.108300 0.015039 0.235776 0.971691 0.517900 0.000000 0.000000 0.000000 1.000000
0.989754 -0.140959 0.022769 2.259800 0.141712 0.950208 -0.277528 9.108300 0.017485 0.277911 0.960448 0.517900 0.000000 0.000000 0.000000 1.000000
0.988760 -0.146745 0.028634 2.259800 0.148200 0.936622 -0.317452 9.108300 0.019765 0.318128 0.947842 0.517900 0.000000 0.000000 0.000000 1.000000
0.987766 -0.152017 0.034774 2.259800 0.154401 0.922083 -0.354857 9.108300 0.021880 0.355885 0.934274 0.517900 0.000000 0.000000 0.000000 1.000000
0.986795 -0.156701 0.040991 2.259800 0.160213 0.907088 -0.389259 9.108300 0.023815 0.390686 0.920216 0.517900 0.000000 0.000000 0.000000 1.000000
0.985875 -0.160727 0.047081 2.259800 0.165522 0.892193 -0.420231 9.108300 0.025537 0.422089 0.906195 0.517900 0.000000 0.000000 0.000000 1.000000
0.985039 -0.164033 0.052829 2.259800 0.170201 0.877996 -0.447387 9.108300 0.027003 0.449685 0.892779 0.517900 0.000000 0.000000 0.000000 1.000000
0.984323 -0.166561 0.058019 2.259800 0.174115 0.865112 -0.470389 9.108300 0.028156 0.473116 0.880550 0.517900 0.000000 0.000000 0.000000 1.000000
0.983765 -0.168255 0.062428 2.259800 0.177115 0.854159 -0.488920 9.108300 0.028939 0.492039 0.870092 0.517900 0.000000 0.000000 0.000000 1.000000
0.983403 -0.169065 0.065847 2.259800 0.179055 0.845732 -0.502669 9.108300 0.029295 0.506117 0.861967 0.517900 0.000000 0.000000 0.000000 1.000000
0.983274 -0.168937 0.068065 2.259800 0.179781 0.840380 -0.511313 9.108300 0.029179 0.514997 0.856695 0.517900 0.000000 0.000000 0.000000 1.000000
0.983409 -0.167812 0.068888 2.259800 0.179137 0.838575 -0.514492 9.108300 0.028570 0.518297 0.854723 0.517900 0.000000 0.000000 0.000000 1.000000
0.985625 -0.157676 0.060678 2.259800 0.167533 0.865764 -0.471578 9.108300 0.021823 0.474965 0.879734 0.517900 0.000000 0.000000 0.000000 1.000000
0.990118 -0.133968 0.041455 2.259800 0.139920 0.923936 -0.356041 9.108300 0.009396 0.358323 0.933550 0.517900 0.000000 0.000000 0.000000 1.000000
0.994556 -0.102302 0.019809 2.259800 0.104201 0.976036 -0.191038 9.108300 0.000210 0.192062 0.981383 0.517900 0.000000 0.000000 0.000000 1.000000
0.997583 -0.069445 0.002200 2.259800 0.069463 0.997534 -0.010066 9.108300 -0.001496 0.010195 0.999947 0.517900 0.000000 0.000000 0.000000 1.000000
0.999066 -0.042311 -0.008723 2.259800 0.043133 0.988293 0.146347 9.108300 0.002429 -0.146586 0.989195 0.517900 0.000000 0.000000 0.000000 1.000000
0.999556 -0.026550 -0.013548 2.259800 0.029028 0.970288 0.240204 9.108300 0.006769 -0.240491 0.970628 0.517900 0.000000 0.000000 0.000000 1.000000
0.999581 -0.025345 -0.013975 2.259800 0.028029 0.968036 0.249238 9.108300 0.007211 -0.249526 0.968341 0.517900 0.000000 0.000000 0.000000 1.000000
0.999389 -0.032544 -0.012771 2.259800 0.034549 0.975232 0.218471 9.108300 0.005344 -0.218779 0.975760 0.517900 0.000000 0.000000 0.000000 1.000000
0.998920 -0.045306 -0.010294 2.259800 0.046381 0.985416 0.163720 9.108300 0.002726 -0.164021 0.986453 0.517900 0.000000 0.000000 0.000000 1.000000
0.998061 -0.061910 -0.006406 2.259800 0.062237 0.993788 0.092258 9.108300 0.000654 -0.092478 0.995715 0.517900 0.000000 0.000000 0.000000 1.000000
0.996753 -0.080507 -0.001116 2.259800 0.080514 0.996683 0.011850 9.108300 0.000158 -0.011901 0.999929 0.517900 0.000000 0.000000 0.000000 1.000000
0.995063 -0.099109 0.005264 2.259800 0.099235 0.992643 -0.069364 9.108300 0.001649 0.069544 0.997578 0.517900 0.000000 0.000000 0.000000 1.000000
0.993219 -0.115635 0.012044 2.259800 0.116164 0.982838 -0.143300 9.108300 0.004733 0.143727 0.989606 0.517900 0.000000 0.000000 0.000000 1.000000
0.991607 -0.128000 0.018188 2.259800 0.129022 0.970775 -0.202360 9.108300 0.008246 0.203008 0.979142 0.517900 0.000000 0.000000 0.000000 1.000000
0.990632 -0.134662 0.022684 2.259800 0.136136 0.960776 -0.241611 9.108300 0.010742 0.242435 0.970108 0.517900 0.000000 0.000000 0.000000 1.000000
0.990133 -0.137670 0.026161 2.259800 0.139601 0.952764 -0.269724 9.108300 0.012208 0.270715 0.962582 0.517900 0.000000 0.000000 0.000000 1.000000
0.989984 -0.138204 0.028819 2.259800 0.140597 0.946681 -0.289875 9.108300 0.012779 0.291024 0.956630 0.517900 0.000000 0.000000 0.000000 1.000000
0.990087 -0.137053 0.030712 2.259800 0.139882 0.942524 -0.303450 9.108300 0.012642 0.304738 0.952352 0.517900 0.000000 0.000000 0.000000 1.000000
0.990329 -0.135012 0.031938 2.259800 0.138212 0.940053 -0.311764 9.108300 0.012068 0.313163 0.949623 0.517900 0.000000 0.000000 0.000000 1.000000
0.990596 -0.132872 0.032619 2.259800 0.136343 0.938881 -0.316089 9.108300 0.011374 0.317564 0.948169 0.517900 0.000000 0.000000 0.000000 1.000000
0.990781 -0.131421 0.032890 2.259800 0.135037 0.938539 -0.317664 9.108300 0.010879 0.319177 0.947633 0.517900 0.000000 0.000000 0.000000 1.000000
0.990903 -0.130673 0.032196 2.259800 0.134160 0.940192 -0.313113 9.108300 0.010645 0.314584 0.949170 0.517900 0.000000 0.000000 0.000000 1.000000
0.991544 -0.126890 0.027184 2.259800 0.129413 0.951367 -0.279557 9.108300 0.009611 0.280711 0.959744 0.517900 0.000000 0.000000 0.000000 1.000000
0.992525 -0.120520 0.019233 2.259800 0.121769 0.967311 -0.222446 9.108300 0.008204 0.223125 0.974755 0.517900 0.000000 0.000000 0.000000 1.000000
0.993555 -0.112868 0.010430 2.259800 0.113134 0.981786 -0.152634 9.108300 0.006988 0.152830 0.988228 0.517900 0.000000 0.000000 0.000000 1.000000
0.994440 -0.105275 0.002445 2.259800 0.105121 0.991082 -0.081892 9.108300 0.006198 0.081693 0.996638 0.517900 0.000000 0.000000 0.000000 1.000000
0.995077 -0.099036 -0.003636 2.259800 0.098930 0.994838 -0.022598 9.108300 0.005856 0.022127 0.999738 0.517900 0.000000 0.000000 0.000000 1.000000
0.995418 -0.095363 -0.007017 2.259800 0.095447 0.995351 0.012866 9.108300 0.005758 -0.013477 0.999893 0.517900 0.000000 0.000000 0.000000 1.000000
0.995464 -0.094850 -0.007476 2.259800 0.094970 0.995320 0.017863 9.108300 0.005747 -0.018492 0.999812 0.517900 0.000000 0.000000 0.000000 1.000000
0.995464 -0.094849 -0.007476 2.259800 0.094969 0.995320 0.017863 9.108300 0.005747 -0.018492 0.999812 0.517900 0.000000 0.000000 0.000000 1.000000
0.995464 -0.094849 -0.007476 2.259800 0.094969 0.995320 0.017863 9.108300 0.005747 -0.018492 0.999812 0.517900 0.000000 0.000000 0.000000 1.000000
0.995464 -0.094849 -0.007476 2.259800 0.094970 0.995320 0.017864 9.108300 0.005747 -0.018492 0.999812 0.517900 0.000000 0.000000 0.000000 1.000000
0.995464 -0.094849 -0.007476 2.259800 0.094970 0.995320 0.017864 9.108300 0.005747 -0.018492 0.999812 0.517900 0.000000 0.000000 0.000000 1.000000</float_array>
        <technique_common>
          <accessor source="#mixamorig_RightHandIndex1-Matrix-animation-output-transform-array" count="96" stride="16">
            <param type="float4x4"/>
          </accessor>
        </technique_common>
      </source>
      <source id="mixamorig_RightHandIndex1-Interpolations">
        <Name_array id="mixamorig_RightHandIndex1-Interpolations-array" count="96">
 LINEAR LINEAR LINEAR LINEAR LINEAR LINEAR LINEAR LINEAR LINEAR LINEAR LINEAR
LINEAR LINEAR LINEAR LINEAR LINEAR LINEAR LINEAR LINEAR LINEAR LINEAR LINEAR LINEAR
LINEAR LINEAR LINEAR LINEAR LINEAR LINEAR LINEAR LINEAR LINEAR LINEAR LINEAR LINEAR
LINEAR LINEAR LINEAR LINEAR LINEAR LINEAR LINEAR LINEAR LINEAR LINEAR LINEAR LINEAR
LINEAR LINEAR LINEAR LINEAR LINEAR LINEAR LINEAR LINEAR LINEAR LINEAR LINEAR LINEAR
LINEAR LINEAR LINEAR LINEAR LINEAR LINEAR LINEAR LINEAR LINEAR LINEAR LINEAR LINEAR
LINEAR LINEAR LINEAR LINEAR LINEAR LINEAR LINEAR LINEAR LINEAR LINEAR LINEAR LINEAR
LINEAR LINEAR LINEAR LINEAR LINEAR LINEAR LINEAR LINEAR LINEAR LINEAR LINEAR LINEAR
LINEAR</Name_array>
        <technique_common>
          <accessor source="#mixamorig_RightHandIndex1-Interpolations-array" count="96">
            <param type="name"/>
          </accessor>
        </technique_common>
      </source>
      <sampler id="mixamorig_RightHandIndex1-Matrix-animation-transform">
        <input semantic="INPUT" source="#mixamorig_RightHandIndex1-Matrix-animation-input"/>
        <input semantic="OUTPUT" source="#mixamorig_RightHandIndex1-Matrix-animation-output-transform"/>
        <input semantic="INTERPOLATION" source="#mixamorig_RightHandIndex1-Interpolations"/>
      </sampler>
      <channel source="#mixamorig_RightHandIndex1-Matrix-animation-transform" target="mixamorig_RightHandIndex1/matrix"/>
    </animation>
    <animation id="mixamorig_RightHandIndex2-anim" name="mixamorig_RightHandIndex2">
      <source id="mixamorig_RightHandIndex2-Matrix-animation-input">
        <float_array id="mixamorig_RightHandIndex2-Matrix-animation-input-array" count="96">

0.000000 0.033333 0.066667 0.100000 0.133333 0.166667 0.200000 0.233333 0.266667 0.300000 0.333333 0.366667 0.400000 0.433333 0.466667 0.500000
0.533333 0.566667 0.600000 0.633333 0.666667 0.700000 0.733333 0.766667 0.800000 0.833333 0.866667 0.900000 0.933333 0.966667 1.000000 1.033333
1.066667 1.100000 1.133333 1.166667 1.200000 1.233333 1.266667 1.300000 1.333333 1.366667 1.400000 1.433333 1.466667 1.500000 1.533333 1.566667
1.600000 1.633333 1.666667 1.700000 1.733333 1.766667 1.800000 1.833333 1.866667 1.900000 1.933333 1.966667 2.000000 2.033333 2.066667 2.100000
2.133333 2.166667 2.200000 2.233333 2.266667 2.300000 2.333333 2.366667 2.400000 2.433333 2.466667 2.500000 2.533333 2.566667 2.600000 2.633333
2.666667 2.700000 2.733333 2.766667 2.800000 2.833333 2.866667 2.900000 2.933333 2.966667 3.000000 3.033333 3.066667 3.100000 3.133333 3.166667</float_array>
        <technique_common>
          <accessor source="#mixamorig_RightHandIndex2-Matrix-animation-input-array" count="96">
            <param name="TIME" type="float"/>
          </accessor>
        </technique_common>
      </source>
      <source id="mixamorig_RightHandIndex2-Matrix-animation-output-transform">
        <float_array id="mixamorig_RightHandIndex2-Matrix-animation-output-transform-array" count="1536">

0.999999 -0.001550 -0.000183 0.000000 0.001528 0.996073 -0.088521 3.700000 0.000319 0.088521 0.996074 0.000000 0.000000 0.000000 0.000000 1.000000
0.999973 -0.007293 -0.000044 0.000000 0.007228 0.991781 -0.127743 3.700000 0.000975 0.127739 0.991807 0.000000 0.000000 0.000000 0.000000 1.000000
0.999907 -0.013641 0.000407 0.000000 0.013510 0.985186 -0.170958 3.700000 0.001931 0.170948 0.985278 -0.000000 0.000000 0.000000 0.000000 1.000000
0.999791 -0.020402 0.001196 -0.000000 0.020176 0.976006 -0.216809 3.700000 0.003256 0.216787 0.976213 0.000000 0.000000 0.000000 0.000000 1.000000
0.999622 -0.027377 0.002350 -0.000000 0.027026 0.964160 -0.263940 3.700000 0.004960 0.263904 0.964536 -0.000000 0.000000 0.000000 0.000000 1.000000
0.999402 -0.034373 0.003861 0.000000 0.033869 0.949802 -0.311014 3.700000 0.007023 0.310959 0.950398 0.000000 0.000000 0.000000 0.000000 1.000000
0.999135 -0.041200 0.005691 0.000000 0.040518 0.933318 -0.356758 3.700000 0.009387 0.356680 0.934180 0.000000 0.000000 0.000000 0.000000 1.000000
0.998833 -0.047677 0.007761 0.000000 0.046799 0.915329 -0.399979 3.700000 0.011965 0.399875 0.916491 0.000000 0.000000 0.000000 0.000000 1.000000
0.998511 -0.053638 0.009970 0.000000 0.052556 0.896661 -0.439587 3.700000 0.014639 0.439457 0.898145 0.000000 0.000000 0.000000 0.000000 1.000000
0.998188 -0.058929 0.012185 0.000000 0.057645 0.878307 -0.474608 3.700000 0.017266 0.474451 0.880113 0.000000 0.000000 0.000000 0.000000 1.000000
0.997886 -0.063412 0.014259 -0.000000 0.061942 0.861378 -0.504174 3.700000 0.019688 0.503991 0.863484 0.000000 0.000000 0.000000 0.000000 1.000000
0.997627 -0.066959 0.016035 0.000000 0.065331 0.847042 -0.527496 3.700000 0.021738 0.527292 0.849406 0.000000 0.000000 0.000000 0.000000 1.000000
0.997435 -0.069448 0.017356 0.000000 0.067703 0.836463 -0.543826 3.700000 0.023250 0.543606 0.839019 0.000000 0.000000 0.000000 0.000000 1.000000
0.997330 -0.070758 0.018075 0.000000 0.068949 0.830724 -0.552397 3.700000 0.024071 0.552169 0.833385 0.000000 0.000000 0.000000 0.000000 1.000000
0.997321 -0.070863 0.018133 0.000000 0.069048 0.830260 -0.553082 3.700000 0.024138 0.552853 0.832929 0.000000 0.000000 0.000000 0.000000 1.000000
0.997362 -0.070357 0.017853 0.000000 0.068568 0.832495 -0.549773 3.700000 0.023818 0.549547 0.835124 -0.000000 0.000000 0.000000 0.000000 1.000000
0.997439 -0.069392 0.017325 0.000000 0.067649 0.836709 -0.543453 3.700000 0.023216 0.543234 0.839260 0.000000 0.000000 0.000000 0.000000 1.000000
0.997546 -0.068014 0.016588 0.000000 0.066337 0.842607 -0.534427 3.700000 0.022372 0.534216 0.845052 -0.000000 0.000000 0.000000 0.000000 1.000000
0.997678 -0.066272 0.015682 0.000000 0.064675 0.849885 -0.522984 3.700000 0.021332 0.522784 0.852198 -0.000000 0.000000 0.000000 0.000000 1.000000
0.997829 -0.064208 0.014648 0.000000 0.062704 0.858231 -0.509419 3.700000 0.020138 0.509232 0.860394 0.000000 0.000000 0.000000 0.000000 1.000000
0.997992 -0.061872 0.013526 0.000000 0.060468 0.867337 -0.494035 3.700000 0.018835 0.493861 0.869337 0.000000 0.000000 0.000000 0.000000 1.000000
0.998163 -0.059311 0.012355 0.000000 0.058012 0.876911 -0.477139 3.700000 0.017465 0.476979 0.878741 0.000000 0.000000 0.000000 0.000000 1.000000
0.998336 -0.056576 0.011170 -0.000000 0.055385 0.886679 -0.459056 3.700000 0.016068 0.458911 0.888337 -0.000000 0.000000 0.000000 0.000000 1.000000
0.998506 -0.053720 0.010002 0.000000 0.052635 0.896390 -0.440130 3.700000 0.014678 0.439999 0.897878 -0.000000 0.000000 0.000000 0.000000 1.000000
0.998670 -0.050796 0.008880 0.000000 0.049815 0.905822 -0.420719 3.700000 0.013327 0.420602 0.907147 0.000000 0.000000 0.000000 0.000000 1.000000
0.998823 -0.047860 0.007825 0.000000 0.046977 0.914786 -0.401198 3.700000 0.012043 0.401093 0.915958 0.000000 0.000000 0.000000 0.000000 1.000000
0.998965 -0.044973 0.006856 0.000000 0.044181 0.923124 -0.381957 3.700000 0.010849 0.381864 0.924155 0.000000 0.000000 0.000000 0.000000 1.000000
0.999092 -0.042194 0.005987 0.000000 0.041484 0.930710 -0.363398 3.700000 0.009761 0.363316 0.931615 0.000000 0.000000 0.000000 0.000000 1.000000
0.999203 -0.039582 0.005225 -0.000000 0.038944 0.937450 -0.345935 3.700000 0.008795 0.345863 0.938244 0.000000 0.000000 0.000000 0.000000 1.000000
0.999297 -0.037201 0.004576 -0.000000 0.036626 0.943275 -0.329986 3.700000 0.007959 0.329921 0.943975 0.000000 0.000000 0.000000 0.000000 1.000000
0.999375 -0.035112 0.004043 0.000000 0.034590 0.948137 -0.315973 3.700000 0.007261 0.315916 0.948759 0.000000 0.000000 0.000000 0.000000 1.000000
0.999437 -0.033351 0.003618 -0.000000 0.032871 0.952058 -0.304148 3.700000 0.006699 0.304095 0.952618 0.000000 0.000000 0.000000 0.000000 1.000000
0.999489 -0.031797 0.003263 0.000000 0.031353 0.955382 -0.293706 3.700000 0.006222 0.293658 0.955890 0.000000 0.000000 0.000000 0.000000 1.000000
0.999533 -0.030427 0.002965 -0.000000 0.030013 0.958211 -0.284483 3.700000 0.005815 0.284439 0.958677 0.000000 0.000000 0.000000 0.000000 1.000000
0.999569 -0.029237 0.002716 0.000000 0.028848 0.960590 -0.276469 3.700000 0.005474 0.276429 0.961019 0.000000 0.000000 0.000000 0.000000 1.000000
0.999598 -0.028224 0.002513 0.000000 0.027856 0.962556 -0.269649 3.700000 0.005191 0.269611 0.962955 0.000000 0.000000 0.000000 0.000000 1.000000
0.999622 -0.027388 0.002352 -0.000000 0.027037 0.964141 -0.264011 3.700000 0.004963 0.263975 0.964517 0.000000 0.000000 0.000000 0.000000 1.000000
0.999640 -0.026725 0.002226 0.000000 0.026387 0.965372 -0.259540 3.700000 0.004787 0.259505 0.965730 0.000000 0.000000 0.000000 0.000000 1.000000
0.999654 -0.026233 0.002138 0.000000 0.025905 0.966273 -0.256215 3.700000 0.004656 0.256182 0.966617 0.000000 0.000000 0.000000 0.000000 1.000000
0.999662 -0.025906 0.002046 0.000000 0.025576 0.966861 -0.254019 3.700000 0.004603 0.253986 0.967197 -0.000000 0.000000 0.000000 0.000000 1.000000
0.999667 -0.025742 0.001971 -0.000000 0.025404 0.967152 -0.252927 3.700000 0.004605 0.252892 0.967483 0.000000 0.000000 0.000000 0.000000 1.000000
0.999677 -0.025341 0.002020 -0.000000 0.025024 0.966945 -0.253753 3.700000 0.004478 0.253721 0.967267 0.000000 0.000000 0.000000 0.000000 1.000000
0.999621 -0.027444 0.002362 0.000000 0.027092 0.964036 -0.264387 3.700000 0.004979 0.264350 0.964414 0.000000 0.000000 0.000000 0.000000 1.000000
0.999540 -0.030179 0.002912 0.000000 0.029770 0.958713 -0.282812 3.700000 0.005743 0.282769 0.959171 0.000000 0.000000 0.000000 0.000000 1.000000
0.999421 -0.033822 0.003729 0.000000 0.033331 0.951026 -0.307309 3.700000 0.006847 0.307256 0.951602 -0.000000 0.000000 0.000000 0.000000 1.000000
0.999264 -0.038061 0.004805 0.000000 0.037464 0.941207 -0.335747 3.700000 0.008257 0.335680 0.941940 -0.000000 0.000000 0.000000 0.000000 1.000000
0.999074 -0.042587 0.006105 0.000000 0.041865 0.929663 -0.366026 3.700000 0.009912 0.365943 0.930585 0.000000 0.000000 0.000000 0.000000 1.000000
0.998862 -0.047097 0.007562 0.000000 0.046238 0.917037 -0.396113 3.700000 0.011721 0.396012 0.918170 0.000000 0.000000 0.000000 0.000000 1.000000
0.998642 -0.051303 0.009070 0.000000 0.050304 0.904222 -0.424089 3.700000 0.013556 0.423969 0.905575 0.000000 0.000000 0.000000 0.000000 1.000000
0.998397 -0.055569 0.010750 0.000000 0.054415 0.890163 -0.452382 3.700000 0.015569 0.452242 0.891760 0.000000 0.000000 0.000000 0.000000 1.000000
0.998096 -0.060334 0.012815 0.000000 0.058994 0.873139 -0.483889 3.700000 0.018005 0.483723 0.875036 -0.000000 0.000000 0.000000 0.000000 1.000000
0.997740 -0.065431 0.015256 0.000000 0.063872 0.853322 -0.517458 3.700000 0.020840 0.517263 0.855573 0.000000 0.000000 0.000000 0.000000 1.000000
0.997335 -0.070695 0.018040 -0.000000 0.068889 0.831004 -0.551984 3.700000 0.024031 0.551756 0.833660 0.000000 0.000000 0.000000 0.000000 1.000000
0.996886 -0.075969 0.021118 0.000000 0.073893 0.806628 -0.586422 3.700000 0.027515 0.586156 0.809731 -0.000000 0.000000 0.000000 0.000000 1.000000
0.996406 -0.081108 0.024417 0.000000 0.078745 0.780787 -0.619815 3.700000 0.031207 0.619510 0.784368 0.000000 0.000000 0.000000 0.000000 1.000000
0.995908 -0.085980 0.027839 0.000000 0.083321 0.754220 -0.651314 3.700000 0.035003 0.650968 0.758298 0.000000 0.000000 0.000000 0.000000 1.000000
0.995408 -0.090469 0.031271 0.000000 0.087515 0.727798 -0.680184 3.700000 0.038776 0.679798 0.732374 0.000000 0.000000 0.000000 0.000000 1.000000
0.994927 -0.094474 0.034580 0.000000 0.091238 0.702498 -0.705814 3.700000 0.042389 0.705388 0.707553 -0.000000 0.000000 0.000000 0.000000 1.000000
0.994484 -0.097911 0.037621 0.000000 0.094416 0.679375 -0.727692 3.700000 0.045690 0.727230 0.684871 0.000000 0.000000 0.000000 0.000000 1.000000
0.994102 -0.100705 0.040244 0.000000 0.096987 0.659525 -0.745400 3.700000 0.048523 0.744907 0.665402 0.000000 0.000000 0.000000 0.000000 1.000000
0.993804 -0.102789 0.042295 0.000000 0.098898 0.644058 -0.758557 3.700000 0.050731 0.758039 0.650233 -0.000000 0.000000 0.000000 0.000000 1.000000
0.993610 -0.104096 0.043626 0.000000 0.100094 0.634047 -0.766789 3.700000 0.052159 0.766256 0.640415 0.000000 0.000000 0.000000 0.000000 1.000000
0.993541 -0.104552 0.044097 -0.000000 0.100509 0.630506 -0.769649 3.700000 0.052665 0.769110 0.636942 0.000000 0.000000 0.000000 0.000000 1.000000
0.994092 -0.100775 0.040312 0.000000 0.097052 0.659013 -0.745843 3.700000 0.048596 0.745350 0.664900 0.000000 0.000000 0.000000 0.000000 1.000000
0.995398 -0.090553 0.031338 0.000000 0.087593 0.727284 -0.680725 3.700000 0.038850 0.680337 0.731869 0.000000 0.000000 0.000000 0.000000 1.000000
0.996916 -0.075632 0.020913 0.000000 0.073574 0.808250 -0.584225 3.700000 0.027283 0.583963 0.811322 0.000000 0.000000 0.000000 0.000000 1.000000
0.998205 -0.058657 0.012065 0.000000 0.057384 0.879293 -0.472811 3.700000 0.017125 0.472655 0.881081 0.000000 0.000000 0.000000 0.000000 1.000000
0.999043 -0.043290 0.006322 0.000000 0.042548 0.927767 -0.370727 3.700000 0.010184 0.370641 0.928720 0.000000 0.000000 0.000000 0.000000 1.000000
0.999426 -0.033669 0.003692 0.000000 0.033181 0.951362 -0.306284 3.700000 0.006799 0.306231 0.951933 0.000000 0.000000 0.000000 0.000000 1.000000
0.999463 -0.032575 0.003439 0.000000 0.032113 0.953735 -0.298929 3.700000 0.006458 0.298879 0.954269 0.000000 0.000000 0.000000 0.000000 1.000000
0.999390 -0.034707 0.003942 0.000000 0.034194 0.949054 -0.313252 3.700000 0.007130 0.313196 0.949662 0.000000 0.000000 0.000000 0.000000 1.000000
0.999246 -0.038507 0.004927 0.000000 0.037898 0.940118 -0.338736 3.700000 0.008412 0.338667 0.940869 0.000000 0.000000 0.000000 0.000000 1.000000
0.999034 -0.043482 0.006382 0.000000 0.042734 0.927244 -0.372012 3.700000 0.010258 0.371925 0.928206 0.000000 0.000000 0.000000 0.000000 1.000000
0.998758 -0.049142 0.008277 0.000000 0.048216 0.910935 -0.409724 3.700000 0.012595 0.409614 0.912172 0.000000 0.000000 0.000000 0.000000 1.000000
0.998431 -0.055002 0.010518 0.000000 0.053870 0.892093 -0.448629 3.700000 0.015293 0.448492 0.893656 -0.000000 0.000000 0.000000 0.000000 1.000000
0.998078 -0.060607 0.012940 0.000000 0.059255 0.872121 -0.485690 3.700000 0.018151 0.485523 0.874036 0.000000 0.000000 0.000000 0.000000 1.000000
0.997733 -0.065532 0.015307 0.000000 0.063968 0.852912 -0.518121 3.700000 0.020898 0.517926 0.855170 -0.000000 0.000000 0.000000 0.000000 1.000000
0.997420 -0.069633 0.017456 0.000000 0.067879 0.835662 -0.545034 3.700000 0.023365 0.544813 0.838232 0.000000 0.000000 0.000000 0.000000 1.000000
0.997058 -0.074013 0.019941 0.000000 0.072040 0.815914 -0.573668 3.700000 0.026188 0.573417 0.818845 0.000000 0.000000 0.000000 0.000000 1.000000
0.996654 -0.078512 0.022712 0.000000 0.076297 0.794105 -0.602973 3.700000 0.029305 0.602689 0.797438 0.000000 0.000000 0.000000 0.000000 1.000000
0.996243 -0.082753 0.025540 0.000000 0.080293 0.772045 -0.630475 3.700000 0.032456 0.630157 0.775789 0.000000 0.000000 0.000000 0.000000 1.000000
0.995864 -0.086390 0.028142 0.000000 0.083706 0.751881 -0.653963 3.700000 0.035336 0.653614 0.756003 0.000000 0.000000 0.000000 0.000000 1.000000
0.995564 -0.089109 0.030202 0.000000 0.086247 0.736005 -0.671460 3.700000 0.037605 0.671086 0.740426 0.000000 0.000000 0.000000 0.000000 1.000000
0.995391 -0.090614 0.031387 0.000000 0.087650 0.726910 -0.681116 3.700000 0.038904 0.680728 0.731503 -0.000000 0.000000 0.000000 0.000000 1.000000
0.995446 -0.090145 0.031015 0.000000 0.087213 0.729764 -0.678114 3.700000 0.038495 0.677731 0.734302 -0.000000 0.000000 0.000000 0.000000 1.000000
0.995981 -0.085293 0.027338 0.000000 0.082677 0.758096 -0.646881 3.700000 0.034449 0.646541 0.762101 0.000000 0.000000 0.000000 0.000000 1.000000
0.996810 -0.076819 0.021643 0.000000 0.074698 0.802499 -0.591959 3.700000 0.028105 0.591687 0.805678 -0.000000 0.000000 0.000000 0.000000 1.000000
0.997689 -0.066129 0.015609 0.000000 0.064538 0.850474 -0.522042 3.700000 0.021247 0.521843 0.852777 0.000000 0.000000 0.000000 0.000000 1.000000
0.998434 -0.054957 0.010499 -0.000000 0.053827 0.892247 -0.448329 3.700000 0.015271 0.448191 0.893807 0.000000 0.000000 0.000000 0.000000 1.000000
0.998947 -0.045351 0.006979 0.000000 0.044547 0.922059 -0.384478 3.700000 0.011001 0.384384 0.923108 -0.000000 0.000000 0.000000 0.000000 1.000000
0.999206 -0.039508 0.005204 0.000000 0.038873 0.937636 -0.345439 3.700000 0.008769 0.345367 0.938427 0.000000 0.000000 0.000000 0.000000 1.000000
0.999239 -0.038679 0.004974 0.000000 0.038066 0.939695 -0.339890 3.700000 0.008473 0.339821 0.940452 0.000000 0.000000 0.000000 0.000000 1.000000
0.999239 -0.038679 0.004974 0.000000 0.038066 0.939695 -0.339890 3.700000 0.008473 0.339821 0.940452 0.000000 0.000000 0.000000 0.000000 1.000000
0.999239 -0.038679 0.004973 0.000000 0.038066 0.939694 -0.339890 3.700000 0.008473 0.339821 0.940452 0.000000 0.000000 0.000000 0.000000 1.000000
0.999239 -0.038680 0.004974 0.000000 0.038066 0.939694 -0.339890 3.700000 0.008473 0.339821 0.940452 0.000000 0.000000 0.000000 0.000000 1.000000
0.999239 -0.038679 0.004974 0.000000 0.038066 0.939695 -0.339890 3.700000 0.008473 0.339821 0.940452 -0.000000 0.000000 0.000000 0.000000 1.000000</float_array>
        <technique_common>
          <accessor source="#mixamorig_RightHandIndex2-Matrix-animation-output-transform-array" count="96" stride="16">
            <param type="float4x4"/>
          </accessor>
        </technique_common>
      </source>
      <source id="mixamorig_RightHandIndex2-Interpolations">
        <Name_array id="mixamorig_RightHandIndex2-Interpolations-array" count="96">
 LINEAR LINEAR LINEAR LINEAR LINEAR LINEAR LINEAR LINEAR LINEAR LINEAR LINEAR
LINEAR LINEAR LINEAR LINEAR LINEAR LINEAR LINEAR LINEAR LINEAR LINEAR LINEAR LINEAR
LINEAR LINEAR LINEAR LINEAR LINEAR LINEAR LINEAR LINEAR LINEAR LINEAR LINEAR LINEAR
LINEAR LINEAR LINEAR LINEAR LINEAR LINEAR LINEAR LINEAR LINEAR LINEAR LINEAR LINEAR
LINEAR LINEAR LINEAR LINEAR LINEAR LINEAR LINEAR LINEAR LINEAR LINEAR LINEAR LINEAR
LINEAR LINEAR LINEAR LINEAR LINEAR LINEAR LINEAR LINEAR LINEAR LINEAR LINEAR LINEAR
LINEAR LINEAR LINEAR LINEAR LINEAR LINEAR LINEAR LINEAR LINEAR LINEAR LINEAR LINEAR
LINEAR LINEAR LINEAR LINEAR LINEAR LINEAR LINEAR LINEAR LINEAR LINEAR LINEAR LINEAR
LINEAR</Name_array>
        <technique_common>
          <accessor source="#mixamorig_RightHandIndex2-Interpolations-array" count="96">
            <param type="name"/>
          </accessor>
        </technique_common>
      </source>
      <sampler id="mixamorig_RightHandIndex2-Matrix-animation-transform">
        <input semantic="INPUT" source="#mixamorig_RightHandIndex2-Matrix-animation-input"/>
        <input semantic="OUTPUT" source="#mixamorig_RightHandIndex2-Matrix-animation-output-transform"/>
        <input semantic="INTERPOLATION" source="#mixamorig_RightHandIndex2-Interpolations"/>
      </sampler>
      <channel source="#mixamorig_RightHandIndex2-Matrix-animation-transform" target="mixamorig_RightHandIndex2/matrix"/>
    </animation>
    <animation id="mixamorig_RightHandIndex3-anim" name="mixamorig_RightHandIndex3">
      <source id="mixamorig_RightHandIndex3-Matrix-animation-input">
        <float_array id="mixamorig_RightHandIndex3-Matrix-animation-input-array" count="96">

0.000000 0.033333 0.066667 0.100000 0.133333 0.166667 0.200000 0.233333 0.266667 0.300000 0.333333 0.366667 0.400000 0.433333 0.466667 0.500000
0.533333 0.566667 0.600000 0.633333 0.666667 0.700000 0.733333 0.766667 0.800000 0.833333 0.866667 0.900000 0.933333 0.966667 1.000000 1.033333
1.066667 1.100000 1.133333 1.166667 1.200000 1.233333 1.266667 1.300000 1.333333 1.366667 1.400000 1.433333 1.466667 1.500000 1.533333 1.566667
1.600000 1.633333 1.666667 1.700000 1.733333 1.766667 1.800000 1.833333 1.866667 1.900000 1.933333 1.966667 2.000000 2.033333 2.066667 2.100000
2.133333 2.166667 2.200000 2.233333 2.266667 2.300000 2.333333 2.366667 2.400000 2.433333 2.466667 2.500000 2.533333 2.566667 2.600000 2.633333
2.666667 2.700000 2.733333 2.766667 2.800000 2.833333 2.866667 2.900000 2.933333 2.966667 3.000000 3.033333 3.066667 3.100000 3.133333 3.166667</float_array>
        <technique_common>
          <accessor source="#mixamorig_RightHandIndex3-Matrix-animation-input-array" count="96">
            <param name="TIME" type="float"/>
          </accessor>
        </technique_common>
      </source>
      <source id="mixamorig_RightHandIndex3-Matrix-animation-output-transform">
        <float_array id="mixamorig_RightHandIndex3-Matrix-animation-output-transform-array" count="1536">

0.999373 -0.035376 -0.001477 0.000000 0.035406 0.998147 0.049485 2.850000 -0.000276 -0.049507 0.998774 0.000000 0.000000 0.000000 0.000000 1.000000
0.999093 -0.042588 0.000354 -0.000000 0.042587 0.999091 0.001806 2.850000 -0.000431 -0.001789 0.999998 0.000000 0.000000 0.000000 0.000000 1.000000
0.998722 -0.050465 0.002782 0.000000 0.050541 0.997419 -0.050998 2.850000 -0.000201 0.051074 0.998695 0.000000 0.000000 0.000000 0.000000 1.000000
0.998257 -0.058730 0.005836 0.000000 0.059017 0.992475 -0.107289 2.850000 0.000509 0.107447 0.994211 0.000000 0.000000 0.000000 0.000000 1.000000
0.997700 -0.067116 0.009498 0.000000 0.067762 0.983899 -0.165379 2.850000 0.001754 0.165642 0.986184 0.000000 0.000000 0.000000 0.000000 1.000000
0.997062 -0.075367 0.013701 0.000000 0.076521 0.971678 -0.223578 2.850000 0.003537 0.223970 0.974590 0.000000 0.000000 0.000000 0.000000 1.000000
0.996360 -0.083252 0.018326 0.000000 0.085047 0.956154 -0.280243 2.850000 0.005808 0.280781 0.959754 0.000000 0.000000 0.000000 0.000000 1.000000
0.995620 -0.090565 0.023208 -0.000000 0.093108 0.938025 -0.333827 2.850000 0.008463 0.334526 0.942349 0.000000 0.000000 0.000000 0.000000 1.000000
0.994873 -0.097137 0.028139 0.000000 0.100491 0.918297 -0.382925 2.850000 0.011356 0.383789 0.923351 -0.000000 0.000000 0.000000 0.000000 1.000000
0.994155 -0.102832 0.032883 0.000000 0.107010 0.898233 -0.426293 2.850000 0.014300 0.427320 0.903987 0.000000 0.000000 0.000000 0.000000 1.000000
0.993504 -0.107547 0.037183 -0.000000 0.112504 0.879271 -0.462845 2.850000 0.017084 0.464022 0.885659 -0.000000 0.000000 0.000000 0.000000 1.000000
0.992961 -0.111201 0.040775 0.000000 0.116828 0.862937 -0.491621 2.850000 0.019482 0.492924 0.869854 0.000000 0.000000 0.000000 0.000000 1.000000
0.992564 -0.113724 0.043401 0.000000 0.119851 0.850744 -0.511733 2.850000 0.021274 0.513129 0.858048 0.000000 0.000000 0.000000 0.000000 1.000000
0.992350 -0.115035 0.044816 -0.000000 0.121435 0.844087 -0.522275 2.850000 0.022252 0.523722 0.851599 0.000000 0.000000 0.000000 0.000000 1.000000
0.992324 -0.115061 0.045319 -0.000000 0.121698 0.843535 -0.523104 2.850000 0.021961 0.524604 0.851063 0.000000 0.000000 0.000000 0.000000 1.000000
0.992355 -0.113953 0.047397 0.000000 0.121939 0.846046 -0.518977 2.850000 0.019039 0.520789 0.853473 -0.000000 0.000000 0.000000 0.000000 1.000000
0.992402 -0.111853 0.051255 0.000000 0.122287 0.850763 -0.511124 2.850000 0.013565 0.513508 0.857978 0.000000 0.000000 0.000000 0.000000 1.000000
0.992440 -0.108878 0.056638 0.000000 0.122588 0.857342 -0.499937 2.850000 0.005874 0.503101 0.864208 -0.000000 0.000000 0.000000 0.000000 1.000000
0.992440 -0.105146 0.063303 0.000000 0.122675 0.865414 -0.485808 2.850000 -0.003702 0.489901 0.871770 0.000000 0.000000 0.000000 0.000000 1.000000
0.992373 -0.100769 0.070997 0.000000 0.122374 0.874607 -0.469134 2.850000 -0.014820 0.474244 0.880268 0.000000 0.000000 0.000000 0.000000 1.000000
0.992217 -0.095865 0.079471 0.000000 0.121531 0.884556 -0.450323 2.850000 -0.027127 0.456476 0.889322 0.000000 0.000000 0.000000 0.000000 1.000000
0.991954 -0.090553 0.088473 0.000000 0.120028 0.894913 -0.429796 2.850000 -0.040257 0.436957 0.898581 0.000000 0.000000 0.000000 0.000000 1.000000
0.991578 -0.084959 0.097747 0.000000 0.117790 0.905357 -0.407989 2.850000 -0.053834 0.416067 0.907739 0.000000 0.000000 0.000000 0.000000 1.000000
0.991095 -0.079210 0.107030 -0.000000 0.114792 0.915602 -0.385351 2.850000 -0.067473 0.394206 0.916542 0.000000 0.000000 0.000000 0.000000 1.000000
0.990524 -0.073442 0.116057 0.000000 0.111068 0.925404 -0.362342 2.850000 -0.080788 0.371798 0.924791 0.000000 0.000000 0.000000 0.000000 1.000000
0.989894 -0.067791 0.124558 0.000000 0.106711 0.934561 -0.339425 2.850000 -0.093397 0.349286 0.932350 0.000000 0.000000 0.000000 0.000000 1.000000
0.989249 -0.062402 0.132261 0.000000 0.101870 0.942918 -0.317062 2.850000 -0.104926 0.327127 0.939137 0.000000 0.000000 0.000000 0.000000 1.000000
0.988643 -0.057421 0.138881 0.000000 0.096739 0.950364 -0.295719 2.850000 -0.115007 0.305796 0.945125 0.000000 0.000000 0.000000 0.000000 1.000000
0.988137 -0.052998 0.144137 0.000000 0.091557 0.956830 -0.275852 2.850000 -0.123295 0.285777 0.950331 0.000000 0.000000 0.000000 0.000000 1.000000
0.987797 -0.049285 0.147742 -0.000000 0.086587 0.962281 -0.257911 2.850000 -0.129458 0.267556 0.954806 0.000000 0.000000 0.000000 0.000000 1.000000
0.987685 -0.046438 0.149403 0.000000 0.082111 0.966709 -0.242346 2.850000 -0.133175 0.251629 0.958617 0.000000 0.000000 0.000000 0.000000 1.000000
0.987811 -0.044557 0.149142 0.000000 0.078401 0.970161 -0.229436 2.850000 -0.134469 0.238333 0.961829 0.000000 0.000000 0.000000 0.000000 1.000000
0.987936 -0.043388 0.148659 -0.000000 0.075597 0.972920 -0.218432 2.850000 -0.135156 0.227035 0.964463 0.000000 0.000000 0.000000 0.000000 1.000000
0.988025 -0.042783 0.148243 0.000000 0.073596 0.975123 -0.209090 2.850000 -0.135610 0.217496 0.966595 0.000000 0.000000 0.000000 0.000000 1.000000
0.988087 -0.042647 0.147867 0.000000 0.072288 0.976857 -0.201307 2.850000 -0.135860 0.209598 0.968303 0.000000 0.000000 0.000000 0.000000 1.000000
0.988124 -0.042857 0.147558 0.000000 0.071542 0.978196 -0.194974 2.850000 -0.135984 0.203215 0.969645 0.000000 0.000000 0.000000 0.000000 1.000000
0.988135 -0.043315 0.147352 0.000000 0.071252 0.979200 -0.189975 2.850000 -0.136059 0.198220 0.970668 0.000000 0.000000 0.000000 0.000000 1.000000
0.988138 -0.043860 0.147173 -0.000000 0.071229 0.979924 -0.186211 2.850000 -0.136051 0.194486 0.971424 0.000000 0.000000 0.000000 0.000000 1.000000
0.988137 -0.044456 0.146997 0.000000 0.071416 0.980411 -0.183560 2.850000 -0.135957 0.191881 0.971955 0.000000 0.000000 0.000000 0.000000 1.000000
0.988137 -0.044965 0.146848 0.000000 0.071661 0.980700 -0.181910 2.850000 -0.135834 0.190276 0.972288 0.000000 0.000000 0.000000 0.000000 1.000000
0.988129 -0.045268 0.146805 0.000000 0.071845 0.980829 -0.181140 2.850000 -0.135791 0.189537 0.972438 0.000000 0.000000 0.000000 0.000000 1.000000
0.988064 -0.045857 0.147060 0.000000 0.072672 0.980513 -0.182518 2.850000 -0.135824 0.191027 0.972142 0.000000 0.000000 0.000000 0.000000 1.000000
0.988041 -0.045278 0.147397 0.000000 0.073307 0.978910 -0.190687 2.850000 -0.135654 0.199211 0.970522 -0.000000 0.000000 0.000000 0.000000 1.000000
0.987917 -0.045224 0.148241 0.000000 0.075602 0.975583 -0.206211 2.850000 -0.135296 0.214926 0.967213 0.000000 0.000000 0.000000 0.000000 1.000000
0.987754 -0.045158 0.149339 0.000000 0.078724 0.970665 -0.227181 2.850000 -0.134699 0.236155 0.962334 0.000000 0.000000 0.000000 0.000000 1.000000
0.987566 -0.045096 0.150600 -0.000000 0.082460 0.964205 -0.252010 2.850000 -0.133845 0.261295 0.955934 -0.000000 0.000000 0.000000 0.000000 1.000000
0.987368 -0.045053 0.151906 0.000000 0.086581 0.956342 -0.279129 2.850000 -0.132698 0.288755 0.948162 0.000000 0.000000 0.000000 0.000000 1.000000
0.987180 -0.045054 0.153123 0.000000 0.090855 0.947364 -0.306996 2.850000 -0.131232 0.316972 0.939312 0.000000 0.000000 0.000000 0.000000 1.000000
0.987033 -0.045138 0.154043 0.000000 0.095029 0.937725 -0.334127 2.850000 -0.129368 0.344433 0.929855 -0.000000 0.000000 0.000000 0.000000 1.000000
0.986888 -0.045281 0.154925 0.000000 0.099448 0.926596 -0.362670 2.850000 -0.127130 0.373321 0.918950 0.000000 0.000000 0.000000 0.000000 1.000000
0.986718 -0.045383 0.155977 0.000000 0.104414 0.912749 -0.394951 2.850000 -0.124444 0.405992 0.905364 0.000000 0.000000 0.000000 0.000000 1.000000
0.986529 -0.045388 0.157164 -0.000000 0.109703 0.896246 -0.429778 2.850000 -0.121351 0.441230 0.889151 -0.000000 0.000000 0.000000 0.000000 1.000000
0.986311 -0.045249 0.158566 -0.000000 0.115160 0.877274 -0.465971 2.850000 -0.118021 0.477853 0.870475 -0.000000 0.000000 0.000000 0.000000 1.000000
0.986068 -0.044936 0.160159 -0.000000 0.120619 0.856175 -0.502409 2.850000 -0.114548 0.514728 0.849667 -0.000000 0.000000 0.000000 0.000000 1.000000
0.985805 -0.044433 0.161907 -0.000000 0.125934 0.833454 -0.538047 2.850000 -0.111035 0.550799 0.827219 0.000000 0.000000 0.000000 0.000000 1.000000
0.985529 -0.043749 0.163764 0.000000 0.130984 0.809777 -0.571930 2.850000 -0.107591 0.585104 0.803789 0.000000 0.000000 0.000000 0.000000 1.000000
0.985250 -0.042887 0.165658 0.000000 0.135636 0.785955 -0.603223 2.850000 -0.104330 0.616795 0.780179 0.000000 0.000000 0.000000 0.000000 1.000000
0.984976 -0.041975 0.167512 0.000000 0.139856 0.762916 -0.631189 2.850000 -0.101303 0.645133 0.757325 -0.000000 0.000000 0.000000 0.000000 1.000000
0.984723 -0.041008 0.169233 0.000000 0.143492 0.741687 -0.655218 2.850000 -0.098649 0.669491 0.736241 0.000000 0.000000 0.000000 0.000000 1.000000
0.984502 -0.040098 0.170729 -0.000000 0.146478 0.723343 -0.674773 2.850000 -0.096438 0.689323 0.718006 0.000000 0.000000 0.000000 0.000000 1.000000
0.984328 -0.039340 0.171903 0.000000 0.148727 0.708975 -0.689373 2.850000 -0.094754 0.704136 0.703715 0.000000 0.000000 0.000000 0.000000 1.000000
0.984215 -0.038829 0.172667 0.000000 0.150151 0.699642 -0.698539 2.850000 -0.093682 0.713438 0.694428 0.000000 0.000000 0.000000 0.000000 1.000000
0.984175 -0.038643 0.172937 0.000000 0.150648 0.696331 -0.701732 2.850000 -0.093304 0.716679 0.691133 0.000000 0.000000 0.000000 0.000000 1.000000
0.984560 -0.040270 0.170353 0.000000 0.146465 0.722467 -0.675714 2.850000 -0.095863 0.690232 0.717210 0.000000 0.000000 0.000000 0.000000 1.000000
0.985451 -0.043581 0.164275 0.000000 0.135585 0.784409 -0.605243 2.850000 -0.102482 0.618710 0.778906 0.000000 0.000000 0.000000 0.000000 1.000000
0.986450 -0.046262 0.157406 -0.000000 0.120307 0.856287 -0.502293 2.850000 -0.111548 0.514424 0.850250 0.000000 0.000000 0.000000 0.000000 1.000000
0.987258 -0.047125 0.151989 0.000000 0.103069 0.917080 -0.385151 2.850000 -0.121236 0.395909 0.910252 0.000000 0.000000 0.000000 0.000000 1.000000
0.987744 -0.046470 0.149005 -0.000000 0.087104 0.956282 -0.279172 2.850000 -0.129518 0.288730 0.948610 0.000000 0.000000 0.000000 0.000000 1.000000
0.987939 -0.045527 0.148001 0.000000 0.076778 0.974058 -0.212875 2.850000 -0.134470 0.221671 0.965805 0.000000 0.000000 0.000000 0.000000 1.000000
0.987949 -0.045371 0.147977 0.000000 0.075567 0.975771 -0.205333 2.850000 -0.135076 0.214041 0.967441 0.000000 0.000000 0.000000 0.000000 1.000000
0.987868 -0.045427 0.148505 0.000000 0.077788 0.972394 -0.219997 2.850000 -0.134412 0.228880 0.964130 0.000000 0.000000 0.000000 0.000000 1.000000
0.987718 -0.045492 0.149476 0.000000 0.081731 0.965782 -0.246142 2.850000 -0.133163 0.255336 0.957638 0.000000 0.000000 0.000000 0.000000 1.000000
0.987502 -0.045502 0.150893 0.000000 0.086890 0.955949 -0.280377 2.850000 -0.131488 0.289984 0.947956 0.000000 0.000000 0.000000 0.000000 1.000000
0.987232 -0.045400 0.152683 0.000000 0.092755 0.943099 -0.319314 2.850000 -0.129499 0.329399 0.935268 -0.000000 0.000000 0.000000 0.000000 1.000000
0.986924 -0.045159 0.154729 0.000000 0.098841 0.927839 -0.359647 2.850000 -0.127322 0.370238 0.920170 0.000000 0.000000 0.000000 0.000000 1.000000
0.986606 -0.044798 0.156847 0.000000 0.104687 0.911293 -0.398228 2.850000 -0.125094 0.409314 0.903778 0.000000 0.000000 0.000000 0.000000 1.000000
0.986315 -0.044388 0.158783 0.000000 0.109850 0.895094 -0.432135 2.850000 -0.122944 0.443663 0.887720 0.000000 0.000000 0.000000 0.000000 1.000000
0.986081 -0.044030 0.160328 0.000000 0.114165 0.880346 -0.460389 2.850000 -0.120873 0.472285 0.873119 0.000000 0.000000 0.000000 0.000000 1.000000
0.985852 -0.043663 0.161830 0.000000 0.118765 0.863258 -0.490592 2.850000 -0.118281 0.502871 0.856231 0.000000 0.000000 0.000000 0.000000 1.000000
0.985621 -0.043225 0.163348 0.000000 0.123476 0.844178 -0.521649 2.850000 -0.115347 0.534318 0.837377 -0.000000 0.000000 0.000000 0.000000 1.000000
0.985399 -0.042717 0.164815 0.000000 0.127898 0.824690 -0.550934 2.850000 -0.112387 0.563969 0.818112 0.000000 0.000000 0.000000 0.000000 1.000000
0.985202 -0.042185 0.166125 0.000000 0.131678 0.806734 -0.576057 2.850000 -0.109718 0.589407 0.800351 -0.000000 0.000000 0.000000 0.000000 1.000000
0.985051 -0.041698 0.167143 0.000000 0.134481 0.792510 -0.594847 2.850000 -0.107658 0.608432 0.786270 0.000000 0.000000 0.000000 0.000000 1.000000
0.984965 -0.041415 0.167716 -0.000000 0.136038 0.784329 -0.605245 2.850000 -0.106478 0.618961 0.778171 0.000000 0.000000 0.000000 0.000000 1.000000
0.985010 -0.041593 0.167409 0.000000 0.135545 0.786889 -0.602024 2.850000 -0.106692 0.615691 0.780731 0.000000 0.000000 0.000000 0.000000 1.000000
0.985402 -0.042833 0.164764 0.000000 0.130376 0.812224 -0.568589 2.850000 -0.109471 0.581771 0.805952 -0.000000 0.000000 0.000000 0.000000 1.000000
0.986000 -0.044427 0.160717 0.000000 0.121523 0.851434 -0.510189 2.850000 -0.114174 0.522577 0.844913 -0.000000 0.000000 0.000000 0.000000 1.000000
0.986619 -0.045584 0.156539 -0.000000 0.110507 0.892901 -0.436482 2.850000 -0.119877 0.447940 0.885990 0.000000 0.000000 0.000000 0.000000 1.000000
0.987129 -0.045976 0.153177 0.000000 0.098996 0.927896 -0.359456 2.850000 -0.125606 0.369993 0.920504 -0.000000 0.000000 0.000000 0.000000 1.000000
0.987466 -0.045772 0.151048 0.000000 0.088980 0.951885 -0.293254 2.850000 -0.130357 0.303019 0.944027 0.000000 0.000000 0.000000 0.000000 1.000000
0.987629 -0.045442 0.150081 -0.000000 0.082797 0.963917 -0.252999 2.850000 -0.133168 0.262296 0.955755 0.000000 0.000000 0.000000 0.000000 1.000000
0.987650 -0.045383 0.149962 0.000000 0.081912 0.965473 -0.247290 2.850000 -0.133562 0.256520 0.957266 0.000000 0.000000 0.000000 0.000000 1.000000
0.987649 -0.045384 0.149963 0.000000 0.081913 0.965473 -0.247290 2.850000 -0.133562 0.256520 0.957266 0.000000 0.000000 0.000000 0.000000 1.000000
0.987649 -0.045384 0.149963 0.000000 0.081913 0.965473 -0.247290 2.850000 -0.133562 0.256520 0.957266 -0.000000 0.000000 0.000000 0.000000 1.000000
0.987649 -0.045384 0.149963 0.000000 0.081913 0.965473 -0.247290 2.850000 -0.133562 0.256520 0.957266 0.000000 0.000000 0.000000 0.000000 1.000000
0.987649 -0.045384 0.149963 0.000000 0.081913 0.965473 -0.247290 2.850000 -0.133562 0.256520 0.957266 0.000000 0.000000 0.000000 0.000000 1.000000</float_array>
        <technique_common>
          <accessor source="#mixamorig_RightHandIndex3-Matrix-animation-output-transform-array" count="96" stride="16">
            <param type="float4x4"/>
          </accessor>
        </technique_common>
      </source>
      <source id="mixamorig_RightHandIndex3-Interpolations">
        <Name_array id="mixamorig_RightHandIndex3-Interpolations-array" count="96">
 LINEAR LINEAR LINEAR LINEAR LINEAR LINEAR LINEAR LINEAR LINEAR LINEAR LINEAR
LINEAR LINEAR LINEAR LINEAR LINEAR LINEAR LINEAR LINEAR LINEAR LINEAR LINEAR LINEAR
LINEAR LINEAR LINEAR LINEAR LINEAR LINEAR LINEAR LINEAR LINEAR LINEAR LINEAR LINEAR
LINEAR LINEAR LINEAR LINEAR LINEAR LINEAR LINEAR LINEAR LINEAR LINEAR LINEAR LINEAR
LINEAR LINEAR LINEAR LINEAR LINEAR LINEAR LINEAR LINEAR LINEAR LINEAR LINEAR LINEAR
LINEAR LINEAR LINEAR LINEAR LINEAR LINEAR LINEAR LINEAR LINEAR LINEAR LINEAR LINEAR
LINEAR LINEAR LINEAR LINEAR LINEAR LINEAR LINEAR LINEAR LINEAR LINEAR LINEAR LINEAR
LINEAR LINEAR LINEAR LINEAR LINEAR LINEAR LINEAR LINEAR LINEAR LINEAR LINEAR LINEAR
LINEAR</Name_array>
        <technique_common>
          <accessor source="#mixamorig_RightHandIndex3-Interpolations-array" count="96">
            <param type="name"/>
          </accessor>
        </technique_common>
      </source>
      <sampler id="mixamorig_RightHandIndex3-Matrix-animation-transform">
        <input semantic="INPUT" source="#mixamorig_RightHandIndex3-Matrix-animation-input"/>
        <input semantic="OUTPUT" source="#mixamorig_RightHandIndex3-Matrix-animation-output-transform"/>
        <input semantic="INTERPOLATION" source="#mixamorig_RightHandIndex3-Interpolations"/>
      </sampler>
      <channel source="#mixamorig_RightHandIndex3-Matrix-animation-transform" target="mixamorig_RightHandIndex3/matrix"/>
    </animation>
    <animation id="mixamorig_RightHandMiddle1-anim" name="mixamorig_RightHandMiddle1">
      <source id="mixamorig_RightHandMiddle1-Matrix-animation-input">
        <float_array id="mixamorig_RightHandMiddle1-Matrix-animation-input-array" count="96">

0.000000 0.033333 0.066667 0.100000 0.133333 0.166667 0.200000 0.233333 0.266667 0.300000 0.333333 0.366667 0.400000 0.433333 0.466667 0.500000
0.533333 0.566667 0.600000 0.633333 0.666667 0.700000 0.733333 0.766667 0.800000 0.833333 0.866667 0.900000 0.933333 0.966667 1.000000 1.033333
1.066667 1.100000 1.133333 1.166667 1.200000 1.233333 1.266667 1.300000 1.333333 1.366667 1.400000 1.433333 1.466667 1.500000 1.533333 1.566667
1.600000 1.633333 1.666667 1.700000 1.733333 1.766667 1.800000 1.833333 1.866667 1.900000 1.933333 1.966667 2.000000 2.033333 2.066667 2.100000
2.133333 2.166667 2.200000 2.233333 2.266667 2.300000 2.333333 2.366667 2.400000 2.433333 2.466667 2.500000 2.533333 2.566667 2.600000 2.633333
2.666667 2.700000 2.733333 2.766667 2.800000 2.833333 2.866667 2.900000 2.933333 2.966667 3.000000 3.033333 3.066667 3.100000 3.133333 3.166667</float_array>
        <technique_common>
          <accessor source="#mixamorig_RightHandMiddle1-Matrix-animation-input-array" count="96">
            <param name="TIME" type="float"/>
          </accessor>
        </technique_common>
      </source>
      <source id="mixamorig_RightHandMiddle1-Matrix-animation-output-transform">
        <float_array id="mixamorig_RightHandMiddle1-Matrix-animation-output-transform-array" count="1536">

0.994736 -0.102463 -0.001384 0.000000 0.102298 0.993737 -0.044968 9.532500 0.005983 0.044590 0.998987 0.000000 0.000000 0.000000 0.000000 1.000000
0.995136 -0.098428 -0.003951 0.000000 0.098328 0.994946 -0.020349 9.532500 0.005934 0.019862 0.999785 0.000000 0.000000 0.000000 0.000000 1.000000
0.995559 -0.093910 -0.006573 0.000000 0.093956 0.995552 0.006965 9.532500 0.005890 -0.007552 0.999954 0.000000 0.000000 0.000000 0.000000 1.000000
0.995986 -0.089030 -0.009204 0.000000 0.089307 0.995346 0.036193 9.532500 0.005939 -0.036870 0.999302 0.000000 0.000000 0.000000 0.000000 1.000000
0.996403 -0.083910 -0.011836 0.000000 0.084514 0.994198 0.066540 9.532500 0.006184 -0.067301 0.997714 0.000000 0.000000 0.000000 0.000000 1.000000
0.996797 -0.078678 -0.014339 0.000000 0.079704 0.992066 0.097222 9.532500 0.006576 -0.098054 0.995159 0.000000 0.000000 0.000000 0.000000 1.000000
0.997158 -0.073472 -0.016655 0.000000 0.075000 0.989005 0.127451 9.532500 0.007108 -0.128338 0.991705 0.000000 0.000000 0.000000 0.000000 1.000000
0.997480 -0.068425 -0.018732 0.000000 0.070518 0.985165 0.156449 9.532500 0.007750 -0.157375 0.987508 0.000000 0.000000 0.000000 0.000000 1.000000
0.997759 -0.063682 -0.020510 0.000000 0.066370 0.980785 0.183454 9.532500 0.008433 -0.184404 0.982814 -0.000000 0.000000 0.000000 0.000000 1.000000
0.998002 -0.059210 -0.022041 -0.000000 0.062504 0.976195 0.207696 9.532500 0.009219 -0.208658 0.977945 0.000000 0.000000 0.000000 0.000000 1.000000
0.998200 -0.055264 -0.023283 0.000000 0.059129 0.971754 0.228469 9.532500 0.009999 -0.229435 0.973273 0.000000 0.000000 0.000000 0.000000 1.000000
0.998355 -0.051970 -0.024206 0.000000 0.056325 0.967868 0.245071 9.532500 0.010692 -0.246031 0.969203 0.000000 0.000000 0.000000 0.000000 1.000000
0.998468 -0.049457 -0.024830 0.000000 0.054183 0.964944 0.256800 9.532500 0.011259 -0.257752 0.966145 0.000000 0.000000 0.000000 0.000000 1.000000
0.998538 -0.047843 -0.025151 -0.000000 0.052781 0.963361 0.262963 9.532500 0.011648 -0.263906 0.964478 0.000000 0.000000 0.000000 0.000000 1.000000
0.998575 -0.047068 -0.025153 -0.000000 0.052037 0.963327 0.263236 9.532500 0.011840 -0.264170 0.964403 0.000000 0.000000 0.000000 0.000000 1.000000
0.998624 -0.046114 -0.024991 0.000000 0.051029 0.964350 0.259664 9.532500 0.012126 -0.260582 0.965376 0.000000 0.000000 0.000000 0.000000 1.000000
0.998690 -0.044846 -0.024647 0.000000 0.049631 0.966188 0.253017 9.532500 0.012467 -0.253909 0.967148 0.000000 0.000000 0.000000 0.000000 1.000000
0.998770 -0.043313 -0.024151 0.000000 0.047901 0.968663 0.243718 9.532500 0.012838 -0.244575 0.969545 0.000000 0.000000 0.000000 0.000000 1.000000
0.998859 -0.041565 -0.023527 0.000000 0.045899 0.971587 0.232190 9.532500 0.013207 -0.233005 0.972386 -0.000000 0.000000 0.000000 0.000000 1.000000
0.998954 -0.039649 -0.022782 0.000000 0.043681 0.974778 0.218859 9.532500 0.013530 -0.219625 0.975490 0.000000 0.000000 0.000000 0.000000 1.000000
0.999052 -0.037614 -0.021898 0.000000 0.041299 0.978066 0.204158 9.532500 0.013739 -0.204869 0.978693 0.000000 0.000000 0.000000 0.000000 1.000000
0.999150 -0.035512 -0.020916 0.000000 0.038824 0.981302 0.188521 9.532500 0.013830 -0.189172 0.981846 0.000000 0.000000 0.000000 0.000000 1.000000
0.999245 -0.033385 -0.019881 0.000000 0.036317 0.984359 0.172390 9.532500 0.013815 -0.172982 0.984828 0.000000 0.000000 0.000000 0.000000 1.000000
0.999333 -0.031277 -0.018823 -0.000000 0.033838 0.987143 0.156216 9.532500 0.013695 -0.156748 0.987544 -0.000000 0.000000 0.000000 0.000000 1.000000
0.999414 -0.029252 -0.017774 -0.000000 0.031462 0.989587 0.140453 9.532500 0.013481 -0.140930 0.989928 0.000000 0.000000 0.000000 0.000000 1.000000
0.999485 -0.027356 -0.016764 0.000000 0.029248 0.991655 0.125562 9.532500 0.013189 -0.125987 0.991944 0.000000 0.000000 0.000000 0.000000 1.000000
0.999547 -0.025641 -0.015778 0.000000 0.027250 0.993334 0.112002 9.532500 0.012801 -0.112381 0.993583 0.000000 0.000000 0.000000 0.000000 1.000000
0.999597 -0.024162 -0.014902 0.000000 0.025536 0.994636 0.100238 9.532500 0.012400 -0.100578 0.994852 0.000000 0.000000 0.000000 0.000000 1.000000
0.999636 -0.022970 -0.014178 -0.000000 0.024164 0.995582 0.090731 9.532500 0.012031 -0.091040 0.995775 0.000000 0.000000 0.000000 0.000000 1.000000
0.999662 -0.022124 -0.013689 0.000000 0.023196 0.996201 0.083939 9.532500 0.011780 -0.084228 0.996377 -0.000000 0.000000 0.000000 0.000000 1.000000
0.999675 -0.021674 -0.013428 0.000000 0.022684 0.996511 0.080325 9.532500 0.011641 -0.080603 0.996678 0.000000 0.000000 0.000000 0.000000 1.000000
0.999671 -0.021791 -0.013494 0.000000 0.022816 0.996440 0.081158 9.532500 0.011677 -0.081439 0.996610 -0.000000 0.000000 0.000000 0.000000 1.000000
0.999633 -0.023088 -0.014182 -0.000000 0.024283 0.995573 0.090798 9.532500 0.012023 -0.091109 0.995768 0.000000 0.000000 0.000000 0.000000 1.000000
0.999557 -0.025419 -0.015480 0.000000 0.026945 0.993788 0.107983 9.532500 0.012639 -0.108352 0.994032 0.000000 0.000000 0.000000 0.000000 1.000000
0.999447 -0.028502 -0.017116 -0.000000 0.030495 0.990977 0.130519 9.532500 0.013241 -0.130969 0.991298 0.000000 0.000000 0.000000 0.000000 1.000000
0.999308 -0.032058 -0.018838 0.000000 0.034611 0.987117 0.156213 9.532500 0.013587 -0.156757 0.987544 0.000000 0.000000 0.000000 0.000000 1.000000
0.999146 -0.035824 -0.020568 -0.000000 0.038987 0.982363 0.182874 9.532500 0.013654 -0.183520 0.982921 -0.000000 0.000000 0.000000 0.000000 1.000000
0.998972 -0.039539 -0.022168 0.000000 0.043297 0.977095 0.208350 9.532500 0.013422 -0.209096 0.977803 -0.000000 0.000000 0.000000 0.000000 1.000000
0.998802 -0.042950 -0.023438 0.000000 0.047204 0.971917 0.230539 9.532500 0.012878 -0.231370 0.972781 0.000000 0.000000 0.000000 0.000000 1.000000
0.998653 -0.045809 -0.024350 0.000000 0.050417 0.967606 0.247380 9.532500 0.012229 -0.248275 0.968612 0.000000 0.000000 0.000000 0.000000 1.000000
0.998545 -0.047858 -0.024843 0.000000 0.052642 0.965017 0.256847 9.532500 0.011682 -0.257781 0.966133 0.000000 0.000000 0.000000 0.000000 1.000000
0.998454 -0.049808 -0.024670 -0.000000 0.054444 0.965774 0.253606 9.532500 0.011194 -0.254557 0.966993 0.000000 0.000000 0.000000 0.000000 1.000000
0.998133 -0.056671 -0.022761 0.000000 0.060294 0.973698 0.219719 9.532500 0.009711 -0.220681 0.975298 0.000000 0.000000 0.000000 0.000000 1.000000
0.997517 -0.067835 -0.018906 0.000000 0.069989 0.984677 0.159724 9.532500 0.007781 -0.160651 0.986981 0.000000 0.000000 0.000000 0.000000 1.000000
0.996579 -0.081608 -0.013033 0.000000 0.082406 0.993207 0.082147 9.532500 0.006240 -0.082940 0.996535 -0.000000 0.000000 0.000000 0.000000 1.000000
0.995340 -0.096277 -0.005360 -0.000000 0.096258 0.995349 -0.003812 9.532500 0.005702 0.003278 0.999978 -0.000000 0.000000 0.000000 0.000000 1.000000
0.993905 -0.110192 0.003409 0.000000 0.110060 0.989977 -0.088497 9.532500 0.006376 0.088332 0.996071 0.000000 0.000000 0.000000 0.000000 1.000000
0.992464 -0.121938 0.012068 0.000000 0.122274 0.979125 -0.162369 9.532500 0.007983 0.162621 0.986656 0.000000 0.000000 0.000000 0.000000 1.000000
0.991291 -0.130308 0.019032 -0.000000 0.131325 0.967404 -0.216524 9.532500 0.009803 0.217138 0.976092 0.000000 0.000000 0.000000 0.000000 1.000000
0.990319 -0.136582 0.024769 0.000000 0.138324 0.956109 -0.258306 9.532500 0.011598 0.259232 0.965745 0.000000 0.000000 0.000000 0.000000 1.000000
0.989300 -0.142592 0.030860 0.000000 0.145247 0.942763 -0.300168 9.532500 0.013708 0.301438 0.953387 -0.000000 0.000000 0.000000 0.000000 1.000000
0.988246 -0.148276 0.037215 -0.000000 0.152024 0.927534 -0.341421 9.532500 0.016106 0.343066 0.939173 0.000000 0.000000 0.000000 0.000000 1.000000
0.987170 -0.153567 0.043736 0.000000 0.158570 0.910700 -0.381419 9.532500 0.018744 0.383461 0.923367 0.000000 0.000000 0.000000 0.000000 1.000000
0.986091 -0.158409 0.050301 0.000000 0.164799 0.892643 -0.419560 9.532500 0.021561 0.422014 0.906333 0.000000 0.000000 0.000000 0.000000 1.000000
0.985030 -0.162763 0.056784 0.000000 0.170636 0.873833 -0.455301 9.532500 0.024486 0.458174 0.888525 -0.000000 0.000000 0.000000 0.000000 1.000000
0.984006 -0.166602 0.063048 0.000000 0.176008 0.854825 -0.488154 9.532500 0.027432 0.491444 0.870477 0.000000 0.000000 0.000000 0.000000 1.000000
0.983044 -0.169911 0.068950 -0.000000 0.180847 0.836231 -0.517698 9.532500 0.030305 0.521390 0.852780 0.000000 0.000000 0.000000 0.000000 1.000000
0.982167 -0.172692 0.074338 0.000000 0.185093 0.818708 -0.543560 9.532500 0.033007 0.547626 0.836072 0.000000 0.000000 0.000000 0.000000 1.000000
0.981398 -0.174950 0.079066 -0.000000 0.188688 0.802935 -0.565413 9.532500 0.035434 0.569814 0.821009 0.000000 0.000000 0.000000 0.000000 1.000000
0.980761 -0.176698 0.082984 0.000000 0.191581 0.789594 -0.582956 9.532500 0.037483 0.587639 0.808255 0.000000 0.000000 0.000000 0.000000 1.000000
0.980280 -0.177944 0.085948 0.000000 0.193716 0.779344 -0.595901 9.532500 0.039054 0.600799 0.798446 0.000000 0.000000 0.000000 0.000000 1.000000
0.979977 -0.178698 0.087821 -0.000000 0.195041 0.772802 -0.603934 9.532500 0.040054 0.608970 0.792181 0.000000 0.000000 0.000000 0.000000 1.000000
0.979872 -0.178952 0.088472 0.000000 0.195497 0.770515 -0.606702 9.532500 0.040402 0.611786 0.789991 -0.000000 0.000000 0.000000 0.000000 1.000000
0.981169 -0.175346 0.081004 0.000000 0.189727 0.796285 -0.574399 9.532500 0.036216 0.578951 0.814558 0.000000 0.000000 0.000000 0.000000 1.000000
0.984283 -0.165060 0.062784 0.000000 0.174553 0.855396 -0.487677 9.532500 0.026791 0.490971 0.870764 0.000000 0.000000 0.000000 0.000000 1.000000
0.988015 -0.148984 0.040387 0.000000 0.153428 0.919120 -0.362876 9.532500 0.016942 0.364723 0.930962 0.000000 0.000000 0.000000 0.000000 1.000000
0.991373 -0.129592 0.019637 0.000000 0.130690 0.965916 -0.223441 9.532500 0.009988 0.224080 0.974520 0.000000 0.000000 0.000000 0.000000 1.000000
0.993778 -0.111295 0.004401 0.000000 0.111178 0.988795 -0.099620 9.532500 0.006735 0.099490 0.995016 0.000000 0.000000 0.000000 0.000000 1.000000
0.995025 -0.099556 -0.003635 0.000000 0.099446 0.994770 -0.023310 9.532500 0.005937 0.022832 0.999722 0.000000 0.000000 0.000000 0.000000 1.000000
0.995145 -0.098325 -0.004427 -0.000000 0.098248 0.995047 -0.015148 9.532500 0.005895 0.014640 0.999875 0.000000 0.000000 0.000000 0.000000 1.000000
0.994822 -0.101602 -0.002405 0.000000 0.101455 0.994215 -0.035275 9.532500 0.005975 0.034848 0.999375 0.000000 0.000000 0.000000 0.000000 1.000000
0.994221 -0.107343 0.001361 0.000000 0.107168 0.991701 -0.071019 9.532500 0.006274 0.070755 0.997474 -0.000000 0.000000 0.000000 0.000000 1.000000
0.993374 -0.114733 0.006600 0.000000 0.114710 0.986415 -0.117587 9.532500 0.006981 0.117565 0.993041 0.000000 0.000000 0.000000 0.000000 1.000000
0.992335 -0.122898 0.012969 0.000000 0.123306 0.977677 -0.170125 9.532500 0.008228 0.170421 0.985337 0.000000 0.000000 0.000000 0.000000 1.000000
0.991174 -0.131053 0.020002 0.000000 0.132191 0.965628 -0.223805 9.532500 0.010016 0.224474 0.974429 0.000000 0.000000 0.000000 0.000000 1.000000
0.989995 -0.138478 0.027073 0.000000 0.140572 0.951411 -0.273966 9.532500 0.012181 0.275031 0.961358 -0.000000 0.000000 0.000000 0.000000 1.000000
0.988931 -0.144563 0.033424 0.000000 0.147677 0.937118 -0.316231 9.532500 0.014393 0.317666 0.948093 0.000000 0.000000 0.000000 0.000000 1.000000
0.988081 -0.149042 0.038502 -0.000000 0.153067 0.924765 -0.348397 9.532500 0.016321 0.350138 0.936556 0.000000 0.000000 0.000000 0.000000 1.000000
0.987258 -0.153076 0.043468 0.000000 0.158070 0.911958 -0.378610 9.532500 0.018315 0.380657 0.924535 0.000000 0.000000 0.000000 0.000000 1.000000
0.986456 -0.156742 0.048340 0.000000 0.162757 0.898756 -0.407122 9.532500 0.020367 0.409475 0.912094 0.000000 0.000000 0.000000 0.000000 1.000000
0.985719 -0.159893 0.052839 0.000000 0.166909 0.886044 -0.432512 9.532500 0.022338 0.435155 0.900078 -0.000000 0.000000 0.000000 0.000000 1.000000
0.985094 -0.162412 0.056668 0.000000 0.170322 0.874860 -0.453443 9.532500 0.024068 0.456336 0.889482 -0.000000 0.000000 0.000000 0.000000 1.000000
0.984631 -0.164195 0.059519 -0.000000 0.172795 0.866323 -0.468644 9.532500 0.025387 0.471726 0.881380 0.000000 0.000000 0.000000 0.000000 1.000000
0.984377 -0.165140 0.061087 0.000000 0.174128 0.861558 -0.476862 9.532500 0.026119 0.480049 0.876853 -0.000000 0.000000 0.000000 0.000000 1.000000
0.984497 -0.164676 0.060386 -0.000000 0.173494 0.863677 -0.473247 9.532500 0.025779 0.476387 0.878858 -0.000000 0.000000 0.000000 0.000000 1.000000
0.985576 -0.160384 0.054018 0.000000 0.167693 0.882501 -0.439398 9.532500 0.022802 0.442119 0.896667 0.000000 0.000000 0.000000 0.000000 1.000000
0.987295 -0.152754 0.043752 0.000000 0.157832 0.910964 -0.381095 9.532500 0.018358 0.383158 0.923500 0.000000 0.000000 0.000000 0.000000 1.000000
0.989213 -0.142913 0.032135 0.000000 0.145818 0.939903 -0.308737 9.532500 0.013919 0.310093 0.950604 0.000000 0.000000 0.000000 0.000000 1.000000
0.990967 -0.132398 0.021357 0.000000 0.133701 0.962925 -0.234307 9.532500 0.010456 0.235046 0.971928 0.000000 0.000000 0.000000 0.000000 1.000000
0.992298 -0.123184 0.013063 0.000000 0.123595 0.977466 -0.171127 9.532500 0.008312 0.171424 0.985162 0.000000 0.000000 0.000000 0.000000 1.000000
0.993037 -0.117504 0.008419 0.000000 0.117576 0.984115 -0.133015 9.532500 0.007345 0.133079 0.991078 0.000000 0.000000 0.000000 0.000000 1.000000
0.993137 -0.116694 0.007783 -0.000000 0.116730 0.984929 -0.127627 9.532500 0.007228 0.127660 0.991792 0.000000 0.000000 0.000000 0.000000 1.000000
0.993137 -0.116694 0.007783 0.000000 0.116729 0.984929 -0.127627 9.532500 0.007227 0.127660 0.991792 0.000000 0.000000 0.000000 0.000000 1.000000
0.993137 -0.116694 0.007783 0.000000 0.116729 0.984929 -0.127627 9.532500 0.007228 0.127660 0.991792 0.000000 0.000000 0.000000 0.000000 1.000000
0.993137 -0.116694 0.007783 -0.000000 0.116730 0.984929 -0.127627 9.532500 0.007227 0.127660 0.991792 0.000000 0.000000 0.000000 0.000000 1.000000
0.993137 -0.116694 0.007783 0.000000 0.116729 0.984929 -0.127627 9.532500 0.007227 0.127659 0.991792 0.000000 0.000000 0.000000 0.000000 1.000000</float_array>
        <technique_common>
          <accessor source="#mixamorig_RightHandMiddle1-Matrix-animation-output-transform-array" count="96" stride="16">
            <param type="float4x4"/>
          </accessor>
        </technique_common>
      </source>
      <source id="mixamorig_RightHandMiddle1-Interpolations">
        <Name_array id="mixamorig_RightHandMiddle1-Interpolations-array" count="96">
 LINEAR LINEAR LINEAR LINEAR LINEAR LINEAR LINEAR LINEAR LINEAR LINEAR LINEAR
LINEAR LINEAR LINEAR LINEAR LINEAR LINEAR LINEAR LINEAR LINEAR LINEAR LINEAR LINEAR
LINEAR LINEAR LINEAR LINEAR LINEAR LINEAR LINEAR LINEAR LINEAR LINEAR LINEAR LINEAR
LINEAR LINEAR LINEAR LINEAR LINEAR LINEAR LINEAR LINEAR LINEAR LINEAR LINEAR LINEAR
LINEAR LINEAR LINEAR LINEAR LINEAR LINEAR LINEAR LINEAR LINEAR LINEAR LINEAR LINEAR
LINEAR LINEAR LINEAR LINEAR LINEAR LINEAR LINEAR LINEAR LINEAR LINEAR LINEAR LINEAR
LINEAR LINEAR LINEAR LINEAR LINEAR LINEAR LINEAR LINEAR LINEAR LINEAR LINEAR LINEAR
LINEAR LINEAR LINEAR LINEAR LINEAR LINEAR LINEAR LINEAR LINEAR LINEAR LINEAR LINEAR
LINEAR</Name_array>
        <technique_common>
          <accessor source="#mixamorig_RightHandMiddle1-Interpolations-array" count="96">
            <param type="name"/>
          </accessor>
        </technique_common>
      </source>
      <sampler id="mixamorig_RightHandMiddle1-Matrix-animation-transform">
        <input semantic="INPUT" source="#mixamorig_RightHandMiddle1-Matrix-animation-input"/>
        <input semantic="OUTPUT" source="#mixamorig_RightHandMiddle1-Matrix-animation-output-transform"/>
        <input semantic="INTERPOLATION" source="#mixamorig_RightHandMiddle1-Interpolations"/>
      </sampler>
      <channel source="#mixamorig_RightHandMiddle1-Matrix-animation-transform" target="mixamorig_RightHandMiddle1/matrix"/>
    </animation>
    <animation id="mixamorig_RightHandMiddle2-anim" name="mixamorig_RightHandMiddle2">
      <source id="mixamorig_RightHandMiddle2-Matrix-animation-input">
        <float_array id="mixamorig_RightHandMiddle2-Matrix-animation-input-array" count="96">

0.000000 0.033333 0.066667 0.100000 0.133333 0.166667 0.200000 0.233333 0.266667 0.300000 0.333333 0.366667 0.400000 0.433333 0.466667 0.500000
0.533333 0.566667 0.600000 0.633333 0.666667 0.700000 0.733333 0.766667 0.800000 0.833333 0.866667 0.900000 0.933333 0.966667 1.000000 1.033333
1.066667 1.100000 1.133333 1.166667 1.200000 1.233333 1.266667 1.300000 1.333333 1.366667 1.400000 1.433333 1.466667 1.500000 1.533333 1.566667
1.600000 1.633333 1.666667 1.700000 1.733333 1.766667 1.800000 1.833333 1.866667 1.900000 1.933333 1.966667 2.000000 2.033333 2.066667 2.100000
2.133333 2.166667 2.200000 2.233333 2.266667 2.300000 2.333333 2.366667 2.400000 2.433333 2.466667 2.500000 2.533333 2.566667 2.600000 2.633333
2.666667 2.700000 2.733333 2.766667 2.800000 2.833333 2.866667 2.900000 2.933333 2.966667 3.000000 3.033333 3.066667 3.100000 3.133333 3.166667</float_array>
        <technique_common>
          <accessor source="#mixamorig_RightHandMiddle2-Matrix-animation-input-array" count="96">
            <param name="TIME" type="float"/>
          </accessor>
        </technique_common>
      </source>
      <source id="mixamorig_RightHandMiddle2-Matrix-animation-output-transform">
        <float_array id="mixamorig_RightHandMiddle2-Matrix-animation-output-transform-array" count="1536">

0.996971 -0.077409 0.007471 0.000000 0.073757 0.910715 -0.406397 3.700000 0.024654 0.405718 0.913666 0.000000 0.000000 0.000000 0.000000 1.000000
0.996829 -0.079124 0.008416 -0.000000 0.075407 0.905601 -0.417373 3.700000 0.025402 0.416684 0.908696 -0.000000 0.000000 0.000000 0.000000 1.000000
0.996672 -0.080965 0.009460 0.000000 0.077179 0.899926 -0.429158 3.700000 0.026234 0.428460 0.903180 0.000000 0.000000 0.000000 0.000000 1.000000
0.996489 -0.083047 0.010584 -0.000000 0.079176 0.893776 -0.441469 3.700000 0.027203 0.440757 0.897214 0.000000 0.000000 0.000000 0.000000 1.000000
0.996296 -0.085176 0.011769 -0.000000 0.081218 0.887261 -0.454061 3.700000 0.028233 0.453335 0.890893 0.000000 0.000000 0.000000 0.000000 1.000000
0.996097 -0.087308 0.012993 -0.000000 0.083263 0.880497 -0.466682 3.700000 0.029305 0.465942 0.884330 0.000000 0.000000 0.000000 0.000000 1.000000
0.995894 -0.089400 0.014233 -0.000000 0.085270 0.873617 -0.479085 3.700000 0.030396 0.478332 0.877653 0.000000 0.000000 0.000000 0.000000 1.000000
0.995693 -0.091414 0.015463 -0.000000 0.087203 0.866768 -0.491029 3.700000 0.031485 0.490263 0.871006 0.000000 0.000000 0.000000 0.000000 1.000000
0.995498 -0.093312 0.016654 -0.000000 0.089024 0.860109 -0.502283 3.700000 0.032545 0.501504 0.864543 0.000000 0.000000 0.000000 0.000000 1.000000
0.995314 -0.095053 0.017776 -0.000000 0.090694 0.853811 -0.512622 3.700000 0.033548 0.511832 0.858431 0.000000 0.000000 0.000000 0.000000 1.000000
0.995145 -0.096603 0.018799 0.000000 0.092182 0.848055 -0.521828 3.700000 0.034467 0.521028 0.852844 0.000000 0.000000 0.000000 0.000000 1.000000
0.994999 -0.097923 0.019690 0.000000 0.093448 0.843029 -0.529687 3.700000 0.035269 0.528879 0.847964 0.000000 0.000000 0.000000 0.000000 1.000000
0.994880 -0.098984 0.020417 0.000000 0.094467 0.838922 -0.535990 3.700000 0.035926 0.535174 0.843977 0.000000 0.000000 0.000000 0.000000 1.000000
0.994793 -0.099744 0.020947 0.000000 0.095196 0.835923 -0.540528 3.700000 0.036404 0.539707 0.841065 -0.000000 0.000000 0.000000 0.000000 1.000000
0.994738 -0.100218 0.021275 0.000000 0.095650 0.834064 -0.543312 3.700000 0.036705 0.542488 0.839261 -0.000000 0.000000 0.000000 0.000000 1.000000
0.994694 -0.100597 0.021544 0.000000 0.096015 0.832538 -0.545584 3.700000 0.036948 0.544757 0.837779 -0.000000 0.000000 0.000000 0.000000 1.000000
0.994655 -0.100935 0.021781 0.000000 0.096338 0.831191 -0.547576 3.700000 0.037166 0.546748 0.836472 0.000000 0.000000 0.000000 0.000000 1.000000
0.994620 -0.101234 0.021987 -0.000000 0.096624 0.830015 -0.549308 3.700000 0.037359 0.548477 0.835330 0.000000 0.000000 0.000000 0.000000 1.000000
0.994589 -0.101499 0.022168 0.000000 0.096877 0.828997 -0.550798 3.700000 0.037529 0.549965 0.834344 0.000000 0.000000 0.000000 0.000000 1.000000
0.994562 -0.101730 0.022320 0.000000 0.097095 0.828127 -0.552067 3.700000 0.037678 0.551231 0.833501 0.000000 0.000000 0.000000 0.000000 1.000000
0.994539 -0.101927 0.022448 0.000000 0.097282 0.827394 -0.553132 3.700000 0.037806 0.552295 0.832791 0.000000 0.000000 0.000000 0.000000 1.000000
0.994519 -0.102096 0.022551 0.000000 0.097439 0.826787 -0.554012 3.700000 0.037917 0.553173 0.832203 0.000000 0.000000 0.000000 0.000000 1.000000
0.994503 -0.102231 0.022645 -0.000000 0.097571 0.826298 -0.554717 3.700000 0.037998 0.553877 0.831731 0.000000 0.000000 0.000000 0.000000 1.000000
0.994490 -0.102339 0.022716 0.000000 0.097674 0.825906 -0.555283 3.700000 0.038066 0.554442 0.831351 0.000000 0.000000 0.000000 0.000000 1.000000
0.994483 -0.102402 0.022752 0.000000 0.097728 0.825619 -0.555700 3.700000 0.038121 0.554857 0.831072 0.000000 0.000000 0.000000 0.000000 1.000000
0.994478 -0.102451 0.022764 0.000000 0.097761 0.825411 -0.556004 3.700000 0.038173 0.555159 0.830868 -0.000000 0.000000 0.000000 0.000000 1.000000
0.994474 -0.102485 0.022775 -0.000000 0.097785 0.825262 -0.556220 3.700000 0.038208 0.555373 0.830723 0.000000 0.000000 0.000000 0.000000 1.000000
0.994472 -0.102503 0.022786 -0.000000 0.097800 0.825162 -0.556366 3.700000 0.038227 0.555519 0.830625 0.000000 0.000000 0.000000 0.000000 1.000000
0.994471 -0.102507 0.022801 0.000000 0.097808 0.825102 -0.556453 3.700000 0.038227 0.555607 0.830566 0.000000 0.000000 0.000000 0.000000 1.000000
0.994471 -0.102498 0.022820 -0.000000 0.097808 0.825065 -0.556508 3.700000 0.038213 0.555664 0.830529 0.000000 0.000000 0.000000 0.000000 1.000000
0.994474 -0.102472 0.022843 0.000000 0.097798 0.825046 -0.556538 3.700000 0.038183 0.555696 0.830508 0.000000 0.000000 0.000000 0.000000 1.000000
0.994502 -0.102223 0.022718 -0.000000 0.097576 0.825868 -0.555357 3.700000 0.038008 0.554520 0.831302 0.000000 0.000000 0.000000 0.000000 1.000000
0.994673 -0.100775 0.021670 0.000000 0.096184 0.831822 -0.546645 3.700000 0.037063 0.545817 0.837084 0.000000 0.000000 0.000000 0.000000 1.000000
0.994975 -0.098136 0.019834 0.000000 0.093653 0.842218 -0.530940 3.700000 0.035399 0.530130 0.847177 0.000000 0.000000 0.000000 0.000000 1.000000
0.995360 -0.094613 0.017490 -0.000000 0.090273 0.855417 -0.510012 3.700000 0.033293 0.509225 0.859989 0.000000 0.000000 0.000000 0.000000 1.000000
0.995783 -0.090516 0.014909 -0.000000 0.086341 0.869854 -0.485694 3.700000 0.030994 0.484933 0.874002 -0.000000 0.000000 0.000000 0.000000 1.000000
0.996204 -0.086169 0.012334 0.000000 0.082170 0.884141 -0.459937 3.700000 0.028727 0.459205 0.887866 0.000000 0.000000 0.000000 0.000000 1.000000
0.996589 -0.081925 0.009974 0.000000 0.078100 0.897119 -0.434831 3.700000 0.026676 0.434127 0.900457 -0.000000 0.000000 0.000000 0.000000 1.000000
0.996909 -0.078158 0.008001 0.000000 0.074489 0.907869 -0.412584 3.700000 0.024983 0.411905 0.910884 0.000000 0.000000 0.000000 0.000000 1.000000
0.997143 -0.075258 0.006557 0.000000 0.071710 0.915670 -0.395481 3.700000 0.023759 0.394821 0.918451 0.000000 0.000000 0.000000 0.000000 1.000000
0.997269 -0.073635 0.005770 0.000000 0.070154 0.919897 -0.385835 3.700000 0.023103 0.385186 0.922550 -0.000000 0.000000 0.000000 0.000000 1.000000
0.997258 -0.073776 0.005843 0.000000 0.070290 0.919511 -0.386727 3.700000 0.023158 0.386077 0.922176 0.000000 0.000000 0.000000 0.000000 1.000000
0.997043 -0.076512 0.007170 0.000000 0.072910 0.912363 -0.402837 3.700000 0.024280 0.402169 0.915243 0.000000 0.000000 0.000000 0.000000 1.000000
0.996642 -0.081310 0.009638 0.000000 0.077510 0.898951 -0.431136 3.700000 0.026392 0.430436 0.902235 -0.000000 0.000000 0.000000 0.000000 1.000000
0.996083 -0.087449 0.013066 0.000000 0.083398 0.880093 -0.467420 3.700000 0.029376 0.466679 0.883939 0.000000 0.000000 0.000000 0.000000 1.000000
0.995402 -0.094222 0.017224 -0.000000 0.089895 0.856909 -0.507568 3.700000 0.033064 0.506783 0.861439 -0.000000 0.000000 0.000000 0.000000 1.000000
0.994651 -0.100970 0.021796 0.000000 0.096370 0.831104 -0.547703 3.700000 0.037187 0.546873 0.836389 -0.000000 0.000000 0.000000 0.000000 1.000000
0.993898 -0.107104 0.026365 0.000000 0.102254 0.805053 -0.584324 3.700000 0.041358 0.583454 0.811092 -0.000000 0.000000 0.000000 0.000000 1.000000
0.993230 -0.112114 0.030421 0.000000 0.107056 0.781724 -0.614367 3.700000 0.045098 0.613464 0.788434 -0.000000 0.000000 0.000000 0.000000 1.000000
0.992588 -0.116579 0.034315 0.000000 0.111336 0.759185 -0.641282 3.700000 0.048709 0.640349 0.766538 -0.000000 0.000000 0.000000 0.000000 1.000000
0.991856 -0.121283 0.038883 0.000000 0.115948 0.733520 -0.669705 3.700000 0.052703 0.668759 0.741609 -0.000000 0.000000 0.000000 0.000000 1.000000
0.991049 -0.126069 0.043909 0.000000 0.120658 0.705155 -0.698712 3.700000 0.057124 0.697756 0.714054 0.000000 0.000000 0.000000 0.000000 1.000000
0.990183 -0.130796 0.049289 0.000000 0.125323 0.674624 -0.727445 3.700000 0.061895 0.726481 0.684393 0.000000 0.000000 0.000000 0.000000 1.000000
0.989277 -0.135337 0.054907 0.000000 0.129819 0.642580 -0.755141 3.700000 0.066917 0.754172 0.653259 -0.000000 0.000000 0.000000 0.000000 1.000000
0.988352 -0.139586 0.060625 0.000000 0.134036 0.609785 -0.781151 3.700000 0.072070 0.780178 0.621392 0.000000 0.000000 0.000000 0.000000 1.000000
0.987433 -0.143462 0.066298 0.000000 0.137891 0.577103 -0.804946 3.700000 0.077218 0.803972 0.589632 0.000000 0.000000 0.000000 0.000000 1.000000
0.986545 -0.146901 0.071762 0.000000 0.141317 0.545471 -0.826130 3.700000 0.082215 0.825155 0.558891 -0.000000 0.000000 0.000000 0.000000 1.000000
0.985716 -0.149860 0.076852 0.000000 0.144268 0.515894 -0.844417 3.700000 0.086897 0.843443 0.530145 0.000000 0.000000 0.000000 0.000000 1.000000
0.984975 -0.152313 0.081397 0.000000 0.146718 0.489402 -0.859627 3.700000 0.091097 0.858654 0.504396 0.000000 0.000000 0.000000 0.000000 1.000000
0.984350 -0.154247 0.085221 0.000000 0.148649 0.467043 -0.871650 3.700000 0.094648 0.870677 0.482663 -0.000000 0.000000 0.000000 0.000000 1.000000
0.983871 -0.155652 0.088154 0.000000 0.150052 0.449856 -0.880406 3.700000 0.097380 0.879433 0.465956 0.000000 0.000000 0.000000 0.000000 1.000000
0.983564 -0.156515 0.090032 0.000000 0.150917 0.438847 -0.885797 3.700000 0.099130 0.884825 0.455255 0.000000 0.000000 0.000000 0.000000 1.000000
0.983456 -0.156811 0.090691 0.000000 0.151213 0.434975 -0.887655 3.700000 0.099746 0.886683 0.451491 -0.000000 0.000000 0.000000 0.000000 1.000000
0.984494 -0.153778 0.084400 0.000000 0.148262 0.472307 -0.868875 3.700000 0.093752 0.867916 0.487783 0.000000 0.000000 0.000000 0.000000 1.000000
0.987040 -0.144915 0.068931 0.000000 0.139580 0.563349 -0.814343 3.700000 0.079179 0.813411 0.576275 -0.000000 0.000000 0.000000 0.000000 1.000000
0.990188 -0.130616 0.049675 -0.000000 0.125508 0.674930 -0.727129 3.700000 0.061447 0.726229 0.684701 0.000000 0.000000 0.000000 0.000000 1.000000
0.993111 -0.112839 0.031584 0.000000 0.108035 0.777379 -0.619686 3.700000 0.045372 0.618830 0.784214 0.000000 0.000000 0.000000 0.000000 1.000000
0.995250 -0.095648 0.018126 0.000000 0.091228 0.851351 -0.516603 3.700000 0.033981 0.515803 0.856033 0.000000 0.000000 0.000000 0.000000 1.000000
0.996369 -0.084433 0.010963 0.000000 0.080329 0.889546 -0.449727 3.700000 0.028219 0.448975 0.893099 -0.000000 0.000000 0.000000 0.000000 1.000000
0.996480 -0.083209 0.010239 0.000000 0.079139 0.893302 -0.442434 3.700000 0.027668 0.441687 0.896743 0.000000 0.000000 0.000000 0.000000 1.000000
0.996202 -0.086243 0.011991 0.000000 0.082063 0.883907 -0.460405 3.700000 0.029108 0.459641 0.887628 -0.000000 0.000000 0.000000 0.000000 1.000000
0.995684 -0.091552 0.015228 0.000000 0.087176 0.866279 -0.491895 3.700000 0.031842 0.491099 0.870521 0.000000 0.000000 0.000000 0.000000 1.000000
0.994960 -0.098313 0.019735 0.000000 0.093702 0.841483 -0.532096 3.700000 0.035705 0.531263 0.846454 0.000000 0.000000 0.000000 0.000000 1.000000
0.994075 -0.105730 0.025207 0.000000 0.100870 0.810982 -0.576311 3.700000 0.040491 0.575439 0.816842 0.000000 0.000000 0.000000 0.000000 1.000000
0.993096 -0.113068 0.031238 0.000000 0.107971 0.776977 -0.620201 3.700000 0.045854 0.619292 0.783821 0.000000 0.000000 0.000000 0.000000 1.000000
0.992109 -0.119700 0.037295 0.000000 0.114396 0.742508 -0.659997 3.700000 0.051310 0.659055 0.750342 0.000000 0.000000 0.000000 0.000000 1.000000
0.991222 -0.125111 0.042731 0.000000 0.119643 0.711358 -0.692572 3.700000 0.056251 0.691605 0.720082 0.000000 0.000000 0.000000 0.000000 1.000000
0.990511 -0.129111 0.047095 0.000000 0.123537 0.686307 -0.716744 3.700000 0.060217 0.715761 0.695745 0.000000 0.000000 0.000000 0.000000 1.000000
0.989814 -0.132766 0.051394 0.000000 0.127120 0.661679 -0.738932 3.700000 0.064099 0.737939 0.671817 0.000000 0.000000 0.000000 0.000000 1.000000
0.989129 -0.136124 0.055628 0.000000 0.130430 0.637420 -0.759397 3.700000 0.067914 0.758397 0.648246 0.000000 0.000000 0.000000 0.000000 1.000000
0.988495 -0.139037 0.059550 0.000000 0.133318 0.614948 -0.777216 3.700000 0.071442 0.776213 0.626410 0.000000 0.000000 0.000000 0.000000 1.000000
0.987955 -0.141384 0.062897 0.000000 0.135658 0.595780 -0.791608 3.700000 0.074448 0.790605 0.607783 0.000000 0.000000 0.000000 0.000000 1.000000
0.987554 -0.143055 0.065370 0.000000 0.137312 0.581481 -0.801889 3.700000 0.076702 0.800884 0.593887 0.000000 0.000000 0.000000 0.000000 1.000000
0.987333 -0.143950 0.066724 0.000000 0.138194 0.573614 -0.807384 3.700000 0.077949 0.806378 0.586241 0.000000 0.000000 0.000000 0.000000 1.000000
0.987431 -0.143550 0.066138 -0.000000 0.137813 0.577096 -0.804964 3.700000 0.077384 0.803961 0.589625 0.000000 0.000000 0.000000 0.000000 1.000000
0.988319 -0.139775 0.060732 0.000000 0.134145 0.608762 -0.781930 3.700000 0.072323 0.780943 0.620401 0.000000 0.000000 0.000000 0.000000 1.000000
0.989757 -0.132983 0.051929 0.000000 0.127496 0.659701 -0.740634 3.700000 0.064234 0.739669 0.669899 -0.000000 0.000000 0.000000 0.000000 1.000000
0.991386 -0.124087 0.041902 0.000000 0.118783 0.717103 -0.686771 3.700000 0.055171 0.685833 0.725665 0.000000 0.000000 0.000000 0.000000 1.000000
0.992898 -0.114433 0.032531 0.000000 0.109340 0.770007 -0.628597 3.700000 0.046884 0.627689 0.777051 -0.000000 0.000000 0.000000 0.000000 1.000000
0.994059 -0.105866 0.025276 0.000000 0.100978 0.810363 -0.577161 3.700000 0.040620 0.576285 0.816239 0.000000 0.000000 0.000000 0.000000 1.000000
0.994706 -0.100537 0.021252 0.000000 0.095819 0.832775 -0.545256 3.700000 0.037120 0.544406 0.838000 0.000000 0.000000 0.000000 0.000000 1.000000
0.994795 -0.099773 0.020713 -0.000000 0.095088 0.835829 -0.540692 3.700000 0.036634 0.539847 0.840965 0.000000 0.000000 0.000000 0.000000 1.000000
0.994795 -0.099773 0.020713 0.000000 0.095088 0.835829 -0.540692 3.700000 0.036634 0.539847 0.840965 -0.000000 0.000000 0.000000 0.000000 1.000000
0.994795 -0.099773 0.020713 0.000000 0.095088 0.835829 -0.540693 3.700000 0.036634 0.539848 0.840965 0.000000 0.000000 0.000000 0.000000 1.000000
0.994795 -0.099773 0.020713 0.000000 0.095087 0.835829 -0.540693 3.700000 0.036634 0.539848 0.840965 0.000000 0.000000 0.000000 0.000000 1.000000
0.994795 -0.099772 0.020713 0.000000 0.095087 0.835829 -0.540693 3.700000 0.036634 0.539848 0.840965 0.000000 0.000000 0.000000 0.000000 1.000000</float_array>
        <technique_common>
          <accessor source="#mixamorig_RightHandMiddle2-Matrix-animation-output-transform-array" count="96" stride="16">
            <param type="float4x4"/>
          </accessor>
        </technique_common>
      </source>
      <source id="mixamorig_RightHandMiddle2-Interpolations">
        <Name_array id="mixamorig_RightHandMiddle2-Interpolations-array" count="96">
 LINEAR LINEAR LINEAR LINEAR LINEAR LINEAR LINEAR LINEAR LINEAR LINEAR LINEAR
LINEAR LINEAR LINEAR LINEAR LINEAR LINEAR LINEAR LINEAR LINEAR LINEAR LINEAR LINEAR
LINEAR LINEAR LINEAR LINEAR LINEAR LINEAR LINEAR LINEAR LINEAR LINEAR LINEAR LINEAR
LINEAR LINEAR LINEAR LINEAR LINEAR LINEAR LINEAR LINEAR LINEAR LINEAR LINEAR LINEAR
LINEAR LINEAR LINEAR LINEAR LINEAR LINEAR LINEAR LINEAR LINEAR LINEAR LINEAR LINEAR
LINEAR LINEAR LINEAR LINEAR LINEAR LINEAR LINEAR LINEAR LINEAR LINEAR LINEAR LINEAR
LINEAR LINEAR LINEAR LINEAR LINEAR LINEAR LINEAR LINEAR LINEAR LINEAR LINEAR LINEAR
LINEAR LINEAR LINEAR LINEAR LINEAR LINEAR LINEAR LINEAR LINEAR LINEAR LINEAR LINEAR
LINEAR</Name_array>
        <technique_common>
          <accessor source="#mixamorig_RightHandMiddle2-Interpolations-array" count="96">
            <param type="name"/>
          </accessor>
        </technique_common>
      </source>
      <sampler id="mixamorig_RightHandMiddle2-Matrix-animation-transform">
        <input semantic="INPUT" source="#mixamorig_RightHandMiddle2-Matrix-animation-input"/>
        <input semantic="OUTPUT" source="#mixamorig_RightHandMiddle2-Matrix-animation-output-transform"/>
        <input semantic="INTERPOLATION" source="#mixamorig_RightHandMiddle2-Interpolations"/>
      </sampler>
      <channel source="#mixamorig_RightHandMiddle2-Matrix-animation-transform" target="mixamorig_RightHandMiddle2/matrix"/>
    </animation>
    <animation id="mixamorig_RightHandMiddle3-anim" name="mixamorig_RightHandMiddle3">
      <source id="mixamorig_RightHandMiddle3-Matrix-animation-input">
        <float_array id="mixamorig_RightHandMiddle3-Matrix-animation-input-array" count="96">

0.000000 0.033333 0.066667 0.100000 0.133333 0.166667 0.200000 0.233333 0.266667 0.300000 0.333333 0.366667 0.400000 0.433333 0.466667 0.500000
0.533333 0.566667 0.600000 0.633333 0.666667 0.700000 0.733333 0.766667 0.800000 0.833333 0.866667 0.900000 0.933333 0.966667 1.000000 1.033333
1.066667 1.100000 1.133333 1.166667 1.200000 1.233333 1.266667 1.300000 1.333333 1.366667 1.400000 1.433333 1.466667 1.500000 1.533333 1.566667
1.600000 1.633333 1.666667 1.700000 1.733333 1.766667 1.800000 1.833333 1.866667 1.900000 1.933333 1.966667 2.000000 2.033333 2.066667 2.100000
2.133333 2.166667 2.200000 2.233333 2.266667 2.300000 2.333333 2.366667 2.400000 2.433333 2.466667 2.500000 2.533333 2.566667 2.600000 2.633333
2.666667 2.700000 2.733333 2.766667 2.800000 2.833333 2.866667 2.900000 2.933333 2.966667 3.000000 3.033333 3.066667 3.100000 3.133333 3.166667</float_array>
        <technique_common>
          <accessor source="#mixamorig_RightHandMiddle3-Matrix-animation-input-array" count="96">
            <param name="TIME" type="float"/>
          </accessor>
        </technique_common>
      </source>
      <source id="mixamorig_RightHandMiddle3-Matrix-animation-output-transform">
        <float_array id="mixamorig_RightHandMiddle3-Matrix-animation-output-transform-array" count="1536">

0.999540 0.030296 0.001041 -0.000000 -0.030248 0.994505 0.100227 2.950000 0.002001 -0.100212 0.994964 0.000000 0.000000 0.000000 0.000000 1.000000
0.999737 0.022949 -0.000181 -0.000000 -0.022903 0.998183 0.055729 2.950000 0.001460 -0.055711 0.998446 0.000000 0.000000 0.000000 0.000000 1.000000
0.999891 0.014753 -0.001150 -0.000000 -0.014745 0.999871 0.006298 2.950000 0.001243 -0.006280 0.999980 0.000000 0.000000 0.000000 0.000000 1.000000
0.999981 0.005945 -0.001738 -0.000000 -0.006020 0.998896 -0.046592 2.950000 0.001459 0.046602 0.998912 0.000000 0.000000 0.000000 0.000000 1.000000
0.999993 -0.003226 -0.001854 0.000000 0.003021 0.994841 -0.101406 2.950000 0.002171 0.101400 0.994843 0.000000 0.000000 0.000000 0.000000 1.000000
0.999921 -0.012504 -0.001457 0.000000 0.012122 0.987589 -0.156593 2.950000 0.003397 0.156563 0.987662 0.000000 0.000000 0.000000 0.000000 1.000000
0.999766 -0.021631 -0.000559 0.000000 0.021028 0.977343 -0.210617 2.950000 0.005103 0.210556 0.977569 0.000000 0.000000 0.000000 0.000000 1.000000
0.999539 -0.030354 0.000776 0.000000 0.029497 0.964616 -0.262004 2.950000 0.007204 0.261906 0.965066 0.000000 0.000000 0.000000 0.000000 1.000000
0.999258 -0.038433 0.002441 0.000000 0.037303 0.950207 -0.309378 2.950000 0.009571 0.309240 0.950936 0.000000 0.000000 0.000000 0.000000 1.000000
0.998948 -0.045646 0.004286 0.000000 0.044239 0.935149 -0.351481 2.950000 0.012036 0.351301 0.936185 0.000000 0.000000 0.000000 0.000000 1.000000
0.998639 -0.051785 0.006131 0.000000 0.050117 0.920642 -0.387177 2.950000 0.014405 0.386957 0.921985 0.000000 0.000000 0.000000 0.000000 1.000000
0.998363 -0.056661 0.007784 -0.000000 0.054770 0.907974 -0.415431 2.950000 0.016471 0.415177 0.909592 0.000000 0.000000 0.000000 0.000000 1.000000
0.998152 -0.060092 0.009049 0.000000 0.058035 0.898431 -0.435262 2.950000 0.018026 0.434983 0.900258 -0.000000 0.000000 0.000000 0.000000 1.000000
0.998035 -0.061899 0.009750 0.000000 0.059751 0.893192 -0.445688 2.950000 0.018879 0.445394 0.895135 0.000000 0.000000 0.000000 0.000000 1.000000
0.998032 -0.061943 0.009768 0.000000 0.059793 0.893064 -0.445939 2.950000 0.018900 0.445645 0.895010 0.000000 0.000000 0.000000 0.000000 1.000000
0.998127 -0.060476 0.009196 -0.000000 0.058400 0.897331 -0.437478 2.950000 0.018205 0.437196 0.899182 -0.000000 0.000000 0.000000 0.000000 1.000000
0.998300 -0.057704 0.008159 -0.000000 0.055763 0.905127 -0.421467 2.950000 0.016935 0.421206 0.906807 0.000000 0.000000 0.000000 0.000000 1.000000
0.998529 -0.053790 0.006791 0.000000 0.052033 0.915557 -0.398807 2.950000 0.015234 0.398574 0.917010 0.000000 0.000000 0.000000 0.000000 1.000000
0.998790 -0.048896 0.005231 -0.000000 0.047354 0.927667 -0.370393 2.950000 0.013258 0.370193 0.928860 0.000000 0.000000 0.000000 0.000000 1.000000
0.999060 -0.043188 0.003619 0.000000 0.041879 0.940517 -0.337156 2.950000 0.011158 0.336990 0.941442 0.000000 0.000000 0.000000 0.000000 1.000000
0.999319 -0.036847 0.002082 0.000000 0.035773 0.953240 -0.300090 2.950000 0.009073 0.299960 0.953909 0.000000 0.000000 0.000000 0.000000 1.000000
0.999548 -0.030057 0.000723 0.000000 0.029209 0.965096 -0.260261 2.950000 0.007125 0.260165 0.965538 0.000000 0.000000 0.000000 0.000000 1.000000
0.999735 -0.023021 -0.000378 0.000000 0.022380 0.975508 -0.218820 2.950000 0.005406 0.218754 0.975765 0.000000 0.000000 0.000000 0.000000 1.000000
0.999872 -0.015942 -0.001179 0.000000 0.015482 0.984094 -0.176973 2.950000 0.003981 0.176932 0.984215 0.000000 0.000000 0.000000 0.000000 1.000000
0.999958 -0.009032 -0.001666 0.000000 0.008722 0.990674 -0.135974 2.950000 0.002878 0.135954 0.990711 0.000000 0.000000 0.000000 0.000000 1.000000
0.999995 -0.002505 -0.001863 0.000000 0.002312 0.995272 -0.097104 2.950000 0.002097 0.097099 0.995272 0.000000 0.000000 0.000000 0.000000 1.000000
0.999992 0.003432 -0.001820 -0.000000 -0.003538 0.998092 -0.061640 2.950000 0.001605 0.061646 0.998097 0.000000 0.000000 0.000000 0.000000 1.000000
0.999962 0.008571 -0.001611 0.000000 -0.008617 0.999487 -0.030849 2.950000 0.001346 0.030862 0.999523 0.000000 0.000000 0.000000 0.000000 1.000000
0.999918 0.012715 -0.001328 0.000000 -0.012722 0.999901 -0.005966 2.950000 0.001252 0.005982 0.999981 0.000000 0.000000 0.000000 0.000000 1.000000
0.999877 0.015666 -0.001063 0.000000 -0.015653 0.999808 0.011796 2.950000 0.001247 -0.011778 0.999930 0.000000 0.000000 0.000000 0.000000 1.000000
0.999851 0.017232 -0.000978 0.000000 -0.017207 0.999626 0.021241 2.950000 0.001344 -0.021221 0.999774 0.000000 0.000000 0.000000 0.000000 1.000000
0.999848 0.017390 -0.000957 0.000000 -0.017365 0.999603 0.022194 2.950000 0.001342 -0.022174 0.999753 0.000000 0.000000 0.000000 0.000000 1.000000
0.999854 0.017030 -0.000980 -0.000000 -0.017007 0.999655 0.020024 2.950000 0.001320 -0.020005 0.999799 0.000000 0.000000 0.000000 0.000000 1.000000
0.999866 0.016347 -0.001030 0.000000 -0.016329 0.999740 0.015904 2.950000 0.001290 -0.015886 0.999873 0.000000 0.000000 0.000000 0.000000 1.000000
0.999881 0.015379 -0.001091 0.000000 -0.015367 0.999831 0.010065 2.950000 0.001246 -0.010047 0.999949 -0.000000 0.000000 0.000000 0.000000 1.000000
0.999899 0.014161 -0.001206 0.000000 -0.014158 0.999896 0.002734 2.950000 0.001244 -0.002717 0.999996 0.000000 0.000000 0.000000 0.000000 1.000000
0.999918 0.012734 -0.001327 0.000000 -0.012742 0.999902 -0.005853 2.950000 0.001252 0.005870 0.999982 0.000000 0.000000 0.000000 0.000000 1.000000
0.999937 0.011134 -0.001449 0.000000 -0.011155 0.999818 -0.015469 2.950000 0.001276 0.015484 0.999879 -0.000000 0.000000 0.000000 0.000000 1.000000
0.999955 0.009400 -0.001563 0.000000 -0.009437 0.999621 -0.025876 2.950000 0.001319 0.025889 0.999664 -0.000000 0.000000 0.000000 0.000000 1.000000
0.999970 0.007572 -0.001669 0.000000 -0.007628 0.999292 -0.036846 2.950000 0.001389 0.036858 0.999320 0.000000 0.000000 0.000000 0.000000 1.000000
0.999982 0.005686 -0.001732 0.000000 -0.005763 0.998824 -0.048146 2.950000 0.001456 0.048155 0.998839 0.000000 0.000000 0.000000 0.000000 1.000000
0.999991 0.003779 -0.001773 0.000000 -0.003877 0.998217 -0.059567 2.950000 0.001544 0.059574 0.998223 0.000000 0.000000 0.000000 0.000000 1.000000
0.999997 0.001814 -0.001801 0.000000 -0.001937 0.997452 -0.071317 2.950000 0.001667 0.071320 0.997452 0.000000 0.000000 0.000000 0.000000 1.000000
0.999998 -0.000291 -0.001814 0.000000 0.000137 0.996475 -0.083892 2.950000 0.001832 0.083891 0.996473 0.000000 0.000000 0.000000 0.000000 1.000000
0.999995 -0.002620 -0.001806 -0.000000 0.002431 0.995204 -0.097792 2.950000 0.002053 0.097787 0.995205 0.000000 0.000000 0.000000 0.000000 1.000000
0.999985 -0.005258 -0.001770 -0.000000 0.005023 0.993523 -0.113517 2.950000 0.002356 0.113506 0.993534 0.000000 0.000000 0.000000 0.000000 1.000000
0.999964 -0.008289 -0.001701 -0.000000 0.007993 0.991277 -0.131553 2.950000 0.002777 0.131534 0.991308 0.000000 0.000000 0.000000 0.000000 1.000000
0.999929 -0.011795 -0.001506 0.000000 0.011428 0.988255 -0.152384 2.950000 0.003286 0.152356 0.988320 -0.000000 0.000000 0.000000 0.000000 1.000000
0.999874 -0.015857 -0.001186 0.000000 0.015399 0.984186 -0.176469 2.950000 0.003966 0.176428 0.984305 -0.000000 0.000000 0.000000 0.000000 1.000000
0.999786 -0.020684 -0.000677 -0.000000 0.020106 0.978550 -0.205025 2.950000 0.004903 0.204967 0.978757 0.000000 0.000000 0.000000 0.000000 1.000000
0.999654 -0.026299 0.000096 0.000000 0.025565 0.970893 -0.238144 2.950000 0.006169 0.238064 0.971230 0.000000 0.000000 0.000000 0.000000 1.000000
0.999471 -0.032498 0.001178 0.000000 0.031572 0.961042 -0.274593 2.950000 0.007792 0.274485 0.961560 0.000000 0.000000 0.000000 0.000000 1.000000
0.999233 -0.039076 0.002592 -0.000000 0.037922 0.948950 -0.313139 2.950000 0.009776 0.312997 0.949704 -0.000000 0.000000 0.000000 0.000000 1.000000
0.998940 -0.045833 0.004338 0.000000 0.044418 0.934731 -0.352568 2.950000 0.012104 0.352387 0.935776 0.000000 0.000000 0.000000 0.000000 1.000000
0.998597 -0.052566 0.006385 -0.000000 0.050864 0.918681 -0.391712 2.950000 0.014725 0.391487 0.920066 0.000000 0.000000 0.000000 0.000000 1.000000
0.998215 -0.059088 0.008670 0.000000 0.057080 0.901277 -0.429466 2.950000 0.017562 0.429194 0.903042 0.000000 0.000000 0.000000 0.000000 1.000000
0.997809 -0.065219 0.011102 0.000000 0.062898 0.883174 -0.464809 2.950000 0.020509 0.464489 0.885342 0.000000 0.000000 0.000000 0.000000 1.000000
0.997399 -0.070793 0.013564 0.000000 0.068165 0.865179 -0.496809 2.950000 0.023435 0.496441 0.867754 0.000000 0.000000 0.000000 0.000000 1.000000
0.997007 -0.075658 0.015918 0.000000 0.072743 0.848216 -0.524631 2.950000 0.026191 0.524219 0.851181 -0.000000 0.000000 0.000000 0.000000 1.000000
0.996658 -0.079673 0.018012 0.000000 0.076508 0.833290 -0.547516 2.950000 0.028613 0.547064 0.836601 0.000000 0.000000 0.000000 0.000000 1.000000
0.996380 -0.082705 0.019688 0.000000 0.079343 0.821435 -0.564756 2.950000 0.030536 0.564273 0.825023 -0.000000 0.000000 0.000000 0.000000 1.000000
0.996196 -0.084626 0.020793 0.000000 0.081135 0.813660 -0.575652 2.950000 0.031797 0.575149 0.817431 0.000000 0.000000 0.000000 0.000000 1.000000
0.996130 -0.085299 0.021189 0.000000 0.081763 0.810886 -0.579464 2.950000 0.032246 0.578954 0.814723 -0.000000 0.000000 0.000000 0.000000 1.000000
0.996691 -0.079309 0.017817 0.000000 0.076167 0.834678 -0.545445 2.950000 0.028387 0.544997 0.837957 0.000000 0.000000 0.000000 0.000000 1.000000
0.997929 -0.063480 0.010383 0.000000 0.061250 0.888489 -0.454793 2.950000 0.019645 0.454487 0.890537 -0.000000 0.000000 0.000000 0.000000 1.000000
0.999145 -0.041235 0.003117 0.000000 0.040001 0.944608 -0.325754 2.950000 0.010488 0.325600 0.945449 0.000000 0.000000 0.000000 0.000000 1.000000
0.999855 -0.016995 -0.001079 0.000000 0.016510 0.982936 -0.183205 2.950000 0.004174 0.183160 0.983074 0.000000 0.000000 0.000000 0.000000 1.000000
0.999990 0.004066 -0.001803 0.000000 -0.004163 0.998317 -0.057847 2.950000 0.001565 0.057854 0.998324 -0.000000 0.000000 0.000000 0.000000 1.000000
0.999858 0.016844 -0.000943 -0.000000 -0.016823 0.999680 0.018882 2.950000 0.001260 -0.018863 0.999821 0.000000 0.000000 0.000000 0.000000 1.000000
0.999834 0.018200 -0.000793 0.000000 -0.018172 0.999469 0.027056 2.950000 0.001285 -0.027037 0.999634 0.000000 0.000000 0.000000 0.000000 1.000000
0.999889 0.014845 -0.001143 0.000000 -0.014837 0.999866 0.006847 2.950000 0.001244 -0.006829 0.999976 -0.000000 0.000000 0.000000 0.000000 1.000000
0.999959 0.008861 -0.001595 0.000000 -0.008904 0.999537 -0.029111 2.950000 0.001337 0.029124 0.999575 0.000000 0.000000 0.000000 0.000000 1.000000
0.999998 0.001015 -0.001862 0.000000 -0.001153 0.997100 -0.076092 2.950000 0.001779 0.076094 0.997099 0.000000 0.000000 0.000000 0.000000 1.000000
0.999967 -0.007906 -0.001719 0.000000 0.007618 0.991579 -0.129278 2.950000 0.002726 0.129261 0.991607 0.000000 0.000000 0.000000 0.000000 1.000000
0.999853 -0.017099 -0.001069 0.000000 0.016611 0.982819 -0.183824 2.950000 0.004193 0.183779 0.982959 -0.000000 0.000000 0.000000 0.000000 1.000000
0.999668 -0.025762 0.000014 0.000000 0.025044 0.971676 -0.234985 2.950000 0.006040 0.234907 0.971999 0.000000 0.000000 0.000000 0.000000 1.000000
0.999451 -0.033119 0.001299 0.000000 0.032173 0.959973 -0.278238 2.950000 0.007968 0.278127 0.960511 0.000000 0.000000 0.000000 0.000000 1.000000
0.999246 -0.038752 0.002516 0.000000 0.037610 0.949586 -0.311243 2.950000 0.009672 0.311103 0.950327 -0.000000 0.000000 0.000000 0.000000 1.000000
0.999021 -0.044072 0.003854 0.000000 0.042728 0.938616 -0.342307 2.950000 0.011468 0.342136 0.939580 -0.000000 0.000000 0.000000 0.000000 1.000000
0.998779 -0.049118 0.005297 0.000000 0.047566 0.927140 -0.371684 2.950000 0.013345 0.371482 0.928344 0.000000 0.000000 0.000000 0.000000 1.000000
0.998538 -0.053634 0.006738 0.000000 0.051883 0.915962 -0.397897 2.950000 0.015169 0.397664 0.917406 -0.000000 0.000000 0.000000 0.000000 1.000000
0.998320 -0.057372 0.008039 0.000000 0.055447 0.906038 -0.419547 2.950000 0.016787 0.419288 0.907698 0.000000 0.000000 0.000000 0.000000 1.000000
0.998151 -0.060098 0.009051 -0.000000 0.058040 0.898415 -0.435295 2.950000 0.018029 0.435016 0.900242 0.000000 0.000000 0.000000 0.000000 1.000000
0.998056 -0.061575 0.009622 0.000000 0.059443 0.894143 -0.443819 2.950000 0.018725 0.443528 0.896065 0.000000 0.000000 0.000000 0.000000 1.000000
0.998099 -0.060923 0.009368 0.000000 0.058824 0.896041 -0.440058 2.950000 0.018415 0.439772 0.897921 0.000000 0.000000 0.000000 0.000000 1.000000
0.998469 -0.054850 0.007150 -0.000000 0.053044 0.912797 -0.404953 2.950000 0.015685 0.404713 0.914309 -0.000000 0.000000 0.000000 0.000000 1.000000
0.999002 -0.044490 0.003967 -0.000000 0.043129 0.937705 -0.344746 2.950000 0.011618 0.344573 0.938687 -0.000000 0.000000 0.000000 0.000000 1.000000
0.999494 -0.031792 0.001042 0.000000 0.030889 0.962238 -0.270453 2.950000 0.007596 0.270348 0.962733 0.000000 0.000000 0.000000 0.000000 1.000000
0.999821 -0.018900 -0.000882 -0.000000 0.018367 0.980735 -0.194478 2.950000 0.004541 0.194427 0.980907 0.000000 0.000000 0.000000 0.000000 1.000000
0.999966 -0.008081 -0.001711 0.000000 0.007789 0.991442 -0.130313 2.950000 0.002749 0.130296 0.991471 0.000000 0.000000 0.000000 0.000000 1.000000
0.999997 -0.001607 -0.001840 -0.000000 0.001431 0.995781 -0.091748 2.950000 0.001980 0.091745 0.995781 0.000000 0.000000 0.000000 0.000000 1.000000
0.999998 -0.000695 -0.001842 -0.000000 0.000534 0.996269 -0.086304 2.950000 0.001895 0.086302 0.996267 0.000000 0.000000 0.000000 0.000000 1.000000
0.999998 -0.000695 -0.001842 0.000000 0.000533 0.996269 -0.086303 2.950000 0.001895 0.086302 0.996267 0.000000 0.000000 0.000000 0.000000 1.000000
0.999998 -0.000695 -0.001842 0.000000 0.000534 0.996269 -0.086303 2.950000 0.001895 0.086302 0.996267 0.000000 0.000000 0.000000 0.000000 1.000000
0.999998 -0.000695 -0.001842 0.000000 0.000533 0.996269 -0.086303 2.950000 0.001895 0.086302 0.996267 0.000000 0.000000 0.000000 0.000000 1.000000
0.999998 -0.000695 -0.001841 -0.000000 0.000534 0.996269 -0.086303 2.950000 0.001894 0.086302 0.996267 0.000000 0.000000 0.000000 0.000000 1.000000</float_array>
        <technique_common>
          <accessor source="#mixamorig_RightHandMiddle3-Matrix-animation-output-transform-array" count="96" stride="16">
            <param type="float4x4"/>
          </accessor>
        </technique_common>
      </source>
      <source id="mixamorig_RightHandMiddle3-Interpolations">
        <Name_array id="mixamorig_RightHandMiddle3-Interpolations-array" count="96">
 LINEAR LINEAR LINEAR LINEAR LINEAR LINEAR LINEAR LINEAR LINEAR LINEAR LINEAR
LINEAR LINEAR LINEAR LINEAR LINEAR LINEAR LINEAR LINEAR LINEAR LINEAR LINEAR LINEAR
LINEAR LINEAR LINEAR LINEAR LINEAR LINEAR LINEAR LINEAR LINEAR LINEAR LINEAR LINEAR
LINEAR LINEAR LINEAR LINEAR LINEAR LINEAR LINEAR LINEAR LINEAR LINEAR LINEAR LINEAR
LINEAR LINEAR LINEAR LINEAR LINEAR LINEAR LINEAR LINEAR LINEAR LINEAR LINEAR LINEAR
LINEAR LINEAR LINEAR LINEAR LINEAR LINEAR LINEAR LINEAR LINEAR LINEAR LINEAR LINEAR
LINEAR LINEAR LINEAR LINEAR LINEAR LINEAR LINEAR LINEAR LINEAR LINEAR LINEAR LINEAR
LINEAR LINEAR LINEAR LINEAR LINEAR LINEAR LINEAR LINEAR LINEAR LINEAR LINEAR LINEAR
LINEAR</Name_array>
        <technique_common>
          <accessor source="#mixamorig_RightHandMiddle3-Interpolations-array" count="96">
            <param type="name"/>
          </accessor>
        </technique_common>
      </source>
      <sampler id="mixamorig_RightHandMiddle3-Matrix-animation-transform">
        <input semantic="INPUT" source="#mixamorig_RightHandMiddle3-Matrix-animation-input"/>
        <input semantic="OUTPUT" source="#mixamorig_RightHandMiddle3-Matrix-animation-output-transform"/>
        <input semantic="INTERPOLATION" source="#mixamorig_RightHandMiddle3-Interpolations"/>
      </sampler>
      <channel source="#mixamorig_RightHandMiddle3-Matrix-animation-transform" target="mixamorig_RightHandMiddle3/matrix"/>
    </animation>
    <animation id="mixamorig_RightHandRing1-anim" name="mixamorig_RightHandRing1">
      <source id="mixamorig_RightHandRing1-Matrix-animation-input">
        <float_array id="mixamorig_RightHandRing1-Matrix-animation-input-array" count="96">

0.000000 0.033333 0.066667 0.100000 0.133333 0.166667 0.200000 0.233333 0.266667 0.300000 0.333333 0.366667 0.400000 0.433333 0.466667 0.500000
0.533333 0.566667 0.600000 0.633333 0.666667 0.700000 0.733333 0.766667 0.800000 0.833333 0.866667 0.900000 0.933333 0.966667 1.000000 1.033333
1.066667 1.100000 1.133333 1.166667 1.200000 1.233333 1.266667 1.300000 1.333333 1.366667 1.400000 1.433333 1.466667 1.500000 1.533333 1.566667
1.600000 1.633333 1.666667 1.700000 1.733333 1.766667 1.800000 1.833333 1.866667 1.900000 1.933333 1.966667 2.000000 2.033333 2.066667 2.100000
2.133333 2.166667 2.200000 2.233333 2.266667 2.300000 2.333333 2.366667 2.400000 2.433333 2.466667 2.500000 2.533333 2.566667 2.600000 2.633333
2.666667 2.700000 2.733333 2.766667 2.800000 2.833333 2.866667 2.900000 2.933333 2.966667 3.000000 3.033333 3.066667 3.100000 3.133333 3.166667</float_array>
        <technique_common>
          <accessor source="#mixamorig_RightHandRing1-Matrix-animation-input-array" count="96">
            <param name="TIME" type="float"/>
          </accessor>
        </technique_common>
      </source>
      <source id="mixamorig_RightHandRing1-Matrix-animation-output-transform">
        <float_array id="mixamorig_RightHandRing1-Matrix-animation-output-transform-array" count="1536">

0.978838 -0.204541 -0.006230 -1.865100 0.203597 0.976482 -0.070929 9.103600 0.020592 0.068159 0.997462 0.043100 0.000000 0.000000 0.000000 1.000000
0.978854 -0.204541 -0.002693 -1.865100 0.203835 0.976412 -0.071202 9.103600 0.017193 0.069148 0.997458 0.043100 0.000000 0.000000 0.000000 1.000000
0.978862 -0.204451 -0.005420 -1.865100 0.203733 0.977068 -0.061895 9.103600 0.017951 0.059483 0.998068 0.043100 0.000000 0.000000 0.000000 1.000000
0.978868 -0.204323 -0.008336 -1.865100 0.203631 0.977669 -0.051935 9.103600 0.018761 0.049140 0.998616 0.043100 0.000000 0.000000 0.000000 1.000000
0.978875 -0.204145 -0.011365 -1.865100 0.203519 0.978188 -0.041582 9.103600 0.019606 0.038391 0.999070 0.043100 0.000000 0.000000 0.000000 1.000000
0.978882 -0.203918 -0.014429 -1.865100 0.203401 0.978602 -0.031093 9.103600 0.020460 0.027501 0.999412 0.043100 0.000000 0.000000 0.000000 1.000000
0.978889 -0.203648 -0.017453 -1.865100 0.203281 0.978901 -0.020729 9.103600 0.021306 0.016744 0.999633 0.043100 0.000000 0.000000 0.000000 1.000000
0.978896 -0.203345 -0.020356 -1.865100 0.203161 0.979086 -0.010751 9.103600 0.022116 0.006388 0.999735 0.043100 0.000000 0.000000 0.000000 1.000000
0.978903 -0.203021 -0.023066 -1.865100 0.203043 0.979169 -0.001419 9.103600 0.022873 -0.003294 0.999733 0.043100 0.000000 0.000000 0.000000 1.000000
0.978910 -0.202692 -0.025531 -1.865100 0.202929 0.979169 0.006999 9.103600 0.023580 -0.012032 0.999650 0.043100 0.000000 0.000000 0.000000 1.000000
0.978922 -0.202355 -0.027634 -1.865100 0.202797 0.979117 0.014255 9.103600 0.024173 -0.019559 0.999516 0.043100 0.000000 0.000000 0.000000 1.000000
0.978954 -0.201964 -0.029308 -1.865100 0.202586 0.979058 0.020086 9.103600 0.024637 -0.025601 0.999369 0.043100 0.000000 0.000000 0.000000 1.000000
0.979008 -0.201532 -0.030472 -1.865100 0.202290 0.979026 0.024236 9.103600 0.024949 -0.029892 0.999242 0.043100 0.000000 0.000000 0.000000 1.000000
0.979084 -0.201073 -0.031053 -1.865100 0.201904 0.979048 0.026449 9.103600 0.025084 -0.032165 0.999168 0.043100 0.000000 0.000000 0.000000 1.000000
0.979214 -0.200452 -0.030962 -1.865100 0.201283 0.979174 0.026539 9.103600 0.024997 -0.032219 0.999168 0.043100 0.000000 0.000000 0.000000 1.000000
0.979554 -0.198911 -0.030138 -1.865100 0.199675 0.979547 0.024862 9.103600 0.024576 -0.030372 0.999236 0.043100 0.000000 0.000000 0.000000 1.000000
0.980100 -0.196422 -0.028662 -1.865100 0.197066 0.980150 0.021682 9.103600 0.023835 -0.026899 0.999354 0.043100 0.000000 0.000000 0.000000 1.000000
0.980813 -0.193120 -0.026645 -1.865100 0.193610 0.980928 0.017205 9.103600 0.022815 -0.022034 0.999497 0.043100 0.000000 0.000000 0.000000 1.000000
0.981653 -0.189135 -0.024198 -1.865100 0.189454 0.981821 0.011638 9.103600 0.021557 -0.016009 0.999639 0.043100 0.000000 0.000000 0.000000 1.000000
0.982581 -0.184596 -0.021428 -1.865100 0.184745 0.982773 0.005193 9.103600 0.020100 -0.009061 0.999757 0.043100 0.000000 0.000000 0.000000 1.000000
0.983560 -0.179637 -0.018439 -1.865100 0.179632 0.983732 -0.001923 9.103600 0.018485 -0.001421 0.999828 0.043100 0.000000 0.000000 0.000000 1.000000
0.984556 -0.174396 -0.015333 -1.865100 0.174265 0.984653 -0.009495 9.103600 0.016753 0.006676 0.999837 0.043100 0.000000 0.000000 0.000000 1.000000
0.985537 -0.169027 -0.012090 -1.865100 0.168808 0.985498 -0.017276 9.103600 0.014835 0.014986 0.999778 0.043100 0.000000 0.000000 0.000000 1.000000
0.986476 -0.163671 -0.008818 -1.865100 0.163408 0.986240 -0.025058 9.103600 0.012798 0.023279 0.999647 0.043100 0.000000 0.000000 0.000000 1.000000
0.987349 -0.158463 -0.005640 -1.865100 0.158199 0.986868 -0.032629 9.103600 0.010736 0.031324 0.999452 0.043100 0.000000 0.000000 0.000000 1.000000
0.988137 -0.153551 -0.002643 -1.865100 0.153326 0.987375 -0.039771 9.103600 0.008716 0.038894 0.999205 0.043100 0.000000 0.000000 0.000000 1.000000
0.988825 -0.149084 0.000080 -1.865100 0.148928 0.987765 -0.046267 9.103600 0.006819 0.045762 0.998929 0.043100 0.000000 0.000000 0.000000 1.000000
0.989398 -0.145211 0.002443 -1.865100 0.145142 0.988049 -0.051896 9.103600 0.005122 0.051700 0.998650 0.043100 0.000000 0.000000 0.000000 1.000000
0.989846 -0.142081 0.004334 -1.865100 0.142098 0.988242 -0.056446 9.103600 0.003737 0.056489 0.998396 0.043100 0.000000 0.000000 0.000000 1.000000
0.990157 -0.139847 0.005682 -1.865100 0.139935 0.988360 -0.059694 9.103600 0.002732 0.059902 0.998201 0.043100 0.000000 0.000000 0.000000 1.000000
0.990320 -0.138656 0.006401 -1.865100 0.138787 0.988416 -0.061424 9.103600 0.002190 0.061718 0.998091 0.043100 0.000000 0.000000 0.000000 1.000000
0.990279 -0.138960 0.006169 -1.865100 0.139077 0.988413 -0.060814 9.103600 0.002353 0.061081 0.998130 0.043100 0.000000 0.000000 0.000000 1.000000
0.989810 -0.142342 0.003774 -1.865100 0.142334 0.988309 -0.054649 9.103600 0.004049 0.054630 0.998498 0.043100 0.000000 0.000000 0.000000 1.000000
0.988936 -0.148343 -0.000537 -1.865100 0.148178 0.987997 -0.043654 9.103600 0.007006 0.043092 0.999047 0.043100 0.000000 0.000000 0.000000 1.000000
0.987711 -0.156168 -0.006199 -1.865100 0.155926 0.987337 -0.029211 9.103600 0.010682 0.027886 0.999554 0.043100 0.000000 0.000000 0.000000 1.000000
0.986208 -0.165026 -0.012666 -1.865100 0.164867 0.986234 -0.012704 9.103600 0.014588 0.010441 0.999839 0.043100 0.000000 0.000000 0.000000 1.000000
0.984527 -0.174157 -0.019395 -1.865100 0.174273 0.984687 0.004475 9.103600 0.018318 -0.007785 0.999802 0.043100 0.000000 0.000000 0.000000 1.000000
0.982805 -0.182829 -0.025834 -1.865100 0.183382 0.982819 0.020943 9.103600 0.021561 -0.025321 0.999447 0.043100 0.000000 0.000000 0.000000 1.000000
0.981216 -0.190329 -0.031472 -1.865100 0.191397 0.980877 0.035320 9.103600 0.024148 -0.040680 0.998880 0.043100 0.000000 0.000000 0.000000 1.000000
0.979954 -0.195992 -0.035749 -1.865100 0.197529 0.979206 0.046245 9.103600 0.025942 -0.052379 0.998290 0.043100 0.000000 0.000000 0.000000 1.000000
0.979228 -0.199146 -0.038124 -1.865100 0.200974 0.978196 0.052363 9.103600 0.026865 -0.058938 0.997900 0.043100 0.000000 0.000000 0.000000 1.000000
0.979380 -0.198527 -0.037452 -1.865100 0.200263 0.978448 0.050339 9.103600 0.026651 -0.056802 0.998030 0.043100 0.000000 0.000000 0.000000 1.000000
0.981132 -0.190969 -0.030194 -1.865100 0.191845 0.980985 0.029392 9.103600 0.024007 -0.034630 0.999112 0.043100 0.000000 0.000000 0.000000 1.000000
0.983911 -0.177809 -0.017407 -1.865100 0.177699 0.984055 -0.007683 9.103600 0.018495 0.004466 0.999819 0.043100 0.000000 0.000000 0.000000 1.000000
0.986947 -0.161040 -0.000975 -1.865100 0.160736 0.985419 -0.055794 9.103600 0.009946 0.054909 0.998442 0.043100 0.000000 0.000000 0.000000 1.000000
0.989598 -0.142828 0.017194 -1.865100 0.143854 0.983500 -0.109698 9.103600 -0.001242 0.111030 0.993816 0.043100 0.000000 0.000000 0.000000 1.000000
0.991454 -0.125635 0.035152 -1.865100 0.129733 0.977878 -0.164087 9.103600 -0.013759 0.167245 0.985819 0.043100 0.000000 0.000000 0.000000 1.000000
0.992372 -0.112251 0.050969 -1.865100 0.120632 0.969412 -0.213747 9.103600 -0.025416 0.218265 0.975558 0.043100 0.000000 0.000000 0.000000 1.000000
0.992411 -0.105738 0.062763 -1.865100 0.118331 0.960017 -0.253701 9.103600 -0.033428 0.259203 0.965244 0.043100 0.000000 0.000000 0.000000 1.000000
0.992040 -0.103402 0.071865 -1.865100 0.119917 0.949916 -0.288582 9.103600 -0.038426 0.294903 0.954754 0.043100 0.000000 0.000000 0.000000 1.000000
0.991664 -0.100413 0.080743 -1.865100 0.121455 0.937692 -0.325549 9.103600 -0.043023 0.332642 0.942071 0.043100 0.000000 0.000000 0.000000 1.000000
0.991290 -0.096826 0.089268 -1.865100 0.122941 0.923386 -0.363653 9.103600 -0.047217 0.371460 0.927247 0.043100 0.000000 0.000000 0.000000 1.000000
0.990922 -0.092748 0.097318 -1.865100 0.124386 0.907158 -0.401985 9.103600 -0.050999 0.410441 0.910460 0.043100 0.000000 0.000000 0.000000 1.000000
0.990568 -0.088295 0.104781 -1.865100 0.125778 0.889309 -0.439670 9.103600 -0.054362 0.448702 0.892027 0.043100 0.000000 0.000000 0.000000 1.000000
0.990231 -0.083637 0.111565 -1.865100 0.127122 0.870266 -0.475897 9.103600 -0.057289 0.485430 0.872396 0.043100 0.000000 0.000000 0.000000 1.000000
0.989918 -0.078966 0.117589 -1.865100 0.128423 0.850577 -0.509927 9.103600 -0.059752 0.519887 0.852143 0.043100 0.000000 0.000000 0.000000 1.000000
0.989631 -0.074508 0.122795 -1.865100 0.129697 0.830898 -0.541097 9.103600 -0.061714 0.551413 0.831947 0.043100 0.000000 0.000000 0.000000 1.000000
0.989375 -0.070514 0.127143 -1.865100 0.130968 0.811968 -0.568820 9.103600 -0.063126 0.579428 0.812575 0.043100 0.000000 0.000000 0.000000 1.000000
0.989150 -0.067248 0.130613 -1.865100 0.132268 0.794577 -0.592581 9.103600 -0.063932 0.603428 0.794851 0.043100 0.000000 0.000000 0.000000 1.000000
0.988957 -0.064987 0.133194 -1.865100 0.133639 0.779556 -0.611910 9.103600 -0.064066 0.622952 0.779632 0.043100 0.000000 0.000000 0.000000 1.000000
0.988792 -0.064005 0.134888 -1.865100 0.135142 0.767725 -0.626366 9.103600 -0.063466 0.637574 0.767770 0.043100 0.000000 0.000000 0.000000 1.000000
0.988645 -0.064565 0.135689 -1.865100 0.136846 0.759878 -0.635499 9.103600 -0.062076 0.646852 0.760085 0.043100 0.000000 0.000000 0.000000 1.000000
0.988503 -0.066917 0.135585 -1.865100 0.138847 0.756732 -0.638810 9.103600 -0.059855 0.650291 0.757324 0.043100 0.000000 0.000000 0.000000 1.000000
0.988613 -0.079546 0.127737 -1.865100 0.141391 0.781569 -0.607584 9.103600 -0.051505 0.618726 0.783917 0.043100 0.000000 0.000000 0.000000 1.000000
0.988671 -0.104749 0.107500 -1.865100 0.145847 0.839650 -0.523179 9.103600 -0.035460 0.532930 0.845416 0.043100 0.000000 0.000000 0.000000 1.000000
0.988001 -0.133058 0.078418 -1.865100 0.153459 0.903077 -0.401126 9.103600 -0.017445 0.408347 0.912660 0.043100 0.000000 0.000000 0.000000 1.000000
0.986553 -0.156877 0.045867 -1.865100 0.163430 0.950543 -0.264117 9.103600 -0.002165 0.268062 0.963399 0.043100 0.000000 0.000000 0.000000 1.000000
0.984875 -0.172436 0.016957 -1.865100 0.173086 0.974626 -0.141936 9.103600 0.007948 0.142725 0.989731 0.043100 0.000000 0.000000 0.000000 1.000000
0.983724 -0.179682 -0.000837 -1.865100 0.179231 0.981563 -0.066404 9.103600 0.012753 0.065173 0.997792 0.043100 0.000000 0.000000 0.000000 1.000000
0.983696 -0.179822 -0.002594 -1.865100 0.179368 0.982054 -0.058290 9.103600 0.013030 0.056875 0.998296 0.043100 0.000000 0.000000 0.000000 1.000000
0.984685 -0.174318 0.003122 -1.865100 0.174027 0.981645 -0.078026 9.103600 0.010536 0.077375 0.996946 0.043100 0.000000 0.000000 0.000000 1.000000
0.986282 -0.164535 0.013232 -1.865100 0.164970 0.979797 -0.113058 9.103600 0.005638 0.113690 0.993500 0.043100 0.000000 0.000000 0.000000 1.000000
0.988073 -0.151715 0.026334 -1.865100 0.153975 0.975253 -0.158663 9.103600 -0.001611 0.160825 0.986982 0.043100 0.000000 0.000000 0.000000 1.000000
0.989693 -0.137206 0.041007 -1.865100 0.142792 0.967204 -0.210064 9.103600 -0.010840 0.213755 0.976827 0.043100 0.000000 0.000000 0.000000 1.000000
0.990886 -0.122589 0.055830 -1.865100 0.133029 0.955710 -0.262531 9.103600 -0.021174 0.267566 0.963307 0.043100 0.000000 0.000000 0.000000 1.000000
0.991536 -0.109710 0.069421 -1.865100 0.126023 0.941844 -0.311527 9.103600 -0.031206 0.317639 0.947698 0.043100 0.000000 0.000000 0.000000 1.000000
0.991661 -0.100664 0.080467 -1.865100 0.122790 0.927600 -0.352820 9.103600 -0.039125 0.359758 0.932225 0.043100 0.000000 0.000000 0.000000 1.000000
0.991344 -0.097225 0.088234 -1.865100 0.123929 0.914846 -0.384315 9.103600 -0.043355 0.391923 0.918976 0.043100 0.000000 0.000000 0.000000 1.000000
0.990698 -0.097528 0.094903 -1.865100 0.128371 0.901208 -0.413939 9.103600 -0.045156 0.422271 0.905344 0.043100 0.000000 0.000000 0.000000 1.000000
0.989854 -0.100177 0.100765 -1.865100 0.134742 0.886876 -0.441922 9.103600 -0.045096 0.451016 0.891376 0.043100 0.000000 0.000000 0.000000 1.000000
0.988929 -0.104171 0.105682 -1.865100 0.141839 0.872877 -0.466870 9.103600 -0.043613 0.476691 0.877988 0.043100 0.000000 0.000000 0.000000 1.000000
0.988038 -0.108553 0.109529 -1.865100 0.148568 0.860413 -0.487460 9.103600 -0.041325 0.497901 0.866248 0.043100 0.000000 0.000000 0.000000 1.000000
0.987309 -0.112394 0.112200 -1.865100 0.153952 0.850801 -0.502430 9.103600 -0.038990 0.513327 0.857307 0.043100 0.000000 0.000000 0.000000 1.000000
0.986877 -0.114768 0.113591 -1.865100 0.157077 0.845389 -0.510534 9.103600 -0.037435 0.521676 0.852322 0.043100 0.000000 0.000000 0.000000 1.000000
0.986898 -0.115284 0.112881 -1.865100 0.156992 0.847551 -0.506962 9.103600 -0.037227 0.518041 0.854545 0.043100 0.000000 0.000000 0.000000 1.000000
0.987493 -0.116302 0.106450 -1.865100 0.153198 0.867348 -0.473538 9.103600 -0.037256 0.483923 0.874317 0.043100 0.000000 0.000000 0.000000 1.000000
0.988529 -0.117179 0.095284 -1.865100 0.146483 0.897516 -0.415942 9.103600 -0.036779 0.425128 0.904386 0.043100 0.000000 0.000000 0.000000 1.000000
0.989819 -0.116825 0.081309 -1.865100 0.137896 0.928631 -0.344427 9.103600 -0.035268 0.352133 0.935285 0.043100 0.000000 0.000000 0.000000 1.000000
0.991127 -0.114892 0.066842 -1.865100 0.128849 0.953966 -0.270828 9.103600 -0.032649 0.277037 0.960304 0.043100 0.000000 0.000000 0.000000 1.000000
0.992205 -0.112060 0.054517 -1.865100 0.121060 0.970539 -0.208323 9.103600 -0.029566 0.213299 0.976539 0.043100 0.000000 0.000000 0.000000 1.000000
0.992835 -0.109833 0.047073 -1.865100 0.116330 0.978448 -0.170606 9.103600 -0.027321 0.174859 0.984214 0.043100 0.000000 0.000000 0.000000 1.000000
0.992922 -0.109487 0.046020 -1.865100 0.115661 0.979442 -0.165273 9.103600 -0.026979 0.169426 0.985174 0.043100 0.000000 0.000000 0.000000 1.000000
0.992922 -0.109487 0.046020 -1.865100 0.115660 0.979442 -0.165273 9.103600 -0.026979 0.169426 0.985174 0.043100 0.000000 0.000000 0.000000 1.000000
0.992922 -0.109487 0.046020 -1.865100 0.115661 0.979442 -0.165273 9.103600 -0.026979 0.169426 0.985174 0.043100 0.000000 0.000000 0.000000 1.000000
0.992922 -0.109487 0.046020 -1.865100 0.115661 0.979442 -0.165272 9.103600 -0.026979 0.169425 0.985174 0.043100 0.000000 0.000000 0.000000 1.000000
0.992922 -0.109487 0.046020 -1.865100 0.115660 0.979442 -0.165273 9.103600 -0.026979 0.169426 0.985174 0.043100 0.000000 0.000000 0.000000 1.000000</float_array>
        <technique_common>
          <accessor source="#mixamorig_RightHandRing1-Matrix-animation-output-transform-array" count="96" stride="16">
            <param type="float4x4"/>
          </accessor>
        </technique_common>
      </source>
      <source id="mixamorig_RightHandRing1-Interpolations">
        <Name_array id="mixamorig_RightHandRing1-Interpolations-array" count="96">
 LINEAR LINEAR LINEAR LINEAR LINEAR LINEAR LINEAR LINEAR LINEAR LINEAR LINEAR
LINEAR LINEAR LINEAR LINEAR LINEAR LINEAR LINEAR LINEAR LINEAR LINEAR LINEAR LINEAR
LINEAR LINEAR LINEAR LINEAR LINEAR LINEAR LINEAR LINEAR LINEAR LINEAR LINEAR LINEAR
LINEAR LINEAR LINEAR LINEAR LINEAR LINEAR LINEAR LINEAR LINEAR LINEAR LINEAR LINEAR
LINEAR LINEAR LINEAR LINEAR LINEAR LINEAR LINEAR LINEAR LINEAR LINEAR LINEAR LINEAR
LINEAR LINEAR LINEAR LINEAR LINEAR LINEAR LINEAR LINEAR LINEAR LINEAR LINEAR LINEAR
LINEAR LINEAR LINEAR LINEAR LINEAR LINEAR LINEAR LINEAR LINEAR LINEAR LINEAR LINEAR
LINEAR LINEAR LINEAR LINEAR LINEAR LINEAR LINEAR LINEAR LINEAR LINEAR LINEAR LINEAR
LINEAR</Name_array>
        <technique_common>
          <accessor source="#mixamorig_RightHandRing1-Interpolations-array" count="96">
            <param type="name"/>
          </accessor>
        </technique_common>
      </source>
      <sampler id="mixamorig_RightHandRing1-Matrix-animation-transform">
        <input semantic="INPUT" source="#mixamorig_RightHandRing1-Matrix-animation-input"/>
        <input semantic="OUTPUT" source="#mixamorig_RightHandRing1-Matrix-animation-output-transform"/>
        <input semantic="INTERPOLATION" source="#mixamorig_RightHandRing1-Interpolations"/>
      </sampler>
      <channel source="#mixamorig_RightHandRing1-Matrix-animation-transform" target="mixamorig_RightHandRing1/matrix"/>
    </animation>
    <animation id="mixamorig_RightHandRing2-anim" name="mixamorig_RightHandRing2">
      <source id="mixamorig_RightHandRing2-Matrix-animation-input">
        <float_array id="mixamorig_RightHandRing2-Matrix-animation-input-array" count="96">

0.000000 0.033333 0.066667 0.100000 0.133333 0.166667 0.200000 0.233333 0.266667 0.300000 0.333333 0.366667 0.400000 0.433333 0.466667 0.500000
0.533333 0.566667 0.600000 0.633333 0.666667 0.700000 0.733333 0.766667 0.800000 0.833333 0.866667 0.900000 0.933333 0.966667 1.000000 1.033333
1.066667 1.100000 1.133333 1.166667 1.200000 1.233333 1.266667 1.300000 1.333333 1.366667 1.400000 1.433333 1.466667 1.500000 1.533333 1.566667
1.600000 1.633333 1.666667 1.700000 1.733333 1.766667 1.800000 1.833333 1.866667 1.900000 1.933333 1.966667 2.000000 2.033333 2.066667 2.100000
2.133333 2.166667 2.200000 2.233333 2.266667 2.300000 2.333333 2.366667 2.400000 2.433333 2.466667 2.500000 2.533333 2.566667 2.600000 2.633333
2.666667 2.700000 2.733333 2.766667 2.800000 2.833333 2.866667 2.900000 2.933333 2.966667 3.000000 3.033333 3.066667 3.100000 3.133333 3.166667</float_array>
        <technique_common>
          <accessor source="#mixamorig_RightHandRing2-Matrix-animation-input-array" count="96">
            <param name="TIME" type="float"/>
          </accessor>
        </technique_common>
      </source>
      <source id="mixamorig_RightHandRing2-Matrix-animation-output-transform">
        <float_array id="mixamorig_RightHandRing2-Matrix-animation-output-transform-array" count="1536">

0.997344 -0.072812 0.001773 0.000000 0.065787 0.890138 -0.450917 3.379300 0.031254 0.449836 0.892564 0.000000 0.000000 0.000000 0.000000 1.000000
0.997088 -0.076193 0.003303 0.000000 0.068846 0.880621 -0.468793 3.379300 0.032810 0.467655 0.883302 0.000000 0.000000 0.000000 0.000000 1.000000
0.996789 -0.079906 0.005072 0.000000 0.072199 0.869645 -0.488369 3.379300 0.034613 0.487167 0.872623 -0.000000 0.000000 0.000000 0.000000 1.000000
0.996455 -0.083836 0.007049 0.000000 0.075738 0.857412 -0.509026 3.379300 0.036631 0.507756 0.860722 -0.000000 0.000000 0.000000 0.000000 1.000000
0.996089 -0.087870 0.009197 -0.000000 0.079363 0.844167 -0.530173 3.379300 0.038823 0.528830 0.847840 0.000000 0.000000 0.000000 0.000000 1.000000
0.995702 -0.091904 0.011467 0.000000 0.082977 0.830209 -0.551242 3.379300 0.041142 0.549824 0.834267 0.000000 0.000000 0.000000 0.000000 1.000000
0.995302 -0.095835 0.013801 0.000000 0.086487 0.815893 -0.571698 3.379300 0.043528 0.570205 0.820348 -0.000000 0.000000 0.000000 0.000000 1.000000
0.994900 -0.099565 0.016132 0.000000 0.089806 0.801624 -0.591045 3.379300 0.045915 0.589479 0.806478 0.000000 0.000000 0.000000 0.000000 1.000000
0.994511 -0.103006 0.018387 0.000000 0.092858 0.787856 -0.608819 3.379300 0.048226 0.607184 0.793096 0.000000 0.000000 0.000000 0.000000 1.000000
0.994148 -0.106069 0.020484 0.000000 0.095565 0.775079 -0.624595 3.379300 0.050374 0.622898 0.780680 0.000000 0.000000 0.000000 0.000000 1.000000
0.993826 -0.108676 0.022336 0.000000 0.097862 0.763813 -0.637976 3.379300 0.052272 0.636223 0.769732 -0.000000 0.000000 0.000000 0.000000 1.000000
0.993566 -0.110715 0.023855 -0.000000 0.099658 0.754590 -0.648584 3.379300 0.053808 0.646789 0.760769 0.000000 0.000000 0.000000 0.000000 1.000000
0.993382 -0.112120 0.024916 0.000000 0.100873 0.747945 -0.656051 3.379300 0.054921 0.654223 0.754305 0.000000 0.000000 0.000000 0.000000 1.000000
0.993285 -0.112854 0.025482 0.000000 0.101507 0.744392 -0.659982 3.379300 0.055513 0.658137 0.750849 -0.000000 0.000000 0.000000 0.000000 1.000000
0.993281 -0.112879 0.025508 0.000000 0.101531 0.744254 -0.660134 3.379300 0.055531 0.658289 0.750714 0.000000 0.000000 0.000000 0.000000 1.000000
0.993351 -0.112354 0.025110 0.000000 0.101081 0.746781 -0.657343 3.379300 0.055103 0.655511 0.753173 0.000000 0.000000 0.000000 0.000000 1.000000
0.993482 -0.111355 0.024351 0.000000 0.100221 0.751568 -0.651998 3.379300 0.054302 0.650189 0.757829 0.000000 0.000000 0.000000 0.000000 1.000000
0.993669 -0.109917 0.023234 0.000000 0.098949 0.758321 -0.644328 3.379300 0.053204 0.642548 0.764396 -0.000000 0.000000 0.000000 0.000000 1.000000
0.993909 -0.108012 0.021849 -0.000000 0.097273 0.766732 -0.634555 3.379300 0.051787 0.632815 0.772569 0.000000 0.000000 0.000000 0.000000 1.000000
0.994188 -0.105742 0.020246 0.000000 0.095271 0.776486 -0.622891 3.379300 0.050145 0.621199 0.782047 0.000000 0.000000 0.000000 0.000000 1.000000
0.994494 -0.103154 0.018474 0.000000 0.092984 0.787272 -0.609555 3.379300 0.048334 0.607916 0.792529 0.000000 0.000000 0.000000 0.000000 1.000000
0.994820 -0.100294 0.016586 0.000000 0.090447 0.798786 -0.594777 3.379300 0.046404 0.593196 0.803719 0.000000 0.000000 0.000000 0.000000 1.000000
0.995156 -0.097210 0.014632 -0.000000 0.087706 0.810738 -0.578802 3.379300 0.044402 0.577282 0.815337 0.000000 0.000000 0.000000 0.000000 1.000000
0.995496 -0.093955 0.012654 -0.000000 0.084803 0.822851 -0.561894 3.379300 0.042381 0.560436 0.827112 -0.000000 0.000000 0.000000 0.000000 1.000000
0.995831 -0.090583 0.010696 0.000000 0.081789 0.834876 -0.544328 3.379300 0.040378 0.542934 0.838804 0.000000 0.000000 0.000000 0.000000 1.000000
0.996156 -0.087154 0.008795 0.000000 0.078715 0.846584 -0.526403 3.379300 0.038433 0.525071 0.850190 0.000000 0.000000 0.000000 0.000000 1.000000
0.996465 -0.083723 0.006984 0.000000 0.075634 0.857774 -0.508432 3.379300 0.036577 0.507162 0.861074 0.000000 0.000000 0.000000 0.000000 1.000000
0.996752 -0.080356 0.005290 0.000000 0.072603 0.868271 -0.490749 3.379300 0.034842 0.489539 0.871285 0.000000 0.000000 0.000000 0.000000 1.000000
0.997015 -0.077115 0.003738 0.000000 0.069680 0.877928 -0.473696 3.379300 0.033248 0.472542 0.880681 0.000000 0.000000 0.000000 0.000000 1.000000
0.997250 -0.074068 0.002347 0.000000 0.066928 0.886621 -0.457628 3.379300 0.031814 0.456527 0.889141 0.000000 0.000000 0.000000 0.000000 1.000000
0.997456 -0.071282 0.001131 0.000000 0.064409 0.894249 -0.442911 3.379300 0.030560 0.441857 0.896565 0.000000 0.000000 0.000000 0.000000 1.000000
0.997634 -0.068747 0.000075 0.000000 0.062115 0.900923 -0.429511 3.379300 0.029460 0.428500 0.903061 -0.000000 0.000000 0.000000 0.000000 1.000000
0.997814 -0.066079 -0.000981 -0.000000 0.059700 0.907667 -0.415424 3.379300 0.028342 0.414457 0.909627 0.000000 0.000000 0.000000 0.000000 1.000000
0.997993 -0.063298 -0.002027 0.000000 0.057182 0.914406 -0.400738 3.379300 0.027219 0.399818 0.916190 0.000000 0.000000 0.000000 0.000000 1.000000
0.998163 -0.060503 -0.003021 0.000000 0.054651 0.920890 -0.385973 3.379300 0.026134 0.385099 0.922505 0.000000 0.000000 0.000000 0.000000 1.000000
0.998321 -0.057797 -0.003935 -0.000000 0.052197 0.926900 -0.371660 3.379300 0.025128 0.370830 0.928361 0.000000 0.000000 0.000000 0.000000 1.000000
0.998460 -0.055280 -0.004745 -0.000000 0.049911 0.932255 -0.358343 3.379300 0.024233 0.357554 0.933578 0.000000 0.000000 0.000000 0.000000 1.000000
0.998577 -0.053056 -0.005423 0.000000 0.047892 0.936799 -0.346575 3.379300 0.023469 0.345822 0.938007 0.000000 0.000000 0.000000 0.000000 1.000000
0.998669 -0.051230 -0.005946 -0.000000 0.046235 0.940399 -0.336915 3.379300 0.022852 0.336192 0.941516 0.000000 0.000000 0.000000 0.000000 1.000000
0.998733 -0.049920 -0.006321 0.000000 0.045043 0.942932 -0.329926 3.379300 0.022430 0.329223 0.943986 -0.000000 0.000000 0.000000 0.000000 1.000000
0.998767 -0.049208 -0.006513 0.000000 0.044396 0.944268 -0.326169 3.379300 0.022200 0.325477 0.945289 0.000000 0.000000 0.000000 0.000000 1.000000
0.998747 -0.049639 -0.006381 0.000000 0.044792 0.943449 -0.328478 3.379300 0.022326 0.327781 0.944490 0.000000 0.000000 0.000000 0.000000 1.000000
0.998555 -0.053488 -0.005260 -0.000000 0.048294 0.935901 -0.348936 3.379300 0.023587 0.348178 0.937132 0.000000 0.000000 0.000000 0.000000 1.000000
0.998180 -0.060223 -0.003045 0.000000 0.054420 0.921460 -0.384643 3.379300 0.025970 0.383777 0.923061 0.000000 0.000000 0.000000 0.000000 1.000000
0.997629 -0.068817 0.000187 -0.000000 0.062209 0.900670 -0.430028 3.379300 0.029425 0.429020 0.902815 0.000000 0.000000 0.000000 0.000000 1.000000
0.996924 -0.078256 0.004291 0.000000 0.070720 0.874625 -0.479615 3.379300 0.033780 0.478443 0.877469 0.000000 0.000000 0.000000 0.000000 1.000000
0.996118 -0.087569 0.008960 0.000000 0.079070 0.845377 -0.528285 3.379300 0.038687 0.526943 0.849020 0.000000 0.000000 0.000000 0.000000 1.000000
0.995299 -0.095874 0.013701 -0.000000 0.086474 0.816041 -0.571488 3.379300 0.043610 0.569987 0.820496 0.000000 0.000000 0.000000 0.000000 1.000000
0.994584 -0.102384 0.017866 0.000000 0.092262 0.790623 -0.605312 3.379300 0.047849 0.603682 0.795788 0.000000 0.000000 0.000000 0.000000 1.000000
0.993922 -0.107917 0.021766 0.000000 0.097179 0.767135 -0.634082 3.379300 0.051730 0.632343 0.772960 0.000000 0.000000 0.000000 0.000000 1.000000
0.993175 -0.113661 0.026162 0.000000 0.102270 0.740839 -0.663852 3.379300 0.056073 0.661996 0.747407 0.000000 0.000000 0.000000 0.000000 1.000000
0.992355 -0.119460 0.030985 0.000000 0.107390 0.712142 -0.693773 3.379300 0.060813 0.691797 0.719527 -0.000000 0.000000 0.000000 0.000000 1.000000
0.991476 -0.125174 0.036146 0.000000 0.112409 0.681566 -0.723071 3.379300 0.065874 0.720971 0.689827 0.000000 0.000000 0.000000 0.000000 1.000000
0.990555 -0.130670 0.041541 0.000000 0.117209 0.649743 -0.751063 3.379300 0.071150 0.748838 0.658922 -0.000000 0.000000 0.000000 0.000000 1.000000
0.989613 -0.135839 0.047042 -0.000000 0.121692 0.617405 -0.777176 3.379300 0.076527 0.774828 0.627523 -0.000000 0.000000 0.000000 0.000000 1.000000
0.988675 -0.140585 0.052507 0.000000 0.125774 0.585372 -0.800950 3.379300 0.081865 0.798484 0.596424 0.000000 0.000000 0.000000 0.000000 1.000000
0.987767 -0.144835 0.057786 0.000000 0.129401 0.554531 -0.822041 3.379300 0.087016 0.819462 0.566489 -0.000000 0.000000 0.000000 0.000000 1.000000
0.986917 -0.148531 0.062711 0.000000 0.132525 0.525823 -0.840207 3.379300 0.091822 0.837525 0.538628 0.000000 0.000000 0.000000 0.000000 1.000000
0.986156 -0.151630 0.067114 0.000000 0.135121 0.500213 -0.855295 3.379300 0.096117 0.852523 0.513777 0.000000 0.000000 0.000000 0.000000 1.000000
0.985514 -0.154099 0.070824 -0.000000 0.137170 0.478673 -0.867212 3.379300 0.099735 0.864364 0.492877 0.000000 0.000000 0.000000 0.000000 1.000000
0.985020 -0.155913 0.073672 0.000000 0.138663 0.462168 -0.875884 3.379300 0.102513 0.872979 0.476864 0.000000 0.000000 0.000000 0.000000 1.000000
0.984702 -0.157041 0.075494 0.000000 0.139586 0.451625 -0.881221 3.379300 0.104293 0.878279 0.466637 0.000000 0.000000 0.000000 0.000000 1.000000
0.984593 -0.157419 0.076133 0.000000 0.139898 0.447925 -0.883058 3.379300 0.104908 0.880104 0.463046 0.000000 0.000000 0.000000 0.000000 1.000000
0.985708 -0.153315 0.069808 0.000000 0.136606 0.484972 -0.863794 3.379300 0.098578 0.860986 0.498985 0.000000 0.000000 0.000000 0.000000 1.000000
0.988399 -0.141778 0.054470 0.000000 0.127041 0.575200 -0.808088 3.379300 0.083238 0.805633 0.586538 0.000000 0.000000 0.000000 0.000000 1.000000
0.991627 -0.124058 0.035859 0.000000 0.111775 0.685486 -0.719454 3.379300 0.064674 0.717438 0.693613 0.000000 0.000000 0.000000 0.000000 1.000000
0.994504 -0.102961 0.018988 0.000000 0.093071 0.786349 -0.610732 3.379300 0.047950 0.609143 0.791610 -0.000000 0.000000 0.000000 0.000000 1.000000
0.996508 -0.083210 0.006989 0.000000 0.075266 0.858806 -0.506742 3.379300 0.036164 0.505498 0.862069 0.000000 0.000000 0.000000 0.000000 1.000000
0.997505 -0.070588 0.000880 0.000000 0.063794 0.896020 -0.439407 3.379300 0.030229 0.438367 0.898288 0.000000 0.000000 0.000000 0.000000 1.000000
0.997601 -0.069224 0.000279 0.000000 0.062549 0.899669 -0.432069 3.379300 0.029659 0.431050 0.901841 0.000000 0.000000 0.000000 0.000000 1.000000
0.997357 -0.072637 0.001739 0.000000 0.065643 0.890538 -0.450148 3.379300 0.031149 0.449072 0.892952 0.000000 0.000000 0.000000 0.000000 1.000000
0.996893 -0.078642 0.004498 0.000000 0.071072 0.873373 -0.481838 3.379300 0.033964 0.480661 0.876249 -0.000000 0.000000 0.000000 0.000000 1.000000
0.996229 -0.086350 0.008411 -0.000000 0.078013 0.849169 -0.522328 3.379300 0.037960 0.521015 0.852703 0.000000 0.000000 0.000000 0.000000 1.000000
0.995399 -0.094890 0.013269 0.000000 0.085661 0.819319 -0.566903 3.379300 0.042922 0.565431 0.823678 0.000000 0.000000 0.000000 0.000000 1.000000
0.994459 -0.103440 0.018730 0.000000 0.093264 0.785960 -0.611203 3.379300 0.048502 0.609563 0.791252 -0.000000 0.000000 0.000000 0.000000 1.000000
0.993494 -0.111263 0.024312 0.000000 0.100167 0.752079 -0.651417 3.379300 0.054194 0.649613 0.758331 0.000000 0.000000 0.000000 0.000000 1.000000
0.992612 -0.117719 0.029394 -0.000000 0.105822 0.721410 -0.684375 3.379300 0.059359 0.682429 0.728538 0.000000 0.000000 0.000000 0.000000 1.000000
0.991899 -0.122532 0.033514 0.000000 0.110018 0.696717 -0.708859 3.379300 0.063508 0.706803 0.704554 0.000000 0.000000 0.000000 0.000000 1.000000
0.991195 -0.126960 0.037601 0.000000 0.113873 0.672420 -0.731358 3.379300 0.067570 0.729200 0.680956 0.000000 0.000000 0.000000 0.000000 1.000000
0.990499 -0.131057 0.041660 0.000000 0.117435 0.648463 -0.752134 3.379300 0.071558 0.749880 0.657693 0.000000 0.000000 0.000000 0.000000 1.000000
0.989853 -0.134638 0.045439 0.000000 0.120540 0.626255 -0.770243 3.379300 0.075247 0.767905 0.636129 -0.000000 0.000000 0.000000 0.000000 1.000000
0.989299 -0.137543 0.048678 0.000000 0.123054 0.607299 -0.784886 3.379300 0.078393 0.782476 0.617726 0.000000 0.000000 0.000000 0.000000 1.000000
0.988885 -0.139624 0.051103 0.000000 0.124851 0.593153 -0.795350 3.379300 0.080738 0.792890 0.603992 0.000000 0.000000 0.000000 0.000000 1.000000
0.988656 -0.140743 0.052442 -0.000000 0.125817 0.585368 -0.800946 3.379300 0.082030 0.798459 0.596435 0.000000 0.000000 0.000000 0.000000 1.000000
0.988759 -0.140234 0.051860 0.000000 0.125390 0.588813 -0.798484 3.379300 0.081439 0.796011 0.599778 0.000000 0.000000 0.000000 0.000000 1.000000
0.989683 -0.135498 0.046565 0.000000 0.121370 0.620137 -0.775048 3.379300 0.076140 0.772704 0.630184 -0.000000 0.000000 0.000000 0.000000 1.000000
0.991155 -0.127129 0.038084 0.000000 0.114165 0.670463 -0.733107 3.379300 0.067666 0.730970 0.679046 0.000000 0.000000 0.000000 0.000000 1.000000
0.992790 -0.116407 0.028587 0.000000 0.104788 0.727067 -0.678523 3.379300 0.058200 0.676626 0.734023 -0.000000 0.000000 0.000000 0.000000 1.000000
0.994272 -0.105015 0.019900 0.000000 0.094693 0.779113 -0.619690 3.379300 0.049572 0.618025 0.784594 0.000000 0.000000 0.000000 0.000000 1.000000
0.995381 -0.095073 0.013324 0.000000 0.085798 0.818712 -0.567758 3.379300 0.043070 0.566279 0.823088 -0.000000 0.000000 0.000000 0.000000 1.000000
0.995988 -0.088961 0.009695 0.000000 0.080300 0.840655 -0.535585 3.379300 0.039496 0.534214 0.844426 0.000000 0.000000 0.000000 0.000000 1.000000
0.996070 -0.088090 0.009202 0.000000 0.079515 0.843642 -0.530985 3.379300 0.039011 0.529630 0.847331 -0.000000 0.000000 0.000000 0.000000 1.000000
0.996070 -0.088089 0.009202 0.000000 0.079514 0.843642 -0.530986 3.379300 0.039011 0.529630 0.847331 0.000000 0.000000 0.000000 0.000000 1.000000
0.996070 -0.088089 0.009202 0.000000 0.079514 0.843642 -0.530986 3.379300 0.039011 0.529631 0.847331 -0.000000 0.000000 0.000000 0.000000 1.000000
0.996070 -0.088089 0.009201 -0.000000 0.079514 0.843642 -0.530985 3.379300 0.039011 0.529630 0.847331 0.000000 0.000000 0.000000 0.000000 1.000000
0.996070 -0.088089 0.009202 0.000000 0.079514 0.843642 -0.530985 3.379300 0.039011 0.529630 0.847331 0.000000 0.000000 0.000000 0.000000 1.000000</float_array>
        <technique_common>
          <accessor source="#mixamorig_RightHandRing2-Matrix-animation-output-transform-array" count="96" stride="16">
            <param type="float4x4"/>
          </accessor>
        </technique_common>
      </source>
      <source id="mixamorig_RightHandRing2-Interpolations">
        <Name_array id="mixamorig_RightHandRing2-Interpolations-array" count="96">
 LINEAR LINEAR LINEAR LINEAR LINEAR LINEAR LINEAR LINEAR LINEAR LINEAR LINEAR
LINEAR LINEAR LINEAR LINEAR LINEAR LINEAR LINEAR LINEAR LINEAR LINEAR LINEAR LINEAR
LINEAR LINEAR LINEAR LINEAR LINEAR LINEAR LINEAR LINEAR LINEAR LINEAR LINEAR LINEAR
LINEAR LINEAR LINEAR LINEAR LINEAR LINEAR LINEAR LINEAR LINEAR LINEAR LINEAR LINEAR
LINEAR LINEAR LINEAR LINEAR LINEAR LINEAR LINEAR LINEAR LINEAR LINEAR LINEAR LINEAR
LINEAR LINEAR LINEAR LINEAR LINEAR LINEAR LINEAR LINEAR LINEAR LINEAR LINEAR LINEAR
LINEAR LINEAR LINEAR LINEAR LINEAR LINEAR LINEAR LINEAR LINEAR LINEAR LINEAR LINEAR
LINEAR LINEAR LINEAR LINEAR LINEAR LINEAR LINEAR LINEAR LINEAR LINEAR LINEAR LINEAR
LINEAR</Name_array>
        <technique_common>
          <accessor source="#mixamorig_RightHandRing2-Interpolations-array" count="96">
            <param type="name"/>
          </accessor>
        </technique_common>
      </source>
      <sampler id="mixamorig_RightHandRing2-Matrix-animation-transform">
        <input semantic="INPUT" source="#mixamorig_RightHandRing2-Matrix-animation-input"/>
        <input semantic="OUTPUT" source="#mixamorig_RightHandRing2-Matrix-animation-output-transform"/>
        <input semantic="INTERPOLATION" source="#mixamorig_RightHandRing2-Interpolations"/>
      </sampler>
      <channel source="#mixamorig_RightHandRing2-Matrix-animation-transform" target="mixamorig_RightHandRing2/matrix"/>
    </animation>
    <animation id="mixamorig_RightHandRing3-anim" name="mixamorig_RightHandRing3">
      <source id="mixamorig_RightHandRing3-Matrix-animation-input">
        <float_array id="mixamorig_RightHandRing3-Matrix-animation-input-array" count="96">

0.000000 0.033333 0.066667 0.100000 0.133333 0.166667 0.200000 0.233333 0.266667 0.300000 0.333333 0.366667 0.400000 0.433333 0.466667 0.500000
0.533333 0.566667 0.600000 0.633333 0.666667 0.700000 0.733333 0.766667 0.800000 0.833333 0.866667 0.900000 0.933333 0.966667 1.000000 1.033333
1.066667 1.100000 1.133333 1.166667 1.200000 1.233333 1.266667 1.300000 1.333333 1.366667 1.400000 1.433333 1.466667 1.500000 1.533333 1.566667
1.600000 1.633333 1.666667 1.700000 1.733333 1.766667 1.800000 1.833333 1.866667 1.900000 1.933333 1.966667 2.000000 2.033333 2.066667 2.100000
2.133333 2.166667 2.200000 2.233333 2.266667 2.300000 2.333333 2.366667 2.400000 2.433333 2.466667 2.500000 2.533333 2.566667 2.600000 2.633333
2.666667 2.700000 2.733333 2.766667 2.800000 2.833333 2.866667 2.900000 2.933333 2.966667 3.000000 3.033333 3.066667 3.100000 3.133333 3.166667</float_array>
        <technique_common>
          <accessor source="#mixamorig_RightHandRing3-Matrix-animation-input-array" count="96">
            <param name="TIME" type="float"/>
          </accessor>
        </technique_common>
      </source>
      <source id="mixamorig_RightHandRing3-Matrix-animation-output-transform">
        <float_array id="mixamorig_RightHandRing3-Matrix-animation-output-transform-array" count="1536">

0.997304 -0.073353 0.002248 0.000000 0.069919 0.940427 -0.332729 2.889700 0.022292 0.331989 0.943020 0.000000 0.000000 0.000000 0.000000 1.000000
0.997075 -0.076346 0.003462 0.000000 0.072746 0.934222 -0.349194 2.889700 0.023425 0.348425 0.937044 0.000000 0.000000 0.000000 0.000000 1.000000
0.996812 -0.079636 0.004863 0.000000 0.075851 0.927002 -0.367306 2.889700 0.024742 0.366504 0.930088 0.000000 0.000000 0.000000 0.000000 1.000000
0.996519 -0.083123 0.006428 -0.000000 0.079140 0.918881 -0.386517 2.889700 0.026222 0.385680 0.922260 0.000000 0.000000 0.000000 0.000000 1.000000
0.996200 -0.086710 0.008124 0.000000 0.082521 0.910009 -0.406293 2.889700 0.027836 0.405420 0.913707 -0.000000 0.000000 0.000000 0.000000 1.000000
0.995865 -0.090302 0.009916 0.000000 0.085904 0.900580 -0.426118 2.889700 0.029549 0.425208 0.904613 0.000000 0.000000 0.000000 0.000000 1.000000
0.995521 -0.093810 0.011755 -0.000000 0.089205 0.890830 -0.445493 2.889700 0.031319 0.444546 0.895208 -0.000000 0.000000 0.000000 0.000000 1.000000
0.995177 -0.097146 0.013594 0.000000 0.092342 0.881042 -0.463938 2.889700 0.033093 0.462956 0.885763 0.000000 0.000000 0.000000 0.000000 1.000000
0.994846 -0.100228 0.015370 -0.000000 0.095236 0.871535 -0.480996 2.889700 0.034814 0.479981 0.876588 0.000000 0.000000 0.000000 0.000000 1.000000
0.994538 -0.102979 0.017021 0.000000 0.097817 0.862661 -0.496234 2.889700 0.036419 0.495189 0.868022 -0.000000 0.000000 0.000000 0.000000 1.000000
0.994266 -0.105326 0.018478 0.000000 0.100016 0.854798 -0.509232 2.889700 0.037840 0.508160 0.860431 -0.000000 0.000000 0.000000 0.000000 1.000000
0.994050 -0.107129 0.019675 -0.000000 0.101710 0.848336 -0.519597 2.889700 0.038973 0.518506 0.854185 0.000000 0.000000 0.000000 0.000000 1.000000
0.993895 -0.108398 0.020538 0.000000 0.102901 0.843667 -0.526913 2.889700 0.039789 0.525810 0.849671 -0.000000 0.000000 0.000000 0.000000 1.000000
0.993813 -0.109066 0.020999 0.000000 0.103529 0.841166 -0.530775 2.889700 0.040226 0.529665 0.847253 0.000000 0.000000 0.000000 0.000000 1.000000
0.993812 -0.109071 0.021001 0.000000 0.103533 0.841153 -0.530795 2.889700 0.040229 0.529685 0.847240 0.000000 0.000000 0.000000 0.000000 1.000000
0.993892 -0.108424 0.020556 -0.000000 0.102926 0.843570 -0.527064 2.889700 0.039806 0.525960 0.849577 0.000000 0.000000 0.000000 0.000000 1.000000
0.994044 -0.107185 0.019713 -0.000000 0.101762 0.848129 -0.519925 2.889700 0.039009 0.518834 0.853984 0.000000 0.000000 0.000000 0.000000 1.000000
0.994257 -0.105405 0.018532 0.000000 0.100091 0.854511 -0.509698 2.889700 0.037889 0.508626 0.860154 0.000000 0.000000 0.000000 0.000000 1.000000
0.994529 -0.103058 0.017074 0.000000 0.097891 0.862380 -0.496707 2.889700 0.036465 0.495660 0.867751 0.000000 0.000000 0.000000 0.000000 1.000000
0.994842 -0.100264 0.015397 0.000000 0.095270 0.871390 -0.481251 2.889700 0.034835 0.480236 0.876448 0.000000 0.000000 0.000000 0.000000 1.000000
0.995184 -0.097077 0.013564 0.000000 0.092278 0.881201 -0.463648 2.889700 0.033057 0.462667 0.885916 0.000000 0.000000 0.000000 0.000000 1.000000
0.995546 -0.093560 0.011633 0.000000 0.088971 0.891485 -0.444228 2.889700 0.031191 0.443284 0.895838 -0.000000 0.000000 0.000000 0.000000 1.000000
0.995915 -0.089773 0.009659 -0.000000 0.085407 0.901937 -0.423339 2.889700 0.029293 0.422435 0.905920 0.000000 0.000000 0.000000 0.000000 1.000000
0.996285 -0.085782 0.007534 -0.000000 0.081584 0.912279 -0.401361 2.889700 0.027556 0.400484 0.915889 0.000000 0.000000 0.000000 0.000000 1.000000
0.996646 -0.081657 0.005461 0.000000 0.077638 0.922271 -0.378667 2.889700 0.025884 0.377821 0.925517 0.000000 0.000000 0.000000 0.000000 1.000000
0.996989 -0.077468 0.003476 -0.000000 0.073636 0.931709 -0.355662 2.889700 0.024314 0.354847 0.934608 0.000000 0.000000 0.000000 0.000000 1.000000
0.997309 -0.073298 0.001618 0.000000 0.069658 0.940433 -0.332767 2.889700 0.022870 0.331984 0.943008 -0.000000 0.000000 0.000000 0.000000 1.000000
0.997601 -0.069221 -0.000087 0.000000 0.065774 0.948321 -0.310421 2.889700 0.021570 0.309671 0.950599 0.000000 0.000000 0.000000 0.000000 1.000000
0.997863 -0.065322 -0.001619 0.000000 0.062066 0.955293 -0.289073 2.889700 0.020429 0.288355 0.957306 0.000000 0.000000 0.000000 0.000000 1.000000
0.998091 -0.061684 -0.002960 0.000000 0.058612 0.961305 -0.269179 2.889700 0.019450 0.268492 0.963086 0.000000 0.000000 0.000000 0.000000 1.000000
0.998285 -0.058393 -0.004103 0.000000 0.055492 0.966343 -0.251199 2.889700 0.018633 0.250541 0.967927 0.000000 0.000000 0.000000 0.000000 1.000000
0.998448 -0.055453 -0.005062 0.000000 0.052710 0.970523 -0.235172 2.889700 0.017954 0.234540 0.971941 0.000000 0.000000 0.000000 0.000000 1.000000
0.998604 -0.052485 -0.005970 0.000000 0.049906 0.974444 -0.219017 2.889700 0.017312 0.218414 0.975703 0.000000 0.000000 0.000000 0.000000 1.000000
0.998751 -0.049492 -0.006829 0.000000 0.047082 0.978094 -0.202771 2.889700 0.016715 0.202196 0.979202 0.000000 0.000000 0.000000 0.000000 1.000000
0.998886 -0.046562 -0.007605 -0.000000 0.044323 0.981379 -0.186898 2.889700 0.016166 0.186353 0.982350 0.000000 0.000000 0.000000 0.000000 1.000000
0.999007 -0.043785 -0.008281 0.000000 0.041713 0.984237 -0.171867 2.889700 0.015676 0.171351 0.985085 0.000000 0.000000 0.000000 0.000000 1.000000
0.999110 -0.041246 -0.008867 0.000000 0.039327 0.986631 -0.158154 2.889700 0.015272 0.157664 0.987375 0.000000 0.000000 0.000000 0.000000 1.000000
0.999194 -0.039039 -0.009349 0.000000 0.037255 0.988548 -0.146237 2.889700 0.014951 0.145771 0.989205 0.000000 0.000000 0.000000 0.000000 1.000000
0.999259 -0.037245 -0.009717 0.000000 0.035572 0.989988 -0.136593 2.889700 0.014708 0.136146 0.990580 0.000000 0.000000 0.000000 0.000000 1.000000
0.999303 -0.035974 -0.009967 0.000000 0.034380 0.990958 -0.129695 2.889700 0.014543 0.129262 0.991504 -0.000000 0.000000 0.000000 0.000000 1.000000
0.999326 -0.035287 -0.010087 0.000000 0.033737 0.991454 -0.126021 2.889700 0.014448 0.125596 0.991976 0.000000 0.000000 0.000000 0.000000 1.000000
0.999311 -0.035742 -0.009977 -0.000000 0.034167 0.991123 -0.128484 2.889700 0.014481 0.128054 0.991661 0.000000 0.000000 0.000000 0.000000 1.000000
0.999168 -0.039728 -0.009169 0.000000 0.037906 0.987956 -0.150018 2.889700 0.015018 0.149545 0.988641 0.000000 0.000000 0.000000 0.000000 1.000000
0.998880 -0.046722 -0.007479 0.000000 0.044488 0.981188 -0.187858 2.889700 0.016115 0.187315 0.982168 0.000000 0.000000 0.000000 0.000000 1.000000
0.998437 -0.055678 -0.004913 0.000000 0.052940 0.970202 -0.236444 2.889700 0.017931 0.235814 0.971633 0.000000 0.000000 0.000000 0.000000 1.000000
0.997848 -0.065555 -0.001532 0.000000 0.062291 0.954938 -0.290196 2.889700 0.020487 0.289476 0.956966 -0.000000 0.000000 0.000000 0.000000 1.000000
0.997154 -0.075351 0.002427 0.000000 0.071593 0.936349 -0.343694 2.889700 0.023625 0.342890 0.939078 0.000000 0.000000 0.000000 0.000000 1.000000
0.996433 -0.084132 0.006541 -0.000000 0.079959 0.916545 -0.391856 2.889700 0.026973 0.390981 0.920003 -0.000000 0.000000 0.000000 0.000000 1.000000
0.995793 -0.091057 0.010221 0.000000 0.086588 0.898641 -0.430055 2.889700 0.029975 0.429131 0.902745 -0.000000 0.000000 0.000000 0.000000 1.000000
0.995192 -0.096976 0.013715 0.000000 0.092285 0.881584 -0.462918 2.889700 0.032801 0.461958 0.886295 0.000000 0.000000 0.000000 0.000000 1.000000
0.994508 -0.103151 0.017693 0.000000 0.098253 0.861982 -0.497326 2.889700 0.036048 0.496333 0.867383 0.000000 0.000000 0.000000 0.000000 1.000000
0.993750 -0.109417 0.022096 0.000000 0.104333 0.840062 -0.532362 2.889700 0.039687 0.531341 0.846228 0.000000 0.000000 0.000000 0.000000 1.000000
0.992930 -0.115624 0.026850 -0.000000 0.110378 0.816175 -0.567164 2.889700 0.043664 0.566117 0.823167 -0.000000 0.000000 0.000000 0.000000 1.000000
0.992064 -0.121629 0.031853 0.000000 0.116248 0.790797 -0.600938 2.889700 0.047902 0.599872 0.798661 -0.000000 0.000000 0.000000 0.000000 1.000000
0.991173 -0.127310 0.036989 -0.000000 0.121821 0.764526 -0.632977 2.889700 0.052305 0.631896 0.773286 -0.000000 0.000000 0.000000 0.000000 1.000000
0.990279 -0.132561 0.042124 -0.000000 0.126988 0.738071 -0.662666 2.889700 0.056753 0.661573 0.747730 0.000000 0.000000 0.000000 0.000000 1.000000
0.989409 -0.137294 0.047108 0.000000 0.131660 0.712229 -0.689489 2.889700 0.061111 0.688390 0.722762 0.000000 0.000000 0.000000 0.000000 1.000000
0.988592 -0.141437 0.051778 -0.000000 0.135758 0.687871 -0.713024 2.889700 0.065231 0.711919 0.699225 -0.000000 0.000000 0.000000 0.000000 1.000000
0.987857 -0.144932 0.055971 0.000000 0.139225 0.665911 -0.732925 2.889700 0.068952 0.731818 0.678003 0.000000 0.000000 0.000000 0.000000 1.000000
0.987235 -0.147734 0.059515 -0.000000 0.142009 0.647282 -0.748906 2.889700 0.072115 0.747798 0.659999 0.000000 0.000000 0.000000 0.000000 1.000000
0.986755 -0.149799 0.062241 0.000000 0.144064 0.632911 -0.760703 2.889700 0.074559 0.759594 0.646109 0.000000 0.000000 0.000000 0.000000 1.000000
0.986447 -0.151087 0.063990 0.000000 0.145348 0.623690 -0.768040 2.889700 0.076131 0.766932 0.637197 0.000000 0.000000 0.000000 0.000000 1.000000
0.986340 -0.151525 0.064600 0.000000 0.145784 0.620447 -0.770579 2.889700 0.076680 0.769471 0.634062 0.000000 0.000000 0.000000 0.000000 1.000000
0.987421 -0.146870 0.058560 0.000000 0.141231 0.652746 -0.744296 2.889700 0.071090 0.743203 0.665278 0.000000 0.000000 0.000000 0.000000 1.000000
0.990007 -0.133970 0.044030 -0.000000 0.128603 0.729591 -0.671683 2.889700 0.057862 0.670633 0.739529 0.000000 0.000000 0.000000 0.000000 1.000000
0.993060 -0.114540 0.026681 -0.000000 0.109617 0.819274 -0.562827 2.889700 0.042607 0.561845 0.826144 0.000000 0.000000 0.000000 0.000000 1.000000
0.995712 -0.091811 0.011347 0.000000 0.087549 0.895579 -0.436203 2.889700 0.029886 0.435326 0.899777 -0.000000 0.000000 0.000000 0.000000 1.000000
0.997489 -0.070819 0.000809 -0.000000 0.067356 0.945051 -0.319910 2.889700 0.021891 0.319161 0.947448 0.000000 0.000000 0.000000 0.000000 1.000000
0.998335 -0.057521 -0.004352 0.000000 0.054674 0.967585 -0.246557 2.889700 0.018393 0.245908 0.969119 -0.000000 0.000000 0.000000 0.000000 1.000000
0.998414 -0.056087 -0.004856 -0.000000 0.053310 0.969643 -0.238643 2.889700 0.018093 0.238006 0.971095 0.000000 0.000000 0.000000 0.000000 1.000000
0.998212 -0.059663 -0.003651 0.000000 0.056700 0.964435 -0.258166 2.889700 0.018924 0.257497 0.966094 -0.000000 0.000000 0.000000 0.000000 1.000000
0.997821 -0.065966 -0.001350 0.000000 0.062684 0.954172 -0.292622 2.889700 0.020591 0.291899 0.956227 0.000000 0.000000 0.000000 0.000000 1.000000
0.997250 -0.074085 0.001979 0.000000 0.070414 0.938832 -0.337100 2.889700 0.023116 0.336312 0.941467 0.000000 0.000000 0.000000 0.000000 1.000000
0.996520 -0.083121 0.006192 -0.000000 0.079041 0.918809 -0.386708 2.889700 0.026454 0.385852 0.922182 0.000000 0.000000 0.000000 0.000000 1.000000
0.995678 -0.092213 0.011014 0.000000 0.087747 0.895293 -0.436750 2.889700 0.030413 0.435829 0.899515 -0.000000 0.000000 0.000000 0.000000 1.000000
0.994801 -0.100576 0.016015 0.000000 0.095775 0.870422 -0.482901 2.889700 0.034628 0.481924 0.875529 0.000000 0.000000 0.000000 0.000000 1.000000
0.993990 -0.107514 0.020620 0.000000 0.102451 0.847198 -0.521305 2.889700 0.038579 0.520284 0.853121 0.000000 0.000000 0.000000 0.000000 1.000000
0.993328 -0.112718 0.024389 0.000000 0.107476 0.828076 -0.550218 2.889700 0.041824 0.549168 0.834665 -0.000000 0.000000 0.000000 0.000000 1.000000
0.992670 -0.117531 0.028158 0.000000 0.112146 0.808929 -0.577111 2.889700 0.045051 0.576039 0.816180 0.000000 0.000000 0.000000 0.000000 1.000000
0.992016 -0.122009 0.031923 0.000000 0.116513 0.789763 -0.602245 2.889700 0.048268 0.601156 0.797673 0.000000 0.000000 0.000000 0.000000 1.000000
0.991404 -0.125943 0.035450 0.000000 0.120368 0.771758 -0.624421 2.889700 0.051282 0.623320 0.780283 -0.000000 0.000000 0.000000 0.000000 1.000000
0.990878 -0.129149 0.038486 0.000000 0.123522 0.756222 -0.642551 2.889700 0.053881 0.641443 0.765276 0.000000 0.000000 0.000000 0.000000 1.000000
0.990483 -0.131456 0.040767 0.000000 0.125798 0.744532 -0.655627 2.889700 0.055834 0.654516 0.753983 0.000000 0.000000 0.000000 0.000000 1.000000
0.990265 -0.132698 0.042028 0.000000 0.127026 0.738064 -0.662666 2.889700 0.056915 0.661553 0.747735 -0.000000 0.000000 0.000000 0.000000 1.000000
0.990363 -0.132139 0.041483 0.000000 0.126485 0.740930 -0.659564 2.889700 0.056418 0.658455 0.750503 -0.000000 0.000000 0.000000 0.000000 1.000000
0.991240 -0.126920 0.036526 0.000000 0.121405 0.766761 -0.630348 2.889700 0.051997 0.629260 0.775453 0.000000 0.000000 0.000000 0.000000 1.000000
0.992628 -0.117770 0.028646 0.000000 0.112506 0.807378 -0.579209 2.889700 0.045086 0.578162 0.814675 0.000000 0.000000 0.000000 0.000000 1.000000
0.994150 -0.106150 0.019927 0.000000 0.101233 0.851531 -0.514439 2.889700 0.037639 0.513447 0.857295 0.000000 0.000000 0.000000 0.000000 1.000000
0.995508 -0.093909 0.012075 0.000000 0.089404 0.890341 -0.446429 2.889700 0.031173 0.445503 0.894737 0.000000 0.000000 0.000000 0.000000 1.000000
0.996505 -0.083305 0.006233 0.000000 0.079200 0.918390 -0.387668 2.889700 0.026570 0.386807 0.921778 0.000000 0.000000 0.000000 0.000000 1.000000
0.997041 -0.076814 0.003058 0.000000 0.072977 0.933232 -0.351784 2.889700 0.024168 0.350966 0.936076 0.000000 0.000000 0.000000 0.000000 1.000000
0.997113 -0.075891 0.002630 0.000000 0.072094 0.935207 -0.346685 2.889700 0.023851 0.345874 0.937978 -0.000000 0.000000 0.000000 0.000000 1.000000
0.997113 -0.075890 0.002630 0.000000 0.072093 0.935207 -0.346685 2.889700 0.023850 0.345873 0.937978 0.000000 0.000000 0.000000 0.000000 1.000000
0.997113 -0.075891 0.002630 0.000000 0.072094 0.935207 -0.346685 2.889700 0.023851 0.345874 0.937978 0.000000 0.000000 0.000000 0.000000 1.000000
0.997113 -0.075890 0.002631 0.000000 0.072093 0.935207 -0.346685 2.889700 0.023850 0.345874 0.937978 0.000000 0.000000 0.000000 0.000000 1.000000
0.997113 -0.075891 0.002630 0.000000 0.072094 0.935207 -0.346685 2.889700 0.023850 0.345874 0.937978 -0.000000 0.000000 0.000000 0.000000 1.000000</float_array>
        <technique_common>
          <accessor source="#mixamorig_RightHandRing3-Matrix-animation-output-transform-array" count="96" stride="16">
            <param type="float4x4"/>
          </accessor>
        </technique_common>
      </source>
      <source id="mixamorig_RightHandRing3-Interpolations">
        <Name_array id="mixamorig_RightHandRing3-Interpolations-array" count="96">
 LINEAR LINEAR LINEAR LINEAR LINEAR LINEAR LINEAR LINEAR LINEAR LINEAR LINEAR
LINEAR LINEAR LINEAR LINEAR LINEAR LINEAR LINEAR LINEAR LINEAR LINEAR LINEAR LINEAR
LINEAR LINEAR LINEAR LINEAR LINEAR LINEAR LINEAR LINEAR LINEAR LINEAR LINEAR LINEAR
LINEAR LINEAR LINEAR LINEAR LINEAR LINEAR LINEAR LINEAR LINEAR LINEAR LINEAR LINEAR
LINEAR LINEAR LINEAR LINEAR LINEAR LINEAR LINEAR LINEAR LINEAR LINEAR LINEAR LINEAR
LINEAR LINEAR LINEAR LINEAR LINEAR LINEAR LINEAR LINEAR LINEAR LINEAR LINEAR LINEAR
LINEAR LINEAR LINEAR LINEAR LINEAR LINEAR LINEAR LINEAR LINEAR LINEAR LINEAR LINEAR
LINEAR LINEAR LINEAR LINEAR LINEAR LINEAR LINEAR LINEAR LINEAR LINEAR LINEAR LINEAR
LINEAR</Name_array>
        <technique_common>
          <accessor source="#mixamorig_RightHandRing3-Interpolations-array" count="96">
            <param type="name"/>
          </accessor>
        </technique_common>
      </source>
      <sampler id="mixamorig_RightHandRing3-Matrix-animation-transform">
        <input semantic="INPUT" source="#mixamorig_RightHandRing3-Matrix-animation-input"/>
        <input semantic="OUTPUT" source="#mixamorig_RightHandRing3-Matrix-animation-output-transform"/>
        <input semantic="INTERPOLATION" source="#mixamorig_RightHandRing3-Interpolations"/>
      </sampler>
      <channel source="#mixamorig_RightHandRing3-Matrix-animation-transform" target="mixamorig_RightHandRing3/matrix"/>
    </animation>
    <animation id="mixamorig_RightHandPinky1-anim" name="mixamorig_RightHandPinky1">
      <source id="mixamorig_RightHandPinky1-Matrix-animation-input">
        <float_array id="mixamorig_RightHandPinky1-Matrix-animation-input-array" count="96">

0.000000 0.033333 0.066667 0.100000 0.133333 0.166667 0.200000 0.233333 0.266667 0.300000 0.333333 0.366667 0.400000 0.433333 0.466667 0.500000
0.533333 0.566667 0.600000 0.633333 0.666667 0.700000 0.733333 0.766667 0.800000 0.833333 0.866667 0.900000 0.933333 0.966667 1.000000 1.033333
1.066667 1.100000 1.133333 1.166667 1.200000 1.233333 1.266667 1.300000 1.333333 1.366667 1.400000 1.433333 1.466667 1.500000 1.533333 1.566667
1.600000 1.633333 1.666667 1.700000 1.733333 1.766667 1.800000 1.833333 1.866667 1.900000 1.933333 1.966667 2.000000 2.033333 2.066667 2.100000
2.133333 2.166667 2.200000 2.233333 2.266667 2.300000 2.333333 2.366667 2.400000 2.433333 2.466667 2.500000 2.533333 2.566667 2.600000 2.633333
2.666667 2.700000 2.733333 2.766667 2.800000 2.833333 2.866667 2.900000 2.933333 2.966667 3.000000 3.033333 3.066667 3.100000 3.133333 3.166667</float_array>
        <technique_common>
          <accessor source="#mixamorig_RightHandPinky1-Matrix-animation-input-array" count="96">
            <param name="TIME" type="float"/>
          </accessor>
        </technique_common>
      </source>
      <source id="mixamorig_RightHandPinky1-Matrix-animation-output-transform">
        <float_array id="mixamorig_RightHandPinky1-Matrix-animation-output-transform-array" count="1536">

0.943629 -0.329824 0.027917 -3.806300 0.329119 0.925924 -0.185326 8.076700 0.035275 0.184067 0.982281 0.486700 0.000000 0.000000 0.000000 1.000000
0.943587 -0.329901 0.028434 -3.806300 0.329238 0.925594 -0.186756 8.076700 0.035292 0.185582 0.981995 0.486700 0.000000 0.000000 0.000000 1.000000
0.943513 -0.330064 0.029007 -3.806300 0.329448 0.925199 -0.188337 8.076700 0.035326 0.187255 0.981676 0.486700 0.000000 0.000000 0.000000 1.000000
0.943433 -0.330237 0.029624 -3.806300 0.329672 0.924774 -0.190025 8.076700 0.035358 0.189042 0.981332 0.486700 0.000000 0.000000 0.000000 1.000000
0.943350 -0.330416 0.030264 -3.806300 0.329906 0.924328 -0.191780 8.076700 0.035393 0.190900 0.980971 0.486700 0.000000 0.000000 0.000000 1.000000
0.943266 -0.330597 0.030905 -3.806300 0.330142 0.923873 -0.193558 8.076700 0.035438 0.192779 0.980602 0.486700 0.000000 0.000000 0.000000 1.000000
0.943182 -0.330776 0.031535 -3.806300 0.330376 0.923420 -0.195314 8.076700 0.035485 0.194635 0.980234 0.486700 0.000000 0.000000 0.000000 1.000000
0.943102 -0.330947 0.032140 -3.806300 0.330600 0.922981 -0.197004 8.076700 0.035533 0.196421 0.979876 0.486700 0.000000 0.000000 0.000000 1.000000
0.943027 -0.331106 0.032710 -3.806300 0.330810 0.922567 -0.198582 8.076700 0.035574 0.198089 0.979538 0.486700 0.000000 0.000000 0.000000 1.000000
0.942959 -0.331246 0.033229 -3.806300 0.330999 0.922192 -0.200003 8.076700 0.035607 0.199594 0.979232 0.486700 0.000000 0.000000 0.000000 1.000000
0.942901 -0.331365 0.033687 -3.806300 0.331162 0.921868 -0.201224 8.076700 0.035624 0.200890 0.978966 0.486700 0.000000 0.000000 0.000000 1.000000
0.942856 -0.331455 0.034069 -3.806300 0.331292 0.921608 -0.202200 8.076700 0.035622 0.201932 0.978751 0.486700 0.000000 0.000000 0.000000 1.000000
0.942824 -0.331515 0.034363 -3.806300 0.331384 0.921424 -0.202884 8.076700 0.035597 0.202671 0.978600 0.486700 0.000000 0.000000 0.000000 1.000000
0.942809 -0.331537 0.034555 -3.806300 0.331432 0.921329 -0.203235 8.076700 0.035543 0.203065 0.978520 0.486700 0.000000 0.000000 0.000000 1.000000
0.942924 -0.331201 0.034644 -3.806300 0.331119 0.921422 -0.203325 8.076700 0.035420 0.203191 0.978498 0.486700 0.000000 0.000000 0.000000 1.000000
0.943749 -0.328834 0.034729 -3.806300 0.328814 0.922189 -0.203590 8.076700 0.034920 0.203557 0.978440 0.486700 0.000000 0.000000 0.000000 1.000000
0.945283 -0.324380 0.034889 -3.806300 0.324477 0.923616 -0.204080 8.076700 0.033975 0.204234 0.978332 0.486700 0.000000 0.000000 0.000000 1.000000
0.947399 -0.318123 0.035103 -3.806300 0.318386 0.925594 -0.204710 8.076700 0.032631 0.205118 0.978193 0.486700 0.000000 0.000000 0.000000 1.000000
0.949967 -0.310344 0.035332 -3.806300 0.310811 0.928012 -0.205404 8.076700 0.030957 0.206108 0.978039 0.486700 0.000000 0.000000 0.000000 1.000000
0.952858 -0.301329 0.035517 -3.806300 0.302021 0.930755 -0.206104 8.076700 0.029048 0.207114 0.977885 0.486700 0.000000 0.000000 0.000000 1.000000
0.955947 -0.291367 0.035659 -3.806300 0.292302 0.933715 -0.206728 8.076700 0.026939 0.208044 0.977748 0.486700 0.000000 0.000000 0.000000 1.000000
0.959115 -0.280749 0.035756 -3.806300 0.281939 0.936792 -0.207196 8.076700 0.024674 0.208806 0.977646 0.486700 0.000000 0.000000 0.000000 1.000000
0.962261 -0.269768 0.035758 -3.806300 0.271208 0.939900 -0.207445 8.076700 0.022353 0.209314 0.977593 0.486700 0.000000 0.000000 0.000000 1.000000
0.965295 -0.258722 0.035613 -3.806300 0.260389 0.942962 -0.207412 8.076700 0.020081 0.209487 0.977605 0.486700 0.000000 0.000000 0.000000 1.000000
0.968137 -0.247917 0.035315 -3.806300 0.249778 0.945916 -0.207014 8.076700 0.017917 0.209239 0.977700 0.486700 0.000000 0.000000 0.000000 1.000000
0.970725 -0.237655 0.034846 -3.806300 0.239666 0.948710 -0.206178 8.076700 0.015941 0.208493 0.977894 0.486700 0.000000 0.000000 0.000000 1.000000
0.973004 -0.228244 0.034185 -3.806300 0.230350 0.951306 -0.204831 8.076700 0.014231 0.207176 0.978200 0.486700 0.000000 0.000000 0.000000 1.000000
0.974932 -0.219994 0.033314 -3.806300 0.222130 0.953673 -0.202896 8.076700 0.012866 0.205210 0.978633 0.486700 0.000000 0.000000 0.000000 1.000000
0.976474 -0.213216 0.032214 -3.806300 0.215307 0.955784 -0.200300 8.076700 0.011917 0.202523 0.979205 0.486700 0.000000 0.000000 0.000000 1.000000
0.977595 -0.208218 0.030870 -3.806300 0.210182 0.957616 -0.196964 8.076700 0.011450 0.199039 0.979925 0.486700 0.000000 0.000000 0.000000 1.000000
0.978260 -0.205307 0.029265 -3.806300 0.207062 0.959139 -0.192815 8.076700 0.011517 0.194683 0.980799 0.486700 0.000000 0.000000 0.000000 1.000000
0.978329 -0.205268 0.027170 -3.806300 0.206690 0.960333 -0.187188 8.076700 0.012331 0.188747 0.981948 0.486700 0.000000 0.000000 0.000000 1.000000
0.977273 -0.210661 0.023655 -3.806300 0.211486 0.961229 -0.176955 8.076700 0.014540 0.177936 0.983935 0.486700 0.000000 0.000000 0.000000 1.000000
0.975171 -0.220648 0.018879 -3.806300 0.220741 0.961663 -0.162719 8.076700 0.017749 0.162846 0.986492 0.486700 0.000000 0.000000 0.000000 1.000000
0.972186 -0.233836 0.013256 -3.806300 0.233238 0.961438 -0.145731 8.076700 0.021333 0.144769 0.989235 0.486700 0.000000 0.000000 0.000000 1.000000
0.968513 -0.248860 0.007194 -3.806300 0.247729 0.960435 -0.127256 8.076700 0.024759 0.125031 0.991844 0.486700 0.000000 0.000000 0.000000 1.000000
0.964412 -0.264400 0.001108 -3.806300 0.262953 0.958679 -0.108581 8.076700 0.027647 0.105008 0.994087 0.486700 0.000000 0.000000 0.000000 1.000000
0.960226 -0.279188 -0.004588 -3.806300 0.277631 0.956367 -0.091011 8.076700 0.029797 0.086118 0.995839 0.486700 0.000000 0.000000 0.000000 1.000000
0.956369 -0.292007 -0.009481 -3.806300 0.290491 0.953866 -0.075867 8.076700 0.031197 0.069802 0.997073 0.486700 0.000000 0.000000 0.000000 1.000000
0.953314 -0.301694 -0.013152 -3.806300 0.300284 0.951669 -0.064468 8.076700 0.031966 0.057509 0.997833 0.486700 0.000000 0.000000 0.000000 1.000000
0.951558 -0.307094 -0.015186 -3.806300 0.305770 0.950329 -0.058138 8.076700 0.032285 0.050678 0.998193 0.486700 0.000000 0.000000 0.000000 1.000000
0.951918 -0.306014 -0.014413 -3.806300 0.304654 0.950539 -0.060509 8.076700 0.032217 0.053209 0.998064 0.486700 0.000000 0.000000 0.000000 1.000000
0.956101 -0.292957 -0.006788 -3.806300 0.291382 0.952907 -0.084057 8.076700 0.031093 0.078389 0.996438 0.486700 0.000000 0.000000 0.000000 1.000000
0.962749 -0.270318 0.006579 -3.806300 0.268986 0.954955 -0.125331 8.076700 0.027596 0.122432 0.992093 0.486700 0.000000 0.000000 0.000000 1.000000
0.970066 -0.241681 0.023713 -3.806300 0.241981 0.953796 -0.178097 8.076700 0.020425 0.178504 0.983727 0.486700 0.000000 0.000000 0.000000 1.000000
0.976562 -0.210983 0.042568 -3.806300 0.215027 0.947645 -0.236076 8.076700 0.009468 0.239696 0.970802 0.486700 0.000000 0.000000 0.000000 1.000000
0.981265 -0.182741 0.061032 -3.806300 0.192630 0.936450 -0.293180 8.076700 -0.003577 0.299443 0.954107 0.486700 0.000000 0.000000 0.000000 1.000000
0.983775 -0.162058 0.076974 -3.806300 0.178760 0.921877 -0.343785 8.076700 -0.015247 0.351967 0.935888 0.486700 0.000000 0.000000 0.000000 1.000000
0.984043 -0.154485 0.088280 -3.806300 0.176698 0.906739 -0.382886 8.076700 -0.020896 0.392376 0.919568 0.486700 0.000000 0.000000 0.000000 1.000000
0.983112 -0.155465 0.096551 -3.806300 0.181753 0.891090 -0.415843 8.076700 -0.021387 0.426368 0.904297 0.486700 0.000000 0.000000 0.000000 1.000000
0.982109 -0.156504 0.104731 -3.806300 0.187147 0.872969 -0.450445 8.076700 -0.020930 0.461986 0.886640 0.486700 0.000000 0.000000 0.000000 1.000000
0.981070 -0.157471 0.112716 -3.806300 0.192661 0.852572 -0.485801 8.076700 -0.019599 0.498321 0.866771 0.486700 0.000000 0.000000 0.000000 1.000000
0.980025 -0.158284 0.120406 -3.806300 0.198105 0.830210 -0.521061 8.076700 -0.017487 0.534506 0.844984 0.486700 0.000000 0.000000 0.000000 1.000000
0.979001 -0.158909 0.127690 -3.806300 0.203324 0.806321 -0.555434 8.076700 -0.014696 0.569733 0.821699 0.486700 0.000000 0.000000 0.000000 1.000000
0.978019 -0.159368 0.134467 -3.806300 0.208210 0.781452 -0.588201 8.076700 -0.011339 0.603269 0.797457 0.486700 0.000000 0.000000 0.000000 1.000000
0.977090 -0.159735 0.140642 -3.806300 0.212694 0.756267 -0.618725 8.076700 -0.007531 0.634464 0.772916 0.486700 0.000000 0.000000 0.000000 1.000000
0.976219 -0.160125 0.146137 -3.806300 0.216759 0.731516 -0.646452 8.076700 -0.003389 0.662756 0.748828 0.486700 0.000000 0.000000 0.000000 1.000000
0.975403 -0.160696 0.150885 -3.806300 0.220428 0.708018 -0.670911 8.076700 0.000984 0.687668 0.726024 0.486700 0.000000 0.000000 0.000000 1.000000
0.974628 -0.161636 0.154837 -3.806300 0.223765 0.686643 -0.691701 8.076700 0.005486 0.708798 0.705390 0.486700 0.000000 0.000000 0.000000 1.000000
0.973875 -0.163146 0.157957 -3.806300 0.226862 0.668284 -0.708470 8.076700 0.010024 0.725796 0.687837 0.486700 0.000000 0.000000 0.000000 1.000000
0.973120 -0.165432 0.160217 -3.806300 0.229841 0.653829 -0.720889 8.076700 0.014504 0.738336 0.674277 0.486700 0.000000 0.000000 0.000000 1.000000
0.972334 -0.168688 0.161591 -3.806300 0.232837 0.644138 -0.728611 8.076700 0.018821 0.746077 0.665594 0.486700 0.000000 0.000000 0.000000 1.000000
0.971487 -0.173076 0.162044 -3.806300 0.235991 0.640011 -0.731228 8.076700 0.022848 0.748619 0.662607 0.486700 0.000000 0.000000 0.000000 1.000000
0.970379 -0.185787 0.154427 -3.806300 0.240033 0.669035 -0.703404 8.076700 0.027366 0.719636 0.693812 0.486700 0.000000 0.000000 0.000000 1.000000
0.968997 -0.207481 0.134148 -3.806300 0.245132 0.739456 -0.626989 8.076700 0.030892 0.640435 0.767391 0.486700 0.000000 0.000000 0.000000 1.000000
0.967907 -0.228072 0.105543 -3.806300 0.249470 0.821277 -0.513097 8.076700 0.030342 0.522960 0.851817 0.486700 0.000000 0.000000 0.000000 1.000000
0.967705 -0.240746 0.074751 -3.806300 0.250812 0.889766 -0.381327 8.076700 0.025292 0.387761 0.921413 0.486700 0.000000 0.000000 0.000000 1.000000
0.968403 -0.244581 0.048748 -3.806300 0.248717 0.932782 -0.260878 8.076700 0.018334 0.264760 0.964140 0.486700 0.000000 0.000000 0.000000 1.000000
0.969243 -0.243816 0.033481 -3.806300 0.245745 0.951481 -0.185183 8.076700 0.013294 0.187715 0.982134 0.486700 0.000000 0.000000 0.000000 1.000000
0.969560 -0.242758 0.031980 -3.806300 0.244535 0.953316 -0.177177 8.076700 0.012524 0.179604 0.983659 0.486700 0.000000 0.000000 0.000000 1.000000
0.970762 -0.237236 0.036600 -3.806300 0.239729 0.950369 -0.198316 8.076700 0.012264 0.201292 0.979455 0.486700 0.000000 0.000000 0.000000 1.000000
0.972765 -0.227406 0.044876 -3.806300 0.231521 0.943901 -0.235477 8.076700 0.011191 0.239454 0.970843 0.486700 0.000000 0.000000 0.000000 1.000000
0.975137 -0.214464 0.055796 -3.806300 0.221433 0.933151 -0.283189 8.076700 0.008668 0.288503 0.957440 0.486700 0.000000 0.000000 0.000000 1.000000
0.977459 -0.199776 0.068289 -3.806300 0.211078 0.917891 -0.336039 8.076700 0.004451 0.342878 0.939369 0.486700 0.000000 0.000000 0.000000 1.000000
0.979365 -0.185059 0.081228 -3.806300 0.202099 0.898837 -0.388906 8.076700 -0.001040 0.397297 0.917689 0.486700 0.000000 0.000000 0.000000 1.000000
0.980574 -0.172450 0.093464 -3.806300 0.196036 0.877762 -0.437153 8.076700 -0.006652 0.446984 0.894517 0.486700 0.000000 0.000000 0.000000 1.000000
0.980898 -0.164470 0.103867 -3.806300 0.194230 0.857329 -0.476720 8.076700 -0.010642 0.487787 0.872898 0.486700 0.000000 0.000000 0.000000 1.000000
0.980174 -0.163569 0.111821 -3.806300 0.197823 0.839718 -0.505707 8.076700 -0.011180 0.517801 0.855428 0.486700 0.000000 0.000000 0.000000 1.000000
0.978409 -0.168750 0.119329 -3.806300 0.206513 0.821351 -0.531729 8.076700 -0.008282 0.544891 0.838466 0.486700 0.000000 0.000000 0.000000 1.000000
0.975899 -0.177843 0.126463 -3.806300 0.218206 0.802397 -0.555469 8.076700 -0.002687 0.569677 0.821865 0.486700 0.000000 0.000000 0.000000 1.000000
0.972974 -0.188867 0.132858 -3.806300 0.230870 0.784117 -0.576073 8.076700 0.004625 0.591177 0.806529 0.486700 0.000000 0.000000 0.000000 1.000000
0.970024 -0.199909 0.138162 -3.806300 0.242691 0.767969 -0.592726 8.076700 0.012387 0.608489 0.793465 0.486700 0.000000 0.000000 0.000000 1.000000
0.967524 -0.209103 0.142032 -3.806300 0.252055 0.755570 -0.604634 8.076700 0.019116 0.620798 0.783738 0.486700 0.000000 0.000000 0.000000 1.000000
0.966010 -0.214598 0.144129 -3.806300 0.257461 0.748599 -0.610994 8.076700 0.023223 0.627334 0.778404 0.486700 0.000000 0.000000 0.000000 1.000000
0.966083 -0.214749 0.143409 -3.806300 0.257226 0.751340 -0.607719 8.076700 0.022758 0.623996 0.781096 0.486700 0.000000 0.000000 0.000000 1.000000
0.968164 -0.209978 0.136263 -3.806300 0.249834 0.776815 -0.578050 8.076700 0.015527 0.593690 0.804544 0.486700 0.000000 0.000000 0.000000 1.000000
0.971751 -0.200722 0.124141 -3.806300 0.235970 0.816713 -0.526591 8.076700 0.004311 0.541009 0.841006 0.486700 0.000000 0.000000 0.000000 1.000000
0.976144 -0.187516 0.109453 -3.806300 0.216995 0.859820 -0.462193 8.076700 -0.007441 0.474918 0.879999 0.486700 0.000000 0.000000 0.000000 1.000000
0.980520 -0.172039 0.094782 -3.806300 0.195681 0.897417 -0.395414 8.076700 -0.017032 0.406258 0.913600 0.486700 0.000000 0.000000 0.000000 1.000000
0.984059 -0.157447 0.082697 -3.806300 0.176328 0.924354 -0.338345 8.076700 -0.023170 0.347533 0.937381 0.486700 0.000000 0.000000 0.000000 1.000000
0.986094 -0.148009 0.075579 -3.806300 0.164147 0.938501 -0.303761 8.076700 -0.025971 0.311943 0.949746 0.486700 0.000000 0.000000 0.000000 1.000000
0.986375 -0.146636 0.074583 -3.806300 0.162395 0.940377 -0.298862 8.076700 -0.026312 0.306902 0.951377 0.486700 0.000000 0.000000 0.000000 1.000000
0.986375 -0.146635 0.074583 -3.806300 0.162394 0.940377 -0.298862 8.076700 -0.026312 0.306902 0.951377 0.486700 0.000000 0.000000 0.000000 1.000000
0.986375 -0.146636 0.074582 -3.806300 0.162395 0.940377 -0.298862 8.076700 -0.026312 0.306902 0.951377 0.486700 0.000000 0.000000 0.000000 1.000000
0.986375 -0.146636 0.074582 -3.806300 0.162395 0.940377 -0.298862 8.076700 -0.026312 0.306902 0.951377 0.486700 0.000000 0.000000 0.000000 1.000000
0.986375 -0.146635 0.074583 -3.806300 0.162395 0.940377 -0.298862 8.076700 -0.026312 0.306902 0.951377 0.486700 0.000000 0.000000 0.000000 1.000000</float_array>
        <technique_common>
          <accessor source="#mixamorig_RightHandPinky1-Matrix-animation-output-transform-array" count="96" stride="16">
            <param type="float4x4"/>
          </accessor>
        </technique_common>
      </source>
      <source id="mixamorig_RightHandPinky1-Interpolations">
        <Name_array id="mixamorig_RightHandPinky1-Interpolations-array" count="96">
 LINEAR LINEAR LINEAR LINEAR LINEAR LINEAR LINEAR LINEAR LINEAR LINEAR LINEAR
LINEAR LINEAR LINEAR LINEAR LINEAR LINEAR LINEAR LINEAR LINEAR LINEAR LINEAR LINEAR
LINEAR LINEAR LINEAR LINEAR LINEAR LINEAR LINEAR LINEAR LINEAR LINEAR LINEAR LINEAR
LINEAR LINEAR LINEAR LINEAR LINEAR LINEAR LINEAR LINEAR LINEAR LINEAR LINEAR LINEAR
LINEAR LINEAR LINEAR LINEAR LINEAR LINEAR LINEAR LINEAR LINEAR LINEAR LINEAR LINEAR
LINEAR LINEAR LINEAR LINEAR LINEAR LINEAR LINEAR LINEAR LINEAR LINEAR LINEAR LINEAR
LINEAR LINEAR LINEAR LINEAR LINEAR LINEAR LINEAR LINEAR LINEAR LINEAR LINEAR LINEAR
LINEAR LINEAR LINEAR LINEAR LINEAR LINEAR LINEAR LINEAR LINEAR LINEAR LINEAR LINEAR
LINEAR</Name_array>
        <technique_common>
          <accessor source="#mixamorig_RightHandPinky1-Interpolations-array" count="96">
            <param type="name"/>
          </accessor>
        </technique_common>
      </source>
      <sampler id="mixamorig_RightHandPinky1-Matrix-animation-transform">
        <input semantic="INPUT" source="#mixamorig_RightHandPinky1-Matrix-animation-input"/>
        <input semantic="OUTPUT" source="#mixamorig_RightHandPinky1-Matrix-animation-output-transform"/>
        <input semantic="INTERPOLATION" source="#mixamorig_RightHandPinky1-Interpolations"/>
      </sampler>
      <channel source="#mixamorig_RightHandPinky1-Matrix-animation-transform" target="mixamorig_RightHandPinky1/matrix"/>
    </animation>
    <animation id="mixamorig_RightHandPinky2-anim" name="mixamorig_RightHandPinky2">
      <source id="mixamorig_RightHandPinky2-Matrix-animation-input">
        <float_array id="mixamorig_RightHandPinky2-Matrix-animation-input-array" count="96">

0.000000 0.033333 0.066667 0.100000 0.133333 0.166667 0.200000 0.233333 0.266667 0.300000 0.333333 0.366667 0.400000 0.433333 0.466667 0.500000
0.533333 0.566667 0.600000 0.633333 0.666667 0.700000 0.733333 0.766667 0.800000 0.833333 0.866667 0.900000 0.933333 0.966667 1.000000 1.033333
1.066667 1.100000 1.133333 1.166667 1.200000 1.233333 1.266667 1.300000 1.333333 1.366667 1.400000 1.433333 1.466667 1.500000 1.533333 1.566667
1.600000 1.633333 1.666667 1.700000 1.733333 1.766667 1.800000 1.833333 1.866667 1.900000 1.933333 1.966667 2.000000 2.033333 2.066667 2.100000
2.133333 2.166667 2.200000 2.233333 2.266667 2.300000 2.333333 2.366667 2.400000 2.433333 2.466667 2.500000 2.533333 2.566667 2.600000 2.633333
2.666667 2.700000 2.733333 2.766667 2.800000 2.833333 2.866667 2.900000 2.933333 2.966667 3.000000 3.033333 3.066667 3.100000 3.133333 3.166667</float_array>
        <technique_common>
          <accessor source="#mixamorig_RightHandPinky2-Matrix-animation-input-array" count="96">
            <param name="TIME" type="float"/>
          </accessor>
        </technique_common>
      </source>
      <source id="mixamorig_RightHandPinky2-Matrix-animation-output-transform">
        <float_array id="mixamorig_RightHandPinky2-Matrix-animation-output-transform-array" count="1536">

0.997602 -0.053877 -0.043456 0.000000 0.037033 0.945839 -0.322517 3.600000 0.058479 0.320134 0.945566 0.000000 0.000000 0.000000 0.000000 1.000000
0.997402 -0.058431 -0.042123 0.000000 0.040505 0.938537 -0.342793 3.600000 0.059564 0.340196 0.938466 0.000000 0.000000 0.000000 0.000000 1.000000
0.997160 -0.063452 -0.040556 0.000000 0.044326 0.929927 -0.365064 3.600000 0.060878 0.362230 0.930099 0.000000 0.000000 0.000000 0.000000 1.000000
0.996877 -0.068792 -0.038777 -0.000000 0.048377 0.920116 -0.388647 3.600000 0.062415 0.385558 0.920570 0.000000 0.000000 0.000000 0.000000 1.000000
0.996556 -0.074306 -0.036817 -0.000000 0.052545 0.909271 -0.412875 3.600000 0.064155 0.409518 0.910043 0.000000 0.000000 0.000000 0.000000 1.000000
0.996202 -0.079848 -0.034715 0.000000 0.056714 0.897622 -0.437102 3.600000 0.066063 0.433473 0.898742 -0.000000 0.000000 0.000000 0.000000 1.000000
0.995826 -0.085279 -0.032526 0.000000 0.060780 0.885465 -0.460714 3.600000 0.068090 0.456814 0.886953 0.000000 0.000000 0.000000 0.000000 1.000000
0.995438 -0.090463 -0.030315 0.000000 0.064638 0.873162 -0.483126 3.600000 0.070175 0.478963 0.875026 0.000000 0.000000 0.000000 0.000000 1.000000
0.995053 -0.095270 -0.028155 0.000000 0.068193 0.861130 -0.503791 3.600000 0.072242 0.499379 0.863366 0.000000 0.000000 0.000000 0.000000 1.000000
0.994687 -0.099573 -0.026129 0.000000 0.071356 0.849837 -0.522193 3.600000 0.074202 0.517555 0.852427 0.000000 0.000000 0.000000 0.000000 1.000000
0.994358 -0.103251 -0.024327 0.000000 0.074042 0.839785 -0.537846 3.600000 0.075963 0.533010 0.842692 0.000000 0.000000 0.000000 0.000000 1.000000
0.994084 -0.106186 -0.022842 0.000000 0.076174 0.831497 -0.550282 3.600000 0.077425 0.545286 0.834666 -0.000000 0.000000 0.000000 0.000000 1.000000
0.993884 -0.108260 -0.021766 0.000000 0.077674 0.825492 -0.559044 3.600000 0.078490 0.553934 0.828852 0.000000 0.000000 0.000000 0.000000 1.000000
0.993776 -0.109355 -0.021213 -0.000000 0.078451 0.822270 -0.563664 3.600000 0.079082 0.558492 0.825732 0.000000 0.000000 0.000000 0.000000 1.000000
0.993772 -0.109398 -0.021198 0.000000 0.078478 0.822146 -0.563841 3.600000 0.079111 0.558666 0.825611 0.000000 0.000000 0.000000 0.000000 1.000000
0.993849 -0.108618 -0.021582 0.000000 0.077931 0.824446 -0.560549 3.600000 0.078679 0.555419 0.827840 0.000000 0.000000 0.000000 0.000000 1.000000
0.993994 -0.107128 -0.022367 0.000000 0.076851 0.828791 -0.554255 3.600000 0.077914 0.549207 0.832046 0.000000 0.000000 0.000000 0.000000 1.000000
0.994196 -0.104998 -0.023466 0.000000 0.075305 0.834896 -0.545232 3.600000 0.076840 0.540300 0.837957 0.000000 0.000000 0.000000 0.000000 1.000000
0.994444 -0.102295 -0.024828 0.000000 0.073334 0.842454 -0.533754 3.600000 0.075517 0.528968 0.845275 0.000000 0.000000 0.000000 0.000000 1.000000
0.994728 -0.099089 -0.026397 0.000000 0.070986 0.851157 -0.520088 3.600000 0.074003 0.515473 0.853704 0.000000 0.000000 0.000000 0.000000 1.000000
0.995037 -0.095451 -0.028115 -0.000000 0.068309 0.860697 -0.504515 3.600000 0.072355 0.500090 0.862945 0.000000 0.000000 0.000000 0.000000 1.000000
0.995360 -0.091450 -0.029930 0.000000 0.065350 0.870777 -0.487315 3.600000 0.070627 0.483098 0.872713 0.000000 0.000000 0.000000 0.000000 1.000000
0.995687 -0.087159 -0.031793 0.000000 0.062161 0.881118 -0.468793 3.600000 0.068873 0.464795 0.882736 -0.000000 0.000000 0.000000 0.000000 1.000000
0.996010 -0.082655 -0.033655 0.000000 0.058799 0.891463 -0.449263 3.600000 0.067136 0.445491 0.892766 0.000000 0.000000 0.000000 0.000000 1.000000
0.996321 -0.078018 -0.035474 0.000000 0.055323 0.901582 -0.429057 3.600000 0.065457 0.425516 0.902580 0.000000 0.000000 0.000000 0.000000 1.000000
0.996613 -0.073325 -0.037216 0.000000 0.051790 0.911274 -0.408532 3.600000 0.063870 0.405221 0.911985 0.000000 0.000000 0.000000 0.000000 1.000000
0.996883 -0.068663 -0.038850 -0.000000 0.048270 0.920373 -0.388050 3.600000 0.062401 0.384965 0.920819 0.000000 0.000000 0.000000 0.000000 1.000000
0.997127 -0.064112 -0.040350 -0.000000 0.044824 0.928748 -0.367992 3.600000 0.061068 0.365126 0.928953 -0.000000 0.000000 0.000000 0.000000 1.000000
0.997341 -0.059761 -0.041697 -0.000000 0.041522 0.936295 -0.348753 3.600000 0.059882 0.346094 0.936287 -0.000000 0.000000 0.000000 0.000000 1.000000
0.997527 -0.055696 -0.042878 0.000000 0.038431 0.942942 -0.330732 3.600000 0.058852 0.328266 0.942750 0.000000 0.000000 0.000000 0.000000 1.000000
0.997682 -0.052003 -0.043882 0.000000 0.035622 0.948644 -0.314335 3.600000 0.057975 0.312043 0.948297 0.000000 0.000000 0.000000 0.000000 1.000000
0.997813 -0.048677 -0.044720 0.000000 0.033090 0.953507 -0.299550 3.600000 0.057222 0.297415 0.953032 0.000000 0.000000 0.000000 0.000000 1.000000
0.997940 -0.045236 -0.045500 0.000000 0.030475 0.958257 -0.284281 3.600000 0.056460 0.282308 0.957661 0.000000 0.000000 0.000000 0.000000 1.000000
0.998061 -0.041696 -0.046219 0.000000 0.027786 0.962849 -0.268606 3.600000 0.055702 0.266801 0.962141 0.000000 0.000000 0.000000 0.000000 1.000000
0.998171 -0.038181 -0.046862 0.000000 0.025114 0.967130 -0.253039 3.600000 0.054983 0.251399 0.966321 -0.000000 0.000000 0.000000 0.000000 1.000000
0.998269 -0.034810 -0.047414 0.000000 0.022550 0.970980 -0.238096 3.600000 0.054326 0.236615 0.970084 -0.000000 0.000000 0.000000 0.000000 1.000000
0.998350 -0.031696 -0.047873 0.000000 0.020176 0.974308 -0.224313 3.600000 0.053753 0.222977 0.973341 -0.000000 0.000000 0.000000 0.000000 1.000000
0.998416 -0.028967 -0.048235 -0.000000 0.018095 0.977054 -0.212220 3.600000 0.053276 0.211011 0.976031 -0.000000 0.000000 0.000000 0.000000 1.000000
0.998465 -0.026743 -0.048503 0.000000 0.016396 0.979175 -0.202354 3.600000 0.052905 0.201248 0.978111 -0.000000 0.000000 0.000000 0.000000 1.000000
0.998498 -0.025141 -0.048680 0.000000 0.015172 0.980636 -0.195253 3.600000 0.052647 0.194221 0.979544 0.000000 0.000000 0.000000 0.000000 1.000000
0.998515 -0.024265 -0.048778 -0.000000 0.014496 0.981395 -0.191450 3.600000 0.052516 0.190458 0.980290 0.000000 0.000000 0.000000 0.000000 1.000000
0.998505 -0.024787 -0.048708 0.000000 0.014903 0.980951 -0.193682 3.600000 0.052581 0.192666 0.979855 -0.000000 0.000000 0.000000 0.000000 1.000000
0.998412 -0.029325 -0.048109 0.000000 0.018387 0.976709 -0.213777 3.600000 0.053257 0.212553 0.975697 0.000000 0.000000 0.000000 0.000000 1.000000
0.998203 -0.037372 -0.046837 0.000000 0.024546 0.968104 -0.249343 3.600000 0.054661 0.247745 0.967282 0.000000 0.000000 0.000000 0.000000 1.000000
0.997851 -0.047832 -0.044779 0.000000 0.032511 0.954810 -0.295434 3.600000 0.056886 0.293343 0.954313 0.000000 0.000000 0.000000 0.000000 1.000000
0.997343 -0.059603 -0.041891 0.000000 0.041412 0.936913 -0.347100 3.600000 0.059936 0.344443 0.936892 -0.000000 0.000000 0.000000 0.000000 1.000000
0.996699 -0.071592 -0.038271 0.000000 0.050406 0.915330 -0.399537 3.600000 0.063635 0.396289 0.915918 0.000000 0.000000 0.000000 0.000000 1.000000
0.995984 -0.082748 -0.034181 0.000000 0.058722 0.891968 -0.448269 3.600000 0.067582 0.444462 0.893245 -0.000000 0.000000 0.000000 0.000000 1.000000
0.995298 -0.092080 -0.030050 0.000000 0.065684 0.869652 -0.489277 3.600000 0.071185 0.485002 0.871611 0.000000 0.000000 0.000000 0.000000 1.000000
0.994598 -0.100589 -0.025614 0.000000 0.072073 0.846829 -0.526960 3.600000 0.074697 0.522267 0.849504 0.000000 0.000000 0.000000 0.000000 1.000000
0.993756 -0.109712 -0.020303 0.000000 0.078918 0.819796 -0.567192 3.600000 0.078872 0.562048 0.823336 0.000000 0.000000 0.000000 0.000000 1.000000
0.992773 -0.119165 -0.014189 0.000000 0.085988 0.788838 -0.608556 3.600000 0.083711 0.602938 0.793384 0.000000 0.000000 0.000000 0.000000 1.000000
0.991659 -0.128675 -0.007385 0.000000 0.093057 0.754450 -0.649727 3.600000 0.089175 0.643621 0.760132 -0.000000 0.000000 0.000000 0.000000 1.000000
0.990434 -0.137991 -0.000037 0.000000 0.099918 0.717351 -0.689510 3.600000 0.095173 0.682910 0.724277 0.000000 0.000000 0.000000 0.000000 1.000000
0.989124 -0.146883 0.007663 0.000000 0.106384 0.678478 -0.726877 3.600000 0.101567 0.719787 0.686725 0.000000 0.000000 0.000000 0.000000 1.000000
0.987769 -0.155151 0.015493 -0.000000 0.112299 0.638957 -0.761002 3.600000 0.108171 0.753434 0.648565 0.000000 0.000000 0.000000 0.000000 1.000000
0.986414 -0.162634 0.023201 0.000000 0.117546 0.600067 -0.791266 3.600000 0.114765 0.783243 0.611031 0.000000 0.000000 0.000000 0.000000 1.000000
0.985110 -0.169197 0.030508 0.000000 0.122043 0.563207 -0.817254 3.600000 0.121094 0.808808 0.575470 -0.000000 0.000000 0.000000 0.000000 1.000000
0.983914 -0.174740 0.037130 0.000000 0.125747 0.529834 -0.838727 3.600000 0.126886 0.829905 0.543284 0.000000 0.000000 0.000000 0.000000 1.000000
0.982886 -0.179180 0.042773 0.000000 0.128644 0.501432 -0.855580 3.600000 0.131855 0.846440 0.515901 0.000000 0.000000 0.000000 0.000000 1.000000
0.982084 -0.182452 0.047140 -0.000000 0.130728 0.479462 -0.867771 3.600000 0.135725 0.858386 0.494724 0.000000 0.000000 0.000000 0.000000 1.000000
0.981565 -0.184485 0.049953 0.000000 0.132001 0.465331 -0.875238 3.600000 0.138224 0.865697 0.481105 0.000000 0.000000 0.000000 0.000000 1.000000
0.981382 -0.185188 0.050945 -0.000000 0.132437 0.460350 -0.877803 3.600000 0.139105 0.868207 0.476305 0.000000 0.000000 0.000000 0.000000 1.000000
0.983016 -0.178512 0.042576 0.000000 0.128546 0.504192 -0.853971 3.600000 0.130978 0.844940 0.518576 0.000000 0.000000 0.000000 0.000000 1.000000
0.986861 -0.160009 0.022431 0.000000 0.116685 0.609760 -0.783950 3.600000 0.111762 0.776266 0.620419 0.000000 0.000000 0.000000 0.000000 1.000000
0.991224 -0.132184 -0.001581 0.000000 0.096978 0.735246 -0.670827 3.600000 0.089835 0.664786 0.741612 0.000000 0.000000 0.000000 0.000000 1.000000
0.994751 -0.099790 -0.022656 0.000000 0.072580 0.844118 -0.531221 3.600000 0.072135 0.526788 0.846930 0.000000 0.000000 0.000000 0.000000 1.000000
0.996856 -0.070098 -0.036939 -0.000000 0.049664 0.916022 -0.398042 3.600000 0.061739 0.394956 0.916623 0.000000 0.000000 0.000000 0.000000 1.000000
0.997715 -0.051432 -0.043813 0.000000 0.035221 0.949315 -0.312346 3.600000 0.057657 0.310089 0.948958 -0.000000 0.000000 0.000000 0.000000 1.000000
0.997775 -0.049742 -0.044402 0.000000 0.033912 0.951944 -0.304390 3.600000 0.057409 0.302207 0.951512 -0.000000 0.000000 0.000000 0.000000 1.000000
0.997482 -0.056935 -0.042294 0.000000 0.039424 0.940795 -0.336676 3.600000 0.058959 0.334160 0.940670 0.000000 0.000000 0.000000 0.000000 1.000000
0.996865 -0.069309 -0.038167 0.000000 0.048878 0.918753 -0.391796 3.600000 0.062221 0.388702 0.919260 0.000000 0.000000 0.000000 0.000000 1.000000
0.995888 -0.084714 -0.032104 0.000000 0.060557 0.886071 -0.459577 3.600000 0.067379 0.455743 0.887558 0.000000 0.000000 0.000000 0.000000 1.000000
0.994583 -0.101023 -0.024488 0.000000 0.072750 0.844750 -0.530193 3.600000 0.074248 0.525540 0.847523 0.000000 0.000000 0.000000 0.000000 1.000000
0.993088 -0.116254 -0.016145 0.000000 0.083906 0.799386 -0.594930 3.600000 0.082069 0.589463 0.803615 0.000000 0.000000 0.000000 0.000000 1.000000
0.991652 -0.128669 -0.008343 -0.000000 0.092788 0.757053 -0.646732 3.600000 0.089531 0.640559 0.762672 0.000000 0.000000 0.000000 0.000000 1.000000
0.990599 -0.136775 -0.002640 0.000000 0.098487 0.726427 -0.680150 3.600000 0.094945 0.673496 0.733068 0.000000 0.000000 0.000000 0.000000 1.000000
0.990160 -0.139938 -0.000133 0.000000 0.100747 0.713514 -0.693360 3.600000 0.097122 0.686524 0.720591 -0.000000 0.000000 0.000000 0.000000 1.000000
0.989901 -0.141753 0.001391 0.000000 0.102059 0.705825 -0.700996 3.600000 0.098386 0.694059 0.713164 0.000000 0.000000 0.000000 0.000000 1.000000
0.989719 -0.143007 0.002460 0.000000 0.102962 0.700430 -0.706255 3.600000 0.099276 0.699247 0.707953 0.000000 0.000000 0.000000 0.000000 1.000000
0.989601 -0.143807 0.003149 0.000000 0.103538 0.696949 -0.709607 3.600000 0.099852 0.702553 0.704591 0.000000 0.000000 0.000000 0.000000 1.000000
0.989535 -0.144252 0.003541 -0.000000 0.103858 0.694977 -0.711492 3.600000 0.100173 0.704414 0.702686 0.000000 0.000000 0.000000 0.000000 1.000000
0.989505 -0.144448 0.003749 0.000000 0.104022 0.694091 -0.712333 3.600000 0.100292 0.705247 0.701832 -0.000000 0.000000 0.000000 0.000000 1.000000
0.989495 -0.144514 0.003809 0.000000 0.104079 0.693852 -0.712557 3.600000 0.100332 0.705468 0.701604 0.000000 0.000000 0.000000 0.000000 1.000000
0.989635 -0.143576 0.003018 0.000000 0.103400 0.697819 -0.708771 3.600000 0.099657 0.701737 0.705432 -0.000000 0.000000 0.000000 0.000000 1.000000
0.990596 -0.136801 -0.002171 0.000000 0.098688 0.725427 -0.681187 3.600000 0.094762 0.674567 0.732106 0.000000 0.000000 0.000000 0.000000 1.000000
0.992091 -0.125091 -0.010408 0.000000 0.090346 0.769169 -0.632627 3.600000 0.087142 0.626683 0.774387 -0.000000 0.000000 0.000000 0.000000 1.000000
0.993687 -0.110479 -0.019512 -0.000000 0.079663 0.817305 -0.570672 3.600000 0.078994 0.565515 0.820946 0.000000 0.000000 0.000000 0.000000 1.000000
0.995059 -0.095343 -0.027708 0.000000 0.068367 0.860321 -0.505146 3.600000 0.072000 0.500756 0.862589 -0.000000 0.000000 0.000000 0.000000 1.000000
0.996026 -0.082402 -0.033809 0.000000 0.058584 0.892018 -0.448186 3.600000 0.067090 0.444424 0.893301 0.000000 0.000000 0.000000 0.000000 1.000000
0.996526 -0.074554 -0.037129 0.000000 0.052616 0.909094 -0.413255 3.600000 0.064563 0.409866 0.909858 -0.000000 0.000000 0.000000 0.000000 1.000000
0.996591 -0.073441 -0.037577 0.000000 0.051768 0.911387 -0.408282 3.600000 0.064232 0.404945 0.912082 0.000000 0.000000 0.000000 0.000000 1.000000
0.996591 -0.073441 -0.037577 0.000000 0.051768 0.911387 -0.408282 3.600000 0.064232 0.404945 0.912082 0.000000 0.000000 0.000000 0.000000 1.000000
0.996591 -0.073441 -0.037577 0.000000 0.051768 0.911387 -0.408282 3.600000 0.064232 0.404945 0.912082 -0.000000 0.000000 0.000000 0.000000 1.000000
0.996591 -0.073441 -0.037576 0.000000 0.051767 0.911387 -0.408282 3.600000 0.064231 0.404945 0.912082 0.000000 0.000000 0.000000 0.000000 1.000000
0.996591 -0.073441 -0.037577 -0.000000 0.051768 0.911387 -0.408281 3.600000 0.064232 0.404944 0.912082 0.000000 0.000000 0.000000 0.000000 1.000000</float_array>
        <technique_common>
          <accessor source="#mixamorig_RightHandPinky2-Matrix-animation-output-transform-array" count="96" stride="16">
            <param type="float4x4"/>
          </accessor>
        </technique_common>
      </source>
      <source id="mixamorig_RightHandPinky2-Interpolations">
        <Name_array id="mixamorig_RightHandPinky2-Interpolations-array" count="96">
 LINEAR LINEAR LINEAR LINEAR LINEAR LINEAR LINEAR LINEAR LINEAR LINEAR LINEAR
LINEAR LINEAR LINEAR LINEAR LINEAR LINEAR LINEAR LINEAR LINEAR LINEAR LINEAR LINEAR
LINEAR LINEAR LINEAR LINEAR LINEAR LINEAR LINEAR LINEAR LINEAR LINEAR LINEAR LINEAR
LINEAR LINEAR LINEAR LINEAR LINEAR LINEAR LINEAR LINEAR LINEAR LINEAR LINEAR LINEAR
LINEAR LINEAR LINEAR LINEAR LINEAR LINEAR LINEAR LINEAR LINEAR LINEAR LINEAR LINEAR
LINEAR LINEAR LINEAR LINEAR LINEAR LINEAR LINEAR LINEAR LINEAR LINEAR LINEAR LINEAR
LINEAR LINEAR LINEAR LINEAR LINEAR LINEAR LINEAR LINEAR LINEAR LINEAR LINEAR LINEAR
LINEAR LINEAR LINEAR LINEAR LINEAR LINEAR LINEAR LINEAR LINEAR LINEAR LINEAR LINEAR
LINEAR</Name_array>
        <technique_common>
          <accessor source="#mixamorig_RightHandPinky2-Interpolations-array" count="96">
            <param type="name"/>
          </accessor>
        </technique_common>
      </source>
      <sampler id="mixamorig_RightHandPinky2-Matrix-animation-transform">
        <input semantic="INPUT" source="#mixamorig_RightHandPinky2-Matrix-animation-input"/>
        <input semantic="OUTPUT" source="#mixamorig_RightHandPinky2-Matrix-animation-output-transform"/>
        <input semantic="INTERPOLATION" source="#mixamorig_RightHandPinky2-Interpolations"/>
      </sampler>
      <channel source="#mixamorig_RightHandPinky2-Matrix-animation-transform" target="mixamorig_RightHandPinky2/matrix"/>
    </animation>
    <animation id="mixamorig_RightHandPinky3-anim" name="mixamorig_RightHandPinky3">
      <source id="mixamorig_RightHandPinky3-Matrix-animation-input">
        <float_array id="mixamorig_RightHandPinky3-Matrix-animation-input-array" count="96">

0.000000 0.033333 0.066667 0.100000 0.133333 0.166667 0.200000 0.233333 0.266667 0.300000 0.333333 0.366667 0.400000 0.433333 0.466667 0.500000
0.533333 0.566667 0.600000 0.633333 0.666667 0.700000 0.733333 0.766667 0.800000 0.833333 0.866667 0.900000 0.933333 0.966667 1.000000 1.033333
1.066667 1.100000 1.133333 1.166667 1.200000 1.233333 1.266667 1.300000 1.333333 1.366667 1.400000 1.433333 1.466667 1.500000 1.533333 1.566667
1.600000 1.633333 1.666667 1.700000 1.733333 1.766667 1.800000 1.833333 1.866667 1.900000 1.933333 1.966667 2.000000 2.033333 2.066667 2.100000
2.133333 2.166667 2.200000 2.233333 2.266667 2.300000 2.333333 2.366667 2.400000 2.433333 2.466667 2.500000 2.533333 2.566667 2.600000 2.633333
2.666667 2.700000 2.733333 2.766667 2.800000 2.833333 2.866667 2.900000 2.933333 2.966667 3.000000 3.033333 3.066667 3.100000 3.133333 3.166667</float_array>
        <technique_common>
          <accessor source="#mixamorig_RightHandPinky3-Matrix-animation-input-array" count="96">
            <param name="TIME" type="float"/>
          </accessor>
        </technique_common>
      </source>
      <source id="mixamorig_RightHandPinky3-Matrix-animation-output-transform">
        <float_array id="mixamorig_RightHandPinky3-Matrix-animation-output-transform-array" count="1536">

0.990026 -0.129659 -0.055116 0.000000 0.087321 0.871716 -0.482168 2.100000 0.110563 0.472546 0.874343 0.000000 0.000000 0.000000 0.000000 1.000000
0.990026 -0.129659 -0.055116 0.000000 0.087321 0.871716 -0.482168 2.100000 0.110563 0.472546 0.874343 0.000000 0.000000 0.000000 0.000000 1.000000
0.990026 -0.129659 -0.055116 -0.000000 0.087321 0.871716 -0.482169 2.100000 0.110563 0.472547 0.874343 0.000000 0.000000 0.000000 0.000000 1.000000
0.990026 -0.129659 -0.055116 -0.000000 0.087321 0.871716 -0.482168 2.100000 0.110563 0.472546 0.874343 0.000000 0.000000 0.000000 0.000000 1.000000
0.990026 -0.129659 -0.055116 0.000000 0.087321 0.871716 -0.482169 2.100000 0.110563 0.472546 0.874343 -0.000000 0.000000 0.000000 0.000000 1.000000
0.990026 -0.129659 -0.055116 -0.000000 0.087321 0.871716 -0.482169 2.100000 0.110563 0.472547 0.874343 0.000000 0.000000 0.000000 0.000000 1.000000
0.990026 -0.129659 -0.055117 -0.000000 0.087321 0.871716 -0.482168 2.100000 0.110563 0.472546 0.874343 0.000000 0.000000 0.000000 0.000000 1.000000
0.990026 -0.129658 -0.055117 0.000000 0.087321 0.871716 -0.482168 2.100000 0.110563 0.472546 0.874343 0.000000 0.000000 0.000000 0.000000 1.000000
0.990026 -0.129658 -0.055116 0.000000 0.087321 0.871716 -0.482169 2.100000 0.110563 0.472547 0.874343 -0.000000 0.000000 0.000000 0.000000 1.000000
0.990026 -0.129658 -0.055116 0.000000 0.087321 0.871716 -0.482169 2.100000 0.110563 0.472547 0.874343 0.000000 0.000000 0.000000 0.000000 1.000000
0.990026 -0.129658 -0.055116 0.000000 0.087321 0.871716 -0.482169 2.100000 0.110563 0.472547 0.874343 0.000000 0.000000 0.000000 0.000000 1.000000
0.990026 -0.129659 -0.055116 -0.000000 0.087321 0.871716 -0.482168 2.100000 0.110563 0.472546 0.874343 0.000000 0.000000 0.000000 0.000000 1.000000
0.990026 -0.129659 -0.055116 -0.000000 0.087321 0.871716 -0.482169 2.100000 0.110563 0.472546 0.874343 0.000000 0.000000 0.000000 0.000000 1.000000
0.990026 -0.129659 -0.055116 0.000000 0.087321 0.871716 -0.482169 2.100000 0.110563 0.472547 0.874343 0.000000 0.000000 0.000000 0.000000 1.000000
0.990029 -0.129632 -0.055120 -0.000000 0.087334 0.871881 -0.481868 2.100000 0.110523 0.472250 0.874508 0.000000 0.000000 0.000000 0.000000 1.000000
0.990096 -0.129009 -0.055374 -0.000000 0.086976 0.873280 -0.479393 2.100000 0.110203 0.469829 0.875852 0.000000 0.000000 0.000000 0.000000 1.000000
0.990214 -0.127817 -0.056034 -0.000000 0.086205 0.875933 -0.474669 2.100000 0.109753 0.465193 0.878379 0.000000 0.000000 0.000000 0.000000 1.000000
0.990379 -0.126109 -0.056968 0.000000 0.085098 0.879676 -0.467899 2.100000 0.109119 0.458549 0.881944 -0.000000 0.000000 0.000000 0.000000 1.000000
0.990585 -0.123939 -0.058135 0.000000 0.083690 0.884334 -0.459292 2.100000 0.108335 0.450103 0.886381 0.000000 0.000000 0.000000 0.000000 1.000000
0.990824 -0.121362 -0.059499 0.000000 0.082014 0.889731 -0.449056 2.100000 0.107436 0.440056 0.891520 0.000000 0.000000 0.000000 0.000000 1.000000
0.991086 -0.118429 -0.061015 -0.000000 0.080102 0.895693 -0.437399 2.100000 0.106451 0.428613 0.897195 0.000000 0.000000 0.000000 0.000000 1.000000
0.991365 -0.115198 -0.062648 0.000000 0.077991 0.902046 -0.424535 2.100000 0.105417 0.415983 0.903242 0.000000 0.000000 0.000000 0.000000 1.000000
0.991653 -0.111724 -0.064357 0.000000 0.075718 0.908629 -0.410682 2.100000 0.104360 0.402381 0.909505 0.000000 0.000000 0.000000 0.000000 1.000000
0.991944 -0.108062 -0.066108 0.000000 0.073316 0.915290 -0.396067 2.100000 0.103307 0.388029 0.915839 0.000000 0.000000 0.000000 0.000000 1.000000
0.992231 -0.104270 -0.067866 -0.000000 0.070825 0.921891 -0.380921 2.100000 0.102284 0.373155 0.922114 0.000000 0.000000 0.000000 0.000000 1.000000
0.992509 -0.100412 -0.069599 0.000000 0.068288 0.928309 -0.365485 2.100000 0.101308 0.357995 0.928211 0.000000 0.000000 0.000000 0.000000 1.000000
0.992773 -0.096545 -0.071276 -0.000000 0.065744 0.934438 -0.350006 2.100000 0.100394 0.342790 0.934032 0.000000 0.000000 0.000000 0.000000 1.000000
0.993021 -0.092734 -0.072871 0.000000 0.063236 0.940186 -0.334740 2.100000 0.099554 0.327796 0.939489 0.000000 0.000000 0.000000 0.000000 1.000000
0.993248 -0.089042 -0.074362 0.000000 0.060806 0.945483 -0.319945 2.100000 0.098796 0.313263 0.944513 0.000000 0.000000 0.000000 0.000000 1.000000
0.993454 -0.085531 -0.075722 0.000000 0.058498 0.950270 -0.305885 2.100000 0.098119 0.299453 0.949053 0.000000 0.000000 0.000000 0.000000 1.000000
0.993636 -0.082271 -0.076934 0.000000 0.056358 0.954503 -0.292827 2.100000 0.097525 0.286628 0.953065 0.000000 0.000000 0.000000 0.000000 1.000000
0.993800 -0.079213 -0.078013 0.000000 0.054355 0.958285 -0.280598 2.100000 0.096986 0.274618 0.956650 0.000000 0.000000 0.000000 0.000000 1.000000
0.993979 -0.075785 -0.079129 0.000000 0.052119 0.962301 -0.266945 2.100000 0.096377 0.261214 0.960458 0.000000 0.000000 0.000000 0.000000 1.000000
0.994167 -0.072042 -0.080262 0.000000 0.049683 0.966436 -0.252059 2.100000 0.095727 0.246601 0.964378 0.000000 0.000000 0.000000 0.000000 1.000000
0.994352 -0.068150 -0.081366 0.000000 0.047151 0.970460 -0.236610 2.100000 0.095088 0.231437 0.968192 0.000000 0.000000 0.000000 0.000000 1.000000
0.994524 -0.064282 -0.082397 -0.000000 0.044634 0.974188 -0.221281 2.100000 0.094494 0.216391 0.971723 0.000000 0.000000 0.000000 0.000000 1.000000
0.994678 -0.060616 -0.083317 0.000000 0.042250 0.977480 -0.206756 2.100000 0.093973 0.202135 0.974839 0.000000 0.000000 0.000000 0.000000 1.000000
0.994807 -0.057329 -0.084100 -0.000000 0.040111 0.980233 -0.193736 2.100000 0.093544 0.189357 0.977442 0.000000 0.000000 0.000000 0.000000 1.000000
0.994908 -0.054596 -0.084723 0.000000 0.038331 0.982379 -0.182925 2.100000 0.093217 0.178746 0.979469 0.000000 0.000000 0.000000 0.000000 1.000000
0.994979 -0.052600 -0.085151 0.000000 0.037033 0.983867 -0.175026 2.100000 0.092984 0.170994 0.980875 0.000000 0.000000 0.000000 0.000000 1.000000
0.995017 -0.051498 -0.085382 0.000000 0.036309 0.984646 -0.170744 2.100000 0.092864 0.166793 0.981609 0.000000 0.000000 0.000000 0.000000 1.000000
0.994997 -0.052073 -0.085260 0.000000 0.036694 0.984252 -0.172920 2.100000 0.092922 0.168926 0.981239 0.000000 0.000000 0.000000 0.000000 1.000000
0.994816 -0.057220 -0.084060 0.000000 0.040071 0.980360 -0.193104 2.100000 0.093459 0.188735 0.977571 0.000000 0.000000 0.000000 0.000000 1.000000
0.994448 -0.066305 -0.081710 -0.000000 0.046029 0.972373 -0.228849 2.100000 0.094627 0.223817 0.970027 0.000000 0.000000 0.000000 0.000000 1.000000
0.993876 -0.078054 -0.078224 0.000000 0.053723 0.959881 -0.275215 2.100000 0.096567 0.269327 0.958195 0.000000 0.000000 0.000000 0.000000 1.000000
0.993103 -0.091191 -0.073690 0.000000 0.062298 0.942884 -0.327244 2.100000 0.099323 0.320397 0.942062 0.000000 0.000000 0.000000 0.000000 1.000000
0.992178 -0.104473 -0.068317 0.000000 0.070933 0.922215 -0.380116 2.100000 0.102715 0.372297 0.922413 0.000000 0.000000 0.000000 0.000000 1.000000
0.991197 -0.116728 -0.062471 -0.000000 0.078895 0.899701 -0.429317 2.100000 0.106318 0.420610 0.900991 0.000000 0.000000 0.000000 0.000000 1.000000
0.990301 -0.126865 -0.056653 0.000000 0.085559 0.878099 -0.470767 2.100000 0.109471 0.461354 0.880437 -0.000000 0.000000 0.000000 0.000000 1.000000
0.989423 -0.136000 -0.050461 0.000000 0.091697 0.855932 -0.508893 2.100000 0.112401 0.498883 0.859350 0.000000 0.000000 0.000000 0.000000 1.000000
0.988382 -0.145727 -0.043180 0.000000 0.098304 0.829597 -0.549641 2.100000 0.115919 0.539010 0.834284 -0.000000 0.000000 0.000000 0.000000 1.000000
0.987179 -0.155742 -0.034962 0.000000 0.105159 0.799355 -0.591586 2.100000 0.120081 0.580324 0.805484 0.000000 0.000000 0.000000 0.000000 1.000000
0.985824 -0.165760 -0.025990 0.000000 0.112045 0.765677 -0.633391 2.100000 0.124890 0.621500 0.773395 0.000000 0.000000 0.000000 0.000000 1.000000
0.984338 -0.175518 -0.016482 0.000000 0.118753 0.729266 -0.673846 2.100000 0.130292 0.661335 0.738688 0.000000 0.000000 0.000000 0.000000 1.000000
0.982756 -0.184785 -0.006688 -0.000000 0.125089 0.691038 -0.711912 2.100000 0.136172 0.698799 0.702237 0.000000 0.000000 0.000000 0.000000 1.000000
0.981122 -0.193364 0.003118 0.000000 0.130893 0.652108 -0.746741 2.100000 0.142359 0.733052 0.665108 0.000000 0.000000 0.000000 0.000000 1.000000
0.979490 -0.201094 0.012638 0.000000 0.136039 0.613746 -0.777695 2.100000 0.148634 0.763464 0.628515 0.000000 0.000000 0.000000 0.000000 1.000000
0.977923 -0.207851 0.021559 0.000000 0.140442 0.577341 -0.804334 2.100000 0.154735 0.789604 0.593786 -0.000000 0.000000 0.000000 0.000000 1.000000
0.976487 -0.213540 0.029560 0.000000 0.144056 0.544347 -0.826398 2.100000 0.160378 0.811226 0.562309 0.000000 0.000000 0.000000 0.000000 1.000000
0.975253 -0.218088 0.036321 -0.000000 0.146868 0.516247 -0.843753 2.100000 0.165261 0.828207 0.535502 0.000000 0.000000 0.000000 0.000000 1.000000
0.974292 -0.221431 0.041525 0.000000 0.148884 0.494497 -0.856333 2.100000 0.169085 0.840500 0.514752 0.000000 0.000000 0.000000 0.000000 1.000000
0.973670 -0.223504 0.044862 0.000000 0.150110 0.480501 -0.864052 2.100000 0.171563 0.848036 0.501399 0.000000 0.000000 0.000000 0.000000 1.000000
0.973450 -0.224221 0.046037 0.000000 0.150529 0.475567 -0.866705 2.100000 0.172440 0.850624 0.496692 0.000000 0.000000 0.000000 0.000000 1.000000
0.975436 -0.217264 0.036351 -0.000000 0.146973 0.518965 -0.842065 2.100000 0.164085 0.826723 0.538149 0.000000 0.000000 0.000000 0.000000 1.000000
0.980134 -0.197938 0.012522 0.000000 0.135710 0.623277 -0.770136 2.100000 0.144635 0.756536 0.637757 -0.000000 0.000000 0.000000 0.000000 1.000000
0.985522 -0.168679 -0.017146 -0.000000 0.116429 0.746800 -0.654778 2.100000 0.123252 0.643302 0.755627 0.000000 0.000000 0.000000 0.000000 1.000000
0.989927 -0.134240 -0.044983 0.000000 0.092388 0.853277 -0.513209 2.100000 0.107276 0.503884 0.857084 -0.000000 0.000000 0.000000 0.000000 1.000000
0.992590 -0.102260 -0.065637 0.000000 0.070039 0.922883 -0.378658 2.100000 0.099297 0.371255 0.923206 0.000000 0.000000 0.000000 0.000000 1.000000
0.993689 -0.081932 -0.076606 0.000000 0.056183 0.954683 -0.292273 2.100000 0.097081 0.286125 0.953262 0.000000 0.000000 0.000000 0.000000 1.000000
0.993762 -0.080096 -0.077606 0.000000 0.054949 0.957172 -0.284256 2.100000 0.097050 0.278219 0.955602 0.000000 0.000000 0.000000 0.000000 1.000000
0.993348 -0.088065 -0.074185 0.000000 0.060262 0.946586 -0.316771 2.100000 0.098119 0.310193 0.945597 0.000000 0.000000 0.000000 0.000000 1.000000
0.992499 -0.101711 -0.067821 0.000000 0.069403 0.925503 -0.372327 2.100000 0.100639 0.364827 0.925620 0.000000 0.000000 0.000000 0.000000 1.000000
0.991187 -0.118598 -0.059013 0.000000 0.080728 0.893998 -0.440739 2.100000 0.105028 0.432091 0.895693 0.000000 0.000000 0.000000 0.000000 1.000000
0.989470 -0.136358 -0.048534 0.000000 0.092555 0.853902 -0.512138 2.100000 0.111277 0.502253 0.857531 -0.000000 0.000000 0.000000 0.000000 1.000000
0.987537 -0.152841 -0.037550 0.000000 0.103345 0.809665 -0.577722 2.100000 0.118703 0.566641 0.815370 -0.000000 0.000000 0.000000 0.000000 1.000000
0.985706 -0.166198 -0.027600 0.000000 0.111882 0.768237 -0.630313 2.100000 0.125960 0.618215 0.775850 -0.000000 0.000000 0.000000 0.000000 1.000000
0.984379 -0.174869 -0.020446 0.000000 0.117338 0.738197 -0.664302 2.100000 0.131259 0.651526 0.747184 0.000000 0.000000 0.000000 0.000000 1.000000
0.983842 -0.178205 -0.017262 0.000000 0.119523 0.725516 -0.677746 2.100000 0.133301 0.664732 0.735093 0.000000 0.000000 0.000000 0.000000 1.000000
0.983528 -0.180105 -0.015313 0.000000 0.120801 0.717960 -0.685522 2.100000 0.134460 0.672380 0.727891 -0.000000 0.000000 0.000000 0.000000 1.000000
0.983307 -0.181416 -0.013951 0.000000 0.121680 0.712657 -0.690879 2.100000 0.135279 0.677649 0.722836 0.000000 0.000000 0.000000 0.000000 1.000000
0.983164 -0.182256 -0.013076 0.000000 0.122242 0.709235 -0.694293 2.100000 0.135813 0.681005 0.719574 0.000000 0.000000 0.000000 0.000000 1.000000
0.983083 -0.182727 -0.012580 0.000000 0.122557 0.707295 -0.696214 2.100000 0.136114 0.682894 0.717724 -0.000000 0.000000 0.000000 0.000000 1.000000
0.983048 -0.182929 -0.012365 0.000000 0.122686 0.706425 -0.697074 2.100000 0.136250 0.683740 0.716893 0.000000 0.000000 0.000000 0.000000 1.000000
0.983037 -0.182995 -0.012297 0.000000 0.122736 0.706189 -0.697304 2.100000 0.136287 0.683966 0.716670 0.000000 0.000000 0.000000 0.000000 1.000000
0.983211 -0.181995 -0.013216 0.000000 0.122118 0.710089 -0.693441 2.100000 0.135587 0.680185 0.720392 0.000000 0.000000 0.000000 0.000000 1.000000
0.984412 -0.174775 -0.019655 0.000000 0.117602 0.737212 -0.665349 2.100000 0.130776 0.652666 0.746274 0.000000 0.000000 0.000000 0.000000 1.000000
0.986290 -0.162258 -0.030082 0.000000 0.109549 0.780103 -0.615986 2.100000 0.123416 0.604245 0.787183 0.000000 0.000000 0.000000 0.000000 1.000000
0.988310 -0.146569 -0.041963 -0.000000 0.099184 0.827162 -0.553142 2.100000 0.115783 0.542513 0.832030 -0.000000 0.000000 0.000000 0.000000 1.000000
0.990062 -0.130228 -0.053085 0.000000 0.088208 0.869042 -0.486812 2.100000 0.109530 0.477291 0.871892 -0.000000 0.000000 0.000000 0.000000 1.000000
0.991308 -0.116183 -0.061726 0.000000 0.078724 0.899751 -0.429245 2.100000 0.105409 0.420655 0.901076 -0.000000 0.000000 0.000000 0.000000 1.000000
0.991958 -0.107625 -0.066607 0.000000 0.072953 0.916219 -0.393982 2.100000 0.103428 0.385954 0.916702 0.000000 0.000000 0.000000 0.000000 1.000000
0.992044 -0.106411 -0.067275 0.000000 0.072137 0.918425 -0.388963 2.100000 0.103177 0.381016 0.918794 0.000000 0.000000 0.000000 0.000000 1.000000
0.992044 -0.106411 -0.067275 0.000000 0.072137 0.918425 -0.388963 2.100000 0.103177 0.381015 0.918794 0.000000 0.000000 0.000000 0.000000 1.000000
0.992044 -0.106410 -0.067275 0.000000 0.072136 0.918425 -0.388963 2.100000 0.103177 0.381016 0.918794 -0.000000 0.000000 0.000000 0.000000 1.000000
0.992044 -0.106410 -0.067275 -0.000000 0.072136 0.918425 -0.388963 2.100000 0.103177 0.381016 0.918794 0.000000 0.000000 0.000000 0.000000 1.000000
0.992044 -0.106411 -0.067275 -0.000000 0.072137 0.918425 -0.388963 2.100000 0.103177 0.381016 0.918794 0.000000 0.000000 0.000000 0.000000 1.000000</float_array>
        <technique_common>
          <accessor source="#mixamorig_RightHandPinky3-Matrix-animation-output-transform-array" count="96" stride="16">
            <param type="float4x4"/>
          </accessor>
        </technique_common>
      </source>
      <source id="mixamorig_RightHandPinky3-Interpolations">
        <Name_array id="mixamorig_RightHandPinky3-Interpolations-array" count="96">
 LINEAR LINEAR LINEAR LINEAR LINEAR LINEAR LINEAR LINEAR LINEAR LINEAR LINEAR
LINEAR LINEAR LINEAR LINEAR LINEAR LINEAR LINEAR LINEAR LINEAR LINEAR LINEAR LINEAR
LINEAR LINEAR LINEAR LINEAR LINEAR LINEAR LINEAR LINEAR LINEAR LINEAR LINEAR LINEAR
LINEAR LINEAR LINEAR LINEAR LINEAR LINEAR LINEAR LINEAR LINEAR LINEAR LINEAR LINEAR
LINEAR LINEAR LINEAR LINEAR LINEAR LINEAR LINEAR LINEAR LINEAR LINEAR LINEAR LINEAR
LINEAR LINEAR LINEAR LINEAR LINEAR LINEAR LINEAR LINEAR LINEAR LINEAR LINEAR LINEAR
LINEAR LINEAR LINEAR LINEAR LINEAR LINEAR LINEAR LINEAR LINEAR LINEAR LINEAR LINEAR
LINEAR LINEAR LINEAR LINEAR LINEAR LINEAR LINEAR LINEAR LINEAR LINEAR LINEAR LINEAR
LINEAR</Name_array>
        <technique_common>
          <accessor source="#mixamorig_RightHandPinky3-Interpolations-array" count="96">
            <param type="name"/>
          </accessor>
        </technique_common>
      </source>
      <sampler id="mixamorig_RightHandPinky3-Matrix-animation-transform">
        <input semantic="INPUT" source="#mixamorig_RightHandPinky3-Matrix-animation-input"/>
        <input semantic="OUTPUT" source="#mixamorig_RightHandPinky3-Matrix-animation-output-transform"/>
        <input semantic="INTERPOLATION" source="#mixamorig_RightHandPinky3-Interpolations"/>
      </sampler>
      <channel source="#mixamorig_RightHandPinky3-Matrix-animation-transform" target="mixamorig_RightHandPinky3/matrix"/>
    </animation>
    <animation id="mixamorig_LeftShoulder-anim" name="mixamorig_LeftShoulder">
      <source id="mixamorig_LeftShoulder-Matrix-animation-input">
        <float_array id="mixamorig_LeftShoulder-Matrix-animation-input-array" count="96">

0.000000 0.033333 0.066667 0.100000 0.133333 0.166667 0.200000 0.233333 0.266667 0.300000 0.333333 0.366667 0.400000 0.433333 0.466667 0.500000
0.533333 0.566667 0.600000 0.633333 0.666667 0.700000 0.733333 0.766667 0.800000 0.833333 0.866667 0.900000 0.933333 0.966667 1.000000 1.033333
1.066667 1.100000 1.133333 1.166667 1.200000 1.233333 1.266667 1.300000 1.333333 1.366667 1.400000 1.433333 1.466667 1.500000 1.533333 1.566667
1.600000 1.633333 1.666667 1.700000 1.733333 1.766667 1.800000 1.833333 1.866667 1.900000 1.933333 1.966667 2.000000 2.033333 2.066667 2.100000
2.133333 2.166667 2.200000 2.233333 2.266667 2.300000 2.333333 2.366667 2.400000 2.433333 2.466667 2.500000 2.533333 2.566667 2.600000 2.633333
2.666667 2.700000 2.733333 2.766667 2.800000 2.833333 2.866667 2.900000 2.933333 2.966667 3.000000 3.033333 3.066667 3.100000 3.133333 3.166667</float_array>
        <technique_common>
          <accessor source="#mixamorig_LeftShoulder-Matrix-animation-input-array" count="96">
            <param name="TIME" type="float"/>
          </accessor>
        </technique_common>
      </source>
      <source id="mixamorig_LeftShoulder-Matrix-animation-output-transform">
        <float_array id="mixamorig_LeftShoulder-Matrix-animation-output-transform-array" count="1536">

-0.144033 0.954747 -0.260216 4.570400 0.204322 -0.228599 -0.951838 11.195600 -0.968249 -0.190264 -0.162150 -0.806600 0.000000 0.000000 0.000000 1.000000
-0.137998 0.949620 -0.281386 4.570400 0.208878 -0.249810 -0.945497 11.195600 -0.968156 -0.189252 -0.163881 -0.806600 0.000000 0.000000 0.000000 1.000000
-0.123934 0.939235 -0.320122 4.570400 0.216251 -0.289290 -0.932495 11.195600 -0.968440 -0.184795 -0.167258 -0.806600 0.000000 0.000000 0.000000 1.000000
-0.101499 0.926709 -0.361812 4.570400 0.221780 -0.333460 -0.916307 11.195600 -0.969800 -0.173247 -0.171680 -0.806600 0.000000 0.000000 0.000000 1.000000
-0.073597 0.915312 -0.395964 4.570400 0.223153 -0.371860 -0.901068 11.195600 -0.972001 -0.154676 -0.176887 -0.806600 0.000000 0.000000 0.000000 1.000000
-0.042602 0.912864 -0.406034 4.570400 0.217757 -0.388149 -0.895501 11.195600 -0.975073 -0.126567 -0.182247 -0.806600 0.000000 0.000000 0.000000 1.000000
-0.010110 0.926617 -0.375870 4.570400 0.205721 -0.365921 -0.907624 11.195600 -0.978558 -0.086500 -0.186925 -0.806600 0.000000 0.000000 0.000000 1.000000
0.027939 0.960247 -0.277752 4.570400 0.190326 -0.277887 -0.941570 11.195600 -0.981323 -0.026556 -0.190524 -0.806600 0.000000 0.000000 0.000000 1.000000
0.069241 0.993851 -0.086402 4.570400 0.180845 -0.097680 -0.978649 11.195600 -0.981071 0.052137 -0.186496 -0.806600 0.000000 0.000000 0.000000 1.000000
0.106744 0.973830 0.200653 4.570400 0.185550 0.178751 -0.966240 11.195600 -0.976820 0.140371 -0.161613 -0.806600 0.000000 0.000000 0.000000 1.000000
0.122178 0.885127 0.449024 4.570400 0.196425 0.421901 -0.885108 11.195600 -0.972877 0.196340 -0.122314 -0.806600 0.000000 0.000000 0.000000 1.000000
0.128513 0.803706 0.580982 4.570400 0.203605 0.551977 -0.808620 11.195600 -0.970582 0.222209 -0.092702 -0.806600 0.000000 0.000000 0.000000 1.000000
0.130889 0.807298 0.575445 4.570400 0.201618 0.546634 -0.812737 11.195600 -0.970679 0.222398 -0.091217 -0.806600 0.000000 0.000000 0.000000 1.000000
0.138223 0.853964 0.501636 4.570400 0.198040 0.472437 -0.858827 11.195600 -0.970399 0.218054 -0.103817 -0.806600 0.000000 0.000000 0.000000 1.000000
0.149124 0.887284 0.436450 4.570400 0.196244 0.406049 -0.892531 11.195600 -0.969149 0.218749 -0.113573 -0.806600 0.000000 0.000000 0.000000 1.000000
0.168628 0.894246 0.414594 4.570400 0.198876 0.381100 -0.902890 11.195600 -0.965408 0.234706 -0.113580 -0.806600 0.000000 0.000000 0.000000 1.000000
0.188274 0.885573 0.424633 4.570400 0.204026 0.387666 -0.898938 11.195600 -0.960691 0.255883 -0.107692 -0.806600 0.000000 0.000000 0.000000 1.000000
0.198541 0.879381 0.432747 4.570400 0.208714 0.393474 -0.895330 11.195600 -0.957612 0.268080 -0.105419 -0.806600 0.000000 0.000000 0.000000 1.000000
0.199228 0.878052 0.435124 4.570400 0.211368 0.395070 -0.894004 11.195600 -0.956887 0.270082 -0.106883 -0.806600 0.000000 0.000000 0.000000 1.000000
0.192150 0.882704 0.428849 4.570400 0.209958 0.389898 -0.896603 11.195600 -0.958643 0.262322 -0.110412 -0.806600 0.000000 0.000000 0.000000 1.000000
0.183064 0.894937 0.406909 4.570400 0.205551 0.369912 -0.906043 11.195600 -0.961372 0.249504 -0.116238 -0.806600 0.000000 0.000000 0.000000 1.000000
0.176015 0.916247 0.359874 4.570400 0.199612 0.324765 -0.924490 11.195600 -0.963937 0.234559 -0.125731 -0.806600 0.000000 0.000000 0.000000 1.000000
0.175808 0.941720 0.286801 4.570400 0.194769 0.252305 -0.947844 11.195600 -0.964965 0.222499 -0.139061 -0.806600 0.000000 0.000000 0.000000 1.000000
0.182188 0.963835 0.194499 4.570400 0.190908 0.159371 -0.968584 11.195600 -0.964553 0.213596 -0.154968 -0.806600 0.000000 0.000000 0.000000 1.000000
0.192074 0.976647 0.096274 4.570400 0.187271 0.059823 -0.980485 11.195600 -0.963347 0.206356 -0.171407 -0.806600 0.000000 0.000000 0.000000 1.000000
0.200057 0.979777 0.003735 4.570400 0.182970 -0.033614 -0.982544 11.195600 -0.962548 0.197248 -0.185994 -0.806600 0.000000 0.000000 0.000000 1.000000
0.201923 0.976352 -0.077229 4.570400 0.178559 -0.114231 -0.977276 11.195600 -0.962987 0.183544 -0.197402 -0.806600 0.000000 0.000000 0.000000 1.000000
0.196629 0.969858 -0.143918 4.570400 0.175493 -0.179226 -0.968029 11.195600 -0.964645 0.165086 -0.205444 -0.806600 0.000000 0.000000 0.000000 1.000000
0.186031 0.963347 -0.193275 4.570400 0.174930 -0.226039 -0.958283 11.195600 -0.966847 0.144460 -0.210568 -0.806600 0.000000 0.000000 0.000000 1.000000
0.174019 0.957533 -0.229886 4.570400 0.175889 -0.259917 -0.949477 11.195600 -0.968907 0.124792 -0.213650 -0.806600 0.000000 0.000000 0.000000 1.000000
0.162637 0.953275 -0.254588 4.570400 0.177804 -0.282115 -0.942760 11.195600 -0.970533 0.108061 -0.215379 -0.806600 0.000000 0.000000 0.000000 1.000000
0.153950 0.952224 -0.263759 4.570400 0.180504 -0.289552 -0.939988 11.195600 -0.971451 0.097102 -0.216457 -0.806600 0.000000 0.000000 0.000000 1.000000
0.149374 0.956379 -0.251052 4.570400 0.184696 -0.276419 -0.943122 11.195600 -0.971378 0.094510 -0.217929 -0.806600 0.000000 0.000000 0.000000 1.000000
0.145001 0.964307 -0.221554 4.570400 0.188926 -0.246785 -0.950476 11.195600 -0.971227 0.095963 -0.217967 -0.806600 0.000000 0.000000 0.000000 1.000000
0.135526 0.972413 -0.189855 4.570400 0.191618 -0.213731 -0.957915 11.195600 -0.972067 0.093443 -0.215298 -0.806600 0.000000 0.000000 0.000000 1.000000
0.119290 0.978454 -0.168515 4.570400 0.191251 -0.189193 -0.963135 11.195600 -0.974265 0.082664 -0.209699 -0.806600 0.000000 0.000000 0.000000 1.000000
0.092687 0.982600 -0.160957 4.570400 0.188195 -0.176028 -0.966228 11.195600 -0.977748 0.059266 -0.201236 -0.806600 0.000000 0.000000 0.000000 1.000000
0.063464 0.984853 -0.161361 4.570400 0.183982 -0.170462 -0.968036 11.195600 -0.980879 0.031748 -0.192014 -0.806600 0.000000 0.000000 0.000000 1.000000
0.029943 0.985254 -0.168459 4.570400 0.179417 -0.171095 -0.968781 11.195600 -0.983317 -0.001216 -0.181894 -0.806600 0.000000 0.000000 0.000000 1.000000
0.001723 0.982344 -0.187074 4.570400 0.176827 -0.184426 -0.966809 11.195600 -0.984240 -0.031413 -0.174023 -0.806600 0.000000 0.000000 0.000000 1.000000
-0.022510 0.977498 -0.209739 4.570400 0.176890 -0.202588 -0.963155 11.195600 -0.983973 -0.058781 -0.168349 -0.806600 0.000000 0.000000 0.000000 1.000000
-0.026653 0.968526 -0.247483 4.570400 0.181051 -0.238800 -0.954042 11.195600 -0.983113 -0.070235 -0.168988 -0.806600 0.000000 0.000000 0.000000 1.000000
-0.057918 0.957286 -0.283283 4.570400 0.187011 -0.268332 -0.945000 11.195600 -0.980649 -0.107709 -0.163482 -0.806600 0.000000 0.000000 0.000000 1.000000
-0.093166 0.939091 -0.330800 4.570400 0.196314 -0.308396 -0.930781 11.195600 -0.976105 -0.151658 -0.155624 -0.806600 0.000000 0.000000 0.000000 1.000000
-0.124586 0.921653 -0.367470 4.570400 0.204899 -0.338474 -0.918396 11.195600 -0.970822 -0.189714 -0.146676 -0.806600 0.000000 0.000000 0.000000 1.000000
-0.138729 0.911664 -0.386812 4.570400 0.209763 -0.354676 -0.911155 11.195600 -0.967860 -0.207542 -0.142030 -0.806600 0.000000 0.000000 0.000000 1.000000
-0.146865 0.910013 -0.387694 4.570400 0.210461 -0.354221 -0.911171 11.195600 -0.966507 -0.215414 -0.139500 -0.806600 0.000000 0.000000 0.000000 1.000000
-0.154617 0.911208 -0.381829 4.570400 0.209641 -0.347416 -0.913976 11.195600 -0.965476 -0.221363 -0.137311 -0.806600 0.000000 0.000000 0.000000 1.000000
-0.164017 0.914247 -0.370473 4.570400 0.207625 -0.335151 -0.919002 11.195600 -0.964360 -0.227652 -0.134850 -0.806600 0.000000 0.000000 0.000000 1.000000
-0.169406 0.920824 -0.351262 4.570400 0.203544 -0.316040 -0.926654 11.195600 -0.964298 -0.228479 -0.133889 -0.806600 0.000000 0.000000 0.000000 1.000000
-0.170890 0.929278 -0.327475 4.570400 0.198239 -0.293139 -0.935292 11.195600 -0.965141 -0.224750 -0.134125 -0.806600 0.000000 0.000000 0.000000 1.000000
-0.169572 0.935025 -0.311407 4.570400 0.194614 -0.277991 -0.940663 11.195600 -0.966111 -0.220114 -0.134829 -0.806600 0.000000 0.000000 0.000000 1.000000
-0.169952 0.936232 -0.307550 4.570400 0.193763 -0.274250 -0.941936 11.195600 -0.966215 -0.219676 -0.134798 -0.806600 0.000000 0.000000 0.000000 1.000000
-0.172411 0.934233 -0.312223 4.570400 0.194855 -0.278359 -0.940504 11.195600 -0.965560 -0.222992 -0.134048 -0.806600 0.000000 0.000000 0.000000 1.000000
-0.177408 0.930478 -0.320526 4.570400 0.196844 -0.285561 -0.937927 11.195600 -0.964250 -0.229489 -0.132498 -0.806600 0.000000 0.000000 0.000000 1.000000
-0.183060 0.927543 -0.325810 4.570400 0.198201 -0.289785 -0.936345 11.195600 -0.962915 -0.235983 -0.130792 -0.806600 0.000000 0.000000 0.000000 1.000000
-0.186177 0.926110 -0.328113 4.570400 0.198819 -0.291532 -0.935671 11.195600 -0.962190 -0.239435 -0.129852 -0.806600 0.000000 0.000000 0.000000 1.000000
-0.185828 0.925223 -0.330801 4.570400 0.199435 -0.294142 -0.934723 11.195600 -0.962130 -0.239671 -0.129862 -0.806600 0.000000 0.000000 0.000000 1.000000
-0.182175 0.923053 -0.338801 4.570400 0.201174 -0.302288 -0.931746 11.195600 -0.962466 -0.237899 -0.130625 -0.806600 0.000000 0.000000 0.000000 1.000000
-0.176083 0.920098 -0.349878 4.570400 0.203501 -0.313729 -0.927449 11.195600 -0.963111 -0.234509 -0.131998 -0.806600 0.000000 0.000000 0.000000 1.000000
-0.169859 0.916544 -0.362071 4.570400 0.206013 -0.326266 -0.922556 11.195600 -0.963694 -0.231296 -0.133401 -0.806600 0.000000 0.000000 0.000000 1.000000
-0.162035 0.914329 -0.371142 4.570400 0.207674 -0.336092 -0.918648 11.195600 -0.964685 -0.225929 -0.135424 -0.806600 0.000000 0.000000 0.000000 1.000000
-0.160347 0.915252 -0.369598 4.570400 0.207240 -0.334880 -0.919188 11.195600 -0.965060 -0.223985 -0.135980 -0.806600 0.000000 0.000000 0.000000 1.000000
-0.173997 0.916307 -0.360702 4.570400 0.205894 -0.324342 -0.923260 11.195600 -0.962981 -0.234911 -0.132228 -0.806600 0.000000 0.000000 0.000000 1.000000
-0.199156 0.912160 -0.358191 4.570400 0.206416 -0.318266 -0.925256 11.195600 -0.957982 -0.258207 -0.124900 -0.806600 0.000000 0.000000 0.000000 1.000000
-0.211221 0.911864 -0.351979 4.570400 0.205384 -0.310659 -0.928067 11.195600 -0.955617 -0.268318 -0.121665 -0.806600 0.000000 0.000000 0.000000 1.000000
-0.183468 0.924299 -0.334679 4.570400 0.200265 -0.298174 -0.933266 11.195600 -0.962410 -0.238250 -0.130400 -0.806600 0.000000 0.000000 0.000000 1.000000
-0.113605 0.955561 -0.272026 4.570400 0.185706 -0.248550 -0.950650 11.195600 -0.976016 -0.158515 -0.149217 -0.806600 0.000000 0.000000 0.000000 1.000000
-0.048559 0.967653 -0.247567 4.570400 0.181156 -0.235217 -0.954911 11.195600 -0.982255 -0.091218 -0.163874 -0.806600 0.000000 0.000000 0.000000 1.000000
-0.027230 0.967740 -0.250474 4.570400 0.181506 -0.241616 -0.953246 11.195600 -0.983013 -0.071419 -0.169071 -0.806600 0.000000 0.000000 0.000000 1.000000
-0.039898 0.961002 -0.273647 4.570400 0.185159 -0.262011 -0.947136 11.195600 -0.981898 -0.088457 -0.167484 -0.806600 0.000000 0.000000 0.000000 1.000000
-0.078569 0.954854 -0.286496 4.570400 0.187930 -0.268045 -0.944899 11.195600 -0.979035 -0.128081 -0.158386 -0.806600 0.000000 0.000000 0.000000 1.000000
-0.120480 0.946696 -0.298748 4.570400 0.192564 -0.272937 -0.942563 11.195600 -0.973860 -0.171088 -0.149416 -0.806600 0.000000 0.000000 0.000000 1.000000
-0.157751 0.943957 -0.289930 4.570400 0.194026 -0.258253 -0.946393 11.195600 -0.968230 -0.205549 -0.142412 -0.806600 0.000000 0.000000 0.000000 1.000000
-0.178253 0.951530 -0.250631 4.570400 0.188922 -0.216876 -0.957744 11.195600 -0.965678 -0.218070 -0.141106 -0.806600 0.000000 0.000000 0.000000 1.000000
-0.152404 0.969917 -0.189827 4.570400 0.175814 -0.162401 -0.970935 11.195600 -0.972555 -0.181349 -0.145774 -0.806600 0.000000 0.000000 0.000000 1.000000
-0.121072 0.983679 -0.133106 4.570400 0.164702 -0.112327 -0.979926 11.195600 -0.978884 -0.140565 -0.148414 -0.806600 0.000000 0.000000 0.000000 1.000000
-0.074582 0.993121 -0.090266 4.570400 0.153246 -0.078029 -0.985103 11.195600 -0.985370 -0.087304 -0.146372 -0.806600 0.000000 0.000000 0.000000 1.000000
-0.039552 0.996641 -0.071712 4.570400 0.141896 -0.065439 -0.987716 11.195600 -0.989091 -0.049242 -0.138831 -0.806600 0.000000 0.000000 0.000000 1.000000
-0.000843 0.997970 -0.063682 4.570400 0.131484 -0.063019 -0.989313 11.195600 -0.991318 -0.009207 -0.131164 -0.806600 0.000000 0.000000 0.000000 1.000000
0.042176 0.997230 -0.061268 4.570400 0.121112 -0.065973 -0.990444 11.195600 -0.991742 0.034352 -0.123559 -0.806600 0.000000 0.000000 0.000000 1.000000
0.086780 0.994569 -0.057467 4.570400 0.111605 -0.067027 -0.991490 11.195600 -0.989956 0.079628 -0.116816 -0.806600 0.000000 0.000000 0.000000 1.000000
0.127648 0.990788 -0.045224 4.570400 0.103436 -0.058647 -0.992906 11.195600 -0.986411 0.122065 -0.109969 -0.806600 0.000000 0.000000 0.000000 1.000000
0.161361 0.986375 -0.032057 4.570400 0.096815 -0.048147 -0.994137 11.195600 -0.982135 0.157312 -0.103265 -0.806600 0.000000 0.000000 0.000000 1.000000
0.183594 0.982751 -0.022240 4.570400 0.091857 -0.039677 -0.994981 11.195600 -0.978701 0.180629 -0.097557 -0.806600 0.000000 0.000000 0.000000 1.000000
0.191246 0.981265 -0.023344 4.570400 0.087944 -0.040817 -0.995289 11.195600 -0.977594 0.188292 -0.094103 -0.806600 0.000000 0.000000 0.000000 1.000000
0.176461 0.983432 -0.041506 4.570400 0.083990 -0.057058 -0.994832 11.195600 -0.980718 0.172063 -0.092667 -0.806600 0.000000 0.000000 0.000000 1.000000
0.127956 0.990053 -0.058496 4.570400 0.084039 -0.069592 -0.994029 11.195600 -0.988213 0.122276 -0.092108 -0.806600 0.000000 0.000000 0.000000 1.000000
0.046367 0.996075 -0.075397 4.570400 0.087034 -0.079219 -0.993051 11.195600 -0.995126 0.039482 -0.090365 -0.806600 0.000000 0.000000 0.000000 1.000000
-0.036209 0.995206 -0.090848 4.570400 0.092047 -0.087199 -0.991929 11.195600 -0.995096 -0.044279 -0.088448 -0.806600 0.000000 0.000000 0.000000 1.000000
-0.075453 0.992291 -0.098315 4.570400 0.094808 -0.091011 -0.991327 11.195600 -0.992632 -0.084120 -0.087210 -0.806600 0.000000 0.000000 0.000000 1.000000
-0.071827 0.992684 -0.097049 4.570400 0.093657 -0.090158 -0.991514 11.195600 -0.993010 -0.080307 -0.086496 -0.806600 0.000000 0.000000 0.000000 1.000000
-0.063549 0.993439 -0.095085 4.570400 0.091972 -0.089042 -0.991773 11.195600 -0.993732 -0.071771 -0.085710 -0.806600 0.000000 0.000000 0.000000 1.000000
-0.056703 0.994007 -0.093458 4.570400 0.090609 -0.088098 -0.991982 11.195600 -0.994271 -0.064717 -0.085071 -0.806600 0.000000 0.000000 0.000000 1.000000
-0.048590 0.994730 -0.090282 4.570400 0.089803 -0.085671 -0.992268 11.195600 -0.994774 -0.056322 -0.085167 -0.806600 0.000000 0.000000 0.000000 1.000000
-0.044531 0.995077 -0.088542 4.570400 0.089518 -0.084299 -0.992411 11.195600 -0.994989 -0.052119 -0.085323 -0.806600 0.000000 0.000000 0.000000 1.000000</float_array>
        <technique_common>
          <accessor source="#mixamorig_LeftShoulder-Matrix-animation-output-transform-array" count="96" stride="16">
            <param type="float4x4"/>
          </accessor>
        </technique_common>
      </source>
      <source id="mixamorig_LeftShoulder-Interpolations">
        <Name_array id="mixamorig_LeftShoulder-Interpolations-array" count="96">
 LINEAR LINEAR LINEAR LINEAR LINEAR LINEAR LINEAR LINEAR LINEAR LINEAR LINEAR
LINEAR LINEAR LINEAR LINEAR LINEAR LINEAR LINEAR LINEAR LINEAR LINEAR LINEAR LINEAR
LINEAR LINEAR LINEAR LINEAR LINEAR LINEAR LINEAR LINEAR LINEAR LINEAR LINEAR LINEAR
LINEAR LINEAR LINEAR LINEAR LINEAR LINEAR LINEAR LINEAR LINEAR LINEAR LINEAR LINEAR
LINEAR LINEAR LINEAR LINEAR LINEAR LINEAR LINEAR LINEAR LINEAR LINEAR LINEAR LINEAR
LINEAR LINEAR LINEAR LINEAR LINEAR LINEAR LINEAR LINEAR LINEAR LINEAR LINEAR LINEAR
LINEAR LINEAR LINEAR LINEAR LINEAR LINEAR LINEAR LINEAR LINEAR LINEAR LINEAR LINEAR
LINEAR LINEAR LINEAR LINEAR LINEAR LINEAR LINEAR LINEAR LINEAR LINEAR LINEAR LINEAR
LINEAR</Name_array>
        <technique_common>
          <accessor source="#mixamorig_LeftShoulder-Interpolations-array" count="96">
            <param type="name"/>
          </accessor>
        </technique_common>
      </source>
      <sampler id="mixamorig_LeftShoulder-Matrix-animation-transform">
        <input semantic="INPUT" source="#mixamorig_LeftShoulder-Matrix-animation-input"/>
        <input semantic="OUTPUT" source="#mixamorig_LeftShoulder-Matrix-animation-output-transform"/>
        <input semantic="INTERPOLATION" source="#mixamorig_LeftShoulder-Interpolations"/>
      </sampler>
      <channel source="#mixamorig_LeftShoulder-Matrix-animation-transform" target="mixamorig_LeftShoulder/matrix"/>
    </animation>
    <animation id="mixamorig_LeftArm-anim" name="mixamorig_LeftArm">
      <source id="mixamorig_LeftArm-Matrix-animation-input">
        <float_array id="mixamorig_LeftArm-Matrix-animation-input-array" count="96">

0.000000 0.033333 0.066667 0.100000 0.133333 0.166667 0.200000 0.233333 0.266667 0.300000 0.333333 0.366667 0.400000 0.433333 0.466667 0.500000
0.533333 0.566667 0.600000 0.633333 0.666667 0.700000 0.733333 0.766667 0.800000 0.833333 0.866667 0.900000 0.933333 0.966667 1.000000 1.033333
1.066667 1.100000 1.133333 1.166667 1.200000 1.233333 1.266667 1.300000 1.333333 1.366667 1.400000 1.433333 1.466667 1.500000 1.533333 1.566667
1.600000 1.633333 1.666667 1.700000 1.733333 1.766667 1.800000 1.833333 1.866667 1.900000 1.933333 1.966667 2.000000 2.033333 2.066667 2.100000
2.133333 2.166667 2.200000 2.233333 2.266667 2.300000 2.333333 2.366667 2.400000 2.433333 2.466667 2.500000 2.533333 2.566667 2.600000 2.633333
2.666667 2.700000 2.733333 2.766667 2.800000 2.833333 2.866667 2.900000 2.933333 2.966667 3.000000 3.033333 3.066667 3.100000 3.133333 3.166667</float_array>
        <technique_common>
          <accessor source="#mixamorig_LeftArm-Matrix-animation-input-array" count="96">
            <param name="TIME" type="float"/>
          </accessor>
        </technique_common>
      </source>
      <source id="mixamorig_LeftArm-Matrix-animation-output-transform">
        <float_array id="mixamorig_LeftArm-Matrix-animation-output-transform-array" count="1536">

0.763234 -0.238108 -0.600648 0.000000 -0.263653 0.733932 -0.625964 10.837700 0.589882 0.636120 0.497384 0.000000 0.000000 0.000000 0.000000 1.000000
0.769791 -0.262137 -0.581985 0.000000 -0.227361 0.739365 -0.633755 10.837700 0.596430 0.620180 0.509557 -0.000000 0.000000 0.000000 0.000000 1.000000
0.774440 -0.312955 -0.549819 0.000000 -0.155141 0.748597 -0.644620 10.837700 0.613330 0.584519 0.531191 0.000000 0.000000 0.000000 0.000000 1.000000
0.762036 -0.384200 -0.521241 -0.000000 -0.062893 0.757242 -0.650099 10.837700 0.644473 0.528181 0.552882 0.000000 0.000000 0.000000 0.000000 1.000000
0.726975 -0.463631 -0.506511 0.000000 0.032559 0.760085 -0.649007 10.837700 0.685891 0.455321 0.567658 -0.000000 0.000000 0.000000 0.000000 1.000000
0.664979 -0.533670 -0.522493 0.000000 0.107572 0.760728 -0.640094 10.837700 0.739074 0.369444 0.563277 0.000000 0.000000 0.000000 0.000000 1.000000
0.576094 -0.576721 -0.579231 0.000000 0.143078 0.768851 -0.623215 10.837700 0.804763 0.276156 0.525447 0.000000 0.000000 0.000000 0.000000 1.000000
0.449285 -0.570620 -0.687412 -0.000000 0.122383 0.801501 -0.585337 10.837700 0.884966 0.178855 0.429937 0.000000 0.000000 0.000000 0.000000 1.000000
0.298099 -0.494406 -0.816516 -0.000000 0.059126 0.863329 -0.501166 10.837700 0.952702 0.101120 0.286590 0.000000 0.000000 0.000000 0.000000 1.000000
0.146857 -0.358967 -0.921724 0.000000 -0.012338 0.931090 -0.364580 10.837700 0.989081 0.064913 0.132308 0.000000 0.000000 0.000000 0.000000 1.000000
0.106609 -0.257858 -0.960283 0.000000 -0.024961 0.964789 -0.261839 10.837700 0.993988 0.051884 0.096418 0.000000 0.000000 0.000000 0.000000 1.000000
0.169216 -0.228701 -0.958677 0.000000 0.020720 0.973315 -0.228536 10.837700 0.985361 0.018808 0.169439 0.000000 0.000000 0.000000 0.000000 1.000000
0.245297 -0.286771 -0.926063 0.000000 0.114003 0.957152 -0.266201 10.837700 0.962722 -0.040276 0.267479 0.000000 0.000000 0.000000 0.000000 1.000000
0.288060 -0.362788 -0.886232 0.000000 0.209865 0.926878 -0.311213 10.837700 0.934333 -0.096341 0.343133 0.000000 0.000000 0.000000 0.000000 1.000000
0.290611 -0.414093 -0.862596 0.000000 0.267904 0.900661 -0.342108 10.837700 0.918571 -0.131672 0.372679 0.000000 0.000000 0.000000 0.000000 1.000000
0.288409 -0.431283 -0.854877 0.000000 0.292663 0.889795 -0.350163 10.837700 0.911685 -0.149201 0.382845 0.000000 0.000000 0.000000 0.000000 1.000000
0.298416 -0.417519 -0.858269 -0.000000 0.288349 0.896661 -0.335938 10.837700 0.909837 -0.147232 0.387969 0.000000 0.000000 0.000000 0.000000 1.000000
0.316377 -0.392960 -0.863416 0.000000 0.270079 0.909814 -0.315113 10.837700 0.909375 -0.133496 0.393975 -0.000000 0.000000 0.000000 0.000000 1.000000
0.341713 -0.359986 -0.868126 0.000000 0.239434 0.926596 -0.289986 10.837700 0.908793 -0.108767 0.402822 0.000000 0.000000 0.000000 0.000000 1.000000
0.366264 -0.330534 -0.869826 0.000000 0.204117 0.940556 -0.271462 10.837700 0.907847 -0.078119 0.411959 -0.000000 0.000000 0.000000 0.000000 1.000000
0.391559 -0.313246 -0.865193 0.000000 0.177754 0.948309 -0.262893 10.837700 0.902821 -0.050854 0.427000 -0.000000 0.000000 0.000000 0.000000 1.000000
0.413046 -0.329039 -0.849192 0.000000 0.184337 0.943355 -0.275864 10.837700 0.891859 -0.042593 0.450303 0.000000 0.000000 0.000000 0.000000 1.000000
0.440402 -0.374069 -0.816161 -0.000000 0.226407 0.925960 -0.302222 10.837700 0.868784 -0.051685 0.492487 0.000000 0.000000 0.000000 0.000000 1.000000
0.481221 -0.429393 -0.764230 0.000000 0.284889 0.901095 -0.326903 10.837700 0.829014 -0.060409 0.555956 0.000000 0.000000 0.000000 0.000000 1.000000
0.540720 -0.471286 -0.696786 0.000000 0.335828 0.880390 -0.334862 10.837700 0.771260 -0.052934 0.634316 0.000000 0.000000 0.000000 0.000000 1.000000
0.622742 -0.488748 -0.610997 -0.000000 0.370507 0.872002 -0.319902 10.837700 0.689142 -0.027162 0.724117 0.000000 0.000000 0.000000 0.000000 1.000000
0.704744 -0.484411 -0.518345 0.000000 0.383073 0.874777 -0.296682 10.837700 0.597152 0.010521 0.802059 0.000000 0.000000 0.000000 0.000000 1.000000
0.779711 -0.463934 -0.420495 -0.000000 0.378969 0.884258 -0.272894 10.837700 0.498430 0.053424 0.865282 0.000000 0.000000 0.000000 0.000000 1.000000
0.837580 -0.432302 -0.334030 0.000000 0.360711 0.896809 -0.256169 10.837700 0.410303 0.094073 0.907084 0.000000 0.000000 0.000000 0.000000 1.000000
0.883964 -0.390751 -0.256752 0.000000 0.339576 0.914021 -0.221932 10.837700 0.321397 0.108992 0.940651 -0.000000 0.000000 0.000000 0.000000 1.000000
0.919363 -0.343450 -0.191869 0.000000 0.315935 0.935170 -0.160134 10.837700 0.234428 0.086604 0.968268 0.000000 0.000000 0.000000 0.000000 1.000000
0.942418 -0.297793 -0.152210 0.000000 0.287617 0.953921 -0.085509 10.837700 0.170660 0.036807 0.984642 0.000000 0.000000 0.000000 0.000000 1.000000
0.955533 -0.251396 -0.154130 -0.000000 0.249243 0.967863 -0.033455 10.837700 0.157587 -0.006448 0.987484 0.000000 0.000000 0.000000 0.000000 1.000000
0.953676 -0.216277 -0.209110 0.000000 0.215108 0.976171 -0.028600 10.837700 0.210313 -0.017706 0.977474 -0.000000 0.000000 0.000000 0.000000 1.000000
0.930518 -0.205564 -0.303116 0.000000 0.195490 0.978644 -0.063563 10.837700 0.309709 -0.000110 0.950831 0.000000 0.000000 0.000000 0.000000 1.000000
0.887896 -0.220956 -0.403509 -0.000000 0.189740 0.974917 -0.116342 10.837700 0.419094 0.026737 0.907549 -0.000000 0.000000 0.000000 0.000000 1.000000
0.827773 -0.261410 -0.496443 0.000000 0.196456 0.963856 -0.179961 10.837700 0.525544 0.051438 0.849210 0.000000 0.000000 0.000000 0.000000 1.000000
0.767209 -0.309213 -0.561940 0.000000 0.204755 0.948352 -0.242291 10.837700 0.607836 0.070828 0.790897 0.000000 0.000000 0.000000 0.000000 1.000000
0.703940 -0.369846 -0.606368 0.000000 0.210706 0.924038 -0.318994 10.837700 0.678286 0.096787 0.728396 0.000000 0.000000 0.000000 0.000000 1.000000
0.641873 -0.431403 -0.633948 0.000000 0.186977 0.889832 -0.416219 10.837700 0.743666 0.148626 0.651821 0.000000 0.000000 0.000000 0.000000 1.000000
0.597553 -0.497939 -0.628479 -0.000000 0.113710 0.828510 -0.548308 10.837700 0.793725 0.256179 0.551699 0.000000 0.000000 0.000000 0.000000 1.000000
0.608345 -0.535186 -0.586083 -0.000000 0.026023 0.751497 -0.659223 10.837700 0.793246 0.385783 0.471096 -0.000000 0.000000 0.000000 0.000000 1.000000
0.652047 -0.581898 -0.486035 0.000000 0.012385 0.649145 -0.760564 10.837700 0.758078 0.489904 0.430480 0.000000 0.000000 0.000000 0.000000 1.000000
0.716247 -0.611854 -0.335596 0.000000 0.092150 0.559616 -0.823613 10.837700 0.691736 0.558985 0.457205 0.000000 0.000000 0.000000 0.000000 1.000000
0.754741 -0.625474 -0.197860 -0.000000 0.203112 0.509580 -0.836106 10.837700 0.623788 0.590856 0.511642 0.000000 0.000000 0.000000 0.000000 1.000000
0.816107 -0.567606 -0.108597 -0.000000 0.232691 0.494759 -0.837298 10.837700 0.528985 0.658055 0.535853 -0.000000 0.000000 0.000000 0.000000 1.000000
0.888215 -0.454148 -0.069451 -0.000000 0.200355 0.518933 -0.831003 10.837700 0.413439 0.724194 0.551915 -0.000000 0.000000 0.000000 0.000000 1.000000
0.946640 -0.308201 -0.094263 -0.000000 0.095199 0.546816 -0.831823 10.837700 0.307913 0.778462 0.546979 0.000000 0.000000 0.000000 0.000000 1.000000
0.974233 -0.198416 -0.107242 0.000000 0.025392 0.568948 -0.821981 10.837700 0.224110 0.798078 0.559326 0.000000 0.000000 0.000000 0.000000 1.000000
0.990630 -0.107037 -0.084828 -0.000000 -0.006437 0.583824 -0.811855 10.837700 0.136422 0.804794 0.577664 0.000000 0.000000 0.000000 0.000000 1.000000
0.996680 -0.047854 -0.065876 0.000000 -0.024139 0.599029 -0.800363 10.837700 0.077762 0.799296 0.595885 0.000000 0.000000 0.000000 0.000000 1.000000
0.996634 0.023647 -0.078494 0.000000 -0.076451 0.613749 -0.785791 10.837700 0.029594 0.789147 0.613491 0.000000 0.000000 0.000000 0.000000 1.000000
0.979069 0.129326 -0.157156 0.000000 -0.203520 0.615479 -0.761423 10.837700 -0.001746 0.777470 0.628917 -0.000000 0.000000 0.000000 0.000000 1.000000
0.951270 0.192466 -0.240919 0.000000 -0.308257 0.613561 -0.726994 10.837700 0.007897 0.765832 0.642992 0.000000 0.000000 0.000000 0.000000 1.000000
0.925454 0.207036 -0.317286 0.000000 -0.375432 0.613545 -0.694704 10.837700 0.050840 0.762036 0.645536 0.000000 0.000000 0.000000 0.000000 1.000000
0.907920 0.214526 -0.360083 0.000000 -0.411801 0.616645 -0.670946 10.837700 0.078108 0.757448 0.648206 0.000000 0.000000 0.000000 0.000000 1.000000
0.903180 0.193861 -0.382993 0.000000 -0.414402 0.626488 -0.660139 10.837700 0.111965 0.754937 0.646168 0.000000 0.000000 0.000000 0.000000 1.000000
0.919943 0.140192 -0.366131 0.000000 -0.364384 0.650350 -0.666535 10.837700 0.144671 0.746586 0.649368 0.000000 0.000000 0.000000 0.000000 1.000000
0.941305 0.073153 -0.329534 0.000000 -0.286947 0.687560 -0.667025 10.837700 0.177780 0.722433 0.668195 0.000000 0.000000 0.000000 0.000000 1.000000
0.958033 -0.026614 -0.285420 0.000000 -0.178433 0.723905 -0.666426 10.837700 0.224354 0.689386 0.688776 0.000000 0.000000 0.000000 0.000000 1.000000
0.952104 -0.184961 -0.243491 0.000000 -0.029323 0.737408 -0.674811 10.837700 0.304365 0.649630 0.696665 0.000000 0.000000 0.000000 0.000000 1.000000
0.881160 -0.438719 -0.176305 0.000000 0.204285 0.689535 -0.694845 10.837700 0.426410 0.576253 0.697214 0.000000 0.000000 0.000000 0.000000 1.000000
0.689232 -0.715787 -0.112286 -0.000000 0.417075 0.518681 -0.746337 10.837700 0.592458 0.467567 0.656029 0.000000 0.000000 0.000000 0.000000 1.000000
0.589439 -0.804389 -0.074298 -0.000000 0.452752 0.405131 -0.794282 10.837700 0.669012 0.434542 0.602989 0.000000 0.000000 0.000000 0.000000 1.000000
0.615656 -0.785023 -0.068603 0.000000 0.416011 0.397722 -0.817773 10.837700 0.669255 0.474927 0.571438 0.000000 0.000000 0.000000 0.000000 1.000000
0.535472 -0.844075 -0.028409 0.000000 0.542573 0.369591 -0.754333 10.837700 0.647213 0.388510 0.655877 0.000000 0.000000 0.000000 0.000000 1.000000
0.515836 -0.847499 -0.125134 0.000000 0.441729 0.388277 -0.808774 10.837700 0.734022 0.361920 0.574653 0.000000 0.000000 0.000000 0.000000 1.000000
0.547019 -0.792223 -0.270468 0.000000 0.352229 0.510922 -0.784151 10.837700 0.759411 0.333679 0.558528 0.000000 0.000000 0.000000 0.000000 1.000000
0.479371 -0.812295 -0.332236 0.000000 0.287278 0.502949 -0.815177 10.837700 0.829262 0.295328 0.474453 -0.000000 0.000000 0.000000 0.000000 1.000000
0.394047 -0.842430 -0.367478 0.000000 0.283039 0.491623 -0.823526 10.837700 0.874423 0.220497 0.432163 0.000000 0.000000 0.000000 0.000000 1.000000
0.325091 -0.863158 -0.386360 -0.000000 0.339001 0.487766 -0.804464 10.837700 0.882833 0.130548 0.451180 0.000000 0.000000 0.000000 0.000000 1.000000
0.285766 -0.865196 -0.412037 0.000000 0.339437 0.493477 -0.800789 10.837700 0.896170 0.088978 0.434698 0.000000 0.000000 0.000000 0.000000 1.000000
0.233307 -0.871460 -0.431422 0.000000 0.346901 0.489065 -0.800297 10.837700 0.908420 0.037055 0.416412 0.000000 0.000000 0.000000 0.000000 1.000000
0.221467 -0.856444 -0.466322 -0.000000 0.320981 0.515571 -0.794454 10.837700 0.920828 0.026265 0.389084 0.000000 0.000000 0.000000 0.000000 1.000000
0.258760 -0.808518 -0.528528 0.000000 0.233914 0.583327 -0.777826 10.837700 0.937191 0.077640 0.340065 0.000000 0.000000 0.000000 0.000000 1.000000
0.303361 -0.737569 -0.603295 0.000000 0.118768 0.657461 -0.744070 10.837700 0.945445 0.154070 0.287047 0.000000 0.000000 0.000000 0.000000 1.000000
0.312608 -0.681043 -0.662161 -0.000000 0.025499 0.702864 -0.710868 10.837700 0.949540 0.205338 0.237087 0.000000 0.000000 0.000000 0.000000 1.000000
0.302801 -0.618938 -0.724726 0.000000 -0.061338 0.746193 -0.662898 10.837700 0.951078 0.245179 0.187984 0.000000 0.000000 0.000000 0.000000 1.000000
0.272368 -0.574687 -0.771719 -0.000000 -0.119251 0.775697 -0.619737 10.837700 0.954775 0.260824 0.142743 0.000000 0.000000 0.000000 0.000000 1.000000
0.243356 -0.524978 -0.815583 0.000000 -0.158983 0.807900 -0.567470 10.837700 0.956819 0.267761 0.113145 0.000000 0.000000 0.000000 0.000000 1.000000
0.219018 -0.467499 -0.856432 0.000000 -0.186814 0.841413 -0.507075 10.837700 0.957670 0.271052 0.096949 0.000000 0.000000 0.000000 0.000000 1.000000
0.194991 -0.406484 -0.892608 0.000000 -0.212772 0.870873 -0.443066 10.837700 0.957448 0.276316 0.083324 -0.000000 0.000000 0.000000 0.000000 1.000000
0.172583 -0.347519 -0.921654 -0.000000 -0.244004 0.891446 -0.381819 10.837700 0.954294 0.290783 0.069053 -0.000000 0.000000 0.000000 0.000000 1.000000
0.152110 -0.295353 -0.943201 0.000000 -0.272398 0.904819 -0.327264 10.837700 0.950085 0.306706 0.057179 0.000000 0.000000 0.000000 0.000000 1.000000
0.135281 -0.255320 -0.957346 0.000000 -0.292240 0.912960 -0.284779 10.837700 0.946729 0.318300 0.048892 -0.000000 0.000000 0.000000 0.000000 1.000000
0.126750 -0.231838 -0.964461 0.000000 -0.295677 0.919272 -0.259834 10.837700 0.946842 0.318103 0.047969 0.000000 0.000000 0.000000 0.000000 1.000000
0.123157 -0.232702 -0.964719 0.000000 -0.275075 0.926023 -0.258485 10.837700 0.953502 0.297204 0.050036 0.000000 0.000000 0.000000 0.000000 1.000000
0.126922 -0.271189 -0.954121 0.000000 -0.249076 0.922367 -0.295297 10.837700 0.960131 0.275128 0.049522 0.000000 0.000000 0.000000 0.000000 1.000000
0.133178 -0.349476 -0.927432 0.000000 -0.217080 0.902759 -0.371351 10.837700 0.967026 0.250783 0.044363 0.000000 0.000000 0.000000 0.000000 1.000000
0.133252 -0.423556 -0.896016 -0.000000 -0.190777 0.876208 -0.442565 10.837700 0.972547 0.229912 0.035952 -0.000000 0.000000 0.000000 0.000000 1.000000
0.128648 -0.453838 -0.881749 0.000000 -0.189604 0.861479 -0.471068 10.837700 0.973396 0.227785 0.024778 -0.000000 0.000000 0.000000 0.000000 1.000000
0.118280 -0.467325 -0.876138 0.000000 -0.187011 0.856058 -0.481862 10.837700 0.975211 0.220843 0.013860 0.000000 0.000000 0.000000 0.000000 1.000000
0.106671 -0.463331 -0.879742 0.000000 -0.190749 0.858819 -0.475441 10.837700 0.975826 0.218526 0.003231 0.000000 0.000000 0.000000 0.000000 1.000000
0.094448 -0.454747 -0.885599 0.000000 -0.193417 0.864243 -0.464408 10.837700 0.976560 0.215152 -0.006330 0.000000 0.000000 0.000000 0.000000 1.000000
0.084512 -0.444398 -0.891834 0.000000 -0.196114 0.870111 -0.452157 10.837700 0.976933 0.213113 -0.013618 -0.000000 0.000000 0.000000 0.000000 1.000000
0.077065 -0.433466 -0.897869 0.000000 -0.198699 0.875805 -0.439869 10.837700 0.977026 0.212305 -0.018635 0.000000 0.000000 0.000000 0.000000 1.000000</float_array>
        <technique_common>
          <accessor source="#mixamorig_LeftArm-Matrix-animation-output-transform-array" count="96" stride="16">
            <param type="float4x4"/>
          </accessor>
        </technique_common>
      </source>
      <source id="mixamorig_LeftArm-Interpolations">
        <Name_array id="mixamorig_LeftArm-Interpolations-array" count="96">
 LINEAR LINEAR LINEAR LINEAR LINEAR LINEAR LINEAR LINEAR LINEAR LINEAR LINEAR
LINEAR LINEAR LINEAR LINEAR LINEAR LINEAR LINEAR LINEAR LINEAR LINEAR LINEAR LINEAR
LINEAR LINEAR LINEAR LINEAR LINEAR LINEAR LINEAR LINEAR LINEAR LINEAR LINEAR LINEAR
LINEAR LINEAR LINEAR LINEAR LINEAR LINEAR LINEAR LINEAR LINEAR LINEAR LINEAR LINEAR
LINEAR LINEAR LINEAR LINEAR LINEAR LINEAR LINEAR LINEAR LINEAR LINEAR LINEAR LINEAR
LINEAR LINEAR LINEAR LINEAR LINEAR LINEAR LINEAR LINEAR LINEAR LINEAR LINEAR LINEAR
LINEAR LINEAR LINEAR LINEAR LINEAR LINEAR LINEAR LINEAR LINEAR LINEAR LINEAR LINEAR
LINEAR LINEAR LINEAR LINEAR LINEAR LINEAR LINEAR LINEAR LINEAR LINEAR LINEAR LINEAR
LINEAR</Name_array>
        <technique_common>
          <accessor source="#mixamorig_LeftArm-Interpolations-array" count="96">
            <param type="name"/>
          </accessor>
        </technique_common>
      </source>
      <sampler id="mixamorig_LeftArm-Matrix-animation-transform">
        <input semantic="INPUT" source="#mixamorig_LeftArm-Matrix-animation-input"/>
        <input semantic="OUTPUT" source="#mixamorig_LeftArm-Matrix-animation-output-transform"/>
        <input semantic="INTERPOLATION" source="#mixamorig_LeftArm-Interpolations"/>
      </sampler>
      <channel source="#mixamorig_LeftArm-Matrix-animation-transform" target="mixamorig_LeftArm/matrix"/>
    </animation>
    <animation id="mixamorig_LeftForeArm-anim" name="mixamorig_LeftForeArm">
      <source id="mixamorig_LeftForeArm-Matrix-animation-input">
        <float_array id="mixamorig_LeftForeArm-Matrix-animation-input-array" count="96">

0.000000 0.033333 0.066667 0.100000 0.133333 0.166667 0.200000 0.233333 0.266667 0.300000 0.333333 0.366667 0.400000 0.433333 0.466667 0.500000
0.533333 0.566667 0.600000 0.633333 0.666667 0.700000 0.733333 0.766667 0.800000 0.833333 0.866667 0.900000 0.933333 0.966667 1.000000 1.033333
1.066667 1.100000 1.133333 1.166667 1.200000 1.233333 1.266667 1.300000 1.333333 1.366667 1.400000 1.433333 1.466667 1.500000 1.533333 1.566667
1.600000 1.633333 1.666667 1.700000 1.733333 1.766667 1.800000 1.833333 1.866667 1.900000 1.933333 1.966667 2.000000 2.033333 2.066667 2.100000
2.133333 2.166667 2.200000 2.233333 2.266667 2.300000 2.333333 2.366667 2.400000 2.433333 2.466667 2.500000 2.533333 2.566667 2.600000 2.633333
2.666667 2.700000 2.733333 2.766667 2.800000 2.833333 2.866667 2.900000 2.933333 2.966667 3.000000 3.033333 3.066667 3.100000 3.133333 3.166667</float_array>
        <technique_common>
          <accessor source="#mixamorig_LeftForeArm-Matrix-animation-input-array" count="96">
            <param name="TIME" type="float"/>
          </accessor>
        </technique_common>
      </source>
      <source id="mixamorig_LeftForeArm-Matrix-animation-output-transform">
        <float_array id="mixamorig_LeftForeArm-Matrix-animation-output-transform-array" count="1536">

0.684413 -0.729091 0.002196 -0.000000 0.729076 0.684414 0.004972 27.841499 -0.005128 -0.001801 0.999985 0.000000 0.000000 0.000000 0.000000 1.000000
0.684256 -0.729235 0.003266 0.000000 0.729225 0.684264 0.003747 27.841499 -0.004967 -0.000182 0.999988 0.000000 0.000000 0.000000 0.000000 1.000000
0.684985 -0.728536 0.005561 0.000000 0.728543 0.684999 0.001155 27.841499 -0.004651 0.003260 0.999984 0.000000 0.000000 0.000000 0.000000 1.000000
0.686484 -0.727091 0.008878 0.000000 0.727132 0.686493 -0.002540 27.841499 -0.004248 0.008199 0.999957 0.000000 0.000000 0.000000 0.000000 1.000000
0.688940 -0.724704 0.012861 0.000000 0.724807 0.688918 -0.006756 27.841499 -0.003964 0.013976 0.999894 0.000000 0.000000 0.000000 0.000000 1.000000
0.689513 -0.724115 0.015161 0.000000 0.724273 0.689384 -0.013369 27.841499 -0.000771 0.020199 0.999796 0.000000 0.000000 0.000000 0.000000 1.000000
0.688102 -0.725357 0.019328 -0.000000 0.725613 0.687891 -0.017058 27.841499 -0.000922 0.025762 0.999668 0.000000 0.000000 0.000000 0.000000 1.000000
0.686808 -0.726536 0.020963 -0.000000 0.726837 0.686470 -0.021603 27.841499 0.001305 0.030074 0.999547 0.000000 0.000000 0.000000 0.000000 1.000000
0.685393 -0.727789 0.023661 0.000000 0.728172 0.685091 -0.020377 27.841499 -0.001380 0.031196 0.999512 0.000000 0.000000 0.000000 0.000000 1.000000
0.681941 -0.730893 0.027421 0.000000 0.731339 0.681910 -0.011904 27.841499 -0.009998 0.028172 0.999553 0.000000 0.000000 0.000000 0.000000 1.000000
0.680020 -0.732828 0.023140 0.000000 0.733135 0.680026 -0.008814 27.841499 -0.009277 0.022958 0.999693 -0.000000 0.000000 0.000000 0.000000 1.000000
0.679971 -0.732980 0.019497 0.000000 0.733170 0.680031 -0.004345 27.841499 -0.010074 0.017249 0.999800 0.000000 0.000000 0.000000 0.000000 1.000000
0.679957 -0.733199 0.008782 -0.000000 0.733248 0.679866 -0.011375 27.841499 0.002370 0.014174 0.999897 0.000000 0.000000 0.000000 0.000000 1.000000
0.679403 -0.733758 -0.003313 0.000000 0.733523 0.679288 -0.022621 27.841499 0.018849 0.012938 0.999739 0.000000 0.000000 0.000000 0.000000 1.000000
0.678718 -0.734390 -0.003691 0.000000 0.734191 0.678636 -0.020436 27.841499 0.017513 0.011161 0.999784 0.000000 0.000000 0.000000 0.000000 1.000000
0.677635 -0.735329 0.010088 0.000000 0.735371 0.677664 -0.000700 27.841499 -0.006322 0.007893 0.999949 0.000000 0.000000 0.000000 0.000000 1.000000
0.676185 -0.736662 0.010154 0.000000 0.736687 0.676232 0.001700 27.841499 -0.008119 0.006331 0.999947 0.000000 0.000000 0.000000 0.000000 1.000000
0.674756 -0.737992 0.008508 -0.000000 0.738011 0.674787 0.001214 27.841499 -0.006637 0.005460 0.999963 0.000000 0.000000 0.000000 0.000000 1.000000
0.673616 -0.739035 0.008283 0.000000 0.739054 0.673646 0.001160 27.841499 -0.006437 0.005341 0.999965 0.000000 0.000000 0.000000 0.000000 1.000000
0.673530 -0.739108 0.008774 -0.000000 0.739131 0.673561 0.000744 27.841499 -0.006460 0.005984 0.999961 0.000000 0.000000 0.000000 0.000000 1.000000
0.674545 -0.738170 0.009745 -0.000000 0.738202 0.674579 0.000377 27.841499 -0.006852 0.006940 0.999952 0.000000 0.000000 0.000000 0.000000 1.000000
0.676781 -0.736103 -0.010895 0.000000 0.735698 0.676798 -0.026312 27.841499 0.026742 0.009793 0.999594 0.000000 0.000000 0.000000 0.000000 1.000000
0.679545 -0.733335 -0.020945 0.000000 0.732400 0.679780 -0.038594 27.841499 0.042540 0.010886 0.999035 0.000000 0.000000 0.000000 0.000000 1.000000
0.682870 -0.730452 -0.011385 -0.000000 0.730055 0.682901 -0.025803 27.841499 0.026622 0.009308 0.999602 0.000000 0.000000 0.000000 0.000000 1.000000
0.685063 -0.728219 -0.019652 0.000000 0.727472 0.685284 -0.034217 27.841499 0.038385 0.009144 0.999221 0.000000 0.000000 0.000000 0.000000 1.000000
0.686489 -0.727102 0.007431 0.000000 0.727120 0.686510 0.000350 27.841499 -0.005356 0.005163 0.999972 -0.000000 0.000000 0.000000 0.000000 1.000000
0.686194 -0.727058 -0.022890 0.000000 0.726274 0.686540 -0.034498 27.841499 0.040797 0.007048 0.999143 0.000000 0.000000 0.000000 0.000000 1.000000
0.685291 -0.727964 -0.021072 0.000000 0.727333 0.685590 -0.030865 27.841499 0.036915 0.005825 0.999301 0.000000 0.000000 0.000000 0.000000 1.000000
0.683570 -0.729599 -0.020428 -0.000000 0.729038 0.683857 -0.029043 27.841499 0.035160 0.004960 0.999369 0.000000 0.000000 0.000000 0.000000 1.000000
0.681823 -0.731487 -0.006692 0.000000 0.731402 0.681849 -0.011492 27.841499 0.012969 0.002940 0.999912 0.000000 0.000000 0.000000 0.000000 1.000000
0.679840 -0.733357 0.002330 0.000000 0.733358 0.679843 0.000314 27.841499 -0.001814 0.001495 0.999997 0.000000 0.000000 0.000000 0.000000 1.000000
0.678003 -0.735059 0.000098 -0.000000 0.735058 0.678002 -0.001761 27.841499 0.001228 0.001266 0.999998 -0.000000 0.000000 0.000000 0.000000 1.000000
0.675932 -0.736938 -0.006193 -0.000000 0.736883 0.675958 -0.009109 27.841499 0.010899 0.001593 0.999939 0.000000 0.000000 0.000000 0.000000 1.000000
0.673427 -0.739221 -0.006965 0.000000 0.739159 0.673462 -0.009633 27.841499 0.011811 0.001338 0.999929 -0.000000 0.000000 0.000000 0.000000 1.000000
0.670046 -0.742301 -0.005265 0.000000 0.742269 0.670066 -0.006924 27.841499 0.008668 0.000732 0.999962 0.000000 0.000000 0.000000 0.000000 1.000000
0.665661 -0.746125 0.013908 0.000000 0.745905 0.665804 0.018210 27.841499 -0.022847 -0.001747 0.999737 0.000000 0.000000 0.000000 0.000000 1.000000
0.661152 -0.750252 -0.000154 0.000000 0.750252 0.661152 0.000908 27.841499 -0.000579 -0.000716 1.000000 -0.000000 0.000000 0.000000 0.000000 1.000000
0.655034 -0.755597 0.002184 0.000000 0.755586 0.655036 0.004247 27.841499 -0.004640 -0.001132 0.999989 0.000000 0.000000 0.000000 0.000000 1.000000
0.643929 -0.765077 0.003598 0.000000 0.765052 0.643938 0.006348 27.841499 -0.007173 -0.001335 0.999973 -0.000000 0.000000 0.000000 0.000000 1.000000
0.605508 -0.795839 -0.000469 -0.000000 0.795839 0.605507 0.000910 27.841499 -0.000441 -0.000924 0.999999 -0.000000 0.000000 0.000000 0.000000 1.000000
0.563080 -0.826399 -0.002363 0.000000 0.826394 0.563085 -0.002851 27.841499 0.003686 -0.000347 0.999993 0.000000 0.000000 0.000000 0.000000 1.000000
0.542866 -0.839817 -0.001910 0.000000 0.839809 0.542869 -0.003665 27.841499 0.004115 0.000385 0.999991 -0.000000 0.000000 0.000000 0.000000 1.000000
0.640541 -0.767920 -0.002625 -0.000000 0.767874 0.640535 -0.009203 27.841499 0.008749 0.003879 0.999954 0.000000 0.000000 0.000000 0.000000 1.000000
0.810193 -0.586162 -0.001478 0.000000 0.586138 0.810178 -0.007393 27.841499 0.005531 0.005123 0.999972 -0.000000 0.000000 0.000000 0.000000 1.000000
0.953781 -0.300350 0.009615 0.000000 0.300379 0.953818 -0.001686 27.841499 -0.008665 0.004496 0.999952 0.000000 0.000000 0.000000 0.000000 1.000000
0.986616 -0.157759 0.041255 0.000000 0.157764 0.987472 0.003148 27.841499 -0.041235 0.003403 0.999144 -0.000000 0.000000 0.000000 0.000000 1.000000
0.985499 -0.169290 -0.011557 0.000000 0.169170 0.985529 -0.010714 27.841499 0.013203 0.008604 0.999876 -0.000000 0.000000 0.000000 0.000000 1.000000
0.958666 -0.283664 -0.022246 -0.000000 0.283297 0.958859 -0.018252 27.841499 0.026508 0.011196 0.999586 0.000000 0.000000 0.000000 0.000000 1.000000
0.933525 -0.351865 -0.068712 0.000000 0.349781 0.935946 -0.040713 27.841499 0.078636 0.013973 0.996805 0.000000 0.000000 0.000000 0.000000 1.000000
0.907572 -0.419420 0.020006 -0.000000 0.419457 0.907772 0.002489 27.841499 -0.019205 0.006132 0.999797 -0.000000 0.000000 0.000000 0.000000 1.000000
0.897814 -0.440367 0.002710 0.000000 0.440376 0.897793 -0.006146 27.841499 0.000274 0.006711 0.999977 -0.000000 0.000000 0.000000 0.000000 1.000000
0.868809 -0.495144 -0.001673 -0.000000 0.495115 0.868788 -0.008303 27.841499 0.005565 0.006385 0.999964 0.000000 0.000000 0.000000 0.000000 1.000000
0.790066 -0.613021 0.000234 -0.000000 0.613020 0.790064 -0.002409 27.841499 0.001291 0.002047 0.999997 0.000000 0.000000 0.000000 0.000000 1.000000
0.724618 -0.689103 -0.008109 0.000000 0.689081 0.724662 -0.005705 27.841499 0.009807 -0.001454 0.999951 0.000000 0.000000 0.000000 0.000000 1.000000
0.676810 -0.736149 0.003537 0.000000 0.736068 0.676795 0.012332 27.841499 -0.011472 -0.005743 0.999918 0.000000 0.000000 0.000000 0.000000 1.000000
0.607166 -0.794573 -0.001874 0.000000 0.794531 0.607106 0.011940 27.841499 -0.008350 -0.008738 0.999927 0.000000 0.000000 0.000000 0.000000 1.000000
0.542194 -0.839783 -0.028114 0.000000 0.839416 0.542844 -0.026491 27.841499 0.037508 -0.009236 0.999254 0.000000 0.000000 0.000000 0.000000 1.000000
0.502381 -0.864392 -0.020955 0.000000 0.864435 0.502647 -0.009941 27.841499 0.019125 -0.013120 0.999731 -0.000000 0.000000 0.000000 0.000000 1.000000
0.457563 -0.888867 -0.023505 -0.000000 0.888936 0.457894 -0.011188 27.841499 0.020707 -0.015775 0.999661 -0.000000 0.000000 0.000000 0.000000 1.000000
0.416104 -0.909193 -0.015047 -0.000000 0.909317 0.416035 0.007608 27.841499 -0.000657 -0.016848 0.999858 0.000000 0.000000 0.000000 0.000000 1.000000
0.399981 -0.916520 -0.002679 0.000000 0.916052 0.399679 0.033258 27.841499 -0.029411 -0.015757 0.999443 0.000000 0.000000 0.000000 0.000000 1.000000
0.514328 -0.857446 -0.015909 0.000000 0.857353 0.514535 -0.014110 27.841499 0.020284 -0.006383 0.999774 0.000000 0.000000 0.000000 0.000000 1.000000
0.757016 -0.653219 0.015230 0.000000 0.653192 0.757156 0.007396 27.841499 -0.016363 0.004350 0.999857 -0.000000 0.000000 0.000000 0.000000 1.000000
0.760068 -0.649533 0.020102 0.000000 0.649405 0.760328 0.013230 27.841499 -0.023878 0.002999 0.999710 0.000000 0.000000 0.000000 0.000000 1.000000
0.567708 -0.823053 0.017084 0.000000 0.822704 0.567965 0.023960 27.841499 -0.029423 0.000453 0.999567 0.000000 0.000000 0.000000 0.000000 1.000000
0.596960 -0.802238 -0.007241 0.000000 0.802000 0.596969 -0.020599 27.841499 0.020849 0.006489 0.999762 -0.000000 0.000000 0.000000 0.000000 1.000000
0.566771 -0.823874 -0.001463 0.000000 0.823792 0.566739 -0.013195 27.841499 0.011700 0.006274 0.999912 0.000000 0.000000 0.000000 0.000000 1.000000
0.512482 -0.858666 -0.007425 0.000000 0.858306 0.512490 -0.025803 27.841499 0.025962 0.006850 0.999639 0.000000 0.000000 0.000000 0.000000 1.000000
0.560445 -0.827547 0.032667 0.000000 0.826514 0.561384 0.041498 27.841499 -0.052681 0.003742 0.998604 0.000000 0.000000 0.000000 0.000000 1.000000
0.653376 -0.755960 0.040305 -0.000000 0.754790 0.654612 0.042133 27.841499 -0.058235 0.002893 0.998299 0.000000 0.000000 0.000000 0.000000 1.000000
0.731151 -0.679713 0.058383 -0.000000 0.677660 0.733477 0.052796 27.841499 -0.078709 0.000962 0.996897 -0.000000 0.000000 0.000000 0.000000 1.000000
0.767783 -0.639832 0.033515 -0.000000 0.639378 0.768510 0.024280 27.841499 -0.041292 0.002787 0.999143 0.000000 0.000000 0.000000 0.000000 1.000000
0.822774 -0.566834 0.041730 0.000000 0.566315 0.823824 0.024517 27.841499 -0.048275 0.003460 0.998828 0.000000 0.000000 0.000000 0.000000 1.000000
0.833984 -0.545836 0.080829 0.000000 0.543380 0.837892 0.051729 27.841499 -0.095961 0.000780 0.995385 0.000000 0.000000 0.000000 0.000000 1.000000
0.791668 -0.602021 0.104078 0.000000 0.596385 0.798474 0.082246 27.841499 -0.132617 -0.003041 0.991163 0.000000 0.000000 0.000000 0.000000 1.000000
0.738295 -0.670870 0.069664 0.000000 0.667391 0.741564 0.068354 27.841499 -0.097517 -0.003973 0.995226 0.000000 0.000000 0.000000 0.000000 1.000000
0.711091 -0.699984 0.066122 0.000000 0.696179 0.714133 0.073138 27.841499 -0.098416 -0.005975 0.995127 -0.000000 0.000000 0.000000 0.000000 1.000000
0.687266 -0.724497 0.052626 -0.000000 0.721554 0.689241 0.065630 27.841499 -0.083821 -0.007133 0.996455 -0.000000 0.000000 0.000000 0.000000 1.000000
0.680268 -0.731447 0.047130 0.000000 0.728795 0.681847 0.062781 27.841499 -0.078056 -0.008359 0.996914 0.000000 0.000000 0.000000 0.000000 1.000000
0.675720 -0.735975 0.041754 0.000000 0.733656 0.676945 0.059110 27.841499 -0.071769 -0.009309 0.997378 0.000000 0.000000 0.000000 0.000000 1.000000
0.673027 -0.738521 0.040269 0.000000 0.736177 0.674148 0.059740 27.841499 -0.071266 -0.010561 0.997401 0.000000 0.000000 0.000000 0.000000 1.000000
0.672253 -0.739268 0.039470 0.000000 0.736862 0.673308 0.060751 27.841499 -0.071487 -0.011757 0.997372 0.000000 0.000000 0.000000 0.000000 1.000000
0.673198 -0.738498 0.037740 0.000000 0.736145 0.674134 0.060279 27.841499 -0.069958 -0.012798 0.997468 -0.000000 0.000000 0.000000 0.000000 1.000000
0.675957 -0.736051 0.036209 -0.000000 0.733753 0.676785 0.059731 27.841499 -0.068471 -0.013807 0.997558 0.000000 0.000000 0.000000 0.000000 1.000000
0.680380 -0.731967 0.036166 -0.000000 0.729598 0.681177 0.060703 27.841499 -0.069069 -0.014914 0.997500 0.000000 0.000000 0.000000 0.000000 1.000000
0.685158 -0.725539 0.064440 0.000000 0.719546 0.687928 0.094909 27.841499 -0.113191 -0.018660 0.993398 0.000000 0.000000 0.000000 0.000000 1.000000
0.694958 -0.716395 0.061740 0.000000 0.710870 0.697430 0.090861 27.841499 -0.108151 -0.019255 0.993948 0.000000 0.000000 0.000000 0.000000 1.000000
0.710334 -0.701358 0.059352 0.000000 0.696387 0.712543 0.085605 27.841499 -0.102331 -0.019476 0.994560 0.000000 0.000000 0.000000 0.000000 1.000000
0.729792 -0.681580 0.053406 0.000000 0.677685 0.731507 0.075105 27.841499 -0.090257 -0.018618 0.995744 -0.000000 0.000000 0.000000 0.000000 1.000000
0.750528 -0.659446 0.042873 0.000000 0.656932 0.751564 0.059943 27.841499 -0.071751 -0.016824 0.997281 0.000000 0.000000 0.000000 0.000000 1.000000
0.769456 -0.637727 0.035237 0.000000 0.635991 0.770102 0.049578 27.841499 -0.058753 -0.015737 0.998148 0.000000 0.000000 0.000000 0.000000 1.000000
0.784720 -0.619245 0.027389 0.000000 0.618155 0.785075 0.039264 27.841499 -0.045816 -0.013880 0.998853 0.000000 0.000000 0.000000 0.000000 1.000000
0.794549 -0.606999 0.015642 -0.000000 0.606488 0.794601 0.027958 27.841499 -0.029400 -0.012727 0.999487 -0.000000 0.000000 0.000000 0.000000 1.000000
0.800017 -0.599766 0.015895 0.000000 0.599242 0.800068 0.028281 27.841499 -0.029679 -0.013100 0.999474 0.000000 0.000000 0.000000 0.000000 1.000000
0.802800 -0.595957 0.018664 0.000000 0.595330 0.802907 0.030373 27.841499 -0.033086 -0.013272 0.999364 0.000000 0.000000 0.000000 0.000000 1.000000
0.803753 -0.594884 0.009754 0.000000 0.594581 0.803715 0.022698 27.841499 -0.021342 -0.012444 0.999695 -0.000000 0.000000 0.000000 0.000000 1.000000</float_array>
        <technique_common>
          <accessor source="#mixamorig_LeftForeArm-Matrix-animation-output-transform-array" count="96" stride="16">
            <param type="float4x4"/>
          </accessor>
        </technique_common>
      </source>
      <source id="mixamorig_LeftForeArm-Interpolations">
        <Name_array id="mixamorig_LeftForeArm-Interpolations-array" count="96">
 LINEAR LINEAR LINEAR LINEAR LINEAR LINEAR LINEAR LINEAR LINEAR LINEAR LINEAR
LINEAR LINEAR LINEAR LINEAR LINEAR LINEAR LINEAR LINEAR LINEAR LINEAR LINEAR LINEAR
LINEAR LINEAR LINEAR LINEAR LINEAR LINEAR LINEAR LINEAR LINEAR LINEAR LINEAR LINEAR
LINEAR LINEAR LINEAR LINEAR LINEAR LINEAR LINEAR LINEAR LINEAR LINEAR LINEAR LINEAR
LINEAR LINEAR LINEAR LINEAR LINEAR LINEAR LINEAR LINEAR LINEAR LINEAR LINEAR LINEAR
LINEAR LINEAR LINEAR LINEAR LINEAR LINEAR LINEAR LINEAR LINEAR LINEAR LINEAR LINEAR
LINEAR LINEAR LINEAR LINEAR LINEAR LINEAR LINEAR LINEAR LINEAR LINEAR LINEAR LINEAR
LINEAR LINEAR LINEAR LINEAR LINEAR LINEAR LINEAR LINEAR LINEAR LINEAR LINEAR LINEAR
LINEAR</Name_array>
        <technique_common>
          <accessor source="#mixamorig_LeftForeArm-Interpolations-array" count="96">
            <param type="name"/>
          </accessor>
        </technique_common>
      </source>
      <sampler id="mixamorig_LeftForeArm-Matrix-animation-transform">
        <input semantic="INPUT" source="#mixamorig_LeftForeArm-Matrix-animation-input"/>
        <input semantic="OUTPUT" source="#mixamorig_LeftForeArm-Matrix-animation-output-transform"/>
        <input semantic="INTERPOLATION" source="#mixamorig_LeftForeArm-Interpolations"/>
      </sampler>
      <channel source="#mixamorig_LeftForeArm-Matrix-animation-transform" target="mixamorig_LeftForeArm/matrix"/>
    </animation>
    <animation id="mixamorig_LeftHand-anim" name="mixamorig_LeftHand">
      <source id="mixamorig_LeftHand-Matrix-animation-input">
        <float_array id="mixamorig_LeftHand-Matrix-animation-input-array" count="96">

0.000000 0.033333 0.066667 0.100000 0.133333 0.166667 0.200000 0.233333 0.266667 0.300000 0.333333 0.366667 0.400000 0.433333 0.466667 0.500000
0.533333 0.566667 0.600000 0.633333 0.666667 0.700000 0.733333 0.766667 0.800000 0.833333 0.866667 0.900000 0.933333 0.966667 1.000000 1.033333
1.066667 1.100000 1.133333 1.166667 1.200000 1.233333 1.266667 1.300000 1.333333 1.366667 1.400000 1.433333 1.466667 1.500000 1.533333 1.566667
1.600000 1.633333 1.666667 1.700000 1.733333 1.766667 1.800000 1.833333 1.866667 1.900000 1.933333 1.966667 2.000000 2.033333 2.066667 2.100000
2.133333 2.166667 2.200000 2.233333 2.266667 2.300000 2.333333 2.366667 2.400000 2.433333 2.466667 2.500000 2.533333 2.566667 2.600000 2.633333
2.666667 2.700000 2.733333 2.766667 2.800000 2.833333 2.866667 2.900000 2.933333 2.966667 3.000000 3.033333 3.066667 3.100000 3.133333 3.166667</float_array>
        <technique_common>
          <accessor source="#mixamorig_LeftHand-Matrix-animation-input-array" count="96">
            <param name="TIME" type="float"/>
          </accessor>
        </technique_common>
      </source>
      <source id="mixamorig_LeftHand-Matrix-animation-output-transform">
        <float_array id="mixamorig_LeftHand-Matrix-animation-output-transform-array" count="1536">

0.983836 -0.001110 -0.179070 -0.000000 0.002281 0.999977 0.006336 28.328800 0.179059 -0.006643 0.983816 0.000000 0.000000 0.000000 0.000000 1.000000
0.989616 -0.018380 -0.142557 0.000000 0.016079 0.999721 -0.017277 28.328800 0.142835 0.014806 0.989636 -0.000000 0.000000 0.000000 0.000000 1.000000
0.997671 -0.040796 -0.054658 0.000000 0.036913 0.996845 -0.070271 28.328800 0.057353 0.068090 0.996029 0.000000 0.000000 0.000000 0.000000 1.000000
0.997303 -0.050241 0.053497 -0.000000 0.057088 0.989160 -0.135294 28.328800 -0.046120 0.137983 0.989360 -0.000000 0.000000 0.000000 0.000000 1.000000
0.986033 -0.061897 0.154618 -0.000000 0.092691 0.975260 -0.200691 28.328800 -0.138371 0.212220 0.967376 -0.000000 0.000000 0.000000 0.000000 1.000000
0.973251 -0.073341 0.217723 0.000000 0.129973 0.957213 -0.258553 28.328800 -0.189445 0.279935 0.941141 0.000000 0.000000 0.000000 0.000000 1.000000
0.972798 -0.086115 0.215055 0.000000 0.151176 0.939406 -0.307673 28.328800 -0.175529 0.331815 0.926870 -0.000000 0.000000 0.000000 0.000000 1.000000
0.987378 -0.103227 0.120120 0.000000 0.139290 0.926956 -0.348354 28.328800 -0.075386 0.360689 0.929635 0.000000 0.000000 0.000000 0.000000 1.000000
0.985543 -0.139474 -0.096187 0.000000 0.095601 0.926507 -0.363929 28.328800 0.139877 0.349473 0.926447 0.000000 0.000000 0.000000 0.000000 1.000000
0.936396 -0.128419 -0.326606 0.000000 -0.010560 0.919914 -0.391977 28.328800 0.350786 0.370495 0.860048 0.000000 0.000000 0.000000 0.000000 1.000000
0.902419 -0.100254 -0.419034 -0.000000 -0.075922 0.920334 -0.383694 28.328800 0.424118 0.378067 0.822915 -0.000000 0.000000 0.000000 0.000000 1.000000
0.958851 -0.031657 -0.282138 0.000000 -0.081893 0.920685 -0.381618 28.328800 0.271841 0.389020 0.880208 0.000000 0.000000 0.000000 0.000000 1.000000
0.983192 0.035099 -0.179167 0.000000 -0.098206 0.928955 -0.356928 28.328800 0.153910 0.368524 0.916789 0.000000 0.000000 0.000000 0.000000 1.000000
0.994054 0.088457 -0.063499 -0.000000 -0.104720 0.936430 -0.334861 28.328800 0.029841 0.339519 0.940126 0.000000 0.000000 0.000000 0.000000 1.000000
0.991486 0.130213 0.000582 -0.000000 -0.121587 0.927387 -0.353793 28.328800 -0.046608 0.350710 0.935324 0.000000 0.000000 0.000000 0.000000 1.000000
0.984762 0.173906 -0.000413 0.000000 -0.159762 0.903725 -0.397186 28.328800 -0.068700 0.391199 0.917738 0.000000 0.000000 0.000000 0.000000 1.000000
0.974253 0.199770 -0.104514 -0.000000 -0.225317 0.879047 -0.420129 28.328800 0.007944 0.432861 0.901426 0.000000 0.000000 0.000000 0.000000 1.000000
0.953524 0.223052 -0.202584 -0.000000 -0.291279 0.854435 -0.430230 28.328800 0.077131 0.469242 0.879694 -0.000000 0.000000 0.000000 0.000000 1.000000
0.931209 0.248618 -0.266531 0.000000 -0.345644 0.834415 -0.429281 28.328800 0.115670 0.491875 0.862948 -0.000000 0.000000 0.000000 0.000000 1.000000
0.915918 0.274838 -0.292505 0.000000 -0.382088 0.820202 -0.425766 28.328800 0.122896 0.501729 0.856250 0.000000 0.000000 0.000000 0.000000 1.000000
0.908454 0.296784 -0.294331 0.000000 -0.402736 0.809966 -0.426332 28.328800 0.111870 0.505841 0.855342 -0.000000 0.000000 0.000000 0.000000 1.000000
0.912505 0.330750 -0.240706 -0.000000 -0.406010 0.804084 -0.434287 28.328800 0.049908 0.494018 0.868018 0.000000 0.000000 0.000000 0.000000 1.000000
0.914316 0.354649 -0.195577 0.000000 -0.404978 0.805737 -0.432181 28.328800 0.004311 0.474354 0.880323 0.000000 0.000000 0.000000 0.000000 1.000000
0.914180 0.357412 -0.191130 0.000000 -0.405286 0.810944 -0.422034 28.328800 0.004156 0.463278 0.886203 0.000000 0.000000 0.000000 0.000000 1.000000
0.916516 0.358386 -0.177646 -0.000000 -0.399987 0.817825 -0.413729 28.328800 -0.002991 0.450246 0.892900 0.000000 0.000000 0.000000 0.000000 1.000000
0.915523 0.331904 -0.227281 0.000000 -0.398991 0.821179 -0.408009 28.328800 0.051218 0.464225 0.884235 0.000000 0.000000 0.000000 0.000000 1.000000
0.917041 0.347822 -0.195080 0.000000 -0.398355 0.821892 -0.407193 28.328800 0.018704 0.451124 0.892265 0.000000 0.000000 0.000000 0.000000 1.000000
0.916519 0.341563 -0.208152 0.000000 -0.398965 0.817872 -0.414622 28.328800 0.028622 0.463055 0.885867 0.000000 0.000000 0.000000 0.000000 1.000000
0.915682 0.338146 -0.217217 0.000000 -0.400897 0.806708 -0.434170 28.328800 0.028418 0.484643 0.874250 0.000000 0.000000 0.000000 0.000000 1.000000
0.912334 0.321671 -0.253325 -0.000000 -0.405951 0.791304 -0.457210 28.328800 0.053386 0.519966 0.852517 0.000000 0.000000 0.000000 0.000000 1.000000
0.908696 0.291509 -0.298821 0.000000 -0.408269 0.769934 -0.490427 28.328800 0.087109 0.567648 0.818650 0.000000 0.000000 0.000000 0.000000 1.000000
0.929667 0.274932 -0.245217 -0.000000 -0.367521 0.738091 -0.565818 28.328800 0.025431 0.616144 0.787223 0.000000 0.000000 0.000000 0.000000 1.000000
0.947120 0.253896 -0.196217 0.000000 -0.320769 0.733012 -0.599834 28.328800 -0.008466 0.631055 0.775692 0.000000 0.000000 0.000000 0.000000 1.000000
0.931668 0.230821 -0.280565 0.000000 -0.355864 0.735337 -0.576750 28.328800 0.073184 0.637182 0.767231 0.000000 0.000000 0.000000 0.000000 1.000000
0.904427 0.212176 -0.370127 0.000000 -0.391322 0.758149 -0.521610 28.328800 0.169938 0.616597 0.768719 0.000000 0.000000 0.000000 0.000000 1.000000
0.878162 0.207744 -0.430899 0.000000 -0.413542 0.782460 -0.465552 28.328800 0.240446 0.587025 0.773038 0.000000 0.000000 0.000000 0.000000 1.000000
0.908581 0.253631 -0.331890 0.000000 -0.386532 0.811711 -0.437857 28.328800 0.158345 0.526115 0.835542 -0.000000 0.000000 0.000000 0.000000 1.000000
0.945990 0.227992 -0.230485 -0.000000 -0.311186 0.837957 -0.448321 28.328800 0.090923 0.495831 0.863646 -0.000000 0.000000 0.000000 0.000000 1.000000
0.976250 0.184423 -0.113683 0.000000 -0.216401 0.855087 -0.471166 28.328800 0.010315 0.484577 0.874688 -0.000000 0.000000 0.000000 0.000000 1.000000
0.987343 0.156948 0.022825 0.000000 -0.127603 0.871576 -0.473363 28.328800 -0.094187 0.464459 0.880572 0.000000 0.000000 0.000000 0.000000 1.000000
0.969423 0.118469 0.214906 0.000000 -0.006644 0.888101 -0.459601 28.328800 -0.245307 0.444119 0.861732 -0.000000 0.000000 0.000000 0.000000 1.000000
0.932087 0.015487 0.361903 0.000000 0.124558 0.924458 -0.360364 28.328800 -0.340145 0.380969 0.859747 0.000000 0.000000 0.000000 0.000000 1.000000
0.866808 -0.146665 0.476585 0.000000 0.266676 0.943949 -0.194536 28.328800 -0.421340 0.295719 0.857335 -0.000000 0.000000 0.000000 0.000000 1.000000
0.822195 -0.340252 0.456315 -0.000000 0.392766 0.919371 -0.022160 28.328800 -0.411983 0.197445 0.889542 0.000000 0.000000 0.000000 0.000000 1.000000
0.814068 -0.477854 0.330075 0.000000 0.485352 0.871884 0.065208 28.328800 -0.318947 0.107118 0.941700 0.000000 0.000000 0.000000 0.000000 1.000000
0.865180 -0.474522 0.162151 0.000000 0.472176 0.879773 0.055221 28.328800 -0.168860 0.028788 0.985220 -0.000000 0.000000 0.000000 0.000000 1.000000
0.926685 -0.371023 0.059967 0.000000 0.372776 0.927686 -0.020902 28.328800 -0.047876 0.041724 0.997981 -0.000000 0.000000 0.000000 0.000000 1.000000
0.976416 -0.210320 -0.048754 -0.000000 0.201873 0.969469 -0.139199 28.328800 0.076541 0.126074 0.989064 0.000000 0.000000 0.000000 0.000000 1.000000
0.991532 -0.068111 -0.110568 0.000000 0.038414 0.967150 -0.251285 28.328800 0.124051 0.244910 0.961577 0.000000 0.000000 0.000000 0.000000 1.000000
0.949427 -0.002621 -0.313977 0.000000 -0.108122 0.936079 -0.334761 28.328800 0.294785 0.351779 0.888456 0.000000 0.000000 0.000000 0.000000 1.000000
0.924923 0.029916 -0.378975 -0.000000 -0.191745 0.897512 -0.397122 28.328800 0.328254 0.439974 0.835866 0.000000 0.000000 0.000000 0.000000 1.000000
0.921086 -0.013986 -0.389107 0.000000 -0.175026 0.877819 -0.445870 28.328800 0.347802 0.478789 0.806099 0.000000 0.000000 0.000000 0.000000 1.000000
0.937022 -0.013067 -0.349027 -0.000000 -0.171471 0.853373 -0.492292 28.328800 0.304283 0.521136 0.797389 0.000000 0.000000 0.000000 0.000000 1.000000
0.960749 -0.004458 -0.277384 0.000000 -0.151155 0.830006 -0.536881 28.328800 0.232624 0.557736 0.796754 -0.000000 0.000000 0.000000 0.000000 1.000000
0.974917 -0.011244 -0.222286 0.000000 -0.118791 0.818292 -0.562394 28.328800 0.188219 0.574693 0.796431 0.000000 0.000000 0.000000 0.000000 1.000000
0.983245 -0.001685 -0.182279 0.000000 -0.100923 0.827683 -0.552047 28.328800 0.151800 0.561193 0.813645 0.000000 0.000000 0.000000 0.000000 1.000000
0.992787 0.030385 -0.115974 0.000000 -0.085744 0.856057 -0.509720 28.328800 0.083793 0.515987 0.852488 0.000000 0.000000 0.000000 0.000000 1.000000
0.992769 0.024323 -0.117554 0.000000 -0.071346 0.907093 -0.414840 28.328800 0.096542 0.420227 0.902269 -0.000000 0.000000 0.000000 0.000000 1.000000
0.994389 0.037837 -0.098791 0.000000 -0.060862 0.968441 -0.241696 28.328800 0.086529 0.246353 0.965310 0.000000 0.000000 0.000000 0.000000 1.000000
0.993825 0.078301 -0.078615 0.000000 -0.080789 0.996310 -0.028979 28.328800 0.076056 0.035152 0.996484 -0.000000 0.000000 0.000000 0.000000 1.000000
0.989564 0.142577 -0.020843 0.000000 -0.137921 0.979099 0.149477 28.328800 0.041719 -0.145042 0.988546 0.000000 0.000000 0.000000 0.000000 1.000000
0.984519 0.133217 0.113910 0.000000 -0.160471 0.946484 0.280031 28.328800 -0.070509 -0.293975 0.953209 -0.000000 0.000000 0.000000 0.000000 1.000000
0.986569 0.012458 0.162869 -0.000000 -0.073615 0.923999 0.375243 28.328800 -0.145816 -0.382193 0.912505 0.000000 0.000000 0.000000 0.000000 1.000000
0.965979 -0.019758 0.257866 0.000000 -0.078585 0.927508 0.365449 28.328800 -0.246393 -0.373281 0.894400 -0.000000 0.000000 0.000000 0.000000 1.000000
0.953315 0.047705 0.298184 0.000000 -0.123786 0.962402 0.241783 28.328800 -0.275439 -0.267406 0.923378 0.000000 0.000000 0.000000 0.000000 1.000000
0.989615 -0.037536 0.138758 0.000000 -0.000170 0.964999 0.262253 28.328800 -0.143745 -0.259553 0.954971 -0.000000 0.000000 0.000000 0.000000 1.000000
0.990747 -0.128960 0.042304 0.000000 0.114889 0.962831 0.244454 28.328800 -0.072256 -0.237332 0.968738 0.000000 0.000000 0.000000 0.000000 1.000000
0.983697 -0.149690 -0.099667 0.000000 0.173917 0.932868 0.315454 28.328800 0.045756 -0.327644 0.943692 -0.000000 0.000000 0.000000 0.000000 1.000000
0.967147 -0.193806 -0.164520 0.000000 0.238447 0.915970 0.322711 28.328800 0.088152 -0.351338 0.932090 -0.000000 0.000000 0.000000 0.000000 1.000000
0.947403 -0.263118 -0.182200 -0.000000 0.310477 0.893760 0.323724 28.328800 0.077665 -0.363266 0.928443 0.000000 0.000000 0.000000 0.000000 1.000000
0.922518 -0.293712 -0.250389 -0.000000 0.365815 0.872234 0.324634 28.328800 0.123049 -0.391077 0.912095 0.000000 0.000000 0.000000 0.000000 1.000000
0.915840 -0.331994 -0.225869 0.000000 0.389736 0.870350 0.300993 28.328800 0.096657 -0.363691 0.926492 0.000000 0.000000 0.000000 0.000000 1.000000
0.899709 -0.370051 -0.231485 0.000000 0.424579 0.864994 0.267427 28.328800 0.101271 -0.338891 0.935359 0.000000 0.000000 0.000000 0.000000 1.000000
0.885228 -0.365955 -0.287137 0.000000 0.434870 0.870195 0.231621 28.328800 0.165103 -0.329905 0.929464 0.000000 0.000000 0.000000 0.000000 1.000000
0.885738 -0.330866 -0.325572 0.000000 0.407832 0.889650 0.205417 28.328800 0.221679 -0.314725 0.922934 0.000000 0.000000 0.000000 0.000000 1.000000
0.898311 -0.310104 -0.311245 -0.000000 0.377210 0.907573 0.184455 28.328800 0.225277 -0.283103 0.932257 0.000000 0.000000 0.000000 0.000000 1.000000
0.900801 -0.300599 -0.313367 0.000000 0.365692 0.914294 0.174172 28.328800 0.234153 -0.271490 0.933523 0.000000 0.000000 0.000000 0.000000 1.000000
0.906815 -0.298584 -0.297548 0.000000 0.356118 0.920330 0.161781 28.328800 0.225537 -0.252668 0.940900 0.000000 0.000000 0.000000 0.000000 1.000000
0.912981 -0.305300 -0.270662 0.000000 0.352004 0.924828 0.144175 28.328800 0.206299 -0.226903 0.951817 0.000000 0.000000 0.000000 0.000000 1.000000
0.918016 -0.308269 -0.249432 0.000000 0.347022 0.928921 0.129153 28.328800 0.191889 -0.205123 0.959741 0.000000 0.000000 0.000000 0.000000 1.000000
0.920604 -0.308159 -0.239846 0.000000 0.342363 0.932356 0.116186 28.328800 0.187818 -0.189075 0.963833 0.000000 0.000000 0.000000 0.000000 1.000000
0.922676 -0.307777 -0.232256 0.000000 0.338030 0.935454 0.103251 28.328800 0.185487 -0.173777 0.967159 0.000000 0.000000 0.000000 0.000000 1.000000
0.924541 -0.308323 -0.223968 0.000000 0.334758 0.937930 0.090692 28.328800 0.182104 -0.158823 0.970368 0.000000 0.000000 0.000000 0.000000 1.000000
0.926264 -0.308659 -0.216251 0.000000 0.331655 0.940109 0.078739 28.328800 0.178996 -0.144654 0.973158 0.000000 0.000000 0.000000 0.000000 1.000000
0.927203 -0.309573 -0.210852 0.000000 0.329786 0.941624 0.067714 28.328800 0.177581 -0.132321 0.975170 0.000000 0.000000 0.000000 0.000000 1.000000
0.918748 -0.305934 -0.249612 0.000000 0.329514 0.942378 0.057827 28.328800 0.217538 -0.135379 0.966618 0.000000 0.000000 0.000000 0.000000 1.000000
0.921107 -0.308756 -0.237130 0.000000 0.329074 0.942954 0.050475 28.328800 0.208018 -0.124527 0.970166 0.000000 0.000000 0.000000 0.000000 1.000000
0.921794 -0.318196 -0.221466 0.000000 0.335576 0.940946 0.044825 28.328800 0.194124 -0.115638 0.974137 0.000000 0.000000 0.000000 0.000000 1.000000
0.919491 -0.340643 -0.196211 0.000000 0.354967 0.933932 0.042055 28.328800 0.168922 -0.108317 0.979659 0.000000 0.000000 0.000000 0.000000 1.000000
0.913145 -0.370790 -0.169355 0.000000 0.381885 0.923460 0.037236 28.328800 0.142586 -0.098676 0.984851 0.000000 0.000000 0.000000 0.000000 1.000000
0.909119 -0.390391 -0.145251 0.000000 0.398332 0.916779 0.029117 28.328800 0.121796 -0.084329 0.988966 0.000000 0.000000 0.000000 0.000000 1.000000
0.903118 -0.413631 -0.115267 -0.000000 0.419862 0.906904 0.035230 28.328800 0.089964 -0.080213 0.992710 0.000000 0.000000 0.000000 0.000000 1.000000
0.901969 -0.422921 -0.087125 0.000000 0.426676 0.903927 0.029376 28.328800 0.066331 -0.063671 0.995764 0.000000 0.000000 0.000000 0.000000 1.000000
0.902925 -0.424054 -0.070035 -0.000000 0.426340 0.904318 0.021039 28.328800 0.054412 -0.048855 0.997323 -0.000000 0.000000 0.000000 0.000000 1.000000
0.903185 -0.425410 -0.057301 -0.000000 0.426762 0.904266 0.013298 28.328800 0.046158 -0.036465 0.998268 0.000000 0.000000 0.000000 0.000000 1.000000
0.902016 -0.429548 -0.043081 0.000000 0.430159 0.902736 0.005613 28.328800 0.036480 -0.023594 0.999056 -0.000000 0.000000 0.000000 0.000000 1.000000</float_array>
        <technique_common>
          <accessor source="#mixamorig_LeftHand-Matrix-animation-output-transform-array" count="96" stride="16">
            <param type="float4x4"/>
          </accessor>
        </technique_common>
      </source>
      <source id="mixamorig_LeftHand-Interpolations">
        <Name_array id="mixamorig_LeftHand-Interpolations-array" count="96">
 LINEAR LINEAR LINEAR LINEAR LINEAR LINEAR LINEAR LINEAR LINEAR LINEAR LINEAR
LINEAR LINEAR LINEAR LINEAR LINEAR LINEAR LINEAR LINEAR LINEAR LINEAR LINEAR LINEAR
LINEAR LINEAR LINEAR LINEAR LINEAR LINEAR LINEAR LINEAR LINEAR LINEAR LINEAR LINEAR
LINEAR LINEAR LINEAR LINEAR LINEAR LINEAR LINEAR LINEAR LINEAR LINEAR LINEAR LINEAR
LINEAR LINEAR LINEAR LINEAR LINEAR LINEAR LINEAR LINEAR LINEAR LINEAR LINEAR LINEAR
LINEAR LINEAR LINEAR LINEAR LINEAR LINEAR LINEAR LINEAR LINEAR LINEAR LINEAR LINEAR
LINEAR LINEAR LINEAR LINEAR LINEAR LINEAR LINEAR LINEAR LINEAR LINEAR LINEAR LINEAR
LINEAR LINEAR LINEAR LINEAR LINEAR LINEAR LINEAR LINEAR LINEAR LINEAR LINEAR LINEAR
LINEAR</Name_array>
        <technique_common>
          <accessor source="#mixamorig_LeftHand-Interpolations-array" count="96">
            <param type="name"/>
          </accessor>
        </technique_common>
      </source>
      <sampler id="mixamorig_LeftHand-Matrix-animation-transform">
        <input semantic="INPUT" source="#mixamorig_LeftHand-Matrix-animation-input"/>
        <input semantic="OUTPUT" source="#mixamorig_LeftHand-Matrix-animation-output-transform"/>
        <input semantic="INTERPOLATION" source="#mixamorig_LeftHand-Interpolations"/>
      </sampler>
      <channel source="#mixamorig_LeftHand-Matrix-animation-transform" target="mixamorig_LeftHand/matrix"/>
    </animation>
    <animation id="mixamorig_LeftHandThumb1-anim" name="mixamorig_LeftHandThumb1">
      <source id="mixamorig_LeftHandThumb1-Matrix-animation-input">
        <float_array id="mixamorig_LeftHandThumb1-Matrix-animation-input-array" count="96">

0.000000 0.033333 0.066667 0.100000 0.133333 0.166667 0.200000 0.233333 0.266667 0.300000 0.333333 0.366667 0.400000 0.433333 0.466667 0.500000
0.533333 0.566667 0.600000 0.633333 0.666667 0.700000 0.733333 0.766667 0.800000 0.833333 0.866667 0.900000 0.933333 0.966667 1.000000 1.033333
1.066667 1.100000 1.133333 1.166667 1.200000 1.233333 1.266667 1.300000 1.333333 1.366667 1.400000 1.433333 1.466667 1.500000 1.533333 1.566667
1.600000 1.633333 1.666667 1.700000 1.733333 1.766667 1.800000 1.833333 1.866667 1.900000 1.933333 1.966667 2.000000 2.033333 2.066667 2.100000
2.133333 2.166667 2.200000 2.233333 2.266667 2.300000 2.333333 2.366667 2.400000 2.433333 2.466667 2.500000 2.533333 2.566667 2.600000 2.633333
2.666667 2.700000 2.733333 2.766667 2.800000 2.833333 2.866667 2.900000 2.933333 2.966667 3.000000 3.033333 3.066667 3.100000 3.133333 3.166667</float_array>
        <technique_common>
          <accessor source="#mixamorig_LeftHandThumb1-Matrix-animation-input-array" count="96">
            <param name="TIME" type="float"/>
          </accessor>
        </technique_common>
      </source>
      <source id="mixamorig_LeftHandThumb1-Matrix-animation-output-transform">
        <float_array id="mixamorig_LeftHandThumb1-Matrix-animation-output-transform-array" count="1536">

0.728581 -0.194385 0.656798 -2.681700 0.607453 0.626438 -0.488443 2.466100 -0.316498 0.754844 0.574491 1.576200 0.000000 0.000000 0.000000 1.000000
0.728581 -0.194385 0.656799 -2.681700 0.607453 0.626438 -0.488443 2.466100 -0.316498 0.754845 0.574490 1.576200 0.000000 0.000000 0.000000 1.000000
0.728581 -0.194385 0.656799 -2.681700 0.607453 0.626438 -0.488442 2.466100 -0.316498 0.754844 0.574490 1.576200 0.000000 0.000000 0.000000 1.000000
0.728581 -0.194385 0.656799 -2.681700 0.607453 0.626438 -0.488443 2.466100 -0.316498 0.754844 0.574490 1.576200 0.000000 0.000000 0.000000 1.000000
0.728581 -0.194385 0.656799 -2.681700 0.607453 0.626438 -0.488443 2.466100 -0.316498 0.754844 0.574490 1.576200 0.000000 0.000000 0.000000 1.000000
0.728581 -0.194385 0.656799 -2.681700 0.607453 0.626438 -0.488443 2.466100 -0.316498 0.754844 0.574490 1.576200 0.000000 0.000000 0.000000 1.000000
0.728580 -0.194384 0.656799 -2.681700 0.607453 0.626438 -0.488443 2.466100 -0.316498 0.754844 0.574490 1.576200 0.000000 0.000000 0.000000 1.000000
0.728580 -0.194385 0.656799 -2.681700 0.607453 0.626438 -0.488442 2.466100 -0.316498 0.754844 0.574490 1.576200 0.000000 0.000000 0.000000 1.000000
0.728581 -0.194385 0.656799 -2.681700 0.607453 0.626438 -0.488443 2.466100 -0.316498 0.754844 0.574490 1.576200 0.000000 0.000000 0.000000 1.000000
0.728581 -0.194384 0.656799 -2.681700 0.607453 0.626438 -0.488443 2.466100 -0.316498 0.754844 0.574490 1.576200 0.000000 0.000000 0.000000 1.000000
0.728581 -0.194384 0.656799 -2.681700 0.607453 0.626438 -0.488443 2.466100 -0.316498 0.754845 0.574490 1.576200 0.000000 0.000000 0.000000 1.000000
0.728581 -0.194385 0.656799 -2.681700 0.607453 0.626438 -0.488443 2.466100 -0.316498 0.754844 0.574490 1.576200 0.000000 0.000000 0.000000 1.000000
0.728581 -0.194384 0.656799 -2.681700 0.607453 0.626438 -0.488443 2.466100 -0.316498 0.754845 0.574490 1.576200 0.000000 0.000000 0.000000 1.000000
0.728581 -0.194385 0.656799 -2.681700 0.607453 0.626438 -0.488443 2.466100 -0.316498 0.754845 0.574490 1.576200 0.000000 0.000000 0.000000 1.000000
0.728580 -0.194385 0.656799 -2.681700 0.607453 0.626438 -0.488443 2.466100 -0.316498 0.754845 0.574490 1.576200 0.000000 0.000000 0.000000 1.000000
0.728581 -0.194385 0.656799 -2.681700 0.607453 0.626438 -0.488443 2.466100 -0.316498 0.754845 0.574490 1.576200 0.000000 0.000000 0.000000 1.000000
0.728581 -0.194385 0.656799 -2.681700 0.607453 0.626438 -0.488443 2.466100 -0.316498 0.754844 0.574490 1.576200 0.000000 0.000000 0.000000 1.000000
0.728581 -0.194384 0.656799 -2.681700 0.607453 0.626438 -0.488442 2.466100 -0.316498 0.754844 0.574490 1.576200 0.000000 0.000000 0.000000 1.000000
0.728580 -0.194384 0.656799 -2.681700 0.607453 0.626438 -0.488443 2.466100 -0.316498 0.754845 0.574490 1.576200 0.000000 0.000000 0.000000 1.000000
0.728581 -0.194384 0.656799 -2.681700 0.607452 0.626438 -0.488443 2.466100 -0.316498 0.754844 0.574490 1.576200 0.000000 0.000000 0.000000 1.000000
0.728580 -0.194385 0.656799 -2.681700 0.607454 0.626438 -0.488442 2.466100 -0.316498 0.754845 0.574490 1.576200 0.000000 0.000000 0.000000 1.000000
0.728580 -0.194385 0.656799 -2.681700 0.607453 0.626438 -0.488442 2.466100 -0.316498 0.754844 0.574490 1.576200 0.000000 0.000000 0.000000 1.000000
0.728581 -0.194385 0.656799 -2.681700 0.607453 0.626438 -0.488442 2.466100 -0.316498 0.754844 0.574490 1.576200 0.000000 0.000000 0.000000 1.000000
0.728581 -0.194384 0.656799 -2.681700 0.607453 0.626438 -0.488443 2.466100 -0.316498 0.754845 0.574490 1.576200 0.000000 0.000000 0.000000 1.000000
0.728580 -0.194385 0.656799 -2.681700 0.607454 0.626438 -0.488443 2.466100 -0.316498 0.754845 0.574490 1.576200 0.000000 0.000000 0.000000 1.000000
0.728580 -0.194385 0.656799 -2.681700 0.607453 0.626438 -0.488442 2.466100 -0.316498 0.754844 0.574490 1.576200 0.000000 0.000000 0.000000 1.000000
0.728580 -0.194385 0.656799 -2.681700 0.607453 0.626438 -0.488443 2.466100 -0.316498 0.754845 0.574490 1.576200 0.000000 0.000000 0.000000 1.000000
0.728581 -0.194385 0.656799 -2.681700 0.607453 0.626438 -0.488442 2.466100 -0.316498 0.754844 0.574491 1.576200 0.000000 0.000000 0.000000 1.000000
0.728581 -0.194385 0.656799 -2.681700 0.607453 0.626438 -0.488443 2.466100 -0.316498 0.754844 0.574490 1.576200 0.000000 0.000000 0.000000 1.000000
0.728581 -0.194385 0.656799 -2.681700 0.607453 0.626438 -0.488443 2.466100 -0.316498 0.754844 0.574490 1.576200 0.000000 0.000000 0.000000 1.000000
0.728581 -0.194384 0.656799 -2.681700 0.607453 0.626438 -0.488443 2.466100 -0.316498 0.754844 0.574490 1.576200 0.000000 0.000000 0.000000 1.000000
0.728581 -0.194384 0.656799 -2.681700 0.607453 0.626438 -0.488443 2.466100 -0.316498 0.754844 0.574490 1.576200 0.000000 0.000000 0.000000 1.000000
0.728580 -0.194385 0.656799 -2.681700 0.607454 0.626437 -0.488443 2.466100 -0.316497 0.754845 0.574490 1.576200 0.000000 0.000000 0.000000 1.000000
0.728580 -0.194385 0.656799 -2.681700 0.607453 0.626438 -0.488442 2.466100 -0.316498 0.754844 0.574490 1.576200 0.000000 0.000000 0.000000 1.000000
0.728581 -0.194385 0.656799 -2.681700 0.607453 0.626438 -0.488443 2.466100 -0.316498 0.754844 0.574490 1.576200 0.000000 0.000000 0.000000 1.000000
0.728580 -0.194384 0.656799 -2.681700 0.607453 0.626438 -0.488442 2.466100 -0.316499 0.754844 0.574490 1.576200 0.000000 0.000000 0.000000 1.000000
0.728580 -0.194384 0.656799 -2.681700 0.607453 0.626438 -0.488442 2.466100 -0.316499 0.754844 0.574490 1.576200 0.000000 0.000000 0.000000 1.000000
0.728581 -0.194384 0.656799 -2.681700 0.607453 0.626438 -0.488443 2.466100 -0.316498 0.754845 0.574490 1.576200 0.000000 0.000000 0.000000 1.000000
0.728581 -0.194384 0.656799 -2.681700 0.607453 0.626438 -0.488443 2.466100 -0.316498 0.754844 0.574490 1.576200 0.000000 0.000000 0.000000 1.000000
0.728580 -0.194385 0.656799 -2.681700 0.607453 0.626438 -0.488442 2.466100 -0.316498 0.754844 0.574490 1.576200 0.000000 0.000000 0.000000 1.000000
0.728581 -0.194385 0.656799 -2.681700 0.607453 0.626438 -0.488443 2.466100 -0.316498 0.754844 0.574490 1.576200 0.000000 0.000000 0.000000 1.000000
0.728580 -0.194385 0.656799 -2.681700 0.607453 0.626438 -0.488442 2.466100 -0.316498 0.754844 0.574490 1.576200 0.000000 0.000000 0.000000 1.000000
0.728581 -0.194384 0.656799 -2.681700 0.607453 0.626438 -0.488443 2.466100 -0.316498 0.754844 0.574490 1.576200 0.000000 0.000000 0.000000 1.000000
0.728581 -0.194385 0.656799 -2.681700 0.607453 0.626438 -0.488443 2.466100 -0.316498 0.754844 0.574490 1.576200 0.000000 0.000000 0.000000 1.000000
0.728581 -0.194385 0.656799 -2.681700 0.607453 0.626438 -0.488443 2.466100 -0.316498 0.754844 0.574490 1.576200 0.000000 0.000000 0.000000 1.000000
0.728581 -0.194385 0.656799 -2.681700 0.607453 0.626438 -0.488443 2.466100 -0.316498 0.754844 0.574490 1.576200 0.000000 0.000000 0.000000 1.000000
0.728580 -0.194385 0.656799 -2.681700 0.607453 0.626438 -0.488443 2.466100 -0.316498 0.754845 0.574490 1.576200 0.000000 0.000000 0.000000 1.000000
0.728581 -0.194385 0.656799 -2.681700 0.607453 0.626438 -0.488442 2.466100 -0.316498 0.754844 0.574490 1.576200 0.000000 0.000000 0.000000 1.000000
0.728580 -0.194385 0.656799 -2.681700 0.607453 0.626438 -0.488442 2.466100 -0.316498 0.754844 0.574490 1.576200 0.000000 0.000000 0.000000 1.000000
0.728581 -0.194384 0.656799 -2.681700 0.607453 0.626438 -0.488443 2.466100 -0.316498 0.754845 0.574490 1.576200 0.000000 0.000000 0.000000 1.000000
0.728581 -0.194385 0.656799 -2.681700 0.607453 0.626438 -0.488443 2.466100 -0.316498 0.754844 0.574490 1.576200 0.000000 0.000000 0.000000 1.000000
0.728581 -0.194385 0.656799 -2.681700 0.607453 0.626438 -0.488443 2.466100 -0.316498 0.754845 0.574490 1.576200 0.000000 0.000000 0.000000 1.000000
0.728581 -0.194385 0.656799 -2.681700 0.607453 0.626438 -0.488443 2.466100 -0.316498 0.754844 0.574490 1.576200 0.000000 0.000000 0.000000 1.000000
0.728580 -0.194385 0.656799 -2.681700 0.607453 0.626438 -0.488442 2.466100 -0.316498 0.754844 0.574490 1.576200 0.000000 0.000000 0.000000 1.000000
0.728580 -0.194384 0.656799 -2.681700 0.607453 0.626438 -0.488442 2.466100 -0.316499 0.754844 0.574490 1.576200 0.000000 0.000000 0.000000 1.000000
0.728581 -0.194384 0.656799 -2.681700 0.607453 0.626438 -0.488443 2.466100 -0.316498 0.754844 0.574490 1.576200 0.000000 0.000000 0.000000 1.000000
0.728580 -0.194385 0.656799 -2.681700 0.607454 0.626438 -0.488443 2.466100 -0.316498 0.754845 0.574490 1.576200 0.000000 0.000000 0.000000 1.000000
0.728580 -0.194385 0.656799 -2.681700 0.607453 0.626438 -0.488443 2.466100 -0.316498 0.754845 0.574490 1.576200 0.000000 0.000000 0.000000 1.000000
0.728581 -0.194385 0.656799 -2.681700 0.607453 0.626438 -0.488443 2.466100 -0.316498 0.754844 0.574490 1.576200 0.000000 0.000000 0.000000 1.000000
0.728581 -0.194384 0.656799 -2.681700 0.607453 0.626438 -0.488443 2.466100 -0.316498 0.754845 0.574490 1.576200 0.000000 0.000000 0.000000 1.000000
0.728581 -0.194385 0.656799 -2.681700 0.607453 0.626438 -0.488443 2.466100 -0.316498 0.754845 0.574490 1.576200 0.000000 0.000000 0.000000 1.000000
0.728581 -0.194385 0.656799 -2.681700 0.607453 0.626438 -0.488443 2.466100 -0.316498 0.754844 0.574490 1.576200 0.000000 0.000000 0.000000 1.000000
0.728580 -0.194385 0.656799 -2.681700 0.607453 0.626438 -0.488443 2.466100 -0.316498 0.754845 0.574490 1.576200 0.000000 0.000000 0.000000 1.000000
0.728581 -0.194385 0.656799 -2.681700 0.607453 0.626438 -0.488443 2.466100 -0.316498 0.754845 0.574490 1.576200 0.000000 0.000000 0.000000 1.000000
0.728581 -0.194385 0.656799 -2.681700 0.607453 0.626438 -0.488442 2.466100 -0.316498 0.754844 0.574490 1.576200 0.000000 0.000000 0.000000 1.000000
0.728581 -0.194384 0.656799 -2.681700 0.607453 0.626438 -0.488443 2.466100 -0.316498 0.754845 0.574490 1.576200 0.000000 0.000000 0.000000 1.000000
0.728581 -0.194385 0.656799 -2.681700 0.607453 0.626438 -0.488443 2.466100 -0.316498 0.754844 0.574490 1.576200 0.000000 0.000000 0.000000 1.000000
0.728581 -0.194385 0.656799 -2.681700 0.607453 0.626438 -0.488443 2.466100 -0.316498 0.754844 0.574490 1.576200 0.000000 0.000000 0.000000 1.000000
0.728581 -0.194384 0.656799 -2.681700 0.607453 0.626438 -0.488443 2.466100 -0.316498 0.754844 0.574490 1.576200 0.000000 0.000000 0.000000 1.000000
0.728581 -0.194384 0.656799 -2.681700 0.607453 0.626438 -0.488443 2.466100 -0.316498 0.754844 0.574490 1.576200 0.000000 0.000000 0.000000 1.000000
0.728581 -0.194385 0.656799 -2.681700 0.607453 0.626438 -0.488442 2.466100 -0.316498 0.754844 0.574490 1.576200 0.000000 0.000000 0.000000 1.000000
0.728581 -0.194385 0.656799 -2.681700 0.607453 0.626438 -0.488443 2.466100 -0.316498 0.754844 0.574491 1.576200 0.000000 0.000000 0.000000 1.000000
0.728581 -0.194385 0.656799 -2.681700 0.607453 0.626438 -0.488443 2.466100 -0.316498 0.754844 0.574490 1.576200 0.000000 0.000000 0.000000 1.000000
0.728581 -0.194385 0.656799 -2.681700 0.607453 0.626438 -0.488443 2.466100 -0.316498 0.754844 0.574490 1.576200 0.000000 0.000000 0.000000 1.000000
0.728581 -0.194384 0.656799 -2.681700 0.607453 0.626438 -0.488443 2.466100 -0.316498 0.754844 0.574490 1.576200 0.000000 0.000000 0.000000 1.000000
0.728581 -0.194385 0.656799 -2.681700 0.607453 0.626438 -0.488443 2.466100 -0.316498 0.754844 0.574490 1.576200 0.000000 0.000000 0.000000 1.000000
0.728581 -0.194385 0.656799 -2.681700 0.607453 0.626438 -0.488443 2.466100 -0.316498 0.754845 0.574490 1.576200 0.000000 0.000000 0.000000 1.000000
0.728580 -0.194384 0.656799 -2.681700 0.607453 0.626438 -0.488443 2.466100 -0.316498 0.754844 0.574490 1.576200 0.000000 0.000000 0.000000 1.000000
0.728581 -0.194385 0.656799 -2.681700 0.607453 0.626438 -0.488443 2.466100 -0.316498 0.754844 0.574490 1.576200 0.000000 0.000000 0.000000 1.000000
0.728581 -0.194385 0.656799 -2.681700 0.607453 0.626438 -0.488443 2.466100 -0.316498 0.754845 0.574490 1.576200 0.000000 0.000000 0.000000 1.000000
0.728581 -0.194385 0.656799 -2.681700 0.607453 0.626438 -0.488443 2.466100 -0.316498 0.754845 0.574490 1.576200 0.000000 0.000000 0.000000 1.000000
0.728581 -0.194385 0.656799 -2.681700 0.607453 0.626438 -0.488443 2.466100 -0.316498 0.754845 0.574490 1.576200 0.000000 0.000000 0.000000 1.000000
0.728581 -0.194385 0.656799 -2.681700 0.607453 0.626438 -0.488443 2.466100 -0.316498 0.754844 0.574490 1.576200 0.000000 0.000000 0.000000 1.000000
0.728581 -0.194384 0.656799 -2.681700 0.607453 0.626438 -0.488443 2.466100 -0.316498 0.754845 0.574490 1.576200 0.000000 0.000000 0.000000 1.000000
0.728581 -0.194384 0.656799 -2.681700 0.607453 0.626438 -0.488443 2.466100 -0.316498 0.754844 0.574490 1.576200 0.000000 0.000000 0.000000 1.000000
0.728581 -0.194385 0.656799 -2.681700 0.607453 0.626438 -0.488443 2.466100 -0.316498 0.754844 0.574490 1.576200 0.000000 0.000000 0.000000 1.000000
0.728580 -0.194385 0.656799 -2.681700 0.607453 0.626438 -0.488443 2.466100 -0.316498 0.754845 0.574490 1.576200 0.000000 0.000000 0.000000 1.000000
0.728581 -0.194385 0.656799 -2.681700 0.607453 0.626438 -0.488443 2.466100 -0.316498 0.754844 0.574490 1.576200 0.000000 0.000000 0.000000 1.000000
0.728580 -0.194385 0.656799 -2.681700 0.607453 0.626438 -0.488443 2.466100 -0.316498 0.754845 0.574490 1.576200 0.000000 0.000000 0.000000 1.000000
0.728581 -0.194385 0.656799 -2.681700 0.607453 0.626438 -0.488443 2.466100 -0.316498 0.754845 0.574490 1.576200 0.000000 0.000000 0.000000 1.000000
0.728581 -0.194384 0.656799 -2.681700 0.607453 0.626438 -0.488443 2.466100 -0.316498 0.754844 0.574490 1.576200 0.000000 0.000000 0.000000 1.000000
0.728581 -0.194385 0.656799 -2.681700 0.607453 0.626438 -0.488442 2.466100 -0.316498 0.754844 0.574491 1.576200 0.000000 0.000000 0.000000 1.000000
0.728581 -0.194384 0.656799 -2.681700 0.607452 0.626439 -0.488442 2.466100 -0.316499 0.754844 0.574490 1.576200 0.000000 0.000000 0.000000 1.000000
0.728581 -0.194385 0.656799 -2.681700 0.607453 0.626438 -0.488443 2.466100 -0.316498 0.754845 0.574490 1.576200 0.000000 0.000000 0.000000 1.000000
0.728580 -0.194385 0.656799 -2.681700 0.607453 0.626438 -0.488443 2.466100 -0.316498 0.754844 0.574490 1.576200 0.000000 0.000000 0.000000 1.000000
0.728581 -0.194384 0.656799 -2.681700 0.607453 0.626438 -0.488443 2.466100 -0.316498 0.754845 0.574490 1.576200 0.000000 0.000000 0.000000 1.000000</float_array>
        <technique_common>
          <accessor source="#mixamorig_LeftHandThumb1-Matrix-animation-output-transform-array" count="96" stride="16">
            <param type="float4x4"/>
          </accessor>
        </technique_common>
      </source>
      <source id="mixamorig_LeftHandThumb1-Interpolations">
        <Name_array id="mixamorig_LeftHandThumb1-Interpolations-array" count="96">
 LINEAR LINEAR LINEAR LINEAR LINEAR LINEAR LINEAR LINEAR LINEAR LINEAR LINEAR
LINEAR LINEAR LINEAR LINEAR LINEAR LINEAR LINEAR LINEAR LINEAR LINEAR LINEAR LINEAR
LINEAR LINEAR LINEAR LINEAR LINEAR LINEAR LINEAR LINEAR LINEAR LINEAR LINEAR LINEAR
LINEAR LINEAR LINEAR LINEAR LINEAR LINEAR LINEAR LINEAR LINEAR LINEAR LINEAR LINEAR
LINEAR LINEAR LINEAR LINEAR LINEAR LINEAR LINEAR LINEAR LINEAR LINEAR LINEAR LINEAR
LINEAR LINEAR LINEAR LINEAR LINEAR LINEAR LINEAR LINEAR LINEAR LINEAR LINEAR LINEAR
LINEAR LINEAR LINEAR LINEAR LINEAR LINEAR LINEAR LINEAR LINEAR LINEAR LINEAR LINEAR
LINEAR LINEAR LINEAR LINEAR LINEAR LINEAR LINEAR LINEAR LINEAR LINEAR LINEAR LINEAR
LINEAR</Name_array>
        <technique_common>
          <accessor source="#mixamorig_LeftHandThumb1-Interpolations-array" count="96">
            <param type="name"/>
          </accessor>
        </technique_common>
      </source>
      <sampler id="mixamorig_LeftHandThumb1-Matrix-animation-transform">
        <input semantic="INPUT" source="#mixamorig_LeftHandThumb1-Matrix-animation-input"/>
        <input semantic="OUTPUT" source="#mixamorig_LeftHandThumb1-Matrix-animation-output-transform"/>
        <input semantic="INTERPOLATION" source="#mixamorig_LeftHandThumb1-Interpolations"/>
      </sampler>
      <channel source="#mixamorig_LeftHandThumb1-Matrix-animation-transform" target="mixamorig_LeftHandThumb1/matrix"/>
    </animation>
    <animation id="mixamorig_LeftHandThumb2-anim" name="mixamorig_LeftHandThumb2">
      <source id="mixamorig_LeftHandThumb2-Matrix-animation-input">
        <float_array id="mixamorig_LeftHandThumb2-Matrix-animation-input-array" count="96">

0.000000 0.033333 0.066667 0.100000 0.133333 0.166667 0.200000 0.233333 0.266667 0.300000 0.333333 0.366667 0.400000 0.433333 0.466667 0.500000
0.533333 0.566667 0.600000 0.633333 0.666667 0.700000 0.733333 0.766667 0.800000 0.833333 0.866667 0.900000 0.933333 0.966667 1.000000 1.033333
1.066667 1.100000 1.133333 1.166667 1.200000 1.233333 1.266667 1.300000 1.333333 1.366667 1.400000 1.433333 1.466667 1.500000 1.533333 1.566667
1.600000 1.633333 1.666667 1.700000 1.733333 1.766667 1.800000 1.833333 1.866667 1.900000 1.933333 1.966667 2.000000 2.033333 2.066667 2.100000
2.133333 2.166667 2.200000 2.233333 2.266667 2.300000 2.333333 2.366667 2.400000 2.433333 2.466667 2.500000 2.533333 2.566667 2.600000 2.633333
2.666667 2.700000 2.733333 2.766667 2.800000 2.833333 2.866667 2.900000 2.933333 2.966667 3.000000 3.033333 3.066667 3.100000 3.133333 3.166667</float_array>
        <technique_common>
          <accessor source="#mixamorig_LeftHandThumb2-Matrix-animation-input-array" count="96">
            <param name="TIME" type="float"/>
          </accessor>
        </technique_common>
      </source>
      <source id="mixamorig_LeftHandThumb2-Matrix-animation-output-transform">
        <float_array id="mixamorig_LeftHandThumb2-Matrix-animation-output-transform-array" count="1536">

0.884288 0.463580 0.055932 0.000000 -0.462936 0.854730 0.234793 4.187100 0.061039 -0.233518 0.970435 0.000000 0.000000 0.000000 0.000000 1.000000
0.884287 0.463581 0.055932 0.000000 -0.462936 0.854729 0.234794 4.187100 0.061039 -0.233518 0.970435 0.000000 0.000000 0.000000 0.000000 1.000000
0.884287 0.463581 0.055932 -0.000000 -0.462937 0.854729 0.234793 4.187100 0.061039 -0.233518 0.970435 -0.000000 0.000000 0.000000 0.000000 1.000000
0.884287 0.463582 0.055932 -0.000000 -0.462937 0.854729 0.234794 4.187100 0.061039 -0.233518 0.970435 0.000000 0.000000 0.000000 0.000000 1.000000
0.884288 0.463580 0.055932 -0.000000 -0.462936 0.854730 0.234793 4.187100 0.061039 -0.233518 0.970435 -0.000000 0.000000 0.000000 0.000000 1.000000
0.884287 0.463581 0.055932 -0.000000 -0.462936 0.854729 0.234794 4.187100 0.061039 -0.233518 0.970435 0.000000 0.000000 0.000000 0.000000 1.000000
0.884288 0.463581 0.055932 0.000000 -0.462936 0.854729 0.234793 4.187100 0.061039 -0.233518 0.970435 0.000000 0.000000 0.000000 0.000000 1.000000
0.884287 0.463581 0.055931 0.000000 -0.462936 0.854729 0.234794 4.187100 0.061040 -0.233518 0.970435 0.000000 0.000000 0.000000 0.000000 1.000000
0.884288 0.463580 0.055932 0.000000 -0.462936 0.854730 0.234793 4.187100 0.061039 -0.233518 0.970435 0.000000 0.000000 0.000000 0.000000 1.000000
0.884287 0.463581 0.055932 0.000000 -0.462936 0.854729 0.234794 4.187100 0.061039 -0.233518 0.970435 0.000000 0.000000 0.000000 0.000000 1.000000
0.884288 0.463580 0.055932 0.000000 -0.462936 0.854729 0.234793 4.187100 0.061038 -0.233518 0.970435 0.000000 0.000000 0.000000 0.000000 1.000000
0.884287 0.463581 0.055932 -0.000000 -0.462936 0.854729 0.234793 4.187100 0.061039 -0.233518 0.970435 0.000000 0.000000 0.000000 0.000000 1.000000
0.884287 0.463582 0.055931 0.000000 -0.462937 0.854729 0.234794 4.187100 0.061040 -0.233518 0.970435 0.000000 0.000000 0.000000 0.000000 1.000000
0.884287 0.463581 0.055932 -0.000000 -0.462936 0.854729 0.234793 4.187100 0.061039 -0.233518 0.970435 0.000000 0.000000 0.000000 0.000000 1.000000
0.884287 0.463581 0.055932 -0.000000 -0.462936 0.854729 0.234793 4.187100 0.061039 -0.233518 0.970435 0.000000 0.000000 0.000000 0.000000 1.000000
0.884287 0.463581 0.055931 -0.000000 -0.462937 0.854729 0.234793 4.187100 0.061040 -0.233518 0.970435 0.000000 0.000000 0.000000 0.000000 1.000000
0.884287 0.463581 0.055932 0.000000 -0.462936 0.854729 0.234793 4.187100 0.061039 -0.233517 0.970435 0.000000 0.000000 0.000000 0.000000 1.000000
0.884287 0.463581 0.055931 -0.000000 -0.462936 0.854729 0.234794 4.187100 0.061040 -0.233518 0.970435 0.000000 0.000000 0.000000 0.000000 1.000000
0.884287 0.463581 0.055931 0.000000 -0.462936 0.854729 0.234794 4.187100 0.061040 -0.233518 0.970435 0.000000 0.000000 0.000000 0.000000 1.000000
0.884288 0.463581 0.055932 0.000000 -0.462936 0.854729 0.234793 4.187100 0.061039 -0.233518 0.970435 -0.000000 0.000000 0.000000 0.000000 1.000000
0.884288 0.463581 0.055932 -0.000000 -0.462936 0.854729 0.234793 4.187100 0.061039 -0.233518 0.970435 0.000000 0.000000 0.000000 0.000000 1.000000
0.884287 0.463581 0.055932 0.000000 -0.462936 0.854729 0.234794 4.187100 0.061039 -0.233518 0.970435 0.000000 0.000000 0.000000 0.000000 1.000000
0.884288 0.463580 0.055932 -0.000000 -0.462936 0.854730 0.234794 4.187100 0.061039 -0.233518 0.970435 0.000000 0.000000 0.000000 0.000000 1.000000
0.884288 0.463581 0.055933 0.000000 -0.462936 0.854729 0.234793 4.187100 0.061038 -0.233518 0.970435 0.000000 0.000000 0.000000 0.000000 1.000000
0.884287 0.463581 0.055931 0.000000 -0.462936 0.854729 0.234794 4.187100 0.061040 -0.233518 0.970435 0.000000 0.000000 0.000000 0.000000 1.000000
0.884288 0.463581 0.055932 0.000000 -0.462936 0.854729 0.234794 4.187100 0.061039 -0.233518 0.970435 0.000000 0.000000 0.000000 0.000000 1.000000
0.884287 0.463581 0.055932 0.000000 -0.462936 0.854729 0.234794 4.187100 0.061040 -0.233518 0.970435 -0.000000 0.000000 0.000000 0.000000 1.000000
0.884288 0.463581 0.055932 0.000000 -0.462936 0.854729 0.234793 4.187100 0.061039 -0.233518 0.970435 0.000000 0.000000 0.000000 0.000000 1.000000
0.884287 0.463581 0.055932 0.000000 -0.462936 0.854729 0.234794 4.187100 0.061039 -0.233518 0.970435 0.000000 0.000000 0.000000 0.000000 1.000000
0.884288 0.463581 0.055932 0.000000 -0.462936 0.854729 0.234794 4.187100 0.061039 -0.233518 0.970435 -0.000000 0.000000 0.000000 0.000000 1.000000
0.884288 0.463580 0.055932 0.000000 -0.462936 0.854729 0.234794 4.187100 0.061039 -0.233519 0.970435 0.000000 0.000000 0.000000 0.000000 1.000000
0.884288 0.463581 0.055932 0.000000 -0.462936 0.854729 0.234794 4.187100 0.061040 -0.233518 0.970435 0.000000 0.000000 0.000000 0.000000 1.000000
0.884288 0.463580 0.055932 -0.000000 -0.462936 0.854729 0.234794 4.187100 0.061039 -0.233519 0.970435 0.000000 0.000000 0.000000 0.000000 1.000000
0.884287 0.463581 0.055932 -0.000000 -0.462936 0.854729 0.234793 4.187100 0.061039 -0.233518 0.970435 0.000000 0.000000 0.000000 0.000000 1.000000
0.884287 0.463581 0.055932 0.000000 -0.462936 0.854729 0.234794 4.187100 0.061039 -0.233518 0.970435 0.000000 0.000000 0.000000 0.000000 1.000000
0.884288 0.463581 0.055932 0.000000 -0.462936 0.854729 0.234794 4.187100 0.061039 -0.233518 0.970435 0.000000 0.000000 0.000000 0.000000 1.000000
0.884287 0.463581 0.055932 -0.000000 -0.462937 0.854729 0.234794 4.187100 0.061039 -0.233518 0.970435 -0.000000 0.000000 0.000000 0.000000 1.000000
0.884287 0.463581 0.055932 0.000000 -0.462936 0.854729 0.234794 4.187100 0.061039 -0.233518 0.970435 -0.000000 0.000000 0.000000 0.000000 1.000000
0.884288 0.463580 0.055933 0.000000 -0.462936 0.854730 0.234793 4.187100 0.061038 -0.233518 0.970435 0.000000 0.000000 0.000000 0.000000 1.000000
0.884287 0.463581 0.055932 -0.000000 -0.462937 0.854729 0.234794 4.187100 0.061040 -0.233518 0.970435 0.000000 0.000000 0.000000 0.000000 1.000000
0.884288 0.463581 0.055932 0.000000 -0.462936 0.854729 0.234794 4.187100 0.061039 -0.233518 0.970435 0.000000 0.000000 0.000000 0.000000 1.000000
0.884288 0.463581 0.055932 0.000000 -0.462936 0.854729 0.234794 4.187100 0.061039 -0.233518 0.970435 0.000000 0.000000 0.000000 0.000000 1.000000
0.884288 0.463581 0.055932 -0.000000 -0.462936 0.854729 0.234794 4.187100 0.061039 -0.233518 0.970435 0.000000 0.000000 0.000000 0.000000 1.000000
0.884287 0.463581 0.055931 -0.000000 -0.462936 0.854729 0.234794 4.187100 0.061040 -0.233518 0.970435 0.000000 0.000000 0.000000 0.000000 1.000000
0.884287 0.463581 0.055932 0.000000 -0.462936 0.854729 0.234794 4.187100 0.061039 -0.233518 0.970435 0.000000 0.000000 0.000000 0.000000 1.000000
0.884288 0.463580 0.055932 -0.000000 -0.462936 0.854730 0.234793 4.187100 0.061038 -0.233518 0.970435 0.000000 0.000000 0.000000 0.000000 1.000000
0.884288 0.463581 0.055932 0.000000 -0.462936 0.854730 0.234793 4.187100 0.061039 -0.233518 0.970435 -0.000000 0.000000 0.000000 0.000000 1.000000
0.884288 0.463580 0.055932 0.000000 -0.462935 0.854730 0.234793 4.187100 0.061039 -0.233518 0.970435 0.000000 0.000000 0.000000 0.000000 1.000000
0.884287 0.463581 0.055932 0.000000 -0.462936 0.854729 0.234793 4.187100 0.061039 -0.233517 0.970435 0.000000 0.000000 0.000000 0.000000 1.000000
0.884287 0.463581 0.055932 0.000000 -0.462936 0.854729 0.234793 4.187100 0.061039 -0.233517 0.970435 0.000000 0.000000 0.000000 0.000000 1.000000
0.884287 0.463581 0.055932 0.000000 -0.462936 0.854729 0.234794 4.187100 0.061039 -0.233519 0.970435 -0.000000 0.000000 0.000000 0.000000 1.000000
0.884288 0.463580 0.055932 0.000000 -0.462936 0.854730 0.234793 4.187100 0.061039 -0.233518 0.970435 0.000000 0.000000 0.000000 0.000000 1.000000
0.884287 0.463581 0.055932 0.000000 -0.462936 0.854729 0.234793 4.187100 0.061039 -0.233517 0.970435 0.000000 0.000000 0.000000 0.000000 1.000000
0.884287 0.463581 0.055932 0.000000 -0.462937 0.854729 0.234793 4.187100 0.061039 -0.233518 0.970435 0.000000 0.000000 0.000000 0.000000 1.000000
0.884288 0.463581 0.055931 0.000000 -0.462936 0.854730 0.234793 4.187100 0.061040 -0.233517 0.970435 -0.000000 0.000000 0.000000 0.000000 1.000000
0.884288 0.463581 0.055933 0.000000 -0.462936 0.854729 0.234794 4.187100 0.061038 -0.233518 0.970435 0.000000 0.000000 0.000000 0.000000 1.000000
0.884287 0.463581 0.055932 0.000000 -0.462936 0.854729 0.234794 4.187100 0.061039 -0.233518 0.970435 0.000000 0.000000 0.000000 0.000000 1.000000
0.884287 0.463581 0.055931 0.000000 -0.462936 0.854729 0.234794 4.187100 0.061040 -0.233518 0.970435 -0.000000 0.000000 0.000000 0.000000 1.000000
0.884287 0.463581 0.055932 0.000000 -0.462936 0.854729 0.234794 4.187100 0.061039 -0.233518 0.970435 0.000000 0.000000 0.000000 0.000000 1.000000
0.884287 0.463581 0.055932 -0.000000 -0.462937 0.854729 0.234794 4.187100 0.061039 -0.233519 0.970435 0.000000 0.000000 0.000000 0.000000 1.000000
0.884287 0.463581 0.055932 0.000000 -0.462936 0.854729 0.234793 4.187100 0.061039 -0.233518 0.970435 0.000000 0.000000 0.000000 0.000000 1.000000
0.884288 0.463581 0.055932 0.000000 -0.462936 0.854729 0.234793 4.187100 0.061039 -0.233518 0.970435 0.000000 0.000000 0.000000 0.000000 1.000000
0.884287 0.463581 0.055932 0.000000 -0.462937 0.854729 0.234793 4.187100 0.061039 -0.233518 0.970435 0.000000 0.000000 0.000000 0.000000 1.000000
0.884288 0.463581 0.055932 0.000000 -0.462936 0.854729 0.234794 4.187100 0.061039 -0.233518 0.970435 -0.000000 0.000000 0.000000 0.000000 1.000000
0.884287 0.463581 0.055932 0.000000 -0.462936 0.854729 0.234793 4.187100 0.061039 -0.233518 0.970435 -0.000000 0.000000 0.000000 0.000000 1.000000
0.884287 0.463581 0.055932 0.000000 -0.462936 0.854729 0.234793 4.187100 0.061039 -0.233518 0.970435 0.000000 0.000000 0.000000 0.000000 1.000000
0.884287 0.463581 0.055932 0.000000 -0.462936 0.854729 0.234793 4.187100 0.061039 -0.233518 0.970435 0.000000 0.000000 0.000000 0.000000 1.000000
0.884287 0.463581 0.055932 -0.000000 -0.462936 0.854729 0.234794 4.187100 0.061039 -0.233518 0.970435 -0.000000 0.000000 0.000000 0.000000 1.000000
0.884287 0.463581 0.055932 0.000000 -0.462936 0.854729 0.234793 4.187100 0.061039 -0.233518 0.970435 0.000000 0.000000 0.000000 0.000000 1.000000
0.884287 0.463581 0.055932 -0.000000 -0.462937 0.854729 0.234793 4.187100 0.061039 -0.233518 0.970435 -0.000000 0.000000 0.000000 0.000000 1.000000
0.884287 0.463581 0.055932 -0.000000 -0.462936 0.854729 0.234793 4.187100 0.061039 -0.233518 0.970435 -0.000000 0.000000 0.000000 0.000000 1.000000
0.884287 0.463581 0.055932 0.000000 -0.462936 0.854729 0.234793 4.187100 0.061039 -0.233518 0.970435 0.000000 0.000000 0.000000 0.000000 1.000000
0.884287 0.463581 0.055932 -0.000000 -0.462936 0.854729 0.234793 4.187100 0.061039 -0.233518 0.970435 0.000000 0.000000 0.000000 0.000000 1.000000
0.884288 0.463581 0.055932 -0.000000 -0.462936 0.854729 0.234793 4.187100 0.061039 -0.233518 0.970435 -0.000000 0.000000 0.000000 0.000000 1.000000
0.884288 0.463581 0.055932 0.000000 -0.462936 0.854729 0.234793 4.187100 0.061039 -0.233518 0.970435 0.000000 0.000000 0.000000 0.000000 1.000000
0.884287 0.463581 0.055932 0.000000 -0.462936 0.854729 0.234794 4.187100 0.061039 -0.233518 0.970435 0.000000 0.000000 0.000000 0.000000 1.000000
0.884287 0.463581 0.055932 0.000000 -0.462936 0.854729 0.234793 4.187100 0.061039 -0.233518 0.970435 0.000000 0.000000 0.000000 0.000000 1.000000
0.884288 0.463581 0.055932 0.000000 -0.462936 0.854729 0.234793 4.187100 0.061039 -0.233518 0.970435 -0.000000 0.000000 0.000000 0.000000 1.000000
0.884287 0.463581 0.055932 -0.000000 -0.462936 0.854729 0.234793 4.187100 0.061039 -0.233518 0.970435 -0.000000 0.000000 0.000000 0.000000 1.000000
0.884287 0.463581 0.055933 0.000000 -0.462936 0.854729 0.234794 4.187100 0.061039 -0.233518 0.970435 -0.000000 0.000000 0.000000 0.000000 1.000000
0.884288 0.463581 0.055932 0.000000 -0.462936 0.854729 0.234793 4.187100 0.061039 -0.233518 0.970435 0.000000 0.000000 0.000000 0.000000 1.000000
0.884287 0.463581 0.055932 0.000000 -0.462936 0.854729 0.234794 4.187100 0.061039 -0.233518 0.970435 0.000000 0.000000 0.000000 0.000000 1.000000
0.884287 0.463581 0.055932 0.000000 -0.462936 0.854729 0.234794 4.187100 0.061039 -0.233518 0.970435 0.000000 0.000000 0.000000 0.000000 1.000000
0.884287 0.463581 0.055933 -0.000000 -0.462937 0.854729 0.234794 4.187100 0.061039 -0.233518 0.970435 0.000000 0.000000 0.000000 0.000000 1.000000
0.884288 0.463581 0.055932 0.000000 -0.462936 0.854729 0.234793 4.187100 0.061039 -0.233518 0.970435 -0.000000 0.000000 0.000000 0.000000 1.000000
0.884287 0.463581 0.055932 0.000000 -0.462936 0.854729 0.234793 4.187100 0.061039 -0.233518 0.970435 0.000000 0.000000 0.000000 0.000000 1.000000
0.884287 0.463581 0.055932 0.000000 -0.462937 0.854729 0.234794 4.187100 0.061039 -0.233518 0.970435 0.000000 0.000000 0.000000 0.000000 1.000000
0.884288 0.463581 0.055932 0.000000 -0.462936 0.854729 0.234794 4.187100 0.061039 -0.233518 0.970435 0.000000 0.000000 0.000000 0.000000 1.000000
0.884287 0.463581 0.055932 -0.000000 -0.462936 0.854729 0.234793 4.187100 0.061039 -0.233518 0.970435 0.000000 0.000000 0.000000 0.000000 1.000000
0.884287 0.463581 0.055932 0.000000 -0.462936 0.854729 0.234794 4.187100 0.061039 -0.233518 0.970435 -0.000000 0.000000 0.000000 0.000000 1.000000
0.884287 0.463581 0.055932 -0.000000 -0.462936 0.854729 0.234794 4.187100 0.061039 -0.233518 0.970435 0.000000 0.000000 0.000000 0.000000 1.000000
0.884287 0.463581 0.055932 0.000000 -0.462936 0.854729 0.234793 4.187100 0.061039 -0.233518 0.970435 0.000000 0.000000 0.000000 0.000000 1.000000
0.884288 0.463581 0.055932 0.000000 -0.462936 0.854729 0.234793 4.187100 0.061039 -0.233518 0.970435 0.000000 0.000000 0.000000 0.000000 1.000000
0.884287 0.463581 0.055932 -0.000000 -0.462936 0.854729 0.234794 4.187100 0.061039 -0.233518 0.970435 0.000000 0.000000 0.000000 0.000000 1.000000
0.884287 0.463581 0.055932 0.000000 -0.462936 0.854729 0.234794 4.187100 0.061039 -0.233518 0.970435 0.000000 0.000000 0.000000 0.000000 1.000000
0.884288 0.463581 0.055932 0.000000 -0.462936 0.854729 0.234793 4.187100 0.061039 -0.233518 0.970435 -0.000000 0.000000 0.000000 0.000000 1.000000</float_array>
        <technique_common>
          <accessor source="#mixamorig_LeftHandThumb2-Matrix-animation-output-transform-array" count="96" stride="16">
            <param type="float4x4"/>
          </accessor>
        </technique_common>
      </source>
      <source id="mixamorig_LeftHandThumb2-Interpolations">
        <Name_array id="mixamorig_LeftHandThumb2-Interpolations-array" count="96">
 LINEAR LINEAR LINEAR LINEAR LINEAR LINEAR LINEAR LINEAR LINEAR LINEAR LINEAR
LINEAR LINEAR LINEAR LINEAR LINEAR LINEAR LINEAR LINEAR LINEAR LINEAR LINEAR LINEAR
LINEAR LINEAR LINEAR LINEAR LINEAR LINEAR LINEAR LINEAR LINEAR LINEAR LINEAR LINEAR
LINEAR LINEAR LINEAR LINEAR LINEAR LINEAR LINEAR LINEAR LINEAR LINEAR LINEAR LINEAR
LINEAR LINEAR LINEAR LINEAR LINEAR LINEAR LINEAR LINEAR LINEAR LINEAR LINEAR LINEAR
LINEAR LINEAR LINEAR LINEAR LINEAR LINEAR LINEAR LINEAR LINEAR LINEAR LINEAR LINEAR
LINEAR LINEAR LINEAR LINEAR LINEAR LINEAR LINEAR LINEAR LINEAR LINEAR LINEAR LINEAR
LINEAR LINEAR LINEAR LINEAR LINEAR LINEAR LINEAR LINEAR LINEAR LINEAR LINEAR LINEAR
LINEAR</Name_array>
        <technique_common>
          <accessor source="#mixamorig_LeftHandThumb2-Interpolations-array" count="96">
            <param type="name"/>
          </accessor>
        </technique_common>
      </source>
      <sampler id="mixamorig_LeftHandThumb2-Matrix-animation-transform">
        <input semantic="INPUT" source="#mixamorig_LeftHandThumb2-Matrix-animation-input"/>
        <input semantic="OUTPUT" source="#mixamorig_LeftHandThumb2-Matrix-animation-output-transform"/>
        <input semantic="INTERPOLATION" source="#mixamorig_LeftHandThumb2-Interpolations"/>
      </sampler>
      <channel source="#mixamorig_LeftHandThumb2-Matrix-animation-transform" target="mixamorig_LeftHandThumb2/matrix"/>
    </animation>
    <animation id="mixamorig_LeftHandThumb3-anim" name="mixamorig_LeftHandThumb3">
      <source id="mixamorig_LeftHandThumb3-Matrix-animation-input">
        <float_array id="mixamorig_LeftHandThumb3-Matrix-animation-input-array" count="96">

0.000000 0.033333 0.066667 0.100000 0.133333 0.166667 0.200000 0.233333 0.266667 0.300000 0.333333 0.366667 0.400000 0.433333 0.466667 0.500000
0.533333 0.566667 0.600000 0.633333 0.666667 0.700000 0.733333 0.766667 0.800000 0.833333 0.866667 0.900000 0.933333 0.966667 1.000000 1.033333
1.066667 1.100000 1.133333 1.166667 1.200000 1.233333 1.266667 1.300000 1.333333 1.366667 1.400000 1.433333 1.466667 1.500000 1.533333 1.566667
1.600000 1.633333 1.666667 1.700000 1.733333 1.766667 1.800000 1.833333 1.866667 1.900000 1.933333 1.966667 2.000000 2.033333 2.066667 2.100000
2.133333 2.166667 2.200000 2.233333 2.266667 2.300000 2.333333 2.366667 2.400000 2.433333 2.466667 2.500000 2.533333 2.566667 2.600000 2.633333
2.666667 2.700000 2.733333 2.766667 2.800000 2.833333 2.866667 2.900000 2.933333 2.966667 3.000000 3.033333 3.066667 3.100000 3.133333 3.166667</float_array>
        <technique_common>
          <accessor source="#mixamorig_LeftHandThumb3-Matrix-animation-input-array" count="96">
            <param name="TIME" type="float"/>
          </accessor>
        </technique_common>
      </source>
      <source id="mixamorig_LeftHandThumb3-Matrix-animation-output-transform">
        <float_array id="mixamorig_LeftHandThumb3-Matrix-animation-output-transform-array" count="1536">

0.776558 0.616701 0.128986 0.000000 -0.610232 0.685268 0.397523 3.418400 0.156763 -0.387411 0.908481 0.000000 0.000000 0.000000 0.000000 1.000000
0.776558 0.616701 0.128985 -0.000000 -0.610232 0.685268 0.397523 3.418400 0.156763 -0.387410 0.908481 0.000000 0.000000 0.000000 0.000000 1.000000
0.776558 0.616701 0.128985 0.000000 -0.610232 0.685268 0.397523 3.418400 0.156763 -0.387410 0.908481 -0.000000 0.000000 0.000000 0.000000 1.000000
0.776558 0.616701 0.128985 0.000000 -0.610232 0.685268 0.397523 3.418400 0.156763 -0.387410 0.908481 0.000000 0.000000 0.000000 0.000000 1.000000
0.776558 0.616701 0.128986 -0.000000 -0.610232 0.685268 0.397523 3.418400 0.156763 -0.387411 0.908481 -0.000000 0.000000 0.000000 0.000000 1.000000
0.776558 0.616701 0.128986 0.000000 -0.610232 0.685269 0.397522 3.418400 0.156763 -0.387411 0.908481 0.000000 0.000000 0.000000 0.000000 1.000000
0.776558 0.616701 0.128986 0.000000 -0.610232 0.685268 0.397523 3.418400 0.156763 -0.387411 0.908481 0.000000 0.000000 0.000000 0.000000 1.000000
0.776558 0.616701 0.128985 0.000000 -0.610232 0.685269 0.397522 3.418400 0.156763 -0.387410 0.908482 0.000000 0.000000 0.000000 0.000000 1.000000
0.776558 0.616702 0.128985 -0.000000 -0.610232 0.685268 0.397523 3.418400 0.156764 -0.387410 0.908481 0.000000 0.000000 0.000000 0.000000 1.000000
0.776558 0.616701 0.128985 0.000000 -0.610232 0.685268 0.397523 3.418400 0.156763 -0.387410 0.908481 0.000000 0.000000 0.000000 0.000000 1.000000
0.776558 0.616701 0.128985 0.000000 -0.610232 0.685268 0.397523 3.418400 0.156763 -0.387410 0.908481 0.000000 0.000000 0.000000 0.000000 1.000000
0.776558 0.616702 0.128986 0.000000 -0.610232 0.685268 0.397523 3.418400 0.156763 -0.387410 0.908481 0.000000 0.000000 0.000000 0.000000 1.000000
0.776558 0.616701 0.128985 0.000000 -0.610232 0.685268 0.397523 3.418400 0.156763 -0.387411 0.908481 0.000000 0.000000 0.000000 0.000000 1.000000
0.776558 0.616701 0.128985 0.000000 -0.610232 0.685269 0.397523 3.418400 0.156763 -0.387411 0.908481 0.000000 0.000000 0.000000 0.000000 1.000000
0.776557 0.616702 0.128985 0.000000 -0.610233 0.685268 0.397523 3.418400 0.156764 -0.387410 0.908481 0.000000 0.000000 0.000000 0.000000 1.000000
0.776558 0.616701 0.128985 0.000000 -0.610232 0.685268 0.397523 3.418400 0.156763 -0.387411 0.908481 0.000000 0.000000 0.000000 0.000000 1.000000
0.776558 0.616702 0.128985 -0.000000 -0.610232 0.685268 0.397523 3.418400 0.156764 -0.387410 0.908481 0.000000 0.000000 0.000000 0.000000 1.000000
0.776558 0.616701 0.128985 -0.000000 -0.610232 0.685268 0.397523 3.418400 0.156763 -0.387410 0.908481 0.000000 0.000000 0.000000 0.000000 1.000000
0.776558 0.616701 0.128985 0.000000 -0.610232 0.685268 0.397523 3.418400 0.156763 -0.387410 0.908481 0.000000 0.000000 0.000000 0.000000 1.000000
0.776558 0.616702 0.128985 0.000000 -0.610232 0.685268 0.397523 3.418400 0.156763 -0.387410 0.908481 -0.000000 0.000000 0.000000 0.000000 1.000000
0.776558 0.616701 0.128985 0.000000 -0.610232 0.685268 0.397523 3.418400 0.156763 -0.387410 0.908481 0.000000 0.000000 0.000000 0.000000 1.000000
0.776558 0.616702 0.128985 0.000000 -0.610232 0.685268 0.397523 3.418400 0.156763 -0.387410 0.908481 0.000000 0.000000 0.000000 0.000000 1.000000
0.776558 0.616702 0.128985 -0.000000 -0.610232 0.685268 0.397523 3.418400 0.156764 -0.387410 0.908481 0.000000 0.000000 0.000000 0.000000 1.000000
0.776557 0.616702 0.128985 0.000000 -0.610232 0.685268 0.397523 3.418400 0.156764 -0.387410 0.908481 0.000000 0.000000 0.000000 0.000000 1.000000
0.776558 0.616701 0.128985 0.000000 -0.610232 0.685268 0.397523 3.418400 0.156764 -0.387411 0.908481 0.000000 0.000000 0.000000 0.000000 1.000000
0.776558 0.616701 0.128985 0.000000 -0.610232 0.685268 0.397522 3.418400 0.156763 -0.387410 0.908482 0.000000 0.000000 0.000000 0.000000 1.000000
0.776558 0.616701 0.128985 0.000000 -0.610232 0.685268 0.397523 3.418400 0.156763 -0.387411 0.908481 -0.000000 0.000000 0.000000 0.000000 1.000000
0.776558 0.616701 0.128985 -0.000000 -0.610232 0.685268 0.397523 3.418400 0.156763 -0.387410 0.908481 0.000000 0.000000 0.000000 0.000000 1.000000
0.776558 0.616701 0.128985 0.000000 -0.610232 0.685268 0.397522 3.418400 0.156763 -0.387410 0.908481 0.000000 0.000000 0.000000 0.000000 1.000000
0.776558 0.616702 0.128985 0.000000 -0.610232 0.685268 0.397523 3.418400 0.156763 -0.387410 0.908481 -0.000000 0.000000 0.000000 0.000000 1.000000
0.776558 0.616701 0.128986 0.000000 -0.610232 0.685268 0.397523 3.418400 0.156763 -0.387411 0.908481 -0.000000 0.000000 0.000000 0.000000 1.000000
0.776558 0.616701 0.128986 0.000000 -0.610232 0.685268 0.397522 3.418400 0.156762 -0.387410 0.908482 0.000000 0.000000 0.000000 0.000000 1.000000
0.776558 0.616702 0.128986 0.000000 -0.610232 0.685268 0.397522 3.418400 0.156763 -0.387410 0.908482 -0.000000 0.000000 0.000000 0.000000 1.000000
0.776558 0.616702 0.128985 -0.000000 -0.610232 0.685268 0.397523 3.418400 0.156764 -0.387411 0.908481 0.000000 0.000000 0.000000 0.000000 1.000000
0.776558 0.616702 0.128985 0.000000 -0.610232 0.685268 0.397523 3.418400 0.156764 -0.387410 0.908481 0.000000 0.000000 0.000000 0.000000 1.000000
0.776558 0.616702 0.128986 0.000000 -0.610233 0.685268 0.397522 3.418400 0.156763 -0.387410 0.908482 0.000000 0.000000 0.000000 0.000000 1.000000
0.776558 0.616701 0.128985 0.000000 -0.610232 0.685269 0.397523 3.418400 0.156763 -0.387410 0.908481 0.000000 0.000000 0.000000 0.000000 1.000000
0.776558 0.616701 0.128985 -0.000000 -0.610232 0.685268 0.397523 3.418400 0.156763 -0.387410 0.908481 -0.000000 0.000000 0.000000 0.000000 1.000000
0.776558 0.616701 0.128985 -0.000000 -0.610232 0.685268 0.397523 3.418400 0.156763 -0.387410 0.908481 0.000000 0.000000 0.000000 0.000000 1.000000
0.776558 0.616701 0.128985 -0.000000 -0.610232 0.685268 0.397523 3.418400 0.156763 -0.387410 0.908481 0.000000 0.000000 0.000000 0.000000 1.000000
0.776558 0.616702 0.128985 0.000000 -0.610232 0.685268 0.397523 3.418400 0.156763 -0.387410 0.908481 0.000000 0.000000 0.000000 0.000000 1.000000
0.776558 0.616701 0.128986 0.000000 -0.610232 0.685268 0.397523 3.418400 0.156763 -0.387411 0.908481 0.000000 0.000000 0.000000 0.000000 1.000000
0.776558 0.616701 0.128985 0.000000 -0.610232 0.685269 0.397522 3.418400 0.156763 -0.387410 0.908482 0.000000 0.000000 0.000000 0.000000 1.000000
0.776558 0.616701 0.128986 0.000000 -0.610232 0.685268 0.397523 3.418400 0.156763 -0.387411 0.908481 0.000000 0.000000 0.000000 0.000000 1.000000
0.776558 0.616701 0.128985 0.000000 -0.610232 0.685268 0.397523 3.418400 0.156763 -0.387410 0.908481 0.000000 0.000000 0.000000 0.000000 1.000000
0.776558 0.616702 0.128985 0.000000 -0.610232 0.685268 0.397523 3.418400 0.156763 -0.387410 0.908481 0.000000 0.000000 0.000000 0.000000 1.000000
0.776558 0.616701 0.128985 0.000000 -0.610232 0.685268 0.397523 3.418400 0.156763 -0.387410 0.908481 0.000000 0.000000 0.000000 0.000000 1.000000
0.776558 0.616702 0.128985 0.000000 -0.610232 0.685268 0.397523 3.418400 0.156764 -0.387410 0.908481 0.000000 0.000000 0.000000 0.000000 1.000000
0.776558 0.616701 0.128985 0.000000 -0.610232 0.685268 0.397523 3.418400 0.156764 -0.387411 0.908481 0.000000 0.000000 0.000000 0.000000 1.000000
0.776558 0.616701 0.128985 0.000000 -0.610232 0.685268 0.397523 3.418400 0.156764 -0.387411 0.908481 0.000000 0.000000 0.000000 0.000000 1.000000
0.776558 0.616702 0.128985 -0.000000 -0.610232 0.685268 0.397523 3.418400 0.156764 -0.387410 0.908481 0.000000 0.000000 0.000000 0.000000 1.000000
0.776558 0.616702 0.128985 0.000000 -0.610232 0.685268 0.397523 3.418400 0.156764 -0.387410 0.908481 -0.000000 0.000000 0.000000 0.000000 1.000000
0.776558 0.616702 0.128986 0.000000 -0.610232 0.685268 0.397522 3.418400 0.156763 -0.387410 0.908481 0.000000 0.000000 0.000000 0.000000 1.000000
0.776558 0.616702 0.128985 0.000000 -0.610232 0.685268 0.397523 3.418400 0.156764 -0.387410 0.908481 0.000000 0.000000 0.000000 0.000000 1.000000
0.776558 0.616701 0.128985 0.000000 -0.610232 0.685268 0.397523 3.418400 0.156763 -0.387411 0.908481 0.000000 0.000000 0.000000 0.000000 1.000000
0.776558 0.616702 0.128985 0.000000 -0.610232 0.685268 0.397523 3.418400 0.156764 -0.387410 0.908482 -0.000000 0.000000 0.000000 0.000000 1.000000
0.776558 0.616701 0.128985 0.000000 -0.610232 0.685268 0.397523 3.418400 0.156764 -0.387410 0.908481 0.000000 0.000000 0.000000 0.000000 1.000000
0.776558 0.616702 0.128985 0.000000 -0.610232 0.685268 0.397523 3.418400 0.156763 -0.387410 0.908481 0.000000 0.000000 0.000000 0.000000 1.000000
0.776558 0.616701 0.128985 0.000000 -0.610232 0.685269 0.397523 3.418400 0.156763 -0.387410 0.908481 0.000000 0.000000 0.000000 0.000000 1.000000
0.776558 0.616702 0.128985 0.000000 -0.610232 0.685268 0.397523 3.418400 0.156763 -0.387410 0.908481 0.000000 0.000000 0.000000 0.000000 1.000000
0.776558 0.616701 0.128985 0.000000 -0.610232 0.685268 0.397523 3.418400 0.156763 -0.387410 0.908481 0.000000 0.000000 0.000000 0.000000 1.000000
0.776558 0.616702 0.128985 0.000000 -0.610232 0.685268 0.397522 3.418400 0.156763 -0.387410 0.908482 0.000000 0.000000 0.000000 0.000000 1.000000
0.776558 0.616701 0.128985 0.000000 -0.610232 0.685268 0.397523 3.418400 0.156763 -0.387410 0.908481 0.000000 0.000000 0.000000 0.000000 1.000000
0.776558 0.616701 0.128985 -0.000000 -0.610232 0.685268 0.397523 3.418400 0.156763 -0.387411 0.908481 0.000000 0.000000 0.000000 0.000000 1.000000
0.776558 0.616701 0.128985 0.000000 -0.610232 0.685268 0.397523 3.418400 0.156763 -0.387410 0.908481 0.000000 0.000000 0.000000 0.000000 1.000000
0.776558 0.616702 0.128985 -0.000000 -0.610232 0.685268 0.397523 3.418400 0.156763 -0.387410 0.908481 0.000000 0.000000 0.000000 0.000000 1.000000
0.776558 0.616701 0.128986 0.000000 -0.610232 0.685268 0.397522 3.418400 0.156763 -0.387410 0.908481 -0.000000 0.000000 0.000000 0.000000 1.000000
0.776558 0.616701 0.128985 0.000000 -0.610232 0.685269 0.397522 3.418400 0.156763 -0.387410 0.908482 0.000000 0.000000 0.000000 0.000000 1.000000
0.776558 0.616701 0.128986 0.000000 -0.610232 0.685268 0.397523 3.418400 0.156763 -0.387410 0.908481 0.000000 0.000000 0.000000 0.000000 1.000000
0.776558 0.616701 0.128986 0.000000 -0.610232 0.685269 0.397522 3.418400 0.156763 -0.387410 0.908481 0.000000 0.000000 0.000000 0.000000 1.000000
0.776558 0.616701 0.128986 0.000000 -0.610232 0.685268 0.397522 3.418400 0.156763 -0.387410 0.908482 -0.000000 0.000000 0.000000 0.000000 1.000000
0.776558 0.616701 0.128985 0.000000 -0.610232 0.685268 0.397523 3.418400 0.156763 -0.387410 0.908481 0.000000 0.000000 0.000000 0.000000 1.000000
0.776558 0.616702 0.128986 0.000000 -0.610232 0.685268 0.397523 3.418400 0.156763 -0.387411 0.908481 0.000000 0.000000 0.000000 0.000000 1.000000
0.776558 0.616702 0.128985 0.000000 -0.610232 0.685268 0.397523 3.418400 0.156764 -0.387410 0.908481 0.000000 0.000000 0.000000 0.000000 1.000000
0.776558 0.616701 0.128985 0.000000 -0.610232 0.685268 0.397523 3.418400 0.156763 -0.387410 0.908481 0.000000 0.000000 0.000000 0.000000 1.000000
0.776558 0.616701 0.128985 0.000000 -0.610232 0.685269 0.397522 3.418400 0.156763 -0.387410 0.908482 0.000000 0.000000 0.000000 0.000000 1.000000
0.776558 0.616702 0.128985 0.000000 -0.610232 0.685268 0.397523 3.418400 0.156764 -0.387411 0.908481 0.000000 0.000000 0.000000 0.000000 1.000000
0.776558 0.616701 0.128985 0.000000 -0.610232 0.685268 0.397523 3.418400 0.156763 -0.387410 0.908481 0.000000 0.000000 0.000000 0.000000 1.000000
0.776558 0.616701 0.128985 0.000000 -0.610232 0.685268 0.397523 3.418400 0.156763 -0.387410 0.908481 0.000000 0.000000 0.000000 0.000000 1.000000
0.776558 0.616702 0.128985 0.000000 -0.610232 0.685268 0.397523 3.418400 0.156763 -0.387411 0.908481 0.000000 0.000000 0.000000 0.000000 1.000000
0.776558 0.616702 0.128986 0.000000 -0.610232 0.685268 0.397523 3.418400 0.156763 -0.387411 0.908481 0.000000 0.000000 0.000000 0.000000 1.000000
0.776558 0.616702 0.128986 -0.000000 -0.610232 0.685268 0.397522 3.418400 0.156763 -0.387410 0.908482 0.000000 0.000000 0.000000 0.000000 1.000000
0.776558 0.616701 0.128985 0.000000 -0.610232 0.685268 0.397523 3.418400 0.156763 -0.387410 0.908481 0.000000 0.000000 0.000000 0.000000 1.000000
0.776558 0.616701 0.128985 0.000000 -0.610232 0.685269 0.397522 3.418400 0.156763 -0.387410 0.908482 0.000000 0.000000 0.000000 0.000000 1.000000
0.776558 0.616701 0.128985 -0.000000 -0.610232 0.685268 0.397523 3.418400 0.156763 -0.387411 0.908481 0.000000 0.000000 0.000000 0.000000 1.000000
0.776558 0.616701 0.128985 0.000000 -0.610232 0.685268 0.397523 3.418400 0.156763 -0.387411 0.908481 0.000000 0.000000 0.000000 0.000000 1.000000
0.776558 0.616701 0.128985 0.000000 -0.610232 0.685268 0.397522 3.418400 0.156763 -0.387410 0.908482 0.000000 0.000000 0.000000 0.000000 1.000000
0.776558 0.616702 0.128986 0.000000 -0.610232 0.685268 0.397523 3.418400 0.156763 -0.387411 0.908481 -0.000000 0.000000 0.000000 0.000000 1.000000
0.776558 0.616701 0.128985 0.000000 -0.610232 0.685268 0.397523 3.418400 0.156764 -0.387411 0.908481 0.000000 0.000000 0.000000 0.000000 1.000000
0.776558 0.616701 0.128986 0.000000 -0.610232 0.685268 0.397523 3.418400 0.156763 -0.387411 0.908481 0.000000 0.000000 0.000000 0.000000 1.000000
0.776558 0.616701 0.128985 0.000000 -0.610232 0.685268 0.397523 3.418400 0.156764 -0.387410 0.908481 0.000000 0.000000 0.000000 0.000000 1.000000
0.776558 0.616702 0.128985 0.000000 -0.610232 0.685268 0.397523 3.418400 0.156764 -0.387410 0.908481 0.000000 0.000000 0.000000 0.000000 1.000000
0.776558 0.616701 0.128985 0.000000 -0.610232 0.685268 0.397523 3.418400 0.156763 -0.387410 0.908481 -0.000000 0.000000 0.000000 0.000000 1.000000
0.776558 0.616702 0.128985 0.000000 -0.610232 0.685268 0.397523 3.418400 0.156763 -0.387410 0.908481 0.000000 0.000000 0.000000 0.000000 1.000000
0.776558 0.616701 0.128985 0.000000 -0.610232 0.685269 0.397522 3.418400 0.156763 -0.387410 0.908482 -0.000000 0.000000 0.000000 0.000000 1.000000
0.776558 0.616701 0.128985 -0.000000 -0.610232 0.685268 0.397523 3.418400 0.156763 -0.387411 0.908481 0.000000 0.000000 0.000000 0.000000 1.000000</float_array>
        <technique_common>
          <accessor source="#mixamorig_LeftHandThumb3-Matrix-animation-output-transform-array" count="96" stride="16">
            <param type="float4x4"/>
          </accessor>
        </technique_common>
      </source>
      <source id="mixamorig_LeftHandThumb3-Interpolations">
        <Name_array id="mixamorig_LeftHandThumb3-Interpolations-array" count="96">
 LINEAR LINEAR LINEAR LINEAR LINEAR LINEAR LINEAR LINEAR LINEAR LINEAR LINEAR
LINEAR LINEAR LINEAR LINEAR LINEAR LINEAR LINEAR LINEAR LINEAR LINEAR LINEAR LINEAR
LINEAR LINEAR LINEAR LINEAR LINEAR LINEAR LINEAR LINEAR LINEAR LINEAR LINEAR LINEAR
LINEAR LINEAR LINEAR LINEAR LINEAR LINEAR LINEAR LINEAR LINEAR LINEAR LINEAR LINEAR
LINEAR LINEAR LINEAR LINEAR LINEAR LINEAR LINEAR LINEAR LINEAR LINEAR LINEAR LINEAR
LINEAR LINEAR LINEAR LINEAR LINEAR LINEAR LINEAR LINEAR LINEAR LINEAR LINEAR LINEAR
LINEAR LINEAR LINEAR LINEAR LINEAR LINEAR LINEAR LINEAR LINEAR LINEAR LINEAR LINEAR
LINEAR LINEAR LINEAR LINEAR LINEAR LINEAR LINEAR LINEAR LINEAR LINEAR LINEAR LINEAR
LINEAR</Name_array>
        <technique_common>
          <accessor source="#mixamorig_LeftHandThumb3-Interpolations-array" count="96">
            <param type="name"/>
          </accessor>
        </technique_common>
      </source>
      <sampler id="mixamorig_LeftHandThumb3-Matrix-animation-transform">
        <input semantic="INPUT" source="#mixamorig_LeftHandThumb3-Matrix-animation-input"/>
        <input semantic="OUTPUT" source="#mixamorig_LeftHandThumb3-Matrix-animation-output-transform"/>
        <input semantic="INTERPOLATION" source="#mixamorig_LeftHandThumb3-Interpolations"/>
      </sampler>
      <channel source="#mixamorig_LeftHandThumb3-Matrix-animation-transform" target="mixamorig_LeftHandThumb3/matrix"/>
    </animation>
    <animation id="mixamorig_LeftHandIndex1-anim" name="mixamorig_LeftHandIndex1">
      <source id="mixamorig_LeftHandIndex1-Matrix-animation-input">
        <float_array id="mixamorig_LeftHandIndex1-Matrix-animation-input-array" count="96">

0.000000 0.033333 0.066667 0.100000 0.133333 0.166667 0.200000 0.233333 0.266667 0.300000 0.333333 0.366667 0.400000 0.433333 0.466667 0.500000
0.533333 0.566667 0.600000 0.633333 0.666667 0.700000 0.733333 0.766667 0.800000 0.833333 0.866667 0.900000 0.933333 0.966667 1.000000 1.033333
1.066667 1.100000 1.133333 1.166667 1.200000 1.233333 1.266667 1.300000 1.333333 1.366667 1.400000 1.433333 1.466667 1.500000 1.533333 1.566667
1.600000 1.633333 1.666667 1.700000 1.733333 1.766667 1.800000 1.833333 1.866667 1.900000 1.933333 1.966667 2.000000 2.033333 2.066667 2.100000
2.133333 2.166667 2.200000 2.233333 2.266667 2.300000 2.333333 2.366667 2.400000 2.433333 2.466667 2.500000 2.533333 2.566667 2.600000 2.633333
2.666667 2.700000 2.733333 2.766667 2.800000 2.833333 2.866667 2.900000 2.933333 2.966667 3.000000 3.033333 3.066667 3.100000 3.133333 3.166667</float_array>
        <technique_common>
          <accessor source="#mixamorig_LeftHandIndex1-Matrix-animation-input-array" count="96">
            <param name="TIME" type="float"/>
          </accessor>
        </technique_common>
      </source>
      <source id="mixamorig_LeftHandIndex1-Matrix-animation-output-transform">
        <float_array id="mixamorig_LeftHandIndex1-Matrix-animation-output-transform-array" count="1536">

0.991575 0.128688 0.014754 -2.259900 -0.049548 0.482071 -0.874730 9.109300 -0.119680 0.866629 0.484386 0.518000 0.000000 0.000000 0.000000 1.000000
0.991575 0.128688 0.014754 -2.259900 -0.049548 0.482072 -0.874730 9.109300 -0.119680 0.866629 0.484387 0.518000 0.000000 0.000000 0.000000 1.000000
0.991575 0.128688 0.014755 -2.259900 -0.049548 0.482072 -0.874729 9.109300 -0.119680 0.866629 0.484387 0.518000 0.000000 0.000000 0.000000 1.000000
0.991575 0.128689 0.014754 -2.259900 -0.049549 0.482072 -0.874730 9.109300 -0.119681 0.866629 0.484387 0.518000 0.000000 0.000000 0.000000 1.000000
0.991575 0.128688 0.014755 -2.259900 -0.049548 0.482072 -0.874730 9.109300 -0.119680 0.866629 0.484386 0.518000 0.000000 0.000000 0.000000 1.000000
0.991575 0.128689 0.014754 -2.259900 -0.049549 0.482072 -0.874729 9.109300 -0.119680 0.866629 0.484387 0.518000 0.000000 0.000000 0.000000 1.000000
0.991575 0.128689 0.014754 -2.259900 -0.049549 0.482072 -0.874730 9.109300 -0.119681 0.866629 0.484387 0.518000 0.000000 0.000000 0.000000 1.000000
0.991575 0.128688 0.014755 -2.259900 -0.049548 0.482071 -0.874730 9.109300 -0.119680 0.866629 0.484386 0.518000 0.000000 0.000000 0.000000 1.000000
0.991575 0.128689 0.014754 -2.259900 -0.049549 0.482071 -0.874730 9.109300 -0.119680 0.866629 0.484386 0.518000 0.000000 0.000000 0.000000 1.000000
0.991575 0.128689 0.014754 -2.259900 -0.049549 0.482071 -0.874730 9.109300 -0.119680 0.866629 0.484386 0.518000 0.000000 0.000000 0.000000 1.000000
0.991575 0.128689 0.014754 -2.259900 -0.049549 0.482071 -0.874730 9.109300 -0.119681 0.866629 0.484386 0.518000 0.000000 0.000000 0.000000 1.000000
0.991575 0.128689 0.014754 -2.259900 -0.049549 0.482072 -0.874730 9.109300 -0.119680 0.866629 0.484387 0.518000 0.000000 0.000000 0.000000 1.000000
0.991575 0.128689 0.014754 -2.259900 -0.049549 0.482072 -0.874730 9.109300 -0.119681 0.866629 0.484387 0.518000 0.000000 0.000000 0.000000 1.000000
0.991575 0.128688 0.014754 -2.259900 -0.049549 0.482072 -0.874730 9.109300 -0.119680 0.866629 0.484387 0.518000 0.000000 0.000000 0.000000 1.000000
0.991575 0.128689 0.014754 -2.259900 -0.049549 0.482071 -0.874730 9.109300 -0.119680 0.866629 0.484386 0.518000 0.000000 0.000000 0.000000 1.000000
0.991575 0.128688 0.014754 -2.259900 -0.049549 0.482071 -0.874730 9.109300 -0.119680 0.866629 0.484386 0.518000 0.000000 0.000000 0.000000 1.000000
0.991575 0.128688 0.014754 -2.259900 -0.049549 0.482071 -0.874730 9.109300 -0.119680 0.866629 0.484386 0.518000 0.000000 0.000000 0.000000 1.000000
0.991575 0.128688 0.014755 -2.259900 -0.049548 0.482072 -0.874729 9.109300 -0.119680 0.866629 0.484387 0.518000 0.000000 0.000000 0.000000 1.000000
0.991575 0.128689 0.014754 -2.259900 -0.049549 0.482072 -0.874730 9.109300 -0.119680 0.866629 0.484387 0.518000 0.000000 0.000000 0.000000 1.000000
0.991575 0.128689 0.014754 -2.259900 -0.049549 0.482071 -0.874730 9.109300 -0.119681 0.866629 0.484387 0.518000 0.000000 0.000000 0.000000 1.000000
0.991575 0.128689 0.014755 -2.259900 -0.049548 0.482071 -0.874730 9.109300 -0.119681 0.866629 0.484386 0.518000 0.000000 0.000000 0.000000 1.000000
0.991575 0.128688 0.014754 -2.259900 -0.049549 0.482071 -0.874730 9.109300 -0.119680 0.866629 0.484386 0.518000 0.000000 0.000000 0.000000 1.000000
0.991575 0.128689 0.014754 -2.259900 -0.049549 0.482071 -0.874730 9.109300 -0.119681 0.866629 0.484386 0.518000 0.000000 0.000000 0.000000 1.000000
0.991575 0.128689 0.014754 -2.259900 -0.049549 0.482071 -0.874730 9.109300 -0.119680 0.866630 0.484386 0.518000 0.000000 0.000000 0.000000 1.000000
0.991575 0.128688 0.014754 -2.259900 -0.049548 0.482071 -0.874730 9.109300 -0.119680 0.866629 0.484386 0.518000 0.000000 0.000000 0.000000 1.000000
0.991575 0.128688 0.014754 -2.259900 -0.049548 0.482071 -0.874730 9.109300 -0.119680 0.866629 0.484386 0.518000 0.000000 0.000000 0.000000 1.000000
0.991575 0.128688 0.014754 -2.259900 -0.049548 0.482071 -0.874730 9.109300 -0.119680 0.866630 0.484386 0.518000 0.000000 0.000000 0.000000 1.000000
0.991575 0.128688 0.014754 -2.259900 -0.049548 0.482071 -0.874730 9.109300 -0.119680 0.866630 0.484386 0.518000 0.000000 0.000000 0.000000 1.000000
0.991575 0.128689 0.014754 -2.259900 -0.049549 0.482072 -0.874730 9.109300 -0.119680 0.866629 0.484387 0.518000 0.000000 0.000000 0.000000 1.000000
0.991575 0.128689 0.014754 -2.259900 -0.049549 0.482071 -0.874730 9.109300 -0.119681 0.866629 0.484386 0.518000 0.000000 0.000000 0.000000 1.000000
0.991575 0.128689 0.014754 -2.259900 -0.049549 0.482071 -0.874730 9.109300 -0.119680 0.866629 0.484386 0.518000 0.000000 0.000000 0.000000 1.000000
0.991575 0.128689 0.014754 -2.259900 -0.049549 0.482072 -0.874730 9.109300 -0.119680 0.866629 0.484387 0.518000 0.000000 0.000000 0.000000 1.000000
0.991575 0.128688 0.014754 -2.259900 -0.049548 0.482071 -0.874730 9.109300 -0.119680 0.866629 0.484386 0.518000 0.000000 0.000000 0.000000 1.000000
0.991575 0.128688 0.014755 -2.259900 -0.049548 0.482072 -0.874729 9.109300 -0.119680 0.866629 0.484387 0.518000 0.000000 0.000000 0.000000 1.000000
0.991575 0.128689 0.014754 -2.259900 -0.049549 0.482071 -0.874730 9.109300 -0.119680 0.866629 0.484386 0.518000 0.000000 0.000000 0.000000 1.000000
0.991575 0.128689 0.014754 -2.259900 -0.049548 0.482072 -0.874729 9.109300 -0.119680 0.866629 0.484387 0.518000 0.000000 0.000000 0.000000 1.000000
0.991575 0.128689 0.014754 -2.259900 -0.049549 0.482072 -0.874730 9.109300 -0.119680 0.866629 0.484387 0.518000 0.000000 0.000000 0.000000 1.000000
0.991575 0.128689 0.014754 -2.259900 -0.049548 0.482071 -0.874730 9.109300 -0.119681 0.866629 0.484387 0.518000 0.000000 0.000000 0.000000 1.000000
0.991575 0.128689 0.014754 -2.259900 -0.049549 0.482071 -0.874730 9.109300 -0.119680 0.866629 0.484387 0.518000 0.000000 0.000000 0.000000 1.000000
0.991575 0.128688 0.014754 -2.259900 -0.049548 0.482072 -0.874730 9.109300 -0.119680 0.866629 0.484387 0.518000 0.000000 0.000000 0.000000 1.000000
0.991575 0.128688 0.014754 -2.259900 -0.049549 0.482072 -0.874729 9.109300 -0.119680 0.866629 0.484387 0.518000 0.000000 0.000000 0.000000 1.000000
0.991575 0.128688 0.014755 -2.259900 -0.049548 0.482071 -0.874730 9.109300 -0.119680 0.866630 0.484386 0.518000 0.000000 0.000000 0.000000 1.000000
0.991575 0.128689 0.014754 -2.259900 -0.049550 0.482071 -0.874730 9.109300 -0.119681 0.866629 0.484386 0.518000 0.000000 0.000000 0.000000 1.000000
0.991575 0.128689 0.014754 -2.259900 -0.049549 0.482071 -0.874730 9.109300 -0.119680 0.866630 0.484386 0.518000 0.000000 0.000000 0.000000 1.000000
0.991575 0.128688 0.014754 -2.259900 -0.049549 0.482072 -0.874730 9.109300 -0.119680 0.866629 0.484387 0.518000 0.000000 0.000000 0.000000 1.000000
0.991575 0.128688 0.014755 -2.259900 -0.049548 0.482072 -0.874730 9.109300 -0.119680 0.866629 0.484387 0.518000 0.000000 0.000000 0.000000 1.000000
0.991575 0.128688 0.014754 -2.259900 -0.049548 0.482072 -0.874730 9.109300 -0.119680 0.866629 0.484387 0.518000 0.000000 0.000000 0.000000 1.000000
0.991575 0.128688 0.014755 -2.259900 -0.049548 0.482072 -0.874730 9.109300 -0.119680 0.866629 0.484387 0.518000 0.000000 0.000000 0.000000 1.000000
0.991575 0.128689 0.014754 -2.259900 -0.049549 0.482071 -0.874730 9.109300 -0.119680 0.866629 0.484386 0.518000 0.000000 0.000000 0.000000 1.000000
0.991575 0.128689 0.014754 -2.259900 -0.049549 0.482071 -0.874730 9.109300 -0.119680 0.866629 0.484386 0.518000 0.000000 0.000000 0.000000 1.000000
0.991575 0.128688 0.014754 -2.259900 -0.049548 0.482071 -0.874730 9.109300 -0.119680 0.866629 0.484386 0.518000 0.000000 0.000000 0.000000 1.000000
0.991575 0.128688 0.014754 -2.259900 -0.049549 0.482071 -0.874730 9.109300 -0.119680 0.866629 0.484386 0.518000 0.000000 0.000000 0.000000 1.000000
0.991575 0.128689 0.014754 -2.259900 -0.049549 0.482072 -0.874729 9.109300 -0.119680 0.866629 0.484387 0.518000 0.000000 0.000000 0.000000 1.000000
0.991575 0.128689 0.014755 -2.259900 -0.049548 0.482072 -0.874730 9.109300 -0.119681 0.866629 0.484387 0.518000 0.000000 0.000000 0.000000 1.000000
0.991575 0.128689 0.014754 -2.259900 -0.049549 0.482071 -0.874730 9.109300 -0.119680 0.866630 0.484386 0.518000 0.000000 0.000000 0.000000 1.000000
0.991575 0.128688 0.014754 -2.259900 -0.049549 0.482072 -0.874729 9.109300 -0.119680 0.866629 0.484387 0.518000 0.000000 0.000000 0.000000 1.000000
0.991575 0.128689 0.014754 -2.259900 -0.049548 0.482071 -0.874730 9.109300 -0.119680 0.866629 0.484386 0.518000 0.000000 0.000000 0.000000 1.000000
0.991575 0.128688 0.014754 -2.259900 -0.049549 0.482071 -0.874730 9.109300 -0.119680 0.866629 0.484386 0.518000 0.000000 0.000000 0.000000 1.000000
0.991575 0.128688 0.014754 -2.259900 -0.049549 0.482071 -0.874730 9.109300 -0.119680 0.866629 0.484386 0.518000 0.000000 0.000000 0.000000 1.000000
0.991575 0.128688 0.014754 -2.259900 -0.049549 0.482072 -0.874729 9.109300 -0.119680 0.866629 0.484387 0.518000 0.000000 0.000000 0.000000 1.000000
0.991575 0.128688 0.014754 -2.259900 -0.049548 0.482071 -0.874730 9.109300 -0.119680 0.866630 0.484386 0.518000 0.000000 0.000000 0.000000 1.000000
0.991575 0.128688 0.014754 -2.259900 -0.049548 0.482072 -0.874730 9.109300 -0.119680 0.866629 0.484387 0.518000 0.000000 0.000000 0.000000 1.000000
0.991575 0.128689 0.014755 -2.259900 -0.049548 0.482072 -0.874730 9.109300 -0.119680 0.866629 0.484387 0.518000 0.000000 0.000000 0.000000 1.000000
0.991575 0.128688 0.014754 -2.259900 -0.049549 0.482071 -0.874730 9.109300 -0.119680 0.866630 0.484386 0.518000 0.000000 0.000000 0.000000 1.000000
0.991575 0.128688 0.014754 -2.259900 -0.049549 0.482071 -0.874730 9.109300 -0.119680 0.866629 0.484386 0.518000 0.000000 0.000000 0.000000 1.000000
0.991575 0.128689 0.014754 -2.259900 -0.049549 0.482071 -0.874730 9.109300 -0.119680 0.866629 0.484386 0.518000 0.000000 0.000000 0.000000 1.000000
0.991575 0.128688 0.014754 -2.259900 -0.049548 0.482072 -0.874730 9.109300 -0.119680 0.866629 0.484387 0.518000 0.000000 0.000000 0.000000 1.000000
0.991575 0.128689 0.014754 -2.259900 -0.049549 0.482071 -0.874730 9.109300 -0.119681 0.866629 0.484386 0.518000 0.000000 0.000000 0.000000 1.000000
0.991575 0.128689 0.014754 -2.259900 -0.049549 0.482072 -0.874730 9.109300 -0.119680 0.866629 0.484387 0.518000 0.000000 0.000000 0.000000 1.000000
0.991575 0.128689 0.014754 -2.259900 -0.049549 0.482071 -0.874730 9.109300 -0.119681 0.866629 0.484386 0.518000 0.000000 0.000000 0.000000 1.000000
0.991575 0.128689 0.014754 -2.259900 -0.049549 0.482072 -0.874729 9.109300 -0.119680 0.866629 0.484387 0.518000 0.000000 0.000000 0.000000 1.000000
0.991575 0.128689 0.014754 -2.259900 -0.049549 0.482072 -0.874730 9.109300 -0.119680 0.866629 0.484387 0.518000 0.000000 0.000000 0.000000 1.000000
0.991575 0.128689 0.014754 -2.259900 -0.049549 0.482071 -0.874730 9.109300 -0.119680 0.866629 0.484386 0.518000 0.000000 0.000000 0.000000 1.000000
0.991575 0.128689 0.014754 -2.259900 -0.049549 0.482071 -0.874730 9.109300 -0.119680 0.866629 0.484387 0.518000 0.000000 0.000000 0.000000 1.000000
0.991575 0.128689 0.014753 -2.259900 -0.049549 0.482072 -0.874730 9.109300 -0.119680 0.866629 0.484387 0.518000 0.000000 0.000000 0.000000 1.000000
0.991575 0.128689 0.014754 -2.259900 -0.049548 0.482071 -0.874730 9.109300 -0.119681 0.866630 0.484386 0.518000 0.000000 0.000000 0.000000 1.000000
0.991575 0.128688 0.014755 -2.259900 -0.049548 0.482072 -0.874730 9.109300 -0.119680 0.866629 0.484387 0.518000 0.000000 0.000000 0.000000 1.000000
0.991575 0.128689 0.014754 -2.259900 -0.049548 0.482071 -0.874730 9.109300 -0.119680 0.866629 0.484386 0.518000 0.000000 0.000000 0.000000 1.000000
0.991575 0.128688 0.014754 -2.259900 -0.049549 0.482072 -0.874730 9.109300 -0.119680 0.866629 0.484387 0.518000 0.000000 0.000000 0.000000 1.000000
0.991575 0.128688 0.014754 -2.259900 -0.049548 0.482071 -0.874730 9.109300 -0.119680 0.866629 0.484386 0.518000 0.000000 0.000000 0.000000 1.000000
0.991575 0.128688 0.014755 -2.259900 -0.049548 0.482071 -0.874730 9.109300 -0.119680 0.866629 0.484386 0.518000 0.000000 0.000000 0.000000 1.000000
0.991575 0.128689 0.014754 -2.259900 -0.049549 0.482071 -0.874730 9.109300 -0.119680 0.866629 0.484386 0.518000 0.000000 0.000000 0.000000 1.000000
0.991575 0.128688 0.014754 -2.259900 -0.049549 0.482071 -0.874730 9.109300 -0.119680 0.866629 0.484386 0.518000 0.000000 0.000000 0.000000 1.000000
0.991575 0.128689 0.014754 -2.259900 -0.049549 0.482071 -0.874730 9.109300 -0.119680 0.866630 0.484386 0.518000 0.000000 0.000000 0.000000 1.000000
0.991575 0.128689 0.014754 -2.259900 -0.049549 0.482072 -0.874730 9.109300 -0.119680 0.866629 0.484387 0.518000 0.000000 0.000000 0.000000 1.000000
0.991575 0.128689 0.014754 -2.259900 -0.049549 0.482071 -0.874730 9.109300 -0.119680 0.866629 0.484387 0.518000 0.000000 0.000000 0.000000 1.000000
0.991575 0.128689 0.014754 -2.259900 -0.049549 0.482071 -0.874730 9.109300 -0.119680 0.866630 0.484386 0.518000 0.000000 0.000000 0.000000 1.000000
0.991575 0.128688 0.014754 -2.259900 -0.049549 0.482071 -0.874730 9.109300 -0.119680 0.866630 0.484386 0.518000 0.000000 0.000000 0.000000 1.000000
0.991575 0.128688 0.014755 -2.259900 -0.049548 0.482072 -0.874730 9.109300 -0.119680 0.866629 0.484387 0.518000 0.000000 0.000000 0.000000 1.000000
0.991575 0.128688 0.014754 -2.259900 -0.049548 0.482071 -0.874730 9.109300 -0.119680 0.866629 0.484386 0.518000 0.000000 0.000000 0.000000 1.000000
0.991575 0.128689 0.014754 -2.259900 -0.049549 0.482072 -0.874730 9.109300 -0.119680 0.866629 0.484387 0.518000 0.000000 0.000000 0.000000 1.000000
0.991575 0.128688 0.014754 -2.259900 -0.049548 0.482073 -0.874729 9.109300 -0.119680 0.866629 0.484388 0.518000 0.000000 0.000000 0.000000 1.000000
0.991575 0.128689 0.014754 -2.259900 -0.049549 0.482072 -0.874729 9.109300 -0.119681 0.866629 0.484387 0.518000 0.000000 0.000000 0.000000 1.000000
0.991575 0.128688 0.014753 -2.259900 -0.049549 0.482071 -0.874730 9.109300 -0.119680 0.866629 0.484387 0.518000 0.000000 0.000000 0.000000 1.000000
0.991575 0.128688 0.014754 -2.259900 -0.049549 0.482072 -0.874730 9.109300 -0.119680 0.866629 0.484387 0.518000 0.000000 0.000000 0.000000 1.000000
0.991575 0.128689 0.014754 -2.259900 -0.049549 0.482072 -0.874730 9.109300 -0.119680 0.866629 0.484387 0.518000 0.000000 0.000000 0.000000 1.000000</float_array>
        <technique_common>
          <accessor source="#mixamorig_LeftHandIndex1-Matrix-animation-output-transform-array" count="96" stride="16">
            <param type="float4x4"/>
          </accessor>
        </technique_common>
      </source>
      <source id="mixamorig_LeftHandIndex1-Interpolations">
        <Name_array id="mixamorig_LeftHandIndex1-Interpolations-array" count="96">
 LINEAR LINEAR LINEAR LINEAR LINEAR LINEAR LINEAR LINEAR LINEAR LINEAR LINEAR
LINEAR LINEAR LINEAR LINEAR LINEAR LINEAR LINEAR LINEAR LINEAR LINEAR LINEAR LINEAR
LINEAR LINEAR LINEAR LINEAR LINEAR LINEAR LINEAR LINEAR LINEAR LINEAR LINEAR LINEAR
LINEAR LINEAR LINEAR LINEAR LINEAR LINEAR LINEAR LINEAR LINEAR LINEAR LINEAR LINEAR
LINEAR LINEAR LINEAR LINEAR LINEAR LINEAR LINEAR LINEAR LINEAR LINEAR LINEAR LINEAR
LINEAR LINEAR LINEAR LINEAR LINEAR LINEAR LINEAR LINEAR LINEAR LINEAR LINEAR LINEAR
LINEAR LINEAR LINEAR LINEAR LINEAR LINEAR LINEAR LINEAR LINEAR LINEAR LINEAR LINEAR
LINEAR LINEAR LINEAR LINEAR LINEAR LINEAR LINEAR LINEAR LINEAR LINEAR LINEAR LINEAR
LINEAR</Name_array>
        <technique_common>
          <accessor source="#mixamorig_LeftHandIndex1-Interpolations-array" count="96">
            <param type="name"/>
          </accessor>
        </technique_common>
      </source>
      <sampler id="mixamorig_LeftHandIndex1-Matrix-animation-transform">
        <input semantic="INPUT" source="#mixamorig_LeftHandIndex1-Matrix-animation-input"/>
        <input semantic="OUTPUT" source="#mixamorig_LeftHandIndex1-Matrix-animation-output-transform"/>
        <input semantic="INTERPOLATION" source="#mixamorig_LeftHandIndex1-Interpolations"/>
      </sampler>
      <channel source="#mixamorig_LeftHandIndex1-Matrix-animation-transform" target="mixamorig_LeftHandIndex1/matrix"/>
    </animation>
    <animation id="mixamorig_LeftHandIndex2-anim" name="mixamorig_LeftHandIndex2">
      <source id="mixamorig_LeftHandIndex2-Matrix-animation-input">
        <float_array id="mixamorig_LeftHandIndex2-Matrix-animation-input-array" count="96">

0.000000 0.033333 0.066667 0.100000 0.133333 0.166667 0.200000 0.233333 0.266667 0.300000 0.333333 0.366667 0.400000 0.433333 0.466667 0.500000
0.533333 0.566667 0.600000 0.633333 0.666667 0.700000 0.733333 0.766667 0.800000 0.833333 0.866667 0.900000 0.933333 0.966667 1.000000 1.033333
1.066667 1.100000 1.133333 1.166667 1.200000 1.233333 1.266667 1.300000 1.333333 1.366667 1.400000 1.433333 1.466667 1.500000 1.533333 1.566667
1.600000 1.633333 1.666667 1.700000 1.733333 1.766667 1.800000 1.833333 1.866667 1.900000 1.933333 1.966667 2.000000 2.033333 2.066667 2.100000
2.133333 2.166667 2.200000 2.233333 2.266667 2.300000 2.333333 2.366667 2.400000 2.433333 2.466667 2.500000 2.533333 2.566667 2.600000 2.633333
2.666667 2.700000 2.733333 2.766667 2.800000 2.833333 2.866667 2.900000 2.933333 2.966667 3.000000 3.033333 3.066667 3.100000 3.133333 3.166667</float_array>
        <technique_common>
          <accessor source="#mixamorig_LeftHandIndex2-Matrix-animation-input-array" count="96">
            <param name="TIME" type="float"/>
          </accessor>
        </technique_common>
      </source>
      <source id="mixamorig_LeftHandIndex2-Matrix-animation-output-transform">
        <float_array id="mixamorig_LeftHandIndex2-Matrix-animation-output-transform-array" count="1536">

0.980871 0.143691 -0.131320 -0.000000 -0.132951 0.001766 -0.991121 3.700000 -0.142183 0.989621 0.020836 0.000000 0.000000 0.000000 0.000000 1.000000
0.980871 0.143691 -0.131320 0.000000 -0.132951 0.001766 -0.991121 3.700000 -0.142183 0.989621 0.020836 0.000000 0.000000 0.000000 0.000000 1.000000
0.980871 0.143690 -0.131319 0.000000 -0.132951 0.001767 -0.991121 3.700000 -0.142182 0.989621 0.020836 0.000000 0.000000 0.000000 0.000000 1.000000
0.980871 0.143691 -0.131319 0.000000 -0.132950 0.001766 -0.991121 3.700000 -0.142183 0.989621 0.020836 -0.000000 0.000000 0.000000 0.000000 1.000000
0.980871 0.143690 -0.131320 0.000000 -0.132951 0.001767 -0.991121 3.700000 -0.142182 0.989621 0.020836 0.000000 0.000000 0.000000 0.000000 1.000000
0.980871 0.143691 -0.131319 0.000000 -0.132950 0.001766 -0.991121 3.700000 -0.142183 0.989621 0.020836 0.000000 0.000000 0.000000 0.000000 1.000000
0.980871 0.143691 -0.131319 0.000000 -0.132950 0.001767 -0.991121 3.700000 -0.142183 0.989621 0.020837 0.000000 0.000000 0.000000 0.000000 1.000000
0.980871 0.143690 -0.131320 0.000000 -0.132951 0.001766 -0.991121 3.700000 -0.142182 0.989621 0.020836 0.000000 0.000000 0.000000 0.000000 1.000000
0.980871 0.143691 -0.131319 -0.000000 -0.132950 0.001766 -0.991121 3.700000 -0.142183 0.989621 0.020836 0.000000 0.000000 0.000000 0.000000 1.000000
0.980871 0.143691 -0.131320 -0.000000 -0.132951 0.001766 -0.991121 3.700000 -0.142183 0.989621 0.020836 0.000000 0.000000 0.000000 0.000000 1.000000
0.980871 0.143691 -0.131319 0.000000 -0.132950 0.001767 -0.991121 3.700000 -0.142183 0.989621 0.020837 -0.000000 0.000000 0.000000 0.000000 1.000000
0.980871 0.143691 -0.131320 -0.000000 -0.132951 0.001766 -0.991121 3.700000 -0.142183 0.989621 0.020836 0.000000 0.000000 0.000000 0.000000 1.000000
0.980871 0.143691 -0.131319 -0.000000 -0.132950 0.001766 -0.991121 3.700000 -0.142183 0.989621 0.020836 -0.000000 0.000000 0.000000 0.000000 1.000000
0.980871 0.143690 -0.131320 -0.000000 -0.132951 0.001766 -0.991121 3.700000 -0.142183 0.989621 0.020836 0.000000 0.000000 0.000000 0.000000 1.000000
0.980871 0.143691 -0.131320 -0.000000 -0.132951 0.001766 -0.991121 3.700000 -0.142183 0.989621 0.020836 0.000000 0.000000 0.000000 0.000000 1.000000
0.980871 0.143691 -0.131320 0.000000 -0.132951 0.001766 -0.991121 3.700000 -0.142183 0.989621 0.020836 -0.000000 0.000000 0.000000 0.000000 1.000000
0.980871 0.143690 -0.131319 0.000000 -0.132950 0.001767 -0.991121 3.700000 -0.142182 0.989621 0.020836 0.000000 0.000000 0.000000 0.000000 1.000000
0.980871 0.143690 -0.131320 0.000000 -0.132951 0.001767 -0.991121 3.700000 -0.142183 0.989621 0.020836 -0.000000 0.000000 0.000000 0.000000 1.000000
0.980871 0.143690 -0.131320 0.000000 -0.132951 0.001767 -0.991121 3.700000 -0.142182 0.989621 0.020837 0.000000 0.000000 0.000000 0.000000 1.000000
0.980871 0.143691 -0.131320 -0.000000 -0.132951 0.001767 -0.991121 3.700000 -0.142183 0.989621 0.020837 0.000000 0.000000 0.000000 0.000000 1.000000
0.980871 0.143691 -0.131319 -0.000000 -0.132950 0.001767 -0.991121 3.700000 -0.142183 0.989621 0.020837 0.000000 0.000000 0.000000 0.000000 1.000000
0.980871 0.143691 -0.131319 0.000000 -0.132951 0.001767 -0.991121 3.700000 -0.142183 0.989621 0.020836 0.000000 0.000000 0.000000 0.000000 1.000000
0.980871 0.143691 -0.131319 -0.000000 -0.132951 0.001767 -0.991121 3.700000 -0.142183 0.989621 0.020837 -0.000000 0.000000 0.000000 0.000000 1.000000
0.980871 0.143691 -0.131320 0.000000 -0.132951 0.001766 -0.991121 3.700000 -0.142183 0.989621 0.020836 0.000000 0.000000 0.000000 0.000000 1.000000
0.980871 0.143691 -0.131320 0.000000 -0.132951 0.001766 -0.991121 3.700000 -0.142183 0.989621 0.020836 -0.000000 0.000000 0.000000 0.000000 1.000000
0.980871 0.143690 -0.131319 -0.000000 -0.132951 0.001767 -0.991121 3.700000 -0.142182 0.989621 0.020837 -0.000000 0.000000 0.000000 0.000000 1.000000
0.980871 0.143691 -0.131320 0.000000 -0.132951 0.001767 -0.991121 3.700000 -0.142183 0.989621 0.020837 0.000000 0.000000 0.000000 0.000000 1.000000
0.980871 0.143690 -0.131320 0.000000 -0.132951 0.001766 -0.991121 3.700000 -0.142182 0.989621 0.020836 0.000000 0.000000 0.000000 0.000000 1.000000
0.980871 0.143690 -0.131319 -0.000000 -0.132950 0.001767 -0.991121 3.700000 -0.142183 0.989621 0.020837 -0.000000 0.000000 0.000000 0.000000 1.000000
0.980871 0.143690 -0.131319 0.000000 -0.132950 0.001767 -0.991121 3.700000 -0.142182 0.989621 0.020837 -0.000000 0.000000 0.000000 0.000000 1.000000
0.980871 0.143691 -0.131319 -0.000000 -0.132951 0.001766 -0.991121 3.700000 -0.142183 0.989621 0.020836 0.000000 0.000000 0.000000 0.000000 1.000000
0.980871 0.143691 -0.131320 0.000000 -0.132951 0.001767 -0.991121 3.700000 -0.142183 0.989621 0.020837 0.000000 0.000000 0.000000 0.000000 1.000000
0.980871 0.143691 -0.131320 0.000000 -0.132951 0.001767 -0.991121 3.700000 -0.142183 0.989621 0.020837 0.000000 0.000000 0.000000 0.000000 1.000000
0.980871 0.143690 -0.131319 0.000000 -0.132950 0.001767 -0.991121 3.700000 -0.142183 0.989621 0.020837 0.000000 0.000000 0.000000 0.000000 1.000000
0.980871 0.143691 -0.131319 -0.000000 -0.132950 0.001767 -0.991121 3.700000 -0.142183 0.989621 0.020837 0.000000 0.000000 0.000000 0.000000 1.000000
0.980871 0.143690 -0.131319 -0.000000 -0.132950 0.001766 -0.991121 3.700000 -0.142183 0.989621 0.020836 0.000000 0.000000 0.000000 0.000000 1.000000
0.980871 0.143690 -0.131320 0.000000 -0.132951 0.001767 -0.991121 3.700000 -0.142183 0.989621 0.020837 0.000000 0.000000 0.000000 0.000000 1.000000
0.980871 0.143691 -0.131320 0.000000 -0.132951 0.001767 -0.991121 3.700000 -0.142183 0.989621 0.020837 0.000000 0.000000 0.000000 0.000000 1.000000
0.980871 0.143691 -0.131320 0.000000 -0.132951 0.001766 -0.991121 3.700000 -0.142183 0.989621 0.020836 0.000000 0.000000 0.000000 0.000000 1.000000
0.980871 0.143691 -0.131320 -0.000000 -0.132951 0.001767 -0.991121 3.700000 -0.142183 0.989621 0.020837 0.000000 0.000000 0.000000 0.000000 1.000000
0.980871 0.143690 -0.131319 0.000000 -0.132950 0.001766 -0.991121 3.700000 -0.142183 0.989621 0.020836 0.000000 0.000000 0.000000 0.000000 1.000000
0.980871 0.143690 -0.131320 0.000000 -0.132951 0.001766 -0.991121 3.700000 -0.142183 0.989621 0.020836 0.000000 0.000000 0.000000 0.000000 1.000000
0.980871 0.143691 -0.131319 0.000000 -0.132951 0.001767 -0.991121 3.700000 -0.142183 0.989621 0.020837 0.000000 0.000000 0.000000 0.000000 1.000000
0.980871 0.143691 -0.131320 0.000000 -0.132951 0.001767 -0.991121 3.700000 -0.142183 0.989621 0.020837 0.000000 0.000000 0.000000 0.000000 1.000000
0.980871 0.143690 -0.131319 0.000000 -0.132950 0.001766 -0.991121 3.700000 -0.142183 0.989621 0.020836 0.000000 0.000000 0.000000 0.000000 1.000000
0.980871 0.143691 -0.131319 0.000000 -0.132950 0.001767 -0.991121 3.700000 -0.142183 0.989621 0.020837 0.000000 0.000000 0.000000 0.000000 1.000000
0.980871 0.143691 -0.131319 0.000000 -0.132950 0.001767 -0.991121 3.700000 -0.142183 0.989621 0.020837 0.000000 0.000000 0.000000 0.000000 1.000000
0.980871 0.143690 -0.131320 0.000000 -0.132951 0.001767 -0.991121 3.700000 -0.142182 0.989621 0.020837 0.000000 0.000000 0.000000 0.000000 1.000000
0.980871 0.143690 -0.131320 0.000000 -0.132951 0.001767 -0.991121 3.700000 -0.142183 0.989621 0.020836 0.000000 0.000000 0.000000 0.000000 1.000000
0.980871 0.143690 -0.131320 0.000000 -0.132951 0.001767 -0.991121 3.700000 -0.142182 0.989621 0.020837 0.000000 0.000000 0.000000 0.000000 1.000000
0.980871 0.143690 -0.131320 0.000000 -0.132951 0.001766 -0.991121 3.700000 -0.142183 0.989621 0.020836 0.000000 0.000000 0.000000 0.000000 1.000000
0.980871 0.143691 -0.131320 0.000000 -0.132951 0.001766 -0.991121 3.700000 -0.142183 0.989621 0.020836 0.000000 0.000000 0.000000 0.000000 1.000000
0.980871 0.143690 -0.131319 0.000000 -0.132950 0.001766 -0.991121 3.700000 -0.142183 0.989621 0.020836 0.000000 0.000000 0.000000 0.000000 1.000000
0.980871 0.143691 -0.131319 0.000000 -0.132950 0.001768 -0.991121 3.700000 -0.142183 0.989621 0.020838 0.000000 0.000000 0.000000 0.000000 1.000000
0.980871 0.143691 -0.131320 0.000000 -0.132951 0.001767 -0.991121 3.700000 -0.142183 0.989621 0.020837 0.000000 0.000000 0.000000 0.000000 1.000000
0.980871 0.143691 -0.131320 0.000000 -0.132951 0.001766 -0.991121 3.700000 -0.142183 0.989621 0.020836 0.000000 0.000000 0.000000 0.000000 1.000000
0.980871 0.143690 -0.131319 0.000000 -0.132950 0.001767 -0.991121 3.700000 -0.142183 0.989621 0.020837 0.000000 0.000000 0.000000 0.000000 1.000000
0.980871 0.143691 -0.131320 0.000000 -0.132951 0.001766 -0.991121 3.700000 -0.142184 0.989621 0.020836 0.000000 0.000000 0.000000 0.000000 1.000000
0.980871 0.143691 -0.131320 0.000000 -0.132951 0.001766 -0.991121 3.700000 -0.142183 0.989621 0.020836 0.000000 0.000000 0.000000 0.000000 1.000000
0.980871 0.143691 -0.131319 0.000000 -0.132951 0.001766 -0.991121 3.700000 -0.142183 0.989621 0.020836 -0.000000 0.000000 0.000000 0.000000 1.000000
0.980871 0.143691 -0.131319 -0.000000 -0.132950 0.001767 -0.991121 3.700000 -0.142183 0.989621 0.020836 0.000000 0.000000 0.000000 0.000000 1.000000
0.980871 0.143691 -0.131320 0.000000 -0.132951 0.001767 -0.991121 3.700000 -0.142183 0.989621 0.020837 0.000000 0.000000 0.000000 0.000000 1.000000
0.980871 0.143690 -0.131320 0.000000 -0.132951 0.001767 -0.991121 3.700000 -0.142182 0.989621 0.020837 0.000000 0.000000 0.000000 0.000000 1.000000
0.980871 0.143691 -0.131320 0.000000 -0.132951 0.001767 -0.991121 3.700000 -0.142183 0.989621 0.020837 0.000000 0.000000 0.000000 0.000000 1.000000
0.980871 0.143691 -0.131320 0.000000 -0.132951 0.001766 -0.991121 3.700000 -0.142183 0.989621 0.020836 0.000000 0.000000 0.000000 0.000000 1.000000
0.980871 0.143691 -0.131320 -0.000000 -0.132951 0.001766 -0.991121 3.700000 -0.142183 0.989621 0.020836 -0.000000 0.000000 0.000000 0.000000 1.000000
0.980871 0.143690 -0.131320 0.000000 -0.132951 0.001766 -0.991121 3.700000 -0.142183 0.989621 0.020836 0.000000 0.000000 0.000000 0.000000 1.000000
0.980871 0.143691 -0.131319 0.000000 -0.132950 0.001766 -0.991121 3.700000 -0.142183 0.989621 0.020836 0.000000 0.000000 0.000000 0.000000 1.000000
0.980871 0.143690 -0.131319 0.000000 -0.132950 0.001767 -0.991121 3.700000 -0.142183 0.989621 0.020836 0.000000 0.000000 0.000000 0.000000 1.000000
0.980871 0.143690 -0.131319 -0.000000 -0.132950 0.001766 -0.991121 3.700000 -0.142183 0.989621 0.020836 0.000000 0.000000 0.000000 0.000000 1.000000
0.980871 0.143690 -0.131319 0.000000 -0.132950 0.001766 -0.991121 3.700000 -0.142183 0.989621 0.020836 -0.000000 0.000000 0.000000 0.000000 1.000000
0.980871 0.143691 -0.131320 -0.000000 -0.132951 0.001766 -0.991121 3.700000 -0.142183 0.989621 0.020836 0.000000 0.000000 0.000000 0.000000 1.000000
0.980871 0.143691 -0.131319 0.000000 -0.132950 0.001766 -0.991121 3.700000 -0.142184 0.989621 0.020836 0.000000 0.000000 0.000000 0.000000 1.000000
0.980871 0.143690 -0.131320 0.000000 -0.132951 0.001767 -0.991121 3.700000 -0.142182 0.989621 0.020837 0.000000 0.000000 0.000000 0.000000 1.000000
0.980871 0.143691 -0.131320 0.000000 -0.132951 0.001767 -0.991121 3.700000 -0.142183 0.989621 0.020837 0.000000 0.000000 0.000000 0.000000 1.000000
0.980871 0.143690 -0.131319 -0.000000 -0.132950 0.001767 -0.991121 3.700000 -0.142182 0.989621 0.020837 0.000000 0.000000 0.000000 0.000000 1.000000
0.980871 0.143690 -0.131320 0.000000 -0.132951 0.001767 -0.991121 3.700000 -0.142182 0.989621 0.020837 0.000000 0.000000 0.000000 0.000000 1.000000
0.980871 0.143691 -0.131319 -0.000000 -0.132950 0.001767 -0.991121 3.700000 -0.142183 0.989621 0.020837 -0.000000 0.000000 0.000000 0.000000 1.000000
0.980871 0.143691 -0.131319 0.000000 -0.132950 0.001766 -0.991121 3.700000 -0.142183 0.989621 0.020836 0.000000 0.000000 0.000000 0.000000 1.000000
0.980871 0.143691 -0.131320 -0.000000 -0.132951 0.001765 -0.991121 3.700000 -0.142183 0.989621 0.020835 0.000000 0.000000 0.000000 0.000000 1.000000
0.980871 0.143690 -0.131319 0.000000 -0.132950 0.001766 -0.991121 3.700000 -0.142183 0.989621 0.020836 0.000000 0.000000 0.000000 0.000000 1.000000
0.980871 0.143690 -0.131320 0.000000 -0.132951 0.001766 -0.991121 3.700000 -0.142183 0.989621 0.020836 0.000000 0.000000 0.000000 0.000000 1.000000
0.980871 0.143691 -0.131320 0.000000 -0.132951 0.001767 -0.991121 3.700000 -0.142183 0.989621 0.020837 0.000000 0.000000 0.000000 0.000000 1.000000
0.980871 0.143691 -0.131320 0.000000 -0.132951 0.001767 -0.991121 3.700000 -0.142183 0.989621 0.020836 -0.000000 0.000000 0.000000 0.000000 1.000000
0.980871 0.143691 -0.131320 0.000000 -0.132950 0.001766 -0.991121 3.700000 -0.142183 0.989621 0.020836 0.000000 0.000000 0.000000 0.000000 1.000000
0.980871 0.143691 -0.131320 0.000000 -0.132951 0.001767 -0.991121 3.700000 -0.142183 0.989621 0.020837 0.000000 0.000000 0.000000 0.000000 1.000000
0.980871 0.143691 -0.131319 0.000000 -0.132951 0.001767 -0.991121 3.700000 -0.142183 0.989621 0.020837 0.000000 0.000000 0.000000 0.000000 1.000000
0.980871 0.143691 -0.131319 -0.000000 -0.132951 0.001767 -0.991121 3.700000 -0.142183 0.989621 0.020838 0.000000 0.000000 0.000000 0.000000 1.000000
0.980871 0.143690 -0.131320 0.000000 -0.132951 0.001766 -0.991121 3.700000 -0.142183 0.989621 0.020836 0.000000 0.000000 0.000000 0.000000 1.000000
0.980871 0.143690 -0.131320 0.000000 -0.132951 0.001767 -0.991121 3.700000 -0.142183 0.989621 0.020836 -0.000000 0.000000 0.000000 0.000000 1.000000
0.980871 0.143690 -0.131319 -0.000000 -0.132950 0.001766 -0.991121 3.700000 -0.142183 0.989621 0.020836 0.000000 0.000000 0.000000 0.000000 1.000000
0.980871 0.143690 -0.131320 -0.000000 -0.132951 0.001767 -0.991121 3.700000 -0.142183 0.989621 0.020837 0.000000 0.000000 0.000000 0.000000 1.000000
0.980871 0.143691 -0.131320 0.000000 -0.132951 0.001767 -0.991121 3.700000 -0.142183 0.989621 0.020837 0.000000 0.000000 0.000000 0.000000 1.000000
0.980871 0.143691 -0.131319 0.000000 -0.132950 0.001767 -0.991121 3.700000 -0.142183 0.989621 0.020837 0.000000 0.000000 0.000000 0.000000 1.000000
0.980871 0.143691 -0.131319 0.000000 -0.132950 0.001766 -0.991121 3.700000 -0.142183 0.989621 0.020836 -0.000000 0.000000 0.000000 0.000000 1.000000
0.980871 0.143691 -0.131320 -0.000000 -0.132951 0.001766 -0.991121 3.700000 -0.142183 0.989621 0.020836 -0.000000 0.000000 0.000000 0.000000 1.000000</float_array>
        <technique_common>
          <accessor source="#mixamorig_LeftHandIndex2-Matrix-animation-output-transform-array" count="96" stride="16">
            <param type="float4x4"/>
          </accessor>
        </technique_common>
      </source>
      <source id="mixamorig_LeftHandIndex2-Interpolations">
        <Name_array id="mixamorig_LeftHandIndex2-Interpolations-array" count="96">
 LINEAR LINEAR LINEAR LINEAR LINEAR LINEAR LINEAR LINEAR LINEAR LINEAR LINEAR
LINEAR LINEAR LINEAR LINEAR LINEAR LINEAR LINEAR LINEAR LINEAR LINEAR LINEAR LINEAR
LINEAR LINEAR LINEAR LINEAR LINEAR LINEAR LINEAR LINEAR LINEAR LINEAR LINEAR LINEAR
LINEAR LINEAR LINEAR LINEAR LINEAR LINEAR LINEAR LINEAR LINEAR LINEAR LINEAR LINEAR
LINEAR LINEAR LINEAR LINEAR LINEAR LINEAR LINEAR LINEAR LINEAR LINEAR LINEAR LINEAR
LINEAR LINEAR LINEAR LINEAR LINEAR LINEAR LINEAR LINEAR LINEAR LINEAR LINEAR LINEAR
LINEAR LINEAR LINEAR LINEAR LINEAR LINEAR LINEAR LINEAR LINEAR LINEAR LINEAR LINEAR
LINEAR LINEAR LINEAR LINEAR LINEAR LINEAR LINEAR LINEAR LINEAR LINEAR LINEAR LINEAR
LINEAR</Name_array>
        <technique_common>
          <accessor source="#mixamorig_LeftHandIndex2-Interpolations-array" count="96">
            <param type="name"/>
          </accessor>
        </technique_common>
      </source>
      <sampler id="mixamorig_LeftHandIndex2-Matrix-animation-transform">
        <input semantic="INPUT" source="#mixamorig_LeftHandIndex2-Matrix-animation-input"/>
        <input semantic="OUTPUT" source="#mixamorig_LeftHandIndex2-Matrix-animation-output-transform"/>
        <input semantic="INTERPOLATION" source="#mixamorig_LeftHandIndex2-Interpolations"/>
      </sampler>
      <channel source="#mixamorig_LeftHandIndex2-Matrix-animation-transform" target="mixamorig_LeftHandIndex2/matrix"/>
    </animation>
    <animation id="mixamorig_LeftHandIndex3-anim" name="mixamorig_LeftHandIndex3">
      <source id="mixamorig_LeftHandIndex3-Matrix-animation-input">
        <float_array id="mixamorig_LeftHandIndex3-Matrix-animation-input-array" count="96">

0.000000 0.033333 0.066667 0.100000 0.133333 0.166667 0.200000 0.233333 0.266667 0.300000 0.333333 0.366667 0.400000 0.433333 0.466667 0.500000
0.533333 0.566667 0.600000 0.633333 0.666667 0.700000 0.733333 0.766667 0.800000 0.833333 0.866667 0.900000 0.933333 0.966667 1.000000 1.033333
1.066667 1.100000 1.133333 1.166667 1.200000 1.233333 1.266667 1.300000 1.333333 1.366667 1.400000 1.433333 1.466667 1.500000 1.533333 1.566667
1.600000 1.633333 1.666667 1.700000 1.733333 1.766667 1.800000 1.833333 1.866667 1.900000 1.933333 1.966667 2.000000 2.033333 2.066667 2.100000
2.133333 2.166667 2.200000 2.233333 2.266667 2.300000 2.333333 2.366667 2.400000 2.433333 2.466667 2.500000 2.533333 2.566667 2.600000 2.633333
2.666667 2.700000 2.733333 2.766667 2.800000 2.833333 2.866667 2.900000 2.933333 2.966667 3.000000 3.033333 3.066667 3.100000 3.133333 3.166667</float_array>
        <technique_common>
          <accessor source="#mixamorig_LeftHandIndex3-Matrix-animation-input-array" count="96">
            <param name="TIME" type="float"/>
          </accessor>
        </technique_common>
      </source>
      <source id="mixamorig_LeftHandIndex3-Matrix-animation-output-transform">
        <float_array id="mixamorig_LeftHandIndex3-Matrix-animation-output-transform-array" count="1536">

0.989148 0.130838 -0.066843 -0.000000 -0.142171 0.737585 -0.660118 2.850000 -0.037066 0.662458 0.748182 0.000000 0.000000 0.000000 0.000000 1.000000
0.989148 0.130838 -0.066842 0.000000 -0.142171 0.737584 -0.660119 2.850000 -0.037067 0.662458 0.748181 0.000000 0.000000 0.000000 0.000000 1.000000
0.989148 0.130838 -0.066843 0.000000 -0.142171 0.737584 -0.660119 2.850000 -0.037067 0.662459 0.748181 0.000000 0.000000 0.000000 0.000000 1.000000
0.989148 0.130838 -0.066843 0.000000 -0.142171 0.737584 -0.660119 2.850000 -0.037066 0.662458 0.748181 0.000000 0.000000 0.000000 0.000000 1.000000
0.989148 0.130838 -0.066843 0.000000 -0.142171 0.737584 -0.660119 2.850000 -0.037067 0.662458 0.748181 0.000000 0.000000 0.000000 0.000000 1.000000
0.989148 0.130838 -0.066843 0.000000 -0.142171 0.737584 -0.660119 2.850000 -0.037066 0.662458 0.748181 0.000000 0.000000 0.000000 0.000000 1.000000
0.989148 0.130838 -0.066843 0.000000 -0.142171 0.737584 -0.660119 2.850000 -0.037067 0.662458 0.748181 0.000000 0.000000 0.000000 0.000000 1.000000
0.989148 0.130838 -0.066842 0.000000 -0.142171 0.737585 -0.660118 2.850000 -0.037066 0.662458 0.748182 0.000000 0.000000 0.000000 0.000000 1.000000
0.989148 0.130838 -0.066843 -0.000000 -0.142171 0.737585 -0.660118 2.850000 -0.037067 0.662458 0.748182 0.000000 0.000000 0.000000 0.000000 1.000000
0.989148 0.130838 -0.066843 0.000000 -0.142171 0.737584 -0.660119 2.850000 -0.037067 0.662458 0.748181 -0.000000 0.000000 0.000000 0.000000 1.000000
0.989148 0.130838 -0.066842 0.000000 -0.142171 0.737584 -0.660119 2.850000 -0.037067 0.662458 0.748181 0.000000 0.000000 0.000000 0.000000 1.000000
0.989148 0.130838 -0.066843 -0.000000 -0.142171 0.737584 -0.660119 2.850000 -0.037067 0.662458 0.748181 0.000000 0.000000 0.000000 0.000000 1.000000
0.989148 0.130837 -0.066842 -0.000000 -0.142170 0.737584 -0.660119 2.850000 -0.037067 0.662458 0.748181 0.000000 0.000000 0.000000 0.000000 1.000000
0.989148 0.130838 -0.066842 0.000000 -0.142171 0.737584 -0.660119 2.850000 -0.037067 0.662459 0.748181 -0.000000 0.000000 0.000000 0.000000 1.000000
0.989148 0.130837 -0.066842 0.000000 -0.142170 0.737584 -0.660119 2.850000 -0.037066 0.662458 0.748181 0.000000 0.000000 0.000000 0.000000 1.000000
0.989148 0.130838 -0.066842 0.000000 -0.142171 0.737584 -0.660119 2.850000 -0.037066 0.662458 0.748181 0.000000 0.000000 0.000000 0.000000 1.000000
0.989148 0.130838 -0.066843 0.000000 -0.142171 0.737585 -0.660119 2.850000 -0.037067 0.662458 0.748182 0.000000 0.000000 0.000000 0.000000 1.000000
0.989148 0.130838 -0.066843 0.000000 -0.142171 0.737584 -0.660119 2.850000 -0.037067 0.662458 0.748181 -0.000000 0.000000 0.000000 0.000000 1.000000
0.989148 0.130838 -0.066843 0.000000 -0.142171 0.737584 -0.660119 2.850000 -0.037066 0.662458 0.748181 0.000000 0.000000 0.000000 0.000000 1.000000
0.989148 0.130838 -0.066842 0.000000 -0.142171 0.737584 -0.660119 2.850000 -0.037067 0.662458 0.748181 0.000000 0.000000 0.000000 0.000000 1.000000
0.989148 0.130838 -0.066843 0.000000 -0.142171 0.737584 -0.660119 2.850000 -0.037067 0.662458 0.748181 0.000000 0.000000 0.000000 0.000000 1.000000
0.989148 0.130838 -0.066843 0.000000 -0.142171 0.737584 -0.660119 2.850000 -0.037067 0.662458 0.748181 0.000000 0.000000 0.000000 0.000000 1.000000
0.989148 0.130838 -0.066842 0.000000 -0.142171 0.737584 -0.660119 2.850000 -0.037067 0.662458 0.748181 0.000000 0.000000 0.000000 0.000000 1.000000
0.989148 0.130838 -0.066842 0.000000 -0.142171 0.737584 -0.660119 2.850000 -0.037067 0.662458 0.748181 0.000000 0.000000 0.000000 0.000000 1.000000
0.989148 0.130838 -0.066842 0.000000 -0.142171 0.737584 -0.660119 2.850000 -0.037067 0.662458 0.748181 0.000000 0.000000 0.000000 0.000000 1.000000
0.989148 0.130838 -0.066843 0.000000 -0.142172 0.737584 -0.660119 2.850000 -0.037066 0.662458 0.748181 -0.000000 0.000000 0.000000 0.000000 1.000000
0.989148 0.130838 -0.066843 0.000000 -0.142171 0.737584 -0.660119 2.850000 -0.037067 0.662458 0.748181 0.000000 0.000000 0.000000 0.000000 1.000000
0.989148 0.130838 -0.066843 0.000000 -0.142171 0.737585 -0.660119 2.850000 -0.037067 0.662458 0.748182 0.000000 0.000000 0.000000 0.000000 1.000000
0.989148 0.130838 -0.066843 0.000000 -0.142171 0.737584 -0.660119 2.850000 -0.037066 0.662458 0.748181 0.000000 0.000000 0.000000 0.000000 1.000000
0.989148 0.130838 -0.066843 0.000000 -0.142171 0.737584 -0.660119 2.850000 -0.037067 0.662458 0.748181 0.000000 0.000000 0.000000 0.000000 1.000000
0.989148 0.130838 -0.066842 -0.000000 -0.142171 0.737585 -0.660118 2.850000 -0.037067 0.662458 0.748182 0.000000 0.000000 0.000000 0.000000 1.000000
0.989148 0.130838 -0.066842 0.000000 -0.142171 0.737585 -0.660118 2.850000 -0.037067 0.662458 0.748182 0.000000 0.000000 0.000000 0.000000 1.000000
0.989148 0.130838 -0.066842 -0.000000 -0.142171 0.737584 -0.660119 2.850000 -0.037067 0.662458 0.748181 0.000000 0.000000 0.000000 0.000000 1.000000
0.989148 0.130838 -0.066842 0.000000 -0.142171 0.737584 -0.660119 2.850000 -0.037067 0.662458 0.748181 0.000000 0.000000 0.000000 0.000000 1.000000
0.989148 0.130838 -0.066842 -0.000000 -0.142171 0.737584 -0.660119 2.850000 -0.037067 0.662458 0.748181 0.000000 0.000000 0.000000 0.000000 1.000000
0.989148 0.130838 -0.066843 -0.000000 -0.142171 0.737585 -0.660118 2.850000 -0.037067 0.662458 0.748182 0.000000 0.000000 0.000000 0.000000 1.000000
0.989148 0.130838 -0.066843 0.000000 -0.142171 0.737585 -0.660118 2.850000 -0.037067 0.662458 0.748182 0.000000 0.000000 0.000000 0.000000 1.000000
0.989148 0.130838 -0.066843 0.000000 -0.142171 0.737584 -0.660119 2.850000 -0.037066 0.662458 0.748181 0.000000 0.000000 0.000000 0.000000 1.000000
0.989148 0.130838 -0.066843 -0.000000 -0.142171 0.737584 -0.660119 2.850000 -0.037067 0.662458 0.748181 0.000000 0.000000 0.000000 0.000000 1.000000
0.989148 0.130838 -0.066843 -0.000000 -0.142171 0.737584 -0.660119 2.850000 -0.037066 0.662458 0.748181 0.000000 0.000000 0.000000 0.000000 1.000000
0.989148 0.130838 -0.066843 -0.000000 -0.142171 0.737584 -0.660119 2.850000 -0.037067 0.662458 0.748181 0.000000 0.000000 0.000000 0.000000 1.000000
0.989148 0.130838 -0.066843 -0.000000 -0.142171 0.737585 -0.660118 2.850000 -0.037067 0.662458 0.748182 -0.000000 0.000000 0.000000 0.000000 1.000000
0.989148 0.130838 -0.066842 0.000000 -0.142171 0.737584 -0.660119 2.850000 -0.037067 0.662458 0.748181 0.000000 0.000000 0.000000 0.000000 1.000000
0.989148 0.130839 -0.066843 0.000000 -0.142172 0.737584 -0.660119 2.850000 -0.037067 0.662458 0.748181 0.000000 0.000000 0.000000 0.000000 1.000000
0.989148 0.130838 -0.066843 0.000000 -0.142171 0.737585 -0.660118 2.850000 -0.037066 0.662458 0.748182 -0.000000 0.000000 0.000000 0.000000 1.000000
0.989148 0.130838 -0.066843 -0.000000 -0.142171 0.737584 -0.660119 2.850000 -0.037067 0.662458 0.748181 0.000000 0.000000 0.000000 0.000000 1.000000
0.989148 0.130838 -0.066843 0.000000 -0.142171 0.737584 -0.660119 2.850000 -0.037066 0.662459 0.748181 0.000000 0.000000 0.000000 0.000000 1.000000
0.989148 0.130838 -0.066843 0.000000 -0.142171 0.737584 -0.660119 2.850000 -0.037067 0.662458 0.748181 -0.000000 0.000000 0.000000 0.000000 1.000000
0.989148 0.130838 -0.066842 -0.000000 -0.142171 0.737585 -0.660118 2.850000 -0.037067 0.662458 0.748182 0.000000 0.000000 0.000000 0.000000 1.000000
0.989148 0.130838 -0.066842 0.000000 -0.142171 0.737584 -0.660119 2.850000 -0.037067 0.662458 0.748181 0.000000 0.000000 0.000000 0.000000 1.000000
0.989148 0.130838 -0.066843 0.000000 -0.142171 0.737584 -0.660119 2.850000 -0.037067 0.662458 0.748181 -0.000000 0.000000 0.000000 0.000000 1.000000
0.989148 0.130838 -0.066842 -0.000000 -0.142171 0.737585 -0.660118 2.850000 -0.037067 0.662457 0.748182 0.000000 0.000000 0.000000 0.000000 1.000000
0.989148 0.130838 -0.066843 0.000000 -0.142171 0.737584 -0.660119 2.850000 -0.037066 0.662458 0.748181 -0.000000 0.000000 0.000000 0.000000 1.000000
0.989148 0.130838 -0.066843 -0.000000 -0.142171 0.737584 -0.660119 2.850000 -0.037067 0.662458 0.748181 0.000000 0.000000 0.000000 0.000000 1.000000
0.989148 0.130838 -0.066843 0.000000 -0.142171 0.737584 -0.660119 2.850000 -0.037067 0.662458 0.748181 -0.000000 0.000000 0.000000 0.000000 1.000000
0.989148 0.130838 -0.066842 0.000000 -0.142171 0.737585 -0.660118 2.850000 -0.037067 0.662458 0.748182 0.000000 0.000000 0.000000 0.000000 1.000000
0.989148 0.130838 -0.066843 0.000000 -0.142171 0.737585 -0.660118 2.850000 -0.037066 0.662458 0.748182 0.000000 0.000000 0.000000 0.000000 1.000000
0.989148 0.130838 -0.066842 0.000000 -0.142170 0.737584 -0.660119 2.850000 -0.037067 0.662458 0.748181 0.000000 0.000000 0.000000 0.000000 1.000000
0.989148 0.130838 -0.066843 0.000000 -0.142171 0.737585 -0.660118 2.850000 -0.037067 0.662458 0.748182 0.000000 0.000000 0.000000 0.000000 1.000000
0.989148 0.130838 -0.066843 0.000000 -0.142171 0.737584 -0.660119 2.850000 -0.037066 0.662458 0.748181 0.000000 0.000000 0.000000 0.000000 1.000000
0.989148 0.130838 -0.066842 -0.000000 -0.142171 0.737584 -0.660119 2.850000 -0.037066 0.662458 0.748181 0.000000 0.000000 0.000000 0.000000 1.000000
0.989148 0.130838 -0.066842 0.000000 -0.142171 0.737585 -0.660119 2.850000 -0.037067 0.662458 0.748182 0.000000 0.000000 0.000000 0.000000 1.000000
0.989148 0.130838 -0.066843 0.000000 -0.142171 0.737584 -0.660119 2.850000 -0.037067 0.662458 0.748181 0.000000 0.000000 0.000000 0.000000 1.000000
0.989148 0.130838 -0.066843 -0.000000 -0.142171 0.737584 -0.660119 2.850000 -0.037067 0.662458 0.748181 0.000000 0.000000 0.000000 0.000000 1.000000
0.989148 0.130838 -0.066842 0.000000 -0.142171 0.737584 -0.660119 2.850000 -0.037067 0.662458 0.748181 0.000000 0.000000 0.000000 0.000000 1.000000
0.989148 0.130838 -0.066842 0.000000 -0.142171 0.737584 -0.660119 2.850000 -0.037067 0.662458 0.748181 0.000000 0.000000 0.000000 0.000000 1.000000
0.989148 0.130838 -0.066843 0.000000 -0.142171 0.737584 -0.660119 2.850000 -0.037066 0.662458 0.748181 0.000000 0.000000 0.000000 0.000000 1.000000
0.989148 0.130838 -0.066843 -0.000000 -0.142171 0.737584 -0.660119 2.850000 -0.037066 0.662458 0.748181 0.000000 0.000000 0.000000 0.000000 1.000000
0.989148 0.130838 -0.066843 0.000000 -0.142171 0.737585 -0.660118 2.850000 -0.037067 0.662458 0.748182 0.000000 0.000000 0.000000 0.000000 1.000000
0.989148 0.130839 -0.066843 -0.000000 -0.142172 0.737585 -0.660118 2.850000 -0.037067 0.662458 0.748182 0.000000 0.000000 0.000000 0.000000 1.000000
0.989148 0.130838 -0.066843 0.000000 -0.142171 0.737585 -0.660118 2.850000 -0.037067 0.662458 0.748182 -0.000000 0.000000 0.000000 0.000000 1.000000
0.989148 0.130838 -0.066842 0.000000 -0.142171 0.737584 -0.660119 2.850000 -0.037067 0.662458 0.748181 0.000000 0.000000 0.000000 0.000000 1.000000
0.989148 0.130838 -0.066843 0.000000 -0.142171 0.737584 -0.660119 2.850000 -0.037066 0.662458 0.748181 -0.000000 0.000000 0.000000 0.000000 1.000000
0.989148 0.130838 -0.066843 0.000000 -0.142171 0.737584 -0.660119 2.850000 -0.037067 0.662458 0.748181 0.000000 0.000000 0.000000 0.000000 1.000000
0.989148 0.130838 -0.066843 0.000000 -0.142171 0.737584 -0.660119 2.850000 -0.037067 0.662458 0.748181 0.000000 0.000000 0.000000 0.000000 1.000000
0.989148 0.130838 -0.066843 0.000000 -0.142171 0.737584 -0.660119 2.850000 -0.037066 0.662458 0.748181 0.000000 0.000000 0.000000 0.000000 1.000000
0.989148 0.130838 -0.066843 -0.000000 -0.142171 0.737584 -0.660119 2.850000 -0.037067 0.662458 0.748181 0.000000 0.000000 0.000000 0.000000 1.000000
0.989148 0.130838 -0.066843 0.000000 -0.142171 0.737584 -0.660119 2.850000 -0.037066 0.662458 0.748181 0.000000 0.000000 0.000000 0.000000 1.000000
0.989148 0.130838 -0.066842 0.000000 -0.142171 0.737584 -0.660119 2.850000 -0.037066 0.662458 0.748181 0.000000 0.000000 0.000000 0.000000 1.000000
0.989148 0.130838 -0.066843 0.000000 -0.142171 0.737584 -0.660119 2.850000 -0.037067 0.662458 0.748181 -0.000000 0.000000 0.000000 0.000000 1.000000
0.989148 0.130838 -0.066843 0.000000 -0.142171 0.737584 -0.660119 2.850000 -0.037067 0.662458 0.748181 -0.000000 0.000000 0.000000 0.000000 1.000000
0.989148 0.130839 -0.066843 0.000000 -0.142171 0.737584 -0.660119 2.850000 -0.037067 0.662458 0.748181 0.000000 0.000000 0.000000 0.000000 1.000000
0.989148 0.130838 -0.066843 0.000000 -0.142171 0.737584 -0.660119 2.850000 -0.037067 0.662458 0.748181 -0.000000 0.000000 0.000000 0.000000 1.000000
0.989148 0.130838 -0.066843 -0.000000 -0.142171 0.737585 -0.660119 2.850000 -0.037066 0.662458 0.748181 0.000000 0.000000 0.000000 0.000000 1.000000
0.989148 0.130838 -0.066843 0.000000 -0.142171 0.737584 -0.660119 2.850000 -0.037067 0.662458 0.748181 0.000000 0.000000 0.000000 0.000000 1.000000
0.989148 0.130838 -0.066842 0.000000 -0.142171 0.737584 -0.660119 2.850000 -0.037067 0.662458 0.748181 0.000000 0.000000 0.000000 0.000000 1.000000
0.989148 0.130838 -0.066843 -0.000000 -0.142171 0.737585 -0.660118 2.850000 -0.037066 0.662458 0.748182 0.000000 0.000000 0.000000 0.000000 1.000000
0.989148 0.130838 -0.066842 0.000000 -0.142171 0.737585 -0.660119 2.850000 -0.037067 0.662458 0.748181 -0.000000 0.000000 0.000000 0.000000 1.000000
0.989148 0.130838 -0.066842 0.000000 -0.142171 0.737585 -0.660118 2.850000 -0.037067 0.662458 0.748182 0.000000 0.000000 0.000000 0.000000 1.000000
0.989148 0.130838 -0.066843 0.000000 -0.142171 0.737584 -0.660119 2.850000 -0.037067 0.662458 0.748181 0.000000 0.000000 0.000000 0.000000 1.000000
0.989148 0.130838 -0.066843 0.000000 -0.142171 0.737585 -0.660118 2.850000 -0.037067 0.662458 0.748182 -0.000000 0.000000 0.000000 0.000000 1.000000
0.989148 0.130838 -0.066843 0.000000 -0.142171 0.737584 -0.660119 2.850000 -0.037066 0.662458 0.748181 -0.000000 0.000000 0.000000 0.000000 1.000000
0.989148 0.130838 -0.066842 0.000000 -0.142171 0.737584 -0.660119 2.850000 -0.037067 0.662458 0.748181 0.000000 0.000000 0.000000 0.000000 1.000000
0.989148 0.130838 -0.066842 0.000000 -0.142171 0.737584 -0.660119 2.850000 -0.037067 0.662458 0.748181 0.000000 0.000000 0.000000 0.000000 1.000000
0.989148 0.130838 -0.066843 0.000000 -0.142171 0.737584 -0.660119 2.850000 -0.037067 0.662458 0.748181 0.000000 0.000000 0.000000 0.000000 1.000000
0.989148 0.130838 -0.066842 0.000000 -0.142171 0.737584 -0.660119 2.850000 -0.037067 0.662458 0.748181 0.000000 0.000000 0.000000 0.000000 1.000000</float_array>
        <technique_common>
          <accessor source="#mixamorig_LeftHandIndex3-Matrix-animation-output-transform-array" count="96" stride="16">
            <param type="float4x4"/>
          </accessor>
        </technique_common>
      </source>
      <source id="mixamorig_LeftHandIndex3-Interpolations">
        <Name_array id="mixamorig_LeftHandIndex3-Interpolations-array" count="96">
 LINEAR LINEAR LINEAR LINEAR LINEAR LINEAR LINEAR LINEAR LINEAR LINEAR LINEAR
LINEAR LINEAR LINEAR LINEAR LINEAR LINEAR LINEAR LINEAR LINEAR LINEAR LINEAR LINEAR
LINEAR LINEAR LINEAR LINEAR LINEAR LINEAR LINEAR LINEAR LINEAR LINEAR LINEAR LINEAR
LINEAR LINEAR LINEAR LINEAR LINEAR LINEAR LINEAR LINEAR LINEAR LINEAR LINEAR LINEAR
LINEAR LINEAR LINEAR LINEAR LINEAR LINEAR LINEAR LINEAR LINEAR LINEAR LINEAR LINEAR
LINEAR LINEAR LINEAR LINEAR LINEAR LINEAR LINEAR LINEAR LINEAR LINEAR LINEAR LINEAR
LINEAR LINEAR LINEAR LINEAR LINEAR LINEAR LINEAR LINEAR LINEAR LINEAR LINEAR LINEAR
LINEAR LINEAR LINEAR LINEAR LINEAR LINEAR LINEAR LINEAR LINEAR LINEAR LINEAR LINEAR
LINEAR</Name_array>
        <technique_common>
          <accessor source="#mixamorig_LeftHandIndex3-Interpolations-array" count="96">
            <param type="name"/>
          </accessor>
        </technique_common>
      </source>
      <sampler id="mixamorig_LeftHandIndex3-Matrix-animation-transform">
        <input semantic="INPUT" source="#mixamorig_LeftHandIndex3-Matrix-animation-input"/>
        <input semantic="OUTPUT" source="#mixamorig_LeftHandIndex3-Matrix-animation-output-transform"/>
        <input semantic="INTERPOLATION" source="#mixamorig_LeftHandIndex3-Interpolations"/>
      </sampler>
      <channel source="#mixamorig_LeftHandIndex3-Matrix-animation-transform" target="mixamorig_LeftHandIndex3/matrix"/>
    </animation>
    <animation id="mixamorig_LeftHandMiddle1-anim" name="mixamorig_LeftHandMiddle1">
      <source id="mixamorig_LeftHandMiddle1-Matrix-animation-input">
        <float_array id="mixamorig_LeftHandMiddle1-Matrix-animation-input-array" count="96">

0.000000 0.033333 0.066667 0.100000 0.133333 0.166667 0.200000 0.233333 0.266667 0.300000 0.333333 0.366667 0.400000 0.433333 0.466667 0.500000
0.533333 0.566667 0.600000 0.633333 0.666667 0.700000 0.733333 0.766667 0.800000 0.833333 0.866667 0.900000 0.933333 0.966667 1.000000 1.033333
1.066667 1.100000 1.133333 1.166667 1.200000 1.233333 1.266667 1.300000 1.333333 1.366667 1.400000 1.433333 1.466667 1.500000 1.533333 1.566667
1.600000 1.633333 1.666667 1.700000 1.733333 1.766667 1.800000 1.833333 1.866667 1.900000 1.933333 1.966667 2.000000 2.033333 2.066667 2.100000
2.133333 2.166667 2.200000 2.233333 2.266667 2.300000 2.333333 2.366667 2.400000 2.433333 2.466667 2.500000 2.533333 2.566667 2.600000 2.633333
2.666667 2.700000 2.733333 2.766667 2.800000 2.833333 2.866667 2.900000 2.933333 2.966667 3.000000 3.033333 3.066667 3.100000 3.133333 3.166667</float_array>
        <technique_common>
          <accessor source="#mixamorig_LeftHandMiddle1-Matrix-animation-input-array" count="96">
            <param name="TIME" type="float"/>
          </accessor>
        </technique_common>
      </source>
      <source id="mixamorig_LeftHandMiddle1-Matrix-animation-output-transform">
        <float_array id="mixamorig_LeftHandMiddle1-Matrix-animation-output-transform-array" count="1536">

0.995818 0.001163 -0.091350 0.000000 -0.081745 0.457806 -0.885286 9.533400 0.040791 0.889051 0.455987 0.000000 0.000000 0.000000 0.000000 1.000000
0.995818 0.001163 -0.091350 0.000000 -0.081745 0.457805 -0.885286 9.533400 0.040790 0.889052 0.455986 -0.000000 0.000000 0.000000 0.000000 1.000000
0.995818 0.001163 -0.091351 0.000000 -0.081746 0.457806 -0.885286 9.533400 0.040791 0.889051 0.455987 0.000000 0.000000 0.000000 0.000000 1.000000
0.995818 0.001163 -0.091350 -0.000000 -0.081745 0.457806 -0.885286 9.533400 0.040791 0.889051 0.455987 0.000000 0.000000 0.000000 0.000000 1.000000
0.995818 0.001163 -0.091350 0.000000 -0.081746 0.457805 -0.885286 9.533400 0.040791 0.889052 0.455986 0.000000 0.000000 0.000000 0.000000 1.000000
0.995818 0.001163 -0.091351 0.000000 -0.081746 0.457806 -0.885286 9.533400 0.040791 0.889051 0.455987 0.000000 0.000000 0.000000 0.000000 1.000000
0.995818 0.001164 -0.091350 0.000000 -0.081745 0.457806 -0.885286 9.533400 0.040790 0.889051 0.455987 0.000000 0.000000 0.000000 0.000000 1.000000
0.995818 0.001163 -0.091351 0.000000 -0.081746 0.457805 -0.885286 9.533400 0.040791 0.889052 0.455986 0.000000 0.000000 0.000000 0.000000 1.000000
0.995818 0.001163 -0.091350 0.000000 -0.081745 0.457806 -0.885286 9.533400 0.040791 0.889051 0.455986 0.000000 0.000000 0.000000 0.000000 1.000000
0.995818 0.001163 -0.091351 -0.000000 -0.081746 0.457806 -0.885286 9.533400 0.040791 0.889052 0.455986 0.000000 0.000000 0.000000 0.000000 1.000000
0.995818 0.001164 -0.091351 0.000000 -0.081746 0.457806 -0.885286 9.533400 0.040791 0.889051 0.455987 0.000000 0.000000 0.000000 0.000000 1.000000
0.995818 0.001163 -0.091350 0.000000 -0.081745 0.457806 -0.885286 9.533400 0.040791 0.889051 0.455987 0.000000 0.000000 0.000000 0.000000 1.000000
0.995818 0.001163 -0.091351 0.000000 -0.081746 0.457806 -0.885286 9.533400 0.040791 0.889052 0.455986 -0.000000 0.000000 0.000000 0.000000 1.000000
0.995818 0.001163 -0.091350 -0.000000 -0.081746 0.457805 -0.885286 9.533400 0.040791 0.889052 0.455986 0.000000 0.000000 0.000000 0.000000 1.000000
0.995818 0.001164 -0.091350 0.000000 -0.081746 0.457806 -0.885286 9.533400 0.040790 0.889052 0.455986 0.000000 0.000000 0.000000 0.000000 1.000000
0.995818 0.001163 -0.091351 0.000000 -0.081746 0.457805 -0.885286 9.533400 0.040792 0.889052 0.455986 0.000000 0.000000 0.000000 0.000000 1.000000
0.995818 0.001164 -0.091350 0.000000 -0.081745 0.457806 -0.885286 9.533400 0.040790 0.889051 0.455987 0.000000 0.000000 0.000000 0.000000 1.000000
0.995818 0.001163 -0.091350 0.000000 -0.081745 0.457806 -0.885286 9.533400 0.040791 0.889051 0.455986 0.000000 0.000000 0.000000 0.000000 1.000000
0.995818 0.001164 -0.091350 0.000000 -0.081746 0.457806 -0.885286 9.533400 0.040790 0.889051 0.455987 0.000000 0.000000 0.000000 0.000000 1.000000
0.995818 0.001163 -0.091350 0.000000 -0.081746 0.457805 -0.885286 9.533400 0.040791 0.889052 0.455986 0.000000 0.000000 0.000000 0.000000 1.000000
0.995818 0.001163 -0.091350 -0.000000 -0.081745 0.457806 -0.885286 9.533400 0.040791 0.889051 0.455986 0.000000 0.000000 0.000000 0.000000 1.000000
0.995818 0.001163 -0.091350 -0.000000 -0.081745 0.457806 -0.885286 9.533400 0.040791 0.889052 0.455986 -0.000000 0.000000 0.000000 0.000000 1.000000
0.995818 0.001164 -0.091350 -0.000000 -0.081746 0.457806 -0.885286 9.533400 0.040791 0.889051 0.455987 0.000000 0.000000 0.000000 0.000000 1.000000
0.995818 0.001163 -0.091351 0.000000 -0.081746 0.457806 -0.885286 9.533400 0.040791 0.889052 0.455986 -0.000000 0.000000 0.000000 0.000000 1.000000
0.995818 0.001163 -0.091350 0.000000 -0.081745 0.457805 -0.885286 9.533400 0.040791 0.889052 0.455986 0.000000 0.000000 0.000000 0.000000 1.000000
0.995818 0.001163 -0.091350 0.000000 -0.081745 0.457806 -0.885286 9.533400 0.040791 0.889052 0.455986 0.000000 0.000000 0.000000 0.000000 1.000000
0.995818 0.001163 -0.091350 0.000000 -0.081746 0.457806 -0.885286 9.533400 0.040791 0.889051 0.455987 0.000000 0.000000 0.000000 0.000000 1.000000
0.995818 0.001163 -0.091350 0.000000 -0.081745 0.457805 -0.885286 9.533400 0.040791 0.889052 0.455986 -0.000000 0.000000 0.000000 0.000000 1.000000
0.995818 0.001163 -0.091350 0.000000 -0.081746 0.457806 -0.885286 9.533400 0.040791 0.889052 0.455986 0.000000 0.000000 0.000000 0.000000 1.000000
0.995818 0.001163 -0.091351 -0.000000 -0.081746 0.457806 -0.885286 9.533400 0.040791 0.889051 0.455987 0.000000 0.000000 0.000000 0.000000 1.000000
0.995818 0.001163 -0.091350 0.000000 -0.081746 0.457805 -0.885286 9.533400 0.040791 0.889052 0.455986 -0.000000 0.000000 0.000000 0.000000 1.000000
0.995818 0.001163 -0.091350 0.000000 -0.081746 0.457806 -0.885286 9.533400 0.040791 0.889051 0.455986 0.000000 0.000000 0.000000 0.000000 1.000000
0.995818 0.001163 -0.091350 -0.000000 -0.081745 0.457806 -0.885286 9.533400 0.040791 0.889052 0.455986 0.000000 0.000000 0.000000 0.000000 1.000000
0.995818 0.001163 -0.091350 0.000000 -0.081745 0.457806 -0.885286 9.533400 0.040791 0.889051 0.455987 -0.000000 0.000000 0.000000 0.000000 1.000000
0.995818 0.001163 -0.091351 0.000000 -0.081746 0.457806 -0.885286 9.533400 0.040791 0.889052 0.455986 0.000000 0.000000 0.000000 0.000000 1.000000
0.995818 0.001163 -0.091350 0.000000 -0.081745 0.457806 -0.885286 9.533400 0.040791 0.889051 0.455987 0.000000 0.000000 0.000000 0.000000 1.000000
0.995818 0.001163 -0.091350 0.000000 -0.081745 0.457806 -0.885286 9.533400 0.040791 0.889051 0.455987 0.000000 0.000000 0.000000 0.000000 1.000000
0.995818 0.001164 -0.091350 0.000000 -0.081746 0.457806 -0.885286 9.533400 0.040790 0.889051 0.455987 0.000000 0.000000 0.000000 0.000000 1.000000
0.995818 0.001164 -0.091350 0.000000 -0.081745 0.457806 -0.885286 9.533400 0.040790 0.889051 0.455987 0.000000 0.000000 0.000000 0.000000 1.000000
0.995818 0.001164 -0.091350 0.000000 -0.081746 0.457806 -0.885286 9.533400 0.040791 0.889051 0.455987 -0.000000 0.000000 0.000000 0.000000 1.000000
0.995818 0.001163 -0.091350 0.000000 -0.081745 0.457806 -0.885286 9.533400 0.040791 0.889051 0.455987 -0.000000 0.000000 0.000000 0.000000 1.000000
0.995818 0.001163 -0.091350 0.000000 -0.081745 0.457806 -0.885286 9.533400 0.040791 0.889052 0.455986 0.000000 0.000000 0.000000 0.000000 1.000000
0.995818 0.001164 -0.091351 0.000000 -0.081746 0.457806 -0.885286 9.533400 0.040790 0.889051 0.455986 0.000000 0.000000 0.000000 0.000000 1.000000
0.995818 0.001163 -0.091351 -0.000000 -0.081746 0.457806 -0.885286 9.533400 0.040791 0.889051 0.455986 -0.000000 0.000000 0.000000 0.000000 1.000000
0.995818 0.001163 -0.091350 0.000000 -0.081745 0.457806 -0.885286 9.533400 0.040791 0.889051 0.455987 0.000000 0.000000 0.000000 0.000000 1.000000
0.995818 0.001163 -0.091351 0.000000 -0.081746 0.457806 -0.885286 9.533400 0.040791 0.889052 0.455986 0.000000 0.000000 0.000000 0.000000 1.000000
0.995818 0.001163 -0.091350 -0.000000 -0.081745 0.457806 -0.885286 9.533400 0.040791 0.889051 0.455987 -0.000000 0.000000 0.000000 0.000000 1.000000
0.995818 0.001163 -0.091350 0.000000 -0.081745 0.457806 -0.885286 9.533400 0.040791 0.889051 0.455986 -0.000000 0.000000 0.000000 0.000000 1.000000
0.995818 0.001164 -0.091350 0.000000 -0.081745 0.457806 -0.885286 9.533400 0.040790 0.889051 0.455987 -0.000000 0.000000 0.000000 0.000000 1.000000
0.995818 0.001164 -0.091350 0.000000 -0.081746 0.457805 -0.885286 9.533400 0.040791 0.889052 0.455986 0.000000 0.000000 0.000000 0.000000 1.000000
0.995818 0.001163 -0.091350 0.000000 -0.081745 0.457806 -0.885286 9.533400 0.040791 0.889051 0.455987 0.000000 0.000000 0.000000 0.000000 1.000000
0.995818 0.001163 -0.091350 -0.000000 -0.081745 0.457805 -0.885286 9.533400 0.040791 0.889052 0.455986 0.000000 0.000000 0.000000 0.000000 1.000000
0.995818 0.001164 -0.091350 0.000000 -0.081745 0.457806 -0.885286 9.533400 0.040791 0.889051 0.455987 0.000000 0.000000 0.000000 0.000000 1.000000
0.995818 0.001164 -0.091350 0.000000 -0.081745 0.457806 -0.885286 9.533400 0.040790 0.889051 0.455986 0.000000 0.000000 0.000000 0.000000 1.000000
0.995818 0.001164 -0.091350 0.000000 -0.081746 0.457805 -0.885286 9.533400 0.040790 0.889052 0.455986 -0.000000 0.000000 0.000000 0.000000 1.000000
0.995818 0.001163 -0.091351 0.000000 -0.081746 0.457806 -0.885286 9.533400 0.040791 0.889051 0.455987 -0.000000 0.000000 0.000000 0.000000 1.000000
0.995818 0.001163 -0.091350 0.000000 -0.081745 0.457806 -0.885286 9.533400 0.040791 0.889052 0.455986 -0.000000 0.000000 0.000000 0.000000 1.000000
0.995818 0.001163 -0.091350 0.000000 -0.081745 0.457806 -0.885286 9.533400 0.040791 0.889051 0.455987 -0.000000 0.000000 0.000000 0.000000 1.000000
0.995818 0.001164 -0.091350 -0.000000 -0.081746 0.457806 -0.885286 9.533400 0.040790 0.889052 0.455986 -0.000000 0.000000 0.000000 0.000000 1.000000
0.995818 0.001163 -0.091350 0.000000 -0.081745 0.457806 -0.885286 9.533400 0.040791 0.889051 0.455987 -0.000000 0.000000 0.000000 0.000000 1.000000
0.995818 0.001163 -0.091350 0.000000 -0.081745 0.457806 -0.885286 9.533400 0.040791 0.889051 0.455986 0.000000 0.000000 0.000000 0.000000 1.000000
0.995818 0.001163 -0.091350 0.000000 -0.081745 0.457805 -0.885286 9.533400 0.040791 0.889052 0.455986 0.000000 0.000000 0.000000 0.000000 1.000000
0.995818 0.001163 -0.091350 0.000000 -0.081745 0.457806 -0.885286 9.533400 0.040791 0.889051 0.455986 -0.000000 0.000000 0.000000 0.000000 1.000000
0.995818 0.001163 -0.091350 0.000000 -0.081745 0.457805 -0.885286 9.533400 0.040791 0.889052 0.455986 0.000000 0.000000 0.000000 0.000000 1.000000
0.995818 0.001163 -0.091350 -0.000000 -0.081746 0.457806 -0.885286 9.533400 0.040791 0.889051 0.455987 0.000000 0.000000 0.000000 0.000000 1.000000
0.995818 0.001163 -0.091350 0.000000 -0.081746 0.457805 -0.885286 9.533400 0.040791 0.889052 0.455986 0.000000 0.000000 0.000000 0.000000 1.000000
0.995818 0.001163 -0.091351 0.000000 -0.081746 0.457806 -0.885286 9.533400 0.040791 0.889051 0.455987 0.000000 0.000000 0.000000 0.000000 1.000000
0.995818 0.001163 -0.091350 0.000000 -0.081746 0.457806 -0.885286 9.533400 0.040791 0.889052 0.455986 -0.000000 0.000000 0.000000 0.000000 1.000000
0.995818 0.001164 -0.091350 0.000000 -0.081746 0.457806 -0.885286 9.533400 0.040790 0.889051 0.455987 0.000000 0.000000 0.000000 0.000000 1.000000
0.995818 0.001163 -0.091350 0.000000 -0.081745 0.457806 -0.885286 9.533400 0.040791 0.889051 0.455986 0.000000 0.000000 0.000000 0.000000 1.000000
0.995818 0.001163 -0.091351 -0.000000 -0.081746 0.457806 -0.885286 9.533400 0.040791 0.889051 0.455987 0.000000 0.000000 0.000000 0.000000 1.000000
0.995818 0.001163 -0.091350 -0.000000 -0.081746 0.457806 -0.885286 9.533400 0.040791 0.889052 0.455986 0.000000 0.000000 0.000000 0.000000 1.000000
0.995818 0.001164 -0.091350 0.000000 -0.081746 0.457806 -0.885286 9.533400 0.040791 0.889051 0.455987 -0.000000 0.000000 0.000000 0.000000 1.000000
0.995818 0.001164 -0.091350 -0.000000 -0.081746 0.457806 -0.885286 9.533400 0.040791 0.889051 0.455987 0.000000 0.000000 0.000000 0.000000 1.000000
0.995818 0.001163 -0.091351 0.000000 -0.081746 0.457806 -0.885286 9.533400 0.040791 0.889051 0.455986 -0.000000 0.000000 0.000000 0.000000 1.000000
0.995818 0.001163 -0.091350 0.000000 -0.081746 0.457805 -0.885286 9.533400 0.040791 0.889052 0.455986 0.000000 0.000000 0.000000 0.000000 1.000000
0.995818 0.001163 -0.091350 -0.000000 -0.081745 0.457805 -0.885287 9.533400 0.040791 0.889052 0.455986 -0.000000 0.000000 0.000000 0.000000 1.000000
0.995818 0.001163 -0.091350 0.000000 -0.081745 0.457805 -0.885286 9.533400 0.040791 0.889052 0.455986 0.000000 0.000000 0.000000 0.000000 1.000000
0.995818 0.001163 -0.091351 0.000000 -0.081746 0.457806 -0.885286 9.533400 0.040791 0.889052 0.455986 -0.000000 0.000000 0.000000 0.000000 1.000000
0.995818 0.001163 -0.091350 0.000000 -0.081745 0.457806 -0.885286 9.533400 0.040791 0.889051 0.455986 0.000000 0.000000 0.000000 0.000000 1.000000
0.995818 0.001163 -0.091350 -0.000000 -0.081745 0.457806 -0.885286 9.533400 0.040791 0.889052 0.455986 0.000000 0.000000 0.000000 0.000000 1.000000
0.995818 0.001163 -0.091350 0.000000 -0.081745 0.457806 -0.885286 9.533400 0.040791 0.889051 0.455986 0.000000 0.000000 0.000000 0.000000 1.000000
0.995818 0.001163 -0.091350 0.000000 -0.081745 0.457806 -0.885286 9.533400 0.040791 0.889051 0.455987 0.000000 0.000000 0.000000 0.000000 1.000000
0.995818 0.001163 -0.091350 0.000000 -0.081745 0.457806 -0.885286 9.533400 0.040791 0.889052 0.455986 0.000000 0.000000 0.000000 0.000000 1.000000
0.995818 0.001163 -0.091350 0.000000 -0.081745 0.457806 -0.885286 9.533400 0.040791 0.889051 0.455987 0.000000 0.000000 0.000000 0.000000 1.000000
0.995818 0.001164 -0.091350 0.000000 -0.081745 0.457806 -0.885286 9.533400 0.040790 0.889051 0.455987 0.000000 0.000000 0.000000 0.000000 1.000000
0.995818 0.001163 -0.091350 -0.000000 -0.081746 0.457806 -0.885286 9.533400 0.040791 0.889052 0.455986 0.000000 0.000000 0.000000 0.000000 1.000000
0.995818 0.001164 -0.091351 0.000000 -0.081746 0.457806 -0.885286 9.533400 0.040791 0.889051 0.455986 0.000000 0.000000 0.000000 0.000000 1.000000
0.995818 0.001163 -0.091350 0.000000 -0.081745 0.457806 -0.885286 9.533400 0.040791 0.889051 0.455987 0.000000 0.000000 0.000000 0.000000 1.000000
0.995818 0.001163 -0.091350 0.000000 -0.081745 0.457806 -0.885286 9.533400 0.040791 0.889051 0.455987 -0.000000 0.000000 0.000000 0.000000 1.000000
0.995818 0.001163 -0.091351 -0.000000 -0.081746 0.457806 -0.885286 9.533400 0.040791 0.889051 0.455987 0.000000 0.000000 0.000000 0.000000 1.000000
0.995818 0.001163 -0.091350 0.000000 -0.081746 0.457806 -0.885286 9.533400 0.040791 0.889051 0.455987 -0.000000 0.000000 0.000000 0.000000 1.000000
0.995818 0.001164 -0.091350 0.000000 -0.081745 0.457807 -0.885286 9.533400 0.040790 0.889051 0.455987 0.000000 0.000000 0.000000 0.000000 1.000000
0.995818 0.001163 -0.091351 0.000000 -0.081746 0.457805 -0.885286 9.533400 0.040791 0.889052 0.455986 -0.000000 0.000000 0.000000 0.000000 1.000000
0.995818 0.001163 -0.091350 0.000000 -0.081745 0.457806 -0.885286 9.533400 0.040791 0.889052 0.455986 0.000000 0.000000 0.000000 0.000000 1.000000
0.995818 0.001163 -0.091350 0.000000 -0.081745 0.457806 -0.885286 9.533400 0.040791 0.889051 0.455987 -0.000000 0.000000 0.000000 0.000000 1.000000</float_array>
        <technique_common>
          <accessor source="#mixamorig_LeftHandMiddle1-Matrix-animation-output-transform-array" count="96" stride="16">
            <param type="float4x4"/>
          </accessor>
        </technique_common>
      </source>
      <source id="mixamorig_LeftHandMiddle1-Interpolations">
        <Name_array id="mixamorig_LeftHandMiddle1-Interpolations-array" count="96">
 LINEAR LINEAR LINEAR LINEAR LINEAR LINEAR LINEAR LINEAR LINEAR LINEAR LINEAR
LINEAR LINEAR LINEAR LINEAR LINEAR LINEAR LINEAR LINEAR LINEAR LINEAR LINEAR LINEAR
LINEAR LINEAR LINEAR LINEAR LINEAR LINEAR LINEAR LINEAR LINEAR LINEAR LINEAR LINEAR
LINEAR LINEAR LINEAR LINEAR LINEAR LINEAR LINEAR LINEAR LINEAR LINEAR LINEAR LINEAR
LINEAR LINEAR LINEAR LINEAR LINEAR LINEAR LINEAR LINEAR LINEAR LINEAR LINEAR LINEAR
LINEAR LINEAR LINEAR LINEAR LINEAR LINEAR LINEAR LINEAR LINEAR LINEAR LINEAR LINEAR
LINEAR LINEAR LINEAR LINEAR LINEAR LINEAR LINEAR LINEAR LINEAR LINEAR LINEAR LINEAR
LINEAR LINEAR LINEAR LINEAR LINEAR LINEAR LINEAR LINEAR LINEAR LINEAR LINEAR LINEAR
LINEAR</Name_array>
        <technique_common>
          <accessor source="#mixamorig_LeftHandMiddle1-Interpolations-array" count="96">
            <param type="name"/>
          </accessor>
        </technique_common>
      </source>
      <sampler id="mixamorig_LeftHandMiddle1-Matrix-animation-transform">
        <input semantic="INPUT" source="#mixamorig_LeftHandMiddle1-Matrix-animation-input"/>
        <input semantic="OUTPUT" source="#mixamorig_LeftHandMiddle1-Matrix-animation-output-transform"/>
        <input semantic="INTERPOLATION" source="#mixamorig_LeftHandMiddle1-Interpolations"/>
      </sampler>
      <channel source="#mixamorig_LeftHandMiddle1-Matrix-animation-transform" target="mixamorig_LeftHandMiddle1/matrix"/>
    </animation>
    <animation id="mixamorig_LeftHandMiddle2-anim" name="mixamorig_LeftHandMiddle2">
      <source id="mixamorig_LeftHandMiddle2-Matrix-animation-input">
        <float_array id="mixamorig_LeftHandMiddle2-Matrix-animation-input-array" count="96">

0.000000 0.033333 0.066667 0.100000 0.133333 0.166667 0.200000 0.233333 0.266667 0.300000 0.333333 0.366667 0.400000 0.433333 0.466667 0.500000
0.533333 0.566667 0.600000 0.633333 0.666667 0.700000 0.733333 0.766667 0.800000 0.833333 0.866667 0.900000 0.933333 0.966667 1.000000 1.033333
1.066667 1.100000 1.133333 1.166667 1.200000 1.233333 1.266667 1.300000 1.333333 1.366667 1.400000 1.433333 1.466667 1.500000 1.533333 1.566667
1.600000 1.633333 1.666667 1.700000 1.733333 1.766667 1.800000 1.833333 1.866667 1.900000 1.933333 1.966667 2.000000 2.033333 2.066667 2.100000
2.133333 2.166667 2.200000 2.233333 2.266667 2.300000 2.333333 2.366667 2.400000 2.433333 2.466667 2.500000 2.533333 2.566667 2.600000 2.633333
2.666667 2.700000 2.733333 2.766667 2.800000 2.833333 2.866667 2.900000 2.933333 2.966667 3.000000 3.033333 3.066667 3.100000 3.133333 3.166667</float_array>
        <technique_common>
          <accessor source="#mixamorig_LeftHandMiddle2-Matrix-animation-input-array" count="96">
            <param name="TIME" type="float"/>
          </accessor>
        </technique_common>
      </source>
      <source id="mixamorig_LeftHandMiddle2-Matrix-animation-output-transform">
        <float_array id="mixamorig_LeftHandMiddle2-Matrix-animation-output-transform-array" count="1536">

0.973642 0.160731 -0.161823 0.000000 -0.171880 0.050677 -0.983814 3.700000 -0.149929 0.985696 0.076968 0.000000 0.000000 0.000000 0.000000 1.000000
0.973642 0.160730 -0.161823 0.000000 -0.171880 0.050677 -0.983814 3.700000 -0.149928 0.985697 0.076968 0.000000 0.000000 0.000000 0.000000 1.000000
0.973642 0.160731 -0.161824 0.000000 -0.171880 0.050676 -0.983814 3.700000 -0.149929 0.985696 0.076967 -0.000000 0.000000 0.000000 0.000000 1.000000
0.973642 0.160731 -0.161824 0.000000 -0.171880 0.050677 -0.983813 3.700000 -0.149929 0.985696 0.076968 0.000000 0.000000 0.000000 0.000000 1.000000
0.973642 0.160731 -0.161824 0.000000 -0.171880 0.050677 -0.983814 3.700000 -0.149929 0.985696 0.076967 0.000000 0.000000 0.000000 0.000000 1.000000
0.973642 0.160731 -0.161824 0.000000 -0.171880 0.050676 -0.983814 3.700000 -0.149929 0.985696 0.076967 0.000000 0.000000 0.000000 0.000000 1.000000
0.973642 0.160731 -0.161824 0.000000 -0.171880 0.050677 -0.983814 3.700000 -0.149929 0.985696 0.076968 0.000000 0.000000 0.000000 0.000000 1.000000
0.973642 0.160731 -0.161824 0.000000 -0.171880 0.050677 -0.983814 3.700000 -0.149929 0.985696 0.076967 0.000000 0.000000 0.000000 0.000000 1.000000
0.973642 0.160731 -0.161824 0.000000 -0.171880 0.050676 -0.983814 3.700000 -0.149929 0.985696 0.076967 0.000000 0.000000 0.000000 0.000000 1.000000
0.973642 0.160731 -0.161824 0.000000 -0.171880 0.050676 -0.983814 3.700000 -0.149929 0.985696 0.076967 0.000000 0.000000 0.000000 0.000000 1.000000
0.973642 0.160731 -0.161824 0.000000 -0.171880 0.050676 -0.983814 3.700000 -0.149929 0.985696 0.076967 0.000000 0.000000 0.000000 0.000000 1.000000
0.973642 0.160731 -0.161824 -0.000000 -0.171880 0.050677 -0.983814 3.700000 -0.149929 0.985696 0.076967 -0.000000 0.000000 0.000000 0.000000 1.000000
0.973642 0.160731 -0.161823 0.000000 -0.171880 0.050677 -0.983814 3.700000 -0.149929 0.985696 0.076967 -0.000000 0.000000 0.000000 0.000000 1.000000
0.973642 0.160730 -0.161824 -0.000000 -0.171880 0.050676 -0.983814 3.700000 -0.149928 0.985697 0.076967 0.000000 0.000000 0.000000 0.000000 1.000000
0.973642 0.160731 -0.161824 0.000000 -0.171880 0.050677 -0.983814 3.700000 -0.149928 0.985696 0.076967 0.000000 0.000000 0.000000 0.000000 1.000000
0.973642 0.160731 -0.161824 0.000000 -0.171881 0.050676 -0.983813 3.700000 -0.149929 0.985696 0.076967 0.000000 0.000000 0.000000 0.000000 1.000000
0.973642 0.160731 -0.161824 0.000000 -0.171880 0.050676 -0.983814 3.700000 -0.149929 0.985696 0.076967 -0.000000 0.000000 0.000000 0.000000 1.000000
0.973642 0.160731 -0.161824 0.000000 -0.171880 0.050676 -0.983814 3.700000 -0.149929 0.985696 0.076967 0.000000 0.000000 0.000000 0.000000 1.000000
0.973642 0.160731 -0.161823 0.000000 -0.171880 0.050677 -0.983814 3.700000 -0.149929 0.985696 0.076967 0.000000 0.000000 0.000000 0.000000 1.000000
0.973642 0.160731 -0.161823 0.000000 -0.171880 0.050677 -0.983814 3.700000 -0.149928 0.985696 0.076967 0.000000 0.000000 0.000000 0.000000 1.000000
0.973642 0.160731 -0.161824 0.000000 -0.171880 0.050676 -0.983814 3.700000 -0.149929 0.985696 0.076967 0.000000 0.000000 0.000000 0.000000 1.000000
0.973642 0.160731 -0.161824 0.000000 -0.171881 0.050676 -0.983814 3.700000 -0.149929 0.985696 0.076967 -0.000000 0.000000 0.000000 0.000000 1.000000
0.973642 0.160731 -0.161824 0.000000 -0.171880 0.050676 -0.983814 3.700000 -0.149929 0.985696 0.076967 -0.000000 0.000000 0.000000 0.000000 1.000000
0.973642 0.160731 -0.161824 0.000000 -0.171880 0.050677 -0.983813 3.700000 -0.149928 0.985696 0.076968 0.000000 0.000000 0.000000 0.000000 1.000000
0.973642 0.160731 -0.161824 0.000000 -0.171880 0.050676 -0.983814 3.700000 -0.149929 0.985696 0.076967 0.000000 0.000000 0.000000 0.000000 1.000000
0.973642 0.160731 -0.161824 0.000000 -0.171880 0.050676 -0.983814 3.700000 -0.149929 0.985696 0.076967 0.000000 0.000000 0.000000 0.000000 1.000000
0.973642 0.160731 -0.161824 -0.000000 -0.171880 0.050676 -0.983814 3.700000 -0.149929 0.985696 0.076967 0.000000 0.000000 0.000000 0.000000 1.000000
0.973642 0.160731 -0.161824 -0.000000 -0.171880 0.050677 -0.983814 3.700000 -0.149929 0.985696 0.076967 0.000000 0.000000 0.000000 0.000000 1.000000
0.973642 0.160731 -0.161824 0.000000 -0.171881 0.050676 -0.983813 3.700000 -0.149929 0.985696 0.076967 -0.000000 0.000000 0.000000 0.000000 1.000000
0.973642 0.160731 -0.161824 0.000000 -0.171881 0.050676 -0.983814 3.700000 -0.149929 0.985696 0.076967 -0.000000 0.000000 0.000000 0.000000 1.000000
0.973642 0.160731 -0.161824 0.000000 -0.171880 0.050677 -0.983814 3.700000 -0.149928 0.985696 0.076968 -0.000000 0.000000 0.000000 0.000000 1.000000
0.973642 0.160731 -0.161824 0.000000 -0.171881 0.050677 -0.983813 3.700000 -0.149928 0.985696 0.076967 0.000000 0.000000 0.000000 0.000000 1.000000
0.973642 0.160731 -0.161824 0.000000 -0.171880 0.050677 -0.983814 3.700000 -0.149929 0.985696 0.076967 0.000000 0.000000 0.000000 0.000000 1.000000
0.973642 0.160731 -0.161824 0.000000 -0.171881 0.050676 -0.983813 3.700000 -0.149929 0.985696 0.076967 -0.000000 0.000000 0.000000 0.000000 1.000000
0.973642 0.160731 -0.161824 0.000000 -0.171880 0.050677 -0.983814 3.700000 -0.149929 0.985696 0.076967 -0.000000 0.000000 0.000000 0.000000 1.000000
0.973642 0.160731 -0.161824 0.000000 -0.171880 0.050677 -0.983814 3.700000 -0.149929 0.985696 0.076968 0.000000 0.000000 0.000000 0.000000 1.000000
0.973642 0.160731 -0.161824 0.000000 -0.171880 0.050676 -0.983814 3.700000 -0.149929 0.985696 0.076967 -0.000000 0.000000 0.000000 0.000000 1.000000
0.973642 0.160731 -0.161824 0.000000 -0.171880 0.050676 -0.983814 3.700000 -0.149929 0.985696 0.076967 0.000000 0.000000 0.000000 0.000000 1.000000
0.973642 0.160732 -0.161824 0.000000 -0.171880 0.050676 -0.983814 3.700000 -0.149929 0.985696 0.076967 -0.000000 0.000000 0.000000 0.000000 1.000000
0.973642 0.160731 -0.161823 0.000000 -0.171880 0.050676 -0.983814 3.700000 -0.149929 0.985696 0.076967 0.000000 0.000000 0.000000 0.000000 1.000000
0.973642 0.160730 -0.161824 0.000000 -0.171881 0.050676 -0.983813 3.700000 -0.149928 0.985697 0.076967 0.000000 0.000000 0.000000 0.000000 1.000000
0.973642 0.160731 -0.161824 -0.000000 -0.171880 0.050676 -0.983814 3.700000 -0.149929 0.985696 0.076966 -0.000000 0.000000 0.000000 0.000000 1.000000
0.973642 0.160731 -0.161823 0.000000 -0.171879 0.050676 -0.983814 3.700000 -0.149929 0.985696 0.076967 0.000000 0.000000 0.000000 0.000000 1.000000
0.973642 0.160732 -0.161823 0.000000 -0.171880 0.050676 -0.983814 3.700000 -0.149929 0.985696 0.076967 0.000000 0.000000 0.000000 0.000000 1.000000
0.973642 0.160731 -0.161824 0.000000 -0.171880 0.050676 -0.983814 3.700000 -0.149928 0.985697 0.076967 0.000000 0.000000 0.000000 0.000000 1.000000
0.973642 0.160731 -0.161823 0.000000 -0.171880 0.050676 -0.983814 3.700000 -0.149929 0.985696 0.076967 0.000000 0.000000 0.000000 0.000000 1.000000
0.973642 0.160731 -0.161824 0.000000 -0.171880 0.050676 -0.983814 3.700000 -0.149929 0.985696 0.076967 0.000000 0.000000 0.000000 0.000000 1.000000
0.973642 0.160731 -0.161824 0.000000 -0.171880 0.050676 -0.983814 3.700000 -0.149929 0.985696 0.076967 0.000000 0.000000 0.000000 0.000000 1.000000
0.973642 0.160731 -0.161824 0.000000 -0.171880 0.050676 -0.983814 3.700000 -0.149928 0.985696 0.076967 -0.000000 0.000000 0.000000 0.000000 1.000000
0.973642 0.160731 -0.161824 0.000000 -0.171880 0.050677 -0.983813 3.700000 -0.149929 0.985696 0.076968 0.000000 0.000000 0.000000 0.000000 1.000000
0.973642 0.160731 -0.161823 -0.000000 -0.171880 0.050676 -0.983814 3.700000 -0.149928 0.985696 0.076967 0.000000 0.000000 0.000000 0.000000 1.000000
0.973642 0.160731 -0.161824 0.000000 -0.171880 0.050676 -0.983814 3.700000 -0.149929 0.985696 0.076967 -0.000000 0.000000 0.000000 0.000000 1.000000
0.973642 0.160731 -0.161823 0.000000 -0.171880 0.050677 -0.983814 3.700000 -0.149928 0.985696 0.076968 -0.000000 0.000000 0.000000 0.000000 1.000000
0.973642 0.160731 -0.161824 -0.000000 -0.171880 0.050677 -0.983814 3.700000 -0.149929 0.985696 0.076967 0.000000 0.000000 0.000000 0.000000 1.000000
0.973642 0.160731 -0.161824 0.000000 -0.171880 0.050677 -0.983814 3.700000 -0.149929 0.985696 0.076968 0.000000 0.000000 0.000000 0.000000 1.000000
0.973642 0.160732 -0.161824 0.000000 -0.171881 0.050677 -0.983813 3.700000 -0.149929 0.985696 0.076968 -0.000000 0.000000 0.000000 0.000000 1.000000
0.973642 0.160731 -0.161824 -0.000000 -0.171880 0.050677 -0.983814 3.700000 -0.149929 0.985696 0.076968 0.000000 0.000000 0.000000 0.000000 1.000000
0.973642 0.160731 -0.161824 0.000000 -0.171880 0.050676 -0.983814 3.700000 -0.149929 0.985696 0.076967 0.000000 0.000000 0.000000 0.000000 1.000000
0.973642 0.160731 -0.161823 0.000000 -0.171880 0.050678 -0.983814 3.700000 -0.149928 0.985696 0.076968 -0.000000 0.000000 0.000000 0.000000 1.000000
0.973642 0.160731 -0.161824 -0.000000 -0.171880 0.050676 -0.983814 3.700000 -0.149929 0.985696 0.076967 0.000000 0.000000 0.000000 0.000000 1.000000
0.973642 0.160731 -0.161824 0.000000 -0.171880 0.050677 -0.983814 3.700000 -0.149929 0.985696 0.076967 -0.000000 0.000000 0.000000 0.000000 1.000000
0.973642 0.160731 -0.161824 0.000000 -0.171880 0.050677 -0.983813 3.700000 -0.149929 0.985696 0.076967 0.000000 0.000000 0.000000 0.000000 1.000000
0.973642 0.160731 -0.161824 -0.000000 -0.171880 0.050676 -0.983814 3.700000 -0.149929 0.985696 0.076967 -0.000000 0.000000 0.000000 0.000000 1.000000
0.973642 0.160731 -0.161824 -0.000000 -0.171880 0.050676 -0.983814 3.700000 -0.149928 0.985696 0.076967 0.000000 0.000000 0.000000 0.000000 1.000000
0.973642 0.160731 -0.161824 0.000000 -0.171880 0.050676 -0.983814 3.700000 -0.149929 0.985696 0.076967 0.000000 0.000000 0.000000 0.000000 1.000000
0.973642 0.160731 -0.161824 -0.000000 -0.171880 0.050677 -0.983814 3.700000 -0.149929 0.985696 0.076967 0.000000 0.000000 0.000000 0.000000 1.000000
0.973642 0.160731 -0.161824 0.000000 -0.171880 0.050676 -0.983814 3.700000 -0.149929 0.985696 0.076967 -0.000000 0.000000 0.000000 0.000000 1.000000
0.973642 0.160731 -0.161824 0.000000 -0.171880 0.050676 -0.983814 3.700000 -0.149929 0.985696 0.076967 0.000000 0.000000 0.000000 0.000000 1.000000
0.973642 0.160731 -0.161824 0.000000 -0.171880 0.050676 -0.983814 3.700000 -0.149928 0.985696 0.076967 0.000000 0.000000 0.000000 0.000000 1.000000
0.973642 0.160731 -0.161824 0.000000 -0.171881 0.050676 -0.983814 3.700000 -0.149928 0.985697 0.076967 0.000000 0.000000 0.000000 0.000000 1.000000
0.973642 0.160731 -0.161824 0.000000 -0.171881 0.050676 -0.983813 3.700000 -0.149929 0.985696 0.076967 0.000000 0.000000 0.000000 0.000000 1.000000
0.973642 0.160731 -0.161824 0.000000 -0.171880 0.050676 -0.983814 3.700000 -0.149929 0.985696 0.076967 -0.000000 0.000000 0.000000 0.000000 1.000000
0.973642 0.160731 -0.161824 0.000000 -0.171880 0.050676 -0.983814 3.700000 -0.149929 0.985696 0.076967 0.000000 0.000000 0.000000 0.000000 1.000000
0.973642 0.160731 -0.161824 0.000000 -0.171880 0.050677 -0.983813 3.700000 -0.149929 0.985696 0.076968 0.000000 0.000000 0.000000 0.000000 1.000000
0.973642 0.160731 -0.161824 0.000000 -0.171880 0.050676 -0.983814 3.700000 -0.149929 0.985696 0.076967 0.000000 0.000000 0.000000 0.000000 1.000000
0.973642 0.160731 -0.161824 0.000000 -0.171881 0.050677 -0.983813 3.700000 -0.149928 0.985696 0.076968 -0.000000 0.000000 0.000000 0.000000 1.000000
0.973642 0.160731 -0.161824 0.000000 -0.171880 0.050676 -0.983814 3.700000 -0.149928 0.985696 0.076967 0.000000 0.000000 0.000000 0.000000 1.000000
0.973642 0.160731 -0.161824 0.000000 -0.171881 0.050676 -0.983813 3.700000 -0.149929 0.985696 0.076967 0.000000 0.000000 0.000000 0.000000 1.000000
0.973642 0.160731 -0.161824 0.000000 -0.171880 0.050676 -0.983814 3.700000 -0.149929 0.985696 0.076967 0.000000 0.000000 0.000000 0.000000 1.000000
0.973642 0.160731 -0.161824 0.000000 -0.171880 0.050676 -0.983814 3.700000 -0.149929 0.985696 0.076967 0.000000 0.000000 0.000000 0.000000 1.000000
0.973642 0.160731 -0.161824 0.000000 -0.171881 0.050676 -0.983813 3.700000 -0.149929 0.985696 0.076967 0.000000 0.000000 0.000000 0.000000 1.000000
0.973642 0.160731 -0.161824 0.000000 -0.171881 0.050676 -0.983813 3.700000 -0.149928 0.985696 0.076967 -0.000000 0.000000 0.000000 0.000000 1.000000
0.973642 0.160731 -0.161824 0.000000 -0.171880 0.050676 -0.983814 3.700000 -0.149929 0.985696 0.076967 0.000000 0.000000 0.000000 0.000000 1.000000
0.973642 0.160731 -0.161824 0.000000 -0.171880 0.050676 -0.983814 3.700000 -0.149929 0.985696 0.076967 0.000000 0.000000 0.000000 0.000000 1.000000
0.973642 0.160731 -0.161824 0.000000 -0.171880 0.050676 -0.983814 3.700000 -0.149929 0.985696 0.076967 0.000000 0.000000 0.000000 0.000000 1.000000
0.973642 0.160731 -0.161824 0.000000 -0.171880 0.050677 -0.983814 3.700000 -0.149929 0.985696 0.076967 0.000000 0.000000 0.000000 0.000000 1.000000
0.973642 0.160731 -0.161824 0.000000 -0.171880 0.050676 -0.983814 3.700000 -0.149929 0.985696 0.076967 -0.000000 0.000000 0.000000 0.000000 1.000000
0.973642 0.160731 -0.161824 0.000000 -0.171880 0.050675 -0.983814 3.700000 -0.149929 0.985696 0.076966 0.000000 0.000000 0.000000 0.000000 1.000000
0.973642 0.160731 -0.161824 -0.000000 -0.171880 0.050676 -0.983814 3.700000 -0.149928 0.985696 0.076967 -0.000000 0.000000 0.000000 0.000000 1.000000
0.973642 0.160731 -0.161824 -0.000000 -0.171880 0.050676 -0.983814 3.700000 -0.149928 0.985696 0.076967 0.000000 0.000000 0.000000 0.000000 1.000000
0.973642 0.160732 -0.161824 0.000000 -0.171880 0.050676 -0.983814 3.700000 -0.149929 0.985696 0.076967 0.000000 0.000000 0.000000 0.000000 1.000000
0.973642 0.160731 -0.161824 0.000000 -0.171880 0.050675 -0.983814 3.700000 -0.149929 0.985697 0.076966 -0.000000 0.000000 0.000000 0.000000 1.000000
0.973642 0.160731 -0.161824 0.000000 -0.171880 0.050676 -0.983814 3.700000 -0.149928 0.985697 0.076967 -0.000000 0.000000 0.000000 0.000000 1.000000
0.973642 0.160731 -0.161824 0.000000 -0.171880 0.050676 -0.983814 3.700000 -0.149928 0.985696 0.076967 0.000000 0.000000 0.000000 0.000000 1.000000
0.973642 0.160731 -0.161824 0.000000 -0.171880 0.050676 -0.983814 3.700000 -0.149928 0.985697 0.076967 -0.000000 0.000000 0.000000 0.000000 1.000000
0.973642 0.160731 -0.161825 0.000000 -0.171881 0.050675 -0.983814 3.700000 -0.149928 0.985697 0.076966 0.000000 0.000000 0.000000 0.000000 1.000000</float_array>
        <technique_common>
          <accessor source="#mixamorig_LeftHandMiddle2-Matrix-animation-output-transform-array" count="96" stride="16">
            <param type="float4x4"/>
          </accessor>
        </technique_common>
      </source>
      <source id="mixamorig_LeftHandMiddle2-Interpolations">
        <Name_array id="mixamorig_LeftHandMiddle2-Interpolations-array" count="96">
 LINEAR LINEAR LINEAR LINEAR LINEAR LINEAR LINEAR LINEAR LINEAR LINEAR LINEAR
LINEAR LINEAR LINEAR LINEAR LINEAR LINEAR LINEAR LINEAR LINEAR LINEAR LINEAR LINEAR
LINEAR LINEAR LINEAR LINEAR LINEAR LINEAR LINEAR LINEAR LINEAR LINEAR LINEAR LINEAR
LINEAR LINEAR LINEAR LINEAR LINEAR LINEAR LINEAR LINEAR LINEAR LINEAR LINEAR LINEAR
LINEAR LINEAR LINEAR LINEAR LINEAR LINEAR LINEAR LINEAR LINEAR LINEAR LINEAR LINEAR
LINEAR LINEAR LINEAR LINEAR LINEAR LINEAR LINEAR LINEAR LINEAR LINEAR LINEAR LINEAR
LINEAR LINEAR LINEAR LINEAR LINEAR LINEAR LINEAR LINEAR LINEAR LINEAR LINEAR LINEAR
LINEAR LINEAR LINEAR LINEAR LINEAR LINEAR LINEAR LINEAR LINEAR LINEAR LINEAR LINEAR
LINEAR</Name_array>
        <technique_common>
          <accessor source="#mixamorig_LeftHandMiddle2-Interpolations-array" count="96">
            <param type="name"/>
          </accessor>
        </technique_common>
      </source>
      <sampler id="mixamorig_LeftHandMiddle2-Matrix-animation-transform">
        <input semantic="INPUT" source="#mixamorig_LeftHandMiddle2-Matrix-animation-input"/>
        <input semantic="OUTPUT" source="#mixamorig_LeftHandMiddle2-Matrix-animation-output-transform"/>
        <input semantic="INTERPOLATION" source="#mixamorig_LeftHandMiddle2-Interpolations"/>
      </sampler>
      <channel source="#mixamorig_LeftHandMiddle2-Matrix-animation-transform" target="mixamorig_LeftHandMiddle2/matrix"/>
    </animation>
    <animation id="mixamorig_LeftHandMiddle3-anim" name="mixamorig_LeftHandMiddle3">
      <source id="mixamorig_LeftHandMiddle3-Matrix-animation-input">
        <float_array id="mixamorig_LeftHandMiddle3-Matrix-animation-input-array" count="96">

0.000000 0.033333 0.066667 0.100000 0.133333 0.166667 0.200000 0.233333 0.266667 0.300000 0.333333 0.366667 0.400000 0.433333 0.466667 0.500000
0.533333 0.566667 0.600000 0.633333 0.666667 0.700000 0.733333 0.766667 0.800000 0.833333 0.866667 0.900000 0.933333 0.966667 1.000000 1.033333
1.066667 1.100000 1.133333 1.166667 1.200000 1.233333 1.266667 1.300000 1.333333 1.366667 1.400000 1.433333 1.466667 1.500000 1.533333 1.566667
1.600000 1.633333 1.666667 1.700000 1.733333 1.766667 1.800000 1.833333 1.866667 1.900000 1.933333 1.966667 2.000000 2.033333 2.066667 2.100000
2.133333 2.166667 2.200000 2.233333 2.266667 2.300000 2.333333 2.366667 2.400000 2.433333 2.466667 2.500000 2.533333 2.566667 2.600000 2.633333
2.666667 2.700000 2.733333 2.766667 2.800000 2.833333 2.866667 2.900000 2.933333 2.966667 3.000000 3.033333 3.066667 3.100000 3.133333 3.166667</float_array>
        <technique_common>
          <accessor source="#mixamorig_LeftHandMiddle3-Matrix-animation-input-array" count="96">
            <param name="TIME" type="float"/>
          </accessor>
        </technique_common>
      </source>
      <source id="mixamorig_LeftHandMiddle3-Matrix-animation-output-transform">
        <float_array id="mixamorig_LeftHandMiddle3-Matrix-animation-output-transform-array" count="1536">

0.995697 0.089331 -0.024629 0.000000 -0.085927 0.790595 -0.606281 2.950000 -0.034689 0.605789 0.794869 0.000000 0.000000 0.000000 0.000000 1.000000
0.995697 0.089331 -0.024629 0.000000 -0.085927 0.790595 -0.606281 2.950000 -0.034689 0.605789 0.794869 -0.000000 0.000000 0.000000 0.000000 1.000000
0.995697 0.089332 -0.024629 0.000000 -0.085927 0.790594 -0.606281 2.950000 -0.034689 0.605789 0.794869 0.000000 0.000000 0.000000 0.000000 1.000000
0.995697 0.089332 -0.024628 0.000000 -0.085927 0.790594 -0.606282 2.950000 -0.034689 0.605789 0.794868 0.000000 0.000000 0.000000 0.000000 1.000000
0.995697 0.089331 -0.024628 0.000000 -0.085926 0.790595 -0.606281 2.950000 -0.034689 0.605788 0.794869 0.000000 0.000000 0.000000 0.000000 1.000000
0.995697 0.089332 -0.024628 -0.000000 -0.085926 0.790595 -0.606281 2.950000 -0.034689 0.605789 0.794869 0.000000 0.000000 0.000000 0.000000 1.000000
0.995697 0.089332 -0.024628 -0.000000 -0.085926 0.790594 -0.606282 2.950000 -0.034689 0.605789 0.794869 0.000000 0.000000 0.000000 0.000000 1.000000
0.995697 0.089332 -0.024629 -0.000000 -0.085927 0.790594 -0.606281 2.950000 -0.034689 0.605789 0.794869 0.000000 0.000000 0.000000 0.000000 1.000000
0.995697 0.089331 -0.024628 0.000000 -0.085926 0.790595 -0.606281 2.950000 -0.034689 0.605789 0.794869 0.000000 0.000000 0.000000 0.000000 1.000000
0.995697 0.089332 -0.024628 0.000000 -0.085927 0.790594 -0.606281 2.950000 -0.034689 0.605789 0.794869 -0.000000 0.000000 0.000000 0.000000 1.000000
0.995697 0.089331 -0.024628 0.000000 -0.085926 0.790594 -0.606281 2.950000 -0.034689 0.605789 0.794869 0.000000 0.000000 0.000000 0.000000 1.000000
0.995697 0.089332 -0.024628 0.000000 -0.085927 0.790594 -0.606281 2.950000 -0.034689 0.605789 0.794869 0.000000 0.000000 0.000000 0.000000 1.000000
0.995697 0.089332 -0.024628 0.000000 -0.085927 0.790594 -0.606282 2.950000 -0.034690 0.605790 0.794868 -0.000000 0.000000 0.000000 0.000000 1.000000
0.995697 0.089331 -0.024628 0.000000 -0.085926 0.790594 -0.606282 2.950000 -0.034689 0.605789 0.794869 -0.000000 0.000000 0.000000 0.000000 1.000000
0.995697 0.089332 -0.024628 0.000000 -0.085926 0.790595 -0.606281 2.950000 -0.034689 0.605789 0.794869 0.000000 0.000000 0.000000 0.000000 1.000000
0.995697 0.089331 -0.024628 0.000000 -0.085926 0.790594 -0.606282 2.950000 -0.034689 0.605789 0.794869 0.000000 0.000000 0.000000 0.000000 1.000000
0.995697 0.089331 -0.024629 0.000000 -0.085927 0.790595 -0.606281 2.950000 -0.034689 0.605789 0.794869 0.000000 0.000000 0.000000 0.000000 1.000000
0.995697 0.089332 -0.024628 0.000000 -0.085926 0.790595 -0.606281 2.950000 -0.034689 0.605789 0.794869 0.000000 0.000000 0.000000 0.000000 1.000000
0.995697 0.089332 -0.024628 0.000000 -0.085926 0.790594 -0.606282 2.950000 -0.034689 0.605790 0.794868 -0.000000 0.000000 0.000000 0.000000 1.000000
0.995697 0.089331 -0.024629 0.000000 -0.085927 0.790594 -0.606281 2.950000 -0.034688 0.605789 0.794869 0.000000 0.000000 0.000000 0.000000 1.000000
0.995697 0.089331 -0.024628 0.000000 -0.085926 0.790595 -0.606281 2.950000 -0.034689 0.605788 0.794869 0.000000 0.000000 0.000000 0.000000 1.000000
0.995697 0.089332 -0.024629 0.000000 -0.085927 0.790594 -0.606281 2.950000 -0.034689 0.605789 0.794869 0.000000 0.000000 0.000000 0.000000 1.000000
0.995697 0.089332 -0.024628 0.000000 -0.085926 0.790594 -0.606282 2.950000 -0.034689 0.605789 0.794869 0.000000 0.000000 0.000000 0.000000 1.000000
0.995697 0.089332 -0.024628 -0.000000 -0.085927 0.790594 -0.606281 2.950000 -0.034689 0.605789 0.794869 0.000000 0.000000 0.000000 0.000000 1.000000
0.995697 0.089332 -0.024628 0.000000 -0.085926 0.790595 -0.606281 2.950000 -0.034689 0.605789 0.794869 0.000000 0.000000 0.000000 0.000000 1.000000
0.995697 0.089332 -0.024628 0.000000 -0.085927 0.790594 -0.606281 2.950000 -0.034690 0.605789 0.794869 0.000000 0.000000 0.000000 0.000000 1.000000
0.995697 0.089332 -0.024628 0.000000 -0.085927 0.790595 -0.606281 2.950000 -0.034689 0.605789 0.794869 -0.000000 0.000000 0.000000 0.000000 1.000000
0.995697 0.089332 -0.024629 0.000000 -0.085927 0.790594 -0.606281 2.950000 -0.034689 0.605789 0.794869 -0.000000 0.000000 0.000000 0.000000 1.000000
0.995697 0.089332 -0.024628 0.000000 -0.085927 0.790594 -0.606281 2.950000 -0.034690 0.605789 0.794869 0.000000 0.000000 0.000000 0.000000 1.000000
0.995697 0.089332 -0.024628 -0.000000 -0.085926 0.790594 -0.606281 2.950000 -0.034689 0.605789 0.794869 0.000000 0.000000 0.000000 0.000000 1.000000
0.995697 0.089332 -0.024628 0.000000 -0.085927 0.790594 -0.606281 2.950000 -0.034689 0.605789 0.794869 0.000000 0.000000 0.000000 0.000000 1.000000
0.995697 0.089332 -0.024629 -0.000000 -0.085927 0.790594 -0.606281 2.950000 -0.034689 0.605789 0.794869 0.000000 0.000000 0.000000 0.000000 1.000000
0.995697 0.089331 -0.024628 -0.000000 -0.085926 0.790594 -0.606282 2.950000 -0.034689 0.605789 0.794869 0.000000 0.000000 0.000000 0.000000 1.000000
0.995697 0.089332 -0.024628 0.000000 -0.085926 0.790594 -0.606282 2.950000 -0.034689 0.605789 0.794869 0.000000 0.000000 0.000000 0.000000 1.000000
0.995697 0.089332 -0.024629 0.000000 -0.085927 0.790594 -0.606282 2.950000 -0.034689 0.605790 0.794868 -0.000000 0.000000 0.000000 0.000000 1.000000
0.995697 0.089331 -0.024628 0.000000 -0.085926 0.790594 -0.606281 2.950000 -0.034689 0.605789 0.794869 0.000000 0.000000 0.000000 0.000000 1.000000
0.995697 0.089332 -0.024628 -0.000000 -0.085927 0.790594 -0.606282 2.950000 -0.034689 0.605789 0.794869 0.000000 0.000000 0.000000 0.000000 1.000000
0.995697 0.089332 -0.024628 0.000000 -0.085927 0.790594 -0.606281 2.950000 -0.034690 0.605789 0.794869 -0.000000 0.000000 0.000000 0.000000 1.000000
0.995697 0.089332 -0.024629 0.000000 -0.085927 0.790594 -0.606281 2.950000 -0.034689 0.605789 0.794869 -0.000000 0.000000 0.000000 0.000000 1.000000
0.995697 0.089332 -0.024628 0.000000 -0.085927 0.790594 -0.606282 2.950000 -0.034689 0.605789 0.794869 0.000000 0.000000 0.000000 0.000000 1.000000
0.995697 0.089332 -0.024628 0.000000 -0.085927 0.790594 -0.606281 2.950000 -0.034690 0.605789 0.794869 -0.000000 0.000000 0.000000 0.000000 1.000000
0.995697 0.089331 -0.024628 0.000000 -0.085926 0.790595 -0.606281 2.950000 -0.034689 0.605789 0.794869 0.000000 0.000000 0.000000 0.000000 1.000000
0.995697 0.089332 -0.024628 0.000000 -0.085926 0.790594 -0.606281 2.950000 -0.034689 0.605789 0.794869 0.000000 0.000000 0.000000 0.000000 1.000000
0.995697 0.089331 -0.024628 0.000000 -0.085926 0.790594 -0.606282 2.950000 -0.034689 0.605789 0.794869 0.000000 0.000000 0.000000 0.000000 1.000000
0.995697 0.089332 -0.024628 0.000000 -0.085927 0.790594 -0.606281 2.950000 -0.034689 0.605789 0.794869 -0.000000 0.000000 0.000000 0.000000 1.000000
0.995697 0.089332 -0.024629 0.000000 -0.085927 0.790594 -0.606281 2.950000 -0.034689 0.605789 0.794869 -0.000000 0.000000 0.000000 0.000000 1.000000
0.995697 0.089332 -0.024628 0.000000 -0.085927 0.790595 -0.606281 2.950000 -0.034689 0.605789 0.794869 0.000000 0.000000 0.000000 0.000000 1.000000
0.995697 0.089332 -0.024628 0.000000 -0.085927 0.790594 -0.606282 2.950000 -0.034689 0.605790 0.794868 0.000000 0.000000 0.000000 0.000000 1.000000
0.995697 0.089332 -0.024629 0.000000 -0.085927 0.790594 -0.606282 2.950000 -0.034689 0.605789 0.794869 -0.000000 0.000000 0.000000 0.000000 1.000000
0.995697 0.089332 -0.024628 0.000000 -0.085926 0.790594 -0.606282 2.950000 -0.034690 0.605789 0.794868 0.000000 0.000000 0.000000 0.000000 1.000000
0.995697 0.089332 -0.024629 0.000000 -0.085927 0.790594 -0.606282 2.950000 -0.034689 0.605789 0.794869 0.000000 0.000000 0.000000 0.000000 1.000000
0.995697 0.089332 -0.024628 0.000000 -0.085926 0.790595 -0.606281 2.950000 -0.034689 0.605789 0.794869 0.000000 0.000000 0.000000 0.000000 1.000000
0.995697 0.089332 -0.024628 0.000000 -0.085926 0.790594 -0.606282 2.950000 -0.034689 0.605789 0.794869 0.000000 0.000000 0.000000 0.000000 1.000000
0.995697 0.089331 -0.024628 0.000000 -0.085926 0.790595 -0.606281 2.950000 -0.034689 0.605789 0.794869 -0.000000 0.000000 0.000000 0.000000 1.000000
0.995697 0.089331 -0.024628 0.000000 -0.085926 0.790594 -0.606281 2.950000 -0.034689 0.605789 0.794869 0.000000 0.000000 0.000000 0.000000 1.000000
0.995697 0.089332 -0.024627 0.000000 -0.085926 0.790595 -0.606281 2.950000 -0.034690 0.605789 0.794869 0.000000 0.000000 0.000000 0.000000 1.000000
0.995697 0.089331 -0.024629 0.000000 -0.085927 0.790594 -0.606282 2.950000 -0.034689 0.605789 0.794869 0.000000 0.000000 0.000000 0.000000 1.000000
0.995697 0.089332 -0.024628 0.000000 -0.085927 0.790594 -0.606281 2.950000 -0.034689 0.605789 0.794869 0.000000 0.000000 0.000000 0.000000 1.000000
0.995697 0.089331 -0.024628 0.000000 -0.085926 0.790594 -0.606282 2.950000 -0.034689 0.605790 0.794868 -0.000000 0.000000 0.000000 0.000000 1.000000
0.995697 0.089332 -0.024628 0.000000 -0.085926 0.790594 -0.606282 2.950000 -0.034689 0.605789 0.794869 0.000000 0.000000 0.000000 0.000000 1.000000
0.995697 0.089331 -0.024628 0.000000 -0.085926 0.790594 -0.606281 2.950000 -0.034689 0.605789 0.794869 0.000000 0.000000 0.000000 0.000000 1.000000
0.995697 0.089332 -0.024628 -0.000000 -0.085926 0.790594 -0.606281 2.950000 -0.034689 0.605789 0.794869 -0.000000 0.000000 0.000000 0.000000 1.000000
0.995697 0.089331 -0.024628 -0.000000 -0.085926 0.790595 -0.606281 2.950000 -0.034689 0.605789 0.794869 0.000000 0.000000 0.000000 0.000000 1.000000
0.995697 0.089332 -0.024628 0.000000 -0.085926 0.790594 -0.606281 2.950000 -0.034690 0.605789 0.794869 0.000000 0.000000 0.000000 0.000000 1.000000
0.995697 0.089331 -0.024628 0.000000 -0.085926 0.790595 -0.606281 2.950000 -0.034689 0.605789 0.794869 0.000000 0.000000 0.000000 0.000000 1.000000
0.995697 0.089332 -0.024628 -0.000000 -0.085927 0.790594 -0.606282 2.950000 -0.034689 0.605789 0.794869 -0.000000 0.000000 0.000000 0.000000 1.000000
0.995697 0.089332 -0.024628 0.000000 -0.085926 0.790594 -0.606281 2.950000 -0.034689 0.605789 0.794869 0.000000 0.000000 0.000000 0.000000 1.000000
0.995697 0.089332 -0.024628 -0.000000 -0.085926 0.790594 -0.606282 2.950000 -0.034689 0.605789 0.794869 -0.000000 0.000000 0.000000 0.000000 1.000000
0.995697 0.089332 -0.024628 0.000000 -0.085927 0.790595 -0.606281 2.950000 -0.034689 0.605789 0.794869 0.000000 0.000000 0.000000 0.000000 1.000000
0.995697 0.089332 -0.024628 0.000000 -0.085927 0.790594 -0.606281 2.950000 -0.034690 0.605789 0.794869 0.000000 0.000000 0.000000 0.000000 1.000000
0.995697 0.089332 -0.024628 0.000000 -0.085926 0.790594 -0.606282 2.950000 -0.034690 0.605789 0.794869 0.000000 0.000000 0.000000 0.000000 1.000000
0.995697 0.089332 -0.024628 -0.000000 -0.085926 0.790594 -0.606281 2.950000 -0.034689 0.605789 0.794869 0.000000 0.000000 0.000000 0.000000 1.000000
0.995697 0.089332 -0.024628 -0.000000 -0.085926 0.790594 -0.606281 2.950000 -0.034689 0.605789 0.794869 0.000000 0.000000 0.000000 0.000000 1.000000
0.995697 0.089332 -0.024628 0.000000 -0.085926 0.790594 -0.606281 2.950000 -0.034689 0.605789 0.794869 -0.000000 0.000000 0.000000 0.000000 1.000000
0.995697 0.089332 -0.024628 0.000000 -0.085927 0.790594 -0.606282 2.950000 -0.034689 0.605789 0.794869 -0.000000 0.000000 0.000000 0.000000 1.000000
0.995697 0.089332 -0.024628 -0.000000 -0.085926 0.790595 -0.606281 2.950000 -0.034690 0.605789 0.794869 0.000000 0.000000 0.000000 0.000000 1.000000
0.995697 0.089332 -0.024628 0.000000 -0.085927 0.790594 -0.606282 2.950000 -0.034689 0.605789 0.794868 0.000000 0.000000 0.000000 0.000000 1.000000
0.995697 0.089332 -0.024628 0.000000 -0.085926 0.790594 -0.606281 2.950000 -0.034689 0.605789 0.794869 0.000000 0.000000 0.000000 0.000000 1.000000
0.995697 0.089332 -0.024628 0.000000 -0.085926 0.790594 -0.606281 2.950000 -0.034690 0.605789 0.794869 0.000000 0.000000 0.000000 0.000000 1.000000
0.995697 0.089332 -0.024628 0.000000 -0.085927 0.790594 -0.606282 2.950000 -0.034690 0.605789 0.794868 0.000000 0.000000 0.000000 0.000000 1.000000
0.995697 0.089332 -0.024628 -0.000000 -0.085927 0.790595 -0.606281 2.950000 -0.034689 0.605789 0.794869 0.000000 0.000000 0.000000 0.000000 1.000000
0.995697 0.089332 -0.024628 0.000000 -0.085927 0.790594 -0.606281 2.950000 -0.034690 0.605789 0.794869 0.000000 0.000000 0.000000 0.000000 1.000000
0.995697 0.089332 -0.024628 0.000000 -0.085927 0.790594 -0.606281 2.950000 -0.034689 0.605789 0.794869 -0.000000 0.000000 0.000000 0.000000 1.000000
0.995697 0.089332 -0.024629 -0.000000 -0.085927 0.790594 -0.606282 2.950000 -0.034689 0.605789 0.794869 0.000000 0.000000 0.000000 0.000000 1.000000
0.995697 0.089332 -0.024628 0.000000 -0.085926 0.790594 -0.606282 2.950000 -0.034690 0.605789 0.794868 0.000000 0.000000 0.000000 0.000000 1.000000
0.995697 0.089332 -0.024628 0.000000 -0.085927 0.790594 -0.606282 2.950000 -0.034689 0.605789 0.794869 0.000000 0.000000 0.000000 0.000000 1.000000
0.995697 0.089332 -0.024628 0.000000 -0.085927 0.790594 -0.606282 2.950000 -0.034689 0.605789 0.794869 0.000000 0.000000 0.000000 0.000000 1.000000
0.995697 0.089331 -0.024628 0.000000 -0.085926 0.790594 -0.606281 2.950000 -0.034689 0.605789 0.794869 0.000000 0.000000 0.000000 0.000000 1.000000
0.995697 0.089332 -0.024628 0.000000 -0.085927 0.790594 -0.606281 2.950000 -0.034689 0.605789 0.794869 -0.000000 0.000000 0.000000 0.000000 1.000000
0.995697 0.089332 -0.024628 0.000000 -0.085927 0.790594 -0.606281 2.950000 -0.034689 0.605789 0.794869 0.000000 0.000000 0.000000 0.000000 1.000000
0.995697 0.089331 -0.024628 0.000000 -0.085926 0.790595 -0.606281 2.950000 -0.034689 0.605788 0.794869 -0.000000 0.000000 0.000000 0.000000 1.000000
0.995697 0.089332 -0.024629 -0.000000 -0.085927 0.790594 -0.606282 2.950000 -0.034689 0.605789 0.794868 0.000000 0.000000 0.000000 0.000000 1.000000
0.995697 0.089332 -0.024629 0.000000 -0.085927 0.790594 -0.606281 2.950000 -0.034689 0.605789 0.794869 0.000000 0.000000 0.000000 0.000000 1.000000
0.995697 0.089332 -0.024628 0.000000 -0.085926 0.790594 -0.606281 2.950000 -0.034689 0.605789 0.794869 -0.000000 0.000000 0.000000 0.000000 1.000000
0.995697 0.089332 -0.024628 0.000000 -0.085926 0.790594 -0.606282 2.950000 -0.034689 0.605789 0.794869 0.000000 0.000000 0.000000 0.000000 1.000000
0.995697 0.089332 -0.024628 0.000000 -0.085927 0.790595 -0.606281 2.950000 -0.034689 0.605789 0.794869 0.000000 0.000000 0.000000 0.000000 1.000000</float_array>
        <technique_common>
          <accessor source="#mixamorig_LeftHandMiddle3-Matrix-animation-output-transform-array" count="96" stride="16">
            <param type="float4x4"/>
          </accessor>
        </technique_common>
      </source>
      <source id="mixamorig_LeftHandMiddle3-Interpolations">
        <Name_array id="mixamorig_LeftHandMiddle3-Interpolations-array" count="96">
 LINEAR LINEAR LINEAR LINEAR LINEAR LINEAR LINEAR LINEAR LINEAR LINEAR LINEAR
LINEAR LINEAR LINEAR LINEAR LINEAR LINEAR LINEAR LINEAR LINEAR LINEAR LINEAR LINEAR
LINEAR LINEAR LINEAR LINEAR LINEAR LINEAR LINEAR LINEAR LINEAR LINEAR LINEAR LINEAR
LINEAR LINEAR LINEAR LINEAR LINEAR LINEAR LINEAR LINEAR LINEAR LINEAR LINEAR LINEAR
LINEAR LINEAR LINEAR LINEAR LINEAR LINEAR LINEAR LINEAR LINEAR LINEAR LINEAR LINEAR
LINEAR LINEAR LINEAR LINEAR LINEAR LINEAR LINEAR LINEAR LINEAR LINEAR LINEAR LINEAR
LINEAR LINEAR LINEAR LINEAR LINEAR LINEAR LINEAR LINEAR LINEAR LINEAR LINEAR LINEAR
LINEAR LINEAR LINEAR LINEAR LINEAR LINEAR LINEAR LINEAR LINEAR LINEAR LINEAR LINEAR
LINEAR</Name_array>
        <technique_common>
          <accessor source="#mixamorig_LeftHandMiddle3-Interpolations-array" count="96">
            <param type="name"/>
          </accessor>
        </technique_common>
      </source>
      <sampler id="mixamorig_LeftHandMiddle3-Matrix-animation-transform">
        <input semantic="INPUT" source="#mixamorig_LeftHandMiddle3-Matrix-animation-input"/>
        <input semantic="OUTPUT" source="#mixamorig_LeftHandMiddle3-Matrix-animation-output-transform"/>
        <input semantic="INTERPOLATION" source="#mixamorig_LeftHandMiddle3-Interpolations"/>
      </sampler>
      <channel source="#mixamorig_LeftHandMiddle3-Matrix-animation-transform" target="mixamorig_LeftHandMiddle3/matrix"/>
    </animation>
    <animation id="mixamorig_LeftHandRing1-anim" name="mixamorig_LeftHandRing1">
      <source id="mixamorig_LeftHandRing1-Matrix-animation-input">
        <float_array id="mixamorig_LeftHandRing1-Matrix-animation-input-array" count="96">

0.000000 0.033333 0.066667 0.100000 0.133333 0.166667 0.200000 0.233333 0.266667 0.300000 0.333333 0.366667 0.400000 0.433333 0.466667 0.500000
0.533333 0.566667 0.600000 0.633333 0.666667 0.700000 0.733333 0.766667 0.800000 0.833333 0.866667 0.900000 0.933333 0.966667 1.000000 1.033333
1.066667 1.100000 1.133333 1.166667 1.200000 1.233333 1.266667 1.300000 1.333333 1.366667 1.400000 1.433333 1.466667 1.500000 1.533333 1.566667
1.600000 1.633333 1.666667 1.700000 1.733333 1.766667 1.800000 1.833333 1.866667 1.900000 1.933333 1.966667 2.000000 2.033333 2.066667 2.100000
2.133333 2.166667 2.200000 2.233333 2.266667 2.300000 2.333333 2.366667 2.400000 2.433333 2.466667 2.500000 2.533333 2.566667 2.600000 2.633333
2.666667 2.700000 2.733333 2.766667 2.800000 2.833333 2.866667 2.900000 2.933333 2.966667 3.000000 3.033333 3.066667 3.100000 3.133333 3.166667</float_array>
        <technique_common>
          <accessor source="#mixamorig_LeftHandRing1-Matrix-animation-input-array" count="96">
            <param name="TIME" type="float"/>
          </accessor>
        </technique_common>
      </source>
      <source id="mixamorig_LeftHandRing1-Matrix-animation-output-transform">
        <float_array id="mixamorig_LeftHandRing1-Matrix-animation-output-transform-array" count="1536">

0.972431 -0.053020 -0.227082 1.865100 -0.174434 0.480887 -0.859256 9.104500 0.154759 0.875178 0.458381 0.043000 0.000000 0.000000 0.000000 1.000000
0.972431 -0.053020 -0.227083 1.865100 -0.174434 0.480886 -0.859256 9.104500 0.154759 0.875178 0.458380 0.043000 0.000000 0.000000 0.000000 1.000000
0.972431 -0.053020 -0.227083 1.865100 -0.174434 0.480888 -0.859255 9.104500 0.154759 0.875178 0.458382 0.043000 0.000000 0.000000 0.000000 1.000000
0.972431 -0.053021 -0.227082 1.865100 -0.174434 0.480887 -0.859256 9.104500 0.154759 0.875178 0.458381 0.043000 0.000000 0.000000 0.000000 1.000000
0.972431 -0.053020 -0.227082 1.865100 -0.174434 0.480887 -0.859256 9.104500 0.154759 0.875178 0.458381 0.043000 0.000000 0.000000 0.000000 1.000000
0.972431 -0.053020 -0.227083 1.865100 -0.174434 0.480887 -0.859256 9.104500 0.154759 0.875178 0.458381 0.043000 0.000000 0.000000 0.000000 1.000000
0.972431 -0.053020 -0.227082 1.865100 -0.174434 0.480887 -0.859256 9.104500 0.154758 0.875178 0.458381 0.043000 0.000000 0.000000 0.000000 1.000000
0.972431 -0.053021 -0.227083 1.865100 -0.174434 0.480887 -0.859256 9.104500 0.154759 0.875178 0.458381 0.043000 0.000000 0.000000 0.000000 1.000000
0.972431 -0.053021 -0.227083 1.865100 -0.174434 0.480887 -0.859256 9.104500 0.154759 0.875178 0.458381 0.043000 0.000000 0.000000 0.000000 1.000000
0.972431 -0.053020 -0.227083 1.865100 -0.174435 0.480886 -0.859256 9.104500 0.154759 0.875178 0.458380 0.043000 0.000000 0.000000 0.000000 1.000000
0.972431 -0.053020 -0.227083 1.865100 -0.174434 0.480887 -0.859256 9.104500 0.154759 0.875178 0.458381 0.043000 0.000000 0.000000 0.000000 1.000000
0.972431 -0.053020 -0.227082 1.865100 -0.174434 0.480887 -0.859256 9.104500 0.154759 0.875178 0.458381 0.043000 0.000000 0.000000 0.000000 1.000000
0.972431 -0.053021 -0.227083 1.865100 -0.174435 0.480886 -0.859256 9.104500 0.154759 0.875178 0.458380 0.043000 0.000000 0.000000 0.000000 1.000000
0.972431 -0.053020 -0.227083 1.865100 -0.174434 0.480887 -0.859256 9.104500 0.154759 0.875178 0.458381 0.043000 0.000000 0.000000 0.000000 1.000000
0.972431 -0.053020 -0.227082 1.865100 -0.174434 0.480887 -0.859256 9.104500 0.154759 0.875178 0.458381 0.043000 0.000000 0.000000 0.000000 1.000000
0.972431 -0.053021 -0.227082 1.865100 -0.174434 0.480887 -0.859256 9.104500 0.154759 0.875178 0.458381 0.043000 0.000000 0.000000 0.000000 1.000000
0.972431 -0.053020 -0.227082 1.865100 -0.174434 0.480887 -0.859256 9.104500 0.154759 0.875178 0.458381 0.043000 0.000000 0.000000 0.000000 1.000000
0.972431 -0.053021 -0.227082 1.865100 -0.174434 0.480887 -0.859256 9.104500 0.154759 0.875178 0.458381 0.043000 0.000000 0.000000 0.000000 1.000000
0.972431 -0.053020 -0.227082 1.865100 -0.174434 0.480887 -0.859256 9.104500 0.154759 0.875178 0.458381 0.043000 0.000000 0.000000 0.000000 1.000000
0.972431 -0.053021 -0.227082 1.865100 -0.174434 0.480887 -0.859256 9.104500 0.154759 0.875178 0.458381 0.043000 0.000000 0.000000 0.000000 1.000000
0.972431 -0.053020 -0.227082 1.865100 -0.174433 0.480887 -0.859256 9.104500 0.154759 0.875178 0.458381 0.043000 0.000000 0.000000 0.000000 1.000000
0.972431 -0.053021 -0.227083 1.865100 -0.174434 0.480887 -0.859256 9.104500 0.154759 0.875178 0.458381 0.043000 0.000000 0.000000 0.000000 1.000000
0.972431 -0.053020 -0.227082 1.865100 -0.174434 0.480887 -0.859256 9.104500 0.154759 0.875178 0.458381 0.043000 0.000000 0.000000 0.000000 1.000000
0.972431 -0.053020 -0.227082 1.865100 -0.174434 0.480887 -0.859256 9.104500 0.154759 0.875178 0.458381 0.043000 0.000000 0.000000 0.000000 1.000000
0.972431 -0.053021 -0.227082 1.865100 -0.174434 0.480887 -0.859256 9.104500 0.154759 0.875178 0.458381 0.043000 0.000000 0.000000 0.000000 1.000000
0.972431 -0.053021 -0.227082 1.865100 -0.174434 0.480887 -0.859256 9.104500 0.154759 0.875178 0.458381 0.043000 0.000000 0.000000 0.000000 1.000000
0.972431 -0.053020 -0.227083 1.865100 -0.174434 0.480887 -0.859256 9.104500 0.154759 0.875178 0.458381 0.043000 0.000000 0.000000 0.000000 1.000000
0.972431 -0.053020 -0.227083 1.865100 -0.174434 0.480887 -0.859256 9.104500 0.154759 0.875178 0.458381 0.043000 0.000000 0.000000 0.000000 1.000000
0.972431 -0.053020 -0.227082 1.865100 -0.174434 0.480887 -0.859256 9.104500 0.154759 0.875178 0.458381 0.043000 0.000000 0.000000 0.000000 1.000000
0.972431 -0.053020 -0.227083 1.865100 -0.174434 0.480888 -0.859255 9.104500 0.154759 0.875178 0.458382 0.043000 0.000000 0.000000 0.000000 1.000000
0.972431 -0.053021 -0.227083 1.865100 -0.174434 0.480887 -0.859256 9.104500 0.154760 0.875178 0.458381 0.043000 0.000000 0.000000 0.000000 1.000000
0.972431 -0.053020 -0.227083 1.865100 -0.174434 0.480887 -0.859255 9.104500 0.154759 0.875178 0.458381 0.043000 0.000000 0.000000 0.000000 1.000000
0.972431 -0.053021 -0.227082 1.865100 -0.174434 0.480887 -0.859256 9.104500 0.154759 0.875178 0.458381 0.043000 0.000000 0.000000 0.000000 1.000000
0.972431 -0.053021 -0.227082 1.865100 -0.174434 0.480887 -0.859256 9.104500 0.154759 0.875178 0.458381 0.043000 0.000000 0.000000 0.000000 1.000000
0.972431 -0.053020 -0.227082 1.865100 -0.174434 0.480887 -0.859256 9.104500 0.154759 0.875178 0.458381 0.043000 0.000000 0.000000 0.000000 1.000000
0.972431 -0.053020 -0.227082 1.865100 -0.174434 0.480887 -0.859256 9.104500 0.154759 0.875178 0.458381 0.043000 0.000000 0.000000 0.000000 1.000000
0.972431 -0.053020 -0.227082 1.865100 -0.174434 0.480888 -0.859255 9.104500 0.154759 0.875178 0.458382 0.043000 0.000000 0.000000 0.000000 1.000000
0.972431 -0.053020 -0.227083 1.865100 -0.174434 0.480887 -0.859256 9.104500 0.154759 0.875178 0.458381 0.043000 0.000000 0.000000 0.000000 1.000000
0.972431 -0.053021 -0.227082 1.865100 -0.174434 0.480887 -0.859256 9.104500 0.154759 0.875178 0.458381 0.043000 0.000000 0.000000 0.000000 1.000000
0.972431 -0.053020 -0.227082 1.865100 -0.174434 0.480887 -0.859256 9.104500 0.154759 0.875178 0.458381 0.043000 0.000000 0.000000 0.000000 1.000000
0.972431 -0.053020 -0.227082 1.865100 -0.174434 0.480887 -0.859256 9.104500 0.154759 0.875178 0.458381 0.043000 0.000000 0.000000 0.000000 1.000000
0.972431 -0.053021 -0.227082 1.865100 -0.174434 0.480887 -0.859256 9.104500 0.154759 0.875178 0.458381 0.043000 0.000000 0.000000 0.000000 1.000000
0.972431 -0.053020 -0.227083 1.865100 -0.174434 0.480887 -0.859256 9.104500 0.154759 0.875178 0.458381 0.043000 0.000000 0.000000 0.000000 1.000000
0.972431 -0.053020 -0.227082 1.865100 -0.174433 0.480887 -0.859256 9.104500 0.154759 0.875178 0.458381 0.043000 0.000000 0.000000 0.000000 1.000000
0.972431 -0.053021 -0.227082 1.865100 -0.174434 0.480887 -0.859256 9.104500 0.154760 0.875178 0.458381 0.043000 0.000000 0.000000 0.000000 1.000000
0.972431 -0.053021 -0.227082 1.865100 -0.174434 0.480887 -0.859256 9.104500 0.154759 0.875178 0.458381 0.043000 0.000000 0.000000 0.000000 1.000000
0.972431 -0.053021 -0.227083 1.865100 -0.174434 0.480887 -0.859256 9.104500 0.154760 0.875178 0.458381 0.043000 0.000000 0.000000 0.000000 1.000000
0.972431 -0.053021 -0.227083 1.865100 -0.174434 0.480886 -0.859256 9.104500 0.154759 0.875178 0.458380 0.043000 0.000000 0.000000 0.000000 1.000000
0.972431 -0.053020 -0.227083 1.865100 -0.174434 0.480887 -0.859256 9.104500 0.154759 0.875178 0.458381 0.043000 0.000000 0.000000 0.000000 1.000000
0.972431 -0.053020 -0.227083 1.865100 -0.174434 0.480888 -0.859255 9.104500 0.154759 0.875178 0.458381 0.043000 0.000000 0.000000 0.000000 1.000000
0.972431 -0.053021 -0.227083 1.865100 -0.174434 0.480888 -0.859255 9.104500 0.154760 0.875178 0.458381 0.043000 0.000000 0.000000 0.000000 1.000000
0.972431 -0.053020 -0.227083 1.865100 -0.174434 0.480887 -0.859256 9.104500 0.154759 0.875178 0.458381 0.043000 0.000000 0.000000 0.000000 1.000000
0.972431 -0.053020 -0.227082 1.865100 -0.174434 0.480887 -0.859256 9.104500 0.154759 0.875178 0.458381 0.043000 0.000000 0.000000 0.000000 1.000000
0.972431 -0.053020 -0.227082 1.865100 -0.174434 0.480887 -0.859256 9.104500 0.154759 0.875178 0.458381 0.043000 0.000000 0.000000 0.000000 1.000000
0.972431 -0.053020 -0.227082 1.865100 -0.174434 0.480887 -0.859256 9.104500 0.154759 0.875178 0.458381 0.043000 0.000000 0.000000 0.000000 1.000000
0.972431 -0.053021 -0.227083 1.865100 -0.174434 0.480887 -0.859256 9.104500 0.154759 0.875178 0.458381 0.043000 0.000000 0.000000 0.000000 1.000000
0.972431 -0.053020 -0.227082 1.865100 -0.174434 0.480887 -0.859256 9.104500 0.154759 0.875178 0.458381 0.043000 0.000000 0.000000 0.000000 1.000000
0.972431 -0.053021 -0.227082 1.865100 -0.174434 0.480887 -0.859256 9.104500 0.154759 0.875178 0.458381 0.043000 0.000000 0.000000 0.000000 1.000000
0.972431 -0.053020 -0.227083 1.865100 -0.174434 0.480887 -0.859255 9.104500 0.154759 0.875178 0.458381 0.043000 0.000000 0.000000 0.000000 1.000000
0.972431 -0.053020 -0.227082 1.865100 -0.174434 0.480887 -0.859256 9.104500 0.154759 0.875178 0.458381 0.043000 0.000000 0.000000 0.000000 1.000000
0.972431 -0.053021 -0.227082 1.865100 -0.174434 0.480887 -0.859256 9.104500 0.154759 0.875178 0.458381 0.043000 0.000000 0.000000 0.000000 1.000000
0.972431 -0.053021 -0.227083 1.865100 -0.174434 0.480888 -0.859255 9.104500 0.154760 0.875178 0.458381 0.043000 0.000000 0.000000 0.000000 1.000000
0.972431 -0.053020 -0.227083 1.865100 -0.174434 0.480887 -0.859256 9.104500 0.154759 0.875178 0.458381 0.043000 0.000000 0.000000 0.000000 1.000000
0.972431 -0.053020 -0.227082 1.865100 -0.174434 0.480887 -0.859256 9.104500 0.154759 0.875178 0.458381 0.043000 0.000000 0.000000 0.000000 1.000000
0.972431 -0.053021 -0.227082 1.865100 -0.174434 0.480887 -0.859256 9.104500 0.154759 0.875178 0.458381 0.043000 0.000000 0.000000 0.000000 1.000000
0.972431 -0.053020 -0.227082 1.865100 -0.174434 0.480887 -0.859256 9.104500 0.154759 0.875178 0.458381 0.043000 0.000000 0.000000 0.000000 1.000000
0.972431 -0.053021 -0.227082 1.865100 -0.174433 0.480887 -0.859256 9.104500 0.154759 0.875178 0.458381 0.043000 0.000000 0.000000 0.000000 1.000000
0.972431 -0.053021 -0.227083 1.865100 -0.174435 0.480886 -0.859256 9.104500 0.154759 0.875178 0.458380 0.043000 0.000000 0.000000 0.000000 1.000000
0.972431 -0.053020 -0.227083 1.865100 -0.174435 0.480887 -0.859256 9.104500 0.154759 0.875178 0.458381 0.043000 0.000000 0.000000 0.000000 1.000000
0.972431 -0.053020 -0.227082 1.865100 -0.174434 0.480887 -0.859256 9.104500 0.154759 0.875178 0.458381 0.043000 0.000000 0.000000 0.000000 1.000000
0.972431 -0.053020 -0.227083 1.865100 -0.174434 0.480887 -0.859256 9.104500 0.154759 0.875178 0.458381 0.043000 0.000000 0.000000 0.000000 1.000000
0.972431 -0.053020 -0.227083 1.865100 -0.174434 0.480887 -0.859255 9.104500 0.154759 0.875178 0.458381 0.043000 0.000000 0.000000 0.000000 1.000000
0.972431 -0.053020 -0.227082 1.865100 -0.174434 0.480886 -0.859256 9.104500 0.154759 0.875178 0.458380 0.043000 0.000000 0.000000 0.000000 1.000000
0.972431 -0.053020 -0.227083 1.865100 -0.174434 0.480887 -0.859256 9.104500 0.154759 0.875178 0.458381 0.043000 0.000000 0.000000 0.000000 1.000000
0.972431 -0.053020 -0.227083 1.865100 -0.174435 0.480887 -0.859256 9.104500 0.154759 0.875178 0.458381 0.043000 0.000000 0.000000 0.000000 1.000000
0.972431 -0.053020 -0.227083 1.865100 -0.174434 0.480887 -0.859256 9.104500 0.154759 0.875178 0.458381 0.043000 0.000000 0.000000 0.000000 1.000000
0.972431 -0.053021 -0.227083 1.865100 -0.174434 0.480887 -0.859256 9.104500 0.154759 0.875178 0.458381 0.043000 0.000000 0.000000 0.000000 1.000000
0.972431 -0.053021 -0.227082 1.865100 -0.174434 0.480886 -0.859256 9.104500 0.154759 0.875178 0.458380 0.043000 0.000000 0.000000 0.000000 1.000000
0.972431 -0.053021 -0.227083 1.865100 -0.174434 0.480888 -0.859255 9.104500 0.154759 0.875178 0.458381 0.043000 0.000000 0.000000 0.000000 1.000000
0.972431 -0.053021 -0.227082 1.865100 -0.174434 0.480888 -0.859255 9.104500 0.154759 0.875178 0.458382 0.043000 0.000000 0.000000 0.000000 1.000000
0.972431 -0.053021 -0.227082 1.865100 -0.174433 0.480887 -0.859256 9.104500 0.154759 0.875178 0.458381 0.043000 0.000000 0.000000 0.000000 1.000000
0.972431 -0.053020 -0.227082 1.865100 -0.174434 0.480887 -0.859256 9.104500 0.154759 0.875178 0.458381 0.043000 0.000000 0.000000 0.000000 1.000000
0.972431 -0.053021 -0.227082 1.865100 -0.174434 0.480887 -0.859256 9.104500 0.154760 0.875178 0.458381 0.043000 0.000000 0.000000 0.000000 1.000000
0.972431 -0.053020 -0.227082 1.865100 -0.174434 0.480887 -0.859256 9.104500 0.154759 0.875178 0.458380 0.043000 0.000000 0.000000 0.000000 1.000000
0.972431 -0.053020 -0.227083 1.865100 -0.174434 0.480887 -0.859256 9.104500 0.154759 0.875178 0.458381 0.043000 0.000000 0.000000 0.000000 1.000000
0.972431 -0.053020 -0.227082 1.865100 -0.174434 0.480887 -0.859256 9.104500 0.154759 0.875178 0.458381 0.043000 0.000000 0.000000 0.000000 1.000000
0.972431 -0.053020 -0.227082 1.865100 -0.174433 0.480887 -0.859256 9.104500 0.154759 0.875178 0.458381 0.043000 0.000000 0.000000 0.000000 1.000000
0.972431 -0.053020 -0.227083 1.865100 -0.174434 0.480887 -0.859256 9.104500 0.154759 0.875178 0.458380 0.043000 0.000000 0.000000 0.000000 1.000000
0.972431 -0.053020 -0.227082 1.865100 -0.174434 0.480887 -0.859256 9.104500 0.154759 0.875178 0.458381 0.043000 0.000000 0.000000 0.000000 1.000000
0.972431 -0.053020 -0.227083 1.865100 -0.174434 0.480887 -0.859255 9.104500 0.154759 0.875178 0.458381 0.043000 0.000000 0.000000 0.000000 1.000000
0.972431 -0.053021 -0.227083 1.865100 -0.174434 0.480887 -0.859256 9.104500 0.154759 0.875178 0.458381 0.043000 0.000000 0.000000 0.000000 1.000000
0.972431 -0.053020 -0.227082 1.865100 -0.174434 0.480888 -0.859255 9.104500 0.154759 0.875178 0.458382 0.043000 0.000000 0.000000 0.000000 1.000000
0.972431 -0.053020 -0.227082 1.865100 -0.174434 0.480888 -0.859255 9.104500 0.154759 0.875178 0.458382 0.043000 0.000000 0.000000 0.000000 1.000000
0.972431 -0.053020 -0.227083 1.865100 -0.174434 0.480887 -0.859256 9.104500 0.154759 0.875178 0.458381 0.043000 0.000000 0.000000 0.000000 1.000000
0.972431 -0.053021 -0.227082 1.865100 -0.174434 0.480887 -0.859256 9.104500 0.154759 0.875178 0.458381 0.043000 0.000000 0.000000 0.000000 1.000000
0.972431 -0.053020 -0.227083 1.865100 -0.174434 0.480887 -0.859256 9.104500 0.154759 0.875178 0.458381 0.043000 0.000000 0.000000 0.000000 1.000000</float_array>
        <technique_common>
          <accessor source="#mixamorig_LeftHandRing1-Matrix-animation-output-transform-array" count="96" stride="16">
            <param type="float4x4"/>
          </accessor>
        </technique_common>
      </source>
      <source id="mixamorig_LeftHandRing1-Interpolations">
        <Name_array id="mixamorig_LeftHandRing1-Interpolations-array" count="96">
 LINEAR LINEAR LINEAR LINEAR LINEAR LINEAR LINEAR LINEAR LINEAR LINEAR LINEAR
LINEAR LINEAR LINEAR LINEAR LINEAR LINEAR LINEAR LINEAR LINEAR LINEAR LINEAR LINEAR
LINEAR LINEAR LINEAR LINEAR LINEAR LINEAR LINEAR LINEAR LINEAR LINEAR LINEAR LINEAR
LINEAR LINEAR LINEAR LINEAR LINEAR LINEAR LINEAR LINEAR LINEAR LINEAR LINEAR LINEAR
LINEAR LINEAR LINEAR LINEAR LINEAR LINEAR LINEAR LINEAR LINEAR LINEAR LINEAR LINEAR
LINEAR LINEAR LINEAR LINEAR LINEAR LINEAR LINEAR LINEAR LINEAR LINEAR LINEAR LINEAR
LINEAR LINEAR LINEAR LINEAR LINEAR LINEAR LINEAR LINEAR LINEAR LINEAR LINEAR LINEAR
LINEAR LINEAR LINEAR LINEAR LINEAR LINEAR LINEAR LINEAR LINEAR LINEAR LINEAR LINEAR
LINEAR</Name_array>
        <technique_common>
          <accessor source="#mixamorig_LeftHandRing1-Interpolations-array" count="96">
            <param type="name"/>
          </accessor>
        </technique_common>
      </source>
      <sampler id="mixamorig_LeftHandRing1-Matrix-animation-transform">
        <input semantic="INPUT" source="#mixamorig_LeftHandRing1-Matrix-animation-input"/>
        <input semantic="OUTPUT" source="#mixamorig_LeftHandRing1-Matrix-animation-output-transform"/>
        <input semantic="INTERPOLATION" source="#mixamorig_LeftHandRing1-Interpolations"/>
      </sampler>
      <channel source="#mixamorig_LeftHandRing1-Matrix-animation-transform" target="mixamorig_LeftHandRing1/matrix"/>
    </animation>
    <animation id="mixamorig_LeftHandRing2-anim" name="mixamorig_LeftHandRing2">
      <source id="mixamorig_LeftHandRing2-Matrix-animation-input">
        <float_array id="mixamorig_LeftHandRing2-Matrix-animation-input-array" count="96">

0.000000 0.033333 0.066667 0.100000 0.133333 0.166667 0.200000 0.233333 0.266667 0.300000 0.333333 0.366667 0.400000 0.433333 0.466667 0.500000
0.533333 0.566667 0.600000 0.633333 0.666667 0.700000 0.733333 0.766667 0.800000 0.833333 0.866667 0.900000 0.933333 0.966667 1.000000 1.033333
1.066667 1.100000 1.133333 1.166667 1.200000 1.233333 1.266667 1.300000 1.333333 1.366667 1.400000 1.433333 1.466667 1.500000 1.533333 1.566667
1.600000 1.633333 1.666667 1.700000 1.733333 1.766667 1.800000 1.833333 1.866667 1.900000 1.933333 1.966667 2.000000 2.033333 2.066667 2.100000
2.133333 2.166667 2.200000 2.233333 2.266667 2.300000 2.333333 2.366667 2.400000 2.433333 2.466667 2.500000 2.533333 2.566667 2.600000 2.633333
2.666667 2.700000 2.733333 2.766667 2.800000 2.833333 2.866667 2.900000 2.933333 2.966667 3.000000 3.033333 3.066667 3.100000 3.133333 3.166667</float_array>
        <technique_common>
          <accessor source="#mixamorig_LeftHandRing2-Matrix-animation-input-array" count="96">
            <param name="TIME" type="float"/>
          </accessor>
        </technique_common>
      </source>
      <source id="mixamorig_LeftHandRing2-Matrix-animation-output-transform">
        <float_array id="mixamorig_LeftHandRing2-Matrix-animation-output-transform-array" count="1536">

0.975365 0.200450 -0.092098 0.000000 -0.165201 0.387056 -0.907136 3.150000 -0.146188 0.900004 0.410635 0.000000 0.000000 0.000000 0.000000 1.000000
0.975366 0.200450 -0.092098 0.000000 -0.165200 0.387057 -0.907136 3.150000 -0.146188 0.900004 0.410636 0.000000 0.000000 0.000000 0.000000 1.000000
0.975365 0.200450 -0.092098 0.000000 -0.165201 0.387056 -0.907136 3.150000 -0.146188 0.900004 0.410635 0.000000 0.000000 0.000000 0.000000 1.000000
0.975365 0.200450 -0.092099 0.000000 -0.165201 0.387056 -0.907136 3.150000 -0.146188 0.900004 0.410636 -0.000000 0.000000 0.000000 0.000000 1.000000
0.975365 0.200450 -0.092098 0.000000 -0.165201 0.387056 -0.907136 3.150000 -0.146188 0.900004 0.410635 0.000000 0.000000 0.000000 0.000000 1.000000
0.975365 0.200450 -0.092099 0.000000 -0.165201 0.387057 -0.907136 3.150000 -0.146188 0.900004 0.410636 0.000000 0.000000 0.000000 0.000000 1.000000
0.975365 0.200450 -0.092099 -0.000000 -0.165201 0.387056 -0.907136 3.150000 -0.146188 0.900004 0.410636 0.000000 0.000000 0.000000 0.000000 1.000000
0.975365 0.200450 -0.092098 0.000000 -0.165201 0.387056 -0.907136 3.150000 -0.146188 0.900004 0.410636 -0.000000 0.000000 0.000000 0.000000 1.000000
0.975365 0.200450 -0.092098 0.000000 -0.165201 0.387056 -0.907136 3.150000 -0.146188 0.900004 0.410636 0.000000 0.000000 0.000000 0.000000 1.000000
0.975365 0.200450 -0.092098 -0.000000 -0.165201 0.387056 -0.907136 3.150000 -0.146189 0.900004 0.410635 0.000000 0.000000 0.000000 0.000000 1.000000
0.975365 0.200450 -0.092098 0.000000 -0.165201 0.387057 -0.907136 3.150000 -0.146188 0.900004 0.410636 -0.000000 0.000000 0.000000 0.000000 1.000000
0.975366 0.200449 -0.092098 0.000000 -0.165201 0.387056 -0.907136 3.150000 -0.146188 0.900004 0.410636 0.000000 0.000000 0.000000 0.000000 1.000000
0.975366 0.200449 -0.092098 0.000000 -0.165201 0.387057 -0.907136 3.150000 -0.146187 0.900004 0.410636 0.000000 0.000000 0.000000 0.000000 1.000000
0.975365 0.200450 -0.092098 0.000000 -0.165201 0.387056 -0.907136 3.150000 -0.146188 0.900004 0.410636 0.000000 0.000000 0.000000 0.000000 1.000000
0.975365 0.200450 -0.092098 0.000000 -0.165201 0.387056 -0.907136 3.150000 -0.146188 0.900004 0.410636 -0.000000 0.000000 0.000000 0.000000 1.000000
0.975365 0.200450 -0.092098 0.000000 -0.165201 0.387057 -0.907136 3.150000 -0.146188 0.900004 0.410636 0.000000 0.000000 0.000000 0.000000 1.000000
0.975365 0.200450 -0.092098 0.000000 -0.165201 0.387056 -0.907136 3.150000 -0.146188 0.900004 0.410636 -0.000000 0.000000 0.000000 0.000000 1.000000
0.975366 0.200449 -0.092098 0.000000 -0.165200 0.387057 -0.907136 3.150000 -0.146187 0.900004 0.410636 0.000000 0.000000 0.000000 0.000000 1.000000
0.975365 0.200450 -0.092098 0.000000 -0.165200 0.387056 -0.907136 3.150000 -0.146189 0.900004 0.410636 0.000000 0.000000 0.000000 0.000000 1.000000
0.975366 0.200450 -0.092098 -0.000000 -0.165200 0.387056 -0.907136 3.150000 -0.146188 0.900004 0.410636 0.000000 0.000000 0.000000 0.000000 1.000000
0.975366 0.200449 -0.092098 0.000000 -0.165200 0.387056 -0.907136 3.150000 -0.146188 0.900004 0.410636 -0.000000 0.000000 0.000000 0.000000 1.000000
0.975365 0.200450 -0.092098 -0.000000 -0.165201 0.387056 -0.907136 3.150000 -0.146188 0.900004 0.410636 0.000000 0.000000 0.000000 0.000000 1.000000
0.975365 0.200450 -0.092098 -0.000000 -0.165201 0.387057 -0.907136 3.150000 -0.146188 0.900004 0.410636 0.000000 0.000000 0.000000 0.000000 1.000000
0.975365 0.200450 -0.092098 0.000000 -0.165201 0.387056 -0.907136 3.150000 -0.146188 0.900004 0.410636 0.000000 0.000000 0.000000 0.000000 1.000000
0.975365 0.200450 -0.092098 -0.000000 -0.165201 0.387057 -0.907136 3.150000 -0.146188 0.900004 0.410636 0.000000 0.000000 0.000000 0.000000 1.000000
0.975365 0.200450 -0.092098 0.000000 -0.165201 0.387055 -0.907137 3.150000 -0.146188 0.900004 0.410635 0.000000 0.000000 0.000000 0.000000 1.000000
0.975365 0.200450 -0.092098 0.000000 -0.165201 0.387056 -0.907136 3.150000 -0.146188 0.900004 0.410636 -0.000000 0.000000 0.000000 0.000000 1.000000
0.975366 0.200450 -0.092098 -0.000000 -0.165200 0.387057 -0.907136 3.150000 -0.146188 0.900004 0.410636 0.000000 0.000000 0.000000 0.000000 1.000000
0.975365 0.200450 -0.092098 0.000000 -0.165201 0.387057 -0.907136 3.150000 -0.146188 0.900004 0.410636 0.000000 0.000000 0.000000 0.000000 1.000000
0.975366 0.200449 -0.092098 0.000000 -0.165200 0.387056 -0.907136 3.150000 -0.146188 0.900004 0.410636 0.000000 0.000000 0.000000 0.000000 1.000000
0.975365 0.200450 -0.092098 -0.000000 -0.165201 0.387056 -0.907136 3.150000 -0.146189 0.900004 0.410636 -0.000000 0.000000 0.000000 0.000000 1.000000
0.975365 0.200450 -0.092098 -0.000000 -0.165200 0.387057 -0.907136 3.150000 -0.146188 0.900004 0.410636 -0.000000 0.000000 0.000000 0.000000 1.000000
0.975366 0.200450 -0.092098 0.000000 -0.165200 0.387057 -0.907136 3.150000 -0.146188 0.900004 0.410636 0.000000 0.000000 0.000000 0.000000 1.000000
0.975365 0.200450 -0.092098 0.000000 -0.165201 0.387056 -0.907136 3.150000 -0.146188 0.900004 0.410636 0.000000 0.000000 0.000000 0.000000 1.000000
0.975365 0.200450 -0.092098 0.000000 -0.165201 0.387056 -0.907136 3.150000 -0.146188 0.900004 0.410635 0.000000 0.000000 0.000000 0.000000 1.000000
0.975365 0.200450 -0.092099 -0.000000 -0.165201 0.387056 -0.907136 3.150000 -0.146188 0.900004 0.410636 0.000000 0.000000 0.000000 0.000000 1.000000
0.975365 0.200450 -0.092098 -0.000000 -0.165201 0.387056 -0.907136 3.150000 -0.146188 0.900004 0.410636 0.000000 0.000000 0.000000 0.000000 1.000000
0.975365 0.200450 -0.092098 -0.000000 -0.165201 0.387056 -0.907136 3.150000 -0.146188 0.900004 0.410636 0.000000 0.000000 0.000000 0.000000 1.000000
0.975365 0.200450 -0.092098 0.000000 -0.165201 0.387056 -0.907136 3.150000 -0.146188 0.900004 0.410636 0.000000 0.000000 0.000000 0.000000 1.000000
0.975365 0.200450 -0.092098 -0.000000 -0.165201 0.387056 -0.907136 3.150000 -0.146188 0.900004 0.410636 -0.000000 0.000000 0.000000 0.000000 1.000000
0.975365 0.200450 -0.092098 0.000000 -0.165201 0.387056 -0.907136 3.150000 -0.146188 0.900004 0.410636 0.000000 0.000000 0.000000 0.000000 1.000000
0.975365 0.200450 -0.092099 0.000000 -0.165201 0.387056 -0.907136 3.150000 -0.146188 0.900004 0.410636 0.000000 0.000000 0.000000 0.000000 1.000000
0.975365 0.200450 -0.092098 0.000000 -0.165200 0.387056 -0.907136 3.150000 -0.146188 0.900004 0.410636 0.000000 0.000000 0.000000 0.000000 1.000000
0.975366 0.200450 -0.092098 0.000000 -0.165201 0.387057 -0.907136 3.150000 -0.146188 0.900004 0.410636 0.000000 0.000000 0.000000 0.000000 1.000000
0.975365 0.200450 -0.092099 0.000000 -0.165201 0.387057 -0.907136 3.150000 -0.146188 0.900004 0.410637 0.000000 0.000000 0.000000 0.000000 1.000000
0.975365 0.200450 -0.092099 -0.000000 -0.165201 0.387057 -0.907136 3.150000 -0.146188 0.900004 0.410636 0.000000 0.000000 0.000000 0.000000 1.000000
0.975365 0.200450 -0.092098 -0.000000 -0.165201 0.387056 -0.907136 3.150000 -0.146189 0.900004 0.410636 -0.000000 0.000000 0.000000 0.000000 1.000000
0.975365 0.200451 -0.092098 0.000000 -0.165201 0.387057 -0.907136 3.150000 -0.146189 0.900004 0.410637 0.000000 0.000000 0.000000 0.000000 1.000000
0.975365 0.200450 -0.092098 0.000000 -0.165200 0.387057 -0.907136 3.150000 -0.146188 0.900004 0.410636 0.000000 0.000000 0.000000 0.000000 1.000000
0.975365 0.200450 -0.092098 0.000000 -0.165200 0.387056 -0.907137 3.150000 -0.146188 0.900004 0.410635 0.000000 0.000000 0.000000 0.000000 1.000000
0.975365 0.200450 -0.092099 0.000000 -0.165201 0.387056 -0.907136 3.150000 -0.146188 0.900004 0.410636 0.000000 0.000000 0.000000 0.000000 1.000000
0.975366 0.200449 -0.092098 0.000000 -0.165200 0.387057 -0.907136 3.150000 -0.146188 0.900004 0.410636 0.000000 0.000000 0.000000 0.000000 1.000000
0.975366 0.200450 -0.092098 0.000000 -0.165200 0.387056 -0.907136 3.150000 -0.146188 0.900004 0.410635 0.000000 0.000000 0.000000 0.000000 1.000000
0.975365 0.200450 -0.092098 0.000000 -0.165201 0.387056 -0.907136 3.150000 -0.146188 0.900004 0.410636 -0.000000 0.000000 0.000000 0.000000 1.000000
0.975365 0.200450 -0.092098 0.000000 -0.165201 0.387056 -0.907136 3.150000 -0.146188 0.900004 0.410636 -0.000000 0.000000 0.000000 0.000000 1.000000
0.975365 0.200450 -0.092098 -0.000000 -0.165201 0.387057 -0.907136 3.150000 -0.146188 0.900004 0.410636 0.000000 0.000000 0.000000 0.000000 1.000000
0.975365 0.200450 -0.092098 0.000000 -0.165201 0.387056 -0.907136 3.150000 -0.146188 0.900004 0.410636 0.000000 0.000000 0.000000 0.000000 1.000000
0.975366 0.200449 -0.092098 0.000000 -0.165201 0.387057 -0.907136 3.150000 -0.146187 0.900004 0.410636 0.000000 0.000000 0.000000 0.000000 1.000000
0.975366 0.200449 -0.092098 0.000000 -0.165200 0.387056 -0.907136 3.150000 -0.146188 0.900004 0.410636 0.000000 0.000000 0.000000 0.000000 1.000000
0.975366 0.200450 -0.092098 0.000000 -0.165200 0.387056 -0.907136 3.150000 -0.146188 0.900004 0.410636 0.000000 0.000000 0.000000 0.000000 1.000000
0.975365 0.200450 -0.092099 -0.000000 -0.165201 0.387057 -0.907136 3.150000 -0.146188 0.900004 0.410637 -0.000000 0.000000 0.000000 0.000000 1.000000
0.975365 0.200451 -0.092098 0.000000 -0.165201 0.387056 -0.907136 3.150000 -0.146189 0.900004 0.410636 -0.000000 0.000000 0.000000 0.000000 1.000000
0.975365 0.200450 -0.092098 0.000000 -0.165201 0.387056 -0.907136 3.150000 -0.146188 0.900004 0.410635 -0.000000 0.000000 0.000000 0.000000 1.000000
0.975366 0.200450 -0.092098 0.000000 -0.165200 0.387056 -0.907136 3.150000 -0.146188 0.900004 0.410636 0.000000 0.000000 0.000000 0.000000 1.000000
0.975365 0.200450 -0.092098 0.000000 -0.165201 0.387057 -0.907136 3.150000 -0.146188 0.900004 0.410636 0.000000 0.000000 0.000000 0.000000 1.000000
0.975366 0.200449 -0.092098 0.000000 -0.165201 0.387057 -0.907136 3.150000 -0.146188 0.900004 0.410636 0.000000 0.000000 0.000000 0.000000 1.000000
0.975366 0.200449 -0.092098 0.000000 -0.165201 0.387057 -0.907136 3.150000 -0.146188 0.900004 0.410636 0.000000 0.000000 0.000000 0.000000 1.000000
0.975365 0.200450 -0.092098 -0.000000 -0.165201 0.387056 -0.907136 3.150000 -0.146188 0.900004 0.410635 0.000000 0.000000 0.000000 0.000000 1.000000
0.975365 0.200451 -0.092098 0.000000 -0.165200 0.387056 -0.907136 3.150000 -0.146189 0.900004 0.410635 0.000000 0.000000 0.000000 0.000000 1.000000
0.975365 0.200450 -0.092098 0.000000 -0.165200 0.387057 -0.907136 3.150000 -0.146188 0.900004 0.410636 0.000000 0.000000 0.000000 0.000000 1.000000
0.975365 0.200450 -0.092098 0.000000 -0.165201 0.387056 -0.907136 3.150000 -0.146188 0.900004 0.410635 0.000000 0.000000 0.000000 0.000000 1.000000
0.975365 0.200450 -0.092098 0.000000 -0.165201 0.387057 -0.907136 3.150000 -0.146188 0.900004 0.410636 0.000000 0.000000 0.000000 0.000000 1.000000
0.975365 0.200450 -0.092099 0.000000 -0.165201 0.387056 -0.907136 3.150000 -0.146188 0.900004 0.410636 0.000000 0.000000 0.000000 0.000000 1.000000
0.975365 0.200450 -0.092098 0.000000 -0.165201 0.387056 -0.907136 3.150000 -0.146189 0.900004 0.410635 0.000000 0.000000 0.000000 0.000000 1.000000
0.975365 0.200450 -0.092098 0.000000 -0.165201 0.387056 -0.907136 3.150000 -0.146189 0.900004 0.410636 -0.000000 0.000000 0.000000 0.000000 1.000000
0.975365 0.200450 -0.092098 0.000000 -0.165201 0.387056 -0.907136 3.150000 -0.146188 0.900004 0.410636 0.000000 0.000000 0.000000 0.000000 1.000000
0.975365 0.200450 -0.092098 0.000000 -0.165200 0.387056 -0.907136 3.150000 -0.146189 0.900004 0.410635 -0.000000 0.000000 0.000000 0.000000 1.000000
0.975365 0.200450 -0.092098 0.000000 -0.165201 0.387057 -0.907136 3.150000 -0.146188 0.900004 0.410636 -0.000000 0.000000 0.000000 0.000000 1.000000
0.975365 0.200450 -0.092098 0.000000 -0.165200 0.387057 -0.907136 3.150000 -0.146188 0.900004 0.410636 -0.000000 0.000000 0.000000 0.000000 1.000000
0.975365 0.200450 -0.092098 -0.000000 -0.165201 0.387056 -0.907136 3.150000 -0.146189 0.900004 0.410636 0.000000 0.000000 0.000000 0.000000 1.000000
0.975365 0.200450 -0.092098 0.000000 -0.165201 0.387057 -0.907136 3.150000 -0.146188 0.900004 0.410636 0.000000 0.000000 0.000000 0.000000 1.000000
0.975365 0.200450 -0.092098 0.000000 -0.165200 0.387056 -0.907136 3.150000 -0.146188 0.900004 0.410636 0.000000 0.000000 0.000000 0.000000 1.000000
0.975365 0.200450 -0.092098 0.000000 -0.165201 0.387056 -0.907136 3.150000 -0.146189 0.900004 0.410636 0.000000 0.000000 0.000000 0.000000 1.000000
0.975365 0.200450 -0.092098 0.000000 -0.165201 0.387056 -0.907136 3.150000 -0.146188 0.900004 0.410636 0.000000 0.000000 0.000000 0.000000 1.000000
0.975365 0.200450 -0.092098 0.000000 -0.165201 0.387057 -0.907136 3.150000 -0.146188 0.900004 0.410636 0.000000 0.000000 0.000000 0.000000 1.000000
0.975365 0.200450 -0.092098 0.000000 -0.165201 0.387057 -0.907136 3.150000 -0.146188 0.900004 0.410636 0.000000 0.000000 0.000000 0.000000 1.000000
0.975365 0.200450 -0.092098 0.000000 -0.165201 0.387057 -0.907136 3.150000 -0.146188 0.900004 0.410636 0.000000 0.000000 0.000000 0.000000 1.000000
0.975365 0.200450 -0.092098 0.000000 -0.165200 0.387056 -0.907136 3.150000 -0.146188 0.900004 0.410635 0.000000 0.000000 0.000000 0.000000 1.000000
0.975365 0.200450 -0.092098 0.000000 -0.165200 0.387056 -0.907136 3.150000 -0.146188 0.900004 0.410636 0.000000 0.000000 0.000000 0.000000 1.000000
0.975365 0.200450 -0.092098 0.000000 -0.165200 0.387056 -0.907136 3.150000 -0.146188 0.900004 0.410636 -0.000000 0.000000 0.000000 0.000000 1.000000
0.975365 0.200450 -0.092098 0.000000 -0.165201 0.387057 -0.907136 3.150000 -0.146188 0.900004 0.410637 0.000000 0.000000 0.000000 0.000000 1.000000
0.975365 0.200450 -0.092098 0.000000 -0.165201 0.387056 -0.907136 3.150000 -0.146188 0.900004 0.410636 -0.000000 0.000000 0.000000 0.000000 1.000000
0.975365 0.200450 -0.092098 0.000000 -0.165200 0.387056 -0.907136 3.150000 -0.146188 0.900004 0.410636 0.000000 0.000000 0.000000 0.000000 1.000000
0.975365 0.200450 -0.092098 0.000000 -0.165201 0.387056 -0.907136 3.150000 -0.146189 0.900004 0.410636 0.000000 0.000000 0.000000 0.000000 1.000000
0.975366 0.200450 -0.092098 0.000000 -0.165200 0.387057 -0.907136 3.150000 -0.146188 0.900004 0.410636 0.000000 0.000000 0.000000 0.000000 1.000000
0.975365 0.200450 -0.092098 0.000000 -0.165201 0.387056 -0.907136 3.150000 -0.146188 0.900004 0.410635 -0.000000 0.000000 0.000000 0.000000 1.000000</float_array>
        <technique_common>
          <accessor source="#mixamorig_LeftHandRing2-Matrix-animation-output-transform-array" count="96" stride="16">
            <param type="float4x4"/>
          </accessor>
        </technique_common>
      </source>
      <source id="mixamorig_LeftHandRing2-Interpolations">
        <Name_array id="mixamorig_LeftHandRing2-Interpolations-array" count="96">
 LINEAR LINEAR LINEAR LINEAR LINEAR LINEAR LINEAR LINEAR LINEAR LINEAR LINEAR
LINEAR LINEAR LINEAR LINEAR LINEAR LINEAR LINEAR LINEAR LINEAR LINEAR LINEAR LINEAR
LINEAR LINEAR LINEAR LINEAR LINEAR LINEAR LINEAR LINEAR LINEAR LINEAR LINEAR LINEAR
LINEAR LINEAR LINEAR LINEAR LINEAR LINEAR LINEAR LINEAR LINEAR LINEAR LINEAR LINEAR
LINEAR LINEAR LINEAR LINEAR LINEAR LINEAR LINEAR LINEAR LINEAR LINEAR LINEAR LINEAR
LINEAR LINEAR LINEAR LINEAR LINEAR LINEAR LINEAR LINEAR LINEAR LINEAR LINEAR LINEAR
LINEAR LINEAR LINEAR LINEAR LINEAR LINEAR LINEAR LINEAR LINEAR LINEAR LINEAR LINEAR
LINEAR LINEAR LINEAR LINEAR LINEAR LINEAR LINEAR LINEAR LINEAR LINEAR LINEAR LINEAR
LINEAR</Name_array>
        <technique_common>
          <accessor source="#mixamorig_LeftHandRing2-Interpolations-array" count="96">
            <param type="name"/>
          </accessor>
        </technique_common>
      </source>
      <sampler id="mixamorig_LeftHandRing2-Matrix-animation-transform">
        <input semantic="INPUT" source="#mixamorig_LeftHandRing2-Matrix-animation-input"/>
        <input semantic="OUTPUT" source="#mixamorig_LeftHandRing2-Matrix-animation-output-transform"/>
        <input semantic="INTERPOLATION" source="#mixamorig_LeftHandRing2-Interpolations"/>
      </sampler>
      <channel source="#mixamorig_LeftHandRing2-Matrix-animation-transform" target="mixamorig_LeftHandRing2/matrix"/>
    </animation>
    <animation id="mixamorig_LeftHandRing3-anim" name="mixamorig_LeftHandRing3">
      <source id="mixamorig_LeftHandRing3-Matrix-animation-input">
        <float_array id="mixamorig_LeftHandRing3-Matrix-animation-input-array" count="96">

0.000000 0.033333 0.066667 0.100000 0.133333 0.166667 0.200000 0.233333 0.266667 0.300000 0.333333 0.366667 0.400000 0.433333 0.466667 0.500000
0.533333 0.566667 0.600000 0.633333 0.666667 0.700000 0.733333 0.766667 0.800000 0.833333 0.866667 0.900000 0.933333 0.966667 1.000000 1.033333
1.066667 1.100000 1.133333 1.166667 1.200000 1.233333 1.266667 1.300000 1.333333 1.366667 1.400000 1.433333 1.466667 1.500000 1.533333 1.566667
1.600000 1.633333 1.666667 1.700000 1.733333 1.766667 1.800000 1.833333 1.866667 1.900000 1.933333 1.966667 2.000000 2.033333 2.066667 2.100000
2.133333 2.166667 2.200000 2.233333 2.266667 2.300000 2.333333 2.366667 2.400000 2.433333 2.466667 2.500000 2.533333 2.566667 2.600000 2.633333
2.666667 2.700000 2.733333 2.766667 2.800000 2.833333 2.866667 2.900000 2.933333 2.966667 3.000000 3.033333 3.066667 3.100000 3.133333 3.166667</float_array>
        <technique_common>
          <accessor source="#mixamorig_LeftHandRing3-Matrix-animation-input-array" count="96">
            <param name="TIME" type="float"/>
          </accessor>
        </technique_common>
      </source>
      <source id="mixamorig_LeftHandRing3-Matrix-animation-output-transform">
        <float_array id="mixamorig_LeftHandRing3-Matrix-animation-output-transform-array" count="1536">

0.978637 0.165200 -0.122387 -0.000000 -0.171873 0.330701 -0.927953 2.950000 -0.112825 0.929164 0.352030 0.000000 0.000000 0.000000 0.000000 1.000000
0.978637 0.165201 -0.122387 0.000000 -0.171873 0.330702 -0.927953 2.950000 -0.112825 0.929164 0.352030 0.000000 0.000000 0.000000 0.000000 1.000000
0.978637 0.165200 -0.122388 -0.000000 -0.171874 0.330701 -0.927953 2.950000 -0.112825 0.929164 0.352030 0.000000 0.000000 0.000000 0.000000 1.000000
0.978637 0.165201 -0.122388 0.000000 -0.171874 0.330701 -0.927953 2.950000 -0.112825 0.929164 0.352030 -0.000000 0.000000 0.000000 0.000000 1.000000
0.978637 0.165201 -0.122387 0.000000 -0.171873 0.330701 -0.927953 2.950000 -0.112825 0.929164 0.352030 0.000000 0.000000 0.000000 0.000000 1.000000
0.978637 0.165201 -0.122387 0.000000 -0.171874 0.330701 -0.927953 2.950000 -0.112825 0.929164 0.352030 0.000000 0.000000 0.000000 0.000000 1.000000
0.978637 0.165201 -0.122387 0.000000 -0.171873 0.330702 -0.927953 2.950000 -0.112825 0.929164 0.352031 0.000000 0.000000 0.000000 0.000000 1.000000
0.978637 0.165201 -0.122387 0.000000 -0.171873 0.330701 -0.927953 2.950000 -0.112825 0.929164 0.352029 0.000000 0.000000 0.000000 0.000000 1.000000
0.978637 0.165201 -0.122387 0.000000 -0.171874 0.330702 -0.927953 2.950000 -0.112825 0.929164 0.352030 0.000000 0.000000 0.000000 0.000000 1.000000
0.978637 0.165201 -0.122387 0.000000 -0.171873 0.330702 -0.927952 2.950000 -0.112825 0.929164 0.352031 -0.000000 0.000000 0.000000 0.000000 1.000000
0.978637 0.165201 -0.122388 0.000000 -0.171874 0.330701 -0.927953 2.950000 -0.112825 0.929164 0.352030 0.000000 0.000000 0.000000 0.000000 1.000000
0.978637 0.165201 -0.122387 0.000000 -0.171873 0.330701 -0.927953 2.950000 -0.112825 0.929164 0.352030 0.000000 0.000000 0.000000 0.000000 1.000000
0.978637 0.165201 -0.122388 0.000000 -0.171874 0.330701 -0.927953 2.950000 -0.112825 0.929164 0.352030 0.000000 0.000000 0.000000 0.000000 1.000000
0.978637 0.165201 -0.122387 0.000000 -0.171873 0.330701 -0.927953 2.950000 -0.112825 0.929164 0.352030 0.000000 0.000000 0.000000 0.000000 1.000000
0.978637 0.165200 -0.122387 0.000000 -0.171873 0.330701 -0.927953 2.950000 -0.112825 0.929164 0.352030 -0.000000 0.000000 0.000000 0.000000 1.000000
0.978637 0.165201 -0.122387 0.000000 -0.171874 0.330701 -0.927953 2.950000 -0.112825 0.929164 0.352030 0.000000 0.000000 0.000000 0.000000 1.000000
0.978637 0.165200 -0.122387 0.000000 -0.171873 0.330701 -0.927953 2.950000 -0.112824 0.929164 0.352030 -0.000000 0.000000 0.000000 0.000000 1.000000
0.978637 0.165201 -0.122388 0.000000 -0.171874 0.330702 -0.927952 2.950000 -0.112825 0.929164 0.352031 -0.000000 0.000000 0.000000 0.000000 1.000000
0.978637 0.165201 -0.122387 0.000000 -0.171873 0.330701 -0.927953 2.950000 -0.112825 0.929164 0.352030 0.000000 0.000000 0.000000 0.000000 1.000000
0.978637 0.165201 -0.122388 -0.000000 -0.171874 0.330701 -0.927953 2.950000 -0.112825 0.929164 0.352030 0.000000 0.000000 0.000000 0.000000 1.000000
0.978637 0.165200 -0.122388 -0.000000 -0.171874 0.330701 -0.927953 2.950000 -0.112824 0.929164 0.352030 0.000000 0.000000 0.000000 0.000000 1.000000
0.978637 0.165201 -0.122387 -0.000000 -0.171873 0.330701 -0.927953 2.950000 -0.112825 0.929164 0.352030 0.000000 0.000000 0.000000 0.000000 1.000000
0.978637 0.165200 -0.122387 0.000000 -0.171873 0.330701 -0.927953 2.950000 -0.112825 0.929164 0.352030 0.000000 0.000000 0.000000 0.000000 1.000000
0.978637 0.165201 -0.122388 0.000000 -0.171874 0.330702 -0.927953 2.950000 -0.112825 0.929164 0.352030 0.000000 0.000000 0.000000 0.000000 1.000000
0.978637 0.165201 -0.122388 -0.000000 -0.171874 0.330701 -0.927953 2.950000 -0.112825 0.929164 0.352029 -0.000000 0.000000 0.000000 0.000000 1.000000
0.978637 0.165200 -0.122388 -0.000000 -0.171874 0.330702 -0.927953 2.950000 -0.112824 0.929164 0.352030 0.000000 0.000000 0.000000 0.000000 1.000000
0.978637 0.165201 -0.122387 0.000000 -0.171873 0.330702 -0.927953 2.950000 -0.112825 0.929164 0.352030 0.000000 0.000000 0.000000 0.000000 1.000000
0.978637 0.165200 -0.122388 0.000000 -0.171874 0.330701 -0.927953 2.950000 -0.112824 0.929164 0.352030 0.000000 0.000000 0.000000 0.000000 1.000000
0.978637 0.165200 -0.122387 -0.000000 -0.171873 0.330701 -0.927953 2.950000 -0.112825 0.929164 0.352030 0.000000 0.000000 0.000000 0.000000 1.000000
0.978637 0.165201 -0.122387 -0.000000 -0.171873 0.330701 -0.927953 2.950000 -0.112825 0.929164 0.352030 0.000000 0.000000 0.000000 0.000000 1.000000
0.978637 0.165201 -0.122387 0.000000 -0.171873 0.330702 -0.927953 2.950000 -0.112825 0.929164 0.352030 -0.000000 0.000000 0.000000 0.000000 1.000000
0.978637 0.165201 -0.122388 0.000000 -0.171874 0.330701 -0.927953 2.950000 -0.112825 0.929164 0.352030 0.000000 0.000000 0.000000 0.000000 1.000000
0.978637 0.165201 -0.122387 0.000000 -0.171874 0.330701 -0.927953 2.950000 -0.112825 0.929164 0.352030 0.000000 0.000000 0.000000 0.000000 1.000000
0.978637 0.165201 -0.122388 0.000000 -0.171874 0.330701 -0.927953 2.950000 -0.112825 0.929164 0.352030 0.000000 0.000000 0.000000 0.000000 1.000000
0.978637 0.165201 -0.122387 0.000000 -0.171874 0.330701 -0.927953 2.950000 -0.112825 0.929164 0.352030 0.000000 0.000000 0.000000 0.000000 1.000000
0.978637 0.165201 -0.122387 0.000000 -0.171873 0.330702 -0.927952 2.950000 -0.112825 0.929163 0.352031 0.000000 0.000000 0.000000 0.000000 1.000000
0.978637 0.165201 -0.122387 0.000000 -0.171874 0.330702 -0.927952 2.950000 -0.112825 0.929163 0.352031 0.000000 0.000000 0.000000 0.000000 1.000000
0.978637 0.165201 -0.122387 -0.000000 -0.171873 0.330701 -0.927953 2.950000 -0.112825 0.929164 0.352030 -0.000000 0.000000 0.000000 0.000000 1.000000
0.978637 0.165201 -0.122388 0.000000 -0.171874 0.330701 -0.927953 2.950000 -0.112825 0.929164 0.352030 0.000000 0.000000 0.000000 0.000000 1.000000
0.978637 0.165200 -0.122387 -0.000000 -0.171873 0.330702 -0.927953 2.950000 -0.112825 0.929164 0.352030 0.000000 0.000000 0.000000 0.000000 1.000000
0.978637 0.165200 -0.122387 0.000000 -0.171873 0.330701 -0.927953 2.950000 -0.112825 0.929164 0.352030 0.000000 0.000000 0.000000 0.000000 1.000000
0.978637 0.165201 -0.122387 0.000000 -0.171874 0.330701 -0.927953 2.950000 -0.112825 0.929164 0.352030 0.000000 0.000000 0.000000 0.000000 1.000000
0.978637 0.165201 -0.122387 -0.000000 -0.171874 0.330702 -0.927953 2.950000 -0.112825 0.929164 0.352030 -0.000000 0.000000 0.000000 0.000000 1.000000
0.978637 0.165201 -0.122387 0.000000 -0.171874 0.330701 -0.927953 2.950000 -0.112825 0.929164 0.352030 -0.000000 0.000000 0.000000 0.000000 1.000000
0.978637 0.165201 -0.122387 0.000000 -0.171873 0.330702 -0.927952 2.950000 -0.112824 0.929163 0.352031 0.000000 0.000000 0.000000 0.000000 1.000000
0.978637 0.165201 -0.122387 -0.000000 -0.171874 0.330701 -0.927953 2.950000 -0.112825 0.929164 0.352030 0.000000 0.000000 0.000000 0.000000 1.000000
0.978637 0.165201 -0.122387 -0.000000 -0.171873 0.330701 -0.927953 2.950000 -0.112825 0.929164 0.352030 0.000000 0.000000 0.000000 0.000000 1.000000
0.978637 0.165201 -0.122387 0.000000 -0.171873 0.330701 -0.927953 2.950000 -0.112825 0.929164 0.352030 0.000000 0.000000 0.000000 0.000000 1.000000
0.978637 0.165201 -0.122387 0.000000 -0.171874 0.330701 -0.927953 2.950000 -0.112825 0.929164 0.352030 0.000000 0.000000 0.000000 0.000000 1.000000
0.978637 0.165201 -0.122387 0.000000 -0.171873 0.330701 -0.927953 2.950000 -0.112825 0.929164 0.352030 0.000000 0.000000 0.000000 0.000000 1.000000
0.978637 0.165201 -0.122387 -0.000000 -0.171874 0.330701 -0.927953 2.950000 -0.112825 0.929164 0.352030 0.000000 0.000000 0.000000 0.000000 1.000000
0.978637 0.165201 -0.122387 -0.000000 -0.171874 0.330701 -0.927953 2.950000 -0.112825 0.929164 0.352030 0.000000 0.000000 0.000000 0.000000 1.000000
0.978637 0.165200 -0.122387 0.000000 -0.171873 0.330701 -0.927953 2.950000 -0.112824 0.929164 0.352030 0.000000 0.000000 0.000000 0.000000 1.000000
0.978637 0.165201 -0.122387 0.000000 -0.171873 0.330701 -0.927953 2.950000 -0.112825 0.929164 0.352030 0.000000 0.000000 0.000000 0.000000 1.000000
0.978637 0.165200 -0.122387 0.000000 -0.171873 0.330702 -0.927953 2.950000 -0.112824 0.929164 0.352030 0.000000 0.000000 0.000000 0.000000 1.000000
0.978637 0.165200 -0.122388 0.000000 -0.171874 0.330701 -0.927953 2.950000 -0.112824 0.929164 0.352030 -0.000000 0.000000 0.000000 0.000000 1.000000
0.978637 0.165201 -0.122387 0.000000 -0.171873 0.330701 -0.927953 2.950000 -0.112825 0.929164 0.352030 0.000000 0.000000 0.000000 0.000000 1.000000
0.978637 0.165201 -0.122388 -0.000000 -0.171874 0.330701 -0.927953 2.950000 -0.112825 0.929164 0.352030 0.000000 0.000000 0.000000 0.000000 1.000000
0.978637 0.165200 -0.122388 0.000000 -0.171874 0.330701 -0.927953 2.950000 -0.112824 0.929164 0.352029 0.000000 0.000000 0.000000 0.000000 1.000000
0.978637 0.165200 -0.122388 0.000000 -0.171874 0.330701 -0.927953 2.950000 -0.112825 0.929164 0.352030 0.000000 0.000000 0.000000 0.000000 1.000000
0.978637 0.165201 -0.122387 0.000000 -0.171873 0.330701 -0.927953 2.950000 -0.112825 0.929164 0.352030 0.000000 0.000000 0.000000 0.000000 1.000000
0.978637 0.165200 -0.122387 0.000000 -0.171873 0.330701 -0.927953 2.950000 -0.112825 0.929164 0.352030 -0.000000 0.000000 0.000000 0.000000 1.000000
0.978637 0.165201 -0.122387 0.000000 -0.171873 0.330701 -0.927953 2.950000 -0.112825 0.929164 0.352030 -0.000000 0.000000 0.000000 0.000000 1.000000
0.978637 0.165200 -0.122387 0.000000 -0.171873 0.330701 -0.927953 2.950000 -0.112825 0.929164 0.352030 0.000000 0.000000 0.000000 0.000000 1.000000
0.978637 0.165201 -0.122387 0.000000 -0.171874 0.330701 -0.927953 2.950000 -0.112825 0.929164 0.352030 0.000000 0.000000 0.000000 0.000000 1.000000
0.978637 0.165201 -0.122387 0.000000 -0.171873 0.330702 -0.927953 2.950000 -0.112825 0.929164 0.352031 0.000000 0.000000 0.000000 0.000000 1.000000
0.978637 0.165200 -0.122387 0.000000 -0.171874 0.330702 -0.927952 2.950000 -0.112824 0.929164 0.352031 -0.000000 0.000000 0.000000 0.000000 1.000000
0.978637 0.165201 -0.122387 0.000000 -0.171873 0.330702 -0.927953 2.950000 -0.112825 0.929164 0.352030 0.000000 0.000000 0.000000 0.000000 1.000000
0.978637 0.165200 -0.122387 0.000000 -0.171873 0.330701 -0.927953 2.950000 -0.112824 0.929164 0.352030 -0.000000 0.000000 0.000000 0.000000 1.000000
0.978637 0.165200 -0.122387 0.000000 -0.171874 0.330701 -0.927953 2.950000 -0.112825 0.929164 0.352030 0.000000 0.000000 0.000000 0.000000 1.000000
0.978637 0.165201 -0.122387 0.000000 -0.171874 0.330701 -0.927953 2.950000 -0.112825 0.929164 0.352030 -0.000000 0.000000 0.000000 0.000000 1.000000
0.978637 0.165201 -0.122387 0.000000 -0.171873 0.330701 -0.927953 2.950000 -0.112825 0.929164 0.352030 0.000000 0.000000 0.000000 0.000000 1.000000
0.978637 0.165201 -0.122387 0.000000 -0.171873 0.330701 -0.927953 2.950000 -0.112825 0.929164 0.352030 0.000000 0.000000 0.000000 0.000000 1.000000
0.978637 0.165201 -0.122387 0.000000 -0.171873 0.330702 -0.927953 2.950000 -0.112825 0.929164 0.352030 0.000000 0.000000 0.000000 0.000000 1.000000
0.978637 0.165200 -0.122387 0.000000 -0.171873 0.330701 -0.927953 2.950000 -0.112825 0.929164 0.352030 0.000000 0.000000 0.000000 0.000000 1.000000
0.978637 0.165201 -0.122387 0.000000 -0.171874 0.330702 -0.927953 2.950000 -0.112825 0.929164 0.352030 0.000000 0.000000 0.000000 0.000000 1.000000
0.978637 0.165200 -0.122387 -0.000000 -0.171873 0.330701 -0.927953 2.950000 -0.112824 0.929164 0.352030 0.000000 0.000000 0.000000 0.000000 1.000000
0.978637 0.165200 -0.122388 0.000000 -0.171873 0.330701 -0.927953 2.950000 -0.112824 0.929164 0.352030 0.000000 0.000000 0.000000 0.000000 1.000000
0.978637 0.165201 -0.122387 0.000000 -0.171873 0.330701 -0.927953 2.950000 -0.112825 0.929164 0.352030 0.000000 0.000000 0.000000 0.000000 1.000000
0.978637 0.165200 -0.122387 0.000000 -0.171873 0.330701 -0.927953 2.950000 -0.112824 0.929164 0.352030 0.000000 0.000000 0.000000 0.000000 1.000000
0.978637 0.165200 -0.122387 0.000000 -0.171873 0.330701 -0.927953 2.950000 -0.112825 0.929164 0.352030 -0.000000 0.000000 0.000000 0.000000 1.000000
0.978637 0.165201 -0.122387 0.000000 -0.171873 0.330702 -0.927953 2.950000 -0.112825 0.929164 0.352030 0.000000 0.000000 0.000000 0.000000 1.000000
0.978637 0.165200 -0.122387 0.000000 -0.171873 0.330702 -0.927953 2.950000 -0.112824 0.929164 0.352030 0.000000 0.000000 0.000000 0.000000 1.000000
0.978637 0.165200 -0.122387 0.000000 -0.171873 0.330702 -0.927953 2.950000 -0.112825 0.929164 0.352031 -0.000000 0.000000 0.000000 0.000000 1.000000
0.978637 0.165201 -0.122387 0.000000 -0.171873 0.330701 -0.927953 2.950000 -0.112825 0.929164 0.352030 -0.000000 0.000000 0.000000 0.000000 1.000000
0.978637 0.165201 -0.122388 0.000000 -0.171874 0.330701 -0.927953 2.950000 -0.112825 0.929164 0.352030 -0.000000 0.000000 0.000000 0.000000 1.000000
0.978637 0.165201 -0.122387 0.000000 -0.171873 0.330701 -0.927953 2.950000 -0.112825 0.929164 0.352030 0.000000 0.000000 0.000000 0.000000 1.000000
0.978637 0.165201 -0.122387 0.000000 -0.171873 0.330702 -0.927952 2.950000 -0.112825 0.929164 0.352031 0.000000 0.000000 0.000000 0.000000 1.000000
0.978637 0.165200 -0.122388 0.000000 -0.171874 0.330702 -0.927953 2.950000 -0.112824 0.929164 0.352030 -0.000000 0.000000 0.000000 0.000000 1.000000
0.978637 0.165201 -0.122387 -0.000000 -0.171874 0.330702 -0.927953 2.950000 -0.112825 0.929164 0.352030 -0.000000 0.000000 0.000000 0.000000 1.000000
0.978637 0.165200 -0.122387 0.000000 -0.171873 0.330701 -0.927953 2.950000 -0.112825 0.929164 0.352030 0.000000 0.000000 0.000000 0.000000 1.000000
0.978637 0.165201 -0.122387 0.000000 -0.171873 0.330701 -0.927953 2.950000 -0.112825 0.929164 0.352030 0.000000 0.000000 0.000000 0.000000 1.000000
0.978637 0.165200 -0.122387 0.000000 -0.171873 0.330701 -0.927953 2.950000 -0.112824 0.929164 0.352030 0.000000 0.000000 0.000000 0.000000 1.000000
0.978637 0.165201 -0.122387 0.000000 -0.171873 0.330701 -0.927953 2.950000 -0.112825 0.929164 0.352030 0.000000 0.000000 0.000000 0.000000 1.000000
0.978637 0.165201 -0.122387 0.000000 -0.171873 0.330702 -0.927953 2.950000 -0.112825 0.929164 0.352030 0.000000 0.000000 0.000000 0.000000 1.000000
0.978637 0.165200 -0.122387 0.000000 -0.171873 0.330702 -0.927953 2.950000 -0.112824 0.929164 0.352030 -0.000000 0.000000 0.000000 0.000000 1.000000</float_array>
        <technique_common>
          <accessor source="#mixamorig_LeftHandRing3-Matrix-animation-output-transform-array" count="96" stride="16">
            <param type="float4x4"/>
          </accessor>
        </technique_common>
      </source>
      <source id="mixamorig_LeftHandRing3-Interpolations">
        <Name_array id="mixamorig_LeftHandRing3-Interpolations-array" count="96">
 LINEAR LINEAR LINEAR LINEAR LINEAR LINEAR LINEAR LINEAR LINEAR LINEAR LINEAR
LINEAR LINEAR LINEAR LINEAR LINEAR LINEAR LINEAR LINEAR LINEAR LINEAR LINEAR LINEAR
LINEAR LINEAR LINEAR LINEAR LINEAR LINEAR LINEAR LINEAR LINEAR LINEAR LINEAR LINEAR
LINEAR LINEAR LINEAR LINEAR LINEAR LINEAR LINEAR LINEAR LINEAR LINEAR LINEAR LINEAR
LINEAR LINEAR LINEAR LINEAR LINEAR LINEAR LINEAR LINEAR LINEAR LINEAR LINEAR LINEAR
LINEAR LINEAR LINEAR LINEAR LINEAR LINEAR LINEAR LINEAR LINEAR LINEAR LINEAR LINEAR
LINEAR LINEAR LINEAR LINEAR LINEAR LINEAR LINEAR LINEAR LINEAR LINEAR LINEAR LINEAR
LINEAR LINEAR LINEAR LINEAR LINEAR LINEAR LINEAR LINEAR LINEAR LINEAR LINEAR LINEAR
LINEAR</Name_array>
        <technique_common>
          <accessor source="#mixamorig_LeftHandRing3-Interpolations-array" count="96">
            <param type="name"/>
          </accessor>
        </technique_common>
      </source>
      <sampler id="mixamorig_LeftHandRing3-Matrix-animation-transform">
        <input semantic="INPUT" source="#mixamorig_LeftHandRing3-Matrix-animation-input"/>
        <input semantic="OUTPUT" source="#mixamorig_LeftHandRing3-Matrix-animation-output-transform"/>
        <input semantic="INTERPOLATION" source="#mixamorig_LeftHandRing3-Interpolations"/>
      </sampler>
      <channel source="#mixamorig_LeftHandRing3-Matrix-animation-transform" target="mixamorig_LeftHandRing3/matrix"/>
    </animation>
    <animation id="mixamorig_LeftHandPinky1-anim" name="mixamorig_LeftHandPinky1">
      <source id="mixamorig_LeftHandPinky1-Matrix-animation-input">
        <float_array id="mixamorig_LeftHandPinky1-Matrix-animation-input-array" count="96">

0.000000 0.033333 0.066667 0.100000 0.133333 0.166667 0.200000 0.233333 0.266667 0.300000 0.333333 0.366667 0.400000 0.433333 0.466667 0.500000
0.533333 0.566667 0.600000 0.633333 0.666667 0.700000 0.733333 0.766667 0.800000 0.833333 0.866667 0.900000 0.933333 0.966667 1.000000 1.033333
1.066667 1.100000 1.133333 1.166667 1.200000 1.233333 1.266667 1.300000 1.333333 1.366667 1.400000 1.433333 1.466667 1.500000 1.533333 1.566667
1.600000 1.633333 1.666667 1.700000 1.733333 1.766667 1.800000 1.833333 1.866667 1.900000 1.933333 1.966667 2.000000 2.033333 2.066667 2.100000
2.133333 2.166667 2.200000 2.233333 2.266667 2.300000 2.333333 2.366667 2.400000 2.433333 2.466667 2.500000 2.533333 2.566667 2.600000 2.633333
2.666667 2.700000 2.733333 2.766667 2.800000 2.833333 2.866667 2.900000 2.933333 2.966667 3.000000 3.033333 3.066667 3.100000 3.133333 3.166667</float_array>
        <technique_common>
          <accessor source="#mixamorig_LeftHandPinky1-Matrix-animation-input-array" count="96">
            <param name="TIME" type="float"/>
          </accessor>
        </technique_common>
      </source>
      <source id="mixamorig_LeftHandPinky1-Matrix-animation-output-transform">
        <float_array id="mixamorig_LeftHandPinky1-Matrix-animation-output-transform-array" count="1536">

0.919970 -0.090226 -0.381463 3.806300 -0.254686 0.602173 -0.756652 8.077800 0.297976 0.793251 0.531002 0.486900 0.000000 0.000000 0.000000 1.000000
0.919970 -0.090226 -0.381464 3.806300 -0.254686 0.602173 -0.756652 8.077800 0.297977 0.793251 0.531002 0.486900 0.000000 0.000000 0.000000 1.000000
0.919970 -0.090225 -0.381464 3.806300 -0.254686 0.602174 -0.756651 8.077800 0.297977 0.793250 0.531003 0.486900 0.000000 0.000000 0.000000 1.000000
0.919970 -0.090225 -0.381463 3.806300 -0.254686 0.602174 -0.756652 8.077800 0.297976 0.793251 0.531003 0.486900 0.000000 0.000000 0.000000 1.000000
0.919970 -0.090226 -0.381463 3.806300 -0.254686 0.602174 -0.756652 8.077800 0.297977 0.793250 0.531002 0.486900 0.000000 0.000000 0.000000 1.000000
0.919970 -0.090226 -0.381464 3.806300 -0.254686 0.602174 -0.756651 8.077800 0.297977 0.793250 0.531003 0.486900 0.000000 0.000000 0.000000 1.000000
0.919970 -0.090225 -0.381463 3.806300 -0.254686 0.602174 -0.756652 8.077800 0.297976 0.793251 0.531003 0.486900 0.000000 0.000000 0.000000 1.000000
0.919970 -0.090225 -0.381464 3.806300 -0.254686 0.602174 -0.756652 8.077800 0.297977 0.793250 0.531003 0.486900 0.000000 0.000000 0.000000 1.000000
0.919970 -0.090226 -0.381463 3.806300 -0.254686 0.602174 -0.756652 8.077800 0.297977 0.793250 0.531002 0.486900 0.000000 0.000000 0.000000 1.000000
0.919970 -0.090225 -0.381464 3.806300 -0.254687 0.602174 -0.756652 8.077800 0.297977 0.793251 0.531002 0.486900 0.000000 0.000000 0.000000 1.000000
0.919970 -0.090225 -0.381464 3.806300 -0.254686 0.602174 -0.756652 8.077800 0.297976 0.793251 0.531003 0.486900 0.000000 0.000000 0.000000 1.000000
0.919970 -0.090225 -0.381464 3.806300 -0.254686 0.602174 -0.756651 8.077800 0.297977 0.793250 0.531003 0.486900 0.000000 0.000000 0.000000 1.000000
0.919970 -0.090225 -0.381464 3.806300 -0.254687 0.602173 -0.756652 8.077800 0.297977 0.793251 0.531002 0.486900 0.000000 0.000000 0.000000 1.000000
0.919970 -0.090225 -0.381464 3.806300 -0.254687 0.602174 -0.756652 8.077800 0.297977 0.793251 0.531002 0.486900 0.000000 0.000000 0.000000 1.000000
0.919970 -0.090226 -0.381464 3.806300 -0.254686 0.602173 -0.756652 8.077800 0.297977 0.793251 0.531002 0.486900 0.000000 0.000000 0.000000 1.000000
0.919970 -0.090226 -0.381464 3.806300 -0.254686 0.602174 -0.756652 8.077800 0.297977 0.793250 0.531002 0.486900 0.000000 0.000000 0.000000 1.000000
0.919970 -0.090225 -0.381464 3.806300 -0.254687 0.602174 -0.756651 8.077800 0.297976 0.793250 0.531003 0.486900 0.000000 0.000000 0.000000 1.000000
0.919970 -0.090226 -0.381463 3.806300 -0.254686 0.602174 -0.756652 8.077800 0.297977 0.793250 0.531003 0.486900 0.000000 0.000000 0.000000 1.000000
0.919970 -0.090225 -0.381463 3.806300 -0.254686 0.602174 -0.756652 8.077800 0.297976 0.793250 0.531003 0.486900 0.000000 0.000000 0.000000 1.000000
0.919970 -0.090225 -0.381463 3.806300 -0.254686 0.602174 -0.756652 8.077800 0.297976 0.793250 0.531003 0.486900 0.000000 0.000000 0.000000 1.000000
0.919970 -0.090226 -0.381463 3.806300 -0.254686 0.602173 -0.756652 8.077800 0.297977 0.793251 0.531002 0.486900 0.000000 0.000000 0.000000 1.000000
0.919970 -0.090226 -0.381464 3.806300 -0.254686 0.602174 -0.756652 8.077800 0.297977 0.793250 0.531002 0.486900 0.000000 0.000000 0.000000 1.000000
0.919970 -0.090225 -0.381464 3.806300 -0.254686 0.602174 -0.756652 8.077800 0.297977 0.793250 0.531003 0.486900 0.000000 0.000000 0.000000 1.000000
0.919970 -0.090225 -0.381464 3.806300 -0.254686 0.602174 -0.756652 8.077800 0.297977 0.793250 0.531002 0.486900 0.000000 0.000000 0.000000 1.000000
0.919970 -0.090226 -0.381464 3.806300 -0.254686 0.602174 -0.756652 8.077800 0.297977 0.793250 0.531003 0.486900 0.000000 0.000000 0.000000 1.000000
0.919970 -0.090226 -0.381464 3.806300 -0.254686 0.602174 -0.756651 8.077800 0.297977 0.793250 0.531003 0.486900 0.000000 0.000000 0.000000 1.000000
0.919970 -0.090226 -0.381464 3.806300 -0.254686 0.602174 -0.756652 8.077800 0.297977 0.793250 0.531003 0.486900 0.000000 0.000000 0.000000 1.000000
0.919970 -0.090226 -0.381464 3.806300 -0.254686 0.602174 -0.756651 8.077800 0.297977 0.793250 0.531003 0.486900 0.000000 0.000000 0.000000 1.000000
0.919970 -0.090226 -0.381464 3.806300 -0.254686 0.602174 -0.756651 8.077800 0.297977 0.793250 0.531003 0.486900 0.000000 0.000000 0.000000 1.000000
0.919970 -0.090225 -0.381464 3.806300 -0.254687 0.602174 -0.756651 8.077800 0.297977 0.793250 0.531003 0.486900 0.000000 0.000000 0.000000 1.000000
0.919970 -0.090226 -0.381464 3.806300 -0.254686 0.602174 -0.756652 8.077800 0.297977 0.793250 0.531002 0.486900 0.000000 0.000000 0.000000 1.000000
0.919970 -0.090225 -0.381463 3.806300 -0.254686 0.602173 -0.756652 8.077800 0.297976 0.793251 0.531002 0.486900 0.000000 0.000000 0.000000 1.000000
0.919970 -0.090226 -0.381463 3.806300 -0.254686 0.602173 -0.756652 8.077800 0.297976 0.793251 0.531002 0.486900 0.000000 0.000000 0.000000 1.000000
0.919970 -0.090225 -0.381464 3.806300 -0.254686 0.602174 -0.756652 8.077800 0.297977 0.793250 0.531003 0.486900 0.000000 0.000000 0.000000 1.000000
0.919970 -0.090225 -0.381463 3.806300 -0.254686 0.602173 -0.756652 8.077800 0.297976 0.793251 0.531002 0.486900 0.000000 0.000000 0.000000 1.000000
0.919970 -0.090225 -0.381463 3.806300 -0.254686 0.602174 -0.756652 8.077800 0.297976 0.793250 0.531003 0.486900 0.000000 0.000000 0.000000 1.000000
0.919970 -0.090225 -0.381464 3.806300 -0.254686 0.602174 -0.756651 8.077800 0.297976 0.793250 0.531003 0.486900 0.000000 0.000000 0.000000 1.000000
0.919970 -0.090225 -0.381463 3.806300 -0.254686 0.602173 -0.756652 8.077800 0.297976 0.793251 0.531003 0.486900 0.000000 0.000000 0.000000 1.000000
0.919970 -0.090226 -0.381464 3.806300 -0.254686 0.602174 -0.756652 8.077800 0.297977 0.793250 0.531003 0.486900 0.000000 0.000000 0.000000 1.000000
0.919970 -0.090225 -0.381464 3.806300 -0.254686 0.602174 -0.756652 8.077800 0.297976 0.793250 0.531003 0.486900 0.000000 0.000000 0.000000 1.000000
0.919970 -0.090225 -0.381464 3.806300 -0.254686 0.602174 -0.756652 8.077800 0.297976 0.793250 0.531003 0.486900 0.000000 0.000000 0.000000 1.000000
0.919970 -0.090225 -0.381464 3.806300 -0.254686 0.602173 -0.756652 8.077800 0.297976 0.793251 0.531002 0.486900 0.000000 0.000000 0.000000 1.000000
0.919970 -0.090225 -0.381464 3.806300 -0.254687 0.602173 -0.756652 8.077800 0.297976 0.793251 0.531002 0.486900 0.000000 0.000000 0.000000 1.000000
0.919970 -0.090225 -0.381463 3.806300 -0.254686 0.602174 -0.756651 8.077800 0.297976 0.793250 0.531003 0.486900 0.000000 0.000000 0.000000 1.000000
0.919970 -0.090226 -0.381464 3.806300 -0.254686 0.602174 -0.756651 8.077800 0.297977 0.793250 0.531003 0.486900 0.000000 0.000000 0.000000 1.000000
0.919970 -0.090226 -0.381463 3.806300 -0.254685 0.602174 -0.756652 8.077800 0.297976 0.793250 0.531003 0.486900 0.000000 0.000000 0.000000 1.000000
0.919970 -0.090226 -0.381464 3.806300 -0.254686 0.602173 -0.756652 8.077800 0.297977 0.793251 0.531002 0.486900 0.000000 0.000000 0.000000 1.000000
0.919970 -0.090226 -0.381463 3.806300 -0.254686 0.602174 -0.756652 8.077800 0.297977 0.793250 0.531002 0.486900 0.000000 0.000000 0.000000 1.000000
0.919970 -0.090226 -0.381464 3.806300 -0.254686 0.602174 -0.756652 8.077800 0.297977 0.793250 0.531003 0.486900 0.000000 0.000000 0.000000 1.000000
0.919970 -0.090225 -0.381464 3.806300 -0.254686 0.602173 -0.756652 8.077800 0.297976 0.793251 0.531002 0.486900 0.000000 0.000000 0.000000 1.000000
0.919970 -0.090226 -0.381464 3.806300 -0.254686 0.602174 -0.756652 8.077800 0.297977 0.793250 0.531003 0.486900 0.000000 0.000000 0.000000 1.000000
0.919970 -0.090226 -0.381464 3.806300 -0.254686 0.602173 -0.756652 8.077800 0.297977 0.793251 0.531002 0.486900 0.000000 0.000000 0.000000 1.000000
0.919970 -0.090225 -0.381463 3.806300 -0.254686 0.602174 -0.756651 8.077800 0.297977 0.793250 0.531003 0.486900 0.000000 0.000000 0.000000 1.000000
0.919970 -0.090225 -0.381463 3.806300 -0.254686 0.602173 -0.756652 8.077800 0.297976 0.793251 0.531003 0.486900 0.000000 0.000000 0.000000 1.000000
0.919970 -0.090225 -0.381464 3.806300 -0.254686 0.602174 -0.756652 8.077800 0.297977 0.793251 0.531002 0.486900 0.000000 0.000000 0.000000 1.000000
0.919970 -0.090226 -0.381464 3.806300 -0.254686 0.602174 -0.756651 8.077800 0.297977 0.793250 0.531003 0.486900 0.000000 0.000000 0.000000 1.000000
0.919970 -0.090226 -0.381464 3.806300 -0.254686 0.602174 -0.756652 8.077800 0.297977 0.793250 0.531002 0.486900 0.000000 0.000000 0.000000 1.000000
0.919970 -0.090226 -0.381463 3.806300 -0.254686 0.602174 -0.756652 8.077800 0.297977 0.793250 0.531002 0.486900 0.000000 0.000000 0.000000 1.000000
0.919970 -0.090226 -0.381464 3.806300 -0.254686 0.602174 -0.756652 8.077800 0.297977 0.793250 0.531003 0.486900 0.000000 0.000000 0.000000 1.000000
0.919970 -0.090225 -0.381464 3.806300 -0.254686 0.602174 -0.756651 8.077800 0.297977 0.793250 0.531003 0.486900 0.000000 0.000000 0.000000 1.000000
0.919970 -0.090226 -0.381464 3.806300 -0.254686 0.602173 -0.756652 8.077800 0.297976 0.793251 0.531002 0.486900 0.000000 0.000000 0.000000 1.000000
0.919970 -0.090225 -0.381463 3.806300 -0.254686 0.602174 -0.756652 8.077800 0.297976 0.793250 0.531003 0.486900 0.000000 0.000000 0.000000 1.000000
0.919970 -0.090225 -0.381463 3.806300 -0.254686 0.602174 -0.756651 8.077800 0.297976 0.793250 0.531003 0.486900 0.000000 0.000000 0.000000 1.000000
0.919970 -0.090225 -0.381464 3.806300 -0.254687 0.602173 -0.756652 8.077800 0.297977 0.793251 0.531002 0.486900 0.000000 0.000000 0.000000 1.000000
0.919970 -0.090226 -0.381463 3.806300 -0.254686 0.602173 -0.756652 8.077800 0.297977 0.793251 0.531002 0.486900 0.000000 0.000000 0.000000 1.000000
0.919970 -0.090226 -0.381463 3.806300 -0.254686 0.602174 -0.756652 8.077800 0.297977 0.793250 0.531003 0.486900 0.000000 0.000000 0.000000 1.000000
0.919970 -0.090226 -0.381464 3.806300 -0.254686 0.602174 -0.756652 8.077800 0.297977 0.793250 0.531003 0.486900 0.000000 0.000000 0.000000 1.000000
0.919970 -0.090226 -0.381464 3.806300 -0.254687 0.602173 -0.756652 8.077800 0.297976 0.793251 0.531002 0.486900 0.000000 0.000000 0.000000 1.000000
0.919970 -0.090226 -0.381464 3.806300 -0.254686 0.602174 -0.756652 8.077800 0.297977 0.793250 0.531002 0.486900 0.000000 0.000000 0.000000 1.000000
0.919970 -0.090225 -0.381463 3.806300 -0.254686 0.602174 -0.756652 8.077800 0.297976 0.793250 0.531003 0.486900 0.000000 0.000000 0.000000 1.000000
0.919970 -0.090226 -0.381464 3.806300 -0.254686 0.602174 -0.756652 8.077800 0.297977 0.793250 0.531003 0.486900 0.000000 0.000000 0.000000 1.000000
0.919970 -0.090225 -0.381464 3.806300 -0.254686 0.602174 -0.756652 8.077800 0.297977 0.793250 0.531003 0.486900 0.000000 0.000000 0.000000 1.000000
0.919970 -0.090226 -0.381464 3.806300 -0.254686 0.602174 -0.756652 8.077800 0.297977 0.793250 0.531002 0.486900 0.000000 0.000000 0.000000 1.000000
0.919970 -0.090225 -0.381463 3.806300 -0.254686 0.602174 -0.756651 8.077800 0.297976 0.793250 0.531003 0.486900 0.000000 0.000000 0.000000 1.000000
0.919970 -0.090226 -0.381464 3.806300 -0.254686 0.602174 -0.756652 8.077800 0.297977 0.793250 0.531002 0.486900 0.000000 0.000000 0.000000 1.000000
0.919970 -0.090226 -0.381464 3.806300 -0.254687 0.602173 -0.756652 8.077800 0.297977 0.793251 0.531002 0.486900 0.000000 0.000000 0.000000 1.000000
0.919970 -0.090226 -0.381463 3.806300 -0.254686 0.602173 -0.756652 8.077800 0.297977 0.793251 0.531002 0.486900 0.000000 0.000000 0.000000 1.000000
0.919970 -0.090225 -0.381463 3.806300 -0.254686 0.602174 -0.756652 8.077800 0.297976 0.793250 0.531003 0.486900 0.000000 0.000000 0.000000 1.000000
0.919970 -0.090226 -0.381464 3.806300 -0.254686 0.602174 -0.756652 8.077800 0.297977 0.793250 0.531002 0.486900 0.000000 0.000000 0.000000 1.000000
0.919970 -0.090226 -0.381463 3.806300 -0.254686 0.602174 -0.756652 8.077800 0.297977 0.793250 0.531003 0.486900 0.000000 0.000000 0.000000 1.000000
0.919970 -0.090226 -0.381463 3.806300 -0.254686 0.602173 -0.756652 8.077800 0.297976 0.793251 0.531002 0.486900 0.000000 0.000000 0.000000 1.000000
0.919970 -0.090226 -0.381464 3.806300 -0.254686 0.602174 -0.756652 8.077800 0.297977 0.793250 0.531003 0.486900 0.000000 0.000000 0.000000 1.000000
0.919970 -0.090226 -0.381463 3.806300 -0.254686 0.602174 -0.756652 8.077800 0.297976 0.793250 0.531003 0.486900 0.000000 0.000000 0.000000 1.000000
0.919970 -0.090226 -0.381463 3.806300 -0.254686 0.602173 -0.756652 8.077800 0.297977 0.793251 0.531002 0.486900 0.000000 0.000000 0.000000 1.000000
0.919970 -0.090225 -0.381463 3.806300 -0.254686 0.602174 -0.756652 8.077800 0.297976 0.793250 0.531003 0.486900 0.000000 0.000000 0.000000 1.000000
0.919970 -0.090225 -0.381464 3.806300 -0.254686 0.602174 -0.756652 8.077800 0.297976 0.793250 0.531003 0.486900 0.000000 0.000000 0.000000 1.000000
0.919970 -0.090226 -0.381463 3.806300 -0.254686 0.602174 -0.756652 8.077800 0.297976 0.793250 0.531003 0.486900 0.000000 0.000000 0.000000 1.000000
0.919970 -0.090225 -0.381463 3.806300 -0.254686 0.602174 -0.756652 8.077800 0.297977 0.793250 0.531003 0.486900 0.000000 0.000000 0.000000 1.000000
0.919970 -0.090226 -0.381464 3.806300 -0.254686 0.602174 -0.756651 8.077800 0.297977 0.793250 0.531003 0.486900 0.000000 0.000000 0.000000 1.000000
0.919970 -0.090226 -0.381463 3.806300 -0.254686 0.602174 -0.756652 8.077800 0.297977 0.793250 0.531003 0.486900 0.000000 0.000000 0.000000 1.000000
0.919970 -0.090226 -0.381464 3.806300 -0.254686 0.602174 -0.756652 8.077800 0.297977 0.793250 0.531002 0.486900 0.000000 0.000000 0.000000 1.000000
0.919970 -0.090225 -0.381464 3.806300 -0.254687 0.602175 -0.756651 8.077800 0.297977 0.793250 0.531003 0.486900 0.000000 0.000000 0.000000 1.000000
0.919970 -0.090226 -0.381463 3.806300 -0.254686 0.602174 -0.756652 8.077800 0.297977 0.793250 0.531003 0.486900 0.000000 0.000000 0.000000 1.000000
0.919970 -0.090226 -0.381464 3.806300 -0.254686 0.602173 -0.756652 8.077800 0.297977 0.793251 0.531002 0.486900 0.000000 0.000000 0.000000 1.000000
0.919970 -0.090226 -0.381463 3.806300 -0.254686 0.602174 -0.756652 8.077800 0.297977 0.793250 0.531002 0.486900 0.000000 0.000000 0.000000 1.000000
0.919970 -0.090225 -0.381464 3.806300 -0.254686 0.602174 -0.756652 8.077800 0.297976 0.793250 0.531003 0.486900 0.000000 0.000000 0.000000 1.000000</float_array>
        <technique_common>
          <accessor source="#mixamorig_LeftHandPinky1-Matrix-animation-output-transform-array" count="96" stride="16">
            <param type="float4x4"/>
          </accessor>
        </technique_common>
      </source>
      <source id="mixamorig_LeftHandPinky1-Interpolations">
        <Name_array id="mixamorig_LeftHandPinky1-Interpolations-array" count="96">
 LINEAR LINEAR LINEAR LINEAR LINEAR LINEAR LINEAR LINEAR LINEAR LINEAR LINEAR
LINEAR LINEAR LINEAR LINEAR LINEAR LINEAR LINEAR LINEAR LINEAR LINEAR LINEAR LINEAR
LINEAR LINEAR LINEAR LINEAR LINEAR LINEAR LINEAR LINEAR LINEAR LINEAR LINEAR LINEAR
LINEAR LINEAR LINEAR LINEAR LINEAR LINEAR LINEAR LINEAR LINEAR LINEAR LINEAR LINEAR
LINEAR LINEAR LINEAR LINEAR LINEAR LINEAR LINEAR LINEAR LINEAR LINEAR LINEAR LINEAR
LINEAR LINEAR LINEAR LINEAR LINEAR LINEAR LINEAR LINEAR LINEAR LINEAR LINEAR LINEAR
LINEAR LINEAR LINEAR LINEAR LINEAR LINEAR LINEAR LINEAR LINEAR LINEAR LINEAR LINEAR
LINEAR LINEAR LINEAR LINEAR LINEAR LINEAR LINEAR LINEAR LINEAR LINEAR LINEAR LINEAR
LINEAR</Name_array>
        <technique_common>
          <accessor source="#mixamorig_LeftHandPinky1-Interpolations-array" count="96">
            <param type="name"/>
          </accessor>
        </technique_common>
      </source>
      <sampler id="mixamorig_LeftHandPinky1-Matrix-animation-transform">
        <input semantic="INPUT" source="#mixamorig_LeftHandPinky1-Matrix-animation-input"/>
        <input semantic="OUTPUT" source="#mixamorig_LeftHandPinky1-Matrix-animation-output-transform"/>
        <input semantic="INTERPOLATION" source="#mixamorig_LeftHandPinky1-Interpolations"/>
      </sampler>
      <channel source="#mixamorig_LeftHandPinky1-Matrix-animation-transform" target="mixamorig_LeftHandPinky1/matrix"/>
    </animation>
    <animation id="mixamorig_LeftHandPinky2-anim" name="mixamorig_LeftHandPinky2">
      <source id="mixamorig_LeftHandPinky2-Matrix-animation-input">
        <float_array id="mixamorig_LeftHandPinky2-Matrix-animation-input-array" count="96">

0.000000 0.033333 0.066667 0.100000 0.133333 0.166667 0.200000 0.233333 0.266667 0.300000 0.333333 0.366667 0.400000 0.433333 0.466667 0.500000
0.533333 0.566667 0.600000 0.633333 0.666667 0.700000 0.733333 0.766667 0.800000 0.833333 0.866667 0.900000 0.933333 0.966667 1.000000 1.033333
1.066667 1.100000 1.133333 1.166667 1.200000 1.233333 1.266667 1.300000 1.333333 1.366667 1.400000 1.433333 1.466667 1.500000 1.533333 1.566667
1.600000 1.633333 1.666667 1.700000 1.733333 1.766667 1.800000 1.833333 1.866667 1.900000 1.933333 1.966667 2.000000 2.033333 2.066667 2.100000
2.133333 2.166667 2.200000 2.233333 2.266667 2.300000 2.333333 2.366667 2.400000 2.433333 2.466667 2.500000 2.533333 2.566667 2.600000 2.633333
2.666667 2.700000 2.733333 2.766667 2.800000 2.833333 2.866667 2.900000 2.933333 2.966667 3.000000 3.033333 3.066667 3.100000 3.133333 3.166667</float_array>
        <technique_common>
          <accessor source="#mixamorig_LeftHandPinky2-Matrix-animation-input-array" count="96">
            <param name="TIME" type="float"/>
          </accessor>
        </technique_common>
      </source>
      <source id="mixamorig_LeftHandPinky2-Matrix-animation-output-transform">
        <float_array id="mixamorig_LeftHandPinky2-Matrix-animation-output-transform-array" count="1536">

0.976762 0.166996 -0.134341 0.000000 -0.150693 0.089392 -0.984531 3.600000 -0.152403 0.981897 0.112480 -0.000000 0.000000 0.000000 0.000000 1.000000
0.976762 0.166996 -0.134342 0.000000 -0.150693 0.089392 -0.984531 3.600000 -0.152404 0.981897 0.112480 0.000000 0.000000 0.000000 0.000000 1.000000
0.976762 0.166996 -0.134341 -0.000000 -0.150693 0.089392 -0.984531 3.600000 -0.152404 0.981897 0.112480 0.000000 0.000000 0.000000 0.000000 1.000000
0.976762 0.166996 -0.134341 0.000000 -0.150693 0.089393 -0.984531 3.600000 -0.152404 0.981897 0.112481 0.000000 0.000000 0.000000 0.000000 1.000000
0.976762 0.166996 -0.134341 -0.000000 -0.150693 0.089393 -0.984531 3.600000 -0.152403 0.981897 0.112481 0.000000 0.000000 0.000000 0.000000 1.000000
0.976762 0.166996 -0.134341 0.000000 -0.150693 0.089393 -0.984531 3.600000 -0.152404 0.981897 0.112481 0.000000 0.000000 0.000000 0.000000 1.000000
0.976762 0.166996 -0.134341 -0.000000 -0.150693 0.089392 -0.984531 3.600000 -0.152404 0.981897 0.112480 -0.000000 0.000000 0.000000 0.000000 1.000000
0.976762 0.166996 -0.134341 0.000000 -0.150693 0.089392 -0.984531 3.600000 -0.152404 0.981897 0.112480 -0.000000 0.000000 0.000000 0.000000 1.000000
0.976762 0.166996 -0.134341 0.000000 -0.150693 0.089392 -0.984531 3.600000 -0.152404 0.981897 0.112480 0.000000 0.000000 0.000000 0.000000 1.000000
0.976762 0.166997 -0.134341 0.000000 -0.150693 0.089392 -0.984531 3.600000 -0.152404 0.981897 0.112480 0.000000 0.000000 0.000000 0.000000 1.000000
0.976762 0.166996 -0.134342 0.000000 -0.150694 0.089392 -0.984531 3.600000 -0.152404 0.981897 0.112480 -0.000000 0.000000 0.000000 0.000000 1.000000
0.976762 0.166996 -0.134341 -0.000000 -0.150693 0.089393 -0.984531 3.600000 -0.152404 0.981897 0.112480 0.000000 0.000000 0.000000 0.000000 1.000000
0.976762 0.166996 -0.134341 0.000000 -0.150693 0.089392 -0.984531 3.600000 -0.152404 0.981897 0.112480 -0.000000 0.000000 0.000000 0.000000 1.000000
0.976762 0.166995 -0.134342 -0.000000 -0.150693 0.089392 -0.984531 3.600000 -0.152403 0.981897 0.112480 0.000000 0.000000 0.000000 0.000000 1.000000
0.976762 0.166996 -0.134342 0.000000 -0.150693 0.089393 -0.984531 3.600000 -0.152403 0.981897 0.112480 0.000000 0.000000 0.000000 0.000000 1.000000
0.976762 0.166996 -0.134342 0.000000 -0.150694 0.089393 -0.984531 3.600000 -0.152404 0.981897 0.112481 0.000000 0.000000 0.000000 0.000000 1.000000
0.976762 0.166997 -0.134342 -0.000000 -0.150693 0.089393 -0.984531 3.600000 -0.152404 0.981897 0.112481 0.000000 0.000000 0.000000 0.000000 1.000000
0.976762 0.166997 -0.134341 0.000000 -0.150693 0.089393 -0.984531 3.600000 -0.152404 0.981897 0.112481 0.000000 0.000000 0.000000 0.000000 1.000000
0.976762 0.166997 -0.134342 -0.000000 -0.150693 0.089393 -0.984531 3.600000 -0.152404 0.981897 0.112481 0.000000 0.000000 0.000000 0.000000 1.000000
0.976762 0.166996 -0.134342 0.000000 -0.150693 0.089393 -0.984530 3.600000 -0.152404 0.981897 0.112481 0.000000 0.000000 0.000000 0.000000 1.000000
0.976762 0.166996 -0.134342 0.000000 -0.150693 0.089393 -0.984531 3.600000 -0.152404 0.981897 0.112481 0.000000 0.000000 0.000000 0.000000 1.000000
0.976762 0.166996 -0.134342 0.000000 -0.150693 0.089392 -0.984531 3.600000 -0.152404 0.981897 0.112480 0.000000 0.000000 0.000000 0.000000 1.000000
0.976762 0.166996 -0.134342 -0.000000 -0.150693 0.089392 -0.984531 3.600000 -0.152404 0.981897 0.112480 0.000000 0.000000 0.000000 0.000000 1.000000
0.976762 0.166996 -0.134342 0.000000 -0.150693 0.089393 -0.984531 3.600000 -0.152404 0.981897 0.112480 0.000000 0.000000 0.000000 0.000000 1.000000
0.976762 0.166996 -0.134342 0.000000 -0.150693 0.089392 -0.984531 3.600000 -0.152404 0.981897 0.112480 -0.000000 0.000000 0.000000 0.000000 1.000000
0.976762 0.166996 -0.134341 0.000000 -0.150693 0.089393 -0.984531 3.600000 -0.152404 0.981897 0.112481 0.000000 0.000000 0.000000 0.000000 1.000000
0.976762 0.166996 -0.134342 0.000000 -0.150694 0.089394 -0.984530 3.600000 -0.152404 0.981897 0.112482 0.000000 0.000000 0.000000 0.000000 1.000000
0.976762 0.166996 -0.134342 -0.000000 -0.150693 0.089392 -0.984531 3.600000 -0.152404 0.981897 0.112480 0.000000 0.000000 0.000000 0.000000 1.000000
0.976762 0.166997 -0.134342 0.000000 -0.150694 0.089392 -0.984531 3.600000 -0.152404 0.981897 0.112480 0.000000 0.000000 0.000000 0.000000 1.000000
0.976762 0.166996 -0.134342 0.000000 -0.150694 0.089393 -0.984531 3.600000 -0.152404 0.981897 0.112481 0.000000 0.000000 0.000000 0.000000 1.000000
0.976762 0.166996 -0.134341 0.000000 -0.150693 0.089393 -0.984531 3.600000 -0.152404 0.981897 0.112481 0.000000 0.000000 0.000000 0.000000 1.000000
0.976762 0.166996 -0.134342 -0.000000 -0.150693 0.089393 -0.984531 3.600000 -0.152404 0.981897 0.112481 -0.000000 0.000000 0.000000 0.000000 1.000000
0.976762 0.166996 -0.134342 0.000000 -0.150694 0.089393 -0.984530 3.600000 -0.152403 0.981897 0.112481 0.000000 0.000000 0.000000 0.000000 1.000000
0.976762 0.166996 -0.134341 0.000000 -0.150693 0.089392 -0.984531 3.600000 -0.152404 0.981897 0.112480 -0.000000 0.000000 0.000000 0.000000 1.000000
0.976762 0.166996 -0.134341 0.000000 -0.150693 0.089392 -0.984531 3.600000 -0.152403 0.981897 0.112480 -0.000000 0.000000 0.000000 0.000000 1.000000
0.976762 0.166996 -0.134341 -0.000000 -0.150693 0.089393 -0.984531 3.600000 -0.152404 0.981897 0.112481 -0.000000 0.000000 0.000000 0.000000 1.000000
0.976762 0.166996 -0.134341 0.000000 -0.150693 0.089392 -0.984531 3.600000 -0.152404 0.981897 0.112480 -0.000000 0.000000 0.000000 0.000000 1.000000
0.976762 0.166996 -0.134341 0.000000 -0.150693 0.089394 -0.984530 3.600000 -0.152404 0.981897 0.112481 0.000000 0.000000 0.000000 0.000000 1.000000
0.976762 0.166997 -0.134342 0.000000 -0.150693 0.089392 -0.984531 3.600000 -0.152404 0.981897 0.112480 0.000000 0.000000 0.000000 0.000000 1.000000
0.976762 0.166996 -0.134342 0.000000 -0.150693 0.089392 -0.984531 3.600000 -0.152404 0.981897 0.112480 0.000000 0.000000 0.000000 0.000000 1.000000
0.976762 0.166996 -0.134341 0.000000 -0.150693 0.089393 -0.984531 3.600000 -0.152403 0.981897 0.112481 0.000000 0.000000 0.000000 0.000000 1.000000
0.976762 0.166996 -0.134342 -0.000000 -0.150693 0.089392 -0.984531 3.600000 -0.152404 0.981897 0.112480 0.000000 0.000000 0.000000 0.000000 1.000000
0.976762 0.166996 -0.134341 0.000000 -0.150693 0.089392 -0.984531 3.600000 -0.152404 0.981897 0.112480 0.000000 0.000000 0.000000 0.000000 1.000000
0.976762 0.166996 -0.134341 -0.000000 -0.150693 0.089392 -0.984531 3.600000 -0.152403 0.981897 0.112480 0.000000 0.000000 0.000000 0.000000 1.000000
0.976762 0.166996 -0.134342 0.000000 -0.150693 0.089392 -0.984531 3.600000 -0.152404 0.981897 0.112480 -0.000000 0.000000 0.000000 0.000000 1.000000
0.976762 0.166996 -0.134342 0.000000 -0.150693 0.089393 -0.984531 3.600000 -0.152403 0.981897 0.112481 0.000000 0.000000 0.000000 0.000000 1.000000
0.976762 0.166997 -0.134341 0.000000 -0.150693 0.089394 -0.984531 3.600000 -0.152404 0.981897 0.112482 -0.000000 0.000000 0.000000 0.000000 1.000000
0.976762 0.166997 -0.134342 0.000000 -0.150694 0.089393 -0.984530 3.600000 -0.152404 0.981897 0.112481 0.000000 0.000000 0.000000 0.000000 1.000000
0.976762 0.166996 -0.134342 0.000000 -0.150694 0.089392 -0.984531 3.600000 -0.152404 0.981897 0.112480 -0.000000 0.000000 0.000000 0.000000 1.000000
0.976762 0.166996 -0.134341 0.000000 -0.150693 0.089392 -0.984531 3.600000 -0.152404 0.981897 0.112480 0.000000 0.000000 0.000000 0.000000 1.000000
0.976762 0.166996 -0.134341 0.000000 -0.150693 0.089393 -0.984531 3.600000 -0.152403 0.981897 0.112481 0.000000 0.000000 0.000000 0.000000 1.000000
0.976762 0.166996 -0.134342 0.000000 -0.150694 0.089393 -0.984531 3.600000 -0.152404 0.981897 0.112481 0.000000 0.000000 0.000000 0.000000 1.000000
0.976762 0.166996 -0.134341 -0.000000 -0.150693 0.089392 -0.984531 3.600000 -0.152404 0.981897 0.112480 0.000000 0.000000 0.000000 0.000000 1.000000
0.976763 0.166995 -0.134341 -0.000000 -0.150693 0.089393 -0.984531 3.600000 -0.152403 0.981897 0.112481 0.000000 0.000000 0.000000 0.000000 1.000000
0.976762 0.166997 -0.134342 0.000000 -0.150694 0.089393 -0.984531 3.600000 -0.152404 0.981897 0.112481 0.000000 0.000000 0.000000 0.000000 1.000000
0.976762 0.166997 -0.134342 0.000000 -0.150694 0.089393 -0.984531 3.600000 -0.152404 0.981897 0.112481 0.000000 0.000000 0.000000 0.000000 1.000000
0.976762 0.166996 -0.134341 0.000000 -0.150693 0.089393 -0.984531 3.600000 -0.152404 0.981897 0.112481 0.000000 0.000000 0.000000 0.000000 1.000000
0.976762 0.166996 -0.134341 -0.000000 -0.150693 0.089393 -0.984531 3.600000 -0.152404 0.981897 0.112480 -0.000000 0.000000 0.000000 0.000000 1.000000
0.976762 0.166996 -0.134342 0.000000 -0.150693 0.089392 -0.984531 3.600000 -0.152404 0.981897 0.112480 0.000000 0.000000 0.000000 0.000000 1.000000
0.976762 0.166996 -0.134341 -0.000000 -0.150693 0.089393 -0.984531 3.600000 -0.152403 0.981897 0.112480 0.000000 0.000000 0.000000 0.000000 1.000000
0.976762 0.166996 -0.134341 0.000000 -0.150693 0.089393 -0.984531 3.600000 -0.152404 0.981897 0.112481 0.000000 0.000000 0.000000 0.000000 1.000000
0.976762 0.166996 -0.134341 0.000000 -0.150693 0.089393 -0.984531 3.600000 -0.152404 0.981897 0.112481 -0.000000 0.000000 0.000000 0.000000 1.000000
0.976762 0.166996 -0.134342 0.000000 -0.150693 0.089393 -0.984531 3.600000 -0.152403 0.981897 0.112481 0.000000 0.000000 0.000000 0.000000 1.000000
0.976762 0.166996 -0.134341 -0.000000 -0.150693 0.089393 -0.984531 3.600000 -0.152404 0.981897 0.112481 0.000000 0.000000 0.000000 0.000000 1.000000
0.976762 0.166996 -0.134341 0.000000 -0.150693 0.089393 -0.984531 3.600000 -0.152403 0.981897 0.112481 -0.000000 0.000000 0.000000 0.000000 1.000000
0.976762 0.166996 -0.134342 0.000000 -0.150694 0.089392 -0.984531 3.600000 -0.152404 0.981897 0.112480 0.000000 0.000000 0.000000 0.000000 1.000000
0.976762 0.166996 -0.134342 0.000000 -0.150694 0.089392 -0.984531 3.600000 -0.152403 0.981897 0.112480 -0.000000 0.000000 0.000000 0.000000 1.000000
0.976762 0.166996 -0.134342 -0.000000 -0.150693 0.089392 -0.984531 3.600000 -0.152404 0.981897 0.112480 0.000000 0.000000 0.000000 0.000000 1.000000
0.976762 0.166996 -0.134342 0.000000 -0.150694 0.089392 -0.984531 3.600000 -0.152403 0.981897 0.112480 -0.000000 0.000000 0.000000 0.000000 1.000000
0.976762 0.166996 -0.134341 0.000000 -0.150693 0.089393 -0.984531 3.600000 -0.152404 0.981897 0.112481 0.000000 0.000000 0.000000 0.000000 1.000000
0.976762 0.166996 -0.134342 0.000000 -0.150693 0.089392 -0.984531 3.600000 -0.152404 0.981897 0.112480 0.000000 0.000000 0.000000 0.000000 1.000000
0.976762 0.166995 -0.134341 0.000000 -0.150693 0.089394 -0.984531 3.600000 -0.152403 0.981897 0.112481 0.000000 0.000000 0.000000 0.000000 1.000000
0.976762 0.166997 -0.134342 0.000000 -0.150693 0.089392 -0.984531 3.600000 -0.152404 0.981897 0.112480 0.000000 0.000000 0.000000 0.000000 1.000000
0.976762 0.166996 -0.134341 0.000000 -0.150693 0.089393 -0.984531 3.600000 -0.152404 0.981897 0.112480 0.000000 0.000000 0.000000 0.000000 1.000000
0.976762 0.166996 -0.134342 0.000000 -0.150693 0.089393 -0.984531 3.600000 -0.152403 0.981897 0.112481 0.000000 0.000000 0.000000 0.000000 1.000000
0.976762 0.166997 -0.134342 0.000000 -0.150693 0.089393 -0.984531 3.600000 -0.152404 0.981897 0.112481 -0.000000 0.000000 0.000000 0.000000 1.000000
0.976762 0.166996 -0.134342 0.000000 -0.150693 0.089393 -0.984531 3.600000 -0.152403 0.981897 0.112481 0.000000 0.000000 0.000000 0.000000 1.000000
0.976762 0.166996 -0.134342 0.000000 -0.150694 0.089393 -0.984531 3.600000 -0.152403 0.981897 0.112481 0.000000 0.000000 0.000000 0.000000 1.000000
0.976762 0.166997 -0.134342 0.000000 -0.150693 0.089392 -0.984531 3.600000 -0.152404 0.981897 0.112480 -0.000000 0.000000 0.000000 0.000000 1.000000
0.976762 0.166996 -0.134342 -0.000000 -0.150694 0.089393 -0.984531 3.600000 -0.152403 0.981897 0.112481 -0.000000 0.000000 0.000000 0.000000 1.000000
0.976762 0.166996 -0.134341 0.000000 -0.150693 0.089394 -0.984531 3.600000 -0.152403 0.981897 0.112481 -0.000000 0.000000 0.000000 0.000000 1.000000
0.976762 0.166996 -0.134342 0.000000 -0.150694 0.089392 -0.984531 3.600000 -0.152403 0.981897 0.112480 0.000000 0.000000 0.000000 0.000000 1.000000
0.976762 0.166996 -0.134342 0.000000 -0.150693 0.089392 -0.984531 3.600000 -0.152403 0.981897 0.112480 0.000000 0.000000 0.000000 0.000000 1.000000
0.976762 0.166996 -0.134342 -0.000000 -0.150694 0.089392 -0.984531 3.600000 -0.152404 0.981897 0.112480 0.000000 0.000000 0.000000 0.000000 1.000000
0.976762 0.166996 -0.134342 -0.000000 -0.150693 0.089391 -0.984531 3.600000 -0.152404 0.981897 0.112479 0.000000 0.000000 0.000000 0.000000 1.000000
0.976762 0.166996 -0.134342 0.000000 -0.150693 0.089393 -0.984531 3.600000 -0.152404 0.981897 0.112481 0.000000 0.000000 0.000000 0.000000 1.000000
0.976762 0.166996 -0.134342 0.000000 -0.150694 0.089392 -0.984531 3.600000 -0.152404 0.981897 0.112480 0.000000 0.000000 0.000000 0.000000 1.000000
0.976762 0.166996 -0.134342 -0.000000 -0.150694 0.089392 -0.984531 3.600000 -0.152404 0.981897 0.112480 -0.000000 0.000000 0.000000 0.000000 1.000000
0.976762 0.166997 -0.134342 0.000000 -0.150694 0.089392 -0.984531 3.600000 -0.152404 0.981897 0.112480 0.000000 0.000000 0.000000 0.000000 1.000000
0.976762 0.166996 -0.134342 0.000000 -0.150694 0.089393 -0.984531 3.600000 -0.152404 0.981897 0.112481 0.000000 0.000000 0.000000 0.000000 1.000000
0.976762 0.166996 -0.134341 0.000000 -0.150693 0.089393 -0.984531 3.600000 -0.152404 0.981897 0.112480 0.000000 0.000000 0.000000 0.000000 1.000000
0.976762 0.166997 -0.134341 0.000000 -0.150693 0.089392 -0.984531 3.600000 -0.152404 0.981897 0.112480 0.000000 0.000000 0.000000 0.000000 1.000000
0.976762 0.166996 -0.134342 0.000000 -0.150694 0.089392 -0.984531 3.600000 -0.152404 0.981897 0.112480 0.000000 0.000000 0.000000 0.000000 1.000000
0.976762 0.166996 -0.134341 0.000000 -0.150693 0.089393 -0.984531 3.600000 -0.152403 0.981897 0.112481 0.000000 0.000000 0.000000 0.000000 1.000000
0.976762 0.166996 -0.134342 0.000000 -0.150694 0.089393 -0.984530 3.600000 -0.152403 0.981897 0.112481 -0.000000 0.000000 0.000000 0.000000 1.000000
0.976762 0.166996 -0.134341 0.000000 -0.150693 0.089392 -0.984531 3.600000 -0.152404 0.981897 0.112480 0.000000 0.000000 0.000000 0.000000 1.000000</float_array>
        <technique_common>
          <accessor source="#mixamorig_LeftHandPinky2-Matrix-animation-output-transform-array" count="96" stride="16">
            <param type="float4x4"/>
          </accessor>
        </technique_common>
      </source>
      <source id="mixamorig_LeftHandPinky2-Interpolations">
        <Name_array id="mixamorig_LeftHandPinky2-Interpolations-array" count="96">
 LINEAR LINEAR LINEAR LINEAR LINEAR LINEAR LINEAR LINEAR LINEAR LINEAR LINEAR
LINEAR LINEAR LINEAR LINEAR LINEAR LINEAR LINEAR LINEAR LINEAR LINEAR LINEAR LINEAR
LINEAR LINEAR LINEAR LINEAR LINEAR LINEAR LINEAR LINEAR LINEAR LINEAR LINEAR LINEAR
LINEAR LINEAR LINEAR LINEAR LINEAR LINEAR LINEAR LINEAR LINEAR LINEAR LINEAR LINEAR
LINEAR LINEAR LINEAR LINEAR LINEAR LINEAR LINEAR LINEAR LINEAR LINEAR LINEAR LINEAR
LINEAR LINEAR LINEAR LINEAR LINEAR LINEAR LINEAR LINEAR LINEAR LINEAR LINEAR LINEAR
LINEAR LINEAR LINEAR LINEAR LINEAR LINEAR LINEAR LINEAR LINEAR LINEAR LINEAR LINEAR
LINEAR LINEAR LINEAR LINEAR LINEAR LINEAR LINEAR LINEAR LINEAR LINEAR LINEAR LINEAR
LINEAR</Name_array>
        <technique_common>
          <accessor source="#mixamorig_LeftHandPinky2-Interpolations-array" count="96">
            <param type="name"/>
          </accessor>
        </technique_common>
      </source>
      <sampler id="mixamorig_LeftHandPinky2-Matrix-animation-transform">
        <input semantic="INPUT" source="#mixamorig_LeftHandPinky2-Matrix-animation-input"/>
        <input semantic="OUTPUT" source="#mixamorig_LeftHandPinky2-Matrix-animation-output-transform"/>
        <input semantic="INTERPOLATION" source="#mixamorig_LeftHandPinky2-Interpolations"/>
      </sampler>
      <channel source="#mixamorig_LeftHandPinky2-Matrix-animation-transform" target="mixamorig_LeftHandPinky2/matrix"/>
    </animation>
    <animation id="mixamorig_LeftHandPinky3-anim" name="mixamorig_LeftHandPinky3">
      <source id="mixamorig_LeftHandPinky3-Matrix-animation-input">
        <float_array id="mixamorig_LeftHandPinky3-Matrix-animation-input-array" count="96">

0.000000 0.033333 0.066667 0.100000 0.133333 0.166667 0.200000 0.233333 0.266667 0.300000 0.333333 0.366667 0.400000 0.433333 0.466667 0.500000
0.533333 0.566667 0.600000 0.633333 0.666667 0.700000 0.733333 0.766667 0.800000 0.833333 0.866667 0.900000 0.933333 0.966667 1.000000 1.033333
1.066667 1.100000 1.133333 1.166667 1.200000 1.233333 1.266667 1.300000 1.333333 1.366667 1.400000 1.433333 1.466667 1.500000 1.533333 1.566667
1.600000 1.633333 1.666667 1.700000 1.733333 1.766667 1.800000 1.833333 1.866667 1.900000 1.933333 1.966667 2.000000 2.033333 2.066667 2.100000
2.133333 2.166667 2.200000 2.233333 2.266667 2.300000 2.333333 2.366667 2.400000 2.433333 2.466667 2.500000 2.533333 2.566667 2.600000 2.633333
2.666667 2.700000 2.733333 2.766667 2.800000 2.833333 2.866667 2.900000 2.933333 2.966667 3.000000 3.033333 3.066667 3.100000 3.133333 3.166667</float_array>
        <technique_common>
          <accessor source="#mixamorig_LeftHandPinky3-Matrix-animation-input-array" count="96">
            <param name="TIME" type="float"/>
          </accessor>
        </technique_common>
      </source>
      <source id="mixamorig_LeftHandPinky3-Matrix-animation-output-transform">
        <float_array id="mixamorig_LeftHandPinky3-Matrix-animation-output-transform-array" count="1536">

0.984987 0.146624 -0.091119 0.000000 -0.153893 0.506639 -0.848312 2.100000 -0.078219 0.849599 0.521597 -0.000000 0.000000 0.000000 0.000000 1.000000
0.984987 0.146624 -0.091118 0.000000 -0.153893 0.506640 -0.848312 2.100000 -0.078219 0.849598 0.521598 0.000000 0.000000 0.000000 0.000000 1.000000
0.984987 0.146624 -0.091119 0.000000 -0.153893 0.506639 -0.848312 2.100000 -0.078219 0.849599 0.521597 0.000000 0.000000 0.000000 0.000000 1.000000
0.984987 0.146625 -0.091118 0.000000 -0.153893 0.506639 -0.848312 2.100000 -0.078219 0.849599 0.521597 -0.000000 0.000000 0.000000 0.000000 1.000000
0.984987 0.146625 -0.091119 0.000000 -0.153893 0.506639 -0.848312 2.100000 -0.078219 0.849599 0.521597 0.000000 0.000000 0.000000 0.000000 1.000000
0.984987 0.146625 -0.091119 0.000000 -0.153893 0.506639 -0.848312 2.100000 -0.078219 0.849599 0.521597 -0.000000 0.000000 0.000000 0.000000 1.000000
0.984987 0.146624 -0.091119 0.000000 -0.153893 0.506640 -0.848312 2.100000 -0.078218 0.849598 0.521598 0.000000 0.000000 0.000000 0.000000 1.000000
0.984987 0.146624 -0.091119 0.000000 -0.153894 0.506640 -0.848312 2.100000 -0.078218 0.849598 0.521598 0.000000 0.000000 0.000000 0.000000 1.000000
0.984987 0.146624 -0.091119 0.000000 -0.153893 0.506639 -0.848312 2.100000 -0.078219 0.849599 0.521598 -0.000000 0.000000 0.000000 0.000000 1.000000
0.984987 0.146624 -0.091119 -0.000000 -0.153893 0.506639 -0.848312 2.100000 -0.078219 0.849599 0.521597 0.000000 0.000000 0.000000 0.000000 1.000000
0.984987 0.146625 -0.091119 0.000000 -0.153893 0.506639 -0.848312 2.100000 -0.078219 0.849599 0.521598 -0.000000 0.000000 0.000000 0.000000 1.000000
0.984987 0.146625 -0.091119 0.000000 -0.153894 0.506639 -0.848312 2.100000 -0.078219 0.849599 0.521597 0.000000 0.000000 0.000000 0.000000 1.000000
0.984987 0.146624 -0.091119 0.000000 -0.153893 0.506639 -0.848312 2.100000 -0.078219 0.849599 0.521597 -0.000000 0.000000 0.000000 0.000000 1.000000
0.984987 0.146625 -0.091119 0.000000 -0.153893 0.506640 -0.848312 2.100000 -0.078219 0.849598 0.521598 -0.000000 0.000000 0.000000 0.000000 1.000000
0.984987 0.146624 -0.091119 -0.000000 -0.153893 0.506639 -0.848312 2.100000 -0.078219 0.849599 0.521597 -0.000000 0.000000 0.000000 0.000000 1.000000
0.984987 0.146624 -0.091119 0.000000 -0.153893 0.506640 -0.848312 2.100000 -0.078219 0.849598 0.521598 0.000000 0.000000 0.000000 0.000000 1.000000
0.984987 0.146624 -0.091119 0.000000 -0.153893 0.506639 -0.848312 2.100000 -0.078219 0.849599 0.521597 0.000000 0.000000 0.000000 0.000000 1.000000
0.984987 0.146624 -0.091119 -0.000000 -0.153893 0.506639 -0.848312 2.100000 -0.078219 0.849599 0.521597 0.000000 0.000000 0.000000 0.000000 1.000000
0.984987 0.146625 -0.091119 0.000000 -0.153893 0.506639 -0.848312 2.100000 -0.078219 0.849599 0.521598 0.000000 0.000000 0.000000 0.000000 1.000000
0.984987 0.146625 -0.091119 0.000000 -0.153893 0.506639 -0.848312 2.100000 -0.078219 0.849599 0.521597 0.000000 0.000000 0.000000 0.000000 1.000000
0.984987 0.146624 -0.091118 0.000000 -0.153892 0.506639 -0.848312 2.100000 -0.078219 0.849599 0.521598 0.000000 0.000000 0.000000 0.000000 1.000000
0.984987 0.146624 -0.091118 0.000000 -0.153893 0.506639 -0.848312 2.100000 -0.078219 0.849599 0.521597 0.000000 0.000000 0.000000 0.000000 1.000000
0.984987 0.146624 -0.091119 0.000000 -0.153893 0.506640 -0.848312 2.100000 -0.078219 0.849598 0.521598 -0.000000 0.000000 0.000000 0.000000 1.000000
0.984987 0.146625 -0.091119 0.000000 -0.153893 0.506639 -0.848312 2.100000 -0.078220 0.849599 0.521597 0.000000 0.000000 0.000000 0.000000 1.000000
0.984987 0.146625 -0.091118 0.000000 -0.153893 0.506639 -0.848312 2.100000 -0.078220 0.849599 0.521597 0.000000 0.000000 0.000000 0.000000 1.000000
0.984987 0.146625 -0.091119 0.000000 -0.153893 0.506639 -0.848312 2.100000 -0.078219 0.849599 0.521597 0.000000 0.000000 0.000000 0.000000 1.000000
0.984987 0.146624 -0.091119 0.000000 -0.153893 0.506639 -0.848312 2.100000 -0.078219 0.849599 0.521597 0.000000 0.000000 0.000000 0.000000 1.000000
0.984987 0.146624 -0.091119 0.000000 -0.153893 0.506639 -0.848312 2.100000 -0.078218 0.849599 0.521598 0.000000 0.000000 0.000000 0.000000 1.000000
0.984987 0.146624 -0.091118 0.000000 -0.153893 0.506640 -0.848312 2.100000 -0.078219 0.849598 0.521598 0.000000 0.000000 0.000000 0.000000 1.000000
0.984987 0.146625 -0.091118 -0.000000 -0.153893 0.506640 -0.848312 2.100000 -0.078219 0.849598 0.521598 0.000000 0.000000 0.000000 0.000000 1.000000
0.984987 0.146624 -0.091119 0.000000 -0.153893 0.506639 -0.848312 2.100000 -0.078219 0.849599 0.521597 0.000000 0.000000 0.000000 0.000000 1.000000
0.984987 0.146625 -0.091119 0.000000 -0.153893 0.506640 -0.848312 2.100000 -0.078219 0.849598 0.521598 0.000000 0.000000 0.000000 0.000000 1.000000
0.984987 0.146624 -0.091118 0.000000 -0.153893 0.506639 -0.848312 2.100000 -0.078219 0.849599 0.521597 0.000000 0.000000 0.000000 0.000000 1.000000
0.984987 0.146625 -0.091118 0.000000 -0.153893 0.506640 -0.848312 2.100000 -0.078219 0.849599 0.521598 -0.000000 0.000000 0.000000 0.000000 1.000000
0.984987 0.146624 -0.091119 -0.000000 -0.153893 0.506639 -0.848312 2.100000 -0.078219 0.849599 0.521597 0.000000 0.000000 0.000000 0.000000 1.000000
0.984987 0.146625 -0.091118 0.000000 -0.153893 0.506639 -0.848312 2.100000 -0.078219 0.849599 0.521597 -0.000000 0.000000 0.000000 0.000000 1.000000
0.984987 0.146625 -0.091119 0.000000 -0.153893 0.506639 -0.848312 2.100000 -0.078219 0.849599 0.521598 -0.000000 0.000000 0.000000 0.000000 1.000000
0.984987 0.146625 -0.091118 0.000000 -0.153893 0.506639 -0.848312 2.100000 -0.078219 0.849599 0.521597 0.000000 0.000000 0.000000 0.000000 1.000000
0.984987 0.146624 -0.091118 0.000000 -0.153893 0.506639 -0.848312 2.100000 -0.078219 0.849599 0.521597 0.000000 0.000000 0.000000 0.000000 1.000000
0.984987 0.146624 -0.091119 0.000000 -0.153893 0.506640 -0.848312 2.100000 -0.078218 0.849598 0.521598 0.000000 0.000000 0.000000 0.000000 1.000000
0.984987 0.146624 -0.091119 0.000000 -0.153893 0.506639 -0.848312 2.100000 -0.078219 0.849599 0.521597 0.000000 0.000000 0.000000 0.000000 1.000000
0.984987 0.146624 -0.091119 0.000000 -0.153893 0.506639 -0.848312 2.100000 -0.078219 0.849599 0.521597 0.000000 0.000000 0.000000 0.000000 1.000000
0.984987 0.146624 -0.091118 0.000000 -0.153893 0.506639 -0.848312 2.100000 -0.078219 0.849599 0.521597 -0.000000 0.000000 0.000000 0.000000 1.000000
0.984987 0.146624 -0.091119 0.000000 -0.153893 0.506639 -0.848312 2.100000 -0.078219 0.849599 0.521598 -0.000000 0.000000 0.000000 0.000000 1.000000
0.984987 0.146625 -0.091119 0.000000 -0.153893 0.506639 -0.848312 2.100000 -0.078220 0.849598 0.521598 0.000000 0.000000 0.000000 0.000000 1.000000
0.984987 0.146625 -0.091118 0.000000 -0.153893 0.506639 -0.848312 2.100000 -0.078219 0.849599 0.521597 0.000000 0.000000 0.000000 0.000000 1.000000
0.984987 0.146624 -0.091118 0.000000 -0.153893 0.506639 -0.848312 2.100000 -0.078219 0.849599 0.521597 -0.000000 0.000000 0.000000 0.000000 1.000000
0.984987 0.146624 -0.091118 0.000000 -0.153893 0.506639 -0.848312 2.100000 -0.078219 0.849599 0.521597 0.000000 0.000000 0.000000 0.000000 1.000000
0.984987 0.146624 -0.091119 0.000000 -0.153894 0.506639 -0.848312 2.100000 -0.078219 0.849599 0.521598 0.000000 0.000000 0.000000 0.000000 1.000000
0.984987 0.146624 -0.091119 0.000000 -0.153893 0.506640 -0.848312 2.100000 -0.078219 0.849599 0.521598 -0.000000 0.000000 0.000000 0.000000 1.000000
0.984987 0.146624 -0.091118 0.000000 -0.153893 0.506639 -0.848312 2.100000 -0.078219 0.849599 0.521598 0.000000 0.000000 0.000000 0.000000 1.000000
0.984987 0.146624 -0.091118 0.000000 -0.153893 0.506639 -0.848312 2.100000 -0.078219 0.849599 0.521598 0.000000 0.000000 0.000000 0.000000 1.000000
0.984987 0.146624 -0.091118 0.000000 -0.153893 0.506639 -0.848313 2.100000 -0.078219 0.849599 0.521597 0.000000 0.000000 0.000000 0.000000 1.000000
0.984987 0.146625 -0.091118 0.000000 -0.153893 0.506640 -0.848312 2.100000 -0.078219 0.849598 0.521598 -0.000000 0.000000 0.000000 0.000000 1.000000
0.984987 0.146624 -0.091118 0.000000 -0.153892 0.506639 -0.848312 2.100000 -0.078219 0.849599 0.521597 0.000000 0.000000 0.000000 0.000000 1.000000
0.984987 0.146624 -0.091119 0.000000 -0.153893 0.506639 -0.848313 2.100000 -0.078219 0.849599 0.521597 0.000000 0.000000 0.000000 0.000000 1.000000
0.984987 0.146624 -0.091119 0.000000 -0.153894 0.506639 -0.848312 2.100000 -0.078219 0.849599 0.521598 0.000000 0.000000 0.000000 0.000000 1.000000
0.984987 0.146624 -0.091119 0.000000 -0.153893 0.506640 -0.848312 2.100000 -0.078219 0.849598 0.521598 0.000000 0.000000 0.000000 0.000000 1.000000
0.984987 0.146625 -0.091118 0.000000 -0.153893 0.506639 -0.848312 2.100000 -0.078220 0.849599 0.521597 -0.000000 0.000000 0.000000 0.000000 1.000000
0.984987 0.146624 -0.091119 -0.000000 -0.153894 0.506639 -0.848312 2.100000 -0.078219 0.849599 0.521597 -0.000000 0.000000 0.000000 0.000000 1.000000
0.984987 0.146625 -0.091118 0.000000 -0.153893 0.506640 -0.848312 2.100000 -0.078219 0.849598 0.521598 -0.000000 0.000000 0.000000 0.000000 1.000000
0.984987 0.146624 -0.091119 0.000000 -0.153893 0.506639 -0.848312 2.100000 -0.078219 0.849599 0.521597 0.000000 0.000000 0.000000 0.000000 1.000000
0.984987 0.146624 -0.091119 -0.000000 -0.153893 0.506639 -0.848312 2.100000 -0.078219 0.849599 0.521597 0.000000 0.000000 0.000000 0.000000 1.000000
0.984987 0.146624 -0.091119 0.000000 -0.153893 0.506639 -0.848312 2.100000 -0.078219 0.849599 0.521597 0.000000 0.000000 0.000000 0.000000 1.000000
0.984987 0.146624 -0.091119 -0.000000 -0.153893 0.506639 -0.848312 2.100000 -0.078219 0.849599 0.521597 0.000000 0.000000 0.000000 0.000000 1.000000
0.984987 0.146624 -0.091118 0.000000 -0.153893 0.506639 -0.848312 2.100000 -0.078219 0.849599 0.521597 0.000000 0.000000 0.000000 0.000000 1.000000
0.984987 0.146625 -0.091119 0.000000 -0.153893 0.506639 -0.848312 2.100000 -0.078219 0.849599 0.521597 0.000000 0.000000 0.000000 0.000000 1.000000
0.984987 0.146625 -0.091119 0.000000 -0.153893 0.506640 -0.848312 2.100000 -0.078219 0.849598 0.521598 0.000000 0.000000 0.000000 0.000000 1.000000
0.984987 0.146625 -0.091119 0.000000 -0.153894 0.506640 -0.848312 2.100000 -0.078219 0.849598 0.521598 0.000000 0.000000 0.000000 0.000000 1.000000
0.984987 0.146625 -0.091119 0.000000 -0.153893 0.506640 -0.848312 2.100000 -0.078219 0.849598 0.521598 -0.000000 0.000000 0.000000 0.000000 1.000000
0.984987 0.146625 -0.091119 0.000000 -0.153894 0.506640 -0.848312 2.100000 -0.078219 0.849598 0.521598 0.000000 0.000000 0.000000 0.000000 1.000000
0.984987 0.146625 -0.091119 0.000000 -0.153893 0.506639 -0.848312 2.100000 -0.078219 0.849599 0.521597 0.000000 0.000000 0.000000 0.000000 1.000000
0.984987 0.146624 -0.091118 -0.000000 -0.153893 0.506639 -0.848312 2.100000 -0.078219 0.849599 0.521598 -0.000000 0.000000 0.000000 0.000000 1.000000
0.984987 0.146625 -0.091119 0.000000 -0.153894 0.506639 -0.848312 2.100000 -0.078219 0.849599 0.521598 0.000000 0.000000 0.000000 0.000000 1.000000
0.984987 0.146625 -0.091119 0.000000 -0.153893 0.506639 -0.848312 2.100000 -0.078219 0.849599 0.521597 -0.000000 0.000000 0.000000 0.000000 1.000000
0.984987 0.146624 -0.091118 0.000000 -0.153893 0.506639 -0.848312 2.100000 -0.078219 0.849599 0.521597 0.000000 0.000000 0.000000 0.000000 1.000000
0.984987 0.146624 -0.091119 0.000000 -0.153893 0.506639 -0.848312 2.100000 -0.078219 0.849599 0.521597 -0.000000 0.000000 0.000000 0.000000 1.000000
0.984987 0.146625 -0.091119 -0.000000 -0.153893 0.506639 -0.848312 2.100000 -0.078219 0.849599 0.521598 0.000000 0.000000 0.000000 0.000000 1.000000
0.984987 0.146624 -0.091119 0.000000 -0.153893 0.506640 -0.848312 2.100000 -0.078219 0.849599 0.521598 0.000000 0.000000 0.000000 0.000000 1.000000
0.984987 0.146625 -0.091118 0.000000 -0.153893 0.506639 -0.848312 2.100000 -0.078219 0.849599 0.521598 0.000000 0.000000 0.000000 0.000000 1.000000
0.984987 0.146625 -0.091119 0.000000 -0.153893 0.506639 -0.848312 2.100000 -0.078219 0.849599 0.521597 0.000000 0.000000 0.000000 0.000000 1.000000
0.984987 0.146625 -0.091118 -0.000000 -0.153893 0.506640 -0.848312 2.100000 -0.078219 0.849598 0.521598 0.000000 0.000000 0.000000 0.000000 1.000000
0.984987 0.146624 -0.091118 0.000000 -0.153893 0.506639 -0.848312 2.100000 -0.078219 0.849599 0.521598 0.000000 0.000000 0.000000 0.000000 1.000000
0.984987 0.146624 -0.091119 0.000000 -0.153893 0.506639 -0.848312 2.100000 -0.078219 0.849599 0.521598 0.000000 0.000000 0.000000 0.000000 1.000000
0.984987 0.146624 -0.091118 0.000000 -0.153893 0.506640 -0.848312 2.100000 -0.078219 0.849598 0.521598 0.000000 0.000000 0.000000 0.000000 1.000000
0.984987 0.146625 -0.091118 -0.000000 -0.153893 0.506639 -0.848312 2.100000 -0.078219 0.849599 0.521597 0.000000 0.000000 0.000000 0.000000 1.000000
0.984987 0.146625 -0.091118 0.000000 -0.153893 0.506640 -0.848312 2.100000 -0.078219 0.849598 0.521598 -0.000000 0.000000 0.000000 0.000000 1.000000
0.984987 0.146624 -0.091118 0.000000 -0.153893 0.506639 -0.848312 2.100000 -0.078219 0.849599 0.521597 0.000000 0.000000 0.000000 0.000000 1.000000
0.984987 0.146624 -0.091119 0.000000 -0.153893 0.506639 -0.848312 2.100000 -0.078219 0.849599 0.521597 0.000000 0.000000 0.000000 0.000000 1.000000
0.984987 0.146624 -0.091118 0.000000 -0.153893 0.506639 -0.848312 2.100000 -0.078219 0.849599 0.521597 -0.000000 0.000000 0.000000 0.000000 1.000000
0.984987 0.146624 -0.091119 0.000000 -0.153893 0.506639 -0.848312 2.100000 -0.078219 0.849599 0.521597 -0.000000 0.000000 0.000000 0.000000 1.000000
0.984987 0.146625 -0.091119 0.000000 -0.153894 0.506639 -0.848312 2.100000 -0.078219 0.849599 0.521598 0.000000 0.000000 0.000000 0.000000 1.000000
0.984987 0.146624 -0.091118 0.000000 -0.153893 0.506639 -0.848312 2.100000 -0.078219 0.849599 0.521597 0.000000 0.000000 0.000000 0.000000 1.000000
0.984987 0.146624 -0.091119 0.000000 -0.153893 0.506639 -0.848312 2.100000 -0.078218 0.849599 0.521597 0.000000 0.000000 0.000000 0.000000 1.000000
0.984987 0.146625 -0.091119 0.000000 -0.153894 0.506639 -0.848312 2.100000 -0.078220 0.849599 0.521597 -0.000000 0.000000 0.000000 0.000000 1.000000
0.984987 0.146624 -0.091119 0.000000 -0.153893 0.506640 -0.848312 2.100000 -0.078219 0.849598 0.521598 0.000000 0.000000 0.000000 0.000000 1.000000</float_array>
        <technique_common>
          <accessor source="#mixamorig_LeftHandPinky3-Matrix-animation-output-transform-array" count="96" stride="16">
            <param type="float4x4"/>
          </accessor>
        </technique_common>
      </source>
      <source id="mixamorig_LeftHandPinky3-Interpolations">
        <Name_array id="mixamorig_LeftHandPinky3-Interpolations-array" count="96">
 LINEAR LINEAR LINEAR LINEAR LINEAR LINEAR LINEAR LINEAR LINEAR LINEAR LINEAR
LINEAR LINEAR LINEAR LINEAR LINEAR LINEAR LINEAR LINEAR LINEAR LINEAR LINEAR LINEAR
LINEAR LINEAR LINEAR LINEAR LINEAR LINEAR LINEAR LINEAR LINEAR LINEAR LINEAR LINEAR
LINEAR LINEAR LINEAR LINEAR LINEAR LINEAR LINEAR LINEAR LINEAR LINEAR LINEAR LINEAR
LINEAR LINEAR LINEAR LINEAR LINEAR LINEAR LINEAR LINEAR LINEAR LINEAR LINEAR LINEAR
LINEAR LINEAR LINEAR LINEAR LINEAR LINEAR LINEAR LINEAR LINEAR LINEAR LINEAR LINEAR
LINEAR LINEAR LINEAR LINEAR LINEAR LINEAR LINEAR LINEAR LINEAR LINEAR LINEAR LINEAR
LINEAR LINEAR LINEAR LINEAR LINEAR LINEAR LINEAR LINEAR LINEAR LINEAR LINEAR LINEAR
LINEAR</Name_array>
        <technique_common>
          <accessor source="#mixamorig_LeftHandPinky3-Interpolations-array" count="96">
            <param type="name"/>
          </accessor>
        </technique_common>
      </source>
      <sampler id="mixamorig_LeftHandPinky3-Matrix-animation-transform">
        <input semantic="INPUT" source="#mixamorig_LeftHandPinky3-Matrix-animation-input"/>
        <input semantic="OUTPUT" source="#mixamorig_LeftHandPinky3-Matrix-animation-output-transform"/>
        <input semantic="INTERPOLATION" source="#mixamorig_LeftHandPinky3-Interpolations"/>
      </sampler>
      <channel source="#mixamorig_LeftHandPinky3-Matrix-animation-transform" target="mixamorig_LeftHandPinky3/matrix"/>
    </animation>
    <animation id="mixamorig_RightUpLeg-anim" name="mixamorig_RightUpLeg">
      <source id="mixamorig_RightUpLeg-Matrix-animation-input">
        <float_array id="mixamorig_RightUpLeg-Matrix-animation-input-array" count="96">

0.000000 0.033333 0.066667 0.100000 0.133333 0.166667 0.200000 0.233333 0.266667 0.300000 0.333333 0.366667 0.400000 0.433333 0.466667 0.500000
0.533333 0.566667 0.600000 0.633333 0.666667 0.700000 0.733333 0.766667 0.800000 0.833333 0.866667 0.900000 0.933333 0.966667 1.000000 1.033333
1.066667 1.100000 1.133333 1.166667 1.200000 1.233333 1.266667 1.300000 1.333333 1.366667 1.400000 1.433333 1.466667 1.500000 1.533333 1.566667
1.600000 1.633333 1.666667 1.700000 1.733333 1.766667 1.800000 1.833333 1.866667 1.900000 1.933333 1.966667 2.000000 2.033333 2.066667 2.100000
2.133333 2.166667 2.200000 2.233333 2.266667 2.300000 2.333333 2.366667 2.400000 2.433333 2.466667 2.500000 2.533333 2.566667 2.600000 2.633333
2.666667 2.700000 2.733333 2.766667 2.800000 2.833333 2.866667 2.900000 2.933333 2.966667 3.000000 3.033333 3.066667 3.100000 3.133333 3.166667</float_array>
        <technique_common>
          <accessor source="#mixamorig_RightUpLeg-Matrix-animation-input-array" count="96">
            <param name="TIME" type="float"/>
          </accessor>
        </technique_common>
      </source>
      <source id="mixamorig_RightUpLeg-Matrix-animation-output-transform">
        <float_array id="mixamorig_RightUpLeg-Matrix-animation-output-transform-array" count="1536">

-0.805295 -0.480616 -0.347144 -8.207800 0.277588 -0.823035 0.495538 -6.771800 -0.523875 0.302691 0.796199 -1.512200 0.000000 0.000000 0.000000 1.000000
-0.807670 -0.482521 -0.338885 -8.207800 0.292514 -0.826917 0.480253 -6.771800 -0.511962 0.288757 0.809021 -1.512200 0.000000 0.000000 0.000000 1.000000
-0.819357 -0.476486 -0.318771 -8.207800 0.312244 -0.837250 0.448905 -6.771800 -0.480788 0.268279 0.834787 -1.512200 0.000000 0.000000 0.000000 1.000000
-0.834700 -0.458714 -0.304726 -8.207800 0.331412 -0.860333 0.387290 -6.771800 -0.439821 0.222281 0.870143 -1.512200 0.000000 0.000000 0.000000 1.000000
-0.854333 -0.425635 -0.298245 -8.207800 0.340781 -0.892038 0.296877 -6.771800 -0.392407 0.151995 0.907146 -1.512200 0.000000 0.000000 0.000000 1.000000
-0.890021 -0.384418 -0.245125 -8.207800 0.312817 -0.906024 0.285072 -6.771800 -0.331676 0.177040 0.926633 -1.512200 0.000000 0.000000 0.000000 1.000000
-0.936438 -0.316582 -0.151196 -8.207800 0.228425 -0.877281 0.422137 -6.771800 -0.266282 0.360768 0.893835 -1.512200 0.000000 0.000000 0.000000 1.000000
-0.971947 -0.224235 -0.070984 -8.207800 0.135029 -0.779082 0.612208 -6.771800 -0.192581 0.585449 0.787504 -1.512200 0.000000 0.000000 0.000000 1.000000
-0.989611 -0.135979 -0.046695 -8.207800 0.057907 -0.674248 0.736231 -6.771800 -0.131596 0.725879 0.675117 -1.512200 0.000000 0.000000 0.000000 1.000000
-0.995624 -0.080042 -0.048232 -8.207800 0.014743 -0.644198 0.764716 -6.771800 -0.092281 0.760659 0.642559 -1.512200 0.000000 0.000000 0.000000 1.000000
-0.995271 -0.083347 -0.049881 -8.207800 0.023136 -0.702165 0.711638 -6.771800 -0.094337 0.707119 0.700773 -1.512200 0.000000 0.000000 0.000000 1.000000
-0.994181 -0.092856 -0.054610 -8.207800 0.036013 -0.764265 0.643895 -6.771800 -0.101527 0.638182 0.763162 -1.512200 0.000000 0.000000 0.000000 1.000000
-0.994985 -0.073381 -0.067975 -8.207800 0.017173 -0.794797 0.606632 -6.771800 -0.098542 0.602423 0.792071 -1.512200 0.000000 0.000000 0.000000 1.000000
-0.995917 -0.041282 -0.080282 -8.207800 -0.014062 -0.807513 0.589682 -6.771800 -0.089172 0.588404 0.803635 -1.512200 0.000000 0.000000 0.000000 1.000000
-0.996568 -0.009106 -0.082280 -8.207800 -0.040245 -0.815276 0.577673 -6.771800 -0.072342 0.579001 0.812111 -1.512200 0.000000 0.000000 0.000000 1.000000
-0.996790 0.019626 -0.077617 -8.207800 -0.060301 -0.821769 0.566621 -6.771800 -0.052663 0.569483 0.820314 -1.512200 0.000000 0.000000 0.000000 1.000000
-0.996300 0.048987 -0.070612 -8.207800 -0.080168 -0.825795 0.558243 -6.771800 -0.030965 0.561838 0.826667 -1.512200 0.000000 0.000000 0.000000 1.000000
-0.995493 0.071843 -0.061908 -8.207800 -0.094222 -0.823485 0.559460 -6.771800 -0.010787 0.562772 0.826542 -1.512200 0.000000 0.000000 0.000000 1.000000
-0.994548 0.090149 -0.052422 -8.207800 -0.103890 -0.812952 0.572988 -6.771800 0.009038 0.575310 0.817885 -1.512200 0.000000 0.000000 0.000000 1.000000
-0.993759 0.107298 -0.030496 -8.207800 -0.104542 -0.800511 0.590129 -6.771800 0.038907 0.589634 0.806733 -1.512200 0.000000 0.000000 0.000000 1.000000
-0.994063 0.106690 -0.021352 -8.207800 -0.098724 -0.801909 0.589233 -6.771800 0.045743 0.587843 0.807681 -1.512200 0.000000 0.000000 0.000000 1.000000
-0.994548 0.103497 -0.012788 -8.207800 -0.092105 -0.814258 0.573150 -6.771800 0.048906 0.571203 0.819351 -1.512200 0.000000 0.000000 0.000000 1.000000
-0.995796 0.090495 -0.014166 -8.207800 -0.082846 -0.823852 0.560718 -6.771800 0.039072 0.559535 0.827885 -1.512200 0.000000 0.000000 0.000000 1.000000
-0.997081 0.074596 -0.016265 -8.207800 -0.070935 -0.826318 0.558719 -6.771800 0.028238 0.558242 0.829197 -1.512200 0.000000 0.000000 0.000000 1.000000
-0.998269 0.057253 -0.013439 -8.207800 -0.055052 -0.829383 0.555961 -6.771800 0.020684 0.555739 0.831100 -1.512200 0.000000 0.000000 0.000000 1.000000
-0.999206 0.039727 -0.003163 -8.207800 -0.035185 -0.842124 0.538136 -6.771800 0.018715 0.537819 0.842852 -1.512200 0.000000 0.000000 0.000000 1.000000
-0.999574 0.026790 0.011541 -8.207800 -0.017039 -0.857367 0.514423 -6.771800 0.023676 0.514008 0.857459 -1.512200 0.000000 0.000000 0.000000 1.000000
-0.999472 0.021411 0.024459 -8.207800 -0.006608 -0.870544 0.492047 -6.771800 0.031827 0.491625 0.870225 -1.512200 0.000000 0.000000 0.000000 1.000000
-0.999186 0.017552 0.036332 -8.207800 0.001841 -0.879668 0.475586 -6.771800 0.040308 0.475265 0.878919 -1.512200 0.000000 0.000000 0.000000 1.000000
-0.998777 0.010312 0.048354 -8.207800 0.013127 -0.887605 0.460419 -6.771800 0.047667 0.460491 0.886384 -1.512200 0.000000 0.000000 0.000000 1.000000
-0.998152 0.001262 0.060753 -8.207800 0.025842 -0.896054 0.443192 -6.771800 0.054997 0.443943 0.894366 -1.512200 0.000000 0.000000 0.000000 1.000000
-0.997447 -0.007376 0.071030 -8.207800 0.036879 -0.904957 0.423903 -6.771800 0.061153 0.425440 0.902918 -1.512200 0.000000 0.000000 0.000000 1.000000
-0.996775 -0.014107 0.078992 -8.207800 0.045541 -0.909977 0.412150 -6.771800 0.066067 0.414418 0.907685 -1.512200 0.000000 0.000000 0.000000 1.000000
-0.996120 -0.020290 0.085634 -8.207800 0.052770 -0.916426 0.396709 -6.771800 0.070428 0.399688 0.913941 -1.512200 0.000000 0.000000 0.000000 1.000000
-0.994973 -0.029693 0.095645 -8.207800 0.063400 -0.926047 0.372045 -6.771800 0.077525 0.376238 0.923274 -1.512200 0.000000 0.000000 0.000000 1.000000
-0.993063 -0.045263 0.108526 -8.207800 0.079988 -0.936535 0.341327 -6.771800 0.086189 0.347639 0.933659 -1.512200 0.000000 0.000000 0.000000 1.000000
-0.990858 -0.060502 0.120581 -8.207800 0.096298 -0.943161 0.318079 -6.771800 0.094482 0.326783 0.940365 -1.512200 0.000000 0.000000 0.000000 1.000000
-0.988886 -0.073093 0.129466 -8.207800 0.109302 -0.947713 0.299820 -6.771800 0.100782 0.310639 0.945170 -1.512200 0.000000 0.000000 0.000000 1.000000
-0.986788 -0.094758 0.131416 -8.207800 0.128505 -0.951752 0.278666 -6.771800 0.098669 0.291872 0.951354 -1.512200 0.000000 0.000000 0.000000 1.000000
-0.986200 -0.103507 0.129212 -8.207800 0.140912 -0.934491 0.326910 -6.771800 0.086911 0.340606 0.936181 -1.512200 0.000000 0.000000 0.000000 1.000000
-0.995057 -0.086428 0.048913 -8.207800 0.098718 -0.914490 0.392381 -6.771800 0.010818 0.395270 0.918501 -1.512200 0.000000 0.000000 0.000000 1.000000
-0.995949 -0.081288 -0.038443 -8.207800 0.052098 -0.870101 0.490113 -6.771800 -0.073289 0.486125 0.870811 -1.512200 0.000000 0.000000 0.000000 1.000000
-0.989401 -0.094237 -0.110473 -8.207800 0.034431 -0.891356 0.451994 -6.771800 -0.141065 0.443400 0.885154 -1.512200 0.000000 0.000000 0.000000 1.000000
-0.979064 -0.107036 -0.173138 -8.207800 0.037934 -0.931625 0.361437 -6.771800 -0.199986 0.347302 0.916180 -1.512200 0.000000 0.000000 0.000000 1.000000
-0.971442 -0.112618 -0.208849 -8.207800 0.051551 -0.959336 0.277518 -6.771800 -0.231610 0.258827 0.937745 -1.512200 0.000000 0.000000 0.000000 1.000000
-0.971790 -0.127635 -0.198327 -8.207800 0.070865 -0.960073 0.270626 -6.771800 -0.224950 0.248937 0.942034 -1.512200 0.000000 0.000000 0.000000 1.000000
-0.974772 -0.128857 -0.182250 -8.207800 0.062054 -0.940786 0.333273 -6.771800 -0.214402 0.313555 0.925048 -1.512200 0.000000 0.000000 0.000000 1.000000
-0.980308 -0.115784 -0.159968 -8.207800 0.041333 -0.912437 0.407124 -6.771800 -0.193099 0.392495 0.899255 -1.512200 0.000000 0.000000 0.000000 1.000000
-0.987484 -0.088851 -0.130308 -8.207800 0.024472 -0.902525 0.429941 -6.771800 -0.155807 0.421371 0.893404 -1.512200 0.000000 0.000000 0.000000 1.000000
-0.994129 -0.057143 -0.091882 -8.207800 0.014289 -0.911068 0.412008 -6.771800 -0.107254 0.408276 0.906536 -1.512200 0.000000 0.000000 0.000000 1.000000
-0.998196 -0.031447 -0.051144 -8.207800 0.009230 -0.922105 0.386830 -6.771800 -0.059325 0.385660 0.920732 -1.512200 0.000000 0.000000 0.000000 1.000000
-0.999756 -0.011349 -0.018963 -8.207800 0.003574 -0.929795 0.368059 -6.771800 -0.021809 0.367902 0.929609 -1.512200 0.000000 0.000000 0.000000 1.000000
-0.999962 0.003455 0.007991 -8.207800 -0.000405 -0.935327 0.353785 -6.771800 0.008696 0.353768 0.935293 -1.512200 0.000000 0.000000 0.000000 1.000000
-0.999444 0.018234 0.027919 -8.207800 -0.008303 -0.946956 0.321255 -6.771800 0.032296 0.320844 0.946581 -1.512200 0.000000 0.000000 0.000000 1.000000
-0.998506 0.028940 0.046354 -8.207800 -0.014297 -0.957060 0.289536 -6.771800 0.052743 0.288441 0.956044 -1.512200 0.000000 0.000000 0.000000 1.000000
-0.997997 0.037344 0.051057 -8.207800 -0.023247 -0.967186 0.253003 -6.771800 0.058830 0.251309 0.966117 -1.512200 0.000000 0.000000 0.000000 1.000000
-0.998025 0.040828 0.047746 -8.207800 -0.029213 -0.974462 0.222646 -6.771800 0.055617 0.220811 0.973730 -1.512200 0.000000 0.000000 0.000000 1.000000
-0.998456 0.040110 0.038427 -8.207800 -0.032088 -0.981181 0.190408 -6.771800 0.045341 0.188881 0.980953 -1.512200 0.000000 0.000000 0.000000 1.000000
-0.999022 0.038232 0.022224 -8.207800 -0.034418 -0.987766 0.152101 -6.771800 0.027767 0.151187 0.988115 -1.512200 0.000000 0.000000 0.000000 1.000000
-0.999446 0.033033 0.004028 -8.207800 -0.032438 -0.994088 0.103623 -6.771800 0.007427 0.103435 0.994608 -1.512200 0.000000 0.000000 0.000000 1.000000
-0.999419 0.026559 -0.021351 -8.207800 -0.027392 -0.998836 0.039709 -6.771800 -0.020272 0.040271 0.998983 -1.512200 0.000000 0.000000 0.000000 1.000000
-0.998474 0.022751 -0.050316 -8.207800 -0.021954 -0.999625 -0.016338 -6.771800 -0.050668 -0.015209 0.998600 -1.512200 0.000000 0.000000 0.000000 1.000000
-0.996616 0.023148 -0.078870 -8.207800 -0.018066 -0.997751 -0.064548 -6.771800 -0.080187 -0.062905 0.994793 -1.512200 0.000000 0.000000 0.000000 1.000000
-0.992460 0.032657 -0.118135 -8.207800 -0.018852 -0.993054 -0.116138 -6.771800 -0.121107 -0.113035 0.986183 -1.512200 0.000000 0.000000 0.000000 1.000000
-0.983943 0.042401 -0.173372 -8.207800 -0.015468 -0.987975 -0.153838 -6.771800 -0.177810 -0.148686 0.972767 -1.512200 0.000000 0.000000 0.000000 1.000000
-0.970014 0.032178 -0.240910 -8.207800 0.001908 -0.990159 -0.139936 -6.771800 -0.243042 -0.136199 0.960406 -1.512200 0.000000 0.000000 0.000000 1.000000
-0.948498 0.020362 -0.316127 -8.207800 0.016764 -0.993307 -0.114278 -6.771800 -0.316338 -0.113692 0.941809 -1.512200 0.000000 0.000000 0.000000 1.000000
-0.931036 0.015633 -0.364592 -8.207800 0.031505 -0.991909 -0.122983 -6.771800 -0.363565 -0.125988 0.923010 -1.512200 0.000000 0.000000 0.000000 1.000000
-0.919485 -0.014768 -0.392848 -8.207800 0.064471 -0.991429 -0.113629 -6.771800 -0.387803 -0.129807 0.912556 -1.512200 0.000000 0.000000 0.000000 1.000000
-0.910836 -0.065582 -0.407525 -8.207800 0.107570 -0.990895 -0.080961 -6.771800 -0.398505 -0.117580 0.909598 -1.512200 0.000000 0.000000 0.000000 1.000000
-0.897449 -0.111383 -0.426824 -8.207800 0.140821 -0.989308 -0.037927 -6.771800 -0.418036 -0.094143 0.903539 -1.512200 0.000000 0.000000 0.000000 1.000000
-0.892355 -0.160621 -0.421786 -8.207800 0.179299 -0.983783 -0.004699 -6.771800 -0.414191 -0.079819 0.906683 -1.512200 0.000000 0.000000 0.000000 1.000000
-0.895785 -0.213984 -0.389591 -8.207800 0.222924 -0.974571 0.022719 -6.771800 -0.384545 -0.066498 0.920708 -1.512200 0.000000 0.000000 0.000000 1.000000
-0.898636 -0.265903 -0.348924 -8.207800 0.253594 -0.963878 0.081421 -6.771800 -0.357971 -0.015317 0.933607 -1.512200 0.000000 0.000000 0.000000 1.000000
-0.900631 -0.315156 -0.299235 -8.207800 0.282226 -0.947748 0.148736 -6.771800 -0.330474 0.049505 0.942516 -1.512200 0.000000 0.000000 0.000000 1.000000
-0.901572 -0.362364 -0.236348 -8.207800 0.307411 -0.920976 0.239376 -6.771800 -0.304412 0.143159 0.941721 -1.512200 0.000000 0.000000 0.000000 1.000000
-0.905268 -0.396248 -0.153225 -8.207800 0.331670 -0.884553 0.327964 -6.771800 -0.265490 0.246075 0.932181 -1.512200 0.000000 0.000000 0.000000 1.000000
-0.910039 -0.411360 -0.051112 -8.207800 0.362851 -0.850137 0.381583 -6.771800 -0.200421 0.328709 0.922920 -1.512200 0.000000 0.000000 0.000000 1.000000
-0.920452 -0.389817 -0.028483 -8.207800 0.375929 -0.902894 0.208471 -6.771800 -0.106983 0.181180 0.977614 -1.512200 0.000000 0.000000 0.000000 1.000000
-0.935544 -0.352393 -0.024029 -8.207800 0.350721 -0.934860 0.055069 -6.771800 -0.041870 0.043092 0.998193 -1.512200 0.000000 0.000000 0.000000 1.000000
-0.948273 -0.317421 -0.004767 -8.207800 0.317383 -0.947623 -0.035747 -6.771800 0.006829 -0.035411 0.999350 -1.512200 0.000000 0.000000 0.000000 1.000000
-0.946403 -0.321585 0.030074 -8.207800 0.317497 -0.943367 -0.096196 -6.771800 0.059306 -0.081492 0.994908 -1.512200 0.000000 0.000000 0.000000 1.000000
-0.911394 -0.406380 0.064926 -8.207800 0.397102 -0.909834 -0.120469 -6.771800 0.108028 -0.084012 0.990592 -1.512200 0.000000 0.000000 0.000000 1.000000
-0.862972 -0.495618 0.098192 -8.207800 0.486990 -0.867700 -0.099691 -6.771800 0.134610 -0.038212 0.990162 -1.512200 0.000000 0.000000 0.000000 1.000000
-0.812133 -0.570693 0.121445 -8.207800 0.568162 -0.820871 -0.057993 -6.771800 0.132787 0.021902 0.990903 -1.512200 0.000000 0.000000 0.000000 1.000000
-0.790480 -0.607528 0.077791 -8.207800 0.605781 -0.794236 -0.047089 -6.771800 0.090392 0.009901 0.995857 -1.512200 0.000000 0.000000 0.000000 1.000000
-0.770979 -0.636255 0.027778 -8.207800 0.635434 -0.771437 -0.033293 -6.771800 0.042612 -0.008017 0.999060 -1.512200 0.000000 0.000000 0.000000 1.000000
-0.763435 -0.645749 -0.013234 -8.207800 0.645816 -0.763493 -0.001068 -6.771800 -0.009414 -0.009362 0.999912 -1.512200 0.000000 0.000000 0.000000 1.000000
-0.754842 -0.655526 -0.022365 -8.207800 0.655017 -0.755155 0.026346 -6.771800 -0.034160 0.005238 0.999403 -1.512200 0.000000 0.000000 0.000000 1.000000
-0.747110 -0.664692 0.003242 -8.207800 0.664511 -0.746773 0.027491 -6.771800 -0.015852 0.022694 0.999617 -1.512200 0.000000 0.000000 0.000000 1.000000
-0.738127 -0.673863 0.032808 -8.207800 0.674410 -0.738308 0.008591 -6.771800 0.018433 0.028467 0.999425 -1.512200 0.000000 0.000000 0.000000 1.000000
-0.729092 -0.681297 0.065254 -8.207800 0.682066 -0.731173 -0.013126 -6.771800 0.056655 0.034938 0.997782 -1.512200 0.000000 0.000000 0.000000 1.000000
-0.723622 -0.684190 0.090859 -8.207800 0.684796 -0.728148 -0.029254 -6.771800 0.086174 0.041051 0.995434 -1.512200 0.000000 0.000000 0.000000 1.000000
-0.722270 -0.684185 0.101085 -8.207800 0.685133 -0.727779 -0.030508 -6.771800 0.094441 0.047222 0.994410 -1.512200 0.000000 0.000000 0.000000 1.000000
-0.721824 -0.684226 0.103949 -8.207800 0.685695 -0.727405 -0.026538 -6.771800 0.093771 0.052122 0.994229 -1.512200 0.000000 0.000000 0.000000 1.000000
-0.721625 -0.684380 0.104316 -8.207800 0.686153 -0.727078 -0.023510 -6.771800 0.091935 0.054611 0.994266 -1.512200 0.000000 0.000000 0.000000 1.000000</float_array>
        <technique_common>
          <accessor source="#mixamorig_RightUpLeg-Matrix-animation-output-transform-array" count="96" stride="16">
            <param type="float4x4"/>
          </accessor>
        </technique_common>
      </source>
      <source id="mixamorig_RightUpLeg-Interpolations">
        <Name_array id="mixamorig_RightUpLeg-Interpolations-array" count="96">
 LINEAR LINEAR LINEAR LINEAR LINEAR LINEAR LINEAR LINEAR LINEAR LINEAR LINEAR
LINEAR LINEAR LINEAR LINEAR LINEAR LINEAR LINEAR LINEAR LINEAR LINEAR LINEAR LINEAR
LINEAR LINEAR LINEAR LINEAR LINEAR LINEAR LINEAR LINEAR LINEAR LINEAR LINEAR LINEAR
LINEAR LINEAR LINEAR LINEAR LINEAR LINEAR LINEAR LINEAR LINEAR LINEAR LINEAR LINEAR
LINEAR LINEAR LINEAR LINEAR LINEAR LINEAR LINEAR LINEAR LINEAR LINEAR LINEAR LINEAR
LINEAR LINEAR LINEAR LINEAR LINEAR LINEAR LINEAR LINEAR LINEAR LINEAR LINEAR LINEAR
LINEAR LINEAR LINEAR LINEAR LINEAR LINEAR LINEAR LINEAR LINEAR LINEAR LINEAR LINEAR
LINEAR LINEAR LINEAR LINEAR LINEAR LINEAR LINEAR LINEAR LINEAR LINEAR LINEAR LINEAR
LINEAR</Name_array>
        <technique_common>
          <accessor source="#mixamorig_RightUpLeg-Interpolations-array" count="96">
            <param type="name"/>
          </accessor>
        </technique_common>
      </source>
      <sampler id="mixamorig_RightUpLeg-Matrix-animation-transform">
        <input semantic="INPUT" source="#mixamorig_RightUpLeg-Matrix-animation-input"/>
        <input semantic="OUTPUT" source="#mixamorig_RightUpLeg-Matrix-animation-output-transform"/>
        <input semantic="INTERPOLATION" source="#mixamorig_RightUpLeg-Interpolations"/>
      </sampler>
      <channel source="#mixamorig_RightUpLeg-Matrix-animation-transform" target="mixamorig_RightUpLeg/matrix"/>
    </animation>
    <animation id="mixamorig_RightLeg-anim" name="mixamorig_RightLeg">
      <source id="mixamorig_RightLeg-Matrix-animation-input">
        <float_array id="mixamorig_RightLeg-Matrix-animation-input-array" count="96">

0.000000 0.033333 0.066667 0.100000 0.133333 0.166667 0.200000 0.233333 0.266667 0.300000 0.333333 0.366667 0.400000 0.433333 0.466667 0.500000
0.533333 0.566667 0.600000 0.633333 0.666667 0.700000 0.733333 0.766667 0.800000 0.833333 0.866667 0.900000 0.933333 0.966667 1.000000 1.033333
1.066667 1.100000 1.133333 1.166667 1.200000 1.233333 1.266667 1.300000 1.333333 1.366667 1.400000 1.433333 1.466667 1.500000 1.533333 1.566667
1.600000 1.633333 1.666667 1.700000 1.733333 1.766667 1.800000 1.833333 1.866667 1.900000 1.933333 1.966667 2.000000 2.033333 2.066667 2.100000
2.133333 2.166667 2.200000 2.233333 2.266667 2.300000 2.333333 2.366667 2.400000 2.433333 2.466667 2.500000 2.533333 2.566667 2.600000 2.633333
2.666667 2.700000 2.733333 2.766667 2.800000 2.833333 2.866667 2.900000 2.933333 2.966667 3.000000 3.033333 3.066667 3.100000 3.133333 3.166667</float_array>
        <technique_common>
          <accessor source="#mixamorig_RightLeg-Matrix-animation-input-array" count="96">
            <param name="TIME" type="float"/>
          </accessor>
        </technique_common>
      </source>
      <source id="mixamorig_RightLeg-Matrix-animation-output-transform">
        <float_array id="mixamorig_RightLeg-Matrix-animation-output-transform-array" count="1536">

0.996070 0.073740 -0.049056 0.000000 -0.027229 0.782031 0.622645 44.371498 0.084277 -0.618862 0.780966 0.000000 0.000000 0.000000 0.000000 1.000000
0.996959 0.076889 -0.012717 0.000000 -0.051653 0.774099 0.630954 44.371498 0.058358 -0.628378 0.775716 0.000000 0.000000 0.000000 0.000000 1.000000
0.996540 0.081223 0.017647 0.000000 -0.074364 0.776416 0.625818 44.371498 0.037129 -0.624965 0.779770 0.000000 0.000000 0.000000 0.000000 1.000000
0.992778 0.082310 0.087275 0.000000 -0.117622 0.810953 0.573167 44.371498 -0.023599 -0.579293 0.814778 0.000000 0.000000 0.000000 0.000000 1.000000
0.987706 0.077012 0.136033 -0.000000 -0.133157 0.870346 0.474097 44.371498 -0.081885 -0.486382 0.869901 0.000000 0.000000 0.000000 0.000000 1.000000
0.986943 0.087537 0.135205 0.000000 -0.144997 0.848378 0.509147 44.371498 -0.070136 -0.522103 0.849994 0.000000 0.000000 0.000000 0.000000 1.000000
0.985479 0.107199 0.131680 0.000000 -0.168165 0.723473 0.669557 44.371498 -0.023491 -0.681979 0.730995 0.000000 0.000000 0.000000 0.000000 1.000000
0.977496 0.104143 0.183453 0.000000 -0.209444 0.582903 0.785084 44.371498 -0.025174 -0.805840 0.591598 0.000000 0.000000 0.000000 0.000000 1.000000
0.968639 0.070350 0.238307 0.000000 -0.233875 0.582038 0.778803 44.371498 -0.083915 -0.810113 0.580237 0.000000 0.000000 0.000000 0.000000 1.000000
0.961827 0.043601 0.270163 -0.000000 -0.227946 0.673918 0.702763 44.371498 -0.151427 -0.737519 0.658131 0.000000 0.000000 0.000000 0.000000 1.000000
0.977458 0.038424 0.207603 0.000000 -0.167703 0.738663 0.652880 44.371498 -0.128262 -0.672978 0.728456 0.000000 0.000000 0.000000 0.000000 1.000000
0.985650 0.041995 0.163497 0.000000 -0.135113 0.776870 0.614994 44.371498 -0.101189 -0.628259 0.771395 -0.000000 0.000000 0.000000 0.000000 1.000000
0.984950 0.039981 0.168150 0.000000 -0.131815 0.803029 0.581179 44.371498 -0.111793 -0.594597 0.796214 0.000000 0.000000 0.000000 0.000000 1.000000
0.983268 0.031819 0.179363 0.000000 -0.128070 0.820957 0.556442 44.371498 -0.129544 -0.570103 0.811296 0.000000 0.000000 0.000000 0.000000 1.000000
0.984231 0.028100 0.174643 0.000000 -0.118542 0.837579 0.533299 44.371498 -0.131291 -0.545592 0.827703 -0.000000 0.000000 0.000000 0.000000 1.000000
0.984367 0.030772 0.173418 0.000000 -0.116205 0.853370 0.508188 44.371498 -0.132352 -0.520396 0.843606 0.000000 0.000000 0.000000 0.000000 1.000000
0.982616 0.032011 0.182867 0.000000 -0.116466 0.873368 0.472932 44.371498 -0.144571 -0.486008 0.861914 0.000000 0.000000 0.000000 0.000000 1.000000
0.982960 0.026102 0.181957 0.000000 -0.106048 0.889052 0.445355 44.371498 -0.150145 -0.457062 0.876670 -0.000000 0.000000 0.000000 0.000000 1.000000
0.986988 0.018202 0.159758 0.000000 -0.087405 0.894689 0.438055 44.371498 -0.134961 -0.446319 0.884638 -0.000000 0.000000 0.000000 0.000000 1.000000
0.986657 0.030231 0.159982 0.000000 -0.101335 0.883115 0.458083 44.371498 -0.127434 -0.468182 0.874395 0.000000 0.000000 0.000000 0.000000 1.000000
0.988401 0.034743 0.147841 0.000000 -0.103396 0.866970 0.487516 44.371498 -0.111236 -0.497148 0.860506 0.000000 0.000000 0.000000 0.000000 1.000000
0.987014 0.047577 0.153425 -0.000000 -0.121464 0.846080 0.519033 44.371498 -0.105116 -0.530929 0.840872 0.000000 0.000000 0.000000 0.000000 1.000000
0.985772 0.054235 0.159096 0.000000 -0.136464 0.810842 0.569133 44.371498 -0.098134 -0.582746 0.806707 -0.000000 0.000000 0.000000 0.000000 1.000000
0.984377 0.061569 0.164957 0.000000 -0.154815 0.748913 0.644330 44.371498 -0.083867 -0.659802 0.746745 0.000000 0.000000 0.000000 0.000000 1.000000
0.983322 0.071872 0.167071 -0.000000 -0.171307 0.674571 0.718059 44.371498 -0.061093 -0.734703 0.675632 0.000000 0.000000 0.000000 0.000000 1.000000
0.984527 0.086652 0.152312 0.000000 -0.173532 0.603026 0.778618 44.371498 -0.024379 -0.793001 0.608732 0.000000 0.000000 0.000000 0.000000 1.000000
0.984824 0.104272 0.138741 -0.000000 -0.173119 0.533492 0.827898 44.371498 0.012309 -0.839353 0.543447 -0.000000 0.000000 0.000000 0.000000 1.000000
0.982329 0.118018 0.145265 0.000000 -0.183995 0.466712 0.865058 44.371498 0.034296 -0.876500 0.480179 0.000000 0.000000 0.000000 0.000000 1.000000
0.977555 0.125536 0.169194 0.000000 -0.205663 0.394395 0.895631 44.371498 0.045704 -0.910326 0.411361 -0.000000 0.000000 0.000000 0.000000 1.000000
0.974561 0.129094 0.183208 0.000000 -0.215935 0.321930 0.921810 44.371498 0.060021 -0.937921 0.341616 0.000000 0.000000 0.000000 0.000000 1.000000
0.974454 0.130389 0.182861 0.000000 -0.210358 0.244694 0.946506 44.371498 0.078669 -0.960793 0.265871 -0.000000 0.000000 0.000000 0.000000 1.000000
0.976314 0.129740 0.173145 0.000000 -0.193718 0.167772 0.966605 44.371498 0.096358 -0.977251 0.188931 0.000000 0.000000 0.000000 0.000000 1.000000
0.981536 0.127965 0.142170 -0.000000 -0.152971 0.078922 0.985074 44.371498 0.114835 -0.988633 0.097040 0.000000 0.000000 0.000000 0.000000 1.000000
0.988032 0.126580 0.088150 0.000000 -0.089401 0.004221 0.995987 44.371498 0.125700 -0.991947 0.015487 0.000000 0.000000 0.000000 0.000000 1.000000
0.991955 0.126522 -0.004157 0.000000 0.011877 -0.060330 0.998108 44.371498 0.126032 -0.990128 -0.061347 0.000000 0.000000 0.000000 0.000000 1.000000
0.988963 0.120698 -0.085929 -0.000000 0.101575 -0.130107 0.986283 44.371498 0.107862 -0.984126 -0.140931 0.000000 0.000000 0.000000 0.000000 1.000000
0.984860 0.106241 -0.136984 0.000000 0.156616 -0.206531 0.965824 44.371498 0.074319 -0.972655 -0.220043 0.000000 0.000000 0.000000 0.000000 1.000000
0.982755 0.085368 -0.164028 -0.000000 0.182006 -0.289872 0.939600 44.371498 0.032664 -0.953250 -0.300411 0.000000 0.000000 0.000000 0.000000 1.000000
0.978742 0.058988 -0.196428 0.000000 0.203991 -0.379199 0.902550 44.371498 -0.021246 -0.923433 -0.383171 0.000000 0.000000 0.000000 0.000000 1.000000
0.979210 0.036409 -0.199554 0.000000 0.190161 -0.507219 0.840576 44.371498 -0.070614 -0.861048 -0.503597 0.000000 0.000000 0.000000 0.000000 1.000000
0.992419 0.018062 -0.121567 -0.000000 0.100691 -0.686649 0.719982 44.371498 -0.070470 -0.726765 -0.683262 0.000000 0.000000 0.000000 0.000000 1.000000
0.999201 0.016697 -0.036313 0.000000 0.037111 -0.724944 0.687808 44.371498 -0.014840 -0.688606 -0.724984 0.000000 0.000000 0.000000 0.000000 1.000000
0.999705 0.023512 0.006127 -0.000000 0.011314 -0.673635 0.738978 44.371498 0.021503 -0.738690 -0.673702 -0.000000 0.000000 0.000000 0.000000 1.000000
0.998682 0.030718 0.041112 0.000000 -0.017230 -0.553891 0.832411 44.371498 0.048342 -0.832023 -0.552631 -0.000000 0.000000 0.000000 0.000000 1.000000
0.995337 0.030067 0.091652 0.000000 -0.070442 -0.422532 0.903606 44.371498 0.065895 -0.905849 -0.418444 0.000000 0.000000 0.000000 0.000000 1.000000
0.993409 0.032567 0.109901 -0.000000 -0.092776 -0.334634 0.937770 44.371498 0.067317 -0.941785 -0.329407 0.000000 0.000000 0.000000 0.000000 1.000000
0.990793 0.036590 0.130347 0.000000 -0.113449 -0.301015 0.946847 44.371498 0.073882 -0.952917 -0.294092 0.000000 0.000000 0.000000 0.000000 1.000000
0.988955 0.040681 0.142523 -0.000000 -0.124102 -0.298452 0.946322 44.371498 0.081034 -0.953557 -0.290107 -0.000000 0.000000 0.000000 0.000000 1.000000
0.988481 0.044463 0.144664 0.000000 -0.127903 -0.265557 0.955573 44.371498 0.080904 -0.963069 -0.256811 -0.000000 0.000000 0.000000 0.000000 1.000000
0.988047 0.051488 0.145300 0.000000 -0.131341 -0.212266 0.968345 44.371498 0.080701 -0.975855 -0.202966 0.000000 0.000000 0.000000 0.000000 1.000000
0.987954 0.059079 0.143029 0.000000 -0.130726 -0.175996 0.975672 44.371498 0.082814 -0.982616 -0.166153 0.000000 0.000000 0.000000 0.000000 1.000000
0.987503 0.066857 0.142717 0.000000 -0.129982 -0.166578 0.977423 44.371498 0.089121 -0.983759 -0.155806 0.000000 0.000000 0.000000 0.000000 1.000000
0.986272 0.074205 0.147514 -0.000000 -0.133507 -0.167368 0.976813 44.371498 0.097174 -0.983098 -0.155164 0.000000 0.000000 0.000000 0.000000 1.000000
0.983791 0.081396 0.159783 0.000000 -0.147054 -0.143718 0.978632 44.371498 0.102620 -0.986266 -0.129419 -0.000000 0.000000 0.000000 0.000000 1.000000
0.981286 0.090032 0.170209 -0.000000 -0.159678 -0.113527 0.980620 44.371498 0.107610 -0.989447 -0.097026 -0.000000 0.000000 0.000000 0.000000 1.000000
0.978717 0.098001 0.180303 0.000000 -0.173435 -0.074651 0.982012 44.371498 0.109698 -0.992382 -0.056066 0.000000 0.000000 0.000000 0.000000 1.000000
0.977342 0.105437 0.183536 0.000000 -0.181054 -0.032729 0.982928 44.371498 0.109644 -0.993887 -0.012898 0.000000 0.000000 0.000000 0.000000 1.000000
0.976412 0.111516 0.184891 -0.000000 -0.187693 0.015086 0.982112 44.371498 0.106732 -0.993648 0.035661 0.000000 0.000000 0.000000 0.000000 1.000000
0.975633 0.116871 0.185689 -0.000000 -0.195013 0.074078 0.977999 44.371498 0.100545 -0.990381 0.095064 -0.000000 0.000000 0.000000 0.000000 1.000000
0.975312 0.121132 0.184644 -0.000000 -0.200788 0.138363 0.969814 44.371498 0.091928 -0.982946 0.159269 -0.000000 0.000000 0.000000 0.000000 1.000000
0.975573 0.124031 0.181309 0.000000 -0.204948 0.216790 0.954463 44.371498 0.079077 -0.968307 0.236914 0.000000 0.000000 0.000000 0.000000 1.000000
0.977921 0.122856 0.169047 0.000000 -0.197230 0.275235 0.940928 44.371498 0.069071 -0.953495 0.293389 -0.000000 0.000000 0.000000 0.000000 1.000000
0.980619 0.115598 0.158188 0.000000 -0.186591 0.304791 0.933963 44.371498 0.059750 -0.945378 0.320453 0.000000 0.000000 0.000000 0.000000 1.000000
0.983552 0.097477 0.152063 0.000000 -0.175312 0.312505 0.933599 44.371498 0.043483 -0.944901 0.324454 -0.000000 0.000000 0.000000 0.000000 1.000000
0.986295 0.069133 0.149808 0.000000 -0.163979 0.310361 0.936369 44.371498 0.018240 -0.948102 0.317444 -0.000000 0.000000 0.000000 0.000000 1.000000
0.982383 0.034419 0.183681 -0.000000 -0.186443 0.247577 0.950760 44.371498 -0.012751 -0.968257 0.249633 0.000000 0.000000 0.000000 0.000000 1.000000
0.989468 0.007554 0.144552 -0.000000 -0.143458 0.184247 0.972354 44.371498 -0.019289 -0.982851 0.183390 0.000000 0.000000 0.000000 0.000000 1.000000
0.994917 -0.007277 0.100440 0.000000 -0.098531 0.135679 0.985841 44.371498 -0.020801 -0.990726 0.134272 0.000000 0.000000 0.000000 0.000000 1.000000
0.999074 -0.003365 0.042903 0.000000 -0.042761 0.034653 0.998484 44.371498 -0.004847 -0.999394 0.034477 0.000000 0.000000 0.000000 0.000000 1.000000
0.999556 0.009683 0.028176 0.000000 -0.027114 -0.096320 0.994981 44.371498 0.012348 -0.995303 -0.096015 0.000000 0.000000 0.000000 0.000000 1.000000
0.996801 0.023662 0.076343 0.000000 -0.069925 -0.204462 0.976374 44.371498 0.038712 -0.978588 -0.202154 0.000000 0.000000 0.000000 0.000000 1.000000
0.993825 0.031721 0.106328 0.000000 -0.092812 -0.287514 0.953269 44.371498 0.060809 -0.957251 -0.282794 0.000000 0.000000 0.000000 0.000000 1.000000
0.993319 0.035255 0.109881 0.000000 -0.090035 -0.358841 0.929046 44.371498 0.072183 -0.932733 -0.353270 0.000000 0.000000 0.000000 0.000000 1.000000
0.995369 0.036072 0.089099 -0.000000 -0.065863 -0.419197 0.905503 44.371498 0.070013 -0.907178 -0.414880 -0.000000 0.000000 0.000000 0.000000 1.000000
0.996658 0.033668 0.074427 0.000000 -0.049852 -0.471096 0.880672 44.371498 0.064713 -0.881439 -0.467843 0.000000 0.000000 0.000000 0.000000 1.000000
0.996661 0.026841 0.077111 0.000000 -0.051413 -0.527359 0.848086 44.371498 0.063429 -0.849219 -0.524218 0.000000 0.000000 0.000000 0.000000 1.000000
0.998181 0.019423 0.057071 0.000000 -0.035180 -0.581110 0.813064 44.371498 0.048956 -0.813593 -0.579370 0.000000 0.000000 0.000000 0.000000 1.000000
0.997958 0.018373 -0.061166 -0.000000 0.059457 -0.616959 0.784746 44.371498 -0.023319 -0.786781 -0.616792 0.000000 0.000000 0.000000 0.000000 1.000000
0.989088 0.029405 -0.144360 0.000000 0.134783 -0.576223 0.806102 44.371498 -0.059480 -0.816763 -0.573899 -0.000000 0.000000 0.000000 0.000000 1.000000
0.979949 0.045259 -0.194038 0.000000 0.190145 -0.503409 0.842867 44.371498 -0.059533 -0.862862 -0.501921 0.000000 0.000000 0.000000 0.000000 1.000000
0.983529 0.060214 -0.170427 0.000000 0.179663 -0.429000 0.885257 44.371498 -0.019808 -0.901295 -0.432753 0.000000 0.000000 0.000000 0.000000 1.000000
0.984623 0.071485 -0.159397 0.000000 0.174608 -0.374305 0.910718 44.371498 0.005440 -0.924546 -0.381031 -0.000000 0.000000 0.000000 0.000000 1.000000
0.981070 0.081799 -0.175528 0.000000 0.192605 -0.317994 0.928323 44.371498 0.020119 -0.944557 -0.327729 0.000000 0.000000 0.000000 0.000000 1.000000
0.977908 0.093564 -0.186929 0.000000 0.206106 -0.282335 0.936914 44.371498 0.034884 -0.954742 -0.295381 0.000000 0.000000 0.000000 0.000000 1.000000
0.975091 0.110755 -0.192173 0.000000 0.211827 -0.208063 0.954903 44.371498 0.065777 -0.971825 -0.226341 0.000000 0.000000 0.000000 0.000000 1.000000
0.976645 0.129920 -0.171131 0.000000 0.178110 -0.044065 0.983023 44.371498 0.120173 -0.990545 -0.066176 0.000000 0.000000 0.000000 0.000000 1.000000
0.973808 0.142699 -0.177016 0.000000 0.156748 0.142630 0.977285 44.371498 0.164705 -0.979435 0.116527 0.000000 0.000000 0.000000 0.000000 1.000000
0.967164 0.146261 -0.207848 0.000000 0.141388 0.369939 0.918235 44.371498 0.211193 -0.917471 0.337112 0.000000 0.000000 0.000000 0.000000 1.000000
0.957330 0.147512 -0.248515 -0.000000 0.118079 0.585215 0.802235 44.371498 0.263774 -0.797348 0.542826 0.000000 0.000000 0.000000 0.000000 1.000000
0.944857 0.147356 -0.292456 -0.000000 0.079017 0.764076 0.640269 44.371498 0.317806 -0.628072 0.710300 0.000000 0.000000 0.000000 0.000000 1.000000
0.931775 0.144228 -0.333156 0.000000 0.028133 0.886250 0.462352 44.371498 0.361943 -0.440181 0.821729 0.000000 0.000000 0.000000 0.000000 1.000000
0.921360 0.139352 -0.362873 0.000000 -0.015333 0.945834 0.324290 44.371498 0.388408 -0.293223 0.873590 -0.000000 0.000000 0.000000 0.000000 1.000000
0.916994 0.137870 -0.374318 0.000000 -0.034277 0.962136 0.270405 44.371498 0.397426 -0.235130 0.886999 0.000000 0.000000 0.000000 0.000000 1.000000
0.926298 0.131240 -0.353197 -0.000000 -0.029760 0.959934 0.278641 44.371498 0.375615 -0.247594 0.893091 0.000000 0.000000 0.000000 0.000000 1.000000
0.926141 0.131230 -0.353612 0.000000 -0.029749 0.960016 0.278360 44.371498 0.376002 -0.247281 0.893014 0.000000 0.000000 0.000000 0.000000 1.000000
0.916764 0.137857 -0.374887 -0.000000 -0.034463 0.962353 0.269610 44.371498 0.397941 -0.234249 0.887001 0.000000 0.000000 0.000000 0.000000 1.000000</float_array>
        <technique_common>
          <accessor source="#mixamorig_RightLeg-Matrix-animation-output-transform-array" count="96" stride="16">
            <param type="float4x4"/>
          </accessor>
        </technique_common>
      </source>
      <source id="mixamorig_RightLeg-Interpolations">
        <Name_array id="mixamorig_RightLeg-Interpolations-array" count="96">
 LINEAR LINEAR LINEAR LINEAR LINEAR LINEAR LINEAR LINEAR LINEAR LINEAR LINEAR
LINEAR LINEAR LINEAR LINEAR LINEAR LINEAR LINEAR LINEAR LINEAR LINEAR LINEAR LINEAR
LINEAR LINEAR LINEAR LINEAR LINEAR LINEAR LINEAR LINEAR LINEAR LINEAR LINEAR LINEAR
LINEAR LINEAR LINEAR LINEAR LINEAR LINEAR LINEAR LINEAR LINEAR LINEAR LINEAR LINEAR
LINEAR LINEAR LINEAR LINEAR LINEAR LINEAR LINEAR LINEAR LINEAR LINEAR LINEAR LINEAR
LINEAR LINEAR LINEAR LINEAR LINEAR LINEAR LINEAR LINEAR LINEAR LINEAR LINEAR LINEAR
LINEAR LINEAR LINEAR LINEAR LINEAR LINEAR LINEAR LINEAR LINEAR LINEAR LINEAR LINEAR
LINEAR LINEAR LINEAR LINEAR LINEAR LINEAR LINEAR LINEAR LINEAR LINEAR LINEAR LINEAR
LINEAR</Name_array>
        <technique_common>
          <accessor source="#mixamorig_RightLeg-Interpolations-array" count="96">
            <param type="name"/>
          </accessor>
        </technique_common>
      </source>
      <sampler id="mixamorig_RightLeg-Matrix-animation-transform">
        <input semantic="INPUT" source="#mixamorig_RightLeg-Matrix-animation-input"/>
        <input semantic="OUTPUT" source="#mixamorig_RightLeg-Matrix-animation-output-transform"/>
        <input semantic="INTERPOLATION" source="#mixamorig_RightLeg-Interpolations"/>
      </sampler>
      <channel source="#mixamorig_RightLeg-Matrix-animation-transform" target="mixamorig_RightLeg/matrix"/>
    </animation>
    <animation id="mixamorig_RightFoot-anim" name="mixamorig_RightFoot">
      <source id="mixamorig_RightFoot-Matrix-animation-input">
        <float_array id="mixamorig_RightFoot-Matrix-animation-input-array" count="96">

0.000000 0.033333 0.066667 0.100000 0.133333 0.166667 0.200000 0.233333 0.266667 0.300000 0.333333 0.366667 0.400000 0.433333 0.466667 0.500000
0.533333 0.566667 0.600000 0.633333 0.666667 0.700000 0.733333 0.766667 0.800000 0.833333 0.866667 0.900000 0.933333 0.966667 1.000000 1.033333
1.066667 1.100000 1.133333 1.166667 1.200000 1.233333 1.266667 1.300000 1.333333 1.366667 1.400000 1.433333 1.466667 1.500000 1.533333 1.566667
1.600000 1.633333 1.666667 1.700000 1.733333 1.766667 1.800000 1.833333 1.866667 1.900000 1.933333 1.966667 2.000000 2.033333 2.066667 2.100000
2.133333 2.166667 2.200000 2.233333 2.266667 2.300000 2.333333 2.366667 2.400000 2.433333 2.466667 2.500000 2.533333 2.566667 2.600000 2.633333
2.666667 2.700000 2.733333 2.766667 2.800000 2.833333 2.866667 2.900000 2.933333 2.966667 3.000000 3.033333 3.066667 3.100000 3.133333 3.166667</float_array>
        <technique_common>
          <accessor source="#mixamorig_RightFoot-Matrix-animation-input-array" count="96">
            <param name="TIME" type="float"/>
          </accessor>
        </technique_common>
      </source>
      <source id="mixamorig_RightFoot-Matrix-animation-output-transform">
        <float_array id="mixamorig_RightFoot-Matrix-animation-output-transform-array" count="1536">

0.933935 -0.241653 0.263379 0.000000 0.340104 0.374074 -0.862785 44.527802 0.109971 0.895361 0.431549 0.000000 0.000000 0.000000 0.000000 1.000000
0.925699 -0.236259 0.295403 0.000000 0.365271 0.355423 -0.860379 44.527802 0.098279 0.904354 0.415314 0.000000 0.000000 0.000000 0.000000 1.000000
0.914333 -0.214238 0.343652 -0.000000 0.399804 0.342531 -0.850194 44.527802 0.064432 0.914754 0.398841 -0.000000 0.000000 0.000000 0.000000 1.000000
0.899180 -0.219285 0.378669 0.000000 0.434995 0.354016 -0.827921 44.527802 0.047496 0.909168 0.413712 0.000000 0.000000 0.000000 0.000000 1.000000
0.889868 -0.187307 0.415994 0.000000 0.456003 0.393194 -0.798411 44.527802 -0.014018 0.900175 0.435303 0.000000 0.000000 0.000000 0.000000 1.000000
0.885962 -0.115946 0.449031 0.000000 0.456805 0.385221 -0.801831 44.527802 -0.080007 0.915511 0.394256 0.000000 0.000000 0.000000 0.000000 1.000000
0.887230 -0.028164 0.460467 0.000000 0.440571 0.347758 -0.827624 44.527802 -0.136822 0.937161 0.320950 -0.000000 0.000000 0.000000 0.000000 1.000000
0.907171 0.006595 0.420711 0.000000 0.389344 0.365960 -0.845272 44.527802 -0.159538 0.930607 0.329420 0.000000 0.000000 0.000000 0.000000 1.000000
0.946581 0.020537 0.321810 0.000000 0.273837 0.475804 -0.835837 44.527802 -0.170284 0.879312 0.444763 0.000000 0.000000 0.000000 0.000000 1.000000
0.972102 0.037472 0.231545 0.000000 0.163440 0.599837 -0.783251 44.527802 -0.168239 0.799244 0.576979 0.000000 0.000000 0.000000 0.000000 1.000000
0.962991 0.030522 0.267800 0.000000 0.188667 0.633239 -0.750608 44.527802 -0.192491 0.773354 0.604045 0.000000 0.000000 0.000000 0.000000 1.000000
0.938176 -0.024279 0.345307 0.000000 0.288927 0.604326 -0.742503 44.527802 -0.190651 0.796367 0.573979 -0.000000 0.000000 0.000000 0.000000 1.000000
0.933825 -0.038810 0.355618 0.000000 0.302520 0.616238 -0.727140 44.527802 -0.190925 0.786603 0.587200 0.000000 0.000000 0.000000 0.000000 1.000000
0.937578 -0.034788 0.346030 0.000000 0.285790 0.644033 -0.709609 44.527802 -0.198169 0.764206 0.613774 0.000000 0.000000 0.000000 0.000000 1.000000
0.932107 -0.037603 0.360225 0.000000 0.288404 0.678702 -0.675416 44.527802 -0.219088 0.733450 0.643468 -0.000000 0.000000 0.000000 0.000000 1.000000
0.926871 -0.046550 0.372483 -0.000000 0.292015 0.712929 -0.637542 44.527802 -0.235876 0.699690 0.674386 0.000000 0.000000 0.000000 0.000000 1.000000
0.937215 -0.046900 0.345585 0.000000 0.259109 0.756897 -0.599974 44.527802 -0.233433 0.651849 0.721528 0.000000 0.000000 0.000000 0.000000 1.000000
0.960328 -0.046240 0.275011 0.000000 0.198265 0.806711 -0.556694 44.527802 -0.196113 0.589134 0.783875 0.000000 0.000000 0.000000 0.000000 1.000000
0.982173 -0.052708 0.180441 0.000000 0.139929 0.845967 -0.514548 44.527802 -0.125527 0.530624 0.838261 0.000000 0.000000 0.000000 0.000000 1.000000
0.986436 -0.090731 0.136790 0.000000 0.146607 0.861791 -0.485615 44.527802 -0.073824 0.499083 0.863404 -0.000000 0.000000 0.000000 0.000000 1.000000
0.984298 -0.129270 0.120195 -0.000000 0.171767 0.858325 -0.483501 44.527802 -0.040664 0.496555 0.867052 -0.000000 0.000000 0.000000 0.000000 1.000000
0.978391 -0.156966 0.134587 0.000000 0.203857 0.841090 -0.501010 44.527802 -0.034558 0.517620 0.854913 -0.000000 0.000000 0.000000 0.000000 1.000000
0.973380 -0.172695 0.150689 0.000000 0.226609 0.823656 -0.519845 44.527802 -0.034342 0.540154 0.840865 -0.000000 0.000000 0.000000 0.000000 1.000000
0.968623 -0.185699 0.165186 0.000000 0.246247 0.807067 -0.536661 44.527802 -0.033658 0.560498 0.827471 0.000000 0.000000 0.000000 0.000000 1.000000
0.961142 -0.206107 0.183644 0.000000 0.273580 0.800026 -0.533959 44.527802 -0.036868 0.563452 0.825325 -0.000000 0.000000 0.000000 0.000000 1.000000
0.948677 -0.235558 0.211006 0.000000 0.313227 0.791849 -0.524275 44.527802 -0.043588 0.563460 0.824992 -0.000000 0.000000 0.000000 0.000000 1.000000
0.939817 -0.255211 0.227181 0.000000 0.338174 0.789764 -0.511772 44.527802 -0.048810 0.557799 0.828540 0.000000 0.000000 0.000000 0.000000 1.000000
0.940835 -0.257099 0.220748 0.000000 0.334688 0.806993 -0.486566 44.527802 -0.053046 0.531660 0.845295 -0.000000 0.000000 0.000000 0.000000 1.000000
0.944641 -0.252086 0.210013 0.000000 0.323202 0.825173 -0.463282 44.527802 -0.056510 0.505512 0.860967 -0.000000 0.000000 0.000000 0.000000 1.000000
0.949733 -0.244382 0.195667 0.000000 0.307160 0.848192 -0.431536 44.527802 -0.060503 0.469945 0.880620 -0.000000 0.000000 0.000000 0.000000 1.000000
0.955856 -0.234897 0.176527 0.000000 0.286794 0.876547 -0.386543 44.527802 -0.063937 0.420106 0.905220 -0.000000 0.000000 0.000000 0.000000 1.000000
0.961425 -0.226133 0.156609 -0.000000 0.266210 0.908259 -0.322796 44.527802 -0.069247 0.352035 0.933422 -0.000000 0.000000 0.000000 0.000000 1.000000
0.961943 -0.228904 0.149226 0.000000 0.262589 0.925444 -0.273131 44.527802 -0.075580 0.301921 0.950332 0.000000 0.000000 0.000000 0.000000 1.000000
0.961397 -0.236096 0.141329 0.000000 0.261125 0.944774 -0.198030 44.527802 -0.086769 0.227290 0.969954 0.000000 0.000000 0.000000 0.000000 1.000000
0.951757 -0.267204 0.150867 0.000000 0.288642 0.946448 -0.144647 44.527802 -0.104138 0.181216 0.977914 -0.000000 0.000000 0.000000 0.000000 1.000000
0.941736 -0.299268 0.153535 0.000000 0.318809 0.939694 -0.123838 44.527802 -0.107216 0.165571 0.980353 -0.000000 0.000000 0.000000 0.000000 1.000000
0.934302 -0.328303 0.138914 0.000000 0.343625 0.933124 -0.105836 44.527802 -0.094878 0.146618 0.984633 -0.000000 0.000000 0.000000 0.000000 1.000000
0.928695 -0.351781 0.117371 0.000000 0.362989 0.927091 -0.093491 44.527802 -0.075925 0.129429 0.988678 -0.000000 0.000000 0.000000 0.000000 1.000000
0.927989 -0.359398 0.098330 0.000000 0.366719 0.927678 -0.070227 44.527802 -0.065979 0.101229 0.992673 0.000000 0.000000 0.000000 0.000000 1.000000
0.938852 -0.334844 0.080225 0.000000 0.341691 0.934780 -0.097126 44.527802 -0.042471 0.118600 0.992033 0.000000 0.000000 0.000000 0.000000 1.000000
0.965715 -0.253123 0.057643 -0.000000 0.259446 0.948772 -0.180331 44.527802 -0.009044 0.189104 0.981915 -0.000000 0.000000 0.000000 0.000000 1.000000
0.976419 -0.208205 0.057061 0.000000 0.213529 0.970351 -0.113243 44.527802 -0.031791 0.122757 0.991927 -0.000000 0.000000 0.000000 0.000000 1.000000
0.976913 -0.195916 0.085189 0.000000 0.204894 0.972126 -0.113973 44.527802 -0.060485 0.128797 0.989825 0.000000 0.000000 0.000000 0.000000 1.000000
0.972987 -0.198278 0.118250 0.000000 0.215233 0.964343 -0.154006 44.527802 -0.083497 0.175297 0.980969 0.000000 0.000000 0.000000 0.000000 1.000000
0.969030 -0.208965 0.131583 0.000000 0.232509 0.951575 -0.201109 44.527802 -0.083187 0.225475 0.970691 -0.000000 0.000000 0.000000 0.000000 1.000000
0.959329 -0.235543 0.155586 0.000000 0.264865 0.941697 -0.207492 44.527802 -0.097642 0.240262 0.965785 0.000000 0.000000 0.000000 0.000000 1.000000
0.951863 -0.255424 0.169458 0.000000 0.286545 0.937805 -0.195996 44.527802 -0.108857 0.235118 0.965852 0.000000 0.000000 0.000000 0.000000 1.000000
0.950260 -0.249106 0.186953 0.000000 0.287692 0.932005 -0.220453 44.527802 -0.119325 0.263273 0.957313 -0.000000 0.000000 0.000000 0.000000 1.000000
0.953872 -0.219170 0.205164 0.000000 0.268387 0.928771 -0.255640 44.527802 -0.134522 0.298911 0.944752 0.000000 0.000000 0.000000 0.000000 1.000000
0.952968 -0.203143 0.224909 0.000000 0.261804 0.925633 -0.273244 44.527802 -0.152675 0.319275 0.935283 -0.000000 0.000000 0.000000 0.000000 1.000000
0.949898 -0.190886 0.247500 0.000000 0.261162 0.919768 -0.292952 44.527802 -0.171722 0.342912 0.923538 -0.000000 0.000000 0.000000 0.000000 1.000000
0.945608 -0.181934 0.269677 0.000000 0.267340 0.906941 -0.325556 44.527802 -0.185352 0.379944 0.906249 0.000000 0.000000 0.000000 0.000000 1.000000
0.942648 -0.176420 0.283358 -0.000000 0.275562 0.890369 -0.362365 44.527802 -0.188365 0.419665 0.887919 -0.000000 0.000000 0.000000 0.000000 1.000000
0.942873 -0.166816 0.288379 0.000000 0.275189 0.877873 -0.391931 44.527802 -0.187780 0.448900 0.873629 -0.000000 0.000000 0.000000 0.000000 1.000000
0.941887 -0.163595 0.293402 0.000000 0.278695 0.868184 -0.410592 44.527802 -0.187556 0.468501 0.863325 -0.000000 0.000000 0.000000 0.000000 1.000000
0.940773 -0.159103 0.299388 0.000000 0.280673 0.860829 -0.424496 44.527802 -0.190183 0.483384 0.854500 -0.000000 0.000000 0.000000 0.000000 1.000000
0.938151 -0.157980 0.308082 0.000000 0.286152 0.854726 -0.433083 44.527802 -0.194907 0.494456 0.847068 0.000000 0.000000 0.000000 0.000000 1.000000
0.935586 -0.162997 0.313227 0.000000 0.294481 0.849657 -0.437451 44.527802 -0.194833 0.501512 0.842927 0.000000 0.000000 0.000000 0.000000 1.000000
0.933813 -0.170973 0.314263 0.000000 0.302059 0.847496 -0.436476 44.527802 -0.191711 0.502513 0.843046 0.000000 0.000000 0.000000 0.000000 1.000000
0.930807 -0.183213 0.316277 0.000000 0.312584 0.847495 -0.429002 44.527802 -0.189444 0.498182 0.846124 0.000000 0.000000 0.000000 0.000000 1.000000
0.926518 -0.199559 0.318969 0.000000 0.325118 0.851324 -0.411759 44.527802 -0.189376 0.485204 0.853647 0.000000 0.000000 0.000000 0.000000 1.000000
0.916083 -0.225349 0.331676 0.000000 0.353447 0.844446 -0.402475 44.527802 -0.189385 0.485931 0.853232 0.000000 0.000000 0.000000 0.000000 1.000000
0.901524 -0.258309 0.347176 0.000000 0.392844 0.824979 -0.406305 44.527802 -0.181461 0.502679 0.845213 -0.000000 0.000000 0.000000 0.000000 1.000000
0.890718 -0.282844 0.355837 0.000000 0.424547 0.797374 -0.428900 44.527802 -0.162423 0.533099 0.830316 0.000000 0.000000 0.000000 0.000000 1.000000
0.890566 -0.289148 0.351121 -0.000000 0.430266 0.785891 -0.444125 44.527802 -0.147525 0.546598 0.824298 0.000000 0.000000 0.000000 0.000000 1.000000
0.895048 -0.287362 0.341046 0.000000 0.423616 0.786897 -0.448712 44.527802 -0.139425 0.546091 0.826042 -0.000000 0.000000 0.000000 0.000000 1.000000
0.881707 -0.321364 0.345426 0.000000 0.448766 0.797215 -0.403804 44.527802 -0.145610 0.511052 0.847127 0.000000 0.000000 0.000000 0.000000 1.000000
0.869258 -0.378694 0.317775 0.000000 0.470857 0.830061 -0.298818 44.527802 -0.150613 0.409376 0.899848 0.000000 0.000000 0.000000 0.000000 1.000000
0.865992 -0.412973 0.281977 0.000000 0.474381 0.856826 -0.202018 44.527802 -0.158178 0.308711 0.937911 0.000000 0.000000 0.000000 0.000000 1.000000
0.871698 -0.422051 0.249029 -0.000000 0.463227 0.875470 -0.137741 44.527802 -0.159884 0.235426 0.958651 -0.000000 0.000000 0.000000 0.000000 1.000000
0.900138 -0.382928 0.207646 0.000000 0.407242 0.908961 -0.089131 44.527802 -0.154611 0.164793 0.974135 0.000000 0.000000 0.000000 0.000000 1.000000
0.925140 -0.337294 0.174208 0.000000 0.349393 0.935976 -0.043276 44.527802 -0.148458 0.100903 0.983758 -0.000000 0.000000 0.000000 0.000000 1.000000
0.942233 -0.299208 0.150573 -0.000000 0.306426 0.951520 -0.026710 44.527802 -0.135281 0.071307 0.988238 0.000000 0.000000 0.000000 0.000000 1.000000
0.955629 -0.263759 0.131162 0.000000 0.269008 0.962846 -0.023726 44.527802 -0.120031 0.057957 0.991077 0.000000 0.000000 0.000000 0.000000 1.000000
0.964296 -0.237692 0.116770 0.000000 0.241510 0.970202 -0.019508 44.527802 -0.108654 0.047012 0.992967 0.000000 0.000000 0.000000 0.000000 1.000000
0.967820 -0.226127 0.110411 0.000000 0.228796 0.973401 -0.011974 44.527802 -0.104766 0.036850 0.993814 0.000000 0.000000 0.000000 0.000000 1.000000
0.964819 -0.237005 0.113810 0.000000 0.238647 0.971106 -0.000833 44.527802 -0.110324 0.027964 0.993502 0.000000 0.000000 0.000000 0.000000 1.000000
0.943860 -0.295260 0.148152 0.000000 0.304539 0.951487 -0.043913 44.527802 -0.127999 0.086566 0.987989 -0.000000 0.000000 0.000000 0.000000 1.000000
0.915680 -0.354124 0.190068 -0.000000 0.392012 0.891245 -0.228055 44.527802 -0.088638 0.283335 0.954916 0.000000 0.000000 0.000000 0.000000 1.000000
0.894474 -0.370503 0.250287 0.000000 0.441560 0.819984 -0.364212 44.527802 -0.070290 0.436295 0.897054 0.000000 0.000000 0.000000 0.000000 1.000000
0.884496 -0.388101 0.258931 0.000000 0.465803 0.765964 -0.443088 44.527802 -0.026369 0.512520 0.858271 0.000000 0.000000 0.000000 0.000000 1.000000
0.886763 -0.390110 0.247920 0.000000 0.461611 0.719811 -0.518447 44.527802 0.023796 0.574183 0.818381 -0.000000 0.000000 0.000000 0.000000 1.000000
0.903996 -0.387753 0.180107 0.000000 0.416605 0.704230 -0.574892 44.527802 0.096079 0.594733 0.798161 -0.000000 0.000000 0.000000 0.000000 1.000000
0.919925 -0.380743 0.093658 0.000000 0.353346 0.701481 -0.618928 44.527802 0.169953 0.602461 0.779844 0.000000 0.000000 0.000000 0.000000 1.000000
0.927554 -0.373645 0.005798 0.000000 0.295558 0.724037 -0.623230 44.527802 0.228669 0.579793 0.782017 0.000000 0.000000 0.000000 0.000000 1.000000
0.936000 -0.343027 -0.078975 0.000000 0.229051 0.763901 -0.603316 44.527802 0.267283 0.546614 0.793582 0.000000 0.000000 0.000000 0.000000 1.000000
0.939990 -0.301599 -0.159553 0.000000 0.156658 0.796906 -0.583437 44.527802 0.303113 0.523430 0.796332 -0.000000 0.000000 0.000000 0.000000 1.000000
0.940808 -0.263244 -0.213502 0.000000 0.106537 0.827660 -0.551025 44.527802 0.321761 0.495663 0.806714 -0.000000 0.000000 0.000000 0.000000 1.000000
0.944042 -0.232578 -0.233865 0.000000 0.079423 0.848491 -0.523217 44.527802 0.320121 0.475364 0.819482 0.000000 0.000000 0.000000 0.000000 1.000000
0.948673 -0.205326 -0.240542 0.000000 0.060767 0.864759 -0.498497 44.527802 0.310365 0.458294 0.832850 -0.000000 0.000000 0.000000 0.000000 1.000000
0.953476 -0.182803 -0.239724 -0.000000 0.047485 0.876322 -0.479379 44.527802 0.297707 0.445693 0.844232 0.000000 0.000000 0.000000 0.000000 1.000000
0.957311 -0.167462 -0.235609 -0.000000 0.039848 0.883763 -0.466234 44.527802 0.286299 0.436943 0.852710 0.000000 0.000000 0.000000 0.000000 1.000000
0.958906 -0.162314 -0.232708 0.000000 0.037989 0.886261 -0.461627 44.527802 0.281168 0.433816 0.856007 0.000000 0.000000 0.000000 0.000000 1.000000
0.958915 -0.162167 -0.232774 0.000000 0.037866 0.886335 -0.461494 44.527802 0.281155 0.433720 0.856060 -0.000000 0.000000 0.000000 0.000000 1.000000
0.958935 -0.162146 -0.232705 0.000000 0.037910 0.886381 -0.461402 44.527802 0.281080 0.433633 0.856129 0.000000 0.000000 0.000000 0.000000 1.000000
0.958944 -0.162298 -0.232564 0.000000 0.038163 0.886445 -0.461258 44.527802 0.281016 0.433445 0.856245 0.000000 0.000000 0.000000 0.000000 1.000000</float_array>
        <technique_common>
          <accessor source="#mixamorig_RightFoot-Matrix-animation-output-transform-array" count="96" stride="16">
            <param type="float4x4"/>
          </accessor>
        </technique_common>
      </source>
      <source id="mixamorig_RightFoot-Interpolations">
        <Name_array id="mixamorig_RightFoot-Interpolations-array" count="96">
 LINEAR LINEAR LINEAR LINEAR LINEAR LINEAR LINEAR LINEAR LINEAR LINEAR LINEAR
LINEAR LINEAR LINEAR LINEAR LINEAR LINEAR LINEAR LINEAR LINEAR LINEAR LINEAR LINEAR
LINEAR LINEAR LINEAR LINEAR LINEAR LINEAR LINEAR LINEAR LINEAR LINEAR LINEAR LINEAR
LINEAR LINEAR LINEAR LINEAR LINEAR LINEAR LINEAR LINEAR LINEAR LINEAR LINEAR LINEAR
LINEAR LINEAR LINEAR LINEAR LINEAR LINEAR LINEAR LINEAR LINEAR LINEAR LINEAR LINEAR
LINEAR LINEAR LINEAR LINEAR LINEAR LINEAR LINEAR LINEAR LINEAR LINEAR LINEAR LINEAR
LINEAR LINEAR LINEAR LINEAR LINEAR LINEAR LINEAR LINEAR LINEAR LINEAR LINEAR LINEAR
LINEAR LINEAR LINEAR LINEAR LINEAR LINEAR LINEAR LINEAR LINEAR LINEAR LINEAR LINEAR
LINEAR</Name_array>
        <technique_common>
          <accessor source="#mixamorig_RightFoot-Interpolations-array" count="96">
            <param type="name"/>
          </accessor>
        </technique_common>
      </source>
      <sampler id="mixamorig_RightFoot-Matrix-animation-transform">
        <input semantic="INPUT" source="#mixamorig_RightFoot-Matrix-animation-input"/>
        <input semantic="OUTPUT" source="#mixamorig_RightFoot-Matrix-animation-output-transform"/>
        <input semantic="INTERPOLATION" source="#mixamorig_RightFoot-Interpolations"/>
      </sampler>
      <channel source="#mixamorig_RightFoot-Matrix-animation-transform" target="mixamorig_RightFoot/matrix"/>
    </animation>
    <animation id="mixamorig_RightToeBase-anim" name="mixamorig_RightToeBase">
      <source id="mixamorig_RightToeBase-Matrix-animation-input">
        <float_array id="mixamorig_RightToeBase-Matrix-animation-input-array" count="96">

0.000000 0.033333 0.066667 0.100000 0.133333 0.166667 0.200000 0.233333 0.266667 0.300000 0.333333 0.366667 0.400000 0.433333 0.466667 0.500000
0.533333 0.566667 0.600000 0.633333 0.666667 0.700000 0.733333 0.766667 0.800000 0.833333 0.866667 0.900000 0.933333 0.966667 1.000000 1.033333
1.066667 1.100000 1.133333 1.166667 1.200000 1.233333 1.266667 1.300000 1.333333 1.366667 1.400000 1.433333 1.466667 1.500000 1.533333 1.566667
1.600000 1.633333 1.666667 1.700000 1.733333 1.766667 1.800000 1.833333 1.866667 1.900000 1.933333 1.966667 2.000000 2.033333 2.066667 2.100000
2.133333 2.166667 2.200000 2.233333 2.266667 2.300000 2.333333 2.366667 2.400000 2.433333 2.466667 2.500000 2.533333 2.566667 2.600000 2.633333
2.666667 2.700000 2.733333 2.766667 2.800000 2.833333 2.866667 2.900000 2.933333 2.966667 3.000000 3.033333 3.066667 3.100000 3.133333 3.166667</float_array>
        <technique_common>
          <accessor source="#mixamorig_RightToeBase-Matrix-animation-input-array" count="96">
            <param name="TIME" type="float"/>
          </accessor>
        </technique_common>
      </source>
      <source id="mixamorig_RightToeBase-Matrix-animation-output-transform">
        <float_array id="mixamorig_RightToeBase-Matrix-animation-output-transform-array" count="1536">

1.000000 0.000008 -0.000153 0.000000 -0.000102 0.775133 -0.631798 13.816900 0.000114 0.631798 0.775133 0.000000 0.000000 0.000000 0.000000 1.000000
1.000000 0.000008 -0.000152 0.000000 -0.000102 0.775133 -0.631798 13.816900 0.000113 0.631798 0.775133 -0.000000 0.000000 0.000000 0.000000 1.000000
1.000000 0.000008 -0.000151 0.000000 -0.000102 0.775132 -0.631799 13.816900 0.000112 0.631799 0.775132 -0.000000 0.000000 0.000000 0.000000 1.000000
1.000000 0.000008 -0.000152 0.000000 -0.000102 0.775133 -0.631798 13.816900 0.000113 0.631798 0.775133 0.000000 0.000000 0.000000 0.000000 1.000000
1.000000 -0.000453 -0.000270 -0.000000 0.000181 0.775377 -0.631498 13.816900 0.000495 0.631498 0.775377 0.000000 0.000000 0.000000 0.000000 1.000000
0.999896 -0.014452 -0.000271 0.000000 0.011112 0.780513 -0.625041 13.816900 0.009245 0.624972 0.780592 0.000000 0.000000 0.000000 0.000000 1.000000
0.999086 -0.042747 -0.000272 0.000000 0.033760 0.792923 -0.608386 13.816900 0.026222 0.607821 0.793641 0.000000 0.000000 0.000000 0.000000 1.000000
0.997038 -0.076913 -0.000274 0.000000 0.062557 0.813004 -0.578888 13.816900 0.044747 0.577156 0.815407 0.000000 0.000000 0.000000 0.000000 1.000000
0.996222 -0.086838 -0.000274 0.000000 0.070823 0.814310 -0.576093 13.816900 0.050250 0.573898 0.817384 0.000000 0.000000 0.000000 0.000000 1.000000
0.997398 -0.072097 -0.000274 0.000000 0.058129 0.806402 -0.588504 13.816900 0.042650 0.586957 0.808494 0.000000 0.000000 0.000000 0.000000 1.000000
0.999164 -0.040890 -0.000272 -0.000000 0.032415 0.796073 -0.604332 13.816900 0.024928 0.603818 0.796732 -0.000000 0.000000 0.000000 0.000000 1.000000
0.999849 -0.012915 -0.011603 0.000000 0.002847 0.781228 -0.624239 13.816900 0.017127 0.624112 0.781147 0.000000 0.000000 0.000000 0.000000 1.000000
0.998587 -0.002147 -0.053104 0.000000 -0.033023 0.757828 -0.651618 13.816900 0.041642 0.652451 0.756686 0.000000 0.000000 0.000000 0.000000 1.000000
0.998081 -0.002211 -0.061875 0.000000 -0.039466 0.747302 -0.663312 13.816900 0.047706 0.664481 0.745781 0.000000 0.000000 0.000000 0.000000 1.000000
0.997724 -0.002698 -0.067377 0.000000 -0.043457 0.738298 -0.673074 13.816900 0.051560 0.674470 0.736500 -0.000000 0.000000 0.000000 0.000000 1.000000
0.998839 -0.001467 -0.048152 -0.000000 -0.031338 0.739358 -0.672582 13.816900 0.036588 0.673310 0.738454 0.000000 0.000000 0.000000 0.000000 1.000000
0.999954 -0.000236 -0.009575 0.000000 -0.006175 0.748329 -0.663299 13.816900 0.007322 0.663328 0.748293 -0.000000 0.000000 0.000000 0.000000 1.000000
1.000000 -0.000244 -0.000270 0.000000 0.000003 0.746244 -0.665673 13.816900 0.000364 0.665673 0.746243 0.000000 0.000000 0.000000 0.000000 1.000000
1.000000 -0.000299 -0.000269 0.000000 0.000041 0.740837 -0.671684 13.816900 0.000401 0.671684 0.740837 0.000000 0.000000 0.000000 0.000000 1.000000
1.000000 -0.000354 -0.000270 0.000000 0.000077 0.735650 -0.677362 13.816900 0.000438 0.677362 0.735650 0.000000 0.000000 0.000000 0.000000 1.000000
1.000000 -0.000403 -0.000269 0.000000 0.000110 0.730375 -0.683046 13.816900 0.000472 0.683046 0.730375 0.000000 0.000000 0.000000 0.000000 1.000000
1.000000 -0.000448 -0.000269 0.000000 0.000139 0.724900 -0.688855 13.816900 0.000504 0.688854 0.724900 0.000000 0.000000 0.000000 0.000000 1.000000
1.000000 -0.000491 -0.000270 -0.000000 0.000166 0.719487 -0.694506 13.816900 0.000535 0.694505 0.719487 0.000000 0.000000 0.000000 0.000000 1.000000
1.000000 -0.000527 -0.000269 -0.000000 0.000188 0.714416 -0.699721 13.816900 0.000561 0.699721 0.714416 0.000000 0.000000 0.000000 0.000000 1.000000
1.000000 -0.000564 -0.000249 0.000000 0.000225 0.709968 -0.704234 13.816900 0.000574 0.704234 0.709968 0.000000 0.000000 0.000000 0.000000 1.000000
1.000000 -0.000596 -0.000232 0.000000 0.000257 0.706432 -0.707781 13.816900 0.000586 0.707780 0.706432 0.000000 0.000000 0.000000 0.000000 1.000000
1.000000 -0.000625 -0.000215 -0.000000 0.000288 0.704100 -0.710101 13.816900 0.000595 0.710100 0.704100 0.000000 0.000000 0.000000 0.000000 1.000000
1.000000 -0.000646 -0.000197 0.000000 0.000314 0.703260 -0.710933 13.816900 0.000598 0.710933 0.703260 0.000000 0.000000 0.000000 0.000000 1.000000
1.000000 -0.000663 -0.000181 0.000000 0.000338 0.703613 -0.710583 13.816900 0.000599 0.710583 0.703614 0.000000 0.000000 0.000000 0.000000 1.000000
1.000000 -0.000679 -0.000165 0.000000 0.000361 0.704659 -0.709546 13.816900 0.000598 0.709546 0.704659 0.000000 0.000000 0.000000 0.000000 1.000000
1.000000 -0.000695 -0.000149 -0.000000 0.000385 0.706362 -0.707850 13.816900 0.000597 0.707850 0.706362 0.000000 0.000000 0.000000 0.000000 1.000000
1.000000 -0.000710 -0.000133 0.000000 0.000409 0.708696 -0.705514 13.816900 0.000595 0.705514 0.708696 0.000000 0.000000 0.000000 0.000000 1.000000
1.000000 -0.000724 -0.000117 0.000000 0.000433 0.711624 -0.702560 13.816900 0.000591 0.702560 0.711624 -0.000000 0.000000 0.000000 0.000000 1.000000
1.000000 -0.000737 -0.000100 0.000000 0.000457 0.715110 -0.699012 13.816900 0.000587 0.699011 0.715110 0.000000 0.000000 0.000000 0.000000 1.000000
1.000000 -0.000750 -0.000084 0.000000 0.000481 0.719122 -0.694884 13.816900 0.000582 0.694883 0.719122 0.000000 0.000000 0.000000 0.000000 1.000000
1.000000 -0.000762 -0.000067 0.000000 0.000505 0.723534 -0.690289 13.816900 0.000574 0.690289 0.723534 0.000000 0.000000 0.000000 0.000000 1.000000
1.000000 -0.000773 -0.000050 0.000000 0.000529 0.728085 -0.685486 13.816900 0.000566 0.685486 0.728085 0.000000 0.000000 0.000000 0.000000 1.000000
1.000000 -0.000783 -0.000032 0.000000 0.000553 0.733390 -0.679808 13.816900 0.000556 0.679808 0.733390 0.000000 0.000000 0.000000 0.000000 1.000000
1.000000 -0.000793 -0.000014 0.000000 0.000577 0.740164 -0.672427 13.816900 0.000544 0.672426 0.740164 0.000000 0.000000 0.000000 0.000000 1.000000
1.000000 -0.000801 0.000003 0.000000 0.000602 0.749077 -0.662483 13.816900 0.000529 0.662483 0.749077 0.000000 0.000000 0.000000 0.000000 1.000000
1.000000 -0.000809 0.000019 0.000000 0.000628 0.760735 -0.649062 13.816900 0.000511 0.649062 0.760736 0.000000 0.000000 0.000000 0.000000 1.000000
1.000000 -0.000817 0.000035 0.000000 0.000666 0.789665 -0.613538 13.816900 0.000474 0.613538 0.789665 0.000000 0.000000 0.000000 0.000000 1.000000
1.000000 -0.000823 0.000048 -0.000000 0.000707 0.826039 -0.563613 13.816900 0.000424 0.563613 0.826039 0.000000 0.000000 0.000000 0.000000 1.000000
1.000000 -0.000828 0.000061 0.000000 0.000724 0.833871 -0.551959 13.816900 0.000407 0.551959 0.833871 0.000000 0.000000 0.000000 0.000000 1.000000
1.000000 -0.000832 0.000071 -0.000000 0.000720 0.816138 -0.577857 13.816900 0.000423 0.577857 0.816138 0.000000 0.000000 0.000000 0.000000 1.000000
1.000000 -0.000836 0.000082 0.000000 0.000715 0.795824 -0.605528 13.816900 0.000441 0.605528 0.795824 0.000000 0.000000 0.000000 0.000000 1.000000
1.000000 -0.000839 0.000093 0.000000 0.000713 0.781608 -0.623769 13.816900 0.000451 0.623769 0.781609 -0.000000 0.000000 0.000000 0.000000 1.000000
1.000000 -0.000840 0.000104 0.000000 0.000726 0.787353 -0.616502 13.816900 0.000436 0.616501 0.787354 -0.000000 0.000000 0.000000 0.000000 1.000000
1.000000 -0.000841 0.000114 0.000000 0.000735 0.790288 -0.612735 13.816900 0.000425 0.612734 0.790289 -0.000000 0.000000 0.000000 0.000000 1.000000
1.000000 -0.000841 0.000125 0.000000 0.000738 0.786051 -0.618161 13.816900 0.000422 0.618161 0.786051 0.000000 0.000000 0.000000 0.000000 1.000000
1.000000 -0.000840 0.000136 0.000000 0.000739 0.778002 -0.628262 13.816900 0.000422 0.628262 0.778002 -0.000000 0.000000 0.000000 0.000000 1.000000
1.000000 -0.000837 0.000146 0.000000 0.000740 0.774041 -0.633135 13.816900 0.000418 0.633135 0.774041 -0.000000 0.000000 0.000000 0.000000 1.000000
1.000000 -0.000834 0.000156 -0.000000 0.000745 0.774155 -0.632996 13.816900 0.000408 0.632995 0.774155 -0.000000 0.000000 0.000000 0.000000 1.000000
1.000000 -0.000830 0.000165 -0.000000 0.000747 0.774184 -0.632960 13.816900 0.000397 0.632960 0.774185 -0.000000 0.000000 0.000000 0.000000 1.000000
1.000000 -0.000825 0.000174 -0.000000 0.000749 0.774196 -0.632946 13.816900 0.000388 0.632946 0.774196 0.000000 0.000000 0.000000 0.000000 1.000000
1.000000 -0.000819 0.000183 0.000000 0.000750 0.774196 -0.632946 13.816900 0.000377 0.632946 0.774196 -0.000000 0.000000 0.000000 0.000000 1.000000
1.000000 -0.000812 0.000190 -0.000000 0.000749 0.774192 -0.632951 13.816900 0.000367 0.632951 0.774192 -0.000000 0.000000 0.000000 0.000000 1.000000
1.000000 -0.000803 0.000197 0.000000 0.000746 0.774188 -0.632956 13.816900 0.000356 0.632956 0.774188 0.000000 0.000000 0.000000 0.000000 1.000000
1.000000 -0.000794 0.000204 0.000000 0.000743 0.774181 -0.632964 13.816900 0.000345 0.632964 0.774181 -0.000000 0.000000 0.000000 0.000000 1.000000
1.000000 -0.000783 0.000209 -0.000000 0.000738 0.774165 -0.632984 13.816900 0.000334 0.632984 0.774165 0.000000 0.000000 0.000000 0.000000 1.000000
1.000000 -0.000753 0.000213 0.000000 0.000718 0.774143 -0.633011 13.816900 0.000312 0.633011 0.774143 0.000000 0.000000 0.000000 0.000000 1.000000
1.000000 -0.000720 0.000216 -0.000000 0.000694 0.774120 -0.633039 13.816900 0.000288 0.633039 0.774120 0.000000 0.000000 0.000000 0.000000 1.000000
1.000000 -0.000684 0.000218 0.000000 0.000668 0.774099 -0.633064 13.816900 0.000264 0.633064 0.774100 -0.000000 0.000000 0.000000 0.000000 1.000000
1.000000 -0.000647 0.000219 0.000000 0.000639 0.774084 -0.633082 13.816900 0.000240 0.633082 0.774084 0.000000 0.000000 0.000000 0.000000 1.000000
1.000000 -0.000609 0.000219 0.000000 0.000609 0.774078 -0.633090 13.816900 0.000216 0.633090 0.774078 0.000000 0.000000 0.000000 0.000000 1.000000
1.000000 -0.000565 0.000216 0.000000 0.000574 0.774084 -0.633083 13.816900 0.000190 0.633083 0.774084 0.000000 0.000000 0.000000 0.000000 1.000000
1.000000 -0.000517 0.000213 -0.000000 0.000535 0.774107 -0.633055 13.816900 0.000163 0.633055 0.774107 0.000000 0.000000 0.000000 0.000000 1.000000
1.000000 -0.000468 0.000207 0.000000 0.000494 0.774222 -0.632914 13.816900 0.000136 0.632914 0.774222 0.000000 0.000000 0.000000 0.000000 1.000000
1.000000 -0.000418 0.000202 0.000000 0.000451 0.774363 -0.632742 13.816900 0.000108 0.632742 0.774363 0.000000 0.000000 0.000000 0.000000 1.000000
1.000000 -0.000361 0.000194 0.000000 0.000402 0.774391 -0.632707 13.816900 0.000079 0.632707 0.774391 0.000000 0.000000 0.000000 0.000000 1.000000
1.000000 -0.000304 0.000165 0.000000 0.000339 0.774384 -0.632715 13.816900 0.000065 0.632715 0.774384 0.000000 0.000000 0.000000 0.000000 1.000000
1.000000 -0.000245 0.000133 0.000000 0.000274 0.774364 -0.632740 13.816900 0.000052 0.632740 0.774364 -0.000000 0.000000 0.000000 0.000000 1.000000
1.000000 -0.000187 0.000094 0.000000 0.000204 0.774355 -0.632751 13.816900 0.000045 0.632751 0.774355 0.000000 0.000000 0.000000 0.000000 1.000000
1.000000 -0.000122 0.000037 0.000000 0.000118 0.774374 -0.632728 13.816900 0.000049 0.632728 0.774374 0.000000 0.000000 0.000000 0.000000 1.000000
1.000000 -0.000005 -0.000062 0.000000 -0.000035 0.774472 -0.632608 13.816900 0.000051 0.632608 0.774472 0.000000 0.000000 0.000000 0.000000 1.000000
0.999966 0.008195 0.000187 0.000000 -0.006263 0.778544 -0.627559 13.816900 -0.005289 0.627537 0.778569 0.000000 0.000000 0.000000 0.000000 1.000000
0.999277 0.038030 0.000175 -0.000000 -0.030080 0.793165 -0.608263 13.816900 -0.023271 0.607818 0.793735 -0.000000 0.000000 0.000000 0.000000 1.000000
0.997231 0.074368 0.000157 -0.000000 -0.060240 0.809022 -0.584683 13.816900 -0.043609 0.583054 0.811262 0.000000 0.000000 0.000000 0.000000 1.000000
0.996051 0.088780 0.000124 -0.000000 -0.072696 0.816406 -0.572885 13.816900 -0.050962 0.570613 0.819636 0.000000 0.000000 0.000000 0.000000 1.000000
0.997952 0.063962 0.000059 0.000000 -0.051562 0.805033 -0.590985 13.816900 -0.037848 0.589772 0.806683 0.000000 0.000000 0.000000 0.000000 1.000000
0.999723 0.023526 -0.000056 0.000000 -0.018555 0.787014 -0.616656 13.816900 -0.014464 0.616487 0.787232 0.000000 0.000000 0.000000 0.000000 1.000000
0.999994 0.003476 -0.000209 -0.000000 -0.002829 0.775943 -0.630796 13.816900 -0.002031 0.630793 0.775948 0.000000 0.000000 0.000000 0.000000 1.000000
0.999999 0.001158 -0.001120 0.000000 -0.001605 0.776138 -0.630561 13.816900 0.000139 0.630562 0.776139 0.000000 0.000000 0.000000 0.000000 1.000000
0.999959 0.007312 -0.005295 0.000000 -0.009019 0.783629 -0.621164 13.816900 -0.000393 0.621186 0.783663 0.000000 0.000000 0.000000 0.000000 1.000000
0.999752 0.016897 -0.014540 -0.000000 -0.022246 0.798132 -0.602071 13.816900 0.001431 0.602245 0.798310 0.000000 0.000000 0.000000 0.000000 1.000000
0.999187 0.027201 -0.029770 -0.000000 -0.039342 0.819627 -0.571545 13.816900 0.008854 0.572251 0.820031 0.000000 0.000000 0.000000 0.000000 1.000000
0.998061 0.037938 -0.049342 0.000000 -0.058397 0.845039 -0.531506 13.816900 0.021532 0.533357 0.845616 -0.000000 0.000000 0.000000 0.000000 1.000000
0.997331 0.040521 -0.060741 0.000000 -0.065857 0.858442 -0.508665 13.816900 0.031532 0.511307 0.858819 -0.000000 0.000000 0.000000 0.000000 1.000000
0.998164 0.032565 -0.051070 0.000000 -0.054736 0.846015 -0.530342 13.816900 0.025936 0.532164 0.846244 0.000000 0.000000 0.000000 0.000000 1.000000
0.999228 0.020726 -0.033375 0.000000 -0.036020 0.822469 -0.567669 13.816900 0.015684 0.568433 0.822580 0.000000 0.000000 0.000000 0.000000 1.000000
0.999853 0.008944 -0.014649 -0.000000 -0.015986 0.795951 -0.605150 13.816900 0.006248 0.605295 0.795977 0.000000 0.000000 0.000000 0.000000 1.000000
0.999997 0.001165 -0.001919 0.000000 -0.002113 0.776985 -0.629515 13.816900 0.000757 0.629518 0.776986 0.000000 0.000000 0.000000 0.000000 1.000000
1.000000 0.000008 0.000000 0.000000 -0.000006 0.774061 -0.633112 13.816900 -0.000006 0.633112 0.774061 0.000000 0.000000 0.000000 0.000000 1.000000
1.000000 0.000009 0.000000 0.000000 -0.000007 0.774060 -0.633112 13.816900 -0.000006 0.633112 0.774060 0.000000 0.000000 0.000000 0.000000 1.000000
1.000000 0.000009 0.000001 0.000000 -0.000006 0.774061 -0.633111 13.816900 -0.000006 0.633111 0.774061 0.000000 0.000000 0.000000 0.000000 1.000000
1.000000 0.000009 -0.000000 0.000000 -0.000007 0.774060 -0.633112 13.816900 -0.000005 0.633112 0.774060 0.000000 0.000000 0.000000 0.000000 1.000000</float_array>
        <technique_common>
          <accessor source="#mixamorig_RightToeBase-Matrix-animation-output-transform-array" count="96" stride="16">
            <param type="float4x4"/>
          </accessor>
        </technique_common>
      </source>
      <source id="mixamorig_RightToeBase-Interpolations">
        <Name_array id="mixamorig_RightToeBase-Interpolations-array" count="96">
 LINEAR LINEAR LINEAR LINEAR LINEAR LINEAR LINEAR LINEAR LINEAR LINEAR LINEAR
LINEAR LINEAR LINEAR LINEAR LINEAR LINEAR LINEAR LINEAR LINEAR LINEAR LINEAR LINEAR
LINEAR LINEAR LINEAR LINEAR LINEAR LINEAR LINEAR LINEAR LINEAR LINEAR LINEAR LINEAR
LINEAR LINEAR LINEAR LINEAR LINEAR LINEAR LINEAR LINEAR LINEAR LINEAR LINEAR LINEAR
LINEAR LINEAR LINEAR LINEAR LINEAR LINEAR LINEAR LINEAR LINEAR LINEAR LINEAR LINEAR
LINEAR LINEAR LINEAR LINEAR LINEAR LINEAR LINEAR LINEAR LINEAR LINEAR LINEAR LINEAR
LINEAR LINEAR LINEAR LINEAR LINEAR LINEAR LINEAR LINEAR LINEAR LINEAR LINEAR LINEAR
LINEAR LINEAR LINEAR LINEAR LINEAR LINEAR LINEAR LINEAR LINEAR LINEAR LINEAR LINEAR
LINEAR</Name_array>
        <technique_common>
          <accessor source="#mixamorig_RightToeBase-Interpolations-array" count="96">
            <param type="name"/>
          </accessor>
        </technique_common>
      </source>
      <sampler id="mixamorig_RightToeBase-Matrix-animation-transform">
        <input semantic="INPUT" source="#mixamorig_RightToeBase-Matrix-animation-input"/>
        <input semantic="OUTPUT" source="#mixamorig_RightToeBase-Matrix-animation-output-transform"/>
        <input semantic="INTERPOLATION" source="#mixamorig_RightToeBase-Interpolations"/>
      </sampler>
      <channel source="#mixamorig_RightToeBase-Matrix-animation-transform" target="mixamorig_RightToeBase/matrix"/>
    </animation>
    <animation id="mixamorig_LeftUpLeg-anim" name="mixamorig_LeftUpLeg">
      <source id="mixamorig_LeftUpLeg-Matrix-animation-input">
        <float_array id="mixamorig_LeftUpLeg-Matrix-animation-input-array" count="96">

0.000000 0.033333 0.066667 0.100000 0.133333 0.166667 0.200000 0.233333 0.266667 0.300000 0.333333 0.366667 0.400000 0.433333 0.466667 0.500000
0.533333 0.566667 0.600000 0.633333 0.666667 0.700000 0.733333 0.766667 0.800000 0.833333 0.866667 0.900000 0.933333 0.966667 1.000000 1.033333
1.066667 1.100000 1.133333 1.166667 1.200000 1.233333 1.266667 1.300000 1.333333 1.366667 1.400000 1.433333 1.466667 1.500000 1.533333 1.566667
1.600000 1.633333 1.666667 1.700000 1.733333 1.766667 1.800000 1.833333 1.866667 1.900000 1.933333 1.966667 2.000000 2.033333 2.066667 2.100000
2.133333 2.166667 2.200000 2.233333 2.266667 2.300000 2.333333 2.366667 2.400000 2.433333 2.466667 2.500000 2.533333 2.566667 2.600000 2.633333
2.666667 2.700000 2.733333 2.766667 2.800000 2.833333 2.866667 2.900000 2.933333 2.966667 3.000000 3.033333 3.066667 3.100000 3.133333 3.166667</float_array>
        <technique_common>
          <accessor source="#mixamorig_LeftUpLeg-Matrix-animation-input-array" count="96">
            <param name="TIME" type="float"/>
          </accessor>
        </technique_common>
      </source>
      <source id="mixamorig_LeftUpLeg-Matrix-animation-output-transform">
        <float_array id="mixamorig_LeftUpLeg-Matrix-animation-output-transform-array" count="1536">

-0.902680 0.369241 0.220977 8.207800 -0.183524 -0.794824 0.578424 -6.771800 0.389216 0.481577 0.785235 -1.512200 0.000000 0.000000 0.000000 1.000000
-0.909414 0.357539 0.212442 8.207800 -0.169200 -0.784699 0.596338 -6.771800 0.379917 0.506372 0.774112 -1.512200 0.000000 0.000000 0.000000 1.000000
-0.920248 0.336968 0.198985 8.207800 -0.154876 -0.780567 0.605581 -6.771800 0.359383 0.526467 0.770504 -1.512200 0.000000 0.000000 0.000000 1.000000
-0.933557 0.305684 0.187160 8.207800 -0.139496 -0.790861 0.595885 -6.771800 0.330170 0.530185 0.780956 -1.512200 0.000000 0.000000 0.000000 1.000000
-0.947252 0.268755 0.174596 8.207800 -0.126664 -0.814370 0.566355 -6.771800 0.294396 0.514366 0.805456 -1.512200 0.000000 0.000000 0.000000 1.000000
-0.964788 0.223033 0.139427 8.207800 -0.108867 -0.821153 0.560229 -6.771800 0.239440 0.525323 0.816519 -1.512200 0.000000 0.000000 0.000000 1.000000
-0.979417 0.185759 0.078963 8.207800 -0.098643 -0.781807 0.615668 -6.771800 0.176100 0.595207 0.784039 -1.512200 0.000000 0.000000 0.000000 1.000000
-0.987692 0.154716 0.022958 8.207800 -0.092598 -0.696696 0.711365 -6.771800 0.126054 0.700484 0.702447 -1.512200 0.000000 0.000000 0.000000 1.000000
-0.991217 0.132179 0.004146 8.207800 -0.075388 -0.590543 0.803477 -6.771800 0.108651 0.796108 0.595321 -1.512200 0.000000 0.000000 0.000000 1.000000
-0.993817 0.102659 0.042295 8.207800 -0.018805 -0.531064 0.847123 -6.771800 0.109426 0.841090 0.529711 -1.512200 0.000000 0.000000 0.000000 1.000000
-0.991782 0.085772 0.094929 8.207800 0.035047 -0.531460 0.846358 -6.771800 0.123045 0.842730 0.524087 -1.512200 0.000000 0.000000 0.000000 1.000000
-0.987880 0.084628 0.130120 8.207800 0.055489 -0.590359 0.805231 -6.771800 0.144963 0.802692 0.578508 -1.512200 0.000000 0.000000 0.000000 1.000000
-0.985035 0.098860 0.141181 8.207800 0.042716 -0.653552 0.755676 -6.771800 0.166975 0.750398 0.639549 -1.512200 0.000000 0.000000 0.000000 1.000000
-0.981802 0.126056 0.142041 8.207800 0.012616 -0.702994 0.711084 -6.771800 0.189490 0.699935 0.688610 -1.512200 0.000000 0.000000 0.000000 1.000000
-0.977074 0.150783 0.150301 8.207800 -0.017238 -0.759685 0.650062 -6.771800 0.212200 0.632568 0.744868 -1.512200 0.000000 0.000000 0.000000 1.000000
-0.969986 0.175409 0.168403 8.207800 -0.041270 -0.801263 0.596887 -6.771800 0.239634 0.572022 0.784453 -1.512200 0.000000 0.000000 0.000000 1.000000
-0.960034 0.209374 0.185735 8.207800 -0.064740 -0.811739 0.580421 -6.771800 0.272294 0.545199 0.792852 -1.512200 0.000000 0.000000 0.000000 1.000000
-0.949275 0.243664 0.198759 8.207800 -0.086743 -0.810482 0.579305 -6.771800 0.302246 0.532679 0.790506 -1.512200 0.000000 0.000000 0.000000 1.000000
-0.939232 0.275262 0.205118 8.207800 -0.105599 -0.800220 0.590337 -6.771800 0.326636 0.532803 0.780660 -1.512200 0.000000 0.000000 0.000000 1.000000
-0.933387 0.294353 0.205291 8.207800 -0.118177 -0.792249 0.598645 -6.771800 0.338854 0.534507 0.774261 -1.512200 0.000000 0.000000 0.000000 1.000000
-0.930140 0.303901 0.206114 8.207800 -0.127518 -0.793698 0.594796 -6.771800 0.344352 0.526960 0.777004 -1.512200 0.000000 0.000000 0.000000 1.000000
-0.929070 0.302679 0.212637 8.207800 -0.130487 -0.806067 0.577261 -6.771800 0.346124 0.508569 0.788388 -1.512200 0.000000 0.000000 0.000000 1.000000
-0.928340 0.298170 0.221991 8.207800 -0.129425 -0.819069 0.558906 -6.771800 0.348475 0.490123 0.798965 -1.512200 0.000000 0.000000 0.000000 1.000000
-0.926299 0.298408 0.230050 8.207800 -0.130876 -0.827353 0.546222 -6.771800 0.353330 0.475857 0.805431 -1.512200 0.000000 0.000000 0.000000 1.000000
-0.923809 0.298787 0.239380 8.207800 -0.133919 -0.837939 0.529078 -6.771800 0.358668 0.456709 0.814109 -1.512200 0.000000 0.000000 0.000000 1.000000
-0.922838 0.294047 0.248812 8.207800 -0.138031 -0.855495 0.499075 -6.771800 0.359609 0.426222 0.830070 -1.512200 0.000000 0.000000 0.000000 1.000000
-0.923659 0.286369 0.254648 8.207800 -0.142968 -0.874039 0.464344 -6.771800 0.355547 0.392489 0.848256 -1.512200 0.000000 0.000000 0.000000 1.000000
-0.925529 0.278477 0.256606 8.207800 -0.147852 -0.889599 0.432149 -6.771800 0.348620 0.362027 0.864523 -1.512200 0.000000 0.000000 0.000000 1.000000
-0.927236 0.270440 0.259028 8.207800 -0.148191 -0.900231 0.409419 -6.771800 0.343909 0.341242 0.874803 -1.512200 0.000000 0.000000 0.000000 1.000000
-0.928786 0.265830 0.258247 8.207800 -0.150788 -0.907565 0.391903 -6.771800 0.338556 0.325053 0.883018 -1.512200 0.000000 0.000000 0.000000 1.000000
-0.931329 0.262167 0.252772 8.207800 -0.157120 -0.915427 0.370549 -6.771800 0.328541 0.305388 0.893756 -1.512200 0.000000 0.000000 0.000000 1.000000
-0.935092 0.261034 0.239719 8.207800 -0.164390 -0.918695 0.359131 -6.771800 0.313974 0.296413 0.901976 -1.512200 0.000000 0.000000 0.000000 1.000000
-0.940222 0.262567 0.216888 8.207800 -0.172205 -0.915983 0.362381 -6.771800 0.293815 0.303369 0.906443 -1.512200 0.000000 0.000000 0.000000 1.000000
-0.945584 0.268344 0.184018 8.207800 -0.188547 -0.912813 0.362247 -6.771800 0.265181 0.307839 0.913736 -1.512200 0.000000 0.000000 0.000000 1.000000
-0.950963 0.270936 0.149208 8.207800 -0.207607 -0.916701 0.341406 -6.771800 0.229278 0.293688 0.927997 -1.512200 0.000000 0.000000 0.000000 1.000000
-0.957291 0.263723 0.118510 8.207800 -0.217737 -0.927253 0.304620 -6.771800 0.190224 0.265805 0.945073 -1.512200 0.000000 0.000000 0.000000 1.000000
-0.963698 0.254201 0.081653 8.207800 -0.225080 -0.937988 0.263663 -6.771800 0.143613 0.235713 0.961153 -1.512200 0.000000 0.000000 0.000000 1.000000
-0.967795 0.250248 0.027360 8.207800 -0.238633 -0.946587 0.216855 -6.771800 0.080166 0.203343 0.975820 -1.512200 0.000000 0.000000 0.000000 1.000000
-0.964759 0.260742 -0.035414 8.207800 -0.263045 -0.952113 0.155846 -6.771800 0.006917 0.159669 0.987146 -1.512200 0.000000 0.000000 0.000000 1.000000
-0.962300 0.263610 -0.067001 8.207800 -0.271222 -0.948522 0.163537 -6.771800 -0.020442 0.175544 0.984259 -1.512200 0.000000 0.000000 0.000000 1.000000
-0.960677 0.266699 -0.077272 8.207800 -0.277648 -0.925975 0.255893 -6.771800 -0.003305 0.267285 0.963612 -1.512200 0.000000 0.000000 0.000000 1.000000
-0.969176 0.243175 -0.039540 8.207800 -0.242503 -0.913287 0.327261 -6.771800 0.043470 0.326763 0.944106 -1.512200 0.000000 0.000000 0.000000 1.000000
-0.974993 0.221221 -0.021219 8.207800 -0.216658 -0.924921 0.312377 -6.771800 0.049478 0.309163 0.949721 -1.512200 0.000000 0.000000 0.000000 1.000000
-0.979486 0.200749 -0.017508 8.207800 -0.198274 -0.944597 0.261581 -6.771800 0.035974 0.259686 0.965023 -1.512200 0.000000 0.000000 0.000000 1.000000
-0.983278 0.182042 -0.004939 8.207800 -0.178654 -0.959007 0.219975 -6.771800 0.035309 0.217179 0.975493 -1.512200 0.000000 0.000000 0.000000 1.000000
-0.984070 0.177476 0.010387 8.207800 -0.171042 -0.961091 0.216906 -6.771800 0.048479 0.211674 0.976137 -1.512200 0.000000 0.000000 0.000000 1.000000
-0.983184 0.178759 0.037344 8.207800 -0.164119 -0.954600 0.248605 -6.771800 0.080089 0.238295 0.967885 -1.512200 0.000000 0.000000 0.000000 1.000000
-0.978647 0.194098 0.067643 8.207800 -0.162195 -0.931378 0.325925 -6.771800 0.126262 0.307994 0.942973 -1.512200 0.000000 0.000000 0.000000 1.000000
-0.970260 0.221704 0.097176 8.207800 -0.169889 -0.909646 0.379053 -6.771800 0.172433 0.351271 0.920258 -1.512200 0.000000 0.000000 0.000000 1.000000
-0.960952 0.247190 0.124368 8.207800 -0.183772 -0.906119 0.381021 -6.771800 0.206877 0.343288 0.916163 -1.512200 0.000000 0.000000 0.000000 1.000000
-0.955648 0.258237 0.141602 8.207800 -0.190973 -0.909371 0.369559 -6.771800 0.224203 0.326127 0.918354 -1.512200 0.000000 0.000000 0.000000 1.000000
-0.952335 0.267298 0.147006 8.207800 -0.199614 -0.910440 0.362289 -6.771800 0.230679 0.315676 0.920400 -1.512200 0.000000 0.000000 0.000000 1.000000
-0.947053 0.284106 0.149579 8.207800 -0.214528 -0.906531 0.363564 -6.771800 0.238888 0.312225 0.919482 -1.512200 0.000000 0.000000 0.000000 1.000000
-0.938393 0.304952 0.162551 8.207800 -0.233314 -0.906086 0.352949 -6.771800 0.254918 0.293279 0.921414 -1.512200 0.000000 0.000000 0.000000 1.000000
-0.929624 0.317460 0.187135 8.207800 -0.246104 -0.912799 0.325931 -6.771800 0.274286 0.256939 0.926687 -1.512200 0.000000 0.000000 0.000000 1.000000
-0.924520 0.320905 0.205628 8.207800 -0.254015 -0.921023 0.295283 -6.771800 0.284146 0.220763 0.933019 -1.512200 0.000000 0.000000 0.000000 1.000000
-0.923787 0.316305 0.215799 8.207800 -0.253095 -0.927310 0.275752 -6.771800 0.287334 0.200119 0.936692 -1.512200 0.000000 0.000000 0.000000 1.000000
-0.924031 0.309602 0.224306 8.207800 -0.251401 -0.934066 0.253611 -6.771800 0.288035 0.177954 0.940940 -1.512200 0.000000 0.000000 0.000000 1.000000
-0.923190 0.305694 0.232963 8.207800 -0.253817 -0.940064 0.227720 -6.771800 0.288612 0.151099 0.945448 -1.512200 0.000000 0.000000 0.000000 1.000000
-0.922436 0.300958 0.241943 8.207800 -0.256696 -0.945983 0.198047 -6.771800 0.288478 0.120580 0.949864 -1.512200 0.000000 0.000000 0.000000 1.000000
-0.922064 0.303740 0.239877 8.207800 -0.268186 -0.948275 0.169853 -6.771800 0.279061 0.092284 0.955829 -1.512200 0.000000 0.000000 0.000000 1.000000
-0.922949 0.301461 0.239345 8.207800 -0.274058 -0.951270 0.141341 -6.771800 0.270290 0.064856 0.960592 -1.512200 0.000000 0.000000 0.000000 1.000000
-0.921203 0.307470 0.238426 8.207800 -0.285756 -0.950540 0.121729 -6.771800 0.264062 0.044005 0.963501 -1.512200 0.000000 0.000000 0.000000 1.000000
-0.915169 0.328414 0.233686 8.207800 -0.308081 -0.943782 0.119840 -6.771800 0.259906 0.037680 0.964899 -1.512200 0.000000 0.000000 0.000000 1.000000
-0.906294 0.353346 0.231901 8.207800 -0.322376 -0.932758 0.161356 -6.771800 0.273322 0.071477 0.959263 -1.512200 0.000000 0.000000 0.000000 1.000000
-0.900185 0.369474 0.230555 8.207800 -0.301388 -0.910656 0.282616 -6.771800 0.314376 0.184920 0.931114 -1.512200 0.000000 0.000000 0.000000 1.000000
-0.886281 0.401580 0.230737 8.207800 -0.280051 -0.861466 0.423613 -6.771800 0.368887 0.310822 0.875964 -1.512200 0.000000 0.000000 0.000000 1.000000
-0.860644 0.451841 0.234801 8.207800 -0.287838 -0.812060 0.507649 -6.771800 0.420049 0.369321 0.828952 -1.512200 0.000000 0.000000 0.000000 1.000000
-0.835339 0.501648 0.224852 8.207800 -0.308490 -0.766302 0.563573 -6.771800 0.455020 0.401409 0.794876 -1.512200 0.000000 0.000000 0.000000 1.000000
-0.825280 0.528418 0.199216 8.207800 -0.316250 -0.724715 0.612188 -6.771800 0.467866 0.442225 0.765205 -1.512200 0.000000 0.000000 0.000000 1.000000
-0.826760 0.538949 0.161250 8.207800 -0.319201 -0.685459 0.654413 -6.771800 0.463225 0.489572 0.738743 -1.512200 0.000000 0.000000 0.000000 1.000000
-0.826293 0.545292 0.141052 8.207800 -0.320298 -0.660911 0.678680 -6.771800 0.463302 0.515610 0.720762 -1.512200 0.000000 0.000000 0.000000 1.000000
-0.814618 0.560467 0.149246 8.207800 -0.323141 -0.652258 0.685667 -6.771800 0.481641 0.510329 0.712451 -1.512200 0.000000 0.000000 0.000000 1.000000
-0.802516 0.572131 0.169213 8.207800 -0.307005 -0.639177 0.705125 -6.771800 0.511581 0.513925 0.688597 -1.512200 0.000000 0.000000 0.000000 1.000000
-0.791031 0.587228 0.171564 8.207800 -0.299243 -0.615994 0.728701 -6.771800 0.533596 0.525085 0.662994 -1.512200 0.000000 0.000000 0.000000 1.000000
-0.784131 0.605833 0.134554 8.207800 -0.308540 -0.568692 0.762491 -6.771800 0.538462 0.556377 0.632853 -1.512200 0.000000 0.000000 0.000000 1.000000
-0.773148 0.629204 0.079655 8.207800 -0.339957 -0.517168 0.785473 -6.771800 0.535417 0.580207 0.613749 -1.512200 0.000000 0.000000 0.000000 1.000000
-0.754285 0.649879 0.093336 8.207800 -0.361854 -0.530121 0.766834 -6.771800 0.547829 0.544637 0.635023 -1.512200 0.000000 0.000000 0.000000 1.000000
-0.711001 0.691692 0.126652 8.207800 -0.402780 -0.548230 0.732948 -6.771800 0.576408 0.470114 0.668391 -1.512200 0.000000 0.000000 0.000000 1.000000
-0.649703 0.744308 0.154568 8.207800 -0.453201 -0.542486 0.707331 -6.771800 0.610323 0.389505 0.689776 -1.512200 0.000000 0.000000 0.000000 1.000000
-0.588528 0.790357 0.170210 8.207800 -0.499145 -0.520823 0.692530 -6.771800 0.635994 0.322614 0.701022 -1.512200 0.000000 0.000000 0.000000 1.000000
-0.553842 0.812633 0.181348 8.207800 -0.510233 -0.503365 0.697342 -6.771800 0.657967 0.293688 0.693417 -1.512200 0.000000 0.000000 0.000000 1.000000
-0.526959 0.829975 0.182909 8.207800 -0.496002 -0.475092 0.726821 -6.771800 0.690142 0.292281 0.662023 -1.512200 0.000000 0.000000 0.000000 1.000000
-0.497012 0.849857 0.175275 8.207800 -0.461557 -0.429960 0.775951 -6.771800 0.734809 0.304758 0.605953 -1.512200 0.000000 0.000000 0.000000 1.000000
-0.465515 0.861418 0.203111 8.207800 -0.387103 -0.404553 0.828546 -6.771800 0.795894 0.307076 0.521783 -1.512200 0.000000 0.000000 0.000000 1.000000
-0.417977 0.872913 0.251630 8.207800 -0.285548 -0.389186 0.875784 -6.771800 0.862414 0.294205 0.411929 -1.512200 0.000000 0.000000 0.000000 1.000000
-0.313736 0.886346 0.340530 8.207800 -0.084419 -0.383255 0.919776 -6.771800 0.945750 0.259820 0.195065 -1.512200 0.000000 0.000000 0.000000 1.000000
-0.196550 0.901852 0.384749 8.207800 0.071021 -0.378278 0.922964 -6.771800 0.977918 0.208734 0.010300 -1.512200 0.000000 0.000000 0.000000 1.000000
-0.179285 0.903255 0.389855 8.207800 0.062733 -0.384973 0.920793 -6.771800 0.981795 0.189541 0.012356 -1.512200 0.000000 0.000000 0.000000 1.000000
-0.214986 0.900043 0.379082 8.207800 0.038768 -0.379988 0.924179 -6.771800 0.975847 0.213382 0.046799 -1.512200 0.000000 0.000000 0.000000 1.000000
-0.189784 0.915125 0.355709 8.207800 -0.016256 -0.365172 0.930798 -6.771800 0.981691 0.170868 0.084180 -1.512200 0.000000 0.000000 0.000000 1.000000
-0.182093 0.919118 0.349376 8.207800 -0.040012 -0.361948 0.931339 -6.771800 0.982467 0.155611 0.102684 -1.512200 0.000000 0.000000 0.000000 1.000000
-0.193493 0.915662 0.352312 8.207800 -0.024856 -0.363558 0.931240 -6.771800 0.980787 0.171431 0.093106 -1.512200 0.000000 0.000000 0.000000 1.000000
-0.181453 0.914718 0.361061 8.207800 0.002615 -0.366706 0.930333 -6.771800 0.983396 0.169756 0.064148 -1.512200 0.000000 0.000000 0.000000 1.000000
-0.156306 0.916010 0.369450 8.207800 0.025334 -0.370207 0.928604 -6.771800 0.987384 0.154506 0.034659 -1.512200 0.000000 0.000000 0.000000 1.000000
-0.148905 0.914410 0.376407 8.207800 0.037454 -0.375162 0.926202 -6.771800 0.988142 0.152014 0.021615 -1.512200 0.000000 0.000000 0.000000 1.000000</float_array>
        <technique_common>
          <accessor source="#mixamorig_LeftUpLeg-Matrix-animation-output-transform-array" count="96" stride="16">
            <param type="float4x4"/>
          </accessor>
        </technique_common>
      </source>
      <source id="mixamorig_LeftUpLeg-Interpolations">
        <Name_array id="mixamorig_LeftUpLeg-Interpolations-array" count="96">
 LINEAR LINEAR LINEAR LINEAR LINEAR LINEAR LINEAR LINEAR LINEAR LINEAR LINEAR
LINEAR LINEAR LINEAR LINEAR LINEAR LINEAR LINEAR LINEAR LINEAR LINEAR LINEAR LINEAR
LINEAR LINEAR LINEAR LINEAR LINEAR LINEAR LINEAR LINEAR LINEAR LINEAR LINEAR LINEAR
LINEAR LINEAR LINEAR LINEAR LINEAR LINEAR LINEAR LINEAR LINEAR LINEAR LINEAR LINEAR
LINEAR LINEAR LINEAR LINEAR LINEAR LINEAR LINEAR LINEAR LINEAR LINEAR LINEAR LINEAR
LINEAR LINEAR LINEAR LINEAR LINEAR LINEAR LINEAR LINEAR LINEAR LINEAR LINEAR LINEAR
LINEAR LINEAR LINEAR LINEAR LINEAR LINEAR LINEAR LINEAR LINEAR LINEAR LINEAR LINEAR
LINEAR LINEAR LINEAR LINEAR LINEAR LINEAR LINEAR LINEAR LINEAR LINEAR LINEAR LINEAR
LINEAR</Name_array>
        <technique_common>
          <accessor source="#mixamorig_LeftUpLeg-Interpolations-array" count="96">
            <param type="name"/>
          </accessor>
        </technique_common>
      </source>
      <sampler id="mixamorig_LeftUpLeg-Matrix-animation-transform">
        <input semantic="INPUT" source="#mixamorig_LeftUpLeg-Matrix-animation-input"/>
        <input semantic="OUTPUT" source="#mixamorig_LeftUpLeg-Matrix-animation-output-transform"/>
        <input semantic="INTERPOLATION" source="#mixamorig_LeftUpLeg-Interpolations"/>
      </sampler>
      <channel source="#mixamorig_LeftUpLeg-Matrix-animation-transform" target="mixamorig_LeftUpLeg/matrix"/>
    </animation>
    <animation id="mixamorig_LeftLeg-anim" name="mixamorig_LeftLeg">
      <source id="mixamorig_LeftLeg-Matrix-animation-input">
        <float_array id="mixamorig_LeftLeg-Matrix-animation-input-array" count="96">

0.000000 0.033333 0.066667 0.100000 0.133333 0.166667 0.200000 0.233333 0.266667 0.300000 0.333333 0.366667 0.400000 0.433333 0.466667 0.500000
0.533333 0.566667 0.600000 0.633333 0.666667 0.700000 0.733333 0.766667 0.800000 0.833333 0.866667 0.900000 0.933333 0.966667 1.000000 1.033333
1.066667 1.100000 1.133333 1.166667 1.200000 1.233333 1.266667 1.300000 1.333333 1.366667 1.400000 1.433333 1.466667 1.500000 1.533333 1.566667
1.600000 1.633333 1.666667 1.700000 1.733333 1.766667 1.800000 1.833333 1.866667 1.900000 1.933333 1.966667 2.000000 2.033333 2.066667 2.100000
2.133333 2.166667 2.200000 2.233333 2.266667 2.300000 2.333333 2.366667 2.400000 2.433333 2.466667 2.500000 2.533333 2.566667 2.600000 2.633333
2.666667 2.700000 2.733333 2.766667 2.800000 2.833333 2.866667 2.900000 2.933333 2.966667 3.000000 3.033333 3.066667 3.100000 3.133333 3.166667</float_array>
        <technique_common>
          <accessor source="#mixamorig_LeftLeg-Matrix-animation-input-array" count="96">
            <param name="TIME" type="float"/>
          </accessor>
        </technique_common>
      </source>
      <source id="mixamorig_LeftLeg-Matrix-animation-output-transform">
        <float_array id="mixamorig_LeftLeg-Matrix-animation-output-transform-array" count="1536">

0.993395 -0.028250 0.111209 -0.000000 -0.048922 0.772420 0.633225 44.371399 -0.103788 -0.634483 0.765937 0.000000 0.000000 0.000000 0.000000 1.000000
0.991448 -0.031534 0.126634 0.000000 -0.058908 0.757737 0.649896 44.371399 -0.116449 -0.651798 0.749399 0.000000 0.000000 0.000000 0.000000 1.000000
0.993538 -0.039651 0.106344 0.000000 -0.041619 0.744433 0.666399 44.371399 -0.105590 -0.666519 0.737973 -0.000000 0.000000 0.000000 0.000000 1.000000
0.993857 -0.048968 0.099245 0.000000 -0.028056 0.755997 0.653974 44.371399 -0.107053 -0.652741 0.749979 0.000000 0.000000 0.000000 0.000000 1.000000
0.993592 -0.057883 0.097077 -0.000000 -0.011220 0.804150 0.594321 44.371399 -0.112466 -0.591602 0.798348 -0.000000 0.000000 0.000000 0.000000 1.000000
0.992299 -0.073877 0.099426 -0.000000 0.008614 0.841886 0.539586 44.371399 -0.123569 -0.534574 0.836039 0.000000 0.000000 0.000000 0.000000 1.000000
0.988717 -0.089862 0.119847 -0.000000 0.016744 0.861361 0.507717 44.371399 -0.148856 -0.499982 0.853147 0.000000 0.000000 0.000000 0.000000 1.000000
0.991203 -0.095405 0.091736 0.000000 0.033066 0.849633 0.526337 44.371399 -0.128157 -0.518673 0.845313 0.000000 0.000000 0.000000 0.000000 1.000000
0.996063 -0.071438 0.052487 0.000000 0.025494 0.797925 0.602217 44.371399 -0.084901 -0.598508 0.796605 0.000000 0.000000 0.000000 0.000000 1.000000
0.998846 -0.033211 0.034696 -0.000000 -0.002912 0.679193 0.733954 44.371399 -0.047941 -0.733208 0.678313 -0.000000 0.000000 0.000000 0.000000 1.000000
0.999499 -0.000141 0.031638 -0.000000 -0.026717 0.531864 0.846408 44.371399 -0.016946 -0.846830 0.531594 0.000000 0.000000 0.000000 0.000000 1.000000
0.999762 0.015032 -0.015801 -0.000000 0.006903 0.469145 0.883094 44.371399 0.020688 -0.882993 0.468929 0.000000 0.000000 0.000000 0.000000 1.000000
0.999183 0.028671 -0.028490 0.000000 0.010248 0.502120 0.864737 44.371399 0.039098 -0.864322 0.501416 0.000000 0.000000 0.000000 0.000000 1.000000
0.998323 0.038445 -0.043278 0.000000 0.012627 0.585002 0.810934 44.371399 0.056494 -0.810120 0.583535 0.000000 0.000000 0.000000 0.000000 1.000000
0.997701 0.047980 -0.047850 -0.000000 0.002701 0.677428 0.735584 44.371399 0.067709 -0.734022 0.675742 0.000000 0.000000 0.000000 0.000000 1.000000
0.997656 0.057945 -0.036396 0.000000 -0.020159 0.757178 0.652897 44.371399 0.065391 -0.650633 0.756572 0.000000 0.000000 0.000000 0.000000 1.000000
0.997510 0.070326 -0.005334 0.000000 -0.053175 0.799606 0.598166 44.371399 0.046331 -0.596393 0.801354 0.000000 0.000000 0.000000 0.000000 1.000000
0.996654 0.078977 0.021058 -0.000000 -0.077255 0.826097 0.558208 44.371399 0.026690 -0.557967 0.829434 -0.000000 0.000000 0.000000 0.000000 1.000000
0.996244 0.084545 0.018737 0.000000 -0.081202 0.836883 0.541325 44.371399 0.030086 -0.540813 0.840605 -0.000000 0.000000 0.000000 0.000000 1.000000
0.996111 0.086703 0.015644 -0.000000 -0.080972 0.830962 0.550405 44.371399 0.034722 -0.549531 0.834751 0.000000 0.000000 0.000000 0.000000 1.000000
0.995853 0.087278 0.025674 -0.000000 -0.086131 0.813635 0.574961 44.371399 0.029292 -0.574788 0.817778 -0.000000 0.000000 0.000000 0.000000 1.000000
0.995094 0.086459 0.048087 -0.000000 -0.097954 0.792888 0.601442 44.371399 0.013872 -0.603202 0.797468 0.000000 0.000000 0.000000 0.000000 1.000000
0.993786 0.084310 0.072673 -0.000000 -0.111272 0.769322 0.629097 44.371399 -0.002870 -0.633274 0.773922 -0.000000 0.000000 0.000000 0.000000 1.000000
0.990641 0.081769 0.109290 0.000000 -0.134280 0.727444 0.672900 44.371399 -0.024480 -0.681277 0.731616 0.000000 0.000000 0.000000 0.000000 1.000000
0.986668 0.076809 0.143483 0.000000 -0.157000 0.681451 0.714825 44.371399 -0.042871 -0.727822 0.684425 0.000000 0.000000 0.000000 0.000000 1.000000
0.983993 0.070458 0.163689 0.000000 -0.170529 0.639001 0.750065 44.371399 -0.051750 -0.765972 0.640788 0.000000 0.000000 0.000000 0.000000 1.000000
0.981725 0.064643 0.178989 0.000000 -0.181623 0.599092 0.779809 44.371399 -0.056822 -0.798066 0.599885 -0.000000 0.000000 0.000000 0.000000 1.000000
0.981674 0.059280 0.181113 0.000000 -0.183327 0.553253 0.812590 44.371399 -0.052031 -0.830901 0.553982 0.000000 0.000000 0.000000 0.000000 1.000000
0.984002 0.054383 0.169655 0.000000 -0.174052 0.496694 0.850294 44.371399 -0.038025 -0.866220 0.498213 0.000000 0.000000 0.000000 0.000000 1.000000
0.984438 0.049151 0.168718 0.000000 -0.173196 0.433879 0.884168 44.371399 -0.029745 -0.899629 0.435640 0.000000 0.000000 0.000000 0.000000 1.000000
0.982859 0.042251 0.179451 0.000000 -0.182392 0.364618 0.913119 44.371399 -0.026851 -0.930198 0.366074 0.000000 0.000000 0.000000 0.000000 1.000000
0.982935 0.033789 0.180823 -0.000000 -0.183048 0.277017 0.943268 44.371399 -0.018219 -0.960271 0.278475 -0.000000 0.000000 0.000000 0.000000 1.000000
0.985135 0.024604 0.170011 0.000000 -0.171708 0.170231 0.970329 44.371399 -0.005067 -0.985097 0.171925 -0.000000 0.000000 0.000000 0.000000 1.000000
0.983502 0.016875 0.180106 0.000000 -0.180801 0.059540 0.981716 44.371399 0.005843 -0.998083 0.061608 -0.000000 0.000000 0.000000 0.000000 1.000000
0.980262 0.010963 0.197398 -0.000000 -0.196828 -0.039643 0.979636 44.371399 0.018565 -0.999154 -0.036702 0.000000 0.000000 0.000000 0.000000 1.000000
0.982291 0.006283 0.187257 0.000000 -0.184638 -0.137350 0.973162 44.371399 0.031834 -0.990503 -0.133757 0.000000 0.000000 0.000000 0.000000 1.000000
0.985922 0.003592 0.167167 0.000000 -0.161500 -0.238480 0.957625 44.371399 0.043306 -0.971141 -0.234543 0.000000 0.000000 0.000000 0.000000 1.000000
0.987949 0.005120 0.154693 0.000000 -0.143527 -0.343780 0.928017 44.371399 0.057932 -0.939036 -0.338903 0.000000 0.000000 0.000000 0.000000 1.000000
0.987945 0.010745 0.154433 -0.000000 -0.132674 -0.455254 0.880421 44.371399 0.079767 -0.890297 -0.448340 0.000000 0.000000 0.000000 0.000000 1.000000
0.987144 0.015199 0.159110 0.000000 -0.122045 -0.571118 0.811744 44.371399 0.103208 -0.820727 -0.561921 -0.000000 0.000000 0.000000 0.000000 1.000000
0.983449 0.013638 0.180673 0.000000 -0.121533 -0.689919 0.713612 44.371399 0.134381 -0.723758 -0.676842 0.000000 0.000000 0.000000 0.000000 1.000000
0.987208 0.009455 0.159158 0.000000 -0.111484 -0.672708 0.731461 44.371399 0.113983 -0.739848 -0.663048 0.000000 0.000000 0.000000 0.000000 1.000000
0.991156 0.004885 0.132609 -0.000000 -0.105087 -0.581311 0.806867 44.371399 0.081028 -0.813667 -0.575656 0.000000 0.000000 0.000000 0.000000 1.000000
0.995097 0.004877 0.098782 0.000000 -0.085172 -0.465430 0.880977 44.371399 0.050273 -0.885071 -0.462733 0.000000 0.000000 0.000000 0.000000 1.000000
0.999516 0.001334 0.031094 0.000000 -0.028535 -0.359613 0.932665 44.371399 0.012426 -0.933101 -0.359400 -0.000000 0.000000 0.000000 0.000000 1.000000
0.999806 -0.004922 -0.019049 0.000000 0.016793 -0.290981 0.956582 44.371399 -0.010251 -0.956716 -0.290842 -0.000000 0.000000 0.000000 0.000000 1.000000
0.999500 -0.008275 -0.030532 -0.000000 0.027233 -0.265980 0.963594 44.371399 -0.016095 -0.963943 -0.265622 0.000000 0.000000 0.000000 0.000000 1.000000
0.999594 -0.008040 -0.027330 -0.000000 0.023926 -0.283781 0.958591 44.371399 -0.015463 -0.958855 -0.283473 0.000000 0.000000 0.000000 0.000000 1.000000
0.999014 -0.007166 -0.043804 0.000000 0.040088 -0.278014 0.959740 44.371399 -0.019055 -0.960550 -0.277453 0.000000 0.000000 0.000000 0.000000 1.000000
0.997717 -0.007183 -0.067150 -0.000000 0.063846 -0.223699 0.972565 44.371399 -0.022007 -0.974632 -0.222729 0.000000 0.000000 0.000000 0.000000 1.000000
0.996515 -0.009346 -0.082891 0.000000 0.079928 -0.177343 0.980898 44.371399 -0.023867 -0.984105 -0.175978 0.000000 0.000000 0.000000 0.000000 1.000000
0.997372 -0.011866 -0.071471 -0.000000 0.068796 -0.154195 0.985642 44.371399 -0.022716 -0.987969 -0.152974 -0.000000 0.000000 0.000000 0.000000 1.000000
0.997016 -0.014000 -0.075916 -0.000000 0.073021 -0.148000 0.986288 44.371399 -0.025043 -0.988888 -0.146536 -0.000000 0.000000 0.000000 0.000000 1.000000
0.997130 -0.014857 -0.074234 -0.000000 0.071658 -0.131132 0.988772 44.371399 -0.024424 -0.991254 -0.129691 -0.000000 0.000000 0.000000 0.000000 1.000000
0.994968 -0.013865 -0.099227 0.000000 0.097501 -0.093949 0.990791 44.371399 -0.023060 -0.995481 -0.092124 0.000000 0.000000 0.000000 0.000000 1.000000
0.996875 -0.011712 -0.078122 -0.000000 0.077360 -0.055398 0.995463 44.371399 -0.015987 -0.998396 -0.054318 -0.000000 0.000000 0.000000 0.000000 1.000000
0.996349 -0.009635 -0.084832 -0.000000 0.084544 -0.027157 0.996050 44.371399 -0.011901 -0.999585 -0.026243 0.000000 0.000000 0.000000 0.000000 1.000000
0.995742 -0.006994 -0.091913 0.000000 0.091954 0.005709 0.995747 44.371399 -0.006439 -0.999959 0.006328 0.000000 0.000000 0.000000 0.000000 1.000000
0.995333 -0.004521 -0.096396 -0.000000 0.096502 0.045772 0.994280 44.371399 -0.000083 -0.998942 0.045994 -0.000000 0.000000 0.000000 0.000000 1.000000
0.994689 -0.003516 -0.102870 -0.000000 0.102814 0.081286 0.991374 44.371399 0.004876 -0.996685 0.081216 -0.000000 0.000000 0.000000 0.000000 1.000000
0.994588 -0.003708 -0.103828 -0.000000 0.103617 0.108285 0.988705 44.371399 0.007577 -0.994113 0.108084 -0.000000 0.000000 0.000000 0.000000 1.000000
0.994088 -0.005389 -0.108447 0.000000 0.108140 0.139011 0.984369 44.371399 0.009770 -0.990276 0.138772 -0.000000 0.000000 0.000000 0.000000 1.000000
0.994812 -0.007718 -0.101436 -0.000000 0.101298 0.166911 0.980754 44.371399 0.009361 -0.985942 0.166827 0.000000 0.000000 0.000000 0.000000 1.000000
0.997193 -0.009592 -0.074254 -0.000000 0.074778 0.177127 0.981343 44.371399 0.003739 -0.984141 0.177348 0.000000 0.000000 0.000000 0.000000 1.000000
0.998750 -0.010297 -0.048917 0.000000 0.049963 0.173997 0.983478 44.371399 -0.001615 -0.984692 0.174294 0.000000 0.000000 0.000000 0.000000 1.000000
0.999513 -0.009722 -0.029637 0.000000 0.030381 0.088379 0.995623 44.371399 -0.007060 -0.996039 0.088632 -0.000000 0.000000 0.000000 0.000000 1.000000
0.999747 -0.008181 -0.020960 -0.000000 0.020846 -0.013799 0.999687 44.371399 -0.008468 -0.999871 -0.013625 0.000000 0.000000 0.000000 0.000000 1.000000
0.999882 -0.008598 -0.012703 0.000000 0.011834 -0.094539 0.995451 44.371399 -0.009760 -0.995484 -0.094426 0.000000 0.000000 0.000000 0.000000 1.000000
0.999937 -0.010873 0.002735 0.000000 -0.004608 -0.176226 0.984339 44.371399 -0.010220 -0.984290 -0.176265 0.000000 0.000000 0.000000 0.000000 1.000000
0.997764 -0.012873 0.065579 -0.000000 -0.066687 -0.256168 0.964329 44.371399 0.004385 -0.966546 -0.256454 0.000000 0.000000 0.000000 0.000000 1.000000
0.995986 -0.014333 0.088353 0.000000 -0.088531 -0.303208 0.948803 44.371399 0.013190 -0.952817 -0.303260 0.000000 0.000000 0.000000 0.000000 1.000000
0.990250 -0.013552 0.138640 0.000000 -0.135763 -0.316777 0.938733 44.371399 0.031196 -0.948403 -0.315529 0.000000 0.000000 0.000000 0.000000 1.000000
0.988694 -0.010366 0.149589 0.000000 -0.145653 -0.303451 0.941649 44.371399 0.035632 -0.952791 -0.301530 0.000000 0.000000 0.000000 0.000000 1.000000
0.989722 -0.006262 0.142865 0.000000 -0.139088 -0.274283 0.951537 44.371399 0.033227 -0.961629 -0.272335 0.000000 0.000000 0.000000 0.000000 1.000000
0.985347 -0.000901 0.170557 0.000000 -0.165257 -0.252447 0.953394 44.371399 0.042198 -0.967610 -0.248897 0.000000 0.000000 0.000000 0.000000 1.000000
0.989701 0.006592 0.143000 -0.000000 -0.136971 -0.246757 0.959349 44.371399 0.041610 -0.969055 -0.243313 0.000000 0.000000 0.000000 0.000000 1.000000
0.989774 0.013284 0.142025 -0.000000 -0.133684 -0.260946 0.956052 44.371399 0.049761 -0.965262 -0.256502 0.000000 0.000000 0.000000 0.000000 1.000000
0.989595 0.017394 0.142828 0.000000 -0.134728 -0.236421 0.962265 44.371399 0.050505 -0.971495 -0.231618 0.000000 0.000000 0.000000 0.000000 1.000000
0.993914 0.017282 0.108792 0.000000 -0.103699 -0.186360 0.976993 44.371399 0.037159 -0.982329 -0.183434 0.000000 0.000000 0.000000 0.000000 1.000000
0.998832 0.019440 0.044240 -0.000000 -0.040752 -0.153124 0.987366 44.371399 0.025969 -0.988016 -0.152152 0.000000 0.000000 0.000000 0.000000 1.000000
0.999480 0.025056 -0.020314 0.000000 0.023172 -0.119610 0.992550 44.371399 0.022440 -0.992505 -0.120129 0.000000 0.000000 0.000000 0.000000 1.000000
0.997776 0.026643 -0.061097 0.000000 0.063336 -0.093407 0.993611 44.371399 0.020765 -0.995271 -0.094887 0.000000 0.000000 0.000000 0.000000 1.000000
0.997070 0.020896 -0.073579 0.000000 0.075404 -0.107142 0.991380 44.371399 0.012832 -0.994024 -0.108404 0.000000 0.000000 0.000000 0.000000 1.000000
0.995882 0.015134 -0.089383 0.000000 0.090611 -0.135467 0.986630 44.371399 0.002823 -0.990666 -0.136281 0.000000 0.000000 0.000000 0.000000 1.000000
0.993170 0.013515 -0.115891 0.000000 0.116457 -0.175710 0.977529 44.371399 -0.007152 -0.984349 -0.176083 0.000000 0.000000 0.000000 0.000000 1.000000
0.990986 0.014489 -0.133181 0.000000 0.133629 -0.177545 0.974998 44.371399 -0.009519 -0.984006 -0.177880 0.000000 0.000000 0.000000 0.000000 1.000000
0.985108 0.014555 -0.171322 0.000000 0.171255 -0.171860 0.970122 44.371399 -0.015323 -0.985014 -0.171793 0.000000 0.000000 0.000000 0.000000 1.000000
0.966334 0.012020 -0.257010 0.000000 0.255379 -0.166370 0.952419 44.371399 -0.031311 -0.985990 -0.163839 0.000000 0.000000 0.000000 0.000000 1.000000
0.965414 0.009668 -0.260541 0.000000 0.258953 -0.151690 0.953904 44.371399 -0.030299 -0.988381 -0.148947 0.000000 0.000000 0.000000 0.000000 1.000000
0.958210 0.007508 -0.285969 -0.000000 0.284330 -0.134990 0.949175 44.371399 -0.031477 -0.990819 -0.131483 0.000000 0.000000 0.000000 0.000000 1.000000
0.978743 0.006191 -0.204995 -0.000000 0.203345 -0.159373 0.966049 44.371399 -0.026690 -0.987199 -0.157244 0.000000 0.000000 0.000000 0.000000 1.000000
0.986948 0.006262 -0.160919 0.000000 0.159312 -0.183997 0.969930 44.371399 -0.023535 -0.982907 -0.182593 -0.000000 0.000000 0.000000 0.000000 1.000000
0.990363 0.008016 -0.138264 0.000000 0.136976 -0.204243 0.969290 44.371399 -0.020470 -0.978887 -0.203373 0.000000 0.000000 0.000000 0.000000 1.000000
0.990373 0.007575 -0.138215 -0.000000 0.136594 -0.215259 0.966957 44.371399 -0.022428 -0.976528 -0.214222 0.000000 0.000000 0.000000 0.000000 1.000000
0.995094 0.002014 -0.098917 0.000000 0.097001 -0.216715 0.971404 44.371399 -0.019481 -0.976233 -0.215847 0.000000 0.000000 0.000000 0.000000 1.000000
0.994132 -0.001760 -0.108161 0.000000 0.105204 -0.217021 0.970481 44.371399 -0.025182 -0.976165 -0.215563 -0.000000 0.000000 0.000000 0.000000 1.000000</float_array>
        <technique_common>
          <accessor source="#mixamorig_LeftLeg-Matrix-animation-output-transform-array" count="96" stride="16">
            <param type="float4x4"/>
          </accessor>
        </technique_common>
      </source>
      <source id="mixamorig_LeftLeg-Interpolations">
        <Name_array id="mixamorig_LeftLeg-Interpolations-array" count="96">
 LINEAR LINEAR LINEAR LINEAR LINEAR LINEAR LINEAR LINEAR LINEAR LINEAR LINEAR
LINEAR LINEAR LINEAR LINEAR LINEAR LINEAR LINEAR LINEAR LINEAR LINEAR LINEAR LINEAR
LINEAR LINEAR LINEAR LINEAR LINEAR LINEAR LINEAR LINEAR LINEAR LINEAR LINEAR LINEAR
LINEAR LINEAR LINEAR LINEAR LINEAR LINEAR LINEAR LINEAR LINEAR LINEAR LINEAR LINEAR
LINEAR LINEAR LINEAR LINEAR LINEAR LINEAR LINEAR LINEAR LINEAR LINEAR LINEAR LINEAR
LINEAR LINEAR LINEAR LINEAR LINEAR LINEAR LINEAR LINEAR LINEAR LINEAR LINEAR LINEAR
LINEAR LINEAR LINEAR LINEAR LINEAR LINEAR LINEAR LINEAR LINEAR LINEAR LINEAR LINEAR
LINEAR LINEAR LINEAR LINEAR LINEAR LINEAR LINEAR LINEAR LINEAR LINEAR LINEAR LINEAR
LINEAR</Name_array>
        <technique_common>
          <accessor source="#mixamorig_LeftLeg-Interpolations-array" count="96">
            <param type="name"/>
          </accessor>
        </technique_common>
      </source>
      <sampler id="mixamorig_LeftLeg-Matrix-animation-transform">
        <input semantic="INPUT" source="#mixamorig_LeftLeg-Matrix-animation-input"/>
        <input semantic="OUTPUT" source="#mixamorig_LeftLeg-Matrix-animation-output-transform"/>
        <input semantic="INTERPOLATION" source="#mixamorig_LeftLeg-Interpolations"/>
      </sampler>
      <channel source="#mixamorig_LeftLeg-Matrix-animation-transform" target="mixamorig_LeftLeg/matrix"/>
    </animation>
    <animation id="mixamorig_LeftFoot-anim" name="mixamorig_LeftFoot">
      <source id="mixamorig_LeftFoot-Matrix-animation-input">
        <float_array id="mixamorig_LeftFoot-Matrix-animation-input-array" count="96">

0.000000 0.033333 0.066667 0.100000 0.133333 0.166667 0.200000 0.233333 0.266667 0.300000 0.333333 0.366667 0.400000 0.433333 0.466667 0.500000
0.533333 0.566667 0.600000 0.633333 0.666667 0.700000 0.733333 0.766667 0.800000 0.833333 0.866667 0.900000 0.933333 0.966667 1.000000 1.033333
1.066667 1.100000 1.133333 1.166667 1.200000 1.233333 1.266667 1.300000 1.333333 1.366667 1.400000 1.433333 1.466667 1.500000 1.533333 1.566667
1.600000 1.633333 1.666667 1.700000 1.733333 1.766667 1.800000 1.833333 1.866667 1.900000 1.933333 1.966667 2.000000 2.033333 2.066667 2.100000
2.133333 2.166667 2.200000 2.233333 2.266667 2.300000 2.333333 2.366667 2.400000 2.433333 2.466667 2.500000 2.533333 2.566667 2.600000 2.633333
2.666667 2.700000 2.733333 2.766667 2.800000 2.833333 2.866667 2.900000 2.933333 2.966667 3.000000 3.033333 3.066667 3.100000 3.133333 3.166667</float_array>
        <technique_common>
          <accessor source="#mixamorig_LeftFoot-Matrix-animation-input-array" count="96">
            <param name="TIME" type="float"/>
          </accessor>
        </technique_common>
      </source>
      <source id="mixamorig_LeftFoot-Matrix-animation-output-transform">
        <float_array id="mixamorig_LeftFoot-Matrix-animation-output-transform-array" count="1536">

0.965633 0.193991 -0.172973 0.000000 -0.245982 0.467195 -0.849248 44.527802 -0.083934 0.862610 0.498857 -0.000000 0.000000 0.000000 0.000000 1.000000
0.967109 0.202009 -0.154574 -0.000000 -0.232934 0.459211 -0.857244 44.527802 -0.102189 0.865053 0.491162 0.000000 0.000000 0.000000 0.000000 1.000000
0.964272 0.230349 -0.130838 0.000000 -0.224348 0.447422 -0.865726 44.527802 -0.140880 0.864148 0.483115 0.000000 0.000000 0.000000 0.000000 1.000000
0.962865 0.242459 -0.118766 0.000000 -0.219587 0.447352 -0.866982 44.527802 -0.157077 0.860866 0.483981 0.000000 0.000000 0.000000 0.000000 1.000000
0.960422 0.255116 -0.111825 0.000000 -0.224813 0.472908 -0.851949 44.527802 -0.164463 0.843371 0.511545 -0.000000 0.000000 0.000000 0.000000 1.000000
0.960279 0.259875 -0.101633 0.000000 -0.236263 0.563417 -0.791670 44.527802 -0.148474 0.784236 0.602436 0.000000 0.000000 0.000000 0.000000 1.000000
0.953498 0.262059 -0.148884 -0.000000 -0.292146 0.682133 -0.670333 44.527802 -0.074108 0.682657 0.726972 -0.000000 0.000000 0.000000 0.000000 1.000000
0.944456 0.271175 -0.185650 0.000000 -0.328384 0.756562 -0.565489 44.527802 -0.012891 0.595044 0.803590 0.000000 0.000000 0.000000 0.000000 1.000000
0.944909 0.260466 -0.198252 0.000000 -0.326112 0.801328 -0.501522 44.527802 0.028236 0.538545 0.842123 0.000000 0.000000 0.000000 0.000000 1.000000
0.958163 0.206859 -0.197821 -0.000000 -0.282475 0.794897 -0.536980 44.527802 0.046168 0.570394 0.820073 0.000000 0.000000 0.000000 0.000000 1.000000
0.970749 0.145087 -0.191301 0.000000 -0.234143 0.748395 -0.620549 44.527802 0.053135 0.647189 0.760475 0.000000 0.000000 0.000000 0.000000 1.000000
0.979852 0.137225 -0.145117 0.000000 -0.199559 0.702196 -0.683445 44.527802 0.008115 0.698634 0.715433 -0.000000 0.000000 0.000000 0.000000 1.000000
0.986142 0.109014 -0.125059 0.000000 -0.165696 0.684837 -0.709608 44.527802 0.008288 0.720496 0.693409 -0.000000 0.000000 0.000000 0.000000 1.000000
0.990914 0.088314 -0.101442 0.000000 -0.134305 0.690147 -0.711097 44.527802 0.007211 0.718260 0.695737 -0.000000 0.000000 0.000000 0.000000 1.000000
0.995051 0.065347 -0.074857 0.000000 -0.099262 0.688191 -0.718707 44.527802 0.004550 0.722581 0.691271 -0.000000 0.000000 0.000000 0.000000 1.000000
0.997872 0.043938 -0.048171 0.000000 -0.065157 0.698559 -0.712580 44.527802 0.002341 0.714202 0.699936 0.000000 0.000000 0.000000 0.000000 1.000000
0.998778 0.034061 -0.035801 0.000000 -0.049364 0.720909 -0.691270 44.527802 0.002264 0.692192 0.721709 0.000000 0.000000 0.000000 0.000000 1.000000
0.998414 0.039360 -0.040263 0.000000 -0.056106 0.755524 -0.652714 44.527802 0.004729 0.653938 0.756534 0.000000 0.000000 0.000000 0.000000 1.000000
0.998270 0.041856 -0.041300 0.000000 -0.058520 0.775786 -0.628277 44.527802 0.005743 0.629607 0.776893 0.000000 0.000000 0.000000 0.000000 1.000000
0.998370 0.040901 -0.039810 -0.000000 -0.056855 0.774014 -0.630611 44.527802 0.005021 0.631846 0.775077 0.000000 0.000000 0.000000 0.000000 1.000000
0.998504 0.038687 -0.038630 -0.000000 -0.054544 0.753067 -0.655679 44.527802 0.003725 0.656806 0.754051 0.000000 0.000000 0.000000 0.000000 1.000000
0.998832 0.033795 -0.034544 0.000000 -0.048277 0.729925 -0.681820 44.527802 0.002172 0.682691 0.730704 0.000000 0.000000 0.000000 0.000000 1.000000
0.999207 0.028037 -0.028287 0.000000 -0.039811 0.723428 -0.689251 44.527802 0.001139 0.689830 0.723970 0.000000 0.000000 0.000000 0.000000 1.000000
0.999053 0.030466 -0.031062 0.000000 -0.043476 0.726990 -0.685271 44.527802 0.001705 0.685972 0.727626 0.000000 0.000000 0.000000 0.000000 1.000000
0.998539 0.039513 -0.036850 -0.000000 -0.054020 0.742916 -0.667201 44.527802 0.001013 0.668217 0.743966 0.000000 0.000000 0.000000 0.000000 1.000000
0.998328 0.047093 -0.033525 -0.000000 -0.057605 0.761948 -0.645072 44.527802 -0.004834 0.645924 0.763386 0.000000 0.000000 0.000000 0.000000 1.000000
0.998236 0.054856 -0.022700 0.000000 -0.056914 0.775515 -0.628758 44.527802 -0.016887 0.628941 0.777270 -0.000000 0.000000 0.000000 0.000000 1.000000
0.998346 0.057074 -0.006959 0.000000 -0.049235 0.786105 -0.616129 44.527802 -0.029694 0.615452 0.787615 0.000000 0.000000 0.000000 0.000000 1.000000
0.998657 0.047297 0.021164 0.000000 -0.025369 0.802434 -0.596202 44.527802 -0.045182 0.594864 0.802556 -0.000000 0.000000 0.000000 0.000000 1.000000
0.998118 0.044614 0.042061 -0.000000 -0.013151 0.825783 -0.563835 44.527802 -0.059888 0.562221 0.824816 0.000000 0.000000 0.000000 0.000000 1.000000
0.996864 0.049414 0.061815 -0.000000 -0.008138 0.840972 -0.541017 44.527802 -0.078719 0.538817 0.838737 0.000000 0.000000 0.000000 0.000000 1.000000
0.994952 0.051381 0.086206 -0.000000 -0.000728 0.862670 -0.505767 44.527802 -0.100354 0.503151 0.858352 0.000000 0.000000 0.000000 0.000000 1.000000
0.992046 0.051694 0.114770 0.000000 0.008643 0.881654 -0.471818 44.527802 -0.125578 0.469057 0.874194 -0.000000 0.000000 0.000000 0.000000 1.000000
0.988190 0.056389 0.142478 -0.000000 0.014218 0.892072 -0.451669 44.527802 -0.152570 0.448360 0.880736 0.000000 0.000000 0.000000 0.000000 1.000000
0.984590 0.064502 0.162551 0.000000 0.024103 0.870574 -0.491447 44.527802 -0.173212 0.487791 0.855604 -0.000000 0.000000 0.000000 0.000000 1.000000
0.982950 0.062109 0.173067 0.000000 0.046397 0.826987 -0.560303 44.527802 -0.177924 0.558780 0.810005 0.000000 0.000000 0.000000 0.000000 1.000000
0.984303 0.062370 0.165096 0.000000 0.058861 0.765894 -0.640267 44.527802 -0.166379 0.639935 0.750201 0.000000 0.000000 0.000000 0.000000 1.000000
0.985571 0.070778 0.153751 0.000000 0.059875 0.703852 -0.707819 44.527802 -0.158316 0.706812 0.689459 0.000000 0.000000 0.000000 0.000000 1.000000
0.986874 0.079002 0.140852 0.000000 0.057987 0.640668 -0.765625 44.527802 -0.150725 0.763743 0.627677 0.000000 0.000000 0.000000 0.000000 1.000000
0.990341 0.069336 0.120071 -0.000000 0.058253 0.577783 -0.814109 44.527802 -0.125822 0.813240 0.568163 0.000000 0.000000 0.000000 0.000000 1.000000
0.995233 0.024835 0.094307 -0.000000 0.063277 0.571387 -0.818238 44.527802 -0.074207 0.820305 0.567092 0.000000 0.000000 0.000000 0.000000 1.000000
0.998802 -0.003681 0.048791 0.000000 0.040001 0.635711 -0.770890 44.527802 -0.028180 0.771919 0.635096 0.000000 0.000000 0.000000 0.000000 1.000000
0.999812 -0.011272 0.015748 0.000000 0.019150 0.696680 -0.717127 44.527802 -0.002888 0.717294 0.696765 0.000000 0.000000 0.000000 0.000000 1.000000
0.999979 -0.006130 0.002092 0.000000 0.005898 0.728222 -0.685316 44.527802 0.002678 0.685314 0.728243 0.000000 0.000000 0.000000 0.000000 1.000000
0.999621 0.021524 0.017176 -0.000000 -0.004863 0.751917 -0.659240 44.527802 -0.027104 0.658907 0.751736 0.000000 0.000000 0.000000 0.000000 1.000000
0.998633 0.043198 0.029411 0.000000 -0.014602 0.771015 -0.636650 44.527802 -0.050179 0.635350 0.770592 -0.000000 0.000000 0.000000 0.000000 1.000000
0.999517 0.024384 0.019241 -0.000000 -0.006652 0.773125 -0.634218 44.527802 -0.030341 0.633784 0.772914 0.000000 0.000000 0.000000 0.000000 1.000000
0.999936 -0.007663 0.008338 -0.000000 0.011224 0.768644 -0.639578 44.527802 -0.001508 0.639630 0.768681 0.000000 0.000000 0.000000 0.000000 1.000000
0.999774 -0.013256 0.016611 0.000000 0.020779 0.773645 -0.633279 44.527802 -0.004456 0.633481 0.773746 -0.000000 0.000000 0.000000 0.000000 1.000000
0.999605 0.005252 0.027626 0.000000 0.012876 0.787889 -0.615682 44.527802 -0.025000 0.615795 0.787510 0.000000 0.000000 0.000000 0.000000 1.000000
0.999587 0.021831 0.018684 0.000000 -0.006123 0.797100 -0.603816 44.527802 -0.028075 0.603452 0.796905 -0.000000 0.000000 0.000000 0.000000 1.000000
0.999582 0.025620 -0.013425 0.000000 -0.028504 0.793653 -0.607702 44.527802 -0.004914 0.607831 0.794051 0.000000 0.000000 0.000000 0.000000 1.000000
0.998741 0.042103 -0.027289 -0.000000 -0.049942 0.782083 -0.621170 44.527802 -0.004811 0.621751 0.783200 0.000000 0.000000 0.000000 0.000000 1.000000
0.997719 0.054895 -0.039286 0.000000 -0.067347 0.769843 -0.634670 44.527802 -0.004596 0.635868 0.771784 -0.000000 0.000000 0.000000 0.000000 1.000000
0.996582 0.076896 -0.030182 -0.000000 -0.078112 0.758320 -0.647185 44.527802 -0.026878 0.647331 0.761735 0.000000 0.000000 0.000000 0.000000 1.000000
0.995883 0.068209 -0.059707 0.000000 -0.090649 0.747037 -0.658573 44.527802 -0.000318 0.661274 0.750144 -0.000000 0.000000 0.000000 0.000000 1.000000
0.994477 0.075374 -0.073042 -0.000000 -0.104909 0.735201 -0.669681 44.527802 0.003224 0.673645 0.739048 0.000000 0.000000 0.000000 0.000000 1.000000
0.993043 0.081348 -0.085139 0.000000 -0.117572 0.725217 -0.678408 44.527802 0.006558 0.683698 0.729735 0.000000 0.000000 0.000000 0.000000 1.000000
0.991466 0.087717 -0.096444 -0.000000 -0.130021 0.719208 -0.682521 44.527802 0.009495 0.689236 0.724475 0.000000 0.000000 0.000000 0.000000 1.000000
0.989519 0.096717 -0.107227 0.000000 -0.143984 0.717300 -0.681725 44.527802 0.010980 0.690019 0.723708 0.000000 0.000000 0.000000 0.000000 1.000000
0.986132 0.112181 -0.122304 0.000000 -0.165502 0.719459 -0.674528 44.527802 0.012324 0.685415 0.728048 -0.000000 0.000000 0.000000 0.000000 1.000000
0.982501 0.127391 -0.135883 -0.000000 -0.185771 0.723026 -0.665374 44.527802 0.013484 0.678973 0.734039 -0.000000 0.000000 0.000000 0.000000 1.000000
0.978892 0.141031 -0.147922 0.000000 -0.203795 0.728223 -0.654338 44.527802 0.015439 0.670672 0.741593 0.000000 0.000000 0.000000 0.000000 1.000000
0.976384 0.148785 -0.156645 0.000000 -0.215367 0.727629 -0.651286 44.527802 0.017078 0.669641 0.742488 0.000000 0.000000 0.000000 0.000000 1.000000
0.978369 0.158643 -0.132761 0.000000 -0.206755 0.728961 -0.652586 44.527802 -0.006751 0.665919 0.745993 0.000000 0.000000 0.000000 0.000000 1.000000
0.984023 0.154389 -0.088670 0.000000 -0.173900 0.726678 -0.664603 44.527802 -0.038173 0.669405 0.741917 0.000000 0.000000 0.000000 0.000000 1.000000
0.988059 0.145830 -0.049727 0.000000 -0.141653 0.732822 -0.665512 44.527802 -0.060611 0.664609 0.744729 0.000000 0.000000 0.000000 0.000000 1.000000
0.988652 0.144661 -0.040501 0.000000 -0.136020 0.747596 -0.650076 44.527802 -0.063762 0.648208 0.758789 0.000000 0.000000 0.000000 0.000000 1.000000
0.986549 0.150794 -0.063099 -0.000000 -0.155922 0.752200 -0.640222 44.527802 -0.049079 0.641449 0.765594 0.000000 0.000000 0.000000 0.000000 1.000000
0.982762 0.140610 -0.120034 0.000000 -0.184876 0.747845 -0.637612 44.527802 0.000113 0.648812 0.760949 -0.000000 0.000000 0.000000 0.000000 1.000000
0.976870 0.163410 -0.137919 0.000000 -0.213832 0.748889 -0.627249 44.527802 0.000787 0.642232 0.766509 0.000000 0.000000 0.000000 0.000000 1.000000
0.971635 0.160259 -0.173902 0.000000 -0.234119 0.755619 -0.611742 44.527802 0.033366 0.635104 0.771705 0.000000 0.000000 0.000000 0.000000 1.000000
0.970398 0.172183 -0.169353 0.000000 -0.239865 0.768846 -0.592740 44.527802 0.028147 0.615816 0.787387 0.000000 0.000000 0.000000 0.000000 1.000000
0.971361 0.181597 -0.153236 0.000000 -0.236980 0.787358 -0.569129 44.527802 0.017299 0.589144 0.807843 0.000000 0.000000 0.000000 0.000000 1.000000
0.971431 0.162996 -0.172493 0.000000 -0.232263 0.802237 -0.549972 44.527802 0.048737 0.574324 0.817176 0.000000 0.000000 0.000000 0.000000 1.000000
0.971970 0.174542 -0.157508 0.000000 -0.231989 0.820715 -0.522119 44.527802 0.038137 0.544024 0.838203 0.000000 0.000000 0.000000 0.000000 1.000000
0.973731 0.150922 -0.170503 0.000000 -0.217626 0.837121 -0.501864 44.527802 0.066990 0.525786 0.847975 0.000000 0.000000 0.000000 0.000000 1.000000
0.968760 0.163626 -0.186360 0.000000 -0.239130 0.815482 -0.527073 44.527802 0.065730 0.555172 0.829134 0.000000 0.000000 0.000000 0.000000 1.000000
0.967391 0.186364 -0.171534 -0.000000 -0.251419 0.788677 -0.561050 44.527802 0.030726 0.585882 0.809814 0.000000 0.000000 0.000000 0.000000 1.000000
0.967206 0.213168 -0.138099 0.000000 -0.252828 0.756032 -0.603733 44.527802 -0.024289 0.618850 0.785134 -0.000000 0.000000 0.000000 0.000000 1.000000
0.965196 0.240050 -0.103795 0.000000 -0.250383 0.733540 -0.631845 44.527802 -0.075537 0.635842 0.768114 0.000000 0.000000 0.000000 0.000000 1.000000
0.964714 0.248584 -0.086787 0.000000 -0.243419 0.716385 -0.653865 44.527802 -0.100367 0.651918 0.751617 0.000000 0.000000 0.000000 0.000000 1.000000
0.967530 0.236921 -0.088061 0.000000 -0.231232 0.688984 -0.686901 44.527802 -0.102069 0.684959 0.721396 0.000000 0.000000 0.000000 0.000000 1.000000
0.972204 0.220511 -0.078706 0.000000 -0.209960 0.672322 -0.709859 44.527802 -0.103616 0.706653 0.699933 0.000000 0.000000 0.000000 0.000000 1.000000
0.978062 0.200813 -0.055403 0.000000 -0.175211 0.649145 -0.740211 44.527802 -0.112679 0.733679 0.670089 -0.000000 0.000000 0.000000 0.000000 1.000000
0.984587 0.172896 -0.026363 0.000000 -0.135316 0.657579 -0.741134 44.527802 -0.110803 0.733278 0.670839 0.000000 0.000000 0.000000 0.000000 1.000000
0.987625 0.155441 0.020875 0.000000 -0.089102 0.665633 -0.740941 44.527802 -0.129068 0.729912 0.671245 0.000000 0.000000 0.000000 0.000000 1.000000
0.991362 0.129912 0.017995 0.000000 -0.074705 0.672116 -0.736668 44.527802 -0.107797 0.728960 0.676016 -0.000000 0.000000 0.000000 0.000000 1.000000
0.992352 0.110990 0.054031 0.000000 -0.038014 0.691197 -0.721665 44.527802 -0.117444 0.714092 0.690130 0.000000 0.000000 0.000000 0.000000 1.000000
0.986911 0.075095 0.142713 -0.000000 0.048718 0.704779 -0.707753 44.527802 -0.153730 0.705442 0.691895 -0.000000 0.000000 0.000000 0.000000 1.000000
0.986957 0.097163 0.128359 0.000000 0.031783 0.664032 -0.747028 44.527802 -0.157818 0.741364 0.652283 0.000000 0.000000 0.000000 0.000000 1.000000
0.986104 0.128935 0.104761 0.000000 -0.000558 0.633164 -0.774017 44.527802 -0.166129 0.763203 0.624438 0.000000 0.000000 0.000000 0.000000 1.000000
0.985302 0.147050 0.086930 -0.000000 -0.022880 0.617909 -0.785917 44.527802 -0.169284 0.772376 0.612191 0.000000 0.000000 0.000000 0.000000 1.000000
0.988675 0.139968 0.054131 0.000000 -0.043629 0.613201 -0.788721 44.527802 -0.143589 0.777427 0.612364 -0.000000 0.000000 0.000000 0.000000 1.000000
0.996578 0.075214 -0.034275 0.000000 -0.073014 0.606712 -0.791561 44.527802 -0.038742 0.791355 0.610128 0.000000 0.000000 0.000000 0.000000 1.000000
0.992311 0.067766 -0.103566 0.000000 -0.123681 0.574142 -0.809360 44.527802 0.004614 0.815946 0.578109 0.000000 0.000000 0.000000 0.000000 1.000000</float_array>
        <technique_common>
          <accessor source="#mixamorig_LeftFoot-Matrix-animation-output-transform-array" count="96" stride="16">
            <param type="float4x4"/>
          </accessor>
        </technique_common>
      </source>
      <source id="mixamorig_LeftFoot-Interpolations">
        <Name_array id="mixamorig_LeftFoot-Interpolations-array" count="96">
 LINEAR LINEAR LINEAR LINEAR LINEAR LINEAR LINEAR LINEAR LINEAR LINEAR LINEAR
LINEAR LINEAR LINEAR LINEAR LINEAR LINEAR LINEAR LINEAR LINEAR LINEAR LINEAR LINEAR
LINEAR LINEAR LINEAR LINEAR LINEAR LINEAR LINEAR LINEAR LINEAR LINEAR LINEAR LINEAR
LINEAR LINEAR LINEAR LINEAR LINEAR LINEAR LINEAR LINEAR LINEAR LINEAR LINEAR LINEAR
LINEAR LINEAR LINEAR LINEAR LINEAR LINEAR LINEAR LINEAR LINEAR LINEAR LINEAR LINEAR
LINEAR LINEAR LINEAR LINEAR LINEAR LINEAR LINEAR LINEAR LINEAR LINEAR LINEAR LINEAR
LINEAR LINEAR LINEAR LINEAR LINEAR LINEAR LINEAR LINEAR LINEAR LINEAR LINEAR LINEAR
LINEAR LINEAR LINEAR LINEAR LINEAR LINEAR LINEAR LINEAR LINEAR LINEAR LINEAR LINEAR
LINEAR</Name_array>
        <technique_common>
          <accessor source="#mixamorig_LeftFoot-Interpolations-array" count="96">
            <param type="name"/>
          </accessor>
        </technique_common>
      </source>
      <sampler id="mixamorig_LeftFoot-Matrix-animation-transform">
        <input semantic="INPUT" source="#mixamorig_LeftFoot-Matrix-animation-input"/>
        <input semantic="OUTPUT" source="#mixamorig_LeftFoot-Matrix-animation-output-transform"/>
        <input semantic="INTERPOLATION" source="#mixamorig_LeftFoot-Interpolations"/>
      </sampler>
      <channel source="#mixamorig_LeftFoot-Matrix-animation-transform" target="mixamorig_LeftFoot/matrix"/>
    </animation>
    <animation id="mixamorig_LeftToeBase-anim" name="mixamorig_LeftToeBase">
      <source id="mixamorig_LeftToeBase-Matrix-animation-input">
        <float_array id="mixamorig_LeftToeBase-Matrix-animation-input-array" count="96">

0.000000 0.033333 0.066667 0.100000 0.133333 0.166667 0.200000 0.233333 0.266667 0.300000 0.333333 0.366667 0.400000 0.433333 0.466667 0.500000
0.533333 0.566667 0.600000 0.633333 0.666667 0.700000 0.733333 0.766667 0.800000 0.833333 0.866667 0.900000 0.933333 0.966667 1.000000 1.033333
1.066667 1.100000 1.133333 1.166667 1.200000 1.233333 1.266667 1.300000 1.333333 1.366667 1.400000 1.433333 1.466667 1.500000 1.533333 1.566667
1.600000 1.633333 1.666667 1.700000 1.733333 1.766667 1.800000 1.833333 1.866667 1.900000 1.933333 1.966667 2.000000 2.033333 2.066667 2.100000
2.133333 2.166667 2.200000 2.233333 2.266667 2.300000 2.333333 2.366667 2.400000 2.433333 2.466667 2.500000 2.533333 2.566667 2.600000 2.633333
2.666667 2.700000 2.733333 2.766667 2.800000 2.833333 2.866667 2.900000 2.933333 2.966667 3.000000 3.033333 3.066667 3.100000 3.133333 3.166667</float_array>
        <technique_common>
          <accessor source="#mixamorig_LeftToeBase-Matrix-animation-input-array" count="96">
            <param name="TIME" type="float"/>
          </accessor>
        </technique_common>
      </source>
      <source id="mixamorig_LeftToeBase-Matrix-animation-output-transform">
        <float_array id="mixamorig_LeftToeBase-Matrix-animation-output-transform-array" count="1536">

1.000000 0.000010 -0.000000 -0.000000 -0.000008 0.754586 -0.656201 13.816900 -0.000006 0.656201 0.754586 0.000000 0.000000 0.000000 0.000000 1.000000
1.000000 0.000011 -0.000000 0.000000 -0.000009 0.756615 -0.653861 13.816900 -0.000007 0.653861 0.756615 0.000000 0.000000 0.000000 0.000000 1.000000
1.000000 0.000010 -0.000000 0.000000 -0.000007 0.756594 -0.653885 13.816900 -0.000006 0.653885 0.756594 0.000000 0.000000 0.000000 0.000000 1.000000
1.000000 0.000011 -0.000000 0.000000 -0.000008 0.756587 -0.653893 13.816900 -0.000007 0.653893 0.756587 0.000000 0.000000 0.000000 0.000000 1.000000
1.000000 0.000009 -0.000000 0.000000 -0.000007 0.756700 -0.653762 13.816900 -0.000006 0.653762 0.756700 -0.000000 0.000000 0.000000 0.000000 1.000000
1.000000 0.000010 0.000028 0.000000 0.000012 0.732421 -0.680852 13.816900 -0.000028 0.680852 0.732421 0.000000 0.000000 0.000000 0.000000 1.000000
0.999259 0.001510 0.038459 0.000000 0.026159 0.706332 -0.707398 13.816900 -0.028232 0.707879 0.705769 0.000000 0.000000 0.000000 0.000000 1.000000
1.000000 0.000010 -0.000001 0.000000 -0.000008 0.748873 -0.662714 13.816900 -0.000006 0.662714 0.748873 -0.000000 0.000000 0.000000 0.000000 1.000000
1.000000 0.000010 -0.000000 0.000000 -0.000008 0.807760 -0.589512 13.816900 -0.000006 0.589512 0.807760 0.000000 0.000000 0.000000 0.000000 1.000000
1.000000 0.000010 -0.000000 0.000000 -0.000009 0.859518 -0.511106 13.816900 -0.000005 0.511106 0.859518 -0.000000 0.000000 0.000000 0.000000 1.000000
1.000000 0.000010 -0.000000 0.000000 -0.000009 0.865514 -0.500885 13.816900 -0.000005 0.500885 0.865514 0.000000 0.000000 0.000000 0.000000 1.000000
1.000000 0.000010 -0.000000 0.000000 -0.000008 0.849121 -0.528198 13.816900 -0.000005 0.528198 0.849121 0.000000 0.000000 0.000000 0.000000 1.000000
1.000000 0.000010 -0.000000 0.000000 -0.000008 0.819782 -0.572675 13.816900 -0.000006 0.572675 0.819782 -0.000000 0.000000 0.000000 0.000000 1.000000
1.000000 0.000010 -0.000000 -0.000000 -0.000008 0.781578 -0.623808 13.816900 -0.000006 0.623808 0.781578 0.000000 0.000000 0.000000 0.000000 1.000000
1.000000 0.000010 -0.000000 0.000000 -0.000008 0.740413 -0.672153 13.816900 -0.000007 0.672153 0.740413 0.000000 0.000000 0.000000 0.000000 1.000000
1.000000 0.000010 -0.000001 0.000000 -0.000008 0.704262 -0.709940 13.816900 -0.000007 0.709940 0.704262 0.000000 0.000000 0.000000 0.000000 1.000000
1.000000 0.000010 -0.000001 0.000000 -0.000007 0.680936 -0.732343 13.816900 -0.000007 0.732343 0.680936 -0.000000 0.000000 0.000000 0.000000 1.000000
1.000000 0.000010 -0.000001 0.000000 -0.000007 0.666318 -0.745668 13.816900 -0.000007 0.745668 0.666318 -0.000000 0.000000 0.000000 0.000000 1.000000
1.000000 0.000011 -0.000001 -0.000000 -0.000007 0.657008 -0.753884 13.816900 -0.000008 0.753884 0.657008 0.000000 0.000000 0.000000 0.000000 1.000000
1.000000 0.000011 -0.000001 0.000000 -0.000007 0.650405 -0.759587 13.816900 -0.000008 0.759587 0.650405 0.000000 0.000000 0.000000 0.000000 1.000000
1.000000 0.000011 -0.000001 0.000000 -0.000007 0.643770 -0.765219 13.816900 -0.000008 0.765219 0.643770 -0.000000 0.000000 0.000000 0.000000 1.000000
1.000000 0.000011 -0.000001 0.000000 -0.000007 0.634271 -0.773111 13.816900 -0.000008 0.773111 0.634271 0.000000 0.000000 0.000000 0.000000 1.000000
1.000000 0.000011 -0.000001 0.000000 -0.000007 0.618948 -0.785432 13.816900 -0.000008 0.785432 0.618948 0.000000 0.000000 0.000000 0.000000 1.000000
1.000000 0.000011 -0.000001 0.000000 -0.000007 0.594588 -0.804030 13.816900 -0.000008 0.804030 0.594588 -0.000000 0.000000 0.000000 0.000000 1.000000
1.000000 0.000011 -0.000001 0.000000 -0.000007 0.557295 -0.830315 13.816900 -0.000009 0.830315 0.557295 0.000000 0.000000 0.000000 0.000000 1.000000
0.999959 0.000058 0.009003 0.000000 0.007752 0.502937 -0.864288 13.816900 -0.004578 0.864323 0.502916 -0.000000 0.000000 0.000000 0.000000 1.000000
0.999951 0.000069 0.009864 -0.000000 0.008810 0.443508 -0.896227 13.816900 -0.004436 0.896270 0.443486 0.000000 0.000000 0.000000 0.000000 1.000000
1.000000 0.000011 -0.000001 -0.000000 -0.000005 0.385141 -0.922858 13.816900 -0.000010 0.922858 0.385141 0.000000 0.000000 0.000000 0.000000 1.000000
1.000000 0.000011 -0.000001 -0.000000 -0.000005 0.321438 -0.946931 13.816900 -0.000010 0.946931 0.321438 0.000000 0.000000 0.000000 0.000000 1.000000
1.000000 0.000011 -0.000002 0.000000 -0.000004 0.262971 -0.964804 13.816900 -0.000011 0.964804 0.262971 0.000000 0.000000 0.000000 0.000000 1.000000
1.000000 0.000011 -0.000002 0.000000 -0.000004 0.213526 -0.976937 13.816900 -0.000011 0.976937 0.213526 0.000000 0.000000 0.000000 0.000000 1.000000
1.000000 0.000011 -0.000002 0.000000 -0.000004 0.168109 -0.985768 13.816900 -0.000011 0.985768 0.168109 0.000000 0.000000 0.000000 0.000000 1.000000
1.000000 0.000012 -0.000002 -0.000000 -0.000003 0.129790 -0.991541 13.816900 -0.000011 0.991541 0.129790 -0.000000 0.000000 0.000000 0.000000 1.000000
1.000000 0.000011 -0.000002 0.000000 -0.000003 0.103339 -0.994646 13.816900 -0.000011 0.994646 0.103339 -0.000000 0.000000 0.000000 0.000000 1.000000
1.000000 0.000012 -0.000002 0.000000 -0.000003 0.093486 -0.995621 13.816900 -0.000011 0.995621 0.093486 -0.000000 0.000000 0.000000 0.000000 1.000000
1.000000 0.000012 -0.000002 0.000000 -0.000003 0.094831 -0.995493 13.816900 -0.000011 0.995493 0.094831 -0.000000 0.000000 0.000000 0.000000 1.000000
1.000000 0.000012 -0.000002 -0.000000 -0.000003 0.103916 -0.994586 13.816900 -0.000011 0.994586 0.103916 0.000000 0.000000 0.000000 0.000000 1.000000
1.000000 0.000012 -0.000002 -0.000000 -0.000003 0.128273 -0.991739 13.816900 -0.000011 0.991739 0.128273 0.000000 0.000000 0.000000 0.000000 1.000000
1.000000 0.000011 -0.000002 0.000000 -0.000004 0.212556 -0.977149 13.816900 -0.000011 0.977149 0.212556 -0.000000 0.000000 0.000000 0.000000 1.000000
1.000000 0.000011 -0.000001 0.000000 -0.000005 0.377963 -0.925821 13.816900 -0.000010 0.925821 0.377963 0.000000 0.000000 0.000000 0.000000 1.000000
1.000000 0.000011 -0.000001 0.000000 -0.000006 0.494563 -0.869142 13.816900 -0.000009 0.869142 0.494563 0.000000 0.000000 0.000000 0.000000 1.000000
1.000000 0.000011 -0.000001 0.000000 -0.000007 0.574697 -0.818366 13.816900 -0.000008 0.818366 0.574697 -0.000000 0.000000 0.000000 0.000000 1.000000
1.000000 0.000010 -0.000001 0.000000 -0.000007 0.631716 -0.775200 13.816900 -0.000008 0.775200 0.631716 0.000000 0.000000 0.000000 0.000000 1.000000
1.000000 0.000010 -0.000001 -0.000000 -0.000007 0.669271 -0.743018 13.816900 -0.000007 0.743018 0.669271 0.000000 0.000000 0.000000 0.000000 1.000000
1.000000 0.000010 -0.000001 0.000000 -0.000008 0.690325 -0.723500 13.816900 -0.000007 0.723500 0.690325 0.000000 0.000000 0.000000 0.000000 1.000000
1.000000 0.000010 -0.000001 0.000000 -0.000008 0.697007 -0.717064 13.816900 -0.000007 0.717064 0.697007 -0.000000 0.000000 0.000000 0.000000 1.000000
1.000000 0.000010 -0.000000 0.000000 -0.000007 0.690690 -0.723151 13.816900 -0.000007 0.723151 0.690690 0.000000 0.000000 0.000000 0.000000 1.000000
1.000000 0.000010 -0.000001 0.000000 -0.000007 0.673865 -0.738855 13.816900 -0.000007 0.738855 0.673865 0.000000 0.000000 0.000000 0.000000 1.000000
1.000000 0.000010 -0.000001 -0.000000 -0.000007 0.649686 -0.760203 13.816900 -0.000007 0.760203 0.649686 -0.000000 0.000000 0.000000 0.000000 1.000000
1.000000 0.000010 -0.000001 0.000000 -0.000007 0.621502 -0.783413 13.816900 -0.000008 0.783413 0.621502 0.000000 0.000000 0.000000 0.000000 1.000000
1.000000 0.000011 -0.000001 0.000000 -0.000007 0.593077 -0.805146 13.816900 -0.000008 0.805146 0.593077 -0.000000 0.000000 0.000000 0.000000 1.000000
1.000000 0.000010 -0.000001 -0.000000 -0.000007 0.568602 -0.822613 13.816900 -0.000008 0.822613 0.568602 -0.000000 0.000000 0.000000 0.000000 1.000000
1.000000 0.000010 -0.000001 0.000000 -0.000006 0.550070 -0.835119 13.816900 -0.000008 0.835119 0.550070 0.000000 0.000000 0.000000 0.000000 1.000000
1.000000 0.000011 -0.000001 0.000000 -0.000007 0.544476 -0.838777 13.816900 -0.000009 0.838777 0.544476 -0.000000 0.000000 0.000000 0.000000 1.000000
1.000000 0.000011 -0.000001 0.000000 -0.000007 0.597585 -0.801805 13.816900 -0.000008 0.801805 0.597585 0.000000 0.000000 0.000000 0.000000 1.000000
1.000000 0.000011 -0.000001 0.000000 -0.000008 0.675266 -0.737574 13.816900 -0.000007 0.737574 0.675266 0.000000 0.000000 0.000000 0.000000 1.000000
1.000000 0.000011 -0.000000 -0.000000 -0.000008 0.760416 -0.649436 13.816900 -0.000007 0.649436 0.760416 0.000000 0.000000 0.000000 0.000000 1.000000
1.000000 0.000010 0.000000 0.000000 -0.000009 0.830496 -0.557025 13.816900 -0.000006 0.557025 0.830496 0.000000 0.000000 0.000000 0.000000 1.000000
1.000000 0.000010 -0.000000 -0.000000 -0.000009 0.880132 -0.474729 13.816900 -0.000004 0.474729 0.880132 -0.000000 0.000000 0.000000 0.000000 1.000000
1.000000 0.000010 -0.000001 0.000000 -0.000009 0.894752 -0.446564 13.816900 -0.000004 0.446564 0.894752 0.000000 0.000000 0.000000 0.000000 1.000000
1.000000 0.000009 -0.000001 -0.000000 -0.000009 0.898250 -0.439485 13.816900 -0.000003 0.439485 0.898250 0.000000 0.000000 0.000000 0.000000 1.000000
1.000000 0.000010 0.000000 0.000000 -0.000009 0.897980 -0.440036 13.816900 -0.000004 0.440036 0.897980 0.000000 0.000000 0.000000 0.000000 1.000000
1.000000 0.000010 0.000000 -0.000000 -0.000009 0.894788 -0.446492 13.816900 -0.000005 0.446492 0.894788 0.000000 0.000000 0.000000 0.000000 1.000000
1.000000 0.000009 -0.000001 0.000000 -0.000009 0.889615 -0.456711 13.816900 -0.000003 0.456711 0.889615 0.000000 0.000000 0.000000 0.000000 1.000000
1.000000 0.000010 -0.000001 0.000000 -0.000009 0.883432 -0.468560 13.816900 -0.000004 0.468560 0.883432 0.000000 0.000000 0.000000 0.000000 1.000000
1.000000 0.000009 0.000000 0.000000 -0.000008 0.877298 -0.479946 13.816900 -0.000005 0.479946 0.877298 0.000000 0.000000 0.000000 0.000000 1.000000
1.000000 0.000010 -0.000000 0.000000 -0.000009 0.871565 -0.490279 13.816900 -0.000004 0.490279 0.871565 0.000000 0.000000 0.000000 0.000000 1.000000
1.000000 0.000009 0.000000 0.000000 -0.000008 0.864761 -0.502184 13.816900 -0.000005 0.502184 0.864761 0.000000 0.000000 0.000000 0.000000 1.000000
1.000000 0.000010 0.000001 0.000000 -0.000008 0.857543 -0.514413 13.816900 -0.000005 0.514413 0.857543 0.000000 0.000000 0.000000 0.000000 1.000000
1.000000 0.000010 -0.000001 0.000000 -0.000009 0.852753 -0.522314 13.816900 -0.000004 0.522314 0.852753 0.000000 0.000000 0.000000 0.000000 1.000000
1.000000 0.000010 -0.000000 0.000000 -0.000008 0.848298 -0.529520 13.816900 -0.000005 0.529520 0.848298 0.000000 0.000000 0.000000 0.000000 1.000000
1.000000 0.000009 -0.000001 0.000000 -0.000008 0.843702 -0.536812 13.816900 -0.000004 0.536812 0.843702 0.000000 0.000000 0.000000 0.000000 1.000000
1.000000 0.000009 0.000001 0.000000 -0.000007 0.839679 -0.543083 13.816900 -0.000006 0.543083 0.839679 0.000000 0.000000 0.000000 0.000000 1.000000
1.000000 0.000010 -0.000000 0.000000 -0.000009 0.836063 -0.548633 13.816900 -0.000005 0.548633 0.836063 0.000000 0.000000 0.000000 0.000000 1.000000
1.000000 0.000009 -0.000001 -0.000000 -0.000008 0.832393 -0.554185 13.816900 -0.000005 0.554185 0.832393 -0.000000 0.000000 0.000000 0.000000 1.000000
1.000000 0.000010 -0.000001 0.000000 -0.000008 0.828721 -0.559661 13.816900 -0.000005 0.559661 0.828721 0.000000 0.000000 0.000000 0.000000 1.000000
1.000000 0.000010 0.000001 0.000000 -0.000007 0.825102 -0.564984 13.816900 -0.000006 0.564984 0.825102 0.000000 0.000000 0.000000 0.000000 1.000000
1.000000 0.000009 0.000000 0.000000 -0.000008 0.821591 -0.570078 13.816900 -0.000006 0.570078 0.821591 -0.000000 0.000000 0.000000 0.000000 1.000000
1.000000 0.000010 -0.000000 0.000000 -0.000008 0.818245 -0.574870 13.816900 -0.000006 0.574870 0.818245 0.000000 0.000000 0.000000 0.000000 1.000000
1.000000 0.000009 -0.000000 -0.000000 -0.000008 0.815124 -0.579286 13.816900 -0.000005 0.579286 0.815124 -0.000000 0.000000 0.000000 0.000000 1.000000
1.000000 0.000010 -0.000001 0.000000 -0.000009 0.812290 -0.583253 13.816900 -0.000005 0.583253 0.812290 0.000000 0.000000 0.000000 0.000000 1.000000
1.000000 0.000010 -0.000001 -0.000000 -0.000009 0.809801 -0.586705 13.816900 -0.000005 0.586705 0.809801 0.000000 0.000000 0.000000 0.000000 1.000000
1.000000 0.000009 -0.000001 0.000000 -0.000008 0.807721 -0.589565 13.816900 -0.000005 0.589565 0.807721 0.000000 0.000000 0.000000 0.000000 1.000000
1.000000 0.000010 -0.000000 0.000000 -0.000008 0.806110 -0.591765 13.816900 -0.000006 0.591765 0.806110 0.000000 0.000000 0.000000 0.000000 1.000000
1.000000 0.000010 -0.000000 0.000000 -0.000008 0.805032 -0.593232 13.816900 -0.000006 0.593232 0.805032 0.000000 0.000000 0.000000 0.000000 1.000000
1.000000 0.000010 -0.000001 -0.000000 -0.000009 0.804544 -0.593894 13.816900 -0.000005 0.593894 0.804544 0.000000 0.000000 0.000000 0.000000 1.000000
1.000000 0.000010 0.000001 0.000000 -0.000008 0.804765 -0.593594 13.816900 -0.000007 0.593594 0.804765 0.000000 0.000000 0.000000 0.000000 1.000000
0.999888 -0.000114 -0.014967 0.000000 -0.008894 0.799750 -0.600267 13.816900 0.012038 0.600333 0.799660 -0.000000 0.000000 0.000000 0.000000 1.000000
0.999968 -0.000033 -0.007972 0.000000 -0.004698 0.805466 -0.592624 13.816900 0.006441 0.592642 0.805440 0.000000 0.000000 0.000000 0.000000 1.000000
0.999997 -0.000139 0.002335 0.000000 0.001448 0.820746 -0.571292 13.816900 -0.001837 0.571293 0.820744 0.000000 0.000000 0.000000 0.000000 1.000000
1.000000 0.000011 -0.000000 0.000000 -0.000009 0.814612 -0.580006 13.816900 -0.000006 0.580006 0.814612 0.000000 0.000000 0.000000 0.000000 1.000000
1.000000 0.000009 -0.000001 0.000000 -0.000008 0.818369 -0.574692 13.816900 -0.000004 0.574692 0.818369 0.000000 0.000000 0.000000 0.000000 1.000000
1.000000 -0.000058 -0.000834 0.000000 -0.000425 0.824138 -0.566389 13.816900 0.000720 0.566389 0.824138 0.000000 0.000000 0.000000 0.000000 1.000000
0.981285 -0.030998 -0.190051 0.000000 -0.115870 0.693233 -0.711339 13.816900 0.153799 0.720047 0.676667 0.000000 0.000000 0.000000 0.000000 1.000000
0.993255 -0.007989 -0.115677 -0.000000 -0.067354 0.772309 -0.631667 13.816900 0.094385 0.635197 0.766561 -0.000000 0.000000 0.000000 0.000000 1.000000
0.999412 -0.000577 -0.034269 -0.000000 -0.019100 0.820840 -0.570839 13.816900 0.028459 0.571158 0.820347 -0.000000 0.000000 0.000000 0.000000 1.000000</float_array>
        <technique_common>
          <accessor source="#mixamorig_LeftToeBase-Matrix-animation-output-transform-array" count="96" stride="16">
            <param type="float4x4"/>
          </accessor>
        </technique_common>
      </source>
      <source id="mixamorig_LeftToeBase-Interpolations">
        <Name_array id="mixamorig_LeftToeBase-Interpolations-array" count="96">
 LINEAR LINEAR LINEAR LINEAR LINEAR LINEAR LINEAR LINEAR LINEAR LINEAR LINEAR
LINEAR LINEAR LINEAR LINEAR LINEAR LINEAR LINEAR LINEAR LINEAR LINEAR LINEAR LINEAR
LINEAR LINEAR LINEAR LINEAR LINEAR LINEAR LINEAR LINEAR LINEAR LINEAR LINEAR LINEAR
LINEAR LINEAR LINEAR LINEAR LINEAR LINEAR LINEAR LINEAR LINEAR LINEAR LINEAR LINEAR
LINEAR LINEAR LINEAR LINEAR LINEAR LINEAR LINEAR LINEAR LINEAR LINEAR LINEAR LINEAR
LINEAR LINEAR LINEAR LINEAR LINEAR LINEAR LINEAR LINEAR LINEAR LINEAR LINEAR LINEAR
LINEAR LINEAR LINEAR LINEAR LINEAR LINEAR LINEAR LINEAR LINEAR LINEAR LINEAR LINEAR
LINEAR LINEAR LINEAR LINEAR LINEAR LINEAR LINEAR LINEAR LINEAR LINEAR LINEAR LINEAR
LINEAR</Name_array>
        <technique_common>
          <accessor source="#mixamorig_LeftToeBase-Interpolations-array" count="96">
            <param type="name"/>
          </accessor>
        </technique_common>
      </source>
      <sampler id="mixamorig_LeftToeBase-Matrix-animation-transform">
        <input semantic="INPUT" source="#mixamorig_LeftToeBase-Matrix-animation-input"/>
        <input semantic="OUTPUT" source="#mixamorig_LeftToeBase-Matrix-animation-output-transform"/>
        <input semantic="INTERPOLATION" source="#mixamorig_LeftToeBase-Interpolations"/>
      </sampler>
      <channel source="#mixamorig_LeftToeBase-Matrix-animation-transform" target="mixamorig_LeftToeBase/matrix"/>
    </animation>
  </library_animations>
  <library_visual_scenes>
    <visual_scene id="RootNode" name="RootNode">
      <node id="mixamorig_Hips" name="mixamorig_Hips" sid="mixamorig_Hips" type="JOINT">
        <matrix sid="matrix">0.467622 -0.095141 -0.878793 0.002487 0.030185 0.995329 -0.091696 94.128876 0.883413 0.016353 0.468310 0.000356 0.000000 0.000000 0.000000 1.000000</matrix>
        <node id="mixamorig_Spine" name="mixamorig_Spine" sid="mixamorig_Spine" type="JOINT">
          <matrix sid="matrix">0.997187 0.074735 0.005694 -0.000000 -0.073757 0.991972 -0.102715 10.182400 -0.013325 0.102006 0.994695 0.000000 0.000000 0.000000 0.000000 1.000000</matrix>
          <node id="mixamorig_Spine1" name="mixamorig_Spine1" sid="mixamorig_Spine1" type="JOINT">
            <matrix sid="matrix">0.998755 0.046877 0.017049 -0.000000 -0.044891 0.993724 -0.102461 10.002700 -0.021745 0.101568 0.994591 0.000000 0.000000 0.000000 0.000000 1.000000</matrix>
            <node id="mixamorig_Spine2" name="mixamorig_Spine2" sid="mixamorig_Spine2" type="JOINT">
              <matrix sid="matrix">0.998694 0.048068 0.017292 0.000000 -0.045469 0.990736 -0.127961 9.322100 -0.023282 0.127008 0.991628 0.000000 0.000000 0.000000 0.000000 1.000000</matrix>
              <node id="mixamorig_Neck" name="mixamorig_Neck" sid="mixamorig_Neck" type="JOINT">
                <matrix sid="matrix">0.997545 -0.067919 0.017031 0.000000 0.066720 0.995772 0.063145 16.865299 -0.021248 -0.061854 0.997859 -0.000000 0.000000 0.000000 0.000000 1.000000</matrix>
                <node id="mixamorig_Head" name="mixamorig_Head" sid="mixamorig_Head" type="JOINT">
                  <matrix sid="matrix">0.575444 -0.123338 0.808487 -0.000000 -0.143164 0.958107 0.248061 9.341900 -0.805213 -0.258491 0.533680 2.841000 0.000000 0.000000 0.000000 1.000000</matrix>
                  <node id="mixamorig_HeadTop_End" name="mixamorig_HeadTop_End" sid="mixamorig_HeadTop_End" type="JOINT">
                    <matrix sid="matrix">1.000000 -0.000000 0.000000 -0.000000 -0.000000 1.000000 0.000000 20.962799 -0.000000 0.000000 1.000000 10.122900 0.000000 0.000000 0.000000 1.000000</matrix>
                  </node>
                </node>
              </node>
              <node id="mixamorig_RightShoulder" name="mixamorig_RightShoulder" sid="mixamorig_RightShoulder" type="JOINT">
                <matrix sid="matrix">-0.076496 -0.977121 0.198452 -4.570000 -0.172762 -0.183035 -0.967808 11.195800 0.981989 -0.108319 -0.154808 -0.806600 0.000000 0.000000 0.000000 1.000000</matrix>
                <node id="mixamorig_RightArm" name="mixamorig_RightArm" sid="mixamorig_RightArm" type="JOINT">
                  <matrix sid="matrix">0.991366 -0.076832 -0.106258 0.000000 -0.030138 0.655147 -0.754900 10.838200 0.127616 0.751584 0.647175 0.000000 0.000000 0.000000 0.000000 1.000000</matrix>
                  <node id="mixamorig_RightForeArm" name="mixamorig_RightForeArm" sid="mixamorig_RightForeArm" type="JOINT">
                    <matrix sid="matrix">0.743620 0.637411 0.201832 0.000000 -0.590494 0.767699 -0.248908 27.841499 -0.313603 0.065912 0.947264 -0.000000 0.000000 0.000000 0.000000 1.000000</matrix>
                    <node id="mixamorig_RightHand" name="mixamorig_RightHand" sid="mixamorig_RightHand" type="JOINT">
                      <matrix sid="matrix">0.873325 0.012459 0.486979 -0.000000 -0.181113 0.936318 0.300844 28.328800 -0.452219 -0.350933 0.819966 -0.000000 0.000000 0.000000 0.000000 1.000000</matrix>
                      <node id="mixamorig_RightHandThumb1" name="mixamorig_RightHandThumb1" sid="mixamorig_RightHandThumb1" type="JOINT">
                        <matrix sid="matrix">0.912481 0.396228 0.101893 2.681900 -0.240785 0.721465 -0.649239 2.464800 -0.330759 0.567884 0.753728 1.574000 0.000000 0.000000 0.000000 1.000000</matrix>
                        <node id="mixamorig_RightHandThumb2" name="mixamorig_RightHandThumb2" sid="mixamorig_RightHandThumb2" type="JOINT">
                          <matrix sid="matrix">0.922795 -0.385082 0.012693 0.000000 0.374018 0.903219 0.210492 4.189000 -0.092521 -0.189494 0.977513 0.000000 0.000000 0.000000 0.000000 1.000000</matrix>
                          <node id="mixamorig_RightHandThumb3" name="mixamorig_RightHandThumb3" sid="mixamorig_RightHandThumb3" type="JOINT">
                            <matrix sid="matrix">0.968292 0.248376 -0.026832 0.000000 -0.249821 0.962607 -0.104769 3.416300 -0.000194 0.108150 0.994135 0.000000 0.000000 0.000000 0.000000 1.000000</matrix>
                            <node id="mixamorig_RightHandThumb4" name="mixamorig_RightHandThumb4" sid="mixamorig_RightHandThumb4" type="JOINT">
                              <matrix sid="matrix">0.967631 0.095337 -0.233668 -0.000000 -0.098051 0.995181 0.000001 2.575000 0.232542 0.022911 0.972316 0.000000 0.000000 0.000000 0.000000 1.000000</matrix>
                            </node>
                          </node>
                        </node>
                      </node>
                      <node id="mixamorig_RightHandIndex1" name="mixamorig_RightHandIndex1" sid="mixamorig_RightHandIndex1" type="JOINT">
                        <matrix sid="matrix">0.999956 0.009299 0.000808 2.259800 -0.009287 0.999874 -0.012892 9.108300 -0.000928 0.012884 0.999917 0.517900 0.000000 0.000000 0.000000 1.000000</matrix>
                        <node id="mixamorig_RightHandIndex2" name="mixamorig_RightHandIndex2" sid="mixamorig_RightHandIndex2" type="JOINT">
                          <matrix sid="matrix">0.999999 -0.001550 -0.000183 0.000000 0.001528 0.996073 -0.088521 3.700000 0.000319 0.088521 0.996074 0.000000 0.000000 0.000000 0.000000 1.000000</matrix>
                          <node id="mixamorig_RightHandIndex3" name="mixamorig_RightHandIndex3" sid="mixamorig_RightHandIndex3" type="JOINT">
                            <matrix sid="matrix">0.999373 -0.035376 -0.001477 0.000000 0.035406 0.998147 0.049485 2.850000 -0.000276 -0.049507 0.998774 0.000000 0.000000 0.000000 0.000000 1.000000</matrix>
                            <node id="mixamorig_RightHandIndex4" name="mixamorig_RightHandIndex4" sid="mixamorig_RightHandIndex4" type="JOINT">
                              <matrix sid="matrix">0.999998 -0.000175 0.002005 0.000000 0.000175 1.000000 0.000000 2.772200 -0.002005 0.000000 0.999998 0.000000 0.000000 0.000000 0.000000 1.000000</matrix>
                            </node>
                          </node>
                        </node>
                      </node>
                      <node id="mixamorig_RightHandMiddle1" name="mixamorig_RightHandMiddle1" sid="mixamorig_RightHandMiddle1" type="JOINT">
                        <matrix sid="matrix">0.994736 -0.102463 -0.001384 0.000000 0.102298 0.993737 -0.044968 9.532500 0.005983 0.044590 0.998987 0.000000 0.000000 0.000000 0.000000 1.000000</matrix>
                        <node id="mixamorig_RightHandMiddle2" name="mixamorig_RightHandMiddle2" sid="mixamorig_RightHandMiddle2" type="JOINT">
                          <matrix sid="matrix">0.996971 -0.077409 0.007471 0.000000 0.073757 0.910715 -0.406397 3.700000 0.024654 0.405718 0.913666 0.000000 0.000000 0.000000 0.000000 1.000000</matrix>
                          <node id="mixamorig_RightHandMiddle3" name="mixamorig_RightHandMiddle3" sid="mixamorig_RightHandMiddle3" type="JOINT">
                            <matrix sid="matrix">0.999540 0.030296 0.001041 -0.000000 -0.030248 0.994505 0.100227 2.950000 0.002001 -0.100212 0.994964 0.000000 0.000000 0.000000 0.000000 1.000000</matrix>
                            <node id="mixamorig_RightHandMiddle4" name="mixamorig_RightHandMiddle4" sid="mixamorig_RightHandMiddle4" type="JOINT">
                              <matrix sid="matrix">0.999998 -0.000333 0.001857 0.000000 0.000333 1.000000 0.000001 2.946600 -0.001857 -0.000000 0.999998 0.000000 0.000000 0.000000 0.000000 1.000000</matrix>
                            </node>
                          </node>
                        </node>
                      </node>
                      <node id="mixamorig_RightHandRing1" name="mixamorig_RightHandRing1" sid="mixamorig_RightHandRing1" type="JOINT">
                        <matrix sid="matrix">0.978838 -0.204541 -0.006230 -1.865100 0.203597 0.976482 -0.070929 9.103600 0.020592 0.068159 0.997462 0.043100 0.000000 0.000000 0.000000 1.000000</matrix>
                        <node id="mixamorig_RightHandRing2" name="mixamorig_RightHandRing2" sid="mixamorig_RightHandRing2" type="JOINT">
                          <matrix sid="matrix">0.997344 -0.072812 0.001773 0.000000 0.065787 0.890138 -0.450917 3.379300 0.031254 0.449836 0.892564 0.000000 0.000000 0.000000 0.000000 1.000000</matrix>
                          <node id="mixamorig_RightHandRing3" name="mixamorig_RightHandRing3" sid="mixamorig_RightHandRing3" type="JOINT">
                            <matrix sid="matrix">0.997304 -0.073353 0.002248 0.000000 0.069919 0.940427 -0.332729 2.889700 0.022292 0.331989 0.943020 0.000000 0.000000 0.000000 0.000000 1.000000</matrix>
                            <node id="mixamorig_RightHandRing4" name="mixamorig_RightHandRing4" sid="mixamorig_RightHandRing4" type="JOINT">
                              <matrix sid="matrix">0.999999 0.001599 0.000291 0.000000 -0.001599 0.999999 -0.000000 2.638800 -0.000291 0.000000 1.000000 0.000000 0.000000 0.000000 0.000000 1.000000</matrix>
                            </node>
                          </node>
                        </node>
                      </node>
                      <node id="mixamorig_RightHandPinky1" name="mixamorig_RightHandPinky1" sid="mixamorig_RightHandPinky1" type="JOINT">
                        <matrix sid="matrix">0.943629 -0.329824 0.027917 -3.806300 0.329119 0.925924 -0.185326 8.076700 0.035275 0.184067 0.982281 0.486700 0.000000 0.000000 0.000000 1.000000</matrix>
                        <node id="mixamorig_RightHandPinky2" name="mixamorig_RightHandPinky2" sid="mixamorig_RightHandPinky2" type="JOINT">
                          <matrix sid="matrix">0.997602 -0.053877 -0.043456 0.000000 0.037033 0.945839 -0.322517 3.600000 0.058479 0.320134 0.945566 0.000000 0.000000 0.000000 0.000000 1.000000</matrix>
                          <node id="mixamorig_RightHandPinky3" name="mixamorig_RightHandPinky3" sid="mixamorig_RightHandPinky3" type="JOINT">
                            <matrix sid="matrix">0.990026 -0.129659 -0.055116 0.000000 0.087321 0.871716 -0.482168 2.100000 0.110563 0.472546 0.874343 0.000000 0.000000 0.000000 0.000000 1.000000</matrix>
                            <node id="mixamorig_RightHandPinky4" name="mixamorig_RightHandPinky4" sid="mixamorig_RightHandPinky4" type="JOINT">
                              <matrix sid="matrix">0.999995 0.000082 0.003138 -0.000000 -0.000082 1.000000 -0.000000 2.115800 -0.003138 0.000000 0.999995 -0.000000 0.000000 0.000000 0.000000 1.000000</matrix>
                            </node>
                          </node>
                        </node>
                      </node>
                    </node>
                  </node>
                </node>
              </node>
              <node id="mixamorig_LeftShoulder" name="mixamorig_LeftShoulder" sid="mixamorig_LeftShoulder" type="JOINT">
                <matrix sid="matrix">-0.144033 0.954747 -0.260216 4.570400 0.204322 -0.228599 -0.951838 11.195600 -0.968249 -0.190264 -0.162150 -0.806600 0.000000 0.000000 0.000000 1.000000</matrix>
                <node id="mixamorig_LeftArm" name="mixamorig_LeftArm" sid="mixamorig_LeftArm" type="JOINT">
                  <matrix sid="matrix">0.763234 -0.238108 -0.600648 0.000000 -0.263653 0.733932 -0.625964 10.837700 0.589882 0.636120 0.497384 0.000000 0.000000 0.000000 0.000000 1.000000</matrix>
                  <node id="mixamorig_LeftForeArm" name="mixamorig_LeftForeArm" sid="mixamorig_LeftForeArm" type="JOINT">
                    <matrix sid="matrix">0.684413 -0.729091 0.002196 -0.000000 0.729076 0.684414 0.004972 27.841499 -0.005128 -0.001801 0.999985 0.000000 0.000000 0.000000 0.000000 1.000000</matrix>
                    <node id="mixamorig_LeftHand" name="mixamorig_LeftHand" sid="mixamorig_LeftHand" type="JOINT">
                      <matrix sid="matrix">0.983836 -0.001110 -0.179070 -0.000000 0.002281 0.999977 0.006336 28.328800 0.179059 -0.006643 0.983816 0.000000 0.000000 0.000000 0.000000 1.000000</matrix>
                      <node id="mixamorig_LeftHandThumb1" name="mixamorig_LeftHandThumb1" sid="mixamorig_LeftHandThumb1" type="JOINT">
                        <matrix sid="matrix">0.728581 -0.194385 0.656798 -2.681700 0.607453 0.626438 -0.488443 2.466100 -0.316498 0.754844 0.574491 1.576200 0.000000 0.000000 0.000000 1.000000</matrix>
                        <node id="mixamorig_LeftHandThumb2" name="mixamorig_LeftHandThumb2" sid="mixamorig_LeftHandThumb2" type="JOINT">
                          <matrix sid="matrix">0.884288 0.463580 0.055932 0.000000 -0.462936 0.854730 0.234793 4.187100 0.061039 -0.233518 0.970435 0.000000 0.000000 0.000000 0.000000 1.000000</matrix>
                          <node id="mixamorig_LeftHandThumb3" name="mixamorig_LeftHandThumb3" sid="mixamorig_LeftHandThumb3" type="JOINT">
                            <matrix sid="matrix">0.776558 0.616701 0.128986 0.000000 -0.610232 0.685268 0.397523 3.418400 0.156763 -0.387411 0.908481 0.000000 0.000000 0.000000 0.000000 1.000000</matrix>
                            <node id="mixamorig_LeftHandThumb4" name="mixamorig_LeftHandThumb4" sid="mixamorig_LeftHandThumb4" type="JOINT">
                              <matrix sid="matrix">0.966428 -0.081336 0.243724 0.000000 0.083865 0.996477 0.000001 2.580600 -0.242865 0.020439 0.969845 0.000000 0.000000 0.000000 0.000000 1.000000</matrix>
                            </node>
                          </node>
                        </node>
                      </node>
                      <node id="mixamorig_LeftHandIndex1" name="mixamorig_LeftHandIndex1" sid="mixamorig_LeftHandIndex1" type="JOINT">
                        <matrix sid="matrix">0.991575 0.128688 0.014754 -2.259900 -0.049548 0.482071 -0.874730 9.109300 -0.119680 0.866629 0.484386 0.518000 0.000000 0.000000 0.000000 1.000000</matrix>
                        <node id="mixamorig_LeftHandIndex2" name="mixamorig_LeftHandIndex2" sid="mixamorig_LeftHandIndex2" type="JOINT">
                          <matrix sid="matrix">0.980871 0.143691 -0.131320 -0.000000 -0.132951 0.001766 -0.991121 3.700000 -0.142183 0.989621 0.020836 0.000000 0.000000 0.000000 0.000000 1.000000</matrix>
                          <node id="mixamorig_LeftHandIndex3" name="mixamorig_LeftHandIndex3" sid="mixamorig_LeftHandIndex3" type="JOINT">
                            <matrix sid="matrix">0.989148 0.130838 -0.066843 -0.000000 -0.142171 0.737585 -0.660118 2.850000 -0.037066 0.662458 0.748182 0.000000 0.000000 0.000000 0.000000 1.000000</matrix>
                            <node id="mixamorig_LeftHandIndex4" name="mixamorig_LeftHandIndex4" sid="mixamorig_LeftHandIndex4" type="JOINT">
                              <matrix sid="matrix">1.000000 0.000026 -0.000756 -0.000000 -0.000026 1.000000 0.000000 2.774900 0.000756 0.000000 1.000000 0.000000 0.000000 0.000000 0.000000 1.000000</matrix>
                            </node>
                          </node>
                        </node>
                      </node>
                      <node id="mixamorig_LeftHandMiddle1" name="mixamorig_LeftHandMiddle1" sid="mixamorig_LeftHandMiddle1" type="JOINT">
                        <matrix sid="matrix">0.995818 0.001163 -0.091350 0.000000 -0.081745 0.457806 -0.885286 9.533400 0.040791 0.889051 0.455987 0.000000 0.000000 0.000000 0.000000 1.000000</matrix>
                        <node id="mixamorig_LeftHandMiddle2" name="mixamorig_LeftHandMiddle2" sid="mixamorig_LeftHandMiddle2" type="JOINT">
                          <matrix sid="matrix">0.973642 0.160731 -0.161823 0.000000 -0.171880 0.050677 -0.983814 3.700000 -0.149929 0.985696 0.076968 0.000000 0.000000 0.000000 0.000000 1.000000</matrix>
                          <node id="mixamorig_LeftHandMiddle3" name="mixamorig_LeftHandMiddle3" sid="mixamorig_LeftHandMiddle3" type="JOINT">
                            <matrix sid="matrix">0.995697 0.089331 -0.024629 0.000000 -0.085927 0.790595 -0.606281 2.950000 -0.034689 0.605789 0.794869 0.000000 0.000000 0.000000 0.000000 1.000000</matrix>
                            <node id="mixamorig_LeftHandMiddle4" name="mixamorig_LeftHandMiddle4" sid="mixamorig_LeftHandMiddle4" type="JOINT">
                              <matrix sid="matrix">0.999998 -0.000056 -0.002049 0.000000 0.000056 1.000000 -0.000000 2.952900 0.002049 0.000000 0.999998 0.000000 0.000000 0.000000 0.000000 1.000000</matrix>
                            </node>
                          </node>
                        </node>
                      </node>
                      <node id="mixamorig_LeftHandRing1" name="mixamorig_LeftHandRing1" sid="mixamorig_LeftHandRing1" type="JOINT">
                        <matrix sid="matrix">0.972431 -0.053020 -0.227082 1.865100 -0.174434 0.480887 -0.859256 9.104500 0.154759 0.875178 0.458381 0.043000 0.000000 0.000000 0.000000 1.000000</matrix>
                        <node id="mixamorig_LeftHandRing2" name="mixamorig_LeftHandRing2" sid="mixamorig_LeftHandRing2" type="JOINT">
                          <matrix sid="matrix">0.975365 0.200450 -0.092098 0.000000 -0.165201 0.387056 -0.907136 3.150000 -0.146188 0.900004 0.410635 0.000000 0.000000 0.000000 0.000000 1.000000</matrix>
                          <node id="mixamorig_LeftHandRing3" name="mixamorig_LeftHandRing3" sid="mixamorig_LeftHandRing3" type="JOINT">
                            <matrix sid="matrix">0.978637 0.165200 -0.122387 -0.000000 -0.171873 0.330701 -0.927953 2.950000 -0.112825 0.929164 0.352030 0.000000 0.000000 0.000000 0.000000 1.000000</matrix>
                            <node id="mixamorig_LeftHandRing4" name="mixamorig_LeftHandRing4" sid="mixamorig_LeftHandRing4" type="JOINT">
                              <matrix sid="matrix">1.000000 -0.000031 0.000986 0.000000 0.000031 1.000000 0.000000 2.644300 -0.000986 -0.000000 1.000000 -0.000000 0.000000 0.000000 0.000000 1.000000</matrix>
                            </node>
                          </node>
                        </node>
                      </node>
                      <node id="mixamorig_LeftHandPinky1" name="mixamorig_LeftHandPinky1" sid="mixamorig_LeftHandPinky1" type="JOINT">
                        <matrix sid="matrix">0.919970 -0.090226 -0.381463 3.806300 -0.254686 0.602173 -0.756652 8.077800 0.297976 0.793251 0.531002 0.486900 0.000000 0.000000 0.000000 1.000000</matrix>
                        <node id="mixamorig_LeftHandPinky2" name="mixamorig_LeftHandPinky2" sid="mixamorig_LeftHandPinky2" type="JOINT">
                          <matrix sid="matrix">0.976762 0.166996 -0.134341 0.000000 -0.150693 0.089392 -0.984531 3.600000 -0.152403 0.981897 0.112480 -0.000000 0.000000 0.000000 0.000000 1.000000</matrix>
                          <node id="mixamorig_LeftHandPinky3" name="mixamorig_LeftHandPinky3" sid="mixamorig_LeftHandPinky3" type="JOINT">
                            <matrix sid="matrix">0.984987 0.146624 -0.091119 0.000000 -0.153893 0.506639 -0.848312 2.100000 -0.078219 0.849599 0.521597 -0.000000 0.000000 0.000000 0.000000 1.000000</matrix>
                            <node id="mixamorig_LeftHandPinky4" name="mixamorig_LeftHandPinky4" sid="mixamorig_LeftHandPinky4" type="JOINT">
                              <matrix sid="matrix">0.999999 0.000590 -0.001567 0.000000 -0.000590 1.000000 -0.000001 2.125500 0.001567 0.000002 0.999999 -0.000000 0.000000 0.000000 0.000000 1.000000</matrix>
                            </node>
                          </node>
                        </node>
                      </node>
                    </node>
                  </node>
                </node>
              </node>
            </node>
          </node>
        </node>
        <node id="mixamorig_RightUpLeg" name="mixamorig_RightUpLeg" sid="mixamorig_RightUpLeg" type="JOINT">
          <matrix sid="matrix">-0.805295 -0.480616 -0.347144 -8.207800 0.277588 -0.823035 0.495538 -6.771800 -0.523875 0.302691 0.796199 -1.512200 0.000000 0.000000 0.000000 1.000000</matrix>
          <node id="mixamorig_RightLeg" name="mixamorig_RightLeg" sid="mixamorig_RightLeg" type="JOINT">
            <matrix sid="matrix">0.996070 0.073740 -0.049056 0.000000 -0.027229 0.782031 0.622645 44.371498 0.084277 -0.618862 0.780966 0.000000 0.000000 0.000000 0.000000 1.000000</matrix>
            <node id="mixamorig_RightFoot" name="mixamorig_RightFoot" sid="mixamorig_RightFoot" type="JOINT">
              <matrix sid="matrix">0.933935 -0.241653 0.263379 0.000000 0.340104 0.374074 -0.862785 44.527802 0.109971 0.895361 0.431549 0.000000 0.000000 0.000000 0.000000 1.000000</matrix>
              <node id="mixamorig_RightToeBase" name="mixamorig_RightToeBase" sid="mixamorig_RightToeBase" type="JOINT">
                <matrix sid="matrix">1.000000 0.000008 -0.000153 0.000000 -0.000102 0.775133 -0.631798 13.816900 0.000114 0.631798 0.775133 0.000000 0.000000 0.000000 0.000000 1.000000</matrix>
                <node id="mixamorig_RightToe_End" name="mixamorig_RightToe_End" sid="mixamorig_RightToe_End" type="JOINT">
                  <matrix sid="matrix">0.999731 -0.000000 0.023214 0.000000 0.000000 1.000000 -0.000000 9.278100 -0.023214 0.000000 0.999731 -0.000000 0.000000 0.000000 0.000000 1.000000</matrix>
                </node>
              </node>
            </node>
          </node>
        </node>
        <node id="mixamorig_LeftUpLeg" name="mixamorig_LeftUpLeg" sid="mixamorig_LeftUpLeg" type="JOINT">
          <matrix sid="matrix">-0.902680 0.369241 0.220977 8.207800 -0.183524 -0.794824 0.578424 -6.771800 0.389216 0.481577 0.785235 -1.512200 0.000000 0.000000 0.000000 1.000000</matrix>
          <node id="mixamorig_LeftLeg" name="mixamorig_LeftLeg" sid="mixamorig_LeftLeg" type="JOINT">
            <matrix sid="matrix">0.993395 -0.028250 0.111209 -0.000000 -0.048922 0.772420 0.633225 44.371399 -0.103788 -0.634483 0.765937 0.000000 0.000000 0.000000 0.000000 1.000000</matrix>
            <node id="mixamorig_LeftFoot" name="mixamorig_LeftFoot" sid="mixamorig_LeftFoot" type="JOINT">
              <matrix sid="matrix">0.965633 0.193991 -0.172973 0.000000 -0.245982 0.467195 -0.849248 44.527802 -0.083934 0.862610 0.498857 -0.000000 0.000000 0.000000 0.000000 1.000000</matrix>
              <node id="mixamorig_LeftToeBase" name="mixamorig_LeftToeBase" sid="mixamorig_LeftToeBase" type="JOINT">
                <matrix sid="matrix">1.000000 0.000010 -0.000000 -0.000000 -0.000008 0.754586 -0.656201 13.816900 -0.000006 0.656201 0.754586 0.000000 0.000000 0.000000 0.000000 1.000000</matrix>
                <node id="mixamorig_LeftToe_End" name="mixamorig_LeftToe_End" sid="mixamorig_LeftToe_End" type="JOINT">
                  <matrix sid="matrix">0.999718 0.000000 -0.023736 0.000000 -0.000000 1.000000 0.000000 9.278100 0.023736 0.000000 0.999718 0.000000 0.000000 0.000000 0.000000 1.000000</matrix>
                </node>
              </node>
            </node>
          </node>
        </node>
      </node>
    </visual_scene>
  </library_visual_scenes>
  <scene>
    <instance_visual_scene url="#RootNode"/>
  </scene>
</COLLADA>
