<?xml version="1.0" encoding="utf-8"?>
<COLLADA xmlns="http://www.collada.org/2005/11/COLLADASchema" version="1.4.1">
  <asset>
    <contributor>
      <author>Mixamo</author>
      <authoring_tool>COLLADA Mixamo exporter</authoring_tool>
      <comments/>
    </contributor>
    <created>2026-01-07T08:12:15Z</created>
    <modified>2026-01-07T08:12:15Z</modified>
    <revision/>
    <title/>
    <unit meter="0.010000"/>
    <up_axis>Y_UP</up_axis>
  </asset>
  <library_animations>
    <animation id="mixamorig_Hips-anim" name="mixamorig_Hips">
      <source id="mixamorig_Hips-Matrix-animation-input">
        <float_array id="mixamorig_Hips-Matrix-animation-input-array" count="36">

0.000000 0.033333 0.066667 0.100000 0.133333 0.166667 0.200000 0.233333 0.266667 0.300000 0.333333 0.366667 0.400000 0.433333 0.466667 0.500000
0.533333 0.566667 0.600000 0.633333 0.666667 0.700000 0.733333 0.766667 0.800000 0.833333 0.866667 0.900000 0.933333 0.966667 1.000000 1.033333
1.066667 1.100000 1.133333 1.166667</float_array>
        <technique_common>
          <accessor source="#mixamorig_Hips-Matrix-animation-input-array" count="36">
            <param name="TIME" type="float"/>
          </accessor>
        </technique_common>
      </source>
      <source id="mixamorig_Hips-Matrix-animation-output-transform">
        <float_array id="mixamorig_Hips-Matrix-animation-output-transform-array" count="576">

0.998391 0.002547 0.056656 0.131849 -0.005147 0.998938 0.045786 102.845337 -0.056479 -0.046004 0.997343 1.363051 0.000000 0.000000 0.000000 1.000000
0.999263 -0.013656 0.035887 0.062788 0.012579 0.999469 0.030049 102.873039 -0.036278 -0.029575 0.998904 1.318187 0.000000 0.000000 0.000000 1.000000
0.999547 -0.026063 0.015047 0.082175 0.025819 0.999536 0.016167 102.566566 -0.015462 -0.015771 0.999756 1.220686 0.000000 0.000000 0.000000 1.000000
0.999554 -0.029588 0.004053 0.176763 0.029564 0.999546 0.005894 101.991920 -0.004226 -0.005771 0.999974 1.606680 0.000000 0.000000 0.000000 1.000000
0.999628 -0.027243 0.001457 0.302116 0.027247 0.999624 -0.003035 100.038940 -0.001374 0.003074 0.999994 2.171238 0.000000 0.000000 0.000000 1.000000
0.999719 -0.023040 -0.005505 0.509067 0.022996 0.999703 -0.008021 98.858582 0.005689 0.007892 0.999953 2.830391 0.000000 0.000000 0.000000 1.000000
0.999415 -0.022166 -0.026060 0.797304 0.021974 0.999729 -0.007632 98.176918 0.026222 0.007054 0.999631 3.316610 0.000000 0.000000 0.000000 1.000000
0.998325 -0.027684 -0.050807 1.175481 0.027370 0.999602 -0.006868 97.725220 0.050977 0.005466 0.998685 3.500398 0.000000 0.000000 0.000000 1.000000
0.996621 -0.043700 -0.069554 1.694392 0.043565 0.999045 -0.003460 97.536705 0.069638 0.000418 0.997572 4.222692 0.000000 0.000000 0.000000 1.000000
0.994487 -0.062872 -0.083918 2.256520 0.063598 0.997958 0.006004 97.868286 0.083369 -0.011307 0.996455 5.763214 0.000000 0.000000 0.000000 1.000000
0.993402 -0.076145 -0.085764 2.704968 0.077246 0.996966 0.009599 97.874290 0.084773 -0.016160 0.996269 6.605784 0.000000 0.000000 0.000000 1.000000
0.994994 -0.078596 -0.061723 3.114007 0.079411 0.996783 0.010871 98.057518 0.060670 -0.015718 0.998034 7.122656 0.000000 0.000000 0.000000 1.000000
0.996433 -0.080830 -0.024251 3.499335 0.081303 0.996505 0.019189 98.606659 0.022616 -0.021092 0.999522 7.129855 0.000000 0.000000 0.000000 1.000000
0.997244 -0.073746 0.008126 3.796830 0.073496 0.996912 0.027655 99.360901 -0.010141 -0.026981 0.999585 6.979787 0.000000 0.000000 0.000000 1.000000
0.997677 -0.060289 0.031722 3.970479 0.059233 0.997691 0.033244 100.400139 -0.033653 -0.031288 0.998944 6.827796 0.000000 0.000000 0.000000 1.000000
0.997347 -0.052397 0.050531 4.062825 0.050671 0.998107 0.034844 101.442070 -0.052262 -0.032191 0.998114 6.588352 0.000000 0.000000 0.000000 1.000000
0.996534 -0.048698 0.067440 4.142009 0.046762 0.998456 0.029997 102.245163 -0.068797 -0.026739 0.997272 6.173506 0.000000 0.000000 0.000000 1.000000
0.995454 -0.045068 0.083904 4.181650 0.043142 0.998765 0.024631 102.558830 -0.084911 -0.020899 0.996169 5.676500 0.000000 0.000000 0.000000 1.000000
0.993868 -0.044529 0.101206 4.135392 0.042941 0.998919 0.017814 102.521423 -0.101890 -0.013359 0.994706 5.044834 0.000000 0.000000 0.000000 1.000000
0.991718 -0.046668 0.119657 4.068536 0.046035 0.998907 0.008054 102.245987 -0.119902 -0.002479 0.992783 4.249636 0.000000 0.000000 0.000000 1.000000
0.989439 -0.050520 0.135864 4.009896 0.051949 0.998625 -0.006990 101.669846 -0.135324 0.013974 0.990703 3.350182 0.000000 0.000000 0.000000 1.000000
0.987926 -0.058631 0.143404 3.904700 0.062304 0.997831 -0.021254 100.804787 -0.141847 0.029932 0.989436 2.587444 0.000000 0.000000 0.000000 1.000000
0.987047 -0.066938 0.145802 3.708162 0.071726 0.997036 -0.027830 99.900749 -0.143507 0.037927 0.988922 2.142055 0.000000 0.000000 0.000000 1.000000
0.986059 -0.070623 0.150666 3.400473 0.075686 0.996735 -0.028131 98.941780 -0.148187 0.039142 0.988184 1.693993 0.000000 0.000000 0.000000 1.000000
0.985868 -0.064712 0.154519 2.946417 0.069719 0.997196 -0.027202 98.113617 -0.152326 0.037591 0.987615 1.616799 0.000000 0.000000 0.000000 1.000000
0.986109 -0.048582 0.158834 2.482716 0.052474 0.998414 -0.020401 97.577614 -0.157591 0.028453 0.987094 2.053904 0.000000 0.000000 0.000000 1.000000
0.983536 -0.035516 0.177186 2.051602 0.037029 0.999300 -0.005236 97.625793 -0.176876 0.011711 0.984163 2.873307 0.000000 0.000000 0.000000 1.000000
0.978913 -0.019970 0.203297 1.463022 0.019133 0.999798 0.006079 97.805313 -0.203377 -0.002061 0.979098 3.796751 0.000000 0.000000 0.000000 1.000000
0.978148 -0.001528 0.207904 0.843266 -0.000672 0.999945 0.010508 98.043953 -0.207909 -0.010418 0.978093 4.575096 0.000000 0.000000 0.000000 1.000000
0.983583 0.011806 0.180069 0.425123 -0.015800 0.999660 0.020759 98.539825 -0.179762 -0.023263 0.983435 4.924168 0.000000 0.000000 0.000000 1.000000
0.988542 0.017634 0.149911 0.155726 -0.022892 0.999179 0.033418 99.310852 -0.149199 -0.036467 0.988135 4.772281 0.000000 0.000000 0.000000 1.000000
0.991312 0.016099 0.130541 0.000411 -0.021825 0.998856 0.042550 100.137863 -0.129706 -0.045030 0.990529 4.302934 0.000000 0.000000 0.000000 1.000000
0.993472 0.011333 0.113508 -0.064617 -0.017196 0.998561 0.050804 101.070122 -0.112769 -0.052424 0.992237 3.816059 0.000000 0.000000 0.000000 1.000000
0.995408 0.009223 0.095273 -0.062282 -0.014314 0.998497 0.052896 101.908089 -0.094642 -0.054017 0.994045 3.162139 0.000000 0.000000 0.000000 1.000000
0.997105 0.008784 0.075529 0.025103 -0.012643 0.998631 0.050763 102.593971 -0.074980 -0.051571 0.995851 2.326539 0.000000 0.000000 0.000000 1.000000
0.998391 0.002547 0.056656 0.131847 -0.005147 0.998938 0.045786 102.845337 -0.056479 -0.046004 0.997343 1.363050 0.000000 0.000000 0.000000 1.000000</float_array>
        <technique_common>
          <accessor source="#mixamorig_Hips-Matrix-animation-output-transform-array" count="36" stride="16">
            <param type="float4x4"/>
          </accessor>
        </technique_common>
      </source>
      <source id="mixamorig_Hips-Interpolations">
        <Name_array id="mixamorig_Hips-Interpolations-array" count="36">
 LINEAR LINEAR LINEAR LINEAR LINEAR LINEAR LINEAR LINEAR LINEAR LINEAR LINEAR
LINEAR LINEAR LINEAR LINEAR LINEAR LINEAR LINEAR LINEAR LINEAR LINEAR LINEAR LINEAR
LINEAR LINEAR LINEAR LINEAR LINEAR LINEAR LINEAR LINEAR LINEAR LINEAR LINEAR LINEAR
LINEAR</Name_array>
        <technique_common>
          <accessor source="#mixamorig_Hips-Interpolations-array" count="36">
            <param type="name"/>
          </accessor>
        </technique_common>
      </source>
      <sampler id="mixamorig_Hips-Matrix-animation-transform">
        <input semantic="INPUT" source="#mixamorig_Hips-Matrix-animation-input"/>
        <input semantic="OUTPUT" source="#mixamorig_Hips-Matrix-animation-output-transform"/>
        <input semantic="INTERPOLATION" source="#mixamorig_Hips-Interpolations"/>
      </sampler>
      <channel source="#mixamorig_Hips-Matrix-animation-transform" target="mixamorig_Hips/matrix"/>
    </animation>
    <animation id="mixamorig_Spine-anim" name="mixamorig_Spine">
      <source id="mixamorig_Spine-Matrix-animation-input">
        <float_array id="mixamorig_Spine-Matrix-animation-input-array" count="36">

0.000000 0.033333 0.066667 0.100000 0.133333 0.166667 0.200000 0.233333 0.266667 0.300000 0.333333 0.366667 0.400000 0.433333 0.466667 0.500000
0.533333 0.566667 0.600000 0.633333 0.666667 0.700000 0.733333 0.766667 0.800000 0.833333 0.866667 0.900000 0.933333 0.966667 1.000000 1.033333
1.066667 1.100000 1.133333 1.166667</float_array>
        <technique_common>
          <accessor source="#mixamorig_Spine-Matrix-animation-input-array" count="36">
            <param name="TIME" type="float"/>
          </accessor>
        </technique_common>
      </source>
      <source id="mixamorig_Spine-Matrix-animation-output-transform">
        <float_array id="mixamorig_Spine-Matrix-animation-output-transform-array" count="576">

0.999709 -0.023933 0.002861 0.000000 0.023725 0.998013 0.058378 10.182400 -0.004252 -0.058293 0.998290 0.000000 0.000000 0.000000 0.000000 1.000000
0.999623 -0.006885 0.026573 0.000000 0.005126 0.997826 0.065699 10.182400 -0.026968 -0.065538 0.997486 0.000000 0.000000 0.000000 0.000000 1.000000
0.998912 0.005584 0.046302 0.000000 -0.008807 0.997529 0.069708 10.182400 -0.045798 -0.070040 0.996492 0.000000 0.000000 0.000000 0.000000 1.000000
0.998244 0.009432 0.058483 0.000000 -0.013645 0.997306 0.072073 10.182400 -0.057646 -0.072745 0.995683 0.000000 0.000000 0.000000 0.000000 1.000000
0.997875 0.010007 0.064378 0.000000 -0.015832 0.995760 0.090612 10.182400 -0.063198 -0.091439 0.993803 0.000000 0.000000 0.000000 0.000000 1.000000
0.997045 0.008563 0.076346 0.000000 -0.016527 0.994409 0.104300 10.182400 -0.075025 -0.105254 0.991611 -0.000000 0.000000 0.000000 0.000000 1.000000
0.995304 0.009718 0.096306 -0.000000 -0.019481 0.994699 0.100964 10.182400 -0.094815 -0.102366 0.990218 0.000000 0.000000 0.000000 0.000000 1.000000
0.993020 0.016851 0.116735 0.000000 -0.028137 0.995010 0.095722 10.182400 -0.114540 -0.098338 0.988539 0.000000 0.000000 0.000000 0.000000 1.000000
0.990384 0.032853 0.134388 -0.000000 -0.045026 0.995052 0.088571 10.182400 -0.130813 -0.093771 0.986963 0.000000 0.000000 0.000000 0.000000 1.000000
0.987892 0.051490 0.146348 0.000000 -0.062496 0.995472 0.071625 10.182400 -0.141998 -0.079904 0.986637 0.000000 0.000000 0.000000 0.000000 1.000000
0.987123 0.064141 0.146540 -0.000000 -0.074298 0.995121 0.064913 10.182400 -0.141661 -0.074965 0.987073 0.000000 0.000000 0.000000 0.000000 1.000000
0.989679 0.065031 0.127696 0.000000 -0.073242 0.995466 0.060689 10.182400 -0.123170 -0.069415 0.989955 0.000000 0.000000 0.000000 0.000000 1.000000
0.993308 0.063121 0.096724 0.000000 -0.068645 0.996130 0.054887 10.182400 -0.092885 -0.061159 0.993797 0.000000 0.000000 0.000000 0.000000 1.000000
0.996564 0.051558 0.064822 0.000000 -0.055034 0.997075 0.053039 10.182400 -0.061898 -0.056424 0.996486 0.000000 0.000000 0.000000 0.000000 1.000000
0.998676 0.036372 0.036388 0.000000 -0.038287 0.997839 0.053406 10.182400 -0.034367 -0.054728 0.997910 -0.000000 0.000000 0.000000 0.000000 1.000000
0.999538 0.028450 0.010681 -0.000000 -0.028987 0.998116 0.054072 10.182400 -0.009122 -0.054357 0.998480 0.000000 0.000000 0.000000 0.000000 1.000000
0.999617 0.024345 -0.013189 0.000000 -0.023568 0.998143 0.056176 10.182400 0.014532 -0.055844 0.998334 0.000000 0.000000 0.000000 0.000000 1.000000
0.999280 0.020794 -0.031721 0.000000 -0.018963 0.998196 0.056961 10.182400 0.032849 -0.056318 0.997872 0.000000 0.000000 0.000000 0.000000 1.000000
0.998615 0.021394 -0.048072 -0.000000 -0.018587 0.998138 0.058100 10.182400 0.049226 -0.057126 0.997153 0.000000 0.000000 0.000000 0.000000 1.000000
0.997596 0.023691 -0.065127 -0.000000 -0.019694 0.997922 0.061355 10.182400 0.066445 -0.059925 0.995989 0.000000 0.000000 0.000000 0.000000 1.000000
0.996617 0.026551 -0.077780 0.000000 -0.021100 0.997318 0.070086 10.182400 0.079433 -0.068208 0.994504 0.000000 0.000000 0.000000 0.000000 1.000000
0.996016 0.033837 -0.082507 0.000000 -0.027056 0.996269 0.081956 10.182400 0.084972 -0.079397 0.993215 0.000000 0.000000 0.000000 0.000000 1.000000
0.995362 0.041624 -0.086732 -0.000000 -0.033647 0.995237 0.091490 10.182400 0.090127 -0.088148 0.992022 0.000000 0.000000 0.000000 0.000000 1.000000
0.994338 0.044199 -0.096631 -0.000000 -0.035634 0.995426 0.088638 10.182400 0.100106 -0.084693 0.991366 0.000000 0.000000 0.000000 0.000000 1.000000
0.992957 0.040511 -0.111333 -0.000000 -0.030676 0.995588 0.088675 10.182400 0.114434 -0.084635 0.989819 -0.000000 0.000000 0.000000 0.000000 1.000000
0.991104 0.025647 -0.130595 0.000000 -0.014084 0.995958 0.088705 10.182400 0.132343 -0.086077 0.987459 -0.000000 0.000000 0.000000 0.000000 1.000000
0.987885 0.012058 -0.154721 0.000000 0.001049 0.996435 0.084355 10.182400 0.155187 -0.083495 0.984350 0.000000 0.000000 0.000000 0.000000 1.000000
0.984933 0.002188 -0.172925 0.000000 0.012838 0.996236 0.085725 10.182400 0.172461 -0.086653 0.981197 -0.000000 0.000000 0.000000 0.000000 1.000000
0.985032 -0.009510 -0.172109 0.000000 0.024867 0.995873 0.087289 10.182400 0.170569 -0.090263 0.981203 -0.000000 0.000000 0.000000 0.000000 1.000000
0.988562 -0.023262 -0.149008 0.000000 0.035389 0.996226 0.079257 10.182400 0.146602 -0.083624 0.985655 0.000000 0.000000 0.000000 0.000000 1.000000
0.991924 -0.030151 -0.123199 0.000000 0.039044 0.996753 0.070415 10.182400 0.120676 -0.074656 0.989881 0.000000 0.000000 0.000000 0.000000 1.000000
0.994454 -0.028876 -0.101128 0.000000 0.035431 0.997344 0.063636 10.182400 0.099022 -0.066866 0.992836 0.000000 0.000000 0.000000 0.000000 1.000000
0.996837 -0.025696 -0.075201 0.000000 0.030102 0.997860 0.058051 10.182400 0.073548 -0.060131 0.995477 -0.000000 0.000000 0.000000 0.000000 1.000000
0.998581 -0.026118 -0.046412 0.000000 0.028720 0.998000 0.056314 10.182400 0.044848 -0.057567 0.997334 -0.000000 0.000000 0.000000 0.000000 1.000000
0.999377 -0.028493 -0.020839 -0.000000 0.029629 0.997970 0.056370 10.182400 0.019191 -0.056952 0.998192 -0.000000 0.000000 0.000000 0.000000 1.000000
0.999709 -0.023932 0.002861 0.000000 0.023725 0.998013 0.058378 10.182400 -0.004252 -0.058293 0.998290 0.000000 0.000000 0.000000 0.000000 1.000000</float_array>
        <technique_common>
          <accessor source="#mixamorig_Spine-Matrix-animation-output-transform-array" count="36" stride="16">
            <param type="float4x4"/>
          </accessor>
        </technique_common>
      </source>
      <source id="mixamorig_Spine-Interpolations">
        <Name_array id="mixamorig_Spine-Interpolations-array" count="36">
 LINEAR LINEAR LINEAR LINEAR LINEAR LINEAR LINEAR LINEAR LINEAR LINEAR LINEAR
LINEAR LINEAR LINEAR LINEAR LINEAR LINEAR LINEAR LINEAR LINEAR LINEAR LINEAR LINEAR
LINEAR LINEAR LINEAR LINEAR LINEAR LINEAR LINEAR LINEAR LINEAR LINEAR LINEAR LINEAR
LINEAR</Name_array>
        <technique_common>
          <accessor source="#mixamorig_Spine-Interpolations-array" count="36">
            <param type="name"/>
          </accessor>
        </technique_common>
      </source>
      <sampler id="mixamorig_Spine-Matrix-animation-transform">
        <input semantic="INPUT" source="#mixamorig_Spine-Matrix-animation-input"/>
        <input semantic="OUTPUT" source="#mixamorig_Spine-Matrix-animation-output-transform"/>
        <input semantic="INTERPOLATION" source="#mixamorig_Spine-Interpolations"/>
      </sampler>
      <channel source="#mixamorig_Spine-Matrix-animation-transform" target="mixamorig_Spine/matrix"/>
    </animation>
    <animation id="mixamorig_Spine1-anim" name="mixamorig_Spine1">
      <source id="mixamorig_Spine1-Matrix-animation-input">
        <float_array id="mixamorig_Spine1-Matrix-animation-input-array" count="36">

0.000000 0.033333 0.066667 0.100000 0.133333 0.166667 0.200000 0.233333 0.266667 0.300000 0.333333 0.366667 0.400000 0.433333 0.466667 0.500000
0.533333 0.566667 0.600000 0.633333 0.666667 0.700000 0.733333 0.766667 0.800000 0.833333 0.866667 0.900000 0.933333 0.966667 1.000000 1.033333
1.066667 1.100000 1.133333 1.166667</float_array>
        <technique_common>
          <accessor source="#mixamorig_Spine1-Matrix-animation-input-array" count="36">
            <param name="TIME" type="float"/>
          </accessor>
        </technique_common>
      </source>
      <source id="mixamorig_Spine1-Matrix-animation-output-transform">
        <float_array id="mixamorig_Spine1-Matrix-animation-output-transform-array" count="576">

0.999990 -0.004262 0.001060 0.000000 0.004273 0.999927 -0.011333 10.002700 -0.001011 0.011337 0.999935 0.000000 0.000000 0.000000 0.000000 1.000000
0.999969 -0.002564 0.007405 0.000000 0.002645 0.999937 -0.010933 10.002700 -0.007376 0.010953 0.999913 0.000000 0.000000 0.000000 0.000000 1.000000
0.999918 -0.001548 0.012711 0.000000 0.001686 0.999940 -0.010798 10.002700 -0.012693 0.010818 0.999861 -0.000000 0.000000 0.000000 0.000000 1.000000
0.999870 -0.001770 0.016036 0.000000 0.001944 0.999939 -0.010892 10.002700 -0.016015 0.010921 0.999812 0.000000 0.000000 0.000000 0.000000 1.000000
0.999841 -0.003054 0.017588 -0.000000 0.003364 0.999840 -0.017588 10.002700 -0.017531 0.017644 0.999691 -0.000000 0.000000 0.000000 0.000000 1.000000
0.999776 -0.003525 0.020878 -0.000000 0.003977 0.999757 -0.021667 10.002700 -0.020796 0.021745 0.999547 -0.000000 0.000000 0.000000 0.000000 1.000000
0.999648 -0.003126 0.026364 0.000000 0.003653 0.999794 -0.019973 10.002700 -0.026296 0.020062 0.999453 -0.000000 0.000000 0.000000 0.000000 1.000000
0.999485 -0.002779 0.031962 0.000000 0.003334 0.999845 -0.017298 10.002700 -0.031909 0.017396 0.999339 0.000000 0.000000 0.000000 0.000000 1.000000
0.999314 -0.000739 0.037035 -0.000000 0.001219 0.999915 -0.012944 10.002700 -0.037022 0.012981 0.999230 -0.000000 0.000000 0.000000 0.000000 1.000000
0.999155 0.002968 0.040988 0.000000 -0.002677 0.999971 -0.007151 10.002700 -0.041008 0.007035 0.999134 -0.000000 0.000000 0.000000 0.000000 1.000000
0.999124 0.005155 0.041521 0.000000 -0.004944 0.999974 -0.005171 10.002700 -0.041546 0.004961 0.999124 -0.000000 0.000000 0.000000 0.000000 1.000000
0.999310 0.006394 0.036581 -0.000000 -0.006239 0.999971 -0.004356 10.002700 -0.036607 0.004125 0.999321 0.000000 0.000000 0.000000 0.000000 1.000000
0.999599 0.006591 0.027535 0.000000 -0.006452 0.999966 -0.005158 10.002700 -0.027568 0.004978 0.999608 0.000000 0.000000 0.000000 0.000000 1.000000
0.999830 0.004691 0.017856 0.000000 -0.004580 0.999970 -0.006250 10.002700 -0.017884 0.006168 0.999821 0.000000 0.000000 0.000000 0.000000 1.000000
0.999954 0.002067 0.009381 0.000000 -0.002001 0.999973 -0.007055 10.002700 -0.009395 0.007036 0.999931 0.000000 0.000000 0.000000 0.000000 1.000000
0.999998 0.000799 0.002003 0.000000 -0.000784 0.999972 -0.007428 10.002700 -0.002009 0.007427 0.999970 -0.000000 0.000000 0.000000 0.000000 1.000000
0.999989 0.000985 -0.004487 0.000000 -0.001017 0.999974 -0.007130 10.002700 0.004480 0.007135 0.999965 0.000000 0.000000 0.000000 0.000000 1.000000
0.999956 0.000904 -0.009359 -0.000000 -0.000973 0.999973 -0.007311 10.002700 0.009352 0.007320 0.999929 0.000000 0.000000 0.000000 0.000000 1.000000
0.999908 0.001340 -0.013535 0.000000 -0.001446 0.999968 -0.007842 10.002700 0.013524 0.007860 0.999878 0.000000 0.000000 0.000000 0.000000 1.000000
0.999837 0.002832 -0.017857 -0.000000 -0.002978 0.999962 -0.008159 10.002700 0.017834 0.008211 0.999807 -0.000000 0.000000 0.000000 0.000000 1.000000
0.999769 0.004112 -0.021110 0.000000 -0.004265 0.999965 -0.007188 10.002700 0.021080 0.007276 0.999751 0.000000 0.000000 0.000000 0.000000 1.000000
0.999739 0.004761 -0.022358 0.000000 -0.004938 0.999957 -0.007843 10.002700 0.022319 0.007951 0.999719 -0.000000 0.000000 0.000000 0.000000 1.000000
0.999710 0.005205 -0.023503 0.000000 -0.005466 0.999924 -0.011084 10.002700 0.023444 0.011210 0.999662 0.000000 0.000000 0.000000 0.000000 1.000000
0.999642 0.005553 -0.026187 -0.000000 -0.005836 0.999925 -0.010753 10.002700 0.026125 0.010902 0.999599 0.000000 0.000000 0.000000 0.000000 1.000000
0.999527 0.005252 -0.030300 0.000000 -0.005590 0.999923 -0.011089 10.002700 0.030240 0.011253 0.999479 0.000000 0.000000 0.000000 0.000000 1.000000
0.999353 0.003777 -0.035762 0.000000 -0.004132 0.999943 -0.009858 10.002700 0.035722 0.009999 0.999312 0.000000 0.000000 0.000000 0.000000 1.000000
0.999088 0.002204 -0.042642 0.000000 -0.002459 0.999979 -0.005922 10.002700 0.042628 0.006021 0.999073 0.000000 0.000000 0.000000 0.000000 1.000000
0.998855 0.001347 -0.047814 0.000000 -0.001447 0.999997 -0.002076 10.002700 0.047811 0.002143 0.998854 0.000000 0.000000 0.000000 0.000000 1.000000
0.998853 -0.000817 -0.047865 0.000000 0.000781 0.999999 -0.000758 10.002700 0.047866 0.000719 0.998854 0.000000 0.000000 0.000000 0.000000 1.000000
0.999113 -0.004821 -0.041842 -0.000000 0.004717 0.999986 -0.002595 10.002700 0.041854 0.002395 0.999121 0.000000 0.000000 0.000000 0.000000 1.000000
0.999384 -0.006692 -0.034456 -0.000000 0.006525 0.999966 -0.004957 10.002700 0.034488 0.004729 0.999394 0.000000 0.000000 0.000000 0.000000 1.000000
0.999597 -0.005829 -0.027787 0.000000 0.005633 0.999959 -0.007132 10.002700 0.027827 0.006972 0.999588 0.000000 0.000000 0.000000 0.000000 1.000000
0.999783 -0.004594 -0.020297 0.000000 0.004409 0.999948 -0.009149 10.002700 0.020338 0.009058 0.999752 -0.000000 0.000000 0.000000 0.000000 1.000000
0.999916 -0.004149 -0.012243 0.000000 0.004028 0.999943 -0.009896 10.002700 0.012283 0.009846 0.999876 -0.000000 0.000000 0.000000 0.000000 1.000000
0.999977 -0.004306 -0.005236 0.000000 0.004250 0.999935 -0.010597 10.002700 0.005281 0.010574 0.999930 0.000000 0.000000 0.000000 0.000000 1.000000
0.999990 -0.004262 0.001059 0.000000 0.004273 0.999927 -0.011333 10.002700 -0.001011 0.011337 0.999935 0.000000 0.000000 0.000000 0.000000 1.000000</float_array>
        <technique_common>
          <accessor source="#mixamorig_Spine1-Matrix-animation-output-transform-array" count="36" stride="16">
            <param type="float4x4"/>
          </accessor>
        </technique_common>
      </source>
      <source id="mixamorig_Spine1-Interpolations">
        <Name_array id="mixamorig_Spine1-Interpolations-array" count="36">
 LINEAR LINEAR LINEAR LINEAR LINEAR LINEAR LINEAR LINEAR LINEAR LINEAR LINEAR
LINEAR LINEAR LINEAR LINEAR LINEAR LINEAR LINEAR LINEAR LINEAR LINEAR LINEAR LINEAR
LINEAR LINEAR LINEAR LINEAR LINEAR LINEAR LINEAR LINEAR LINEAR LINEAR LINEAR LINEAR
LINEAR</Name_array>
        <technique_common>
          <accessor source="#mixamorig_Spine1-Interpolations-array" count="36">
            <param type="name"/>
          </accessor>
        </technique_common>
      </source>
      <sampler id="mixamorig_Spine1-Matrix-animation-transform">
        <input semantic="INPUT" source="#mixamorig_Spine1-Matrix-animation-input"/>
        <input semantic="OUTPUT" source="#mixamorig_Spine1-Matrix-animation-output-transform"/>
        <input semantic="INTERPOLATION" source="#mixamorig_Spine1-Interpolations"/>
      </sampler>
      <channel source="#mixamorig_Spine1-Matrix-animation-transform" target="mixamorig_Spine1/matrix"/>
    </animation>
    <animation id="mixamorig_Spine2-anim" name="mixamorig_Spine2">
      <source id="mixamorig_Spine2-Matrix-animation-input">
        <float_array id="mixamorig_Spine2-Matrix-animation-input-array" count="36">

0.000000 0.033333 0.066667 0.100000 0.133333 0.166667 0.200000 0.233333 0.266667 0.300000 0.333333 0.366667 0.400000 0.433333 0.466667 0.500000
0.533333 0.566667 0.600000 0.633333 0.666667 0.700000 0.733333 0.766667 0.800000 0.833333 0.866667 0.900000 0.933333 0.966667 1.000000 1.033333
1.066667 1.100000 1.133333 1.166667</float_array>
        <technique_common>
          <accessor source="#mixamorig_Spine2-Matrix-animation-input-array" count="36">
            <param name="TIME" type="float"/>
          </accessor>
        </technique_common>
      </source>
      <source id="mixamorig_Spine2-Matrix-animation-output-transform">
        <float_array id="mixamorig_Spine2-Matrix-animation-output-transform-array" count="576">

0.999990 -0.004229 0.001093 0.000000 0.004266 0.999302 -0.037100 9.322100 -0.000935 0.037104 0.999311 0.000000 0.000000 0.000000 0.000000 1.000000
0.999970 -0.002328 0.007401 -0.000000 0.002598 0.999322 -0.036714 9.322100 -0.007311 0.036732 0.999298 0.000000 0.000000 0.000000 0.000000 1.000000
0.999919 -0.001144 0.012683 0.000000 0.001607 0.999329 -0.036585 9.322100 -0.012633 0.036603 0.999250 0.000000 0.000000 0.000000 0.000000 1.000000
0.999871 -0.001256 0.016011 -0.000000 0.001842 0.999325 -0.036688 9.322100 -0.015954 0.036713 0.999198 0.000000 0.000000 0.000000 0.000000 1.000000
0.999842 -0.002614 0.017606 0.000000 0.003376 0.999053 -0.043368 9.322100 -0.017476 0.043421 0.998904 0.000000 0.000000 0.000000 0.000000 1.000000
0.999777 -0.003093 0.020909 -0.000000 0.004082 0.998866 -0.047440 9.322100 -0.020739 0.047515 0.998655 0.000000 0.000000 0.000000 0.000000 1.000000
0.999649 -0.002531 0.026385 0.000000 0.003737 0.998945 -0.045760 9.322100 -0.026241 0.045842 0.998604 0.000000 0.000000 0.000000 0.000000 1.000000
0.999487 -0.002019 0.031968 0.000000 0.003396 0.999065 -0.043098 9.322100 -0.031851 0.043184 0.998559 0.000000 0.000000 0.000000 0.000000 1.000000
0.999315 0.000231 0.036998 0.000000 0.001203 0.999249 -0.038730 9.322100 -0.036980 0.038748 0.998565 0.000000 0.000000 0.000000 0.000000 1.000000
0.999155 0.004163 0.040879 -0.000000 -0.002819 0.999455 -0.032893 9.322100 -0.040994 0.032750 0.998623 0.000000 0.000000 0.000000 0.000000 1.000000
0.999122 0.006301 0.041410 0.000000 -0.005025 0.999512 -0.030843 9.322100 -0.041584 0.030608 0.998666 0.000000 0.000000 0.000000 0.000000 1.000000
0.999307 0.007382 0.036475 0.000000 -0.006288 0.999530 -0.030001 9.322100 -0.036679 0.029751 0.998884 0.000000 0.000000 0.000000 0.000000 1.000000
0.999597 0.007355 0.027428 0.000000 -0.006508 0.999504 -0.030825 9.322100 -0.027641 0.030634 0.999148 0.000000 0.000000 0.000000 0.000000 1.000000
0.999829 0.005204 0.017764 0.000000 -0.004634 0.999478 -0.031973 9.322100 -0.017921 0.031885 0.999331 0.000000 0.000000 0.000000 0.000000 1.000000
0.999954 0.002343 0.009321 -0.000000 -0.002036 0.999459 -0.032814 9.322100 -0.009393 0.032793 0.999418 0.000000 0.000000 0.000000 0.000000 1.000000
0.999998 0.000857 0.001965 0.000000 -0.000792 0.999449 -0.033194 9.322100 -0.001993 0.033192 0.999447 0.000000 0.000000 0.000000 0.000000 1.000000
0.999989 0.000849 -0.004515 -0.000000 -0.000997 0.999458 -0.032897 9.322100 0.004485 0.032901 0.999449 0.000000 0.000000 0.000000 0.000000 1.000000
0.999956 0.000619 -0.009382 0.000000 -0.000929 0.999452 -0.033080 9.322100 0.009356 0.033088 0.999409 0.000000 0.000000 0.000000 0.000000 1.000000
0.999908 0.000920 -0.013565 0.000000 -0.001376 0.999434 -0.033617 9.322100 0.013526 0.033633 0.999343 0.000000 0.000000 0.000000 0.000000 1.000000
0.999837 0.002270 -0.017909 0.000000 -0.002877 0.999419 -0.033958 9.322100 0.017821 0.034004 0.999263 0.000000 0.000000 0.000000 0.000000 1.000000
0.999770 0.003456 -0.021188 0.000000 -0.004154 0.999446 -0.033012 9.322100 0.021062 0.033093 0.999230 0.000000 0.000000 0.000000 0.000000 1.000000
0.999740 0.004128 -0.022437 0.000000 -0.004883 0.999420 -0.033693 9.322100 0.022285 0.033794 0.999180 0.000000 0.000000 0.000000 0.000000 1.000000
0.999712 0.004632 -0.023564 -0.000000 -0.005501 0.999302 -0.036962 9.322100 0.023376 0.037081 0.999039 -0.000000 0.000000 0.000000 0.000000 1.000000
0.999643 0.004895 -0.026266 0.000000 -0.005856 0.999311 -0.036638 9.322100 0.026069 0.036779 0.998983 0.000000 0.000000 0.000000 0.000000 1.000000
0.999528 0.004473 -0.030384 -0.000000 -0.005596 0.999300 -0.036979 9.322100 0.030198 0.037131 0.998854 0.000000 0.000000 0.000000 0.000000 1.000000
0.999354 0.002792 -0.035830 0.000000 -0.004073 0.999353 -0.035728 9.322100 0.035707 0.035851 0.998719 0.000000 0.000000 0.000000 0.000000 1.000000
0.999088 0.000946 -0.042679 0.000000 -0.002304 0.999493 -0.031771 9.322100 0.042627 0.031841 0.998584 0.000000 0.000000 0.000000 0.000000 1.000000
0.998855 -0.000008 -0.047832 0.000000 -0.001328 0.999610 -0.027907 9.322100 0.047814 0.027939 0.998465 0.000000 0.000000 0.000000 0.000000 1.000000
0.998852 -0.002124 -0.047846 0.000000 0.000855 0.999648 -0.026516 9.322100 0.047886 0.026444 0.998503 0.000000 0.000000 0.000000 0.000000 1.000000
0.999110 -0.006014 -0.041754 -0.000000 0.004837 0.999590 -0.028236 9.322100 0.041907 0.028009 0.998729 0.000000 0.000000 0.000000 0.000000 1.000000
0.999380 -0.007732 -0.034341 -0.000000 0.006683 0.999510 -0.030570 9.322100 0.034560 0.030322 0.998943 0.000000 0.000000 0.000000 0.000000 1.000000
0.999594 -0.006712 -0.027692 0.000000 0.005803 0.999446 -0.032786 9.322100 0.027897 0.032612 0.999079 0.000000 0.000000 0.000000 0.000000 1.000000
0.999781 -0.005270 -0.020231 0.000000 0.004562 0.999382 -0.034847 9.322100 0.020402 0.034747 0.999188 0.000000 0.000000 0.000000 0.000000 1.000000
0.999915 -0.004564 -0.012191 0.000000 0.004128 0.999357 -0.035621 9.322100 0.012346 0.035567 0.999291 0.000000 0.000000 0.000000 0.000000 1.000000
0.999976 -0.004488 -0.005187 0.000000 0.004297 0.999330 -0.036341 9.322100 0.005347 0.036318 0.999326 0.000000 0.000000 0.000000 0.000000 1.000000
0.999990 -0.004229 0.001093 0.000000 0.004266 0.999302 -0.037100 9.322100 -0.000935 0.037104 0.999311 0.000000 0.000000 0.000000 0.000000 1.000000</float_array>
        <technique_common>
          <accessor source="#mixamorig_Spine2-Matrix-animation-output-transform-array" count="36" stride="16">
            <param type="float4x4"/>
          </accessor>
        </technique_common>
      </source>
      <source id="mixamorig_Spine2-Interpolations">
        <Name_array id="mixamorig_Spine2-Interpolations-array" count="36">
 LINEAR LINEAR LINEAR LINEAR LINEAR LINEAR LINEAR LINEAR LINEAR LINEAR LINEAR
LINEAR LINEAR LINEAR LINEAR LINEAR LINEAR LINEAR LINEAR LINEAR LINEAR LINEAR LINEAR
LINEAR LINEAR LINEAR LINEAR LINEAR LINEAR LINEAR LINEAR LINEAR LINEAR LINEAR LINEAR
LINEAR</Name_array>
        <technique_common>
          <accessor source="#mixamorig_Spine2-Interpolations-array" count="36">
            <param type="name"/>
          </accessor>
        </technique_common>
      </source>
      <sampler id="mixamorig_Spine2-Matrix-animation-transform">
        <input semantic="INPUT" source="#mixamorig_Spine2-Matrix-animation-input"/>
        <input semantic="OUTPUT" source="#mixamorig_Spine2-Matrix-animation-output-transform"/>
        <input semantic="INTERPOLATION" source="#mixamorig_Spine2-Interpolations"/>
      </sampler>
      <channel source="#mixamorig_Spine2-Matrix-animation-transform" target="mixamorig_Spine2/matrix"/>
    </animation>
    <animation id="mixamorig_Neck-anim" name="mixamorig_Neck">
      <source id="mixamorig_Neck-Matrix-animation-input">
        <float_array id="mixamorig_Neck-Matrix-animation-input-array" count="36">

0.000000 0.033333 0.066667 0.100000 0.133333 0.166667 0.200000 0.233333 0.266667 0.300000 0.333333 0.366667 0.400000 0.433333 0.466667 0.500000
0.533333 0.566667 0.600000 0.633333 0.666667 0.700000 0.733333 0.766667 0.800000 0.833333 0.866667 0.900000 0.933333 0.966667 1.000000 1.033333
1.066667 1.100000 1.133333 1.166667</float_array>
        <technique_common>
          <accessor source="#mixamorig_Neck-Matrix-animation-input-array" count="36">
            <param name="TIME" type="float"/>
          </accessor>
        </technique_common>
      </source>
      <source id="mixamorig_Neck-Matrix-animation-output-transform">
        <float_array id="mixamorig_Neck-Matrix-animation-output-transform-array" count="576">

0.999972 -0.000356 -0.007416 0.000000 0.000485 0.999850 0.017318 16.865299 0.007409 -0.017321 0.999823 0.000000 0.000000 0.000000 0.000000 1.000000
0.999963 0.000197 -0.008582 0.000000 -0.000043 0.999839 0.017930 16.865299 0.008584 -0.017929 0.999802 0.000000 0.000000 0.000000 0.000000 1.000000
0.999959 0.001013 -0.008963 0.000000 -0.000839 0.999811 0.019416 16.865299 0.008981 -0.019408 0.999771 -0.000000 0.000000 0.000000 0.000000 1.000000
0.999952 0.001492 -0.009682 -0.000000 -0.001290 0.999781 0.020886 16.865299 0.009711 -0.020873 0.999735 -0.000000 0.000000 0.000000 0.000000 1.000000
0.999941 0.000510 -0.010833 0.000000 -0.000268 0.999751 0.022308 16.865299 0.010842 -0.022304 0.999692 -0.000000 0.000000 0.000000 0.000000 1.000000
0.999921 -0.000604 -0.012586 0.000000 0.000898 0.999727 0.023352 16.865299 0.012568 -0.023361 0.999648 0.000000 0.000000 0.000000 0.000000 1.000000
0.999895 -0.001665 -0.014424 -0.000000 0.002028 0.999681 0.025181 16.865299 0.014378 -0.025208 0.999579 0.000000 0.000000 0.000000 0.000000 1.000000
0.999879 -0.001732 -0.015447 0.000000 0.002152 0.999626 0.027257 16.865299 0.015394 -0.027287 0.999509 0.000000 0.000000 0.000000 0.000000 1.000000
0.999868 -0.001470 -0.016180 0.000000 0.001926 0.999601 0.028164 16.865299 0.016132 -0.028191 0.999472 0.000000 0.000000 0.000000 0.000000 1.000000
0.999862 -0.001122 -0.016566 -0.000000 0.001592 0.999596 0.028394 16.865299 0.016527 -0.028416 0.999460 0.000000 0.000000 0.000000 0.000000 1.000000
0.999871 0.000011 -0.016046 -0.000000 0.000459 0.999571 0.029291 16.865299 0.016039 -0.029295 0.999442 0.000000 0.000000 0.000000 0.000000 1.000000
0.999892 0.001486 -0.014593 0.000000 -0.001050 0.999554 0.029843 16.865299 0.014631 -0.029824 0.999448 0.000000 0.000000 0.000000 0.000000 1.000000
0.999922 0.003333 -0.012001 -0.000000 -0.002992 0.999595 0.028284 16.865299 0.012090 -0.028246 0.999528 0.000000 0.000000 0.000000 0.000000 1.000000
0.999947 0.005046 -0.008999 0.000000 -0.004818 0.999670 0.025229 16.865299 0.009123 -0.025184 0.999641 0.000000 0.000000 0.000000 0.000000 1.000000
0.999964 0.005309 -0.006667 -0.000000 -0.005160 0.999740 0.022222 16.865299 0.006784 -0.022187 0.999731 0.000000 0.000000 0.000000 0.000000 1.000000
0.999977 0.004721 -0.004907 0.000000 -0.004621 0.999785 0.020232 16.865299 0.005001 -0.020209 0.999783 -0.000000 0.000000 0.000000 0.000000 1.000000
0.999985 0.004186 -0.003550 0.000000 -0.004115 0.999795 0.019804 16.865299 0.003632 -0.019789 0.999798 0.000000 0.000000 0.000000 0.000000 1.000000
0.999987 0.004433 -0.002599 -0.000000 -0.004379 0.999785 0.020251 16.865299 0.002688 -0.020239 0.999792 0.000000 0.000000 0.000000 0.000000 1.000000
0.999987 0.004730 -0.001673 -0.000000 -0.004693 0.999760 0.021413 16.865299 0.001774 -0.021405 0.999769 -0.000000 0.000000 0.000000 0.000000 1.000000
0.999987 0.005048 -0.000566 0.000000 -0.005034 0.999730 0.022677 16.865299 0.000681 -0.022674 0.999743 0.000000 0.000000 0.000000 0.000000 1.000000
0.999982 0.006056 0.000394 0.000000 -0.006063 0.999711 0.023283 16.865299 -0.000253 -0.023285 0.999729 -0.000000 0.000000 0.000000 0.000000 1.000000
0.999974 0.007119 0.000850 0.000000 -0.007137 0.999674 0.024504 16.865299 -0.000675 -0.024509 0.999699 0.000000 0.000000 0.000000 0.000000 1.000000
0.999971 0.007437 0.001416 0.000000 -0.007472 0.999628 0.026237 16.865299 -0.001221 -0.026246 0.999655 0.000000 0.000000 0.000000 0.000000 1.000000
0.999969 0.007323 0.002733 0.000000 -0.007396 0.999579 0.028073 16.865299 -0.002526 -0.028092 0.999602 0.000000 0.000000 0.000000 0.000000 1.000000
0.999976 0.005720 0.003884 0.000000 -0.005833 0.999544 0.029635 16.865299 -0.003713 -0.029657 0.999553 0.000000 0.000000 0.000000 0.000000 1.000000
0.999975 0.004674 0.005279 0.000000 -0.004829 0.999549 0.029643 16.865299 -0.005138 -0.029668 0.999547 0.000000 0.000000 0.000000 0.000000 1.000000
0.999960 0.005188 0.007284 0.000000 -0.005392 0.999583 0.028353 16.865299 -0.007134 -0.028392 0.999571 0.000000 0.000000 0.000000 0.000000 1.000000
0.999961 0.004387 0.007689 0.000000 -0.004593 0.999624 0.027025 16.865299 -0.007567 -0.027059 0.999605 0.000000 0.000000 0.000000 0.000000 1.000000
0.999973 0.003264 0.006615 0.000000 -0.003446 0.999614 0.027566 16.865299 -0.006522 -0.027588 0.999598 0.000000 0.000000 0.000000 0.000000 1.000000
0.999980 0.003610 0.005131 0.000000 -0.003754 0.999589 0.028416 16.865299 -0.005026 -0.028435 0.999583 -0.000000 0.000000 0.000000 0.000000 1.000000
0.999991 0.002753 0.003300 -0.000000 -0.002842 0.999626 0.027207 16.865299 -0.003224 -0.027216 0.999624 0.000000 0.000000 0.000000 0.000000 1.000000
0.999998 0.001344 0.001336 0.000000 -0.001378 0.999676 0.025422 16.865299 -0.001302 -0.025423 0.999676 0.000000 0.000000 0.000000 0.000000 1.000000
0.999999 0.000842 -0.000878 -0.000000 -0.000821 0.999735 0.023017 16.865299 0.000897 -0.023016 0.999735 0.000000 0.000000 0.000000 0.000000 1.000000
0.999993 0.000499 -0.003607 0.000000 -0.000427 0.999806 0.019677 16.865299 0.003616 -0.019675 0.999800 0.000000 0.000000 0.000000 0.000000 1.000000
0.999982 -0.000090 -0.005950 0.000000 0.000195 0.999844 0.017643 16.865299 0.005948 -0.017643 0.999827 -0.000000 0.000000 0.000000 0.000000 1.000000
0.999972 -0.000357 -0.007416 0.000000 0.000486 0.999850 0.017318 16.865299 0.007409 -0.017321 0.999823 0.000000 0.000000 0.000000 0.000000 1.000000</float_array>
        <technique_common>
          <accessor source="#mixamorig_Neck-Matrix-animation-output-transform-array" count="36" stride="16">
            <param type="float4x4"/>
          </accessor>
        </technique_common>
      </source>
      <source id="mixamorig_Neck-Interpolations">
        <Name_array id="mixamorig_Neck-Interpolations-array" count="36">
 LINEAR LINEAR LINEAR LINEAR LINEAR LINEAR LINEAR LINEAR LINEAR LINEAR LINEAR
LINEAR LINEAR LINEAR LINEAR LINEAR LINEAR LINEAR LINEAR LINEAR LINEAR LINEAR LINEAR
LINEAR LINEAR LINEAR LINEAR LINEAR LINEAR LINEAR LINEAR LINEAR LINEAR LINEAR LINEAR
LINEAR</Name_array>
        <technique_common>
          <accessor source="#mixamorig_Neck-Interpolations-array" count="36">
            <param type="name"/>
          </accessor>
        </technique_common>
      </source>
      <sampler id="mixamorig_Neck-Matrix-animation-transform">
        <input semantic="INPUT" source="#mixamorig_Neck-Matrix-animation-input"/>
        <input semantic="OUTPUT" source="#mixamorig_Neck-Matrix-animation-output-transform"/>
        <input semantic="INTERPOLATION" source="#mixamorig_Neck-Interpolations"/>
      </sampler>
      <channel source="#mixamorig_Neck-Matrix-animation-transform" target="mixamorig_Neck/matrix"/>
    </animation>
    <animation id="mixamorig_Head-anim" name="mixamorig_Head">
      <source id="mixamorig_Head-Matrix-animation-input">
        <float_array id="mixamorig_Head-Matrix-animation-input-array" count="36">

0.000000 0.033333 0.066667 0.100000 0.133333 0.166667 0.200000 0.233333 0.266667 0.300000 0.333333 0.366667 0.400000 0.433333 0.466667 0.500000
0.533333 0.566667 0.600000 0.633333 0.666667 0.700000 0.733333 0.766667 0.800000 0.833333 0.866667 0.900000 0.933333 0.966667 1.000000 1.033333
1.066667 1.100000 1.133333 1.166667</float_array>
        <technique_common>
          <accessor source="#mixamorig_Head-Matrix-animation-input-array" count="36">
            <param name="TIME" type="float"/>
          </accessor>
        </technique_common>
      </source>
      <source id="mixamorig_Head-Matrix-animation-output-transform">
        <float_array id="mixamorig_Head-Matrix-animation-output-transform-array" count="576">

0.996739 0.048978 -0.064126 -0.000000 -0.045928 0.997781 0.048207 9.341900 0.066344 -0.045105 0.996777 2.841000 0.000000 0.000000 0.000000 1.000000
0.996195 0.052486 -0.069572 -0.000000 -0.048599 0.997223 0.056429 9.341900 0.072340 -0.052833 0.995980 2.841000 0.000000 0.000000 0.000000 1.000000
0.996093 0.056122 -0.068189 0.000000 -0.051633 0.996489 0.065900 9.341900 0.071648 -0.062122 0.995494 2.841000 0.000000 0.000000 0.000000 1.000000
0.995705 0.059640 -0.070814 -0.000000 -0.054470 0.995856 0.072822 9.341900 0.074864 -0.068652 0.994828 2.841000 0.000000 0.000000 0.000000 1.000000
0.995337 0.061737 -0.074107 0.000000 -0.056165 0.995597 0.075053 9.341900 0.078415 -0.070540 0.994422 2.841000 0.000000 0.000000 0.000000 1.000000
0.994779 0.060420 -0.082240 -0.000000 -0.054175 0.995623 0.076158 9.341900 0.086481 -0.071305 0.993698 2.841000 0.000000 0.000000 0.000000 1.000000
0.994359 0.057133 -0.089361 0.000000 -0.050266 0.995740 0.077298 9.341900 0.093397 -0.072370 0.992995 2.841000 0.000000 0.000000 0.000000 1.000000
0.994083 0.056295 -0.092892 -0.000000 -0.048963 0.995639 0.079409 9.341900 0.096958 -0.074391 0.992505 2.841000 0.000000 0.000000 0.000000 1.000000
0.993757 0.053676 -0.097807 0.000000 -0.045836 0.995683 0.080713 9.341900 0.101717 -0.075726 0.991927 2.841000 0.000000 0.000000 0.000000 1.000000
0.993773 0.047214 -0.100922 -0.000000 -0.039874 0.996494 0.073552 9.341900 0.104041 -0.069069 0.992172 2.841000 0.000000 0.000000 0.000000 1.000000
0.993840 0.045240 -0.101172 0.000000 -0.038974 0.997247 0.063081 9.341900 0.103747 -0.058749 0.992867 2.841000 0.000000 0.000000 0.000000 1.000000
0.993920 0.048390 -0.098903 0.000000 -0.042297 0.997129 0.062806 9.341900 0.101658 -0.058241 0.993113 2.841000 0.000000 0.000000 0.000000 1.000000
0.994464 0.052956 -0.090759 0.000000 -0.047435 0.996952 0.061949 9.341900 0.093763 -0.057301 0.993944 2.841000 0.000000 0.000000 0.000000 1.000000
0.995306 0.056511 -0.078563 -0.000000 -0.052339 0.997158 0.054187 9.341900 0.081401 -0.049821 0.995435 2.841000 0.000000 0.000000 0.000000 1.000000
0.996181 0.056922 -0.066211 0.000000 -0.053913 0.997468 0.046386 9.341900 0.068684 -0.042639 0.996727 2.841000 0.000000 0.000000 0.000000 1.000000
0.996982 0.053457 -0.056305 0.000000 -0.051031 0.997742 0.043675 9.341900 0.058512 -0.040670 0.997458 2.841000 0.000000 0.000000 0.000000 1.000000
0.997593 0.048334 -0.049715 -0.000000 -0.046127 0.997938 0.044625 9.341900 0.051769 -0.042224 0.997766 2.841000 0.000000 0.000000 0.000000 1.000000
0.997738 0.046545 -0.048512 -0.000000 -0.044092 0.997751 0.050480 9.341900 0.050752 -0.048226 0.997546 2.841000 0.000000 0.000000 0.000000 1.000000
0.997856 0.044129 -0.048329 -0.000000 -0.041228 0.997379 0.059466 9.341900 0.050827 -0.057346 0.997060 2.841000 0.000000 0.000000 0.000000 1.000000
0.998120 0.039366 -0.046976 0.000000 -0.036114 0.997020 0.068170 9.341900 0.049520 -0.066346 0.996567 2.841000 0.000000 0.000000 0.000000 1.000000
0.998143 0.036983 -0.048393 0.000000 -0.033350 0.996713 0.073830 9.341900 0.050964 -0.072079 0.996096 2.841000 0.000000 0.000000 0.000000 1.000000
0.997957 0.037014 -0.052075 0.000000 -0.032824 0.996323 0.079135 9.341900 0.054813 -0.077264 0.995503 2.841000 0.000000 0.000000 0.000000 1.000000
0.998043 0.035482 -0.051483 -0.000000 -0.030940 0.995773 0.086485 9.341900 0.054334 -0.084723 0.994922 2.841000 0.000000 0.000000 0.000000 1.000000
0.998544 0.029225 -0.045336 0.000000 -0.024899 0.995336 0.093201 9.341900 0.047848 -0.091936 0.994615 2.841000 0.000000 0.000000 0.000000 1.000000
0.999118 0.024078 -0.034404 0.000000 -0.020726 0.995292 0.094683 9.341900 0.036522 -0.093886 0.994913 2.841000 0.000000 0.000000 0.000000 1.000000
0.999442 0.026387 -0.020461 0.000000 -0.024583 0.996173 0.083878 9.341900 0.022596 -0.083328 0.996266 2.841000 0.000000 0.000000 0.000000 1.000000
0.999486 0.030679 -0.009262 0.000000 -0.030056 0.997671 0.061235 9.341900 0.011119 -0.060925 0.998080 2.841000 0.000000 0.000000 0.000000 1.000000
0.999442 0.032166 -0.008948 -0.000000 -0.031825 0.998846 0.035964 9.341900 0.010094 -0.035660 0.999313 2.841000 0.000000 0.000000 0.000000 1.000000
0.999352 0.033310 -0.013661 0.000000 -0.032984 0.999181 0.023433 9.341900 0.014431 -0.022968 0.999632 2.841000 0.000000 0.000000 0.000000 1.000000
0.999117 0.037166 -0.019604 -0.000000 -0.036718 0.999067 0.022740 9.341900 0.020431 -0.022000 0.999549 2.841000 0.000000 0.000000 0.000000 1.000000
0.999013 0.037303 -0.024123 0.000000 -0.036721 0.999034 0.024150 9.341900 0.025000 -0.023240 0.999417 2.841000 0.000000 0.000000 0.000000 1.000000
0.998955 0.035060 -0.029304 0.000000 -0.034326 0.999093 0.025180 9.341900 0.030160 -0.024147 0.999253 2.841000 0.000000 0.000000 0.000000 1.000000
0.998660 0.034207 -0.038830 0.000000 -0.033201 0.999103 0.026267 9.341900 0.039694 -0.024943 0.998901 2.841000 0.000000 0.000000 0.000000 1.000000
0.997909 0.039862 -0.050872 -0.000000 -0.038293 0.998771 0.031461 9.341900 0.052064 -0.029447 0.998210 2.841000 0.000000 0.000000 0.000000 1.000000
0.997101 0.048795 -0.058381 0.000000 -0.046467 0.998095 0.040583 9.341900 0.060250 -0.037753 0.997469 2.841000 0.000000 0.000000 0.000000 1.000000
0.996739 0.048978 -0.064126 -0.000000 -0.045928 0.997781 0.048207 9.341900 0.066344 -0.045105 0.996777 2.841000 0.000000 0.000000 0.000000 1.000000</float_array>
        <technique_common>
          <accessor source="#mixamorig_Head-Matrix-animation-output-transform-array" count="36" stride="16">
            <param type="float4x4"/>
          </accessor>
        </technique_common>
      </source>
      <source id="mixamorig_Head-Interpolations">
        <Name_array id="mixamorig_Head-Interpolations-array" count="36">
 LINEAR LINEAR LINEAR LINEAR LINEAR LINEAR LINEAR LINEAR LINEAR LINEAR LINEAR
LINEAR LINEAR LINEAR LINEAR LINEAR LINEAR LINEAR LINEAR LINEAR LINEAR LINEAR LINEAR
LINEAR LINEAR LINEAR LINEAR LINEAR LINEAR LINEAR LINEAR LINEAR LINEAR LINEAR LINEAR
LINEAR</Name_array>
        <technique_common>
          <accessor source="#mixamorig_Head-Interpolations-array" count="36">
            <param type="name"/>
          </accessor>
        </technique_common>
      </source>
      <sampler id="mixamorig_Head-Matrix-animation-transform">
        <input semantic="INPUT" source="#mixamorig_Head-Matrix-animation-input"/>
        <input semantic="OUTPUT" source="#mixamorig_Head-Matrix-animation-output-transform"/>
        <input semantic="INTERPOLATION" source="#mixamorig_Head-Interpolations"/>
      </sampler>
      <channel source="#mixamorig_Head-Matrix-animation-transform" target="mixamorig_Head/matrix"/>
    </animation>
    <animation id="mixamorig_RightShoulder-anim" name="mixamorig_RightShoulder">
      <source id="mixamorig_RightShoulder-Matrix-animation-input">
        <float_array id="mixamorig_RightShoulder-Matrix-animation-input-array" count="36">

0.000000 0.033333 0.066667 0.100000 0.133333 0.166667 0.200000 0.233333 0.266667 0.300000 0.333333 0.366667 0.400000 0.433333 0.466667 0.500000
0.533333 0.566667 0.600000 0.633333 0.666667 0.700000 0.733333 0.766667 0.800000 0.833333 0.866667 0.900000 0.933333 0.966667 1.000000 1.033333
1.066667 1.100000 1.133333 1.166667</float_array>
        <technique_common>
          <accessor source="#mixamorig_RightShoulder-Matrix-animation-input-array" count="36">
            <param name="TIME" type="float"/>
          </accessor>
        </technique_common>
      </source>
      <source id="mixamorig_RightShoulder-Matrix-animation-output-transform">
        <float_array id="mixamorig_RightShoulder-Matrix-animation-output-transform-array" count="576">

-0.187110 -0.916348 0.353973 -4.570000 -0.205043 -0.315969 -0.926348 11.195800 0.960702 -0.245908 -0.128769 -0.806600 0.000000 0.000000 0.000000 1.000000
-0.183664 -0.918752 0.349516 -4.570000 -0.203849 -0.312236 -0.927876 11.195800 0.961620 -0.241666 -0.129940 -0.806600 0.000000 0.000000 0.000000 1.000000
-0.178466 -0.921541 0.344837 -4.570000 -0.202551 -0.308549 -0.929393 11.195800 0.962872 -0.235712 -0.131594 -0.806600 0.000000 0.000000 0.000000 1.000000
-0.173355 -0.923450 0.342326 -4.570000 -0.201773 -0.306914 -0.930103 11.195800 0.963969 -0.230311 -0.133122 -0.806600 0.000000 0.000000 0.000000 1.000000
-0.168817 -0.923706 0.343901 -4.570000 -0.201947 -0.309092 -0.929343 11.195800 0.964737 -0.226339 -0.134360 -0.806600 0.000000 0.000000 0.000000 1.000000
-0.166843 -0.922942 0.346903 -4.570000 -0.202539 -0.312250 -0.928158 11.195800 0.964957 -0.225118 -0.134835 -0.806600 0.000000 0.000000 0.000000 1.000000
-0.164529 -0.921225 0.352525 -4.570000 -0.203697 -0.317959 -0.925964 11.195800 0.965110 -0.224156 -0.135338 -0.806600 0.000000 0.000000 0.000000 1.000000
-0.164716 -0.921818 0.350884 -4.570000 -0.203335 -0.316367 -0.926589 11.195800 0.965155 -0.223971 -0.135328 -0.806600 0.000000 0.000000 0.000000 1.000000
-0.170516 -0.922652 0.345886 -4.570000 -0.202457 -0.310732 -0.928686 11.195800 0.964332 -0.228382 -0.133812 -0.806600 0.000000 0.000000 0.000000 1.000000
-0.174864 -0.920772 0.348714 -4.570000 -0.203284 -0.312777 -0.927818 11.195800 0.963378 -0.233130 -0.132485 -0.806600 0.000000 0.000000 0.000000 1.000000
-0.176922 -0.919613 0.350729 -4.570000 -0.203836 -0.314389 -0.927152 11.195800 0.962886 -0.235524 -0.131828 -0.806600 0.000000 0.000000 0.000000 1.000000
-0.181703 -0.919261 0.349204 -4.570000 -0.203689 -0.312229 -0.927914 11.195800 0.962026 -0.239734 -0.130511 -0.806600 0.000000 0.000000 0.000000 1.000000
-0.185989 -0.919078 0.347424 -4.570000 -0.203453 -0.309906 -0.928744 11.195800 0.961257 -0.243421 -0.129350 -0.806600 0.000000 0.000000 0.000000 1.000000
-0.188189 -0.919252 0.345775 -4.570000 -0.203155 -0.308017 -0.929437 11.195800 0.960892 -0.245156 -0.128785 -0.806600 0.000000 0.000000 0.000000 1.000000
-0.190108 -0.919010 0.345369 -4.570000 -0.203142 -0.307350 -0.929661 11.195800 0.960517 -0.246895 -0.128260 -0.806600 0.000000 0.000000 0.000000 1.000000
-0.191352 -0.918880 0.345028 -4.570000 -0.203106 -0.306846 -0.929835 11.195800 0.960277 -0.248003 -0.127914 -0.806600 0.000000 0.000000 0.000000 1.000000
-0.192901 -0.919188 0.343340 -4.570000 -0.202764 -0.305018 -0.930511 11.195800 0.960040 -0.249113 -0.127540 -0.806600 0.000000 0.000000 0.000000 1.000000
-0.197571 -0.920418 0.337337 -4.570000 -0.201498 -0.298642 -0.932851 11.195800 0.959356 -0.252277 -0.126460 -0.806600 0.000000 0.000000 0.000000 1.000000
-0.202602 -0.920826 0.333214 -4.570000 -0.200676 -0.294009 -0.934499 11.195800 0.958479 -0.256199 -0.125221 -0.806600 0.000000 0.000000 0.000000 1.000000
-0.206428 -0.920084 0.332916 -4.570000 -0.200735 -0.293184 -0.934745 11.195800 0.957650 -0.259785 -0.124171 -0.806600 0.000000 0.000000 0.000000 1.000000
-0.212113 -0.919992 0.329578 -4.570000 -0.200098 -0.289220 -0.936116 11.195800 0.956540 -0.264510 -0.122742 -0.806600 0.000000 0.000000 0.000000 1.000000
-0.220813 -0.919118 0.326289 -4.570000 -0.199546 -0.284895 -0.937558 11.195800 0.954685 -0.272135 -0.120498 -0.806600 0.000000 0.000000 0.000000 1.000000
-0.227642 -0.917922 0.324958 -4.570000 -0.199413 -0.282700 -0.938251 11.195800 0.953107 -0.278386 -0.118691 -0.806600 0.000000 0.000000 0.000000 1.000000
-0.232286 -0.916783 0.324888 -4.570000 -0.199535 -0.282004 -0.938435 11.195800 0.951961 -0.282812 -0.117424 -0.806600 0.000000 0.000000 0.000000 1.000000
-0.231955 -0.914779 0.330720 -4.570000 -0.201044 -0.287567 -0.936422 11.195800 0.951724 -0.283697 -0.117208 -0.806600 0.000000 0.000000 0.000000 1.000000
-0.231845 -0.913483 0.334360 -4.570000 -0.201993 -0.291024 -0.935149 11.195800 0.951550 -0.284348 -0.117044 -0.806600 0.000000 0.000000 0.000000 1.000000
-0.240831 -0.911456 0.333539 -4.570000 -0.202090 -0.289030 -0.935746 11.195800 0.949294 -0.292762 -0.114589 -0.806600 0.000000 0.000000 0.000000 1.000000
-0.250276 -0.906359 0.340404 -4.570000 -0.204277 -0.294244 -0.933644 11.195800 0.946379 -0.303205 -0.111506 -0.806600 0.000000 0.000000 0.000000 1.000000
-0.251851 -0.901670 0.351514 -4.570000 -0.207377 -0.304503 -0.929663 11.195800 0.945286 -0.307033 -0.110296 -0.806600 0.000000 0.000000 0.000000 1.000000
-0.245308 -0.903553 0.351305 -4.570000 -0.207043 -0.305188 -0.929513 11.195800 0.947078 -0.300752 -0.112210 -0.806600 0.000000 0.000000 0.000000 1.000000
-0.231273 -0.907202 0.351423 -4.570000 -0.206461 -0.307223 -0.928971 11.195800 0.950730 -0.287401 -0.116250 -0.806600 0.000000 0.000000 0.000000 1.000000
-0.220533 -0.907502 0.357498 -4.570000 -0.207549 -0.314467 -0.926301 11.195800 0.953042 -0.278479 -0.119001 -0.806600 0.000000 0.000000 0.000000 1.000000
-0.216904 -0.906496 0.362239 -4.570000 -0.208592 -0.319464 -0.924355 11.195800 0.953647 -0.276056 -0.119795 -0.806600 0.000000 0.000000 0.000000 1.000000
-0.211453 -0.907915 0.361908 -4.570000 -0.208229 -0.319933 -0.924275 11.195800 0.954949 -0.270800 -0.121404 -0.806600 0.000000 0.000000 0.000000 1.000000
-0.200437 -0.912107 0.357613 -4.570000 -0.206592 -0.317462 -0.925493 11.195800 0.957677 -0.259383 -0.124803 -0.806600 0.000000 0.000000 0.000000 1.000000
-0.187110 -0.916348 0.353972 -4.570000 -0.205042 -0.315968 -0.926349 11.195800 0.960702 -0.245908 -0.128770 -0.806600 0.000000 0.000000 0.000000 1.000000</float_array>
        <technique_common>
          <accessor source="#mixamorig_RightShoulder-Matrix-animation-output-transform-array" count="36" stride="16">
            <param type="float4x4"/>
          </accessor>
        </technique_common>
      </source>
      <source id="mixamorig_RightShoulder-Interpolations">
        <Name_array id="mixamorig_RightShoulder-Interpolations-array" count="36">
 LINEAR LINEAR LINEAR LINEAR LINEAR LINEAR LINEAR LINEAR LINEAR LINEAR LINEAR
LINEAR LINEAR LINEAR LINEAR LINEAR LINEAR LINEAR LINEAR LINEAR LINEAR LINEAR LINEAR
LINEAR LINEAR LINEAR LINEAR LINEAR LINEAR LINEAR LINEAR LINEAR LINEAR LINEAR LINEAR
LINEAR</Name_array>
        <technique_common>
          <accessor source="#mixamorig_RightShoulder-Interpolations-array" count="36">
            <param type="name"/>
          </accessor>
        </technique_common>
      </source>
      <sampler id="mixamorig_RightShoulder-Matrix-animation-transform">
        <input semantic="INPUT" source="#mixamorig_RightShoulder-Matrix-animation-input"/>
        <input semantic="OUTPUT" source="#mixamorig_RightShoulder-Matrix-animation-output-transform"/>
        <input semantic="INTERPOLATION" source="#mixamorig_RightShoulder-Interpolations"/>
      </sampler>
      <channel source="#mixamorig_RightShoulder-Matrix-animation-transform" target="mixamorig_RightShoulder/matrix"/>
    </animation>
    <animation id="mixamorig_RightArm-anim" name="mixamorig_RightArm">
      <source id="mixamorig_RightArm-Matrix-animation-input">
        <float_array id="mixamorig_RightArm-Matrix-animation-input-array" count="36">

0.000000 0.033333 0.066667 0.100000 0.133333 0.166667 0.200000 0.233333 0.266667 0.300000 0.333333 0.366667 0.400000 0.433333 0.466667 0.500000
0.533333 0.566667 0.600000 0.633333 0.666667 0.700000 0.733333 0.766667 0.800000 0.833333 0.866667 0.900000 0.933333 0.966667 1.000000 1.033333
1.066667 1.100000 1.133333 1.166667</float_array>
        <technique_common>
          <accessor source="#mixamorig_RightArm-Matrix-animation-input-array" count="36">
            <param name="TIME" type="float"/>
          </accessor>
        </technique_common>
      </source>
      <source id="mixamorig_RightArm-Matrix-animation-output-transform">
        <float_array id="mixamorig_RightArm-Matrix-animation-output-transform-array" count="576">

0.938921 0.199229 -0.280596 0.000000 -0.343325 0.486490 -0.803402 10.838200 -0.023554 0.850667 0.525176 0.000000 0.000000 0.000000 0.000000 1.000000
0.915356 0.254462 -0.312046 0.000000 -0.399852 0.483331 -0.778787 10.838200 -0.047350 0.837639 0.544167 0.000000 0.000000 0.000000 0.000000 1.000000
0.889699 0.305759 -0.339038 -0.000000 -0.451682 0.481370 -0.751177 10.838200 -0.066476 0.821459 0.566380 0.000000 0.000000 0.000000 0.000000 1.000000
0.866206 0.351569 -0.355086 0.000000 -0.492626 0.481791 -0.724705 10.838200 -0.083707 0.802669 0.590522 0.000000 0.000000 0.000000 0.000000 1.000000
0.846237 0.392550 -0.360259 0.000000 -0.523099 0.483634 -0.701759 10.838200 -0.101242 0.782306 0.614611 0.000000 0.000000 0.000000 0.000000 1.000000
0.832993 0.423333 -0.356246 0.000000 -0.540706 0.486351 -0.686367 10.838200 -0.117301 0.764364 0.634026 0.000000 0.000000 0.000000 0.000000 1.000000
0.823745 0.446315 -0.349637 -0.000000 -0.551843 0.489717 -0.675016 10.838200 -0.130047 0.748986 0.649698 0.000000 0.000000 0.000000 0.000000 1.000000
0.819585 0.456321 -0.346484 -0.000000 -0.556225 0.488607 -0.672218 10.838200 -0.137453 0.743663 0.654272 0.000000 0.000000 0.000000 0.000000 1.000000
0.824347 0.447621 -0.346538 0.000000 -0.549901 0.487867 -0.677934 10.838200 -0.134393 0.749414 0.648318 0.000000 0.000000 0.000000 0.000000 1.000000
0.836663 0.422360 -0.348721 0.000000 -0.534994 0.493750 -0.685560 10.838200 -0.117372 0.760147 0.639062 0.000000 0.000000 0.000000 0.000000 1.000000
0.853892 0.390321 -0.344265 0.000000 -0.510084 0.496272 -0.702516 10.838200 -0.103358 0.775476 0.622859 0.000000 0.000000 0.000000 0.000000 1.000000
0.873626 0.356217 -0.331492 0.000000 -0.476967 0.492021 -0.728298 10.838200 -0.096331 0.794371 0.599746 0.000000 0.000000 0.000000 0.000000 1.000000
0.892417 0.319697 -0.318412 -0.000000 -0.443202 0.488697 -0.751496 10.838200 -0.084644 0.811769 0.577812 -0.000000 0.000000 0.000000 0.000000 1.000000
0.908946 0.281368 -0.307652 0.000000 -0.411629 0.488515 -0.769360 10.838200 -0.066180 0.825945 0.559853 0.000000 0.000000 0.000000 0.000000 1.000000
0.924450 0.235460 -0.299918 -0.000000 -0.379466 0.491002 -0.784170 10.838200 -0.037380 0.838734 0.543256 0.000000 0.000000 0.000000 0.000000 1.000000
0.938825 0.181058 -0.292961 0.000000 -0.344395 0.493092 -0.798907 10.838200 -0.000192 0.850928 0.525283 0.000000 0.000000 0.000000 0.000000 1.000000
0.950695 0.124875 -0.283877 -0.000000 -0.307823 0.491353 -0.814749 10.838200 0.037742 0.861962 0.505566 0.000000 0.000000 0.000000 0.000000 1.000000
0.959702 0.066824 -0.272957 -0.000000 -0.270077 0.487712 -0.830178 10.838200 0.077649 0.870443 0.486106 0.000000 0.000000 0.000000 0.000000 1.000000
0.965193 0.012901 -0.261220 0.000000 -0.234398 0.485724 -0.842098 10.838200 0.116017 0.874017 0.471842 0.000000 0.000000 0.000000 0.000000 1.000000
0.967757 -0.032470 -0.249783 0.000000 -0.203218 0.485258 -0.850427 10.838200 0.148822 0.873768 0.463014 -0.000000 0.000000 0.000000 0.000000 1.000000
0.968643 -0.073834 -0.237232 0.000000 -0.173123 0.484293 -0.857606 10.838200 0.178210 0.871785 0.456325 0.000000 0.000000 0.000000 0.000000 1.000000
0.969037 -0.107215 -0.222425 0.000000 -0.144169 0.485637 -0.862190 10.838200 0.200458 0.867561 0.455143 0.000000 0.000000 0.000000 0.000000 1.000000
0.971106 -0.130399 -0.199871 0.000000 -0.112589 0.488117 -0.865485 10.838200 0.210419 0.862982 0.459333 0.000000 0.000000 0.000000 0.000000 1.000000
0.974218 -0.145011 -0.172833 0.000000 -0.080508 0.492186 -0.866759 10.838200 0.210756 0.858327 0.467821 0.000000 0.000000 0.000000 0.000000 1.000000
0.977011 -0.149846 -0.151644 0.000000 -0.057567 0.499456 -0.864424 10.838200 0.205270 0.853282 0.479348 0.000000 0.000000 0.000000 0.000000 1.000000
0.978347 -0.154405 -0.137826 -0.000000 -0.041277 0.506980 -0.860969 10.838200 0.202813 0.848016 0.489629 0.000000 0.000000 0.000000 0.000000 1.000000
0.976985 -0.169331 -0.129719 -0.000000 -0.024746 0.514053 -0.857402 10.838200 0.211867 0.840879 0.498032 0.000000 0.000000 0.000000 0.000000 1.000000
0.974211 -0.189178 -0.122983 0.000000 -0.006501 0.521281 -0.853361 10.838200 0.225545 0.832153 0.506607 -0.000000 0.000000 0.000000 0.000000 1.000000
0.975651 -0.183314 -0.120420 -0.000000 -0.006066 0.526279 -0.850290 10.838200 0.219245 0.830317 0.512352 0.000000 0.000000 0.000000 0.000000 1.000000
0.981995 -0.146376 -0.119412 0.000000 -0.025358 0.524261 -0.851180 10.838200 0.187195 0.838883 0.511110 0.000000 0.000000 0.000000 0.000000 1.000000
0.987174 -0.096887 -0.126889 0.000000 -0.058691 0.518901 -0.852817 10.838200 0.148469 0.849326 0.506559 0.000000 0.000000 0.000000 0.000000 1.000000
0.989058 -0.033803 -0.143603 -0.000000 -0.106069 0.513608 -0.851444 10.838200 0.102536 0.857359 0.504403 0.000000 0.000000 0.000000 0.000000 1.000000
0.985385 0.034081 -0.166897 0.000000 -0.161058 0.505449 -0.847692 10.838200 0.055468 0.862183 0.503551 0.000000 0.000000 0.000000 0.000000 1.000000
0.975986 0.093431 -0.196777 0.000000 -0.217019 0.495028 -0.841338 10.838200 0.018803 0.863839 0.503417 0.000000 0.000000 0.000000 0.000000 1.000000
0.960100 0.147970 -0.237302 0.000000 -0.279575 0.487415 -0.827203 10.838200 -0.006737 0.860541 0.509336 -0.000000 0.000000 0.000000 0.000000 1.000000
0.938921 0.199229 -0.280596 0.000000 -0.343325 0.486490 -0.803402 10.838200 -0.023553 0.850667 0.525176 0.000000 0.000000 0.000000 0.000000 1.000000</float_array>
        <technique_common>
          <accessor source="#mixamorig_RightArm-Matrix-animation-output-transform-array" count="36" stride="16">
            <param type="float4x4"/>
          </accessor>
        </technique_common>
      </source>
      <source id="mixamorig_RightArm-Interpolations">
        <Name_array id="mixamorig_RightArm-Interpolations-array" count="36">
 LINEAR LINEAR LINEAR LINEAR LINEAR LINEAR LINEAR LINEAR LINEAR LINEAR LINEAR
LINEAR LINEAR LINEAR LINEAR LINEAR LINEAR LINEAR LINEAR LINEAR LINEAR LINEAR LINEAR
LINEAR LINEAR LINEAR LINEAR LINEAR LINEAR LINEAR LINEAR LINEAR LINEAR LINEAR LINEAR
LINEAR</Name_array>
        <technique_common>
          <accessor source="#mixamorig_RightArm-Interpolations-array" count="36">
            <param type="name"/>
          </accessor>
        </technique_common>
      </source>
      <sampler id="mixamorig_RightArm-Matrix-animation-transform">
        <input semantic="INPUT" source="#mixamorig_RightArm-Matrix-animation-input"/>
        <input semantic="OUTPUT" source="#mixamorig_RightArm-Matrix-animation-output-transform"/>
        <input semantic="INTERPOLATION" source="#mixamorig_RightArm-Interpolations"/>
      </sampler>
      <channel source="#mixamorig_RightArm-Matrix-animation-transform" target="mixamorig_RightArm/matrix"/>
    </animation>
    <animation id="mixamorig_RightForeArm-anim" name="mixamorig_RightForeArm">
      <source id="mixamorig_RightForeArm-Matrix-animation-input">
        <float_array id="mixamorig_RightForeArm-Matrix-animation-input-array" count="36">

0.000000 0.033333 0.066667 0.100000 0.133333 0.166667 0.200000 0.233333 0.266667 0.300000 0.333333 0.366667 0.400000 0.433333 0.466667 0.500000
0.533333 0.566667 0.600000 0.633333 0.666667 0.700000 0.733333 0.766667 0.800000 0.833333 0.866667 0.900000 0.933333 0.966667 1.000000 1.033333
1.066667 1.100000 1.133333 1.166667</float_array>
        <technique_common>
          <accessor source="#mixamorig_RightForeArm-Matrix-animation-input-array" count="36">
            <param name="TIME" type="float"/>
          </accessor>
        </technique_common>
      </source>
      <source id="mixamorig_RightForeArm-Matrix-animation-output-transform">
        <float_array id="mixamorig_RightForeArm-Matrix-animation-output-transform-array" count="576">

0.963818 0.266560 -0.000000 0.000000 -0.266560 0.963818 0.000000 27.841499 0.000000 -0.000000 1.000000 0.000000 0.000000 0.000000 0.000000 1.000000
0.946570 0.322498 0.000000 0.000000 -0.322498 0.946570 0.000000 27.841499 0.000000 -0.000000 1.000000 0.000000 0.000000 0.000000 0.000000 1.000000
0.925940 0.377671 -0.000000 0.000000 -0.377671 0.925940 -0.000000 27.841499 -0.000000 0.000000 1.000000 -0.000000 0.000000 0.000000 0.000000 1.000000
0.904782 0.425875 -0.000000 0.000000 -0.425875 0.904782 -0.000000 27.841499 0.000000 0.000000 1.000000 0.000000 0.000000 0.000000 0.000000 1.000000
0.888350 0.459167 -0.000000 -0.000000 -0.459167 0.888350 0.000000 27.841499 0.000000 -0.000000 1.000000 0.000000 0.000000 0.000000 0.000000 1.000000
0.879386 0.476110 0.000000 0.000000 -0.476110 0.879386 -0.000000 27.841499 -0.000000 0.000000 1.000000 0.000000 0.000000 0.000000 0.000000 1.000000
0.880816 0.473459 0.000000 -0.000000 -0.473459 0.880816 0.000000 27.841499 0.000000 -0.000000 1.000000 -0.000000 0.000000 0.000000 0.000000 1.000000
0.890584 0.454818 -0.000000 0.000000 -0.454818 0.890584 0.000000 27.841499 0.000000 -0.000000 1.000000 0.000000 0.000000 0.000000 0.000000 1.000000
0.902149 0.431424 -0.000000 0.000000 -0.431424 0.902149 -0.000000 27.841499 0.000000 0.000000 1.000000 0.000000 0.000000 0.000000 0.000000 1.000000
0.915449 0.402435 0.000000 0.000000 -0.402435 0.915449 -0.000000 27.841499 -0.000000 -0.000000 1.000000 0.000000 0.000000 0.000000 0.000000 1.000000
0.932343 0.361575 -0.000000 -0.000000 -0.361575 0.932343 0.000000 27.841499 0.000000 -0.000000 1.000000 0.000000 0.000000 0.000000 0.000000 1.000000
0.948353 0.317217 -0.000000 0.000000 -0.317217 0.948353 -0.000000 27.841499 0.000000 0.000000 1.000000 0.000000 0.000000 0.000000 0.000000 1.000000
0.961451 0.274977 0.000000 0.000000 -0.274977 0.961451 -0.000000 27.841499 -0.000000 0.000000 1.000000 0.000000 0.000000 0.000000 0.000000 1.000000
0.971726 0.236112 -0.000000 -0.000000 -0.236112 0.971726 -0.000000 27.841499 0.000000 0.000000 1.000000 0.000000 0.000000 0.000000 0.000000 1.000000
0.978027 0.208477 -0.000000 0.000000 -0.208477 0.978027 -0.000000 27.841499 -0.000000 0.000000 1.000000 0.000000 0.000000 0.000000 0.000000 1.000000
0.981130 0.193350 -0.000000 -0.000000 -0.193350 0.981130 -0.000000 27.841499 0.000000 0.000000 1.000000 -0.000000 0.000000 0.000000 0.000000 1.000000
0.982937 0.183944 0.000000 0.000000 -0.183944 0.982937 0.000000 27.841499 -0.000000 -0.000000 1.000000 0.000000 0.000000 0.000000 0.000000 1.000000
0.983395 0.181478 -0.000000 0.000000 -0.181478 0.983395 0.000000 27.841499 0.000000 -0.000000 1.000000 0.000000 0.000000 0.000000 0.000000 1.000000
0.983434 0.181264 0.000000 -0.000000 -0.181264 0.983434 -0.000000 27.841499 -0.000000 -0.000000 1.000000 -0.000000 0.000000 0.000000 0.000000 1.000000
0.984102 0.177606 -0.000000 0.000000 -0.177606 0.984102 0.000000 27.841499 0.000000 -0.000000 1.000000 -0.000000 0.000000 0.000000 0.000000 1.000000
0.984939 0.172901 0.000000 0.000000 -0.172901 0.984939 -0.000000 27.841499 -0.000000 0.000000 1.000000 0.000000 0.000000 0.000000 0.000000 1.000000
0.986102 0.166140 0.000000 0.000000 -0.166140 0.986102 -0.000000 27.841499 -0.000000 -0.000000 1.000000 -0.000000 0.000000 0.000000 0.000000 1.000000
0.988140 0.153556 0.000000 0.000000 -0.153556 0.988140 0.000000 27.841499 -0.000000 -0.000000 1.000000 0.000000 0.000000 0.000000 0.000000 1.000000
0.990314 0.138847 0.000000 0.000000 -0.138847 0.990314 0.000000 27.841499 -0.000000 -0.000000 1.000000 0.000000 0.000000 0.000000 0.000000 1.000000
0.991929 0.126798 -0.000000 0.000000 -0.126798 0.991929 -0.000000 27.841499 0.000000 0.000000 1.000000 -0.000000 0.000000 0.000000 0.000000 1.000000
0.992532 0.121984 0.000000 0.000000 -0.121984 0.992532 0.000000 27.841499 -0.000000 -0.000000 1.000000 0.000000 0.000000 0.000000 0.000000 1.000000
0.991860 0.127336 0.000000 0.000000 -0.127336 0.991860 0.000000 27.841499 -0.000000 -0.000000 1.000000 -0.000000 0.000000 0.000000 0.000000 1.000000
0.990714 0.135961 0.000000 0.000000 -0.135961 0.990714 -0.000000 27.841499 -0.000000 0.000000 1.000000 0.000000 0.000000 0.000000 0.000000 1.000000
0.990302 0.138928 -0.000000 0.000000 -0.138928 0.990302 -0.000000 27.841499 0.000000 0.000000 1.000000 0.000000 0.000000 0.000000 0.000000 1.000000
0.990832 0.135096 0.000000 0.000000 -0.135096 0.990832 -0.000000 27.841499 -0.000000 0.000000 1.000000 -0.000000 0.000000 0.000000 0.000000 1.000000
0.990858 0.134909 0.000000 -0.000000 -0.134909 0.990858 -0.000000 27.841499 -0.000000 0.000000 1.000000 -0.000000 0.000000 0.000000 0.000000 1.000000
0.990133 0.140132 0.000000 0.000000 -0.140132 0.990133 0.000000 27.841499 -0.000000 -0.000000 1.000000 -0.000000 0.000000 0.000000 0.000000 1.000000
0.988485 0.151320 0.000000 0.000000 -0.151320 0.988485 -0.000000 27.841499 -0.000000 0.000000 1.000000 0.000000 0.000000 0.000000 0.000000 1.000000
0.984333 0.176322 0.000000 0.000000 -0.176322 0.984333 -0.000000 27.841499 -0.000000 0.000000 1.000000 0.000000 0.000000 0.000000 0.000000 1.000000
0.976330 0.216284 0.000000 -0.000000 -0.216284 0.976330 -0.000000 27.841499 -0.000000 0.000000 1.000000 -0.000000 0.000000 0.000000 0.000000 1.000000
0.963818 0.266560 -0.000000 0.000000 -0.266560 0.963818 0.000000 27.841499 0.000000 -0.000000 1.000000 0.000000 0.000000 0.000000 0.000000 1.000000</float_array>
        <technique_common>
          <accessor source="#mixamorig_RightForeArm-Matrix-animation-output-transform-array" count="36" stride="16">
            <param type="float4x4"/>
          </accessor>
        </technique_common>
      </source>
      <source id="mixamorig_RightForeArm-Interpolations">
        <Name_array id="mixamorig_RightForeArm-Interpolations-array" count="36">
 LINEAR LINEAR LINEAR LINEAR LINEAR LINEAR LINEAR LINEAR LINEAR LINEAR LINEAR
LINEAR LINEAR LINEAR LINEAR LINEAR LINEAR LINEAR LINEAR LINEAR LINEAR LINEAR LINEAR
LINEAR LINEAR LINEAR LINEAR LINEAR LINEAR LINEAR LINEAR LINEAR LINEAR LINEAR LINEAR
LINEAR</Name_array>
        <technique_common>
          <accessor source="#mixamorig_RightForeArm-Interpolations-array" count="36">
            <param type="name"/>
          </accessor>
        </technique_common>
      </source>
      <sampler id="mixamorig_RightForeArm-Matrix-animation-transform">
        <input semantic="INPUT" source="#mixamorig_RightForeArm-Matrix-animation-input"/>
        <input semantic="OUTPUT" source="#mixamorig_RightForeArm-Matrix-animation-output-transform"/>
        <input semantic="INTERPOLATION" source="#mixamorig_RightForeArm-Interpolations"/>
      </sampler>
      <channel source="#mixamorig_RightForeArm-Matrix-animation-transform" target="mixamorig_RightForeArm/matrix"/>
    </animation>
    <animation id="mixamorig_RightHand-anim" name="mixamorig_RightHand">
      <source id="mixamorig_RightHand-Matrix-animation-input">
        <float_array id="mixamorig_RightHand-Matrix-animation-input-array" count="36">

0.000000 0.033333 0.066667 0.100000 0.133333 0.166667 0.200000 0.233333 0.266667 0.300000 0.333333 0.366667 0.400000 0.433333 0.466667 0.500000
0.533333 0.566667 0.600000 0.633333 0.666667 0.700000 0.733333 0.766667 0.800000 0.833333 0.866667 0.900000 0.933333 0.966667 1.000000 1.033333
1.066667 1.100000 1.133333 1.166667</float_array>
        <technique_common>
          <accessor source="#mixamorig_RightHand-Matrix-animation-input-array" count="36">
            <param name="TIME" type="float"/>
          </accessor>
        </technique_common>
      </source>
      <source id="mixamorig_RightHand-Matrix-animation-output-transform">
        <float_array id="mixamorig_RightHand-Matrix-animation-output-transform-array" count="576">

0.995357 0.095396 0.012779 0.000000 -0.096060 0.992908 0.070041 28.328800 -0.006007 -0.070944 0.997462 -0.000000 0.000000 0.000000 0.000000 1.000000
0.989788 0.130174 0.058093 0.000000 -0.133788 0.988981 0.063386 28.328800 -0.049201 -0.070511 0.996297 0.000000 0.000000 0.000000 0.000000 1.000000
0.983467 0.162901 0.079095 0.000000 -0.168349 0.983386 0.067898 28.328800 -0.066720 -0.080091 0.994552 -0.000000 0.000000 0.000000 0.000000 1.000000
0.978999 0.185268 0.085069 0.000000 -0.191853 0.978391 0.077101 28.328800 -0.068946 -0.091802 0.993388 -0.000000 0.000000 0.000000 0.000000 1.000000
0.975216 0.201392 0.091626 0.000000 -0.209061 0.974323 0.083594 28.328800 -0.072438 -0.100678 0.992279 0.000000 0.000000 0.000000 0.000000 1.000000
0.971763 0.212883 0.101774 0.000000 -0.221636 0.971492 0.084148 28.328800 -0.080959 -0.104329 0.991242 0.000000 0.000000 0.000000 0.000000 1.000000
0.971169 0.215755 0.101396 0.000000 -0.224321 0.971032 0.082327 28.328800 -0.080696 -0.102699 0.991434 -0.000000 0.000000 0.000000 0.000000 1.000000
0.973170 0.213485 0.085820 0.000000 -0.220365 0.972069 0.080756 28.328800 -0.066183 -0.097501 0.993032 0.000000 0.000000 0.000000 0.000000 1.000000
0.975938 0.209829 0.059305 0.000000 -0.213825 0.974230 0.071800 28.328800 -0.042711 -0.082753 0.995654 0.000000 0.000000 0.000000 0.000000 1.000000
0.977763 0.206941 0.033969 0.000000 -0.208744 0.975938 0.063012 28.328800 -0.020112 -0.068702 0.997434 0.000000 0.000000 0.000000 0.000000 1.000000
0.979081 0.203138 0.011684 0.000000 -0.203467 0.976993 0.063924 28.328800 0.001571 -0.064964 0.997886 -0.000000 0.000000 0.000000 0.000000 1.000000
0.982646 0.185490 -0.000943 0.000000 -0.185072 0.980747 0.062319 28.328800 0.012485 -0.061063 0.998056 0.000000 0.000000 0.000000 0.000000 1.000000
0.987832 0.154855 -0.014447 0.000000 -0.153979 0.986844 0.049292 28.328800 0.021890 -0.046467 0.998680 0.000000 0.000000 0.000000 0.000000 1.000000
0.991588 0.123861 -0.037564 -0.000000 -0.122842 0.992022 0.028335 28.328800 0.040774 -0.023482 0.998892 0.000000 0.000000 0.000000 0.000000 1.000000
0.992885 0.096839 -0.069296 0.000000 -0.096566 0.995300 0.007293 28.328800 0.069677 -0.000549 0.997569 0.000000 0.000000 0.000000 0.000000 1.000000
0.991882 0.073972 -0.103435 0.000000 -0.075166 0.997141 -0.007694 28.328800 0.102571 0.015406 0.994606 0.000000 0.000000 0.000000 0.000000 1.000000
0.989978 0.057385 -0.129040 -0.000000 -0.060713 0.997913 -0.022004 28.328800 0.127508 0.029618 0.991395 0.000000 0.000000 0.000000 0.000000 1.000000
0.988955 0.047193 -0.140500 0.000000 -0.052640 0.997989 -0.035307 28.328800 0.138551 0.042313 0.989451 0.000000 0.000000 0.000000 0.000000 1.000000
0.988403 0.039050 -0.146744 0.000000 -0.046446 0.997800 -0.047315 28.328800 0.144573 0.053582 0.988042 0.000000 0.000000 0.000000 0.000000 1.000000
0.987114 0.031239 -0.156940 0.000000 -0.041016 0.997388 -0.059455 28.328800 0.154673 0.065126 0.985817 -0.000000 0.000000 0.000000 0.000000 1.000000
0.983516 0.020988 -0.179598 0.000000 -0.034132 0.996934 -0.070412 28.328800 0.177569 0.075381 0.981217 0.000000 0.000000 0.000000 0.000000 1.000000
0.975949 -0.002638 -0.217983 0.000000 -0.015729 0.996469 -0.082481 28.328800 0.217431 0.083926 0.972461 0.000000 0.000000 0.000000 0.000000 1.000000
0.964199 -0.034055 -0.262982 0.000000 0.010934 0.995982 -0.088889 28.328800 0.264953 0.082831 0.960697 0.000000 0.000000 0.000000 0.000000 1.000000
0.952168 -0.057110 -0.300190 0.000000 0.033210 0.995901 -0.084128 28.328800 0.303764 0.070135 0.950162 0.000000 0.000000 0.000000 0.000000 1.000000
0.941364 -0.074119 -0.329150 0.000000 0.052468 0.995863 -0.074194 28.328800 0.333287 0.052574 0.941358 0.000000 0.000000 0.000000 0.000000 1.000000
0.930526 -0.081208 -0.357108 0.000000 0.062464 0.996010 -0.063734 28.328800 0.360859 0.036999 0.931886 0.000000 0.000000 0.000000 0.000000 1.000000
0.926671 -0.066214 -0.369995 0.000000 0.049594 0.997294 -0.054266 28.328800 0.372587 0.031937 0.927448 0.000000 0.000000 0.000000 0.000000 1.000000
0.936619 -0.038641 -0.348213 0.000000 0.023357 0.998575 -0.047985 28.328800 0.349571 0.036811 0.936187 0.000000 0.000000 0.000000 0.000000 1.000000
0.950022 -0.007805 -0.312086 -0.000000 -0.001512 0.999561 -0.029601 28.328800 0.312180 0.028593 0.949592 0.000000 0.000000 0.000000 0.000000 1.000000
0.958987 0.021412 -0.282640 0.000000 -0.025681 0.999605 -0.011408 28.328800 0.282285 0.018199 0.959158 0.000000 0.000000 0.000000 0.000000 1.000000
0.968703 0.042997 -0.244470 0.000000 -0.041781 0.999075 0.010162 28.328800 0.244681 0.000370 0.969604 0.000000 0.000000 0.000000 0.000000 1.000000
0.980721 0.057815 -0.186663 0.000000 -0.050030 0.997681 0.046155 28.328800 0.188898 -0.035926 0.981339 0.000000 0.000000 0.000000 0.000000 1.000000
0.988649 0.071458 -0.132162 0.000000 -0.062136 0.995367 0.073369 28.328800 0.136792 -0.064324 0.988509 0.000000 0.000000 0.000000 0.000000 1.000000
0.993848 0.077049 -0.079562 0.000000 -0.071365 0.994850 0.071980 28.328800 0.084698 -0.065859 0.994228 0.000000 0.000000 0.000000 0.000000 1.000000
0.996197 0.083520 -0.024832 -0.000000 -0.081668 0.994333 0.068058 28.328800 0.030375 -0.065772 0.997372 -0.000000 0.000000 0.000000 0.000000 1.000000
0.995357 0.095396 0.012779 0.000000 -0.096060 0.992908 0.070041 28.328800 -0.006007 -0.070944 0.997462 -0.000000 0.000000 0.000000 0.000000 1.000000</float_array>
        <technique_common>
          <accessor source="#mixamorig_RightHand-Matrix-animation-output-transform-array" count="36" stride="16">
            <param type="float4x4"/>
          </accessor>
        </technique_common>
      </source>
      <source id="mixamorig_RightHand-Interpolations">
        <Name_array id="mixamorig_RightHand-Interpolations-array" count="36">
 LINEAR LINEAR LINEAR LINEAR LINEAR LINEAR LINEAR LINEAR LINEAR LINEAR LINEAR
LINEAR LINEAR LINEAR LINEAR LINEAR LINEAR LINEAR LINEAR LINEAR LINEAR LINEAR LINEAR
LINEAR LINEAR LINEAR LINEAR LINEAR LINEAR LINEAR LINEAR LINEAR LINEAR LINEAR LINEAR
LINEAR</Name_array>
        <technique_common>
          <accessor source="#mixamorig_RightHand-Interpolations-array" count="36">
            <param type="name"/>
          </accessor>
        </technique_common>
      </source>
      <sampler id="mixamorig_RightHand-Matrix-animation-transform">
        <input semantic="INPUT" source="#mixamorig_RightHand-Matrix-animation-input"/>
        <input semantic="OUTPUT" source="#mixamorig_RightHand-Matrix-animation-output-transform"/>
        <input semantic="INTERPOLATION" source="#mixamorig_RightHand-Interpolations"/>
      </sampler>
      <channel source="#mixamorig_RightHand-Matrix-animation-transform" target="mixamorig_RightHand/matrix"/>
    </animation>
    <animation id="mixamorig_RightHandThumb1-anim" name="mixamorig_RightHandThumb1">
      <source id="mixamorig_RightHandThumb1-Matrix-animation-input">
        <float_array id="mixamorig_RightHandThumb1-Matrix-animation-input-array" count="36">

0.000000 0.033333 0.066667 0.100000 0.133333 0.166667 0.200000 0.233333 0.266667 0.300000 0.333333 0.366667 0.400000 0.433333 0.466667 0.500000
0.533333 0.566667 0.600000 0.633333 0.666667 0.700000 0.733333 0.766667 0.800000 0.833333 0.866667 0.900000 0.933333 0.966667 1.000000 1.033333
1.066667 1.100000 1.133333 1.166667</float_array>
        <technique_common>
          <accessor source="#mixamorig_RightHandThumb1-Matrix-animation-input-array" count="36">
            <param name="TIME" type="float"/>
          </accessor>
        </technique_common>
      </source>
      <source id="mixamorig_RightHandThumb1-Matrix-animation-output-transform">
        <float_array id="mixamorig_RightHandThumb1-Matrix-animation-output-transform-array" count="576">

0.820682 0.559676 0.115077 2.681900 -0.489833 0.792826 -0.362615 2.464800 -0.294183 0.241223 0.924807 1.574000 0.000000 0.000000 0.000000 1.000000
0.820682 0.559676 0.115078 2.681900 -0.489833 0.792826 -0.362615 2.464800 -0.294184 0.241223 0.924807 1.574000 0.000000 0.000000 0.000000 1.000000
0.820682 0.559676 0.115078 2.681900 -0.489833 0.792826 -0.362615 2.464800 -0.294184 0.241223 0.924807 1.574000 0.000000 0.000000 0.000000 1.000000
0.820682 0.559676 0.115078 2.681900 -0.489833 0.792826 -0.362615 2.464800 -0.294184 0.241223 0.924807 1.574000 0.000000 0.000000 0.000000 1.000000
0.820682 0.559676 0.115078 2.681900 -0.489833 0.792826 -0.362615 2.464800 -0.294184 0.241223 0.924807 1.574000 0.000000 0.000000 0.000000 1.000000
0.820682 0.559677 0.115078 2.681900 -0.489833 0.792826 -0.362616 2.464800 -0.294184 0.241223 0.924807 1.574000 0.000000 0.000000 0.000000 1.000000
0.820682 0.559676 0.115078 2.681900 -0.489833 0.792826 -0.362616 2.464800 -0.294184 0.241223 0.924807 1.574000 0.000000 0.000000 0.000000 1.000000
0.820682 0.559676 0.115077 2.681900 -0.489833 0.792826 -0.362615 2.464800 -0.294184 0.241223 0.924807 1.574000 0.000000 0.000000 0.000000 1.000000
0.820682 0.559677 0.115078 2.681900 -0.489833 0.792826 -0.362615 2.464800 -0.294184 0.241223 0.924807 1.574000 0.000000 0.000000 0.000000 1.000000
0.820682 0.559676 0.115078 2.681900 -0.489833 0.792827 -0.362615 2.464800 -0.294184 0.241223 0.924807 1.574000 0.000000 0.000000 0.000000 1.000000
0.820682 0.559676 0.115078 2.681900 -0.489833 0.792827 -0.362615 2.464800 -0.294184 0.241223 0.924807 1.574000 0.000000 0.000000 0.000000 1.000000
0.820682 0.559676 0.115078 2.681900 -0.489833 0.792826 -0.362615 2.464800 -0.294184 0.241223 0.924807 1.574000 0.000000 0.000000 0.000000 1.000000
0.820682 0.559676 0.115078 2.681900 -0.489833 0.792826 -0.362615 2.464800 -0.294184 0.241223 0.924807 1.574000 0.000000 0.000000 0.000000 1.000000
0.820682 0.559676 0.115077 2.681900 -0.489833 0.792826 -0.362615 2.464800 -0.294184 0.241223 0.924807 1.574000 0.000000 0.000000 0.000000 1.000000
0.820682 0.559676 0.115078 2.681900 -0.489833 0.792826 -0.362616 2.464800 -0.294184 0.241224 0.924806 1.574000 0.000000 0.000000 0.000000 1.000000
0.820682 0.559676 0.115078 2.681900 -0.489833 0.792826 -0.362615 2.464800 -0.294184 0.241223 0.924807 1.574000 0.000000 0.000000 0.000000 1.000000
0.820682 0.559676 0.115078 2.681900 -0.489833 0.792826 -0.362615 2.464800 -0.294184 0.241223 0.924807 1.574000 0.000000 0.000000 0.000000 1.000000
0.820682 0.559676 0.115077 2.681900 -0.489833 0.792826 -0.362615 2.464800 -0.294184 0.241223 0.924807 1.574000 0.000000 0.000000 0.000000 1.000000
0.820682 0.559676 0.115078 2.681900 -0.489833 0.792826 -0.362616 2.464800 -0.294184 0.241223 0.924807 1.574000 0.000000 0.000000 0.000000 1.000000
0.820682 0.559677 0.115078 2.681900 -0.489833 0.792826 -0.362615 2.464800 -0.294184 0.241223 0.924807 1.574000 0.000000 0.000000 0.000000 1.000000
0.820682 0.559677 0.115078 2.681900 -0.489833 0.792826 -0.362616 2.464800 -0.294184 0.241223 0.924806 1.574000 0.000000 0.000000 0.000000 1.000000
0.820682 0.559676 0.115078 2.681900 -0.489833 0.792826 -0.362615 2.464800 -0.294184 0.241223 0.924807 1.574000 0.000000 0.000000 0.000000 1.000000
0.820682 0.559677 0.115078 2.681900 -0.489833 0.792826 -0.362615 2.464800 -0.294184 0.241223 0.924807 1.574000 0.000000 0.000000 0.000000 1.000000
0.820682 0.559676 0.115078 2.681900 -0.489833 0.792826 -0.362615 2.464800 -0.294184 0.241223 0.924807 1.574000 0.000000 0.000000 0.000000 1.000000
0.820682 0.559677 0.115078 2.681900 -0.489833 0.792826 -0.362616 2.464800 -0.294184 0.241223 0.924807 1.574000 0.000000 0.000000 0.000000 1.000000
0.820682 0.559676 0.115078 2.681900 -0.489833 0.792826 -0.362615 2.464800 -0.294184 0.241223 0.924807 1.574000 0.000000 0.000000 0.000000 1.000000
0.820682 0.559676 0.115078 2.681900 -0.489833 0.792826 -0.362616 2.464800 -0.294184 0.241223 0.924806 1.574000 0.000000 0.000000 0.000000 1.000000
0.820682 0.559676 0.115078 2.681900 -0.489833 0.792826 -0.362615 2.464800 -0.294184 0.241223 0.924807 1.574000 0.000000 0.000000 0.000000 1.000000
0.820682 0.559676 0.115077 2.681900 -0.489833 0.792826 -0.362615 2.464800 -0.294184 0.241223 0.924807 1.574000 0.000000 0.000000 0.000000 1.000000
0.820682 0.559676 0.115078 2.681900 -0.489833 0.792826 -0.362615 2.464800 -0.294184 0.241223 0.924807 1.574000 0.000000 0.000000 0.000000 1.000000
0.820682 0.559676 0.115078 2.681900 -0.489833 0.792826 -0.362615 2.464800 -0.294184 0.241223 0.924807 1.574000 0.000000 0.000000 0.000000 1.000000
0.820682 0.559676 0.115078 2.681900 -0.489833 0.792826 -0.362616 2.464800 -0.294184 0.241223 0.924807 1.574000 0.000000 0.000000 0.000000 1.000000
0.820682 0.559676 0.115078 2.681900 -0.489833 0.792826 -0.362615 2.464800 -0.294184 0.241223 0.924807 1.574000 0.000000 0.000000 0.000000 1.000000
0.820682 0.559676 0.115078 2.681900 -0.489833 0.792826 -0.362615 2.464800 -0.294184 0.241223 0.924807 1.574000 0.000000 0.000000 0.000000 1.000000
0.820682 0.559676 0.115078 2.681900 -0.489833 0.792827 -0.362615 2.464800 -0.294184 0.241223 0.924807 1.574000 0.000000 0.000000 0.000000 1.000000
0.820682 0.559676 0.115078 2.681900 -0.489833 0.792826 -0.362615 2.464800 -0.294184 0.241223 0.924807 1.574000 0.000000 0.000000 0.000000 1.000000</float_array>
        <technique_common>
          <accessor source="#mixamorig_RightHandThumb1-Matrix-animation-output-transform-array" count="36" stride="16">
            <param type="float4x4"/>
          </accessor>
        </technique_common>
      </source>
      <source id="mixamorig_RightHandThumb1-Interpolations">
        <Name_array id="mixamorig_RightHandThumb1-Interpolations-array" count="36">
 LINEAR LINEAR LINEAR LINEAR LINEAR LINEAR LINEAR LINEAR LINEAR LINEAR LINEAR
LINEAR LINEAR LINEAR LINEAR LINEAR LINEAR LINEAR LINEAR LINEAR LINEAR LINEAR LINEAR
LINEAR LINEAR LINEAR LINEAR LINEAR LINEAR LINEAR LINEAR LINEAR LINEAR LINEAR LINEAR
LINEAR</Name_array>
        <technique_common>
          <accessor source="#mixamorig_RightHandThumb1-Interpolations-array" count="36">
            <param type="name"/>
          </accessor>
        </technique_common>
      </source>
      <sampler id="mixamorig_RightHandThumb1-Matrix-animation-transform">
        <input semantic="INPUT" source="#mixamorig_RightHandThumb1-Matrix-animation-input"/>
        <input semantic="OUTPUT" source="#mixamorig_RightHandThumb1-Matrix-animation-output-transform"/>
        <input semantic="INTERPOLATION" source="#mixamorig_RightHandThumb1-Interpolations"/>
      </sampler>
      <channel source="#mixamorig_RightHandThumb1-Matrix-animation-transform" target="mixamorig_RightHandThumb1/matrix"/>
    </animation>
    <animation id="mixamorig_RightHandThumb2-anim" name="mixamorig_RightHandThumb2">
      <source id="mixamorig_RightHandThumb2-Matrix-animation-input">
        <float_array id="mixamorig_RightHandThumb2-Matrix-animation-input-array" count="36">

0.000000 0.033333 0.066667 0.100000 0.133333 0.166667 0.200000 0.233333 0.266667 0.300000 0.333333 0.366667 0.400000 0.433333 0.466667 0.500000
0.533333 0.566667 0.600000 0.633333 0.666667 0.700000 0.733333 0.766667 0.800000 0.833333 0.866667 0.900000 0.933333 0.966667 1.000000 1.033333
1.066667 1.100000 1.133333 1.166667</float_array>
        <technique_common>
          <accessor source="#mixamorig_RightHandThumb2-Matrix-animation-input-array" count="36">
            <param name="TIME" type="float"/>
          </accessor>
        </technique_common>
      </source>
      <source id="mixamorig_RightHandThumb2-Matrix-animation-output-transform">
        <float_array id="mixamorig_RightHandThumb2-Matrix-animation-output-transform-array" count="576">

0.839211 -0.536490 -0.088897 0.000000 0.541867 0.838761 0.053480 4.189000 0.045872 -0.093051 0.994604 -0.000000 0.000000 0.000000 0.000000 1.000000
0.838695 -0.537329 -0.088704 0.000000 0.542674 0.838258 0.053179 4.189000 0.045782 -0.092738 0.994637 0.000000 0.000000 0.000000 0.000000 1.000000
0.834451 -0.544101 -0.087440 -0.000000 0.549217 0.834135 0.050785 4.189000 0.045305 -0.090402 0.994874 -0.000000 0.000000 0.000000 0.000000 1.000000
0.831828 -0.548224 -0.086671 -0.000000 0.553203 0.831586 0.049314 4.189000 0.045039 -0.088967 0.995016 0.000000 0.000000 0.000000 0.000000 1.000000
0.831148 -0.549287 -0.086473 -0.000000 0.554230 0.830924 0.048933 4.189000 0.044974 -0.088597 0.995052 0.000000 0.000000 0.000000 0.000000 1.000000
0.830329 -0.550560 -0.086241 -0.000000 0.555461 0.830128 0.048476 4.189000 0.044902 -0.088155 0.995094 0.000000 0.000000 0.000000 0.000000 1.000000
0.831513 -0.548732 -0.086485 0.000000 0.553684 0.831277 0.049116 4.189000 0.044941 -0.088726 0.995042 0.000000 0.000000 0.000000 0.000000 1.000000
0.832785 -0.546754 -0.086773 0.000000 0.551765 0.832511 0.049810 4.189000 0.045006 -0.089359 0.994982 0.000000 0.000000 0.000000 0.000000 1.000000
0.831173 -0.549254 -0.086440 0.000000 0.554194 0.830948 0.048935 4.189000 0.044949 -0.088578 0.995055 0.000000 0.000000 0.000000 0.000000 1.000000
0.832476 -0.547209 -0.086870 0.000000 0.552221 0.832216 0.049674 4.189000 0.045112 -0.089324 0.994980 0.000000 0.000000 0.000000 0.000000 1.000000
0.839158 -0.536581 -0.088851 0.000000 0.541952 0.838708 0.053443 4.189000 0.045843 -0.093000 0.994610 0.000000 0.000000 0.000000 0.000000 1.000000
0.848216 -0.521665 -0.091621 -0.000000 0.527554 0.847496 0.058620 4.189000 0.047069 -0.098058 0.994067 0.000000 0.000000 0.000000 0.000000 1.000000
0.856534 -0.507409 -0.094260 -0.000000 0.513811 0.855554 0.063451 4.189000 0.048449 -0.102780 0.993523 -0.000000 0.000000 0.000000 0.000000 1.000000
0.862092 -0.497561 -0.096077 0.000000 0.504328 0.860931 0.066724 4.189000 0.049516 -0.105977 0.993135 -0.000000 0.000000 0.000000 0.000000 1.000000
0.866700 -0.489184 -0.097619 0.000000 0.496267 0.865386 0.069470 4.189000 0.050494 -0.108655 0.992796 -0.000000 0.000000 0.000000 0.000000 1.000000
0.873497 -0.476458 -0.099958 0.000000 0.484033 0.871951 0.073571 4.189000 0.052105 -0.112647 0.992268 0.000000 0.000000 0.000000 0.000000 1.000000
0.880109 -0.463617 -0.102312 0.000000 0.471705 0.878333 0.077626 4.189000 0.053876 -0.116580 0.991719 0.000000 0.000000 0.000000 0.000000 1.000000
0.884729 -0.454353 -0.104005 -0.000000 0.462821 0.882789 0.080505 4.189000 0.055237 -0.119361 0.991313 -0.000000 0.000000 0.000000 0.000000 1.000000
0.889304 -0.444928 -0.105725 0.000000 0.453789 0.887199 0.083393 4.189000 0.056695 -0.122138 0.990892 -0.000000 0.000000 0.000000 0.000000 1.000000
0.892434 -0.438325 -0.106925 0.000000 0.447466 0.890214 0.085395 4.189000 0.057755 -0.124055 0.990593 0.000000 0.000000 0.000000 0.000000 1.000000
0.893457 -0.436141 -0.107316 -0.000000 0.445375 0.891198 0.086061 4.189000 0.058105 -0.124687 0.990493 -0.000000 0.000000 0.000000 0.000000 1.000000
0.895310 -0.432145 -0.108037 0.000000 0.441551 0.892982 0.087264 4.189000 0.058764 -0.125832 0.990310 0.000000 0.000000 0.000000 0.000000 1.000000
0.901073 -0.419390 -0.110357 -0.000000 0.429358 0.898535 0.091033 4.189000 0.060982 -0.129410 0.989714 -0.000000 0.000000 0.000000 0.000000 1.000000
0.904403 -0.411791 -0.111734 0.000000 0.422099 0.901741 0.093249 4.189000 0.062356 -0.131498 0.989353 0.000000 0.000000 0.000000 0.000000 1.000000
0.899049 -0.423932 -0.109508 0.000000 0.433697 0.896581 0.089725 4.189000 0.060145 -0.128160 0.989928 0.000000 0.000000 0.000000 0.000000 1.000000
0.892555 -0.438080 -0.106918 0.000000 0.447229 0.890321 0.085529 4.189000 0.057723 -0.124156 0.990582 -0.000000 0.000000 0.000000 0.000000 1.000000
0.891897 -0.439483 -0.106654 0.000000 0.448571 0.889685 0.085115 4.189000 0.057482 -0.123756 0.990646 0.000000 0.000000 0.000000 0.000000 1.000000
0.884731 -0.454367 -0.103934 0.000000 0.462830 0.882777 0.080584 4.189000 0.055136 -0.119399 0.991314 -0.000000 0.000000 0.000000 0.000000 1.000000
0.874724 -0.474123 -0.100324 0.000000 0.481788 0.873124 0.074396 4.189000 0.052322 -0.113411 0.992170 0.000000 0.000000 0.000000 0.000000 1.000000
0.868059 -0.486687 -0.098026 0.000000 0.493863 0.866689 0.070357 4.189000 0.050716 -0.109485 0.992694 0.000000 0.000000 0.000000 0.000000 1.000000
0.862221 -0.497337 -0.096077 0.000000 0.504111 0.861047 0.066867 4.189000 0.049471 -0.106087 0.993125 -0.000000 0.000000 0.000000 0.000000 1.000000
0.858729 -0.503559 -0.094938 -0.000000 0.510102 0.857670 0.064800 4.189000 0.048795 -0.104073 0.993372 0.000000 0.000000 0.000000 0.000000 1.000000
0.854763 -0.510496 -0.093667 -0.000000 0.516785 0.853833 0.062468 4.189000 0.048086 -0.101801 0.993642 0.000000 0.000000 0.000000 0.000000 1.000000
0.848824 -0.520644 -0.091807 -0.000000 0.526570 0.848081 0.059006 4.189000 0.047138 -0.098428 0.994027 -0.000000 0.000000 0.000000 0.000000 1.000000
0.842440 -0.531243 -0.089861 0.000000 0.536800 0.841893 0.055326 4.189000 0.046262 -0.094846 0.994416 0.000000 0.000000 0.000000 0.000000 1.000000
0.839211 -0.536490 -0.088898 0.000000 0.541867 0.838761 0.053480 4.189000 0.045872 -0.093052 0.994604 0.000000 0.000000 0.000000 0.000000 1.000000</float_array>
        <technique_common>
          <accessor source="#mixamorig_RightHandThumb2-Matrix-animation-output-transform-array" count="36" stride="16">
            <param type="float4x4"/>
          </accessor>
        </technique_common>
      </source>
      <source id="mixamorig_RightHandThumb2-Interpolations">
        <Name_array id="mixamorig_RightHandThumb2-Interpolations-array" count="36">
 LINEAR LINEAR LINEAR LINEAR LINEAR LINEAR LINEAR LINEAR LINEAR LINEAR LINEAR
LINEAR LINEAR LINEAR LINEAR LINEAR LINEAR LINEAR LINEAR LINEAR LINEAR LINEAR LINEAR
LINEAR LINEAR LINEAR LINEAR LINEAR LINEAR LINEAR LINEAR LINEAR LINEAR LINEAR LINEAR
LINEAR</Name_array>
        <technique_common>
          <accessor source="#mixamorig_RightHandThumb2-Interpolations-array" count="36">
            <param type="name"/>
          </accessor>
        </technique_common>
      </source>
      <sampler id="mixamorig_RightHandThumb2-Matrix-animation-transform">
        <input semantic="INPUT" source="#mixamorig_RightHandThumb2-Matrix-animation-input"/>
        <input semantic="OUTPUT" source="#mixamorig_RightHandThumb2-Matrix-animation-output-transform"/>
        <input semantic="INTERPOLATION" source="#mixamorig_RightHandThumb2-Interpolations"/>
      </sampler>
      <channel source="#mixamorig_RightHandThumb2-Matrix-animation-transform" target="mixamorig_RightHandThumb2/matrix"/>
    </animation>
    <animation id="mixamorig_RightHandThumb3-anim" name="mixamorig_RightHandThumb3">
      <source id="mixamorig_RightHandThumb3-Matrix-animation-input">
        <float_array id="mixamorig_RightHandThumb3-Matrix-animation-input-array" count="36">

0.000000 0.033333 0.066667 0.100000 0.133333 0.166667 0.200000 0.233333 0.266667 0.300000 0.333333 0.366667 0.400000 0.433333 0.466667 0.500000
0.533333 0.566667 0.600000 0.633333 0.666667 0.700000 0.733333 0.766667 0.800000 0.833333 0.866667 0.900000 0.933333 0.966667 1.000000 1.033333
1.066667 1.100000 1.133333 1.166667</float_array>
        <technique_common>
          <accessor source="#mixamorig_RightHandThumb3-Matrix-animation-input-array" count="36">
            <param name="TIME" type="float"/>
          </accessor>
        </technique_common>
      </source>
      <source id="mixamorig_RightHandThumb3-Matrix-animation-output-transform">
        <float_array id="mixamorig_RightHandThumb3-Matrix-animation-output-transform-array" count="576">

0.940120 0.325725 -0.100388 0.000000 -0.299945 0.930505 0.210224 3.416300 0.161887 -0.167525 0.972486 -0.000000 0.000000 0.000000 0.000000 1.000000
0.938309 0.330416 -0.101993 0.000000 -0.303575 0.928327 0.214596 3.416300 0.165588 -0.170395 0.971363 0.000000 0.000000 0.000000 0.000000 1.000000
0.935027 0.338899 -0.104265 0.000000 -0.310441 0.924527 0.221079 3.416300 0.171319 -0.174347 0.969666 0.000000 0.000000 0.000000 0.000000 1.000000
0.931469 0.347736 -0.106982 0.000000 -0.317325 0.920345 0.228628 3.416300 0.177962 -0.179012 0.967618 0.000000 0.000000 0.000000 0.000000 1.000000
0.929115 0.353392 -0.108897 0.000000 -0.321577 0.917542 0.233890 3.416300 0.182572 -0.182292 0.966145 0.000000 0.000000 0.000000 0.000000 1.000000
0.928566 0.354738 -0.109208 -0.000000 -0.322663 0.916912 0.234865 3.416300 0.183449 -0.182850 0.965874 0.000000 0.000000 0.000000 0.000000 1.000000
0.929349 0.352837 -0.108704 0.000000 -0.321139 0.917796 0.233496 3.416300 0.182154 -0.182090 0.966262 0.000000 0.000000 0.000000 0.000000 1.000000
0.927479 0.357182 -0.110471 0.000000 -0.324182 0.915490 0.238296 3.416300 0.186250 -0.185201 0.964889 0.000000 0.000000 0.000000 0.000000 1.000000
0.926988 0.358421 -0.110580 0.000000 -0.325278 0.914957 0.238848 3.416300 0.186784 -0.185440 0.964740 0.000000 0.000000 0.000000 0.000000 1.000000
0.928395 0.355073 -0.109575 -0.000000 -0.322686 0.916581 0.236121 3.416300 0.184275 -0.183855 0.965526 0.000000 0.000000 0.000000 0.000000 1.000000
0.927812 0.356110 -0.111134 0.000000 -0.322676 0.915588 0.239954 3.416300 0.187203 -0.186772 0.964402 0.000000 0.000000 0.000000 0.000000 1.000000
0.925418 0.361237 -0.114498 0.000000 -0.325361 0.912316 0.248635 3.416300 0.194275 -0.192838 0.961806 0.000000 0.000000 0.000000 0.000000 1.000000
0.923456 0.365342 -0.117277 0.000000 -0.327365 0.909598 0.255858 3.416300 0.200151 -0.197881 0.959574 0.000000 0.000000 0.000000 0.000000 1.000000
0.924835 0.361926 -0.117001 0.000000 -0.324286 0.911009 0.254756 3.416300 0.198792 -0.197665 0.959901 0.000000 0.000000 0.000000 0.000000 1.000000
0.926423 0.358030 -0.116427 -0.000000 -0.320959 0.912720 0.252841 3.416300 0.196789 -0.196869 0.960477 0.000000 0.000000 0.000000 0.000000 1.000000
0.923858 0.363653 -0.119344 0.000000 -0.324253 0.909328 0.260734 3.416300 0.203339 -0.202183 0.958006 0.000000 0.000000 0.000000 0.000000 1.000000
0.919316 0.373624 -0.123543 0.000000 -0.330606 0.903573 0.272498 3.416300 0.213442 -0.209668 0.954192 0.000000 0.000000 0.000000 0.000000 1.000000
0.917198 0.378116 -0.125603 -0.000000 -0.333246 0.900818 0.278342 3.416300 0.218391 -0.213438 0.952234 -0.000000 0.000000 0.000000 0.000000 1.000000
0.917114 0.378118 -0.126208 0.000000 -0.332744 0.900503 0.279955 3.416300 0.219507 -0.214756 0.951681 0.000000 0.000000 0.000000 0.000000 1.000000
0.916584 0.379162 -0.126928 -0.000000 -0.333123 0.899708 0.282053 3.416300 0.221142 -0.216243 0.950966 0.000000 0.000000 0.000000 0.000000 1.000000
0.918547 0.374797 -0.125693 0.000000 -0.329935 0.901992 0.278485 3.416300 0.217750 -0.214331 0.952180 0.000000 0.000000 0.000000 0.000000 1.000000
0.922248 0.366387 -0.123365 0.000000 -0.323768 0.906365 0.271436 3.416300 0.211264 -0.210390 0.954517 0.000000 0.000000 0.000000 0.000000 1.000000
0.924492 0.360966 -0.122546 0.000000 -0.319278 0.908851 0.268426 3.416300 0.208269 -0.209031 0.955474 -0.000000 0.000000 0.000000 0.000000 1.000000
0.927172 0.354522 -0.121106 0.000000 -0.314270 0.911978 0.263686 3.416300 0.203928 -0.206422 0.956976 0.000000 0.000000 0.000000 0.000000 1.000000
0.930714 0.346240 -0.117856 0.000000 -0.308747 0.916507 0.254342 3.416300 0.196079 -0.200332 0.959906 0.000000 0.000000 0.000000 0.000000 1.000000
0.927440 0.354425 -0.119323 0.000000 -0.315362 0.912703 0.259845 3.416300 0.201002 -0.203361 0.958250 0.000000 0.000000 0.000000 0.000000 1.000000
0.916261 0.379965 -0.126855 0.000000 -0.333578 0.899068 0.283554 3.416300 0.221792 -0.217493 0.950529 0.000000 0.000000 0.000000 0.000000 1.000000
0.911363 0.390857 -0.129033 0.000000 -0.341887 0.893400 0.291460 3.416300 0.229197 -0.221511 0.947840 0.000000 0.000000 0.000000 0.000000 1.000000
0.914711 0.384141 -0.125457 0.000000 -0.338392 0.897813 0.281821 3.416300 0.220896 -0.215331 0.951230 0.000000 0.000000 0.000000 0.000000 1.000000
0.920145 0.372485 -0.120780 0.000000 -0.330996 0.904670 0.268354 3.416300 0.209223 -0.206947 0.955719 -0.000000 0.000000 0.000000 0.000000 1.000000
0.928072 0.354470 -0.114163 0.000000 -0.318734 0.914623 0.248743 3.416300 0.192588 -0.194464 0.961818 0.000000 0.000000 0.000000 0.000000 1.000000
0.934759 0.338327 -0.108447 0.000000 -0.307220 0.923036 0.231559 3.416300 0.178444 -0.183135 0.966757 0.000000 0.000000 0.000000 0.000000 1.000000
0.935751 0.336053 -0.106947 0.000000 -0.305973 0.924430 0.227616 3.416300 0.175356 -0.180269 0.967860 -0.000000 0.000000 0.000000 0.000000 1.000000
0.936319 0.334960 -0.105397 0.000000 -0.305843 0.925380 0.223904 3.416300 0.172531 -0.177411 0.968895 0.000000 0.000000 0.000000 0.000000 1.000000
0.938440 0.329904 -0.102438 0.000000 -0.302761 0.928281 0.215940 3.416300 0.166331 -0.171632 0.971018 -0.000000 0.000000 0.000000 0.000000 1.000000
0.940120 0.325725 -0.100388 0.000000 -0.299945 0.930505 0.210224 3.416300 0.161887 -0.167525 0.972486 -0.000000 0.000000 0.000000 0.000000 1.000000</float_array>
        <technique_common>
          <accessor source="#mixamorig_RightHandThumb3-Matrix-animation-output-transform-array" count="36" stride="16">
            <param type="float4x4"/>
          </accessor>
        </technique_common>
      </source>
      <source id="mixamorig_RightHandThumb3-Interpolations">
        <Name_array id="mixamorig_RightHandThumb3-Interpolations-array" count="36">
 LINEAR LINEAR LINEAR LINEAR LINEAR LINEAR LINEAR LINEAR LINEAR LINEAR LINEAR
LINEAR LINEAR LINEAR LINEAR LINEAR LINEAR LINEAR LINEAR LINEAR LINEAR LINEAR LINEAR
LINEAR LINEAR LINEAR LINEAR LINEAR LINEAR LINEAR LINEAR LINEAR LINEAR LINEAR LINEAR
LINEAR</Name_array>
        <technique_common>
          <accessor source="#mixamorig_RightHandThumb3-Interpolations-array" count="36">
            <param type="name"/>
          </accessor>
        </technique_common>
      </source>
      <sampler id="mixamorig_RightHandThumb3-Matrix-animation-transform">
        <input semantic="INPUT" source="#mixamorig_RightHandThumb3-Matrix-animation-input"/>
        <input semantic="OUTPUT" source="#mixamorig_RightHandThumb3-Matrix-animation-output-transform"/>
        <input semantic="INTERPOLATION" source="#mixamorig_RightHandThumb3-Interpolations"/>
      </sampler>
      <channel source="#mixamorig_RightHandThumb3-Matrix-animation-transform" target="mixamorig_RightHandThumb3/matrix"/>
    </animation>
    <animation id="mixamorig_RightHandIndex1-anim" name="mixamorig_RightHandIndex1">
      <source id="mixamorig_RightHandIndex1-Matrix-animation-input">
        <float_array id="mixamorig_RightHandIndex1-Matrix-animation-input-array" count="36">

0.000000 0.033333 0.066667 0.100000 0.133333 0.166667 0.200000 0.233333 0.266667 0.300000 0.333333 0.366667 0.400000 0.433333 0.466667 0.500000
0.533333 0.566667 0.600000 0.633333 0.666667 0.700000 0.733333 0.766667 0.800000 0.833333 0.866667 0.900000 0.933333 0.966667 1.000000 1.033333
1.066667 1.100000 1.133333 1.166667</float_array>
        <technique_common>
          <accessor source="#mixamorig_RightHandIndex1-Matrix-animation-input-array" count="36">
            <param name="TIME" type="float"/>
          </accessor>
        </technique_common>
      </source>
      <source id="mixamorig_RightHandIndex1-Matrix-animation-output-transform">
        <float_array id="mixamorig_RightHandIndex1-Matrix-animation-output-transform-array" count="576">

0.999181 -0.034811 0.020636 2.259800 0.040059 0.923123 -0.382412 9.108300 -0.005738 0.382925 0.923762 0.517900 0.000000 0.000000 0.000000 1.000000
0.999262 -0.032553 0.020407 2.259800 0.037870 0.924102 -0.380264 9.108300 -0.006479 0.380756 0.924653 0.517900 0.000000 0.000000 0.000000 1.000000
0.999328 -0.030644 0.020100 2.259800 0.035977 0.924774 -0.378813 9.108300 -0.006979 0.379281 0.925255 0.517900 0.000000 0.000000 0.000000 1.000000
0.999347 -0.029985 0.020179 2.259800 0.035439 0.922594 -0.384142 9.108300 -0.007099 0.384606 0.923054 0.517900 0.000000 0.000000 0.000000 1.000000
0.999325 -0.030582 0.020362 2.259800 0.036118 0.919327 -0.391834 9.108300 -0.006736 0.392305 0.919810 0.517900 0.000000 0.000000 0.000000 1.000000
0.999262 -0.032442 0.020580 2.259800 0.037969 0.915666 -0.400144 9.108300 -0.005863 0.400630 0.916221 0.517900 0.000000 0.000000 0.000000 1.000000
0.999162 -0.035149 0.020969 2.259800 0.040659 0.911058 -0.410269 9.108300 -0.004683 0.410778 0.911723 0.517900 0.000000 0.000000 0.000000 1.000000
0.999112 -0.036416 0.021193 2.259800 0.041947 0.907026 -0.418979 9.108300 -0.003965 0.419496 0.907748 0.517900 0.000000 0.000000 0.000000 1.000000
0.999067 -0.037408 0.021595 2.259800 0.043061 0.901725 -0.430160 9.108300 -0.003381 0.430689 0.902494 0.517900 0.000000 0.000000 0.000000 1.000000
0.998929 -0.040571 0.022258 2.259800 0.046235 0.895127 -0.443407 9.108300 -0.001934 0.443961 0.896044 0.517900 0.000000 0.000000 0.000000 1.000000
0.998770 -0.044092 0.022675 2.259800 0.049580 0.889356 -0.454520 9.108300 -0.000125 0.455085 0.890448 0.517900 0.000000 0.000000 0.000000 1.000000
0.998681 -0.045779 0.023244 2.259800 0.051335 0.883396 -0.465807 9.108300 0.000791 0.466386 0.884581 0.517900 0.000000 0.000000 0.000000 1.000000
0.998584 -0.047584 0.023789 2.259800 0.053170 0.877911 -0.475862 9.108300 0.001759 0.476453 0.879198 0.517900 0.000000 0.000000 0.000000 1.000000
0.998444 -0.050122 0.024430 2.259800 0.055676 0.872212 -0.485949 9.108300 0.003049 0.486553 0.873645 0.517900 0.000000 0.000000 0.000000 1.000000
0.998373 -0.051281 0.024939 2.259800 0.056908 0.868196 -0.492948 9.108300 0.003626 0.493565 0.869702 0.517900 0.000000 0.000000 0.000000 1.000000
0.998401 -0.050721 0.024972 2.259800 0.056431 0.867317 -0.494547 9.108300 0.003425 0.495166 0.868792 0.517900 0.000000 0.000000 0.000000 1.000000
0.998425 -0.050369 0.024696 2.259800 0.056004 0.869535 -0.490685 9.108300 0.003242 0.491296 0.870987 0.517900 0.000000 0.000000 0.000000 1.000000
0.998454 -0.050031 0.024232 2.259800 0.055504 0.872850 -0.484821 9.108300 0.003105 0.485416 0.874278 0.517900 0.000000 0.000000 0.000000 1.000000
0.998433 -0.050676 0.023756 2.259800 0.055870 0.877382 -0.476528 9.108300 0.003305 0.477108 0.878838 0.517900 0.000000 0.000000 0.000000 1.000000
0.998482 -0.050353 0.022320 2.259800 0.054992 0.888750 -0.455082 9.108300 0.003078 0.455619 0.890170 0.517900 0.000000 0.000000 0.000000 1.000000
0.998469 -0.051348 0.020577 2.259800 0.055209 0.901673 -0.428879 9.108300 0.003468 0.429359 0.903127 0.517900 0.000000 0.000000 0.000000 1.000000
0.998419 -0.053125 0.018378 2.259800 0.056048 0.915597 -0.398172 9.108300 0.004326 0.398572 0.917127 0.517900 0.000000 0.000000 0.000000 1.000000
0.998346 -0.055388 0.015436 2.259800 0.057221 0.930735 -0.361191 9.108300 0.005639 0.361477 0.932364 0.517900 0.000000 0.000000 0.000000 1.000000
0.998382 -0.055484 0.012452 2.259800 0.056532 0.944862 -0.322551 9.108300 0.006131 0.322734 0.946470 0.517900 0.000000 0.000000 0.000000 1.000000
0.998637 -0.051130 0.010449 2.259800 0.051983 0.956904 -0.285715 9.108300 0.004610 0.285869 0.958258 0.517900 0.000000 0.000000 0.000000 1.000000
0.999073 -0.041952 0.009649 2.259800 0.043037 0.968403 -0.245650 9.108300 0.000961 0.245837 0.969311 0.517900 0.000000 0.000000 0.000000 1.000000
0.999307 -0.036209 0.008650 2.259800 0.037218 0.977170 -0.209172 9.108300 -0.000879 0.209349 0.977841 0.517900 0.000000 0.000000 0.000000 1.000000
0.999368 -0.034654 0.007887 2.259800 0.035522 0.981049 -0.190473 9.108300 -0.001137 0.190633 0.981661 0.517900 0.000000 0.000000 0.000000 1.000000
0.999442 -0.032304 0.008491 2.259800 0.033340 0.980255 -0.194907 9.108300 -0.002027 0.195082 0.980785 0.517900 0.000000 0.000000 0.000000 1.000000
0.999451 -0.031638 0.009816 2.259800 0.033017 0.975364 -0.218118 9.108300 -0.002674 0.218323 0.975873 0.517900 0.000000 0.000000 0.000000 1.000000
0.999387 -0.032914 0.011939 2.259800 0.034866 0.966678 -0.253610 9.108300 -0.003194 0.253870 0.967233 0.517900 0.000000 0.000000 0.000000 1.000000
0.999296 -0.034650 0.014416 2.259800 0.037354 0.955454 -0.292766 9.108300 -0.003630 0.293099 0.956075 0.517900 0.000000 0.000000 0.000000 1.000000
0.999259 -0.034759 0.016507 2.259800 0.038235 0.945215 -0.324202 9.108300 -0.004334 0.324593 0.945844 0.517900 0.000000 0.000000 0.000000 1.000000
0.999245 -0.034145 0.018546 2.259800 0.038498 0.934619 -0.353560 9.108300 -0.005261 0.354007 0.935228 0.517900 0.000000 0.000000 0.000000 1.000000
0.999185 -0.034976 0.020143 2.259800 0.039984 0.925881 -0.375694 9.108300 -0.005509 0.376193 0.926525 0.517900 0.000000 0.000000 0.000000 1.000000
0.999184 -0.034811 0.020466 2.259800 0.039994 0.923121 -0.382423 9.108300 -0.005580 0.382929 0.923761 0.517900 0.000000 0.000000 0.000000 1.000000</float_array>
        <technique_common>
          <accessor source="#mixamorig_RightHandIndex1-Matrix-animation-output-transform-array" count="36" stride="16">
            <param type="float4x4"/>
          </accessor>
        </technique_common>
      </source>
      <source id="mixamorig_RightHandIndex1-Interpolations">
        <Name_array id="mixamorig_RightHandIndex1-Interpolations-array" count="36">
 LINEAR LINEAR LINEAR LINEAR LINEAR LINEAR LINEAR LINEAR LINEAR LINEAR LINEAR
LINEAR LINEAR LINEAR LINEAR LINEAR LINEAR LINEAR LINEAR LINEAR LINEAR LINEAR LINEAR
LINEAR LINEAR LINEAR LINEAR LINEAR LINEAR LINEAR LINEAR LINEAR LINEAR LINEAR LINEAR
LINEAR</Name_array>
        <technique_common>
          <accessor source="#mixamorig_RightHandIndex1-Interpolations-array" count="36">
            <param type="name"/>
          </accessor>
        </technique_common>
      </source>
      <sampler id="mixamorig_RightHandIndex1-Matrix-animation-transform">
        <input semantic="INPUT" source="#mixamorig_RightHandIndex1-Matrix-animation-input"/>
        <input semantic="OUTPUT" source="#mixamorig_RightHandIndex1-Matrix-animation-output-transform"/>
        <input semantic="INTERPOLATION" source="#mixamorig_RightHandIndex1-Interpolations"/>
      </sampler>
      <channel source="#mixamorig_RightHandIndex1-Matrix-animation-transform" target="mixamorig_RightHandIndex1/matrix"/>
    </animation>
    <animation id="mixamorig_RightHandIndex2-anim" name="mixamorig_RightHandIndex2">
      <source id="mixamorig_RightHandIndex2-Matrix-animation-input">
        <float_array id="mixamorig_RightHandIndex2-Matrix-animation-input-array" count="36">

0.000000 0.033333 0.066667 0.100000 0.133333 0.166667 0.200000 0.233333 0.266667 0.300000 0.333333 0.366667 0.400000 0.433333 0.466667 0.500000
0.533333 0.566667 0.600000 0.633333 0.666667 0.700000 0.733333 0.766667 0.800000 0.833333 0.866667 0.900000 0.933333 0.966667 1.000000 1.033333
1.066667 1.100000 1.133333 1.166667</float_array>
        <technique_common>
          <accessor source="#mixamorig_RightHandIndex2-Matrix-animation-input-array" count="36">
            <param name="TIME" type="float"/>
          </accessor>
        </technique_common>
      </source>
      <source id="mixamorig_RightHandIndex2-Matrix-animation-output-transform">
        <float_array id="mixamorig_RightHandIndex2-Matrix-animation-output-transform-array" count="576">

0.998374 -0.053392 0.019957 0.000000 0.053393 0.753413 -0.655377 3.700000 0.019956 0.655377 0.755038 -0.000000 0.000000 0.000000 0.000000 1.000000
0.998366 -0.053504 0.020053 0.000000 0.053504 0.752216 -0.656741 3.700000 0.020054 0.656741 0.753850 0.000000 0.000000 0.000000 0.000000 1.000000
0.998344 -0.053816 0.020328 0.000000 0.053816 0.748830 -0.660574 3.700000 0.020328 0.660574 0.750486 -0.000000 0.000000 0.000000 0.000000 1.000000
0.998309 -0.054297 0.020755 0.000000 0.054297 0.743548 -0.666475 3.700000 0.020755 0.666475 0.745239 0.000000 0.000000 0.000000 0.000000 1.000000
0.998264 -0.054913 0.021313 0.000000 0.054913 0.736655 -0.674035 3.700000 0.021313 0.674035 0.738392 0.000000 0.000000 0.000000 0.000000 1.000000
0.998209 -0.055631 0.021978 0.000000 0.055631 0.728440 -0.682847 3.700000 0.021978 0.682847 0.730231 0.000000 0.000000 0.000000 0.000000 1.000000
0.998149 -0.056418 0.022726 0.000000 0.056418 0.719200 -0.692509 3.700000 0.022726 0.692509 0.721051 0.000000 0.000000 0.000000 0.000000 1.000000
0.998083 -0.057242 0.023531 -0.000000 0.057242 0.709247 -0.702632 3.700000 0.023531 0.702632 0.711164 0.000000 0.000000 0.000000 0.000000 1.000000
0.998015 -0.058075 0.024367 0.000000 0.058074 0.698913 -0.712845 3.700000 0.024368 0.712845 0.700898 0.000000 0.000000 0.000000 0.000000 1.000000
0.997947 -0.058885 0.025206 0.000000 0.058885 0.688548 -0.722796 3.700000 0.025206 0.722796 0.690602 0.000000 0.000000 0.000000 0.000000 1.000000
0.997880 -0.059648 0.026017 -0.000000 0.059647 0.678525 -0.732152 3.700000 0.026018 0.732152 0.680645 0.000000 0.000000 0.000000 0.000000 1.000000
0.997812 -0.060415 0.026858 0.000000 0.060415 0.668141 -0.741578 3.700000 0.026858 0.741578 0.670329 0.000000 0.000000 0.000000 0.000000 1.000000
0.997756 -0.061032 0.027550 -0.000000 0.061032 0.659592 -0.749142 3.700000 0.027550 0.749142 0.661836 0.000000 0.000000 0.000000 0.000000 1.000000
0.997761 -0.060975 0.027485 -0.000000 0.060975 0.660385 -0.748447 3.700000 0.027486 0.748447 0.662624 0.000000 0.000000 0.000000 0.000000 1.000000
0.997742 -0.061176 0.027714 0.000000 0.061176 0.657562 -0.750912 3.700000 0.027714 0.750912 0.659820 -0.000000 0.000000 0.000000 0.000000 1.000000
0.997669 -0.061949 0.028610 0.000000 0.061949 0.646489 -0.760404 3.700000 0.028610 0.760404 0.648820 -0.000000 0.000000 0.000000 0.000000 1.000000
0.997741 -0.061190 0.027730 0.000000 0.061190 0.657364 -0.751085 3.700000 0.027730 0.751085 0.659623 0.000000 0.000000 0.000000 0.000000 1.000000
0.997850 -0.059996 0.026396 0.000000 0.059996 0.673847 -0.736431 3.700000 0.026396 0.736431 0.675997 0.000000 0.000000 0.000000 0.000000 1.000000
0.997883 -0.059617 0.025985 0.000000 0.059617 0.678932 -0.731777 3.700000 0.025984 0.731777 0.681049 0.000000 0.000000 0.000000 0.000000 1.000000
0.998012 -0.058107 0.024401 -0.000000 0.058107 0.698500 -0.713247 3.700000 0.024401 0.713247 0.700488 0.000000 0.000000 0.000000 0.000000 1.000000
0.998145 -0.056466 0.022772 0.000000 0.056466 0.718627 -0.693099 3.700000 0.022772 0.693099 0.720482 0.000000 0.000000 0.000000 0.000000 1.000000
0.998265 -0.054891 0.021293 0.000000 0.054891 0.736902 -0.673767 3.700000 0.021293 0.673767 0.738637 -0.000000 0.000000 0.000000 0.000000 1.000000
0.998477 -0.051899 0.018689 0.000000 0.051899 0.769075 -0.637048 3.700000 0.018689 0.637048 0.770597 0.000000 0.000000 0.000000 0.000000 1.000000
0.998697 -0.048465 0.015997 0.000000 0.048465 0.802341 -0.594895 3.700000 0.015997 0.594895 0.803644 -0.000000 0.000000 0.000000 0.000000 1.000000
0.998820 -0.046352 0.014482 0.000000 0.046352 0.821057 -0.568961 3.700000 0.014482 0.568961 0.822237 0.000000 0.000000 0.000000 0.000000 1.000000
0.998917 -0.044583 0.013290 0.000000 0.044583 0.835786 -0.547243 3.700000 0.013290 0.547243 0.836868 -0.000000 0.000000 0.000000 0.000000 1.000000
0.999057 -0.041844 0.011573 0.000000 0.041844 0.857000 -0.513616 3.700000 0.011573 0.513616 0.857942 0.000000 0.000000 0.000000 0.000000 1.000000
0.999112 -0.040699 0.010900 0.000000 0.040699 0.865318 -0.499568 3.700000 0.010900 0.499568 0.866206 -0.000000 0.000000 0.000000 0.000000 1.000000
0.999108 -0.040789 0.010952 0.000000 0.040789 0.864674 -0.500674 3.700000 0.010952 0.500674 0.865567 -0.000000 0.000000 0.000000 0.000000 1.000000
0.999026 -0.042479 0.011958 0.000000 0.042479 0.852247 -0.521412 3.700000 0.011958 0.521412 0.853221 -0.000000 0.000000 0.000000 0.000000 1.000000
0.998867 -0.045503 0.013901 0.000000 0.045503 0.828235 -0.558531 3.700000 0.013901 0.558531 0.829367 0.000000 0.000000 0.000000 0.000000 1.000000
0.998758 -0.047433 0.015244 0.000000 0.047433 0.811644 -0.582224 3.700000 0.015244 0.582224 0.812886 0.000000 0.000000 0.000000 0.000000 1.000000
0.998627 -0.049603 0.016856 0.000000 0.049603 0.791723 -0.608863 3.700000 0.016856 0.608863 0.793097 0.000000 0.000000 0.000000 0.000000 1.000000
0.998503 -0.051518 0.018375 0.000000 0.051518 0.772954 -0.632367 3.700000 0.018375 0.632367 0.774451 0.000000 0.000000 0.000000 0.000000 1.000000
0.998410 -0.052876 0.019511 0.000000 0.052876 0.758918 -0.649035 3.700000 0.019511 0.649035 0.760508 0.000000 0.000000 0.000000 0.000000 1.000000
0.998374 -0.053393 0.019957 0.000000 0.053393 0.753413 -0.655377 3.700000 0.019957 0.655377 0.755038 -0.000000 0.000000 0.000000 0.000000 1.000000</float_array>
        <technique_common>
          <accessor source="#mixamorig_RightHandIndex2-Matrix-animation-output-transform-array" count="36" stride="16">
            <param type="float4x4"/>
          </accessor>
        </technique_common>
      </source>
      <source id="mixamorig_RightHandIndex2-Interpolations">
        <Name_array id="mixamorig_RightHandIndex2-Interpolations-array" count="36">
 LINEAR LINEAR LINEAR LINEAR LINEAR LINEAR LINEAR LINEAR LINEAR LINEAR LINEAR
LINEAR LINEAR LINEAR LINEAR LINEAR LINEAR LINEAR LINEAR LINEAR LINEAR LINEAR LINEAR
LINEAR LINEAR LINEAR LINEAR LINEAR LINEAR LINEAR LINEAR LINEAR LINEAR LINEAR LINEAR
LINEAR</Name_array>
        <technique_common>
          <accessor source="#mixamorig_RightHandIndex2-Interpolations-array" count="36">
            <param type="name"/>
          </accessor>
        </technique_common>
      </source>
      <sampler id="mixamorig_RightHandIndex2-Matrix-animation-transform">
        <input semantic="INPUT" source="#mixamorig_RightHandIndex2-Matrix-animation-input"/>
        <input semantic="OUTPUT" source="#mixamorig_RightHandIndex2-Matrix-animation-output-transform"/>
        <input semantic="INTERPOLATION" source="#mixamorig_RightHandIndex2-Interpolations"/>
      </sampler>
      <channel source="#mixamorig_RightHandIndex2-Matrix-animation-transform" target="mixamorig_RightHandIndex2/matrix"/>
    </animation>
    <animation id="mixamorig_RightHandIndex3-anim" name="mixamorig_RightHandIndex3">
      <source id="mixamorig_RightHandIndex3-Matrix-animation-input">
        <float_array id="mixamorig_RightHandIndex3-Matrix-animation-input-array" count="36">

0.000000 0.033333 0.066667 0.100000 0.133333 0.166667 0.200000 0.233333 0.266667 0.300000 0.333333 0.366667 0.400000 0.433333 0.466667 0.500000
0.533333 0.566667 0.600000 0.633333 0.666667 0.700000 0.733333 0.766667 0.800000 0.833333 0.866667 0.900000 0.933333 0.966667 1.000000 1.033333
1.066667 1.100000 1.133333 1.166667</float_array>
        <technique_common>
          <accessor source="#mixamorig_RightHandIndex3-Matrix-animation-input-array" count="36">
            <param name="TIME" type="float"/>
          </accessor>
        </technique_common>
      </source>
      <source id="mixamorig_RightHandIndex3-Matrix-animation-output-transform">
        <float_array id="mixamorig_RightHandIndex3-Matrix-animation-output-transform-array" count="576">

0.999656 -0.025874 0.004219 -0.000000 0.025874 0.947875 -0.317591 2.850000 0.004219 0.317591 0.948218 0.000000 0.000000 0.000000 0.000000 1.000000
0.999656 -0.025894 0.004225 0.000000 0.025894 0.947791 -0.317838 2.850000 0.004225 0.317838 0.948136 0.000000 0.000000 0.000000 0.000000 1.000000
0.999645 -0.026272 0.004353 0.000000 0.026272 0.946211 -0.322482 2.850000 0.004353 0.322482 0.946566 0.000000 0.000000 0.000000 0.000000 1.000000
0.999628 -0.026879 0.004563 0.000000 0.026879 0.943621 -0.329934 2.850000 0.004563 0.329934 0.943993 -0.000000 0.000000 0.000000 0.000000 1.000000
0.999605 -0.027683 0.004849 0.000000 0.027683 0.940089 -0.339805 2.850000 0.004849 0.339805 0.940484 -0.000000 0.000000 0.000000 0.000000 1.000000
0.999576 -0.028653 0.005206 0.000000 0.028653 0.935671 -0.351709 2.850000 0.005206 0.351709 0.936095 0.000000 0.000000 0.000000 0.000000 1.000000
0.999542 -0.029720 0.005616 0.000000 0.029720 0.930610 -0.364804 2.850000 0.005616 0.364804 0.931068 0.000000 0.000000 0.000000 0.000000 1.000000
0.999506 -0.030841 0.006065 0.000000 0.030841 0.925061 -0.378565 2.850000 0.006065 0.378565 0.925555 0.000000 0.000000 0.000000 0.000000 1.000000
0.999467 -0.031987 0.006544 0.000000 0.031987 0.919139 -0.392634 2.850000 0.006544 0.392634 0.919672 0.000000 0.000000 0.000000 0.000000 1.000000
0.999429 -0.033040 0.007003 0.000000 0.033040 0.913474 -0.405554 2.850000 0.007003 0.405554 0.914044 0.000000 0.000000 0.000000 0.000000 1.000000
0.999390 -0.034123 0.007493 -0.000000 0.034123 0.907412 -0.418854 2.850000 0.007493 0.418854 0.908023 -0.000000 0.000000 0.000000 0.000000 1.000000
0.999355 -0.035027 0.007917 -0.000000 0.035027 0.902177 -0.429942 2.850000 0.007917 0.429942 0.902822 -0.000000 0.000000 0.000000 0.000000 1.000000
0.999329 -0.035691 0.008237 -0.000000 0.035691 0.898220 -0.438094 2.850000 0.008237 0.438094 0.898891 -0.000000 0.000000 0.000000 0.000000 1.000000
0.999303 -0.036324 0.008549 0.000000 0.036324 0.894361 -0.445869 2.850000 0.008550 0.445869 0.895057 0.000000 0.000000 0.000000 0.000000 1.000000
0.999286 -0.036742 0.008759 0.000000 0.036742 0.891770 -0.450995 2.850000 0.008759 0.450995 0.892483 0.000000 0.000000 0.000000 0.000000 1.000000
0.999282 -0.036853 0.008816 -0.000000 0.036853 0.891074 -0.452359 2.850000 0.008815 0.452359 0.891792 -0.000000 0.000000 0.000000 0.000000 1.000000
0.999282 -0.036860 0.008819 -0.000000 0.036860 0.891032 -0.452442 2.850000 0.008819 0.452442 0.891750 -0.000000 0.000000 0.000000 0.000000 1.000000
0.999294 -0.036550 0.008662 -0.000000 0.036550 0.892967 -0.448637 2.850000 0.008662 0.448637 0.893672 -0.000000 0.000000 0.000000 0.000000 1.000000
0.999324 -0.035824 0.008302 0.000000 0.035824 0.897415 -0.439731 2.850000 0.008303 0.439731 0.898091 0.000000 0.000000 0.000000 0.000000 1.000000
0.999374 -0.034523 0.007679 0.000000 0.034523 0.905116 -0.423760 2.850000 0.007679 0.423760 0.905742 -0.000000 0.000000 0.000000 0.000000 1.000000
0.999452 -0.032413 0.006728 0.000000 0.032413 0.916871 -0.397866 2.850000 0.006728 0.397866 0.917419 0.000000 0.000000 0.000000 0.000000 1.000000
0.999543 -0.029701 0.005609 0.000000 0.029701 0.930700 -0.364576 2.850000 0.005609 0.364576 0.931157 0.000000 0.000000 0.000000 0.000000 1.000000
0.999637 -0.026582 0.004460 0.000000 0.026582 0.944897 -0.326286 2.850000 0.004459 0.326286 0.945261 0.000000 0.000000 0.000000 0.000000 1.000000
0.999723 -0.023298 0.003403 0.000000 0.023298 0.957953 -0.285978 2.850000 0.003403 0.285978 0.958230 0.000000 0.000000 0.000000 0.000000 1.000000
0.999793 -0.020207 0.002546 0.000000 0.020207 0.968541 -0.248031 2.850000 0.002546 0.248031 0.968749 0.000000 0.000000 0.000000 0.000000 1.000000
0.999848 -0.017351 0.001869 0.000000 0.017351 0.976903 -0.212978 2.850000 0.001869 0.212978 0.977055 -0.000000 0.000000 0.000000 0.000000 1.000000
0.999886 -0.015039 0.001400 0.000000 0.015039 0.982698 -0.184601 2.850000 0.001400 0.184601 0.982812 -0.000000 0.000000 0.000000 0.000000 1.000000
0.999906 -0.013671 0.001155 0.000000 0.013671 0.985726 -0.167802 2.850000 0.001155 0.167802 0.985820 -0.000000 0.000000 0.000000 0.000000 1.000000
0.999910 -0.013375 0.001106 0.000000 0.013376 0.986340 -0.164181 2.850000 0.001105 0.164181 0.986430 -0.000000 0.000000 0.000000 0.000000 1.000000
0.999896 -0.014356 0.001275 0.000000 0.014356 0.984246 -0.176219 2.850000 0.001275 0.176219 0.984350 0.000000 0.000000 0.000000 0.000000 1.000000
0.999866 -0.016297 0.001647 0.000000 0.016297 0.979651 -0.200044 2.850000 0.001647 0.200044 0.979786 0.000000 0.000000 0.000000 0.000000 1.000000
0.999822 -0.018730 0.002183 -0.000000 0.018730 0.973033 -0.229904 2.850000 0.002182 0.229904 0.973211 0.000000 0.000000 0.000000 0.000000 1.000000
0.999770 -0.021262 0.002824 0.000000 0.021262 0.965108 -0.260988 2.850000 0.002824 0.260988 0.965338 0.000000 0.000000 0.000000 0.000000 1.000000
0.999715 -0.023603 0.003495 0.000000 0.023603 0.956822 -0.289716 2.850000 0.003494 0.289716 0.957106 0.000000 0.000000 0.000000 0.000000 1.000000
0.999673 -0.025246 0.004011 -0.000000 0.025246 0.950439 -0.309885 2.850000 0.004011 0.309885 0.950766 -0.000000 0.000000 0.000000 0.000000 1.000000
0.999656 -0.025873 0.004219 -0.000000 0.025873 0.947875 -0.317591 2.850000 0.004218 0.317591 0.948218 0.000000 0.000000 0.000000 0.000000 1.000000</float_array>
        <technique_common>
          <accessor source="#mixamorig_RightHandIndex3-Matrix-animation-output-transform-array" count="36" stride="16">
            <param type="float4x4"/>
          </accessor>
        </technique_common>
      </source>
      <source id="mixamorig_RightHandIndex3-Interpolations">
        <Name_array id="mixamorig_RightHandIndex3-Interpolations-array" count="36">
 LINEAR LINEAR LINEAR LINEAR LINEAR LINEAR LINEAR LINEAR LINEAR LINEAR LINEAR
LINEAR LINEAR LINEAR LINEAR LINEAR LINEAR LINEAR LINEAR LINEAR LINEAR LINEAR LINEAR
LINEAR LINEAR LINEAR LINEAR LINEAR LINEAR LINEAR LINEAR LINEAR LINEAR LINEAR LINEAR
LINEAR</Name_array>
        <technique_common>
          <accessor source="#mixamorig_RightHandIndex3-Interpolations-array" count="36">
            <param type="name"/>
          </accessor>
        </technique_common>
      </source>
      <sampler id="mixamorig_RightHandIndex3-Matrix-animation-transform">
        <input semantic="INPUT" source="#mixamorig_RightHandIndex3-Matrix-animation-input"/>
        <input semantic="OUTPUT" source="#mixamorig_RightHandIndex3-Matrix-animation-output-transform"/>
        <input semantic="INTERPOLATION" source="#mixamorig_RightHandIndex3-Interpolations"/>
      </sampler>
      <channel source="#mixamorig_RightHandIndex3-Matrix-animation-transform" target="mixamorig_RightHandIndex3/matrix"/>
    </animation>
    <animation id="mixamorig_RightHandMiddle1-anim" name="mixamorig_RightHandMiddle1">
      <source id="mixamorig_RightHandMiddle1-Matrix-animation-input">
        <float_array id="mixamorig_RightHandMiddle1-Matrix-animation-input-array" count="36">

0.000000 0.033333 0.066667 0.100000 0.133333 0.166667 0.200000 0.233333 0.266667 0.300000 0.333333 0.366667 0.400000 0.433333 0.466667 0.500000
0.533333 0.566667 0.600000 0.633333 0.666667 0.700000 0.733333 0.766667 0.800000 0.833333 0.866667 0.900000 0.933333 0.966667 1.000000 1.033333
1.066667 1.100000 1.133333 1.166667</float_array>
        <technique_common>
          <accessor source="#mixamorig_RightHandMiddle1-Matrix-animation-input-array" count="36">
            <param name="TIME" type="float"/>
          </accessor>
        </technique_common>
      </source>
      <source id="mixamorig_RightHandMiddle1-Matrix-animation-output-transform">
        <float_array id="mixamorig_RightHandMiddle1-Matrix-animation-output-transform-array" count="576">

0.994783 -0.094964 0.037255 0.000000 0.099020 0.811143 -0.576405 9.532500 0.024518 0.577087 0.816315 0.000000 0.000000 0.000000 0.000000 1.000000
0.995104 -0.091519 0.037311 0.000000 0.096228 0.811100 -0.576938 9.532500 0.022537 0.577704 0.815935 0.000000 0.000000 0.000000 0.000000 1.000000
0.995400 -0.088057 0.037756 0.000000 0.093551 0.808216 -0.581408 9.532500 0.020682 0.582266 0.812735 0.000000 0.000000 0.000000 0.000000 1.000000
0.995437 -0.087371 0.038367 0.000000 0.093197 0.803816 -0.587532 9.532500 0.020494 0.588427 0.808291 0.000000 0.000000 0.000000 0.000000 1.000000
0.995355 -0.088058 0.038905 0.000000 0.093931 0.799788 -0.592888 9.532500 0.021093 0.593789 0.804345 -0.000000 0.000000 0.000000 0.000000 1.000000
0.995136 -0.090227 0.039542 0.000000 0.095877 0.794853 -0.599180 9.532500 0.022632 0.600057 0.799637 0.000000 0.000000 0.000000 0.000000 1.000000
0.994921 -0.092298 0.040169 0.000000 0.097724 0.789970 -0.605307 9.532500 0.024136 0.606158 0.794978 0.000000 0.000000 0.000000 0.000000 1.000000
0.994874 -0.092640 0.040550 0.000000 0.098113 0.787084 -0.608994 9.532500 0.024501 0.609850 0.792138 0.000000 0.000000 0.000000 0.000000 1.000000
0.994752 -0.093635 0.041240 -0.000000 0.099111 0.781783 -0.615623 9.532500 0.025403 0.616480 0.786961 -0.000000 0.000000 0.000000 0.000000 1.000000
0.994438 -0.096567 0.042054 0.000000 0.101648 0.775288 -0.623375 9.532500 0.027593 0.624182 0.780792 0.000000 0.000000 0.000000 0.000000 1.000000
0.994037 -0.100333 0.042704 0.000000 0.104754 0.769900 -0.629508 9.532500 0.030283 0.630228 0.775819 -0.000000 0.000000 0.000000 0.000000 1.000000
0.993687 -0.103240 0.043902 -0.000000 0.107298 0.760326 -0.640618 9.532500 0.032757 0.641284 0.766604 0.000000 0.000000 0.000000 0.000000 1.000000
0.993334 -0.105995 0.045313 -0.000000 0.109730 0.748996 -0.653425 9.532500 0.035321 0.654041 0.755634 0.000000 0.000000 0.000000 0.000000 1.000000
0.992997 -0.108440 0.046876 0.000000 0.111913 0.736341 -0.667292 9.532500 0.037844 0.667865 0.743320 0.000000 0.000000 0.000000 0.000000 1.000000
0.992711 -0.110414 0.048303 -0.000000 0.113672 0.724677 -0.679648 9.532500 0.040039 0.680185 0.731946 0.000000 0.000000 0.000000 0.000000 1.000000
0.992514 -0.111838 0.049082 0.000000 0.114867 0.718200 -0.686290 9.532500 0.041502 0.686790 0.725670 0.000000 0.000000 0.000000 0.000000 1.000000
0.992382 -0.113005 0.049076 0.000000 0.115708 0.718093 -0.686261 9.532500 0.042309 0.686711 0.725698 0.000000 0.000000 0.000000 0.000000 1.000000
0.992262 -0.114235 0.048638 -0.000000 0.116517 0.721468 -0.682574 9.532500 0.042883 0.682960 0.729196 -0.000000 0.000000 0.000000 0.000000 1.000000
0.992099 -0.115970 0.047852 0.000000 0.117646 0.727550 -0.675892 9.532500 0.043568 0.676182 0.735445 0.000000 0.000000 0.000000 0.000000 1.000000
0.991942 -0.117901 0.046365 0.000000 0.118841 0.739118 -0.663010 9.532500 0.043900 0.663177 0.747174 0.000000 0.000000 0.000000 0.000000 1.000000
0.991833 -0.119699 0.044044 0.000000 0.119885 0.757055 -0.642257 9.532500 0.043534 0.642292 0.765223 0.000000 0.000000 0.000000 0.000000 1.000000
0.991650 -0.122252 0.041043 -0.000000 0.121541 0.779640 -0.614320 9.532500 0.043103 0.614179 0.787989 0.000000 0.000000 0.000000 0.000000 1.000000
0.991449 -0.125012 0.037433 0.000000 0.123482 0.805957 -0.578952 9.532500 0.042207 0.578624 0.814502 0.000000 0.000000 0.000000 0.000000 1.000000
0.991541 -0.125276 0.033953 0.000000 0.123544 0.830712 -0.542821 9.532500 0.039797 0.542424 0.839162 0.000000 0.000000 0.000000 0.000000 1.000000
0.992171 -0.121036 0.030763 0.000000 0.119820 0.853168 -0.507688 9.532500 0.035203 0.507399 0.860992 0.000000 0.000000 0.000000 0.000000 1.000000
0.993145 -0.113571 0.027659 0.000000 0.113142 0.874552 -0.471548 9.532500 0.029365 0.471445 0.881407 0.000000 0.000000 0.000000 0.000000 1.000000
0.993834 -0.108063 0.024808 0.000000 0.108011 0.893112 -0.436674 9.532500 0.025032 0.436661 0.899278 -0.000000 0.000000 0.000000 0.000000 1.000000
0.994362 -0.103572 0.022745 0.000000 0.103756 0.906026 -0.410307 9.532500 0.021889 0.410353 0.911664 -0.000000 0.000000 0.000000 0.000000 1.000000
0.994924 -0.098204 0.021979 0.000000 0.098771 0.911109 -0.400156 9.532500 0.019271 0.400295 0.916184 0.000000 0.000000 0.000000 0.000000 1.000000
0.995313 -0.094047 0.022513 0.000000 0.095047 0.908464 -0.407013 9.532500 0.017826 0.407245 0.913145 0.000000 0.000000 0.000000 0.000000 1.000000
0.995275 -0.093982 0.024411 0.000000 0.095296 0.897170 -0.431283 9.532500 0.018632 0.431571 0.901886 0.000000 0.000000 0.000000 0.000000 1.000000
0.994991 -0.096120 0.027441 0.000000 0.097744 0.878078 -0.468428 9.532500 0.020930 0.468764 0.883076 0.000000 0.000000 0.000000 0.000000 1.000000
0.994892 -0.096097 0.030909 -0.000000 0.098421 0.855366 -0.508589 9.532500 0.022435 0.509033 0.860454 0.000000 0.000000 0.000000 0.000000 1.000000
0.994859 -0.095387 0.034015 -0.000000 0.098533 0.834167 -0.542638 9.532500 0.023386 0.543200 0.839278 -0.000000 0.000000 0.000000 0.000000 1.000000
0.994827 -0.094887 0.036276 0.000000 0.098694 0.818214 -0.566379 9.532500 0.024061 0.567030 0.823346 0.000000 0.000000 0.000000 0.000000 1.000000
0.994783 -0.094964 0.037255 0.000000 0.099020 0.811143 -0.576405 9.532500 0.024518 0.577087 0.816315 0.000000 0.000000 0.000000 0.000000 1.000000</float_array>
        <technique_common>
          <accessor source="#mixamorig_RightHandMiddle1-Matrix-animation-output-transform-array" count="36" stride="16">
            <param type="float4x4"/>
          </accessor>
        </technique_common>
      </source>
      <source id="mixamorig_RightHandMiddle1-Interpolations">
        <Name_array id="mixamorig_RightHandMiddle1-Interpolations-array" count="36">
 LINEAR LINEAR LINEAR LINEAR LINEAR LINEAR LINEAR LINEAR LINEAR LINEAR LINEAR
LINEAR LINEAR LINEAR LINEAR LINEAR LINEAR LINEAR LINEAR LINEAR LINEAR LINEAR LINEAR
LINEAR LINEAR LINEAR LINEAR LINEAR LINEAR LINEAR LINEAR LINEAR LINEAR LINEAR LINEAR
LINEAR</Name_array>
        <technique_common>
          <accessor source="#mixamorig_RightHandMiddle1-Interpolations-array" count="36">
            <param type="name"/>
          </accessor>
        </technique_common>
      </source>
      <sampler id="mixamorig_RightHandMiddle1-Matrix-animation-transform">
        <input semantic="INPUT" source="#mixamorig_RightHandMiddle1-Matrix-animation-input"/>
        <input semantic="OUTPUT" source="#mixamorig_RightHandMiddle1-Matrix-animation-output-transform"/>
        <input semantic="INTERPOLATION" source="#mixamorig_RightHandMiddle1-Interpolations"/>
      </sampler>
      <channel source="#mixamorig_RightHandMiddle1-Matrix-animation-transform" target="mixamorig_RightHandMiddle1/matrix"/>
    </animation>
    <animation id="mixamorig_RightHandMiddle2-anim" name="mixamorig_RightHandMiddle2">
      <source id="mixamorig_RightHandMiddle2-Matrix-animation-input">
        <float_array id="mixamorig_RightHandMiddle2-Matrix-animation-input-array" count="36">

0.000000 0.033333 0.066667 0.100000 0.133333 0.166667 0.200000 0.233333 0.266667 0.300000 0.333333 0.366667 0.400000 0.433333 0.466667 0.500000
0.533333 0.566667 0.600000 0.633333 0.666667 0.700000 0.733333 0.766667 0.800000 0.833333 0.866667 0.900000 0.933333 0.966667 1.000000 1.033333
1.066667 1.100000 1.133333 1.166667</float_array>
        <technique_common>
          <accessor source="#mixamorig_RightHandMiddle2-Matrix-animation-input-array" count="36">
            <param name="TIME" type="float"/>
          </accessor>
        </technique_common>
      </source>
      <source id="mixamorig_RightHandMiddle2-Matrix-animation-output-transform">
        <float_array id="mixamorig_RightHandMiddle2-Matrix-animation-output-transform-array" count="576">

0.998591 -0.050170 0.017296 0.000000 0.050170 0.786284 -0.615825 3.700000 0.017296 0.615825 0.787693 0.000000 0.000000 0.000000 0.000000 1.000000
0.998578 -0.050373 0.017456 0.000000 0.050373 0.784313 -0.618317 3.700000 0.017456 0.618317 0.785735 0.000000 0.000000 0.000000 0.000000 1.000000
0.998558 -0.050677 0.017696 0.000000 0.050677 0.781343 -0.622041 3.700000 0.017696 0.622041 0.782785 0.000000 0.000000 0.000000 0.000000 1.000000
0.998535 -0.051034 0.017982 0.000000 0.051034 0.777811 -0.626423 3.700000 0.017982 0.626423 0.779276 0.000000 0.000000 0.000000 0.000000 1.000000
0.998495 -0.051637 0.018472 0.000000 0.051637 0.771753 -0.633823 3.700000 0.018473 0.633823 0.773258 -0.000000 0.000000 0.000000 0.000000 1.000000
0.998447 -0.052343 0.019059 0.000000 0.052343 0.764504 -0.642490 3.700000 0.019059 0.642490 0.766057 0.000000 0.000000 0.000000 0.000000 1.000000
0.998400 -0.053021 0.019636 -0.000000 0.053021 0.757379 -0.650820 3.700000 0.019636 0.650820 0.758978 -0.000000 0.000000 0.000000 0.000000 1.000000
0.998343 -0.053835 0.020345 0.000000 0.053835 0.748618 -0.660812 3.700000 0.020345 0.660812 0.750276 -0.000000 0.000000 0.000000 0.000000 1.000000
0.998279 -0.054706 0.021125 0.000000 0.054706 0.738982 -0.671501 3.700000 0.021125 0.671501 0.740703 0.000000 0.000000 0.000000 0.000000 1.000000
0.998221 -0.055480 0.021837 0.000000 0.055480 0.730181 -0.680998 3.700000 0.021837 0.680998 0.731960 -0.000000 0.000000 0.000000 0.000000 1.000000
0.998162 -0.056250 0.022565 -0.000000 0.056250 0.721189 -0.690451 3.700000 0.022565 0.690451 0.723028 0.000000 0.000000 0.000000 0.000000 1.000000
0.998108 -0.056931 0.023224 0.000000 0.056931 0.713042 -0.698806 3.700000 0.023224 0.698806 0.714934 -0.000000 0.000000 0.000000 0.000000 1.000000
0.998061 -0.057509 0.023797 0.000000 0.057509 0.705966 -0.705907 3.700000 0.023797 0.705907 0.707905 -0.000000 0.000000 0.000000 0.000000 1.000000
0.998016 -0.058054 0.024347 0.000000 0.058054 0.699164 -0.712600 3.700000 0.024347 0.712600 0.701148 0.000000 0.000000 0.000000 0.000000 1.000000
0.997979 -0.058508 0.024813 0.000000 0.058508 0.693411 -0.718163 3.700000 0.024813 0.718163 0.695432 0.000000 0.000000 0.000000 0.000000 1.000000
0.997953 -0.058804 0.025121 0.000000 0.058804 0.689605 -0.721795 3.700000 0.025121 0.721795 0.691651 -0.000000 0.000000 0.000000 0.000000 1.000000
0.997951 -0.058833 0.025152 -0.000000 0.058833 0.689222 -0.722157 3.700000 0.025152 0.722157 0.691271 0.000000 0.000000 0.000000 0.000000 1.000000
0.997972 -0.058581 0.024889 0.000000 0.058582 0.692465 -0.719069 3.700000 0.024889 0.719069 0.694493 0.000000 0.000000 0.000000 0.000000 1.000000
0.998011 -0.058118 0.024412 0.000000 0.058118 0.698365 -0.713379 3.700000 0.024412 0.713379 0.700353 0.000000 0.000000 0.000000 0.000000 1.000000
0.998081 -0.057261 0.023550 0.000000 0.057262 0.709014 -0.702866 3.700000 0.023550 0.702866 0.710933 0.000000 0.000000 0.000000 0.000000 1.000000
0.998198 -0.055785 0.022123 0.000000 0.055785 0.726646 -0.684743 3.700000 0.022123 0.684743 0.728449 0.000000 0.000000 0.000000 0.000000 1.000000
0.998348 -0.053765 0.020282 0.000000 0.053764 0.749391 -0.659941 3.700000 0.020282 0.659941 0.751044 0.000000 0.000000 0.000000 0.000000 1.000000
0.998518 -0.051300 0.018197 0.000000 0.051300 0.775153 -0.629687 3.700000 0.018197 0.629687 0.776635 0.000000 0.000000 0.000000 0.000000 1.000000
0.998695 -0.048489 0.016014 0.000000 0.048489 0.802124 -0.595185 3.700000 0.016014 0.595185 0.803429 -0.000000 0.000000 0.000000 0.000000 1.000000
0.998857 -0.045693 0.014030 0.000000 0.045693 0.826640 -0.560872 3.700000 0.014030 0.560872 0.827783 0.000000 0.000000 0.000000 0.000000 1.000000
0.998992 -0.043143 0.012369 0.000000 0.043143 0.847174 -0.529561 3.700000 0.012368 0.529561 0.848182 -0.000000 0.000000 0.000000 0.000000 1.000000
0.999108 -0.040781 0.010947 0.000000 0.040781 0.864732 -0.500574 3.700000 0.010947 0.500574 0.865624 -0.000000 0.000000 0.000000 0.000000 1.000000
0.999185 -0.039110 0.010006 0.000000 0.039110 0.876363 -0.480061 3.700000 0.010006 0.480061 0.877178 0.000000 0.000000 0.000000 0.000000 1.000000
0.999210 -0.038550 0.009703 0.000000 0.038550 0.880115 -0.473192 3.700000 0.009702 0.473192 0.880906 -0.000000 0.000000 0.000000 0.000000 1.000000
0.999179 -0.039233 0.010074 0.000000 0.039233 0.875525 -0.481578 3.700000 0.010074 0.481578 0.876345 -0.000000 0.000000 0.000000 0.000000 1.000000
0.999098 -0.040995 0.011071 0.000000 0.040995 0.863198 -0.503198 3.700000 0.011072 0.503198 0.864100 0.000000 0.000000 0.000000 0.000000 1.000000
0.998981 -0.043372 0.012512 0.000000 0.043372 0.845396 -0.532376 3.700000 0.012512 0.532376 0.846415 -0.000000 0.000000 0.000000 0.000000 1.000000
0.998851 -0.045808 0.014108 -0.000000 0.045808 0.825674 -0.562284 3.700000 0.014108 0.562284 0.826824 -0.000000 0.000000 0.000000 0.000000 1.000000
0.998725 -0.047990 0.015647 0.000000 0.047990 0.806665 -0.589058 3.700000 0.015647 0.589058 0.807940 0.000000 0.000000 0.000000 0.000000 1.000000
0.998629 -0.049564 0.016826 0.000000 0.049564 0.792093 -0.608385 3.700000 0.016826 0.608385 0.793464 0.000000 0.000000 0.000000 0.000000 1.000000
0.998591 -0.050170 0.017296 0.000000 0.050170 0.786288 -0.615820 3.700000 0.017296 0.615820 0.787697 -0.000000 0.000000 0.000000 0.000000 1.000000</float_array>
        <technique_common>
          <accessor source="#mixamorig_RightHandMiddle2-Matrix-animation-output-transform-array" count="36" stride="16">
            <param type="float4x4"/>
          </accessor>
        </technique_common>
      </source>
      <source id="mixamorig_RightHandMiddle2-Interpolations">
        <Name_array id="mixamorig_RightHandMiddle2-Interpolations-array" count="36">
 LINEAR LINEAR LINEAR LINEAR LINEAR LINEAR LINEAR LINEAR LINEAR LINEAR LINEAR
LINEAR LINEAR LINEAR LINEAR LINEAR LINEAR LINEAR LINEAR LINEAR LINEAR LINEAR LINEAR
LINEAR LINEAR LINEAR LINEAR LINEAR LINEAR LINEAR LINEAR LINEAR LINEAR LINEAR LINEAR
LINEAR</Name_array>
        <technique_common>
          <accessor source="#mixamorig_RightHandMiddle2-Interpolations-array" count="36">
            <param type="name"/>
          </accessor>
        </technique_common>
      </source>
      <sampler id="mixamorig_RightHandMiddle2-Matrix-animation-transform">
        <input semantic="INPUT" source="#mixamorig_RightHandMiddle2-Matrix-animation-input"/>
        <input semantic="OUTPUT" source="#mixamorig_RightHandMiddle2-Matrix-animation-output-transform"/>
        <input semantic="INTERPOLATION" source="#mixamorig_RightHandMiddle2-Interpolations"/>
      </sampler>
      <channel source="#mixamorig_RightHandMiddle2-Matrix-animation-transform" target="mixamorig_RightHandMiddle2/matrix"/>
    </animation>
    <animation id="mixamorig_RightHandMiddle3-anim" name="mixamorig_RightHandMiddle3">
      <source id="mixamorig_RightHandMiddle3-Matrix-animation-input">
        <float_array id="mixamorig_RightHandMiddle3-Matrix-animation-input-array" count="36">

0.000000 0.033333 0.066667 0.100000 0.133333 0.166667 0.200000 0.233333 0.266667 0.300000 0.333333 0.366667 0.400000 0.433333 0.466667 0.500000
0.533333 0.566667 0.600000 0.633333 0.666667 0.700000 0.733333 0.766667 0.800000 0.833333 0.866667 0.900000 0.933333 0.966667 1.000000 1.033333
1.066667 1.100000 1.133333 1.166667</float_array>
        <technique_common>
          <accessor source="#mixamorig_RightHandMiddle3-Matrix-animation-input-array" count="36">
            <param name="TIME" type="float"/>
          </accessor>
        </technique_common>
      </source>
      <source id="mixamorig_RightHandMiddle3-Matrix-animation-output-transform">
        <float_array id="mixamorig_RightHandMiddle3-Matrix-animation-output-transform-array" count="576">

0.999786 -0.020520 0.002627 0.000000 0.020520 0.967543 -0.251871 2.950000 0.002627 0.251871 0.967757 0.000000 0.000000 0.000000 0.000000 1.000000
0.999784 -0.020632 0.002656 -0.000000 0.020632 0.967181 -0.253251 2.950000 0.002656 0.253251 0.967397 0.000000 0.000000 0.000000 0.000000 1.000000
0.999774 -0.021057 0.002769 0.000000 0.021057 0.965788 -0.258475 2.950000 0.002769 0.258475 0.966014 0.000000 0.000000 0.000000 0.000000 1.000000
0.999761 -0.021652 0.002930 0.000000 0.021652 0.963794 -0.265767 2.950000 0.002930 0.265767 0.964033 -0.000000 0.000000 0.000000 0.000000 1.000000
0.999743 -0.022442 0.003152 0.000000 0.022442 0.961049 -0.275464 2.950000 0.003152 0.275464 0.961306 0.000000 0.000000 0.000000 0.000000 1.000000
0.999721 -0.023356 0.003420 0.000000 0.023356 0.957739 -0.286687 2.950000 0.003420 0.286687 0.958018 -0.000000 0.000000 0.000000 0.000000 1.000000
0.999697 -0.024341 0.003722 0.000000 0.024341 0.954012 -0.298780 2.950000 0.003722 0.298780 0.954315 0.000000 0.000000 0.000000 0.000000 1.000000
0.999668 -0.025432 0.004072 0.000000 0.025432 0.949686 -0.312169 2.950000 0.004072 0.312169 0.950018 -0.000000 0.000000 0.000000 0.000000 1.000000
0.999638 -0.026547 0.004447 -0.000000 0.026547 0.945045 -0.325861 2.950000 0.004448 0.325861 0.945407 -0.000000 0.000000 0.000000 0.000000 1.000000
0.999607 -0.027619 0.004825 0.000000 0.027619 0.940377 -0.339012 2.950000 0.004825 0.339012 0.940770 0.000000 0.000000 0.000000 0.000000 1.000000
0.999576 -0.028643 0.005202 0.000000 0.028643 0.935717 -0.351586 2.950000 0.005203 0.351586 0.936141 0.000000 0.000000 0.000000 0.000000 1.000000
0.999547 -0.029564 0.005555 -0.000000 0.029564 0.931363 -0.362889 2.950000 0.005555 0.362889 0.931816 -0.000000 0.000000 0.000000 0.000000 1.000000
0.999522 -0.030355 0.005868 0.000000 0.030355 0.927493 -0.372605 2.950000 0.005868 0.372605 0.927971 0.000000 0.000000 0.000000 0.000000 1.000000
0.999500 -0.031017 0.006137 0.000000 0.031017 0.924171 -0.380718 2.950000 0.006137 0.380718 0.924671 0.000000 0.000000 0.000000 0.000000 1.000000
0.999483 -0.031519 0.006346 0.000000 0.031519 0.921591 -0.386882 2.950000 0.006346 0.386882 0.922108 -0.000000 0.000000 0.000000 0.000000 1.000000
0.999472 -0.031835 0.006479 -0.000000 0.031835 0.919941 -0.390763 2.950000 0.006479 0.390763 0.920468 0.000000 0.000000 0.000000 0.000000 1.000000
0.999469 -0.031928 0.006519 -0.000000 0.031928 0.919453 -0.391902 2.950000 0.006519 0.391902 0.919984 0.000000 0.000000 0.000000 0.000000 1.000000
0.999477 -0.031702 0.006423 0.000000 0.031702 0.920636 -0.389133 2.950000 0.006423 0.389133 0.921159 0.000000 0.000000 0.000000 0.000000 1.000000
0.999496 -0.031132 0.006185 0.000000 0.031132 0.923581 -0.382137 2.950000 0.006185 0.382137 0.924085 0.000000 0.000000 0.000000 0.000000 1.000000
0.999527 -0.030189 0.005801 -0.000000 0.030189 0.928319 -0.370557 2.950000 0.005801 0.370557 0.928792 -0.000000 0.000000 0.000000 0.000000 1.000000
0.999584 -0.028397 0.005111 0.000000 0.028397 0.936853 -0.348569 2.950000 0.005111 0.348569 0.937269 -0.000000 0.000000 0.000000 0.000000 1.000000
0.999657 -0.025855 0.004212 0.000000 0.025855 0.947953 -0.317360 2.950000 0.004212 0.317360 0.948296 0.000000 0.000000 0.000000 0.000000 1.000000
0.999736 -0.022763 0.003245 0.000000 0.022763 0.959903 -0.279407 2.950000 0.003245 0.279407 0.960167 -0.000000 0.000000 0.000000 0.000000 1.000000
0.999809 -0.019390 0.002341 -0.000000 0.019390 0.971070 -0.238005 2.950000 0.002341 0.238005 0.971261 0.000000 0.000000 0.000000 0.000000 1.000000
0.999869 -0.016081 0.001603 -0.000000 0.016081 0.980193 -0.197391 2.950000 0.001603 0.197391 0.980323 0.000000 0.000000 0.000000 0.000000 1.000000
0.999916 -0.012956 0.001037 0.000000 0.012956 0.987188 -0.159035 2.950000 0.001037 0.159035 0.987272 0.000000 0.000000 0.000000 0.000000 1.000000
0.999947 -0.010270 0.000650 0.000000 0.010270 0.991970 -0.126056 2.950000 0.000650 0.126056 0.992023 0.000000 0.000000 0.000000 0.000000 1.000000
0.999965 -0.008371 0.000431 0.000000 0.008371 0.994672 -0.102747 2.950000 0.000431 0.102747 0.994707 0.000000 0.000000 0.000000 0.000000 1.000000
0.999972 -0.007456 0.000342 0.000000 0.007456 0.995775 -0.091520 2.950000 0.000342 0.091520 0.995803 0.000000 0.000000 0.000000 0.000000 1.000000
0.999968 -0.007964 0.000390 0.000000 0.007964 0.995178 -0.097761 2.950000 0.000390 0.097761 0.995210 0.000000 0.000000 0.000000 0.000000 1.000000
0.999952 -0.009768 0.000588 0.000000 0.009768 0.992739 -0.119895 2.950000 0.000588 0.119895 0.992786 0.000000 0.000000 0.000000 0.000000 1.000000
0.999924 -0.012310 0.000935 0.000000 0.012310 0.988441 -0.151104 2.950000 0.000936 0.151104 0.988517 -0.000000 0.000000 0.000000 0.000000 1.000000
0.999883 -0.015217 0.001434 0.000000 0.015217 0.982284 -0.186782 2.950000 0.001434 0.186782 0.982400 0.000000 0.000000 0.000000 0.000000 1.000000
0.999839 -0.017860 0.001982 0.000000 0.017860 0.975510 -0.219228 2.950000 0.001982 0.219228 0.975672 0.000000 0.000000 0.000000 0.000000 1.000000
0.999801 -0.019776 0.002437 0.000000 0.019776 0.969888 -0.242746 2.950000 0.002437 0.242746 0.970087 -0.000000 0.000000 0.000000 0.000000 1.000000
0.999786 -0.020520 0.002627 0.000000 0.020520 0.967543 -0.251873 2.950000 0.002627 0.251873 0.967757 0.000000 0.000000 0.000000 0.000000 1.000000</float_array>
        <technique_common>
          <accessor source="#mixamorig_RightHandMiddle3-Matrix-animation-output-transform-array" count="36" stride="16">
            <param type="float4x4"/>
          </accessor>
        </technique_common>
      </source>
      <source id="mixamorig_RightHandMiddle3-Interpolations">
        <Name_array id="mixamorig_RightHandMiddle3-Interpolations-array" count="36">
 LINEAR LINEAR LINEAR LINEAR LINEAR LINEAR LINEAR LINEAR LINEAR LINEAR LINEAR
LINEAR LINEAR LINEAR LINEAR LINEAR LINEAR LINEAR LINEAR LINEAR LINEAR LINEAR LINEAR
LINEAR LINEAR LINEAR LINEAR LINEAR LINEAR LINEAR LINEAR LINEAR LINEAR LINEAR LINEAR
LINEAR</Name_array>
        <technique_common>
          <accessor source="#mixamorig_RightHandMiddle3-Interpolations-array" count="36">
            <param type="name"/>
          </accessor>
        </technique_common>
      </source>
      <sampler id="mixamorig_RightHandMiddle3-Matrix-animation-transform">
        <input semantic="INPUT" source="#mixamorig_RightHandMiddle3-Matrix-animation-input"/>
        <input semantic="OUTPUT" source="#mixamorig_RightHandMiddle3-Matrix-animation-output-transform"/>
        <input semantic="INTERPOLATION" source="#mixamorig_RightHandMiddle3-Interpolations"/>
      </sampler>
      <channel source="#mixamorig_RightHandMiddle3-Matrix-animation-transform" target="mixamorig_RightHandMiddle3/matrix"/>
    </animation>
    <animation id="mixamorig_RightHandRing1-anim" name="mixamorig_RightHandRing1">
      <source id="mixamorig_RightHandRing1-Matrix-animation-input">
        <float_array id="mixamorig_RightHandRing1-Matrix-animation-input-array" count="36">

0.000000 0.033333 0.066667 0.100000 0.133333 0.166667 0.200000 0.233333 0.266667 0.300000 0.333333 0.366667 0.400000 0.433333 0.466667 0.500000
0.533333 0.566667 0.600000 0.633333 0.666667 0.700000 0.733333 0.766667 0.800000 0.833333 0.866667 0.900000 0.933333 0.966667 1.000000 1.033333
1.066667 1.100000 1.133333 1.166667</float_array>
        <technique_common>
          <accessor source="#mixamorig_RightHandRing1-Matrix-animation-input-array" count="36">
            <param name="TIME" type="float"/>
          </accessor>
        </technique_common>
      </source>
      <source id="mixamorig_RightHandRing1-Matrix-animation-output-transform">
        <float_array id="mixamorig_RightHandRing1-Matrix-animation-output-transform-array" count="576">

0.987477 -0.150982 0.045760 -1.865100 0.143439 0.738441 -0.658886 9.103600 0.065689 0.657198 0.750850 0.043100 0.000000 0.000000 0.000000 1.000000
0.987822 -0.148662 0.045904 -1.865100 0.141698 0.737742 -0.660044 9.103600 0.064258 0.658511 0.749823 0.043100 0.000000 0.000000 0.000000 1.000000
0.988411 -0.144587 0.046239 -1.865100 0.138647 0.735835 -0.662815 9.103600 0.061810 0.661545 0.747354 0.043100 0.000000 0.000000 0.000000 1.000000
0.988584 -0.143236 0.046744 -1.865100 0.137617 0.732076 -0.667178 9.103600 0.061343 0.665995 0.743430 0.043100 0.000000 0.000000 0.000000 1.000000
0.988418 -0.144201 0.047293 -1.865100 0.138294 0.727531 -0.671992 9.103600 0.062495 0.670749 0.739047 0.043100 0.000000 0.000000 0.000000 1.000000
0.988132 -0.145946 0.047898 -1.865100 0.139525 0.722381 -0.677273 9.103600 0.064245 0.675919 0.734171 0.043100 0.000000 0.000000 0.000000 1.000000
0.987780 -0.148111 0.048509 -1.865100 0.141042 0.717074 -0.682577 9.103600 0.066313 0.681078 0.729202 0.043100 0.000000 0.000000 0.000000 1.000000
0.987768 -0.147993 0.049109 -1.865100 0.140901 0.712249 -0.687640 9.103600 0.066788 0.686148 0.724389 0.043100 0.000000 0.000000 0.000000 1.000000
0.987855 -0.147121 0.049974 -1.865100 0.140202 0.705384 -0.694821 9.103600 0.066972 0.693389 0.717444 0.043100 0.000000 0.000000 0.000000 1.000000
0.987375 -0.150002 0.050896 -1.865100 0.142148 0.697298 -0.702545 9.103600 0.069893 0.700910 0.709817 0.043100 0.000000 0.000000 0.000000 1.000000
0.986470 -0.155576 0.051698 -1.865100 0.145934 0.689631 -0.709304 9.103600 0.074698 0.707252 0.703004 0.043100 0.000000 0.000000 0.000000 1.000000
0.985623 -0.160410 0.053058 -1.865100 0.149022 0.677371 -0.720389 9.103600 0.079617 0.717940 0.691537 0.043100 0.000000 0.000000 0.000000 1.000000
0.984852 -0.164561 0.054642 -1.865100 0.151484 0.663222 -0.732932 9.103600 0.084372 0.730107 0.678104 0.043100 0.000000 0.000000 0.000000 1.000000
0.984015 -0.168963 0.056268 -1.865100 0.153978 0.648481 -0.745495 9.103600 0.089473 0.742243 0.664131 0.043100 0.000000 0.000000 0.000000 1.000000
0.983351 -0.172309 0.057705 -1.865100 0.155723 0.635411 -0.756309 9.103600 0.093652 0.752703 0.651665 0.043100 0.000000 0.000000 0.000000 1.000000
0.982971 -0.174115 0.058747 -1.865100 0.156541 0.625994 -0.763955 9.103600 0.096241 0.760142 0.642590 0.043100 0.000000 0.000000 0.000000 1.000000
0.982659 -0.175669 0.059341 -1.865100 0.157316 0.620468 -0.768291 9.103600 0.098145 0.764304 0.637344 0.043100 0.000000 0.000000 0.000000 1.000000
0.982294 -0.177687 0.059371 -1.865100 0.158563 0.619752 -0.768613 9.103600 0.099777 0.764418 0.636953 0.043100 0.000000 0.000000 0.000000 1.000000
0.981812 -0.180437 0.059056 -1.865100 0.160395 0.621883 -0.766508 9.103600 0.101581 0.762039 0.639514 0.043100 0.000000 0.000000 0.000000 1.000000
0.981481 -0.182551 0.058053 -1.865100 0.162114 0.630105 -0.759399 9.103600 0.102050 0.754747 0.648030 0.043100 0.000000 0.000000 0.000000 1.000000
0.981126 -0.185080 0.056001 -1.865100 0.164566 0.647140 -0.744397 9.103600 0.101533 0.739564 0.665384 0.043100 0.000000 0.000000 0.000000 1.000000
0.980676 -0.188242 0.053286 -1.865100 0.167804 0.669320 -0.723776 9.103600 0.100580 0.718732 0.687974 0.043100 0.000000 0.000000 0.000000 1.000000
0.980292 -0.191107 0.050062 -1.865100 0.171189 0.695256 -0.698078 9.103600 0.098602 0.692890 0.714270 0.043100 0.000000 0.000000 0.000000 1.000000
0.980432 -0.191321 0.046351 -1.865100 0.172997 0.725025 -0.666641 9.103600 0.093937 0.661615 0.743936 0.043100 0.000000 0.000000 0.000000 1.000000
0.981396 -0.187191 0.042670 -1.865100 0.171484 0.754689 -0.633276 9.103600 0.086341 0.628812 0.772749 0.043100 0.000000 0.000000 0.000000 1.000000
0.982984 -0.179480 0.039110 -1.865100 0.166846 0.783299 -0.598836 9.103600 0.076844 0.595172 0.799916 0.043100 0.000000 0.000000 0.000000 1.000000
0.984279 -0.172948 0.035833 -1.865100 0.162662 0.808590 -0.565441 9.103600 0.068818 0.562380 0.824010 0.043100 0.000000 0.000000 0.000000 1.000000
0.985419 -0.166975 0.032683 -1.865100 0.158604 0.831951 -0.531697 9.103600 0.061590 0.529129 0.846304 0.043100 0.000000 0.000000 0.000000 1.000000
0.986922 -0.158249 0.030695 -1.865100 0.151684 0.847224 -0.509121 9.103600 0.054563 0.507119 0.860147 0.043100 0.000000 0.000000 0.000000 1.000000
0.988204 -0.150078 0.030476 -1.865100 0.144736 0.850266 -0.506062 9.103600 0.050036 0.504504 0.861958 0.043100 0.000000 0.000000 0.000000 1.000000
0.988480 -0.147876 0.032245 -1.865100 0.142616 0.838725 -0.525549 9.103600 0.050671 0.524093 0.850152 0.043100 0.000000 0.000000 0.000000 1.000000
0.988108 -0.149672 0.035226 -1.865100 0.143725 0.817629 -0.557517 9.103600 0.054643 0.555950 0.829418 0.043100 0.000000 0.000000 0.000000 1.000000
0.987804 -0.150744 0.038975 -1.865100 0.144101 0.790291 -0.595546 9.103600 0.058973 0.593900 0.802375 0.043100 0.000000 0.000000 0.000000 1.000000
0.987791 -0.149887 0.042457 -1.865100 0.143000 0.764285 -0.628824 9.103600 0.061804 0.627218 0.776387 0.043100 0.000000 0.000000 0.000000 1.000000
0.987706 -0.149771 0.044780 -1.865100 0.142647 0.746354 -0.650083 9.103600 0.063942 0.648479 0.758542 0.043100 0.000000 0.000000 0.000000 1.000000
0.987477 -0.150982 0.045761 -1.865100 0.143439 0.738441 -0.658886 9.103600 0.065689 0.657198 0.750850 0.043100 0.000000 0.000000 0.000000 1.000000</float_array>
        <technique_common>
          <accessor source="#mixamorig_RightHandRing1-Matrix-animation-output-transform-array" count="36" stride="16">
            <param type="float4x4"/>
          </accessor>
        </technique_common>
      </source>
      <source id="mixamorig_RightHandRing1-Interpolations">
        <Name_array id="mixamorig_RightHandRing1-Interpolations-array" count="36">
 LINEAR LINEAR LINEAR LINEAR LINEAR LINEAR LINEAR LINEAR LINEAR LINEAR LINEAR
LINEAR LINEAR LINEAR LINEAR LINEAR LINEAR LINEAR LINEAR LINEAR LINEAR LINEAR LINEAR
LINEAR LINEAR LINEAR LINEAR LINEAR LINEAR LINEAR LINEAR LINEAR LINEAR LINEAR LINEAR
LINEAR</Name_array>
        <technique_common>
          <accessor source="#mixamorig_RightHandRing1-Interpolations-array" count="36">
            <param type="name"/>
          </accessor>
        </technique_common>
      </source>
      <sampler id="mixamorig_RightHandRing1-Matrix-animation-transform">
        <input semantic="INPUT" source="#mixamorig_RightHandRing1-Matrix-animation-input"/>
        <input semantic="OUTPUT" source="#mixamorig_RightHandRing1-Matrix-animation-output-transform"/>
        <input semantic="INTERPOLATION" source="#mixamorig_RightHandRing1-Interpolations"/>
      </sampler>
      <channel source="#mixamorig_RightHandRing1-Matrix-animation-transform" target="mixamorig_RightHandRing1/matrix"/>
    </animation>
    <animation id="mixamorig_RightHandRing2-anim" name="mixamorig_RightHandRing2">
      <source id="mixamorig_RightHandRing2-Matrix-animation-input">
        <float_array id="mixamorig_RightHandRing2-Matrix-animation-input-array" count="36">

0.000000 0.033333 0.066667 0.100000 0.133333 0.166667 0.200000 0.233333 0.266667 0.300000 0.333333 0.366667 0.400000 0.433333 0.466667 0.500000
0.533333 0.566667 0.600000 0.633333 0.666667 0.700000 0.733333 0.766667 0.800000 0.833333 0.866667 0.900000 0.933333 0.966667 1.000000 1.033333
1.066667 1.100000 1.133333 1.166667</float_array>
        <technique_common>
          <accessor source="#mixamorig_RightHandRing2-Matrix-animation-input-array" count="36">
            <param name="TIME" type="float"/>
          </accessor>
        </technique_common>
      </source>
      <source id="mixamorig_RightHandRing2-Matrix-animation-output-transform">
        <float_array id="mixamorig_RightHandRing2-Matrix-animation-output-transform-array" count="576">

0.998879 -0.045285 0.013755 0.000000 0.045285 0.830043 -0.555858 3.379300 0.013755 0.555858 0.831163 0.000000 0.000000 0.000000 0.000000 1.000000
0.998867 -0.045515 0.013909 0.000000 0.045515 0.828134 -0.558680 3.379300 0.013909 0.558680 0.829267 0.000000 0.000000 0.000000 0.000000 1.000000
0.998842 -0.045960 0.014212 -0.000000 0.045960 0.824394 -0.564148 3.379300 0.014212 0.564148 0.825552 0.000000 0.000000 0.000000 0.000000 1.000000
0.998811 -0.046514 0.014594 0.000000 0.046514 0.819671 -0.570944 3.379300 0.014594 0.570944 0.820860 0.000000 0.000000 0.000000 0.000000 1.000000
0.998778 -0.047085 0.014996 -0.000000 0.047085 0.814708 -0.577957 3.379300 0.014996 0.577957 0.815930 -0.000000 0.000000 0.000000 0.000000 1.000000
0.998738 -0.047773 0.015489 0.000000 0.047773 0.808612 -0.586399 3.379300 0.015489 0.586399 0.809874 0.000000 0.000000 0.000000 0.000000 1.000000
0.998695 -0.048502 0.016024 0.000000 0.048502 0.802006 -0.595344 3.379300 0.016024 0.595344 0.803311 -0.000000 0.000000 0.000000 0.000000 1.000000
0.998650 -0.049224 0.016567 0.000000 0.049224 0.795300 -0.604214 3.379300 0.016567 0.604214 0.796650 0.000000 0.000000 0.000000 0.000000 1.000000
0.998601 -0.050013 0.017173 0.000000 0.050013 0.787809 -0.613886 3.379300 0.017173 0.613886 0.789208 0.000000 0.000000 0.000000 0.000000 1.000000
0.998551 -0.050793 0.017789 -0.000000 0.050793 0.780198 -0.623467 3.379300 0.017789 0.623467 0.781647 0.000000 0.000000 0.000000 0.000000 1.000000
0.998505 -0.051488 0.018351 -0.000000 0.051489 0.773250 -0.632007 3.379300 0.018351 0.632007 0.774745 0.000000 0.000000 0.000000 0.000000 1.000000
0.998458 -0.052189 0.018930 0.000000 0.052189 0.766098 -0.640602 3.379300 0.018930 0.640602 0.767640 0.000000 0.000000 0.000000 0.000000 1.000000
0.998408 -0.052913 0.019543 0.000000 0.052913 0.758523 -0.649495 3.379300 0.019543 0.649495 0.760115 0.000000 0.000000 0.000000 0.000000 1.000000
0.998358 -0.053614 0.020150 0.000000 0.053614 0.751026 -0.658093 3.379300 0.020150 0.658093 0.752667 0.000000 0.000000 0.000000 0.000000 1.000000
0.998316 -0.054209 0.020676 0.000000 0.054209 0.744519 -0.665397 3.379300 0.020677 0.665397 0.746203 0.000000 0.000000 0.000000 0.000000 1.000000
0.998286 -0.054617 0.021043 -0.000000 0.054617 0.739986 -0.670401 3.379300 0.021043 0.670401 0.741701 0.000000 0.000000 0.000000 0.000000 1.000000
0.998271 -0.054816 0.021225 0.000000 0.054816 0.737738 -0.672857 3.379300 0.021225 0.672857 0.739468 -0.000000 0.000000 0.000000 0.000000 1.000000
0.998278 -0.054725 0.021141 -0.000000 0.054725 0.738773 -0.671729 3.379300 0.021141 0.671729 0.740496 0.000000 0.000000 0.000000 0.000000 1.000000
0.998305 -0.054355 0.020807 -0.000000 0.054355 0.742900 -0.667192 3.379300 0.020807 0.667192 0.744595 -0.000000 0.000000 0.000000 0.000000 1.000000
0.998351 -0.053715 0.020238 -0.000000 0.053715 0.749936 -0.659325 3.379300 0.020238 0.659325 0.751585 0.000000 0.000000 0.000000 0.000000 1.000000
0.998434 -0.052531 0.019217 0.000000 0.052531 0.762548 -0.644796 3.379300 0.019217 0.644796 0.764113 -0.000000 0.000000 0.000000 0.000000 1.000000
0.998562 -0.050623 0.017653 0.000000 0.050622 0.781876 -0.621375 3.379300 0.017653 0.621375 0.783315 -0.000000 0.000000 0.000000 0.000000 1.000000
0.998713 -0.048194 0.015796 0.000000 0.048194 0.804819 -0.591561 3.379300 0.015796 0.591561 0.806106 0.000000 0.000000 0.000000 0.000000 1.000000
0.998872 -0.045411 0.013840 0.000000 0.045411 0.828994 -0.557411 3.379300 0.013840 0.557411 0.830121 -0.000000 0.000000 0.000000 0.000000 1.000000
0.999027 -0.042461 0.011947 0.000000 0.042461 0.852382 -0.521193 3.379300 0.011947 0.521193 0.853356 -0.000000 0.000000 0.000000 0.000000 1.000000
0.999167 -0.039505 0.010224 0.000000 0.039505 0.873668 -0.484915 3.379300 0.010224 0.484915 0.874501 0.000000 0.000000 0.000000 0.000000 1.000000
0.999283 -0.036836 0.008807 0.000000 0.036836 0.891183 -0.452145 3.379300 0.008807 0.452145 0.891901 -0.000000 0.000000 0.000000 0.000000 1.000000
0.999368 -0.034699 0.007762 -0.000000 0.034699 0.904097 -0.425916 3.379300 0.007761 0.425916 0.904730 0.000000 0.000000 0.000000 0.000000 1.000000
0.999417 -0.033394 0.007161 0.000000 0.033394 0.911519 -0.409899 3.379300 0.007161 0.409899 0.912103 0.000000 0.000000 0.000000 0.000000 1.000000
0.999421 -0.033265 0.007103 0.000000 0.033265 0.912236 -0.408313 3.379300 0.007103 0.408313 0.912814 0.000000 0.000000 0.000000 0.000000 1.000000
0.999367 -0.034705 0.007765 0.000000 0.034705 0.904058 -0.425997 3.379300 0.007765 0.425997 0.904691 -0.000000 0.000000 0.000000 0.000000 1.000000
0.999270 -0.037126 0.008955 0.000000 0.037127 0.889351 -0.455715 3.379300 0.008955 0.455715 0.890081 0.000000 0.000000 0.000000 0.000000 1.000000
0.999149 -0.039893 0.010441 0.000000 0.039893 0.870990 -0.489678 3.379300 0.010441 0.489678 0.871841 -0.000000 0.000000 0.000000 0.000000 1.000000
0.999022 -0.042558 0.012007 0.000000 0.042558 0.851647 -0.522385 3.379300 0.012006 0.522385 0.852625 -0.000000 0.000000 0.000000 0.000000 1.000000
0.998921 -0.044521 0.013250 -0.000000 0.044521 0.836285 -0.546485 3.379300 0.013249 0.546485 0.837364 -0.000000 0.000000 0.000000 0.000000 1.000000
0.998879 -0.045285 0.013755 0.000000 0.045285 0.830043 -0.555858 3.379300 0.013755 0.555858 0.831163 -0.000000 0.000000 0.000000 0.000000 1.000000</float_array>
        <technique_common>
          <accessor source="#mixamorig_RightHandRing2-Matrix-animation-output-transform-array" count="36" stride="16">
            <param type="float4x4"/>
          </accessor>
        </technique_common>
      </source>
      <source id="mixamorig_RightHandRing2-Interpolations">
        <Name_array id="mixamorig_RightHandRing2-Interpolations-array" count="36">
 LINEAR LINEAR LINEAR LINEAR LINEAR LINEAR LINEAR LINEAR LINEAR LINEAR LINEAR
LINEAR LINEAR LINEAR LINEAR LINEAR LINEAR LINEAR LINEAR LINEAR LINEAR LINEAR LINEAR
LINEAR LINEAR LINEAR LINEAR LINEAR LINEAR LINEAR LINEAR LINEAR LINEAR LINEAR LINEAR
LINEAR</Name_array>
        <technique_common>
          <accessor source="#mixamorig_RightHandRing2-Interpolations-array" count="36">
            <param type="name"/>
          </accessor>
        </technique_common>
      </source>
      <sampler id="mixamorig_RightHandRing2-Matrix-animation-transform">
        <input semantic="INPUT" source="#mixamorig_RightHandRing2-Matrix-animation-input"/>
        <input semantic="OUTPUT" source="#mixamorig_RightHandRing2-Matrix-animation-output-transform"/>
        <input semantic="INTERPOLATION" source="#mixamorig_RightHandRing2-Interpolations"/>
      </sampler>
      <channel source="#mixamorig_RightHandRing2-Matrix-animation-transform" target="mixamorig_RightHandRing2/matrix"/>
    </animation>
    <animation id="mixamorig_RightHandRing3-anim" name="mixamorig_RightHandRing3">
      <source id="mixamorig_RightHandRing3-Matrix-animation-input">
        <float_array id="mixamorig_RightHandRing3-Matrix-animation-input-array" count="36">

0.000000 0.033333 0.066667 0.100000 0.133333 0.166667 0.200000 0.233333 0.266667 0.300000 0.333333 0.366667 0.400000 0.433333 0.466667 0.500000
0.533333 0.566667 0.600000 0.633333 0.666667 0.700000 0.733333 0.766667 0.800000 0.833333 0.866667 0.900000 0.933333 0.966667 1.000000 1.033333
1.066667 1.100000 1.133333 1.166667</float_array>
        <technique_common>
          <accessor source="#mixamorig_RightHandRing3-Matrix-animation-input-array" count="36">
            <param name="TIME" type="float"/>
          </accessor>
        </technique_common>
      </source>
      <source id="mixamorig_RightHandRing3-Matrix-animation-output-transform">
        <float_array id="mixamorig_RightHandRing3-Matrix-animation-output-transform-array" count="576">

0.999706 -0.023978 0.003609 0.000000 0.023978 0.955406 -0.294320 2.889700 0.003609 0.294320 0.955700 -0.000000 0.000000 0.000000 0.000000 1.000000
0.999703 -0.024099 0.003646 -0.000000 0.024099 0.954944 -0.295806 2.889700 0.003646 0.295806 0.955241 0.000000 0.000000 0.000000 0.000000 1.000000
0.999695 -0.024425 0.003748 0.000000 0.024425 0.953685 -0.299813 2.889700 0.003748 0.299813 0.953990 0.000000 0.000000 0.000000 0.000000 1.000000
0.999680 -0.024993 0.003929 0.000000 0.024993 0.951454 -0.306774 2.889700 0.003929 0.306774 0.951774 0.000000 0.000000 0.000000 0.000000 1.000000
0.999660 -0.025730 0.004171 0.000000 0.025730 0.948468 -0.315828 2.889700 0.004171 0.315828 0.948807 0.000000 0.000000 0.000000 0.000000 1.000000
0.999636 -0.026602 0.004467 0.000000 0.026602 0.944813 -0.326529 2.889700 0.004466 0.326529 0.945176 0.000000 0.000000 0.000000 0.000000 1.000000
0.999608 -0.027598 0.004818 0.000000 0.027598 0.940471 -0.338751 2.889700 0.004818 0.338751 0.940864 -0.000000 0.000000 0.000000 0.000000 1.000000
0.999574 -0.028705 0.005226 0.000000 0.028705 0.935428 -0.352350 2.889700 0.005226 0.352350 0.935854 -0.000000 0.000000 0.000000 0.000000 1.000000
0.999539 -0.029821 0.005656 0.000000 0.029822 0.930117 -0.366052 2.889700 0.005656 0.366052 0.930577 0.000000 0.000000 0.000000 0.000000 1.000000
0.999505 -0.030862 0.006073 0.000000 0.030862 0.924957 -0.378816 2.889700 0.006073 0.378816 0.925452 0.000000 0.000000 0.000000 0.000000 1.000000
0.999469 -0.031927 0.006519 0.000000 0.031927 0.919456 -0.391895 2.889700 0.006518 0.391895 0.919987 0.000000 0.000000 0.000000 0.000000 1.000000
0.999437 -0.032843 0.006916 0.000000 0.032843 0.914549 -0.403140 2.889700 0.006916 0.403140 0.915112 0.000000 0.000000 0.000000 0.000000 1.000000
0.999410 -0.033569 0.007240 -0.000000 0.033569 0.910546 -0.412042 2.889700 0.007240 0.412042 0.911136 0.000000 0.000000 0.000000 0.000000 1.000000
0.999386 -0.034225 0.007540 -0.000000 0.034225 0.906831 -0.420102 2.889700 0.007540 0.420102 0.907445 0.000000 0.000000 0.000000 0.000000 1.000000
0.999365 -0.034756 0.007789 0.000000 0.034756 0.903764 -0.426617 2.889700 0.007788 0.426617 0.904399 0.000000 0.000000 0.000000 0.000000 1.000000
0.999353 -0.035087 0.007946 0.000000 0.035087 0.901825 -0.430675 2.889700 0.007945 0.430675 0.902472 0.000000 0.000000 0.000000 0.000000 1.000000
0.999348 -0.035207 0.008003 0.000000 0.035207 0.901114 -0.432150 2.889700 0.008003 0.432150 0.901766 0.000000 0.000000 0.000000 0.000000 1.000000
0.999353 -0.035081 0.007943 0.000000 0.035081 0.901856 -0.430610 2.889700 0.007943 0.430610 0.902503 -0.000000 0.000000 0.000000 0.000000 1.000000
0.999368 -0.034695 0.007760 0.000000 0.034695 0.904117 -0.425875 2.889700 0.007760 0.425875 0.904749 -0.000000 0.000000 0.000000 0.000000 1.000000
0.999394 -0.033999 0.007436 0.000000 0.033999 0.908118 -0.417333 2.889700 0.007436 0.417333 0.908723 -0.000000 0.000000 0.000000 0.000000 1.000000
0.999444 -0.032626 0.006821 0.000000 0.032626 0.915726 -0.400476 2.889700 0.006820 0.400476 0.916282 0.000000 0.000000 0.000000 0.000000 1.000000
0.999519 -0.030453 0.005907 0.000000 0.030453 0.927010 -0.373797 2.889700 0.005907 0.373797 0.927492 0.000000 0.000000 0.000000 0.000000 1.000000
0.999606 -0.027643 0.004834 0.000000 0.027643 0.940270 -0.339306 2.889700 0.004834 0.339306 0.940664 0.000000 0.000000 0.000000 0.000000 1.000000
0.999693 -0.024483 0.003767 0.000000 0.024483 0.953459 -0.300526 2.889700 0.003767 0.300526 0.953766 0.000000 0.000000 0.000000 0.000000 1.000000
0.999772 -0.021179 0.002801 0.000000 0.021179 0.965385 -0.259969 2.889700 0.002802 0.259969 0.965613 0.000000 0.000000 0.000000 0.000000 1.000000
0.999838 -0.017888 0.001988 0.000000 0.017888 0.975432 -0.219571 2.889700 0.001988 0.219571 0.975594 -0.000000 0.000000 0.000000 0.000000 1.000000
0.999887 -0.014949 0.001383 0.000000 0.014949 0.982906 -0.183498 2.889700 0.001383 0.183498 0.983019 0.000000 0.000000 0.000000 0.000000 1.000000
0.999918 -0.012765 0.001006 0.000000 0.012765 0.987567 -0.156682 2.889700 0.001007 0.156682 0.987649 0.000000 0.000000 0.000000 0.000000 1.000000
0.999933 -0.011520 0.000819 0.000000 0.011520 0.989885 -0.141403 2.889700 0.000819 0.141403 0.989952 0.000000 0.000000 0.000000 0.000000 1.000000
0.999934 -0.011429 0.000806 -0.000000 0.011429 0.990046 -0.140281 2.889700 0.000806 0.140281 0.990111 0.000000 0.000000 0.000000 0.000000 1.000000
0.999917 -0.012844 0.001019 0.000000 0.012844 0.987411 -0.157656 2.889700 0.001019 0.157656 0.987494 0.000000 0.000000 0.000000 0.000000 1.000000
0.999881 -0.015330 0.001455 0.000000 0.015330 0.982018 -0.188165 2.889700 0.001455 0.188165 0.982136 0.000000 0.000000 0.000000 0.000000 1.000000
0.999831 -0.018264 0.002074 0.000000 0.018264 0.974375 -0.224185 2.889700 0.002074 0.224185 0.974544 -0.000000 0.000000 0.000000 0.000000 1.000000
0.999774 -0.021071 0.002772 0.000000 0.021071 0.965744 -0.258640 2.889700 0.002772 0.258640 0.965970 -0.000000 0.000000 0.000000 0.000000 1.000000
0.999726 -0.023173 0.003366 0.000000 0.023173 0.958415 -0.284436 2.889700 0.003366 0.284436 0.958689 0.000000 0.000000 0.000000 0.000000 1.000000
0.999706 -0.023978 0.003609 0.000000 0.023978 0.955406 -0.294320 2.889700 0.003609 0.294320 0.955700 0.000000 0.000000 0.000000 0.000000 1.000000</float_array>
        <technique_common>
          <accessor source="#mixamorig_RightHandRing3-Matrix-animation-output-transform-array" count="36" stride="16">
            <param type="float4x4"/>
          </accessor>
        </technique_common>
      </source>
      <source id="mixamorig_RightHandRing3-Interpolations">
        <Name_array id="mixamorig_RightHandRing3-Interpolations-array" count="36">
 LINEAR LINEAR LINEAR LINEAR LINEAR LINEAR LINEAR LINEAR LINEAR LINEAR LINEAR
LINEAR LINEAR LINEAR LINEAR LINEAR LINEAR LINEAR LINEAR LINEAR LINEAR LINEAR LINEAR
LINEAR LINEAR LINEAR LINEAR LINEAR LINEAR LINEAR LINEAR LINEAR LINEAR LINEAR LINEAR
LINEAR</Name_array>
        <technique_common>
          <accessor source="#mixamorig_RightHandRing3-Interpolations-array" count="36">
            <param type="name"/>
          </accessor>
        </technique_common>
      </source>
      <sampler id="mixamorig_RightHandRing3-Matrix-animation-transform">
        <input semantic="INPUT" source="#mixamorig_RightHandRing3-Matrix-animation-input"/>
        <input semantic="OUTPUT" source="#mixamorig_RightHandRing3-Matrix-animation-output-transform"/>
        <input semantic="INTERPOLATION" source="#mixamorig_RightHandRing3-Interpolations"/>
      </sampler>
      <channel source="#mixamorig_RightHandRing3-Matrix-animation-transform" target="mixamorig_RightHandRing3/matrix"/>
    </animation>
    <animation id="mixamorig_RightHandPinky1-anim" name="mixamorig_RightHandPinky1">
      <source id="mixamorig_RightHandPinky1-Matrix-animation-input">
        <float_array id="mixamorig_RightHandPinky1-Matrix-animation-input-array" count="36">

0.000000 0.033333 0.066667 0.100000 0.133333 0.166667 0.200000 0.233333 0.266667 0.300000 0.333333 0.366667 0.400000 0.433333 0.466667 0.500000
0.533333 0.566667 0.600000 0.633333 0.666667 0.700000 0.733333 0.766667 0.800000 0.833333 0.866667 0.900000 0.933333 0.966667 1.000000 1.033333
1.066667 1.100000 1.133333 1.166667</float_array>
        <technique_common>
          <accessor source="#mixamorig_RightHandPinky1-Matrix-animation-input-array" count="36">
            <param name="TIME" type="float"/>
          </accessor>
        </technique_common>
      </source>
      <source id="mixamorig_RightHandPinky1-Matrix-animation-output-transform">
        <float_array id="mixamorig_RightHandPinky1-Matrix-animation-output-transform-array" count="576">

0.995432 -0.080860 0.050763 -3.806300 0.093210 0.707964 -0.700070 8.076700 0.020669 0.701604 0.712267 0.486700 0.000000 0.000000 0.000000 1.000000
0.995673 -0.077787 0.050846 -3.806300 0.091063 0.707559 -0.700762 8.076700 0.018534 0.702360 0.711580 0.486700 0.000000 0.000000 0.000000 1.000000
0.995909 -0.074324 0.051383 -3.806300 0.088880 0.703430 -0.705185 8.076700 0.016268 0.706868 0.707159 0.486700 0.000000 0.000000 0.000000 1.000000
0.995998 -0.072804 0.051833 -3.806300 0.088045 0.699836 -0.708857 8.076700 0.015333 0.710584 0.703445 0.486700 0.000000 0.000000 0.000000 1.000000
0.995965 -0.072948 0.052272 -3.806300 0.088381 0.696189 -0.712397 8.076700 0.015576 0.714142 0.699828 0.486700 0.000000 0.000000 0.000000 1.000000
0.995734 -0.075651 0.052837 -3.806300 0.090560 0.691281 -0.716889 8.076700 0.017708 0.718615 0.695183 0.486700 0.000000 0.000000 0.000000 1.000000
0.995443 -0.079075 0.053290 -3.806300 0.093159 0.687212 -0.720459 8.076700 0.020349 0.722141 0.691447 0.486700 0.000000 0.000000 0.000000 1.000000
0.995443 -0.078728 0.053814 -3.806300 0.093177 0.682849 -0.724593 8.076700 0.020299 0.726305 0.687072 0.486700 0.000000 0.000000 0.000000 1.000000
0.995422 -0.078311 0.054786 -3.806300 0.093376 0.674706 -0.732156 8.076700 0.020372 0.733921 0.678930 0.486700 0.000000 0.000000 0.000000 1.000000
0.995023 -0.082495 0.055893 -3.806300 0.096730 0.664933 -0.740613 8.076700 0.023931 0.742333 0.669604 0.486700 0.000000 0.000000 0.000000 1.000000
0.994372 -0.088659 0.058000 -3.806300 0.102057 0.654640 -0.749020 8.076700 0.028438 0.750724 0.660003 0.486700 0.000000 0.000000 0.000000 1.000000
0.993612 -0.094659 0.061435 -3.806300 0.108041 0.640784 -0.760081 8.076700 0.032582 0.761863 0.646918 0.486700 0.000000 0.000000 0.000000 1.000000
0.992847 -0.100196 0.064934 -3.806300 0.113639 0.626131 -0.771392 8.076700 0.036634 0.773253 0.633038 0.486700 0.000000 0.000000 0.000000 1.000000
0.992151 -0.104791 0.068235 -3.806300 0.118375 0.611177 -0.782592 8.076700 0.040305 0.784526 0.618784 0.486700 0.000000 0.000000 0.000000 1.000000
0.991625 -0.108006 0.070818 -3.806300 0.121758 0.598897 -0.791516 8.076700 0.043076 0.793510 0.607031 0.486700 0.000000 0.000000 0.000000 1.000000
0.991180 -0.110828 0.072666 -3.806300 0.124585 0.592285 -0.796038 8.076700 0.045184 0.798070 0.600869 0.486700 0.000000 0.000000 0.000000 1.000000
0.990642 -0.114481 0.074319 -3.806300 0.127993 0.590082 -0.797133 8.076700 0.047402 0.799186 0.599212 0.486700 0.000000 0.000000 0.000000 1.000000
0.990105 -0.118203 0.075627 -3.806300 0.131331 0.590698 -0.796133 8.076700 0.049433 0.798188 0.600377 0.486700 0.000000 0.000000 0.000000 1.000000
0.989530 -0.122369 0.076529 -3.806300 0.134887 0.595453 -0.791986 8.076700 0.051345 0.794016 0.605724 0.486700 0.000000 0.000000 0.000000 1.000000
0.989075 -0.126070 0.076405 -3.806300 0.137798 0.606536 -0.783024 8.076700 0.052373 0.784997 0.617281 0.486700 0.000000 0.000000 0.000000 1.000000
0.988727 -0.129340 0.075426 -3.806300 0.140087 0.621297 -0.770951 8.076700 0.052853 0.772827 0.632412 0.486700 0.000000 0.000000 0.000000 1.000000
0.988251 -0.134032 0.073449 -3.806300 0.143147 0.643303 -0.752110 8.076700 0.053557 0.753788 0.654931 0.486700 0.000000 0.000000 0.000000 1.000000
0.987534 -0.140837 0.070294 -3.806300 0.147641 0.673936 -0.723887 8.076700 0.054577 0.725241 0.686328 0.486700 0.000000 0.000000 0.000000 1.000000
0.987541 -0.143372 0.064857 -3.806300 0.148103 0.707566 -0.690953 8.076700 0.053173 0.691950 0.719985 0.486700 0.000000 0.000000 0.000000 1.000000
0.988773 -0.137812 0.057749 -3.806300 0.141426 0.738401 -0.659366 8.076700 0.048227 0.660130 0.749601 0.486700 0.000000 0.000000 0.000000 1.000000
0.990550 -0.127377 0.050851 -3.806300 0.130728 0.764715 -0.630968 8.076700 0.041484 0.631653 0.774140 0.486700 0.000000 0.000000 0.000000 1.000000
0.991898 -0.118725 0.045193 -3.806300 0.121890 0.789246 -0.601858 8.076700 0.035788 0.602491 0.797323 0.486700 0.000000 0.000000 0.000000 1.000000
0.993225 -0.108973 0.040356 -3.806300 0.112369 0.812166 -0.572503 8.076700 0.029612 0.573160 0.818909 0.486700 0.000000 0.000000 0.000000 1.000000
0.994705 -0.095822 0.037140 -3.806300 0.100313 0.826793 -0.553489 8.076700 0.022330 0.554284 0.832028 0.486700 0.000000 0.000000 0.000000 1.000000
0.995768 -0.084551 0.036005 -3.806300 0.090402 0.830858 -0.549092 8.076700 0.016511 0.550023 0.834986 0.486700 0.000000 0.000000 0.000000 1.000000
0.996067 -0.080375 0.037280 -3.806300 0.087352 0.820497 -0.564937 8.076700 0.014819 0.565972 0.824291 0.486700 0.000000 0.000000 0.000000 1.000000
0.995917 -0.080726 0.040404 -3.806300 0.088841 0.797083 -0.597298 8.076700 0.016013 0.598449 0.801001 0.486700 0.000000 0.000000 0.000000 1.000000
0.995788 -0.080368 0.044126 -3.806300 0.090045 0.766660 -0.635708 8.076700 0.017261 0.637004 0.770667 0.486700 0.000000 0.000000 0.000000 1.000000
0.995819 -0.078118 0.047355 -3.806300 0.089697 0.737976 -0.668839 8.076700 0.017301 0.670290 0.741897 0.486700 0.000000 0.000000 0.000000 1.000000
0.995770 -0.077162 0.049888 -3.806300 0.090171 0.716284 -0.691958 8.076700 0.017659 0.693530 0.720212 0.486700 0.000000 0.000000 0.000000 1.000000
0.995432 -0.080860 0.050763 -3.806300 0.093210 0.707964 -0.700070 8.076700 0.020670 0.701604 0.712267 0.486700 0.000000 0.000000 0.000000 1.000000</float_array>
        <technique_common>
          <accessor source="#mixamorig_RightHandPinky1-Matrix-animation-output-transform-array" count="36" stride="16">
            <param type="float4x4"/>
          </accessor>
        </technique_common>
      </source>
      <source id="mixamorig_RightHandPinky1-Interpolations">
        <Name_array id="mixamorig_RightHandPinky1-Interpolations-array" count="36">
 LINEAR LINEAR LINEAR LINEAR LINEAR LINEAR LINEAR LINEAR LINEAR LINEAR LINEAR
LINEAR LINEAR LINEAR LINEAR LINEAR LINEAR LINEAR LINEAR LINEAR LINEAR LINEAR LINEAR
LINEAR LINEAR LINEAR LINEAR LINEAR LINEAR LINEAR LINEAR LINEAR LINEAR LINEAR LINEAR
LINEAR</Name_array>
        <technique_common>
          <accessor source="#mixamorig_RightHandPinky1-Interpolations-array" count="36">
            <param type="name"/>
          </accessor>
        </technique_common>
      </source>
      <sampler id="mixamorig_RightHandPinky1-Matrix-animation-transform">
        <input semantic="INPUT" source="#mixamorig_RightHandPinky1-Matrix-animation-input"/>
        <input semantic="OUTPUT" source="#mixamorig_RightHandPinky1-Matrix-animation-output-transform"/>
        <input semantic="INTERPOLATION" source="#mixamorig_RightHandPinky1-Interpolations"/>
      </sampler>
      <channel source="#mixamorig_RightHandPinky1-Matrix-animation-transform" target="mixamorig_RightHandPinky1/matrix"/>
    </animation>
    <animation id="mixamorig_RightHandPinky2-anim" name="mixamorig_RightHandPinky2">
      <source id="mixamorig_RightHandPinky2-Matrix-animation-input">
        <float_array id="mixamorig_RightHandPinky2-Matrix-animation-input-array" count="36">

0.000000 0.033333 0.066667 0.100000 0.133333 0.166667 0.200000 0.233333 0.266667 0.300000 0.333333 0.366667 0.400000 0.433333 0.466667 0.500000
0.533333 0.566667 0.600000 0.633333 0.666667 0.700000 0.733333 0.766667 0.800000 0.833333 0.866667 0.900000 0.933333 0.966667 1.000000 1.033333
1.066667 1.100000 1.133333 1.166667</float_array>
        <technique_common>
          <accessor source="#mixamorig_RightHandPinky2-Matrix-animation-input-array" count="36">
            <param name="TIME" type="float"/>
          </accessor>
        </technique_common>
      </source>
      <source id="mixamorig_RightHandPinky2-Matrix-animation-output-transform">
        <float_array id="mixamorig_RightHandPinky2-Matrix-animation-output-transform-array" count="576">

0.998568 -0.050520 0.017572 0.000000 0.050520 0.782880 -0.620118 3.600000 0.017572 0.620118 0.784312 0.000000 0.000000 0.000000 0.000000 1.000000
0.998567 -0.050549 0.017595 0.000000 0.050549 0.782596 -0.620474 3.600000 0.017595 0.620474 0.784029 0.000000 0.000000 0.000000 0.000000 1.000000
0.998552 -0.050770 0.017771 0.000000 0.050770 0.780421 -0.623190 3.600000 0.017771 0.623190 0.781869 0.000000 0.000000 0.000000 0.000000 1.000000
0.998527 -0.051156 0.018081 0.000000 0.051156 0.776587 -0.627929 3.600000 0.018081 0.627929 0.778060 -0.000000 0.000000 0.000000 0.000000 1.000000
0.998492 -0.051680 0.018508 0.000000 0.051680 0.771311 -0.634357 3.600000 0.018508 0.634357 0.772818 0.000000 0.000000 0.000000 0.000000 1.000000
0.998449 -0.052322 0.019042 -0.000000 0.052322 0.764720 -0.642235 3.600000 0.019042 0.642235 0.766272 0.000000 0.000000 0.000000 0.000000 1.000000
0.998402 -0.053003 0.019620 -0.000000 0.053003 0.757573 -0.650595 3.600000 0.019620 0.650595 0.759171 0.000000 0.000000 0.000000 0.000000 1.000000
0.998351 -0.053717 0.020240 0.000000 0.053717 0.749910 -0.659355 3.600000 0.020240 0.659355 0.751559 -0.000000 0.000000 0.000000 0.000000 1.000000
0.998294 -0.054506 0.020943 0.000000 0.054506 0.741220 -0.669046 3.600000 0.020944 0.669046 0.742926 0.000000 0.000000 0.000000 0.000000 1.000000
0.998235 -0.055288 0.021659 0.000000 0.055288 0.732379 -0.678649 3.600000 0.021659 0.678649 0.734143 0.000000 0.000000 0.000000 0.000000 1.000000
0.998174 -0.056089 0.022411 0.000000 0.056089 0.723091 -0.688472 3.600000 0.022411 0.688472 0.724917 0.000000 0.000000 0.000000 0.000000 1.000000
0.998105 -0.056970 0.023262 -0.000000 0.056970 0.712570 -0.699284 3.600000 0.023262 0.699284 0.714465 -0.000000 0.000000 0.000000 0.000000 1.000000
0.998035 -0.057826 0.024115 0.000000 0.057826 0.702033 -0.709793 3.600000 0.024115 0.709793 0.703997 0.000000 0.000000 0.000000 0.000000 1.000000
0.997976 -0.058536 0.024842 0.000000 0.058536 0.693049 -0.718510 3.600000 0.024842 0.718510 0.695072 0.000000 0.000000 0.000000 0.000000 1.000000
0.997932 -0.059055 0.025385 0.000000 0.059055 0.686335 -0.724883 3.600000 0.025385 0.724883 0.688404 0.000000 0.000000 0.000000 0.000000 1.000000
0.997899 -0.059439 0.025793 0.000000 0.059439 0.681298 -0.729589 3.600000 0.025793 0.729589 0.683400 0.000000 0.000000 0.000000 0.000000 1.000000
0.997875 -0.059709 0.026085 -0.000000 0.059710 0.677695 -0.732915 3.600000 0.026084 0.732915 0.679820 0.000000 0.000000 0.000000 0.000000 1.000000
0.997875 -0.059714 0.026089 0.000000 0.059714 0.677634 -0.732971 3.600000 0.026090 0.732971 0.679759 0.000000 0.000000 0.000000 0.000000 1.000000
0.997896 -0.059475 0.025832 0.000000 0.059475 0.680820 -0.730033 3.600000 0.025832 0.730033 0.682924 0.000000 0.000000 0.000000 0.000000 1.000000
0.997940 -0.058957 0.025281 0.000000 0.058957 0.687620 -0.723674 3.600000 0.025281 0.723674 0.689679 0.000000 0.000000 0.000000 0.000000 1.000000
0.998007 -0.058169 0.024464 0.000000 0.058169 0.697721 -0.714004 3.600000 0.024464 0.714004 0.699714 0.000000 0.000000 0.000000 0.000000 1.000000
0.998120 -0.056783 0.023080 0.000000 0.056783 0.714820 -0.696999 3.600000 0.023080 0.696999 0.716700 0.000000 0.000000 0.000000 0.000000 1.000000
0.998270 -0.054833 0.021240 0.000000 0.054833 0.737553 -0.673059 3.600000 0.021240 0.673059 0.739283 0.000000 0.000000 0.000000 0.000000 1.000000
0.998441 -0.052431 0.019134 0.000000 0.052432 0.763582 -0.643579 3.600000 0.019134 0.643579 0.765140 0.000000 0.000000 0.000000 0.000000 1.000000
0.998622 -0.049672 0.016910 0.000000 0.049673 0.791064 -0.609713 3.600000 0.016909 0.609713 0.792442 0.000000 0.000000 0.000000 0.000000 1.000000
0.998793 -0.046830 0.014816 0.000000 0.046830 0.816934 -0.574826 3.600000 0.014816 0.574826 0.818141 0.000000 0.000000 0.000000 0.000000 1.000000
0.998937 -0.044207 0.013045 -0.000000 0.044207 0.838813 -0.542623 3.600000 0.013045 0.542623 0.839875 0.000000 0.000000 0.000000 0.000000 1.000000
0.999053 -0.041920 0.011619 0.000000 0.041920 0.856432 -0.514556 3.600000 0.011619 0.514556 0.857378 0.000000 0.000000 0.000000 0.000000 1.000000
0.999137 -0.040163 0.010593 -0.000000 0.040163 0.869106 -0.492992 3.600000 0.010593 0.492992 0.869969 0.000000 0.000000 0.000000 0.000000 1.000000
0.999175 -0.039329 0.010127 0.000000 0.039329 0.874875 -0.482750 3.600000 0.010127 0.482750 0.875700 0.000000 0.000000 0.000000 0.000000 1.000000
0.999135 -0.040202 0.010615 0.000000 0.040202 0.868836 -0.493466 3.600000 0.010615 0.493466 0.869701 0.000000 0.000000 0.000000 0.000000 1.000000
0.999028 -0.042434 0.011931 0.000000 0.042434 0.852582 -0.520868 3.600000 0.011931 0.520867 0.853554 -0.000000 0.000000 0.000000 0.000000 1.000000
0.998886 -0.045160 0.013671 0.000000 0.045160 0.831075 -0.554324 3.600000 0.013671 0.554324 0.832189 0.000000 0.000000 0.000000 0.000000 1.000000
0.998736 -0.047816 0.015521 0.000000 0.047816 0.808228 -0.586925 3.600000 0.015520 0.586925 0.809493 0.000000 0.000000 0.000000 0.000000 1.000000
0.998614 -0.049802 0.017010 -0.000000 0.049802 0.789828 -0.611303 3.600000 0.017009 0.611303 0.791214 0.000000 0.000000 0.000000 0.000000 1.000000
0.998568 -0.050520 0.017572 -0.000000 0.050520 0.782880 -0.620118 3.600000 0.017572 0.620118 0.784312 0.000000 0.000000 0.000000 0.000000 1.000000</float_array>
        <technique_common>
          <accessor source="#mixamorig_RightHandPinky2-Matrix-animation-output-transform-array" count="36" stride="16">
            <param type="float4x4"/>
          </accessor>
        </technique_common>
      </source>
      <source id="mixamorig_RightHandPinky2-Interpolations">
        <Name_array id="mixamorig_RightHandPinky2-Interpolations-array" count="36">
 LINEAR LINEAR LINEAR LINEAR LINEAR LINEAR LINEAR LINEAR LINEAR LINEAR LINEAR
LINEAR LINEAR LINEAR LINEAR LINEAR LINEAR LINEAR LINEAR LINEAR LINEAR LINEAR LINEAR
LINEAR LINEAR LINEAR LINEAR LINEAR LINEAR LINEAR LINEAR LINEAR LINEAR LINEAR LINEAR
LINEAR</Name_array>
        <technique_common>
          <accessor source="#mixamorig_RightHandPinky2-Interpolations-array" count="36">
            <param type="name"/>
          </accessor>
        </technique_common>
      </source>
      <sampler id="mixamorig_RightHandPinky2-Matrix-animation-transform">
        <input semantic="INPUT" source="#mixamorig_RightHandPinky2-Matrix-animation-input"/>
        <input semantic="OUTPUT" source="#mixamorig_RightHandPinky2-Matrix-animation-output-transform"/>
        <input semantic="INTERPOLATION" source="#mixamorig_RightHandPinky2-Interpolations"/>
      </sampler>
      <channel source="#mixamorig_RightHandPinky2-Matrix-animation-transform" target="mixamorig_RightHandPinky2/matrix"/>
    </animation>
    <animation id="mixamorig_RightHandPinky3-anim" name="mixamorig_RightHandPinky3">
      <source id="mixamorig_RightHandPinky3-Matrix-animation-input">
        <float_array id="mixamorig_RightHandPinky3-Matrix-animation-input-array" count="36">

0.000000 0.033333 0.066667 0.100000 0.133333 0.166667 0.200000 0.233333 0.266667 0.300000 0.333333 0.366667 0.400000 0.433333 0.466667 0.500000
0.533333 0.566667 0.600000 0.633333 0.666667 0.700000 0.733333 0.766667 0.800000 0.833333 0.866667 0.900000 0.933333 0.966667 1.000000 1.033333
1.066667 1.100000 1.133333 1.166667</float_array>
        <technique_common>
          <accessor source="#mixamorig_RightHandPinky3-Matrix-animation-input-array" count="36">
            <param name="TIME" type="float"/>
          </accessor>
        </technique_common>
      </source>
      <source id="mixamorig_RightHandPinky3-Matrix-animation-output-transform">
        <float_array id="mixamorig_RightHandPinky3-Matrix-animation-output-transform-array" count="576">

0.999325 -0.035778 0.008279 0.000000 0.035778 0.897697 -0.439159 2.100000 0.008280 0.439159 0.898371 0.000000 0.000000 0.000000 0.000000 1.000000
0.999319 -0.035940 0.008359 -0.000000 0.035940 0.896711 -0.441156 2.100000 0.008359 0.441156 0.897392 0.000000 0.000000 0.000000 0.000000 1.000000
0.999306 -0.036274 0.008525 0.000000 0.036274 0.894667 -0.445258 2.100000 0.008525 0.445258 0.895362 -0.000000 0.000000 0.000000 0.000000 1.000000
0.999285 -0.036787 0.008782 0.000000 0.036787 0.891485 -0.451553 2.100000 0.008782 0.451553 0.892201 0.000000 0.000000 0.000000 0.000000 1.000000
0.999258 -0.037421 0.009106 0.000000 0.037421 0.887479 -0.459326 2.100000 0.009107 0.459326 0.888221 0.000000 0.000000 0.000000 0.000000 1.000000
0.999226 -0.038167 0.009498 0.000000 0.038167 0.882644 -0.468491 2.100000 0.009498 0.468491 0.883417 -0.000000 0.000000 0.000000 0.000000 1.000000
0.999188 -0.039049 0.009973 0.000000 0.039049 0.876777 -0.479309 2.100000 0.009973 0.479309 0.877590 -0.000000 0.000000 0.000000 0.000000 1.000000
0.999145 -0.039990 0.010495 0.000000 0.039990 0.870317 -0.490865 2.100000 0.010495 0.490865 0.871172 -0.000000 0.000000 0.000000 0.000000 1.000000
0.999102 -0.040919 0.011028 0.000000 0.040919 0.863742 -0.502270 2.100000 0.011028 0.502270 0.864640 -0.000000 0.000000 0.000000 0.000000 1.000000
0.999058 -0.041817 0.011557 0.000000 0.041817 0.857194 -0.513293 2.100000 0.011558 0.513293 0.858136 -0.000000 0.000000 0.000000 0.000000 1.000000
0.999014 -0.042718 0.012105 0.000000 0.042719 0.850427 -0.524356 2.100000 0.012105 0.524356 0.851413 0.000000 0.000000 0.000000 0.000000 1.000000
0.998972 -0.043547 0.012623 0.000000 0.043547 0.844027 -0.534530 2.100000 0.012623 0.534530 0.845055 -0.000000 0.000000 0.000000 0.000000 1.000000
0.998933 -0.044278 0.013091 0.000000 0.044278 0.838246 -0.543492 2.100000 0.013091 0.543492 0.839313 0.000000 0.000000 0.000000 0.000000 1.000000
0.998898 -0.044936 0.013523 0.000000 0.044936 0.832912 -0.551578 2.100000 0.013523 0.551578 0.834014 -0.000000 0.000000 0.000000 0.000000 1.000000
0.998867 -0.045516 0.013910 0.000000 0.045516 0.828122 -0.558697 2.100000 0.013910 0.558697 0.829255 0.000000 0.000000 0.000000 0.000000 1.000000
0.998843 -0.045951 0.014205 0.000000 0.045951 0.824472 -0.564034 2.100000 0.014206 0.564034 0.825630 0.000000 0.000000 0.000000 0.000000 1.000000
0.998834 -0.046115 0.014318 -0.000000 0.046115 0.823081 -0.566048 2.100000 0.014318 0.566048 0.824248 0.000000 0.000000 0.000000 0.000000 1.000000
0.998835 -0.046097 0.014306 0.000000 0.046097 0.823232 -0.565831 2.100000 0.014306 0.565831 0.824397 0.000000 0.000000 0.000000 0.000000 1.000000
0.998848 -0.045864 0.014146 0.000000 0.045864 0.825205 -0.562968 2.100000 0.014146 0.562968 0.826358 0.000000 0.000000 0.000000 0.000000 1.000000
0.998878 -0.045304 0.013767 0.000000 0.045304 0.829890 -0.556084 2.100000 0.013767 0.556084 0.831012 0.000000 0.000000 0.000000 0.000000 1.000000
0.998928 -0.044375 0.013154 0.000000 0.044375 0.837467 -0.544683 2.100000 0.013154 0.544683 0.838539 -0.000000 0.000000 0.000000 0.000000 1.000000
0.999019 -0.042623 0.012046 0.000000 0.042623 0.851156 -0.523180 2.100000 0.012046 0.523180 0.852137 -0.000000 0.000000 0.000000 0.000000 1.000000
0.999133 -0.040254 0.010645 0.000000 0.040254 0.868471 -0.494103 2.100000 0.010645 0.494103 0.869338 0.000000 0.000000 0.000000 0.000000 1.000000
0.999257 -0.037450 0.009122 0.000000 0.037450 0.887292 -0.459685 2.100000 0.009122 0.459685 0.888035 0.000000 0.000000 0.000000 0.000000 1.000000
0.999381 -0.034354 0.007600 0.000000 0.034354 0.906090 -0.421688 2.100000 0.007600 0.421688 0.906709 0.000000 0.000000 0.000000 0.000000 1.000000
0.999493 -0.031238 0.006229 0.000000 0.031238 0.923040 -0.383433 2.100000 0.006228 0.383433 0.923548 0.000000 0.000000 0.000000 0.000000 1.000000
0.999589 -0.028219 0.005045 -0.000000 0.028219 0.937670 -0.346379 2.100000 0.005044 0.346379 0.938081 0.000000 0.000000 0.000000 0.000000 1.000000
0.999660 -0.025736 0.004173 0.000000 0.025736 0.948444 -0.315900 2.100000 0.004172 0.315900 0.948783 0.000000 0.000000 0.000000 0.000000 1.000000
0.999705 -0.024022 0.003623 -0.000000 0.024022 0.955239 -0.294857 2.100000 0.003623 0.294857 0.955535 0.000000 0.000000 0.000000 0.000000 1.000000
0.999724 -0.023256 0.003390 -0.000000 0.023256 0.958109 -0.285460 2.100000 0.003390 0.285460 0.958385 0.000000 0.000000 0.000000 0.000000 1.000000
0.999701 -0.024185 0.003673 0.000000 0.024185 0.954614 -0.296863 2.100000 0.003673 0.296863 0.954913 0.000000 0.000000 0.000000 0.000000 1.000000
0.999636 -0.026598 0.004465 0.000000 0.026598 0.944831 -0.326477 2.100000 0.004465 0.326477 0.945195 0.000000 0.000000 0.000000 0.000000 1.000000
0.999547 -0.029571 0.005558 0.000000 0.029572 0.931327 -0.362982 2.100000 0.005558 0.362982 0.931780 0.000000 0.000000 0.000000 0.000000 1.000000
0.999446 -0.032574 0.006798 0.000000 0.032574 0.916007 -0.399837 2.100000 0.006798 0.399837 0.916561 0.000000 0.000000 0.000000 0.000000 1.000000
0.999361 -0.034880 0.007847 -0.000000 0.034880 0.903037 -0.428144 2.100000 0.007847 0.428144 0.903676 0.000000 0.000000 0.000000 0.000000 1.000000
0.999325 -0.035778 0.008280 -0.000000 0.035778 0.897697 -0.439159 2.100000 0.008279 0.439159 0.898371 -0.000000 0.000000 0.000000 0.000000 1.000000</float_array>
        <technique_common>
          <accessor source="#mixamorig_RightHandPinky3-Matrix-animation-output-transform-array" count="36" stride="16">
            <param type="float4x4"/>
          </accessor>
        </technique_common>
      </source>
      <source id="mixamorig_RightHandPinky3-Interpolations">
        <Name_array id="mixamorig_RightHandPinky3-Interpolations-array" count="36">
 LINEAR LINEAR LINEAR LINEAR LINEAR LINEAR LINEAR LINEAR LINEAR LINEAR LINEAR
LINEAR LINEAR LINEAR LINEAR LINEAR LINEAR LINEAR LINEAR LINEAR LINEAR LINEAR LINEAR
LINEAR LINEAR LINEAR LINEAR LINEAR LINEAR LINEAR LINEAR LINEAR LINEAR LINEAR LINEAR
LINEAR</Name_array>
        <technique_common>
          <accessor source="#mixamorig_RightHandPinky3-Interpolations-array" count="36">
            <param type="name"/>
          </accessor>
        </technique_common>
      </source>
      <sampler id="mixamorig_RightHandPinky3-Matrix-animation-transform">
        <input semantic="INPUT" source="#mixamorig_RightHandPinky3-Matrix-animation-input"/>
        <input semantic="OUTPUT" source="#mixamorig_RightHandPinky3-Matrix-animation-output-transform"/>
        <input semantic="INTERPOLATION" source="#mixamorig_RightHandPinky3-Interpolations"/>
      </sampler>
      <channel source="#mixamorig_RightHandPinky3-Matrix-animation-transform" target="mixamorig_RightHandPinky3/matrix"/>
    </animation>
    <animation id="mixamorig_LeftShoulder-anim" name="mixamorig_LeftShoulder">
      <source id="mixamorig_LeftShoulder-Matrix-animation-input">
        <float_array id="mixamorig_LeftShoulder-Matrix-animation-input-array" count="36">

0.000000 0.033333 0.066667 0.100000 0.133333 0.166667 0.200000 0.233333 0.266667 0.300000 0.333333 0.366667 0.400000 0.433333 0.466667 0.500000
0.533333 0.566667 0.600000 0.633333 0.666667 0.700000 0.733333 0.766667 0.800000 0.833333 0.866667 0.900000 0.933333 0.966667 1.000000 1.033333
1.066667 1.100000 1.133333 1.166667</float_array>
        <technique_common>
          <accessor source="#mixamorig_LeftShoulder-Matrix-animation-input-array" count="36">
            <param name="TIME" type="float"/>
          </accessor>
        </technique_common>
      </source>
      <source id="mixamorig_LeftShoulder-Matrix-animation-output-transform">
        <float_array id="mixamorig_LeftShoulder-Matrix-animation-output-transform-array" count="576">

-0.123334 0.923823 -0.362409 4.570400 0.203776 -0.333838 -0.920341 11.195600 -0.971218 -0.187359 -0.147079 -0.806600 0.000000 0.000000 0.000000 1.000000
-0.134192 0.921759 -0.363802 4.570400 0.204648 -0.333431 -0.920295 11.195600 -0.969593 -0.197948 -0.143893 -0.806600 0.000000 0.000000 0.000000 1.000000
-0.145784 0.918954 -0.366430 4.570400 0.205830 -0.334109 -0.919786 11.195600 -0.967668 -0.209512 -0.140441 -0.806600 0.000000 0.000000 0.000000 1.000000
-0.152804 0.915859 -0.371285 4.570400 0.207267 -0.337642 -0.918171 11.195600 -0.966277 -0.217255 -0.138235 -0.806600 0.000000 0.000000 0.000000 1.000000
-0.162929 0.915063 -0.368937 4.570400 0.207298 -0.333838 -0.919554 11.195600 -0.964615 -0.226302 -0.135299 -0.806600 0.000000 0.000000 0.000000 1.000000
-0.173563 0.916329 -0.360856 4.570400 0.206014 -0.324528 -0.923168 11.195600 -0.963034 -0.234570 -0.132450 -0.806600 0.000000 0.000000 0.000000 1.000000
-0.185921 0.916312 -0.354691 4.570400 0.205165 -0.316824 -0.926029 11.195600 -0.960906 -0.244939 -0.129091 -0.806600 0.000000 0.000000 0.000000 1.000000
-0.192575 0.914833 -0.354958 4.570400 0.205521 -0.316104 -0.926196 11.195600 -0.959519 -0.251314 -0.127144 -0.806600 0.000000 0.000000 0.000000 1.000000
-0.190784 0.913912 -0.358282 4.570400 0.206222 -0.319525 -0.924865 11.195600 -0.959726 -0.250336 -0.127509 -0.806600 0.000000 0.000000 0.000000 1.000000
-0.186545 0.913254 -0.362171 4.570400 0.206929 -0.323848 -0.923202 11.195600 -0.960407 -0.247162 -0.128567 -0.806600 0.000000 0.000000 0.000000 1.000000
-0.178219 0.911256 -0.371282 4.570400 0.208597 -0.333758 -0.919289 11.195600 -0.961626 -0.241283 -0.130603 -0.806600 0.000000 0.000000 0.000000 1.000000
-0.163960 0.910357 -0.379958 4.570400 0.209729 -0.344195 -0.915174 11.195600 -0.963914 -0.229740 -0.134494 -0.806600 0.000000 0.000000 0.000000 1.000000
-0.147697 0.909473 -0.388644 4.570400 0.210582 -0.355025 -0.910830 11.195600 -0.966354 -0.216369 -0.139083 -0.806600 0.000000 0.000000 0.000000 1.000000
-0.135306 0.907270 -0.398188 4.570400 0.211706 -0.366129 -0.906162 11.195600 -0.967922 -0.206908 -0.142535 -0.806600 0.000000 0.000000 0.000000 1.000000
-0.130983 0.906131 -0.402206 4.570400 0.212179 -0.370678 -0.904200 11.195600 -0.968413 -0.203775 -0.143709 -0.806600 0.000000 0.000000 0.000000 1.000000
-0.129042 0.907178 -0.400470 4.570400 0.211650 -0.369345 -0.904870 11.195600 -0.968789 -0.201525 -0.144343 -0.806600 0.000000 0.000000 0.000000 1.000000
-0.121927 0.910967 -0.394046 4.570400 0.209840 -0.364376 -0.907302 11.195600 -0.970104 -0.193311 -0.146730 -0.806600 0.000000 0.000000 0.000000 1.000000
-0.107921 0.914907 -0.388971 4.570400 0.207879 -0.361840 -0.908767 11.195600 -0.972183 -0.178934 -0.151140 -0.806600 0.000000 0.000000 0.000000 1.000000
-0.095519 0.917700 -0.385621 4.570400 0.206402 -0.360714 -0.909552 11.195600 -0.973794 -0.166472 -0.154960 -0.806600 0.000000 0.000000 0.000000 1.000000
-0.083636 0.920043 -0.382786 4.570400 0.205083 -0.360017 -0.910126 11.195600 -0.975164 -0.154623 -0.158575 -0.806600 0.000000 0.000000 0.000000 1.000000
-0.069575 0.921052 -0.383174 4.570400 0.204168 -0.362827 -0.909215 11.195600 -0.976460 -0.141491 -0.162806 -0.806600 0.000000 0.000000 0.000000 1.000000
-0.058832 0.921370 -0.384207 4.570400 0.203561 -0.365715 -0.908194 11.195600 -0.977293 -0.131641 -0.166040 -0.806600 0.000000 0.000000 0.000000 1.000000
-0.053410 0.922028 -0.383421 4.570400 0.203039 -0.365921 -0.908228 11.195600 -0.977713 -0.126358 -0.167664 -0.806600 0.000000 0.000000 0.000000 1.000000
-0.049400 0.921893 -0.384283 4.570400 0.202868 -0.367471 -0.907640 11.195600 -0.977959 -0.122796 -0.168870 -0.806600 0.000000 0.000000 0.000000 1.000000
-0.050551 0.923950 -0.379158 4.570400 0.202173 -0.362317 -0.909864 11.195600 -0.978044 -0.122650 -0.168483 -0.806600 0.000000 0.000000 0.000000 1.000000
-0.054751 0.924740 -0.376641 4.570400 0.202078 -0.359139 -0.911144 11.195600 -0.977838 -0.125996 -0.167206 -0.806600 0.000000 0.000000 0.000000 1.000000
-0.059029 0.922131 -0.382347 4.570400 0.203234 -0.363892 -0.908999 11.195600 -0.977349 -0.131363 -0.165928 -0.806600 0.000000 0.000000 0.000000 1.000000
-0.065162 0.923191 -0.378777 4.570400 0.203097 -0.359369 -0.910827 11.195600 -0.976988 -0.136280 -0.164080 -0.806600 0.000000 0.000000 0.000000 1.000000
-0.073063 0.926737 -0.368538 4.570400 0.201994 -0.348117 -0.915431 11.195600 -0.976658 -0.141327 -0.161761 -0.806600 0.000000 0.000000 0.000000 1.000000
-0.077234 0.925306 -0.371274 4.570400 0.202683 -0.350039 -0.914545 11.195600 -0.976194 -0.145885 -0.160509 -0.806600 0.000000 0.000000 0.000000 1.000000
-0.080885 0.923190 -0.375737 4.570400 0.203625 -0.353716 -0.912919 11.195600 -0.975702 -0.150350 -0.159374 -0.806600 0.000000 0.000000 0.000000 1.000000
-0.087908 0.923278 -0.373938 4.570400 0.203767 -0.350786 -0.914018 11.195600 -0.975065 -0.156546 -0.157297 -0.806600 0.000000 0.000000 0.000000 1.000000
-0.093498 0.924304 -0.370029 4.570400 0.203453 -0.346076 -0.915881 11.195600 -0.974610 -0.160916 -0.155695 -0.806600 0.000000 0.000000 0.000000 1.000000
-0.097980 0.925511 -0.365826 4.570400 0.203006 -0.341278 -0.917779 11.195600 -0.974263 -0.164189 -0.154446 -0.806600 0.000000 0.000000 0.000000 1.000000
-0.109929 0.925568 -0.362271 4.570400 0.203050 -0.335881 -0.919758 11.195600 -0.972978 -0.174667 -0.151013 -0.806600 0.000000 0.000000 0.000000 1.000000
-0.123334 0.923823 -0.362409 4.570400 0.203776 -0.333838 -0.920341 11.195600 -0.971218 -0.187359 -0.147079 -0.806600 0.000000 0.000000 0.000000 1.000000</float_array>
        <technique_common>
          <accessor source="#mixamorig_LeftShoulder-Matrix-animation-output-transform-array" count="36" stride="16">
            <param type="float4x4"/>
          </accessor>
        </technique_common>
      </source>
      <source id="mixamorig_LeftShoulder-Interpolations">
        <Name_array id="mixamorig_LeftShoulder-Interpolations-array" count="36">
 LINEAR LINEAR LINEAR LINEAR LINEAR LINEAR LINEAR LINEAR LINEAR LINEAR LINEAR
LINEAR LINEAR LINEAR LINEAR LINEAR LINEAR LINEAR LINEAR LINEAR LINEAR LINEAR LINEAR
LINEAR LINEAR LINEAR LINEAR LINEAR LINEAR LINEAR LINEAR LINEAR LINEAR LINEAR LINEAR
LINEAR</Name_array>
        <technique_common>
          <accessor source="#mixamorig_LeftShoulder-Interpolations-array" count="36">
            <param type="name"/>
          </accessor>
        </technique_common>
      </source>
      <sampler id="mixamorig_LeftShoulder-Matrix-animation-transform">
        <input semantic="INPUT" source="#mixamorig_LeftShoulder-Matrix-animation-input"/>
        <input semantic="OUTPUT" source="#mixamorig_LeftShoulder-Matrix-animation-output-transform"/>
        <input semantic="INTERPOLATION" source="#mixamorig_LeftShoulder-Interpolations"/>
      </sampler>
      <channel source="#mixamorig_LeftShoulder-Matrix-animation-transform" target="mixamorig_LeftShoulder/matrix"/>
    </animation>
    <animation id="mixamorig_LeftArm-anim" name="mixamorig_LeftArm">
      <source id="mixamorig_LeftArm-Matrix-animation-input">
        <float_array id="mixamorig_LeftArm-Matrix-animation-input-array" count="36">

0.000000 0.033333 0.066667 0.100000 0.133333 0.166667 0.200000 0.233333 0.266667 0.300000 0.333333 0.366667 0.400000 0.433333 0.466667 0.500000
0.533333 0.566667 0.600000 0.633333 0.666667 0.700000 0.733333 0.766667 0.800000 0.833333 0.866667 0.900000 0.933333 0.966667 1.000000 1.033333
1.066667 1.100000 1.133333 1.166667</float_array>
        <technique_common>
          <accessor source="#mixamorig_LeftArm-Matrix-animation-input-array" count="36">
            <param name="TIME" type="float"/>
          </accessor>
        </technique_common>
      </source>
      <source id="mixamorig_LeftArm-Matrix-animation-output-transform">
        <float_array id="mixamorig_LeftArm-Matrix-animation-output-transform-array" count="576">

0.931310 -0.142709 0.335106 0.000000 0.360906 0.485536 -0.796242 10.837700 -0.049075 0.862490 0.503689 0.000000 0.000000 0.000000 0.000000 1.000000
0.939937 -0.075330 0.332933 -0.000000 0.326369 0.484087 -0.811876 10.837700 -0.100011 0.871771 0.479597 0.000000 0.000000 0.000000 0.000000 1.000000
0.948772 -0.005870 0.315908 0.000000 0.279551 0.481558 -0.830634 10.837700 -0.147252 0.876394 0.458530 0.000000 0.000000 0.000000 0.000000 1.000000
0.954544 0.058606 0.292252 0.000000 0.229998 0.478843 -0.847237 10.837700 -0.189597 0.875942 0.443597 0.000000 0.000000 0.000000 0.000000 1.000000
0.959175 0.115837 0.258004 0.000000 0.175932 0.469877 -0.865022 10.837700 -0.221432 0.875098 0.430315 0.000000 0.000000 0.000000 0.000000 1.000000
0.962887 0.164062 0.214317 0.000000 0.118647 0.455926 -0.882074 10.837700 -0.242427 0.874766 0.419540 -0.000000 0.000000 0.000000 0.000000 1.000000
0.962503 0.203690 0.179158 0.000000 0.072204 0.444251 -0.892988 10.837700 -0.261484 0.872440 0.412886 0.000000 0.000000 0.000000 0.000000 1.000000
0.956423 0.239307 0.167294 0.000000 0.048262 0.435510 -0.898889 10.837700 -0.287968 0.867792 0.404982 0.000000 0.000000 0.000000 0.000000 1.000000
0.949010 0.264304 0.171826 0.000000 0.043623 0.429707 -0.901914 10.837700 -0.312214 0.863421 0.396266 0.000000 0.000000 0.000000 0.000000 1.000000
0.942732 0.278152 0.184086 0.000000 0.049338 0.429540 -0.901699 10.837700 -0.329882 0.859143 0.391217 0.000000 0.000000 0.000000 0.000000 1.000000
0.942328 0.266218 0.202845 0.000000 0.070317 0.435062 -0.897650 10.837700 -0.327221 0.860145 0.391252 0.000000 0.000000 0.000000 0.000000 1.000000
0.949889 0.218415 0.223621 -0.000000 0.108458 0.440656 -0.891100 10.837700 -0.293169 0.870699 0.394885 0.000000 0.000000 0.000000 0.000000 1.000000
0.958441 0.148524 0.243581 0.000000 0.154713 0.446757 -0.881177 10.837700 -0.239697 0.882241 0.405212 0.000000 0.000000 0.000000 0.000000 1.000000
0.961473 0.068315 0.266277 0.000000 0.207740 0.453822 -0.866539 10.837700 -0.180040 0.888470 0.422146 0.000000 0.000000 0.000000 0.000000 1.000000
0.959388 -0.017338 0.281556 0.000000 0.258244 0.455608 -0.851898 10.837700 -0.113509 0.890011 0.441583 0.000000 0.000000 0.000000 0.000000 1.000000
0.951857 -0.099824 0.289833 0.000000 0.302781 0.453816 -0.838078 10.837700 -0.047871 0.885486 0.462193 0.000000 0.000000 0.000000 0.000000 1.000000
0.932817 -0.174288 0.315397 0.000000 0.360344 0.455744 -0.813910 10.837700 -0.001885 0.872881 0.487930 0.000000 0.000000 0.000000 0.000000 1.000000
0.906966 -0.247374 0.340908 0.000000 0.419634 0.460877 -0.781984 10.837700 0.036326 0.852290 0.521807 -0.000000 0.000000 0.000000 0.000000 1.000000
0.875961 -0.326641 0.354962 0.000000 0.475999 0.465985 -0.745844 10.837700 0.078216 0.822291 0.563666 0.000000 0.000000 0.000000 0.000000 1.000000
0.840988 -0.404788 0.359008 0.000000 0.528523 0.472631 -0.705183 10.837700 0.115771 0.782794 0.611417 0.000000 0.000000 0.000000 0.000000 1.000000
0.808357 -0.472075 0.351716 0.000000 0.570357 0.480089 -0.666489 10.837700 0.145778 0.739365 0.657334 -0.000000 0.000000 0.000000 0.000000 1.000000
0.775924 -0.531254 0.340164 0.000000 0.606800 0.481156 -0.632679 10.837700 0.172441 0.697322 0.695705 0.000000 0.000000 0.000000 0.000000 1.000000
0.753514 -0.574164 0.320239 0.000000 0.626218 0.478521 -0.615523 10.837700 0.200170 0.664344 0.720124 -0.000000 0.000000 0.000000 0.000000 1.000000
0.743442 -0.599923 0.295612 -0.000000 0.629186 0.477515 -0.613274 10.837700 0.226758 0.641928 0.732468 -0.000000 0.000000 0.000000 0.000000 1.000000
0.743582 -0.609074 0.275888 0.000000 0.620531 0.474912 -0.624019 10.837700 0.249051 0.635207 0.731086 -0.000000 0.000000 0.000000 0.000000 1.000000
0.757063 -0.594791 0.270332 0.000000 0.604981 0.481971 -0.633800 10.837700 0.246686 0.643372 0.724719 0.000000 0.000000 0.000000 0.000000 1.000000
0.777985 -0.560189 0.284477 -0.000000 0.590780 0.498169 -0.634670 10.837700 0.213817 0.661828 0.718517 0.000000 0.000000 0.000000 0.000000 1.000000
0.793137 -0.522690 0.312617 0.000000 0.582392 0.500713 -0.640395 10.837700 0.178196 0.689987 0.701544 -0.000000 0.000000 0.000000 0.000000 1.000000
0.806888 -0.489732 0.330294 0.000000 0.568540 0.492129 -0.659220 10.837700 0.160293 0.719702 0.675525 0.000000 0.000000 0.000000 0.000000 1.000000
0.825151 -0.456943 0.332157 0.000000 0.545245 0.490413 -0.679856 10.837700 0.147761 0.742091 0.653810 0.000000 0.000000 0.000000 0.000000 1.000000
0.843976 -0.421833 0.331304 -0.000000 0.519701 0.490260 -0.699683 10.837700 0.132724 0.762694 0.632994 0.000000 0.000000 0.000000 0.000000 1.000000
0.861861 -0.386108 0.328811 0.000000 0.493092 0.486414 -0.721291 10.837700 0.118558 0.783787 0.609608 0.000000 0.000000 0.000000 0.000000 1.000000
0.881603 -0.341542 0.325768 0.000000 0.462186 0.484743 -0.742568 10.837700 0.095705 0.805216 0.585208 0.000000 0.000000 0.000000 0.000000 1.000000
0.902213 -0.280308 0.327778 0.000000 0.427911 0.486838 -0.761499 10.837700 0.053879 0.827294 0.559179 0.000000 0.000000 0.000000 0.000000 1.000000
0.919459 -0.212060 0.331098 0.000000 0.393160 0.486247 -0.780377 10.837700 0.004491 0.847700 0.530458 -0.000000 0.000000 0.000000 0.000000 1.000000
0.931310 -0.142709 0.335106 -0.000000 0.360907 0.485536 -0.796242 10.837700 -0.049075 0.862490 0.503689 0.000000 0.000000 0.000000 0.000000 1.000000</float_array>
        <technique_common>
          <accessor source="#mixamorig_LeftArm-Matrix-animation-output-transform-array" count="36" stride="16">
            <param type="float4x4"/>
          </accessor>
        </technique_common>
      </source>
      <source id="mixamorig_LeftArm-Interpolations">
        <Name_array id="mixamorig_LeftArm-Interpolations-array" count="36">
 LINEAR LINEAR LINEAR LINEAR LINEAR LINEAR LINEAR LINEAR LINEAR LINEAR LINEAR
LINEAR LINEAR LINEAR LINEAR LINEAR LINEAR LINEAR LINEAR LINEAR LINEAR LINEAR LINEAR
LINEAR LINEAR LINEAR LINEAR LINEAR LINEAR LINEAR LINEAR LINEAR LINEAR LINEAR LINEAR
LINEAR</Name_array>
        <technique_common>
          <accessor source="#mixamorig_LeftArm-Interpolations-array" count="36">
            <param type="name"/>
          </accessor>
        </technique_common>
      </source>
      <sampler id="mixamorig_LeftArm-Matrix-animation-transform">
        <input semantic="INPUT" source="#mixamorig_LeftArm-Matrix-animation-input"/>
        <input semantic="OUTPUT" source="#mixamorig_LeftArm-Matrix-animation-output-transform"/>
        <input semantic="INTERPOLATION" source="#mixamorig_LeftArm-Interpolations"/>
      </sampler>
      <channel source="#mixamorig_LeftArm-Matrix-animation-transform" target="mixamorig_LeftArm/matrix"/>
    </animation>
    <animation id="mixamorig_LeftForeArm-anim" name="mixamorig_LeftForeArm">
      <source id="mixamorig_LeftForeArm-Matrix-animation-input">
        <float_array id="mixamorig_LeftForeArm-Matrix-animation-input-array" count="36">

0.000000 0.033333 0.066667 0.100000 0.133333 0.166667 0.200000 0.233333 0.266667 0.300000 0.333333 0.366667 0.400000 0.433333 0.466667 0.500000
0.533333 0.566667 0.600000 0.633333 0.666667 0.700000 0.733333 0.766667 0.800000 0.833333 0.866667 0.900000 0.933333 0.966667 1.000000 1.033333
1.066667 1.100000 1.133333 1.166667</float_array>
        <technique_common>
          <accessor source="#mixamorig_LeftForeArm-Matrix-animation-input-array" count="36">
            <param name="TIME" type="float"/>
          </accessor>
        </technique_common>
      </source>
      <source id="mixamorig_LeftForeArm-Matrix-animation-output-transform">
        <float_array id="mixamorig_LeftForeArm-Matrix-animation-output-transform-array" count="576">

0.989566 -0.144079 -0.000000 0.000000 0.144079 0.989566 0.000000 27.841499 0.000000 -0.000000 1.000000 -0.000000 0.000000 0.000000 0.000000 1.000000
0.990306 -0.138902 0.000000 0.000000 0.138902 0.990306 0.000000 27.841499 -0.000000 -0.000000 1.000000 -0.000000 0.000000 0.000000 0.000000 1.000000
0.991101 -0.133116 -0.000000 0.000000 0.133116 0.991101 -0.000000 27.841499 0.000000 0.000000 1.000000 0.000000 0.000000 0.000000 0.000000 1.000000
0.992312 -0.123760 -0.000000 0.000000 0.123760 0.992312 -0.000000 27.841499 0.000000 0.000000 1.000000 0.000000 0.000000 0.000000 0.000000 1.000000
0.994007 -0.109319 0.000000 0.000000 0.109319 0.994007 0.000000 27.841499 -0.000000 -0.000000 1.000000 0.000000 0.000000 0.000000 0.000000 1.000000
0.995801 -0.091546 0.000000 0.000000 0.091546 0.995801 -0.000000 27.841499 -0.000000 0.000000 1.000000 -0.000000 0.000000 0.000000 0.000000 1.000000
0.996805 -0.079871 -0.000000 -0.000000 0.079871 0.996805 0.000000 27.841499 0.000000 -0.000000 1.000000 0.000000 0.000000 0.000000 0.000000 1.000000
0.996653 -0.081750 0.000000 0.000000 0.081750 0.996653 0.000000 27.841499 -0.000000 -0.000000 1.000000 0.000000 0.000000 0.000000 0.000000 1.000000
0.995971 -0.089677 0.000000 -0.000000 0.089677 0.995971 0.000000 27.841499 -0.000000 -0.000000 1.000000 0.000000 0.000000 0.000000 0.000000 1.000000
0.995024 -0.099636 0.000000 0.000000 0.099636 0.995024 0.000000 27.841499 -0.000000 -0.000000 1.000000 0.000000 0.000000 0.000000 0.000000 1.000000
0.994343 -0.106219 -0.000000 0.000000 0.106219 0.994343 -0.000000 27.841499 0.000000 0.000000 1.000000 0.000000 0.000000 0.000000 0.000000 1.000000
0.994583 -0.103946 -0.000000 0.000000 0.103946 0.994583 -0.000000 27.841499 0.000000 0.000000 1.000000 0.000000 0.000000 0.000000 0.000000 1.000000
0.994989 -0.099984 0.000000 -0.000000 0.099984 0.994989 0.000000 27.841499 -0.000000 -0.000000 1.000000 -0.000000 0.000000 0.000000 0.000000 1.000000
0.995012 -0.099753 0.000000 0.000000 0.099753 0.995012 -0.000000 27.841499 -0.000000 0.000000 1.000000 0.000000 0.000000 0.000000 0.000000 1.000000
0.994846 -0.101394 -0.000000 0.000000 0.101394 0.994846 0.000000 27.841499 0.000000 -0.000000 1.000000 0.000000 0.000000 0.000000 0.000000 1.000000
0.993346 -0.115170 -0.000000 0.000000 0.115170 0.993346 0.000000 27.841499 0.000000 -0.000000 1.000000 0.000000 0.000000 0.000000 0.000000 1.000000
0.988434 -0.151655 -0.000000 -0.000000 0.151655 0.988434 0.000000 27.841499 0.000000 -0.000000 1.000000 0.000000 0.000000 0.000000 0.000000 1.000000
0.978954 -0.204081 -0.000000 0.000000 0.204081 0.978954 -0.000000 27.841499 0.000000 0.000000 1.000000 -0.000000 0.000000 0.000000 0.000000 1.000000
0.967502 -0.252864 0.000000 0.000000 0.252864 0.967502 0.000000 27.841499 -0.000000 -0.000000 1.000000 0.000000 0.000000 0.000000 0.000000 1.000000
0.956049 -0.293207 0.000000 -0.000000 0.293207 0.956049 0.000000 27.841499 -0.000000 -0.000000 1.000000 0.000000 0.000000 0.000000 0.000000 1.000000
0.943178 -0.332287 0.000000 0.000000 0.332287 0.943178 -0.000000 27.841499 -0.000000 0.000000 1.000000 0.000000 0.000000 0.000000 0.000000 1.000000
0.930878 -0.365330 0.000000 -0.000000 0.365330 0.930878 -0.000000 27.841499 -0.000000 0.000000 1.000000 0.000000 0.000000 0.000000 0.000000 1.000000
0.920542 -0.390644 -0.000000 0.000000 0.390644 0.920542 0.000000 27.841499 0.000000 -0.000000 1.000000 0.000000 0.000000 0.000000 0.000000 1.000000
0.913396 -0.407071 0.000000 -0.000000 0.407071 0.913396 0.000000 27.841499 -0.000000 0.000000 1.000000 0.000000 0.000000 0.000000 0.000000 1.000000
0.907992 -0.418988 0.000000 0.000000 0.418988 0.907992 -0.000000 27.841499 0.000000 0.000000 1.000000 0.000000 0.000000 0.000000 0.000000 1.000000
0.901732 -0.432296 -0.000000 0.000000 0.432296 0.901732 0.000000 27.841499 0.000000 -0.000000 1.000000 -0.000000 0.000000 0.000000 0.000000 1.000000
0.897915 -0.440169 -0.000000 -0.000000 0.440169 0.897915 0.000000 27.841499 0.000000 -0.000000 1.000000 0.000000 0.000000 0.000000 0.000000 1.000000
0.907884 -0.419222 -0.000000 0.000000 0.419222 0.907884 -0.000000 27.841499 0.000000 0.000000 1.000000 0.000000 0.000000 0.000000 0.000000 1.000000
0.926010 -0.377499 -0.000000 0.000000 0.377499 0.926010 0.000000 27.841499 0.000000 -0.000000 1.000000 0.000000 0.000000 0.000000 0.000000 1.000000
0.942173 -0.335128 -0.000000 0.000000 0.335128 0.942173 -0.000000 27.841499 0.000000 -0.000000 1.000000 0.000000 0.000000 0.000000 0.000000 1.000000
0.958896 -0.283757 -0.000000 -0.000000 0.283757 0.958896 0.000000 27.841499 0.000000 -0.000000 1.000000 0.000000 0.000000 0.000000 0.000000 1.000000
0.974015 -0.226484 0.000000 0.000000 0.226484 0.974015 -0.000000 27.841499 -0.000000 0.000000 1.000000 0.000000 0.000000 0.000000 0.000000 1.000000
0.983599 -0.180371 -0.000000 -0.000000 0.180371 0.983599 -0.000000 27.841499 0.000000 0.000000 1.000000 -0.000000 0.000000 0.000000 0.000000 1.000000
0.987619 -0.156869 0.000000 0.000000 0.156869 0.987619 -0.000000 27.841499 -0.000000 0.000000 1.000000 0.000000 0.000000 0.000000 0.000000 1.000000
0.989096 -0.147274 0.000000 0.000000 0.147274 0.989096 -0.000000 27.841499 -0.000000 0.000000 1.000000 0.000000 0.000000 0.000000 0.000000 1.000000
0.989566 -0.144079 -0.000000 0.000000 0.144079 0.989566 0.000000 27.841499 0.000000 -0.000000 1.000000 0.000000 0.000000 0.000000 0.000000 1.000000</float_array>
        <technique_common>
          <accessor source="#mixamorig_LeftForeArm-Matrix-animation-output-transform-array" count="36" stride="16">
            <param type="float4x4"/>
          </accessor>
        </technique_common>
      </source>
      <source id="mixamorig_LeftForeArm-Interpolations">
        <Name_array id="mixamorig_LeftForeArm-Interpolations-array" count="36">
 LINEAR LINEAR LINEAR LINEAR LINEAR LINEAR LINEAR LINEAR LINEAR LINEAR LINEAR
LINEAR LINEAR LINEAR LINEAR LINEAR LINEAR LINEAR LINEAR LINEAR LINEAR LINEAR LINEAR
LINEAR LINEAR LINEAR LINEAR LINEAR LINEAR LINEAR LINEAR LINEAR LINEAR LINEAR LINEAR
LINEAR</Name_array>
        <technique_common>
          <accessor source="#mixamorig_LeftForeArm-Interpolations-array" count="36">
            <param type="name"/>
          </accessor>
        </technique_common>
      </source>
      <sampler id="mixamorig_LeftForeArm-Matrix-animation-transform">
        <input semantic="INPUT" source="#mixamorig_LeftForeArm-Matrix-animation-input"/>
        <input semantic="OUTPUT" source="#mixamorig_LeftForeArm-Matrix-animation-output-transform"/>
        <input semantic="INTERPOLATION" source="#mixamorig_LeftForeArm-Interpolations"/>
      </sampler>
      <channel source="#mixamorig_LeftForeArm-Matrix-animation-transform" target="mixamorig_LeftForeArm/matrix"/>
    </animation>
    <animation id="mixamorig_LeftHand-anim" name="mixamorig_LeftHand">
      <source id="mixamorig_LeftHand-Matrix-animation-input">
        <float_array id="mixamorig_LeftHand-Matrix-animation-input-array" count="36">

0.000000 0.033333 0.066667 0.100000 0.133333 0.166667 0.200000 0.233333 0.266667 0.300000 0.333333 0.366667 0.400000 0.433333 0.466667 0.500000
0.533333 0.566667 0.600000 0.633333 0.666667 0.700000 0.733333 0.766667 0.800000 0.833333 0.866667 0.900000 0.933333 0.966667 1.000000 1.033333
1.066667 1.100000 1.133333 1.166667</float_array>
        <technique_common>
          <accessor source="#mixamorig_LeftHand-Matrix-animation-input-array" count="36">
            <param name="TIME" type="float"/>
          </accessor>
        </technique_common>
      </source>
      <source id="mixamorig_LeftHand-Matrix-animation-output-transform">
        <float_array id="mixamorig_LeftHand-Matrix-animation-output-transform-array" count="576">

0.982666 -0.080567 0.166961 0.000000 0.067126 0.994147 0.084646 28.328800 -0.172803 -0.071971 0.982323 0.000000 0.000000 0.000000 0.000000 1.000000
0.971895 -0.063143 0.226787 0.000000 0.049296 0.996587 0.066217 28.328800 -0.230194 -0.053176 0.971691 0.000000 0.000000 0.000000 0.000000 1.000000
0.960110 -0.057014 0.273748 0.000000 0.041428 0.997192 0.062390 28.328800 -0.276536 -0.048560 0.959776 0.000000 0.000000 0.000000 0.000000 1.000000
0.954773 -0.049793 0.293137 0.000000 0.032717 0.997485 0.062872 28.328800 -0.295531 -0.050438 0.954001 0.000000 0.000000 0.000000 0.000000 1.000000
0.949360 -0.040479 0.311571 0.000000 0.021754 0.997755 0.063343 28.328800 -0.313436 -0.053358 0.948109 0.000000 0.000000 0.000000 0.000000 1.000000
0.936405 -0.019245 0.350393 0.000000 -0.000835 0.998370 0.057067 28.328800 -0.350920 -0.053730 0.934863 -0.000000 0.000000 0.000000 0.000000 1.000000
0.923283 0.010949 0.383965 0.000000 -0.027959 0.998858 0.038747 28.328800 -0.383102 -0.046510 0.922534 0.000000 0.000000 0.000000 0.000000 1.000000
0.912489 0.037275 0.407399 -0.000000 -0.046752 0.998818 0.013328 28.328800 -0.406421 -0.031208 0.913153 0.000000 0.000000 0.000000 0.000000 1.000000
0.902144 0.057507 0.427585 0.000000 -0.056398 0.998292 -0.015271 28.328800 -0.427733 -0.010338 0.903846 0.000000 0.000000 0.000000 0.000000 1.000000
0.899219 0.065631 0.432548 0.000000 -0.055133 0.997801 -0.036782 28.328800 -0.434011 0.009227 0.900860 0.000000 0.000000 0.000000 0.000000 1.000000
0.905001 0.068199 0.419907 0.000000 -0.052632 0.997432 -0.048563 28.328800 -0.422141 0.021849 0.906267 0.000000 0.000000 0.000000 0.000000 1.000000
0.912229 0.063831 0.404678 -0.000000 -0.049991 0.997749 -0.044688 28.328800 -0.406619 0.020535 0.913367 0.000000 0.000000 0.000000 0.000000 1.000000
0.921033 0.035837 0.387833 0.000000 -0.031842 0.999353 -0.016722 28.328800 -0.388182 0.003052 0.921578 0.000000 0.000000 0.000000 0.000000 1.000000
0.939075 -0.009749 0.343573 -0.000000 0.000946 0.999667 0.025782 28.328800 -0.343710 -0.023886 0.938772 0.000000 0.000000 0.000000 0.000000 1.000000
0.957533 -0.057490 0.282535 0.000000 0.039060 0.996751 0.070442 28.328800 -0.285666 -0.056415 0.956667 -0.000000 0.000000 0.000000 0.000000 1.000000
0.971121 -0.097506 0.217752 0.000000 0.074156 0.990828 0.112960 28.328800 -0.226769 -0.093550 0.969445 0.000000 0.000000 0.000000 0.000000 1.000000
0.984814 -0.125357 0.120110 -0.000000 0.106840 0.982920 0.149844 28.328800 -0.136842 -0.134736 0.981387 0.000000 0.000000 0.000000 0.000000 1.000000
0.989552 -0.142888 0.019233 0.000000 0.137401 0.975036 0.174430 28.328800 -0.043677 -0.169965 0.984482 0.000000 0.000000 0.000000 0.000000 1.000000
0.985866 -0.163279 -0.037526 -0.000000 0.167450 0.967490 0.189536 28.328800 0.005359 -0.193141 0.981156 0.000000 0.000000 0.000000 0.000000 1.000000
0.979744 -0.189069 -0.065983 0.000000 0.198485 0.960548 0.194811 28.328800 0.026547 -0.203962 0.978619 -0.000000 0.000000 0.000000 0.000000 1.000000
0.976636 -0.202240 -0.072677 0.000000 0.213103 0.955070 0.205984 28.328800 0.027754 -0.216659 0.975853 0.000000 0.000000 0.000000 0.000000 1.000000
0.977421 -0.187370 -0.097676 0.000000 0.205113 0.952394 0.225555 28.328800 0.050763 -0.240496 0.969322 0.000000 0.000000 0.000000 0.000000 1.000000
0.978001 -0.173517 -0.115784 0.000000 0.196450 0.952798 0.231482 28.328800 0.070152 -0.249135 0.965925 0.000000 0.000000 0.000000 0.000000 1.000000
0.976775 -0.179939 -0.116329 0.000000 0.203797 0.947840 0.245083 28.328800 0.066162 -0.263099 0.962498 0.000000 0.000000 0.000000 0.000000 1.000000
0.974107 -0.192328 -0.118854 0.000000 0.217521 0.940592 0.260713 28.328800 0.061651 -0.279815 0.958072 0.000000 0.000000 0.000000 0.000000 1.000000
0.973064 -0.191870 -0.127796 0.000000 0.219847 0.939147 0.263952 28.328800 0.069374 -0.284938 0.956032 0.000000 0.000000 0.000000 0.000000 1.000000
0.973534 -0.180699 -0.139928 0.000000 0.211166 0.945380 0.248327 28.328800 0.087412 -0.271303 0.958516 0.000000 0.000000 0.000000 0.000000 1.000000
0.972877 -0.190347 -0.131449 0.000000 0.216141 0.950474 0.223344 28.328800 0.082426 -0.245698 0.965836 -0.000000 0.000000 0.000000 0.000000 1.000000
0.973938 -0.208209 -0.089968 0.000000 0.222654 0.953272 0.204202 28.328800 0.043248 -0.218912 0.974786 -0.000000 0.000000 0.000000 0.000000 1.000000
0.977484 -0.202111 -0.060625 0.000000 0.210174 0.958087 0.194671 28.328800 0.018739 -0.203030 0.978993 0.000000 0.000000 0.000000 0.000000 1.000000
0.979567 -0.195721 -0.046287 -0.000000 0.201041 0.959337 0.198130 28.328800 0.005626 -0.203387 0.979082 -0.000000 0.000000 0.000000 0.000000 1.000000
0.981459 -0.191060 -0.015322 0.000000 0.190464 0.963184 0.189737 28.328800 -0.021493 -0.189137 0.981715 0.000000 0.000000 0.000000 0.000000 1.000000
0.985205 -0.169164 0.027468 -0.000000 0.162975 0.974356 0.155142 28.328800 -0.053008 -0.148370 0.987510 0.000000 0.000000 0.000000 0.000000 1.000000
0.986019 -0.144865 0.082346 0.000000 0.133913 0.982977 0.125791 28.328800 -0.099167 -0.113005 0.988633 0.000000 0.000000 0.000000 0.000000 1.000000
0.982697 -0.114046 0.145946 0.000000 0.098084 0.988826 0.112264 28.328800 -0.157119 -0.096007 0.982902 0.000000 0.000000 0.000000 0.000000 1.000000
0.982666 -0.080567 0.166961 0.000000 0.067126 0.994147 0.084646 28.328800 -0.172804 -0.071971 0.982323 0.000000 0.000000 0.000000 0.000000 1.000000</float_array>
        <technique_common>
          <accessor source="#mixamorig_LeftHand-Matrix-animation-output-transform-array" count="36" stride="16">
            <param type="float4x4"/>
          </accessor>
        </technique_common>
      </source>
      <source id="mixamorig_LeftHand-Interpolations">
        <Name_array id="mixamorig_LeftHand-Interpolations-array" count="36">
 LINEAR LINEAR LINEAR LINEAR LINEAR LINEAR LINEAR LINEAR LINEAR LINEAR LINEAR
LINEAR LINEAR LINEAR LINEAR LINEAR LINEAR LINEAR LINEAR LINEAR LINEAR LINEAR LINEAR
LINEAR LINEAR LINEAR LINEAR LINEAR LINEAR LINEAR LINEAR LINEAR LINEAR LINEAR LINEAR
LINEAR</Name_array>
        <technique_common>
          <accessor source="#mixamorig_LeftHand-Interpolations-array" count="36">
            <param type="name"/>
          </accessor>
        </technique_common>
      </source>
      <sampler id="mixamorig_LeftHand-Matrix-animation-transform">
        <input semantic="INPUT" source="#mixamorig_LeftHand-Matrix-animation-input"/>
        <input semantic="OUTPUT" source="#mixamorig_LeftHand-Matrix-animation-output-transform"/>
        <input semantic="INTERPOLATION" source="#mixamorig_LeftHand-Interpolations"/>
      </sampler>
      <channel source="#mixamorig_LeftHand-Matrix-animation-transform" target="mixamorig_LeftHand/matrix"/>
    </animation>
    <animation id="mixamorig_LeftHandThumb1-anim" name="mixamorig_LeftHandThumb1">
      <source id="mixamorig_LeftHandThumb1-Matrix-animation-input">
        <float_array id="mixamorig_LeftHandThumb1-Matrix-animation-input-array" count="36">

0.000000 0.033333 0.066667 0.100000 0.133333 0.166667 0.200000 0.233333 0.266667 0.300000 0.333333 0.366667 0.400000 0.433333 0.466667 0.500000
0.533333 0.566667 0.600000 0.633333 0.666667 0.700000 0.733333 0.766667 0.800000 0.833333 0.866667 0.900000 0.933333 0.966667 1.000000 1.033333
1.066667 1.100000 1.133333 1.166667</float_array>
        <technique_common>
          <accessor source="#mixamorig_LeftHandThumb1-Matrix-animation-input-array" count="36">
            <param name="TIME" type="float"/>
          </accessor>
        </technique_common>
      </source>
      <source id="mixamorig_LeftHandThumb1-Matrix-animation-output-transform">
        <float_array id="mixamorig_LeftHandThumb1-Matrix-animation-output-transform-array" count="576">

0.875704 -0.481063 -0.041481 -2.681700 0.451613 0.846424 -0.282156 2.466100 0.170846 0.228352 0.958471 1.576200 0.000000 0.000000 0.000000 1.000000
0.875704 -0.481063 -0.041481 -2.681700 0.451613 0.846424 -0.282157 2.466100 0.170846 0.228352 0.958471 1.576200 0.000000 0.000000 0.000000 1.000000
0.875704 -0.481063 -0.041482 -2.681700 0.451613 0.846424 -0.282156 2.466100 0.170846 0.228352 0.958471 1.576200 0.000000 0.000000 0.000000 1.000000
0.875704 -0.481063 -0.041481 -2.681700 0.451613 0.846424 -0.282156 2.466100 0.170846 0.228352 0.958471 1.576200 0.000000 0.000000 0.000000 1.000000
0.875704 -0.481063 -0.041481 -2.681700 0.451613 0.846424 -0.282156 2.466100 0.170845 0.228352 0.958471 1.576200 0.000000 0.000000 0.000000 1.000000
0.875704 -0.481063 -0.041482 -2.681700 0.451613 0.846424 -0.282157 2.466100 0.170846 0.228352 0.958471 1.576200 0.000000 0.000000 0.000000 1.000000
0.875704 -0.481063 -0.041481 -2.681700 0.451613 0.846424 -0.282156 2.466100 0.170846 0.228352 0.958471 1.576200 0.000000 0.000000 0.000000 1.000000
0.875704 -0.481063 -0.041481 -2.681700 0.451613 0.846424 -0.282156 2.466100 0.170846 0.228352 0.958471 1.576200 0.000000 0.000000 0.000000 1.000000
0.875704 -0.481063 -0.041481 -2.681700 0.451613 0.846424 -0.282156 2.466100 0.170845 0.228352 0.958471 1.576200 0.000000 0.000000 0.000000 1.000000
0.875704 -0.481063 -0.041481 -2.681700 0.451613 0.846424 -0.282156 2.466100 0.170846 0.228352 0.958471 1.576200 0.000000 0.000000 0.000000 1.000000
0.875704 -0.481063 -0.041481 -2.681700 0.451613 0.846424 -0.282156 2.466100 0.170846 0.228352 0.958471 1.576200 0.000000 0.000000 0.000000 1.000000
0.875704 -0.481063 -0.041481 -2.681700 0.451613 0.846424 -0.282157 2.466100 0.170846 0.228352 0.958471 1.576200 0.000000 0.000000 0.000000 1.000000
0.875704 -0.481063 -0.041481 -2.681700 0.451613 0.846424 -0.282157 2.466100 0.170846 0.228352 0.958471 1.576200 0.000000 0.000000 0.000000 1.000000
0.875704 -0.481063 -0.041481 -2.681700 0.451613 0.846424 -0.282156 2.466100 0.170846 0.228352 0.958471 1.576200 0.000000 0.000000 0.000000 1.000000
0.875704 -0.481063 -0.041481 -2.681700 0.451613 0.846424 -0.282156 2.466100 0.170846 0.228352 0.958471 1.576200 0.000000 0.000000 0.000000 1.000000
0.875704 -0.481063 -0.041481 -2.681700 0.451613 0.846424 -0.282156 2.466100 0.170846 0.228352 0.958471 1.576200 0.000000 0.000000 0.000000 1.000000
0.875704 -0.481063 -0.041481 -2.681700 0.451613 0.846424 -0.282156 2.466100 0.170846 0.228352 0.958471 1.576200 0.000000 0.000000 0.000000 1.000000
0.875704 -0.481063 -0.041481 -2.681700 0.451613 0.846424 -0.282156 2.466100 0.170846 0.228352 0.958471 1.576200 0.000000 0.000000 0.000000 1.000000
0.875704 -0.481063 -0.041481 -2.681700 0.451613 0.846424 -0.282156 2.466100 0.170846 0.228352 0.958471 1.576200 0.000000 0.000000 0.000000 1.000000
0.875704 -0.481063 -0.041481 -2.681700 0.451613 0.846424 -0.282156 2.466100 0.170846 0.228352 0.958471 1.576200 0.000000 0.000000 0.000000 1.000000
0.875704 -0.481063 -0.041481 -2.681700 0.451613 0.846424 -0.282157 2.466100 0.170846 0.228352 0.958471 1.576200 0.000000 0.000000 0.000000 1.000000
0.875704 -0.481063 -0.041481 -2.681700 0.451612 0.846424 -0.282156 2.466100 0.170846 0.228352 0.958471 1.576200 0.000000 0.000000 0.000000 1.000000
0.875704 -0.481063 -0.041481 -2.681700 0.451613 0.846424 -0.282156 2.466100 0.170846 0.228352 0.958471 1.576200 0.000000 0.000000 0.000000 1.000000
0.875704 -0.481063 -0.041481 -2.681700 0.451613 0.846424 -0.282156 2.466100 0.170846 0.228352 0.958471 1.576200 0.000000 0.000000 0.000000 1.000000
0.875704 -0.481063 -0.041482 -2.681700 0.451613 0.846424 -0.282156 2.466100 0.170846 0.228352 0.958471 1.576200 0.000000 0.000000 0.000000 1.000000
0.875704 -0.481063 -0.041481 -2.681700 0.451613 0.846424 -0.282156 2.466100 0.170845 0.228352 0.958471 1.576200 0.000000 0.000000 0.000000 1.000000
0.875704 -0.481063 -0.041481 -2.681700 0.451613 0.846424 -0.282156 2.466100 0.170846 0.228352 0.958471 1.576200 0.000000 0.000000 0.000000 1.000000
0.875704 -0.481063 -0.041481 -2.681700 0.451613 0.846424 -0.282157 2.466100 0.170846 0.228352 0.958471 1.576200 0.000000 0.000000 0.000000 1.000000
0.875704 -0.481063 -0.041481 -2.681700 0.451613 0.846424 -0.282157 2.466100 0.170846 0.228352 0.958471 1.576200 0.000000 0.000000 0.000000 1.000000
0.875704 -0.481063 -0.041481 -2.681700 0.451613 0.846424 -0.282156 2.466100 0.170846 0.228352 0.958471 1.576200 0.000000 0.000000 0.000000 1.000000
0.875704 -0.481063 -0.041481 -2.681700 0.451613 0.846424 -0.282156 2.466100 0.170846 0.228352 0.958471 1.576200 0.000000 0.000000 0.000000 1.000000
0.875704 -0.481063 -0.041481 -2.681700 0.451613 0.846424 -0.282156 2.466100 0.170846 0.228352 0.958471 1.576200 0.000000 0.000000 0.000000 1.000000
0.875704 -0.481063 -0.041481 -2.681700 0.451613 0.846424 -0.282157 2.466100 0.170846 0.228352 0.958471 1.576200 0.000000 0.000000 0.000000 1.000000
0.875704 -0.481063 -0.041481 -2.681700 0.451613 0.846424 -0.282156 2.466100 0.170846 0.228352 0.958471 1.576200 0.000000 0.000000 0.000000 1.000000
0.875704 -0.481063 -0.041481 -2.681700 0.451613 0.846424 -0.282156 2.466100 0.170846 0.228352 0.958471 1.576200 0.000000 0.000000 0.000000 1.000000
0.875704 -0.481063 -0.041482 -2.681700 0.451613 0.846424 -0.282156 2.466100 0.170846 0.228352 0.958471 1.576200 0.000000 0.000000 0.000000 1.000000</float_array>
        <technique_common>
          <accessor source="#mixamorig_LeftHandThumb1-Matrix-animation-output-transform-array" count="36" stride="16">
            <param type="float4x4"/>
          </accessor>
        </technique_common>
      </source>
      <source id="mixamorig_LeftHandThumb1-Interpolations">
        <Name_array id="mixamorig_LeftHandThumb1-Interpolations-array" count="36">
 LINEAR LINEAR LINEAR LINEAR LINEAR LINEAR LINEAR LINEAR LINEAR LINEAR LINEAR
LINEAR LINEAR LINEAR LINEAR LINEAR LINEAR LINEAR LINEAR LINEAR LINEAR LINEAR LINEAR
LINEAR LINEAR LINEAR LINEAR LINEAR LINEAR LINEAR LINEAR LINEAR LINEAR LINEAR LINEAR
LINEAR</Name_array>
        <technique_common>
          <accessor source="#mixamorig_LeftHandThumb1-Interpolations-array" count="36">
            <param type="name"/>
          </accessor>
        </technique_common>
      </source>
      <sampler id="mixamorig_LeftHandThumb1-Matrix-animation-transform">
        <input semantic="INPUT" source="#mixamorig_LeftHandThumb1-Matrix-animation-input"/>
        <input semantic="OUTPUT" source="#mixamorig_LeftHandThumb1-Matrix-animation-output-transform"/>
        <input semantic="INTERPOLATION" source="#mixamorig_LeftHandThumb1-Interpolations"/>
      </sampler>
      <channel source="#mixamorig_LeftHandThumb1-Matrix-animation-transform" target="mixamorig_LeftHandThumb1/matrix"/>
    </animation>
    <animation id="mixamorig_LeftHandThumb2-anim" name="mixamorig_LeftHandThumb2">
      <source id="mixamorig_LeftHandThumb2-Matrix-animation-input">
        <float_array id="mixamorig_LeftHandThumb2-Matrix-animation-input-array" count="36">

0.000000 0.033333 0.066667 0.100000 0.133333 0.166667 0.200000 0.233333 0.266667 0.300000 0.333333 0.366667 0.400000 0.433333 0.466667 0.500000
0.533333 0.566667 0.600000 0.633333 0.666667 0.700000 0.733333 0.766667 0.800000 0.833333 0.866667 0.900000 0.933333 0.966667 1.000000 1.033333
1.066667 1.100000 1.133333 1.166667</float_array>
        <technique_common>
          <accessor source="#mixamorig_LeftHandThumb2-Matrix-animation-input-array" count="36">
            <param name="TIME" type="float"/>
          </accessor>
        </technique_common>
      </source>
      <source id="mixamorig_LeftHandThumb2-Matrix-animation-output-transform">
        <float_array id="mixamorig_LeftHandThumb2-Matrix-animation-output-transform-array" count="576">

0.891382 0.452186 0.031072 0.000000 -0.447099 0.888470 -0.103554 4.187100 -0.074432 0.078414 0.994138 0.000000 0.000000 0.000000 0.000000 1.000000
0.890371 0.454250 0.029924 -0.000000 -0.449232 0.887370 -0.103751 4.187100 -0.073683 0.078934 0.994153 0.000000 0.000000 0.000000 0.000000 1.000000
0.889152 0.456721 0.028551 0.000000 -0.451786 0.886045 -0.103989 4.187100 -0.072791 0.079563 0.994169 0.000000 0.000000 0.000000 0.000000 1.000000
0.889681 0.455651 0.029146 0.000000 -0.450680 0.886620 -0.103886 4.187100 -0.073177 0.079290 0.994162 -0.000000 0.000000 0.000000 0.000000 1.000000
0.891683 0.451575 0.031329 0.000000 -0.446478 0.888795 -0.103446 4.187100 -0.074558 0.078254 0.994142 0.000000 0.000000 0.000000 0.000000 1.000000
0.894641 0.445496 0.033921 0.000000 -0.440297 0.891996 -0.102375 4.187100 -0.075865 0.076654 0.994167 0.000000 0.000000 0.000000 0.000000 1.000000
0.898871 0.436587 0.037718 -0.000000 -0.431246 0.896584 -0.100816 4.187100 -0.077833 0.074355 0.994190 0.000000 0.000000 0.000000 0.000000 1.000000
0.901697 0.430485 0.040318 0.000000 -0.425050 0.899656 -0.099754 4.187100 -0.079215 0.072811 0.994195 0.000000 0.000000 0.000000 0.000000 1.000000
0.902683 0.428326 0.041234 0.000000 -0.422860 0.900729 -0.099378 4.187100 -0.079707 0.072271 0.994195 0.000000 0.000000 0.000000 0.000000 1.000000
0.902919 0.427807 0.041451 0.000000 -0.422333 0.900987 -0.099287 4.187100 -0.079822 0.072142 0.994195 -0.000000 0.000000 0.000000 0.000000 1.000000
0.900300 0.433519 0.039010 0.000000 -0.428132 0.898135 -0.100277 4.187100 -0.078508 0.073578 0.994195 0.000000 0.000000 0.000000 0.000000 1.000000
0.895481 0.443750 0.034645 -0.000000 -0.438524 0.892905 -0.102067 4.187100 -0.076227 0.076206 0.994174 -0.000000 0.000000 0.000000 0.000000 1.000000
0.890792 0.453394 0.030389 0.000000 -0.448347 0.887826 -0.103683 4.187100 -0.073990 0.078734 0.994146 -0.000000 0.000000 0.000000 0.000000 1.000000
0.888162 0.458710 0.027432 -0.000000 -0.453843 0.884969 -0.104196 4.187100 -0.072073 0.080093 0.994178 0.000000 0.000000 0.000000 0.000000 1.000000
0.887914 0.459208 0.027154 0.000000 -0.454357 0.884699 -0.104247 4.187100 -0.071894 0.080225 0.994181 -0.000000 0.000000 0.000000 0.000000 1.000000
0.888751 0.457529 0.028086 0.000000 -0.452621 0.885607 -0.104087 4.187100 -0.072496 0.079795 0.994172 0.000000 0.000000 0.000000 0.000000 1.000000
0.889302 0.456419 0.028701 0.000000 -0.451473 0.886205 -0.103982 4.187100 -0.072894 0.079514 0.994165 0.000000 0.000000 0.000000 0.000000 1.000000
0.889738 0.455537 0.029190 0.000000 -0.450562 0.886679 -0.103899 4.187100 -0.073212 0.079291 0.994159 0.000000 0.000000 0.000000 0.000000 1.000000
0.890581 0.453826 0.030139 0.000000 -0.448793 0.887594 -0.103737 4.187100 -0.073830 0.078860 0.994148 0.000000 0.000000 0.000000 0.000000 1.000000
0.891390 0.452172 0.031057 0.000000 -0.447084 0.888474 -0.103580 4.187100 -0.074429 0.078445 0.994136 0.000000 0.000000 0.000000 0.000000 1.000000
0.891299 0.452359 0.030939 0.000000 -0.447277 0.888373 -0.103615 4.187100 -0.074357 0.078513 0.994136 0.000000 0.000000 0.000000 0.000000 1.000000
0.891198 0.452565 0.030827 0.000000 -0.447490 0.888264 -0.103633 4.187100 -0.074283 0.078562 0.994138 0.000000 0.000000 0.000000 0.000000 1.000000
0.891393 0.452169 0.031017 0.000000 -0.447086 0.888476 -0.103563 4.187100 -0.074386 0.078448 0.994139 0.000000 0.000000 0.000000 0.000000 1.000000
0.892524 0.449863 0.031993 0.000000 -0.444741 0.889699 -0.103152 4.187100 -0.074869 0.077837 0.994151 0.000000 0.000000 0.000000 0.000000 1.000000
0.894214 0.446388 0.033465 0.000000 -0.441209 0.891528 -0.102532 4.187100 -0.075604 0.076921 0.994167 0.000000 0.000000 0.000000 0.000000 1.000000
0.895131 0.444484 0.034268 0.000000 -0.439276 0.892521 -0.102193 4.187100 -0.076008 0.076423 0.994174 -0.000000 0.000000 0.000000 0.000000 1.000000
0.895326 0.444079 0.034436 0.000000 -0.438864 0.892731 -0.102121 4.187100 -0.076092 0.076319 0.994176 0.000000 0.000000 0.000000 0.000000 1.000000
0.893107 0.448670 0.032486 0.000000 -0.443530 0.890328 -0.102940 4.187100 -0.075109 0.077528 0.994157 -0.000000 0.000000 0.000000 0.000000 1.000000
0.890860 0.453257 0.030440 -0.000000 -0.448205 0.887895 -0.103702 4.187100 -0.074031 0.078740 0.994143 0.000000 0.000000 0.000000 0.000000 1.000000
0.889464 0.456094 0.028861 0.000000 -0.451137 0.886377 -0.103977 4.187100 -0.073005 0.079464 0.994161 0.000000 0.000000 0.000000 0.000000 1.000000
0.888317 0.458402 0.027575 0.000000 -0.453524 0.885132 -0.104203 4.187100 -0.072174 0.080059 0.994174 0.000000 0.000000 0.000000 0.000000 1.000000
0.889430 0.456162 0.028821 0.000000 -0.451207 0.886340 -0.103986 4.187100 -0.072980 0.079484 0.994161 -0.000000 0.000000 0.000000 0.000000 1.000000
0.891208 0.452545 0.030833 -0.000000 -0.447469 0.888274 -0.103637 4.187100 -0.074288 0.078566 0.994137 -0.000000 0.000000 0.000000 0.000000 1.000000
0.891502 0.451943 0.031172 0.000000 -0.446847 0.888595 -0.103574 4.187100 -0.074509 0.078407 0.994133 -0.000000 0.000000 0.000000 0.000000 1.000000
0.891409 0.452129 0.031148 -0.000000 -0.447041 0.888507 -0.103492 4.187100 -0.074467 0.078329 0.994142 -0.000000 0.000000 0.000000 0.000000 1.000000
0.891386 0.452174 0.031142 0.000000 -0.447088 0.888485 -0.103472 4.187100 -0.074456 0.078311 0.994145 -0.000000 0.000000 0.000000 0.000000 1.000000</float_array>
        <technique_common>
          <accessor source="#mixamorig_LeftHandThumb2-Matrix-animation-output-transform-array" count="36" stride="16">
            <param type="float4x4"/>
          </accessor>
        </technique_common>
      </source>
      <source id="mixamorig_LeftHandThumb2-Interpolations">
        <Name_array id="mixamorig_LeftHandThumb2-Interpolations-array" count="36">
 LINEAR LINEAR LINEAR LINEAR LINEAR LINEAR LINEAR LINEAR LINEAR LINEAR LINEAR
LINEAR LINEAR LINEAR LINEAR LINEAR LINEAR LINEAR LINEAR LINEAR LINEAR LINEAR LINEAR
LINEAR LINEAR LINEAR LINEAR LINEAR LINEAR LINEAR LINEAR LINEAR LINEAR LINEAR LINEAR
LINEAR</Name_array>
        <technique_common>
          <accessor source="#mixamorig_LeftHandThumb2-Interpolations-array" count="36">
            <param type="name"/>
          </accessor>
        </technique_common>
      </source>
      <sampler id="mixamorig_LeftHandThumb2-Matrix-animation-transform">
        <input semantic="INPUT" source="#mixamorig_LeftHandThumb2-Matrix-animation-input"/>
        <input semantic="OUTPUT" source="#mixamorig_LeftHandThumb2-Matrix-animation-output-transform"/>
        <input semantic="INTERPOLATION" source="#mixamorig_LeftHandThumb2-Interpolations"/>
      </sampler>
      <channel source="#mixamorig_LeftHandThumb2-Matrix-animation-transform" target="mixamorig_LeftHandThumb2/matrix"/>
    </animation>
    <animation id="mixamorig_LeftHandThumb3-anim" name="mixamorig_LeftHandThumb3">
      <source id="mixamorig_LeftHandThumb3-Matrix-animation-input">
        <float_array id="mixamorig_LeftHandThumb3-Matrix-animation-input-array" count="36">

0.000000 0.033333 0.066667 0.100000 0.133333 0.166667 0.200000 0.233333 0.266667 0.300000 0.333333 0.366667 0.400000 0.433333 0.466667 0.500000
0.533333 0.566667 0.600000 0.633333 0.666667 0.700000 0.733333 0.766667 0.800000 0.833333 0.866667 0.900000 0.933333 0.966667 1.000000 1.033333
1.066667 1.100000 1.133333 1.166667</float_array>
        <technique_common>
          <accessor source="#mixamorig_LeftHandThumb3-Matrix-animation-input-array" count="36">
            <param name="TIME" type="float"/>
          </accessor>
        </technique_common>
      </source>
      <source id="mixamorig_LeftHandThumb3-Matrix-animation-output-transform">
        <float_array id="mixamorig_LeftHandThumb3-Matrix-animation-output-transform-array" count="576">

0.908965 -0.407160 -0.089458 -0.000000 0.414283 0.858398 0.302528 3.418400 -0.046387 -0.312048 0.948933 0.000000 0.000000 0.000000 0.000000 1.000000
0.905772 -0.413769 -0.091498 0.000000 0.420786 0.852635 0.309763 3.418400 -0.050157 -0.319076 0.946401 0.000000 0.000000 0.000000 0.000000 1.000000
0.902963 -0.419508 -0.093117 -0.000000 0.426355 0.847552 0.316034 3.418400 -0.053657 -0.325068 0.944167 0.000000 0.000000 0.000000 0.000000 1.000000
0.906298 -0.412777 -0.090769 0.000000 0.419670 0.853518 0.308845 3.418400 -0.050012 -0.317998 0.946771 0.000000 0.000000 0.000000 0.000000 1.000000
0.912505 -0.399774 -0.086689 0.000000 0.406823 0.864737 0.294490 3.418400 -0.042766 -0.303991 0.951715 0.000000 0.000000 0.000000 0.000000 1.000000
0.918698 -0.386312 -0.082196 0.000000 0.393338 0.876054 0.278954 3.418400 -0.035755 -0.288605 0.956780 -0.000000 0.000000 0.000000 0.000000 1.000000
0.922727 -0.377130 -0.079674 0.000000 0.384246 0.883619 0.267530 3.418400 -0.030492 -0.277471 0.960250 0.000000 0.000000 0.000000 0.000000 1.000000
0.923796 -0.374570 -0.079355 0.000000 0.381819 0.885776 0.263846 3.418400 -0.028538 -0.274040 0.961295 0.000000 0.000000 0.000000 0.000000 1.000000
0.924288 -0.373400 -0.079150 0.000000 0.380688 0.886739 0.262243 3.418400 -0.027736 -0.272519 0.961750 0.000000 0.000000 0.000000 0.000000 1.000000
0.922979 -0.376380 -0.080301 0.000000 0.383761 0.884418 0.265578 3.418400 -0.028939 -0.275939 0.960739 -0.000000 0.000000 0.000000 0.000000 1.000000
0.916393 -0.391109 -0.085192 0.000000 0.398632 0.872418 0.282806 3.418400 -0.036285 -0.293122 0.955386 0.000000 0.000000 0.000000 0.000000 1.000000
0.907973 -0.409032 -0.090981 0.000000 0.416476 0.856984 0.303522 3.418400 -0.046181 -0.313481 0.948471 0.000000 0.000000 0.000000 0.000000 1.000000
0.901835 -0.421567 -0.094735 0.000000 0.428709 0.845685 0.317846 3.418400 -0.053877 -0.327259 0.943398 0.000000 0.000000 0.000000 0.000000 1.000000
0.903985 -0.417577 -0.091871 0.000000 0.424246 0.849302 0.314167 3.418400 -0.053163 -0.322978 0.944912 -0.000000 0.000000 0.000000 0.000000 1.000000
0.908610 -0.408238 -0.088148 0.000000 0.414802 0.857501 0.304354 3.418400 -0.048662 -0.313103 0.948472 -0.000000 0.000000 0.000000 0.000000 1.000000
0.908780 -0.407805 -0.088399 0.000000 0.414503 0.857866 0.303731 3.418400 -0.048029 -0.312666 0.948648 0.000000 0.000000 0.000000 0.000000 1.000000
0.909292 -0.406694 -0.088250 0.000000 0.413472 0.858819 0.302441 3.418400 -0.047210 -0.311496 0.949074 0.000000 0.000000 0.000000 0.000000 1.000000
0.909143 -0.406958 -0.088572 0.000000 0.413811 0.858586 0.302637 3.418400 -0.047114 -0.311793 0.948981 0.000000 0.000000 0.000000 0.000000 1.000000
0.908609 -0.407970 -0.089386 0.000000 0.414974 0.857702 0.303552 3.418400 -0.047173 -0.312903 0.948613 0.000000 0.000000 0.000000 0.000000 1.000000
0.908570 -0.407973 -0.089766 -0.000000 0.415104 0.857696 0.303391 3.418400 -0.046783 -0.312914 0.948629 0.000000 0.000000 0.000000 0.000000 1.000000
0.911195 -0.402538 -0.087676 0.000000 0.409599 0.862359 0.297600 3.418400 -0.044187 -0.307084 0.950656 0.000000 0.000000 0.000000 0.000000 1.000000
0.913794 -0.397070 -0.085530 0.000000 0.404033 0.866984 0.291711 3.418400 -0.041677 -0.301121 0.952675 0.000000 0.000000 0.000000 0.000000 1.000000
0.914259 -0.396061 -0.085246 -0.000000 0.403040 0.867826 0.290581 3.418400 -0.041109 -0.300023 0.953046 0.000000 0.000000 0.000000 0.000000 1.000000
0.909671 -0.405659 -0.089102 0.000000 0.412845 0.859748 0.300652 3.418400 -0.045357 -0.310280 0.949563 0.000000 0.000000 0.000000 0.000000 1.000000
0.902253 -0.420578 -0.095145 0.000000 0.428019 0.846735 0.315974 3.418400 -0.052329 -0.325813 0.943985 0.000000 0.000000 0.000000 0.000000 1.000000
0.892682 -0.440778 -0.093986 0.000000 0.445280 0.830375 0.334968 3.418400 -0.069603 -0.340870 0.937530 0.000000 0.000000 0.000000 0.000000 1.000000
0.886421 -0.454688 -0.086696 0.000000 0.454709 0.820328 0.346845 3.418400 -0.086587 -0.346872 0.933907 0.000000 0.000000 0.000000 0.000000 1.000000
0.893306 -0.439393 -0.094544 0.000000 0.444232 0.831218 0.334267 3.418400 -0.068287 -0.340602 0.937724 -0.000000 0.000000 0.000000 0.000000 1.000000
0.900515 -0.424149 -0.095764 0.000000 0.431314 0.843380 0.320435 3.418400 -0.055147 -0.329861 0.942417 0.000000 0.000000 0.000000 0.000000 1.000000
0.902147 -0.421092 -0.093876 0.000000 0.428002 0.846163 0.317527 3.418400 -0.054274 -0.326635 0.943591 0.000000 0.000000 0.000000 0.000000 1.000000
0.901135 -0.423199 -0.094116 0.000000 0.429916 0.844293 0.319910 3.418400 -0.055924 -0.328744 0.942762 0.000000 0.000000 0.000000 0.000000 1.000000
0.905057 -0.415302 -0.091631 -0.000000 0.422178 0.851313 0.311499 3.418400 -0.051360 -0.320609 0.945818 0.000000 0.000000 0.000000 0.000000 1.000000
0.910055 -0.404914 -0.088569 0.000000 0.412000 0.860319 0.300180 3.418400 -0.045350 -0.309671 0.949762 -0.000000 0.000000 0.000000 0.000000 1.000000
0.909990 -0.405038 -0.088675 0.000000 0.412146 0.860228 0.300238 3.418400 -0.045327 -0.309761 0.949733 0.000000 0.000000 0.000000 0.000000 1.000000
0.909225 -0.406627 -0.089248 -0.000000 0.413742 0.858861 0.301953 3.418400 -0.046131 -0.311469 0.949136 0.000000 0.000000 0.000000 0.000000 1.000000
0.908965 -0.407160 -0.089457 -0.000000 0.414282 0.858398 0.302528 3.418400 -0.046387 -0.312048 0.948933 0.000000 0.000000 0.000000 0.000000 1.000000</float_array>
        <technique_common>
          <accessor source="#mixamorig_LeftHandThumb3-Matrix-animation-output-transform-array" count="36" stride="16">
            <param type="float4x4"/>
          </accessor>
        </technique_common>
      </source>
      <source id="mixamorig_LeftHandThumb3-Interpolations">
        <Name_array id="mixamorig_LeftHandThumb3-Interpolations-array" count="36">
 LINEAR LINEAR LINEAR LINEAR LINEAR LINEAR LINEAR LINEAR LINEAR LINEAR LINEAR
LINEAR LINEAR LINEAR LINEAR LINEAR LINEAR LINEAR LINEAR LINEAR LINEAR LINEAR LINEAR
LINEAR LINEAR LINEAR LINEAR LINEAR LINEAR LINEAR LINEAR LINEAR LINEAR LINEAR LINEAR
LINEAR</Name_array>
        <technique_common>
          <accessor source="#mixamorig_LeftHandThumb3-Interpolations-array" count="36">
            <param type="name"/>
          </accessor>
        </technique_common>
      </source>
      <sampler id="mixamorig_LeftHandThumb3-Matrix-animation-transform">
        <input semantic="INPUT" source="#mixamorig_LeftHandThumb3-Matrix-animation-input"/>
        <input semantic="OUTPUT" source="#mixamorig_LeftHandThumb3-Matrix-animation-output-transform"/>
        <input semantic="INTERPOLATION" source="#mixamorig_LeftHandThumb3-Interpolations"/>
      </sampler>
      <channel source="#mixamorig_LeftHandThumb3-Matrix-animation-transform" target="mixamorig_LeftHandThumb3/matrix"/>
    </animation>
    <animation id="mixamorig_LeftHandIndex1-anim" name="mixamorig_LeftHandIndex1">
      <source id="mixamorig_LeftHandIndex1-Matrix-animation-input">
        <float_array id="mixamorig_LeftHandIndex1-Matrix-animation-input-array" count="36">

0.000000 0.033333 0.066667 0.100000 0.133333 0.166667 0.200000 0.233333 0.266667 0.300000 0.333333 0.366667 0.400000 0.433333 0.466667 0.500000
0.533333 0.566667 0.600000 0.633333 0.666667 0.700000 0.733333 0.766667 0.800000 0.833333 0.866667 0.900000 0.933333 0.966667 1.000000 1.033333
1.066667 1.100000 1.133333 1.166667</float_array>
        <technique_common>
          <accessor source="#mixamorig_LeftHandIndex1-Matrix-animation-input-array" count="36">
            <param name="TIME" type="float"/>
          </accessor>
        </technique_common>
      </source>
      <source id="mixamorig_LeftHandIndex1-Matrix-animation-output-transform">
        <float_array id="mixamorig_LeftHandIndex1-Matrix-animation-output-transform-array" count="576">

0.999161 0.026090 -0.031577 -2.259900 -0.038114 0.874562 -0.483413 9.109300 0.015003 0.484211 0.874823 0.518000 0.000000 0.000000 0.000000 1.000000
0.999047 0.028977 -0.032630 -2.259900 -0.041525 0.861164 -0.506629 9.109300 0.013419 0.507501 0.861547 0.518000 0.000000 0.000000 0.000000 1.000000
0.998911 0.032274 -0.033686 -2.259900 -0.045228 0.846974 -0.529707 9.109300 0.011435 0.530654 0.847511 0.518000 0.000000 0.000000 0.000000 1.000000
0.998802 0.035889 -0.033261 -2.259900 -0.048157 0.841421 -0.538231 9.109300 0.008670 0.539188 0.842141 0.518000 0.000000 0.000000 0.000000 1.000000
0.998672 0.040862 -0.031392 -2.259900 -0.051305 0.845174 -0.532024 9.109300 0.004792 0.532928 0.846147 0.518000 0.000000 0.000000 0.000000 1.000000
0.998605 0.043501 -0.029943 -2.259900 -0.052750 0.848735 -0.526181 9.109300 0.002525 0.527027 0.849845 0.518000 0.000000 0.000000 0.000000 1.000000
0.998757 0.040602 -0.028910 -2.259900 -0.049731 0.850581 -0.523487 9.109300 0.003336 0.524274 0.851543 0.518000 0.000000 0.000000 0.000000 1.000000
0.998945 0.036610 -0.027727 -2.259900 -0.045673 0.854994 -0.516623 9.109300 0.004793 0.517345 0.855764 0.518000 0.000000 0.000000 0.000000 1.000000
0.999063 0.034139 -0.026608 -2.259900 -0.042868 0.865382 -0.499275 9.109300 0.005982 0.499948 0.866035 0.518000 0.000000 0.000000 0.000000 1.000000
0.999177 0.031617 -0.025393 -2.259900 -0.039879 0.879732 -0.473795 9.109300 0.007359 0.474418 0.880269 0.518000 0.000000 0.000000 0.000000 1.000000
0.999304 0.028497 -0.024059 -2.259900 -0.036215 0.895589 -0.443407 9.109300 0.008911 0.443969 0.895998 0.518000 0.000000 0.000000 0.000000 1.000000
0.999463 0.024573 -0.021696 -2.259900 -0.031200 0.916135 -0.399653 9.109300 0.010056 0.400115 0.916410 0.518000 0.000000 0.000000 0.000000 1.000000
0.999473 0.022843 -0.023060 -2.259900 -0.030136 0.916972 -0.397811 9.109300 0.012058 0.398296 0.917177 0.518000 0.000000 0.000000 0.000000 1.000000
0.999363 0.025008 -0.025442 -2.259900 -0.033352 0.908073 -0.417482 9.109300 0.012662 0.418064 0.908329 0.518000 0.000000 0.000000 0.000000 1.000000
0.999398 0.024764 -0.024307 -2.259900 -0.032486 0.913930 -0.404569 9.109300 0.012196 0.405115 0.914184 0.518000 0.000000 0.000000 0.000000 1.000000
0.999515 0.020385 -0.023544 -2.259900 -0.028047 0.917813 -0.396021 9.109300 0.013536 0.396489 0.917939 0.518000 0.000000 0.000000 0.000000 1.000000
0.999591 0.016935 -0.023026 -2.259900 -0.024581 0.920405 -0.390193 9.109300 0.014586 0.390600 0.920445 0.518000 0.000000 0.000000 0.000000 1.000000
0.999610 0.016431 -0.022564 -2.259900 -0.023852 0.922710 -0.384757 9.109300 0.014498 0.385146 0.922742 0.518000 0.000000 0.000000 0.000000 1.000000
0.999611 0.016768 -0.022268 -2.259900 -0.023994 0.924180 -0.381202 9.109300 0.014187 0.381588 0.924224 0.518000 0.000000 0.000000 0.000000 1.000000
0.999614 0.016694 -0.022220 -2.259900 -0.023899 0.924416 -0.380637 9.109300 0.014186 0.381021 0.924458 0.518000 0.000000 0.000000 0.000000 1.000000
0.999607 0.016711 -0.022495 -2.259900 -0.024071 0.923053 -0.383918 9.109300 0.014348 0.384309 0.923093 0.518000 0.000000 0.000000 0.000000 1.000000
0.999591 0.016792 -0.023141 -2.259900 -0.024517 0.919826 -0.391559 9.109300 0.014711 0.391967 0.919862 0.518000 0.000000 0.000000 0.000000 1.000000
0.999568 0.017207 -0.023834 -2.259900 -0.025303 0.916333 -0.399617 9.109300 0.014963 0.400048 0.916372 0.518000 0.000000 0.000000 0.000000 1.000000
0.999612 0.014051 -0.024030 -2.259900 -0.022533 0.915303 -0.402135 9.109300 0.016345 0.402520 0.915265 0.518000 0.000000 0.000000 0.000000 1.000000
0.999659 0.010005 -0.024132 -2.259900 -0.018899 0.914727 -0.403631 9.109300 0.018036 0.403949 0.914604 0.518000 0.000000 0.000000 0.000000 1.000000
0.999678 0.007460 -0.024263 -2.259900 -0.016659 0.914008 -0.405355 9.109300 0.019153 0.405628 0.913838 0.518000 0.000000 0.000000 0.000000 1.000000
0.999678 0.006207 -0.024621 -2.259900 -0.015751 0.912141 -0.409573 9.109300 0.019916 0.409829 0.911945 0.518000 0.000000 0.000000 0.000000 1.000000
0.999614 0.012017 -0.025060 -2.259900 -0.021321 0.909986 -0.414089 9.109300 0.017828 0.414464 0.909891 0.518000 0.000000 0.000000 0.000000 1.000000
0.999523 0.017759 -0.025266 -2.259900 -0.026666 0.908979 -0.415988 9.109300 0.015578 0.416464 0.909019 0.518000 0.000000 0.000000 0.000000 1.000000
0.999472 0.019522 -0.025959 -2.259900 -0.028687 0.905368 -0.423658 9.109300 0.015232 0.424179 0.905450 0.518000 0.000000 0.000000 0.000000 1.000000
0.999345 0.023487 -0.027526 -2.259900 -0.033220 0.897058 -0.440663 9.109300 0.014343 0.441289 0.897251 0.518000 0.000000 0.000000 0.000000 1.000000
0.999232 0.026731 -0.028640 -2.259900 -0.036804 0.891024 -0.452461 9.109300 0.013424 0.453168 0.891324 0.518000 0.000000 0.000000 0.000000 1.000000
0.999232 0.026114 -0.029205 -2.259900 -0.036606 0.887939 -0.458503 9.109300 0.013959 0.459220 0.888213 0.518000 0.000000 0.000000 0.000000 1.000000
0.999207 0.025776 -0.030338 -2.259900 -0.037026 0.881682 -0.470389 9.109300 0.014624 0.471140 0.881937 0.518000 0.000000 0.000000 0.000000 1.000000
0.999176 0.026167 -0.031041 -2.259900 -0.037832 0.877524 -0.478039 9.109300 0.014731 0.478819 0.877790 0.518000 0.000000 0.000000 0.000000 1.000000
0.999163 0.026090 -0.031512 -2.259900 -0.038083 0.874560 -0.483419 9.109300 0.014946 0.484214 0.874822 0.518000 0.000000 0.000000 0.000000 1.000000</float_array>
        <technique_common>
          <accessor source="#mixamorig_LeftHandIndex1-Matrix-animation-output-transform-array" count="36" stride="16">
            <param type="float4x4"/>
          </accessor>
        </technique_common>
      </source>
      <source id="mixamorig_LeftHandIndex1-Interpolations">
        <Name_array id="mixamorig_LeftHandIndex1-Interpolations-array" count="36">
 LINEAR LINEAR LINEAR LINEAR LINEAR LINEAR LINEAR LINEAR LINEAR LINEAR LINEAR
LINEAR LINEAR LINEAR LINEAR LINEAR LINEAR LINEAR LINEAR LINEAR LINEAR LINEAR LINEAR
LINEAR LINEAR LINEAR LINEAR LINEAR LINEAR LINEAR LINEAR LINEAR LINEAR LINEAR LINEAR
LINEAR</Name_array>
        <technique_common>
          <accessor source="#mixamorig_LeftHandIndex1-Interpolations-array" count="36">
            <param type="name"/>
          </accessor>
        </technique_common>
      </source>
      <sampler id="mixamorig_LeftHandIndex1-Matrix-animation-transform">
        <input semantic="INPUT" source="#mixamorig_LeftHandIndex1-Matrix-animation-input"/>
        <input semantic="OUTPUT" source="#mixamorig_LeftHandIndex1-Matrix-animation-output-transform"/>
        <input semantic="INTERPOLATION" source="#mixamorig_LeftHandIndex1-Interpolations"/>
      </sampler>
      <channel source="#mixamorig_LeftHandIndex1-Matrix-animation-transform" target="mixamorig_LeftHandIndex1/matrix"/>
    </animation>
    <animation id="mixamorig_LeftHandIndex2-anim" name="mixamorig_LeftHandIndex2">
      <source id="mixamorig_LeftHandIndex2-Matrix-animation-input">
        <float_array id="mixamorig_LeftHandIndex2-Matrix-animation-input-array" count="36">

0.000000 0.033333 0.066667 0.100000 0.133333 0.166667 0.200000 0.233333 0.266667 0.300000 0.333333 0.366667 0.400000 0.433333 0.466667 0.500000
0.533333 0.566667 0.600000 0.633333 0.666667 0.700000 0.733333 0.766667 0.800000 0.833333 0.866667 0.900000 0.933333 0.966667 1.000000 1.033333
1.066667 1.100000 1.133333 1.166667</float_array>
        <technique_common>
          <accessor source="#mixamorig_LeftHandIndex2-Matrix-animation-input-array" count="36">
            <param name="TIME" type="float"/>
          </accessor>
        </technique_common>
      </source>
      <source id="mixamorig_LeftHandIndex2-Matrix-animation-output-transform">
        <float_array id="mixamorig_LeftHandIndex2-Matrix-animation-output-transform-array" count="576">

0.998668 0.049928 -0.012996 -0.000000 -0.049928 0.871855 -0.487213 3.700000 -0.012995 0.487213 0.873186 0.000000 0.000000 0.000000 0.000000 1.000000
0.998563 0.051718 -0.014020 0.000000 -0.051719 0.861754 -0.504683 3.700000 -0.014019 0.504683 0.863191 0.000000 0.000000 0.000000 0.000000 1.000000
0.998457 0.053452 -0.015060 0.000000 -0.053453 0.851508 -0.521610 3.700000 -0.015058 0.521610 0.853051 0.000000 0.000000 0.000000 0.000000 1.000000
0.998349 0.055129 -0.016109 0.000000 -0.055130 0.841159 -0.537971 3.700000 -0.016108 0.537971 0.842809 0.000000 0.000000 0.000000 0.000000 1.000000
0.998239 0.056783 -0.017189 0.000000 -0.056783 0.830508 -0.554105 3.700000 -0.017188 0.554105 0.832269 -0.000000 0.000000 0.000000 0.000000 1.000000
0.998152 0.058026 -0.018032 -0.000000 -0.058027 0.822197 -0.566237 3.700000 -0.018030 0.566237 0.824045 0.000000 0.000000 0.000000 0.000000 1.000000
0.998072 0.059151 -0.018818 0.000000 -0.059151 0.814448 -0.577213 3.700000 -0.018816 0.577213 0.816377 -0.000000 0.000000 0.000000 0.000000 1.000000
0.998033 0.059675 -0.019192 -0.000000 -0.059675 0.810762 -0.582326 3.700000 -0.019190 0.582326 0.812728 0.000000 0.000000 0.000000 0.000000 1.000000
0.998140 0.058206 -0.018156 -0.000000 -0.058206 0.820976 -0.567988 3.700000 -0.018154 0.567988 0.822836 0.000000 0.000000 0.000000 0.000000 1.000000
0.998353 0.055067 -0.016069 0.000000 -0.055067 0.841553 -0.537361 3.700000 -0.016068 0.537361 0.843199 0.000000 0.000000 0.000000 0.000000 1.000000
0.998615 0.050840 -0.013512 0.000000 -0.050840 0.866768 -0.496114 3.700000 -0.013511 0.496114 0.868152 0.000000 0.000000 0.000000 0.000000 1.000000
0.998870 0.046232 -0.011029 0.000000 -0.046233 0.891250 -0.451149 3.700000 -0.011028 0.451149 0.892380 0.000000 0.000000 0.000000 0.000000 1.000000
0.999021 0.043187 -0.009551 0.000000 -0.043188 0.905829 -0.421437 3.700000 -0.009549 0.421437 0.906807 0.000000 0.000000 0.000000 0.000000 1.000000
0.999074 0.042074 -0.009041 0.000000 -0.042075 0.910856 -0.410574 3.700000 -0.009040 0.410574 0.911782 0.000000 0.000000 0.000000 0.000000 1.000000
0.999125 0.040953 -0.008543 -0.000000 -0.040953 0.915760 -0.399633 3.700000 -0.008543 0.399634 0.916635 0.000000 0.000000 0.000000 0.000000 1.000000
0.999171 0.039907 -0.008094 -0.000000 -0.039907 0.920192 -0.389427 3.700000 -0.008093 0.389427 0.921022 -0.000000 0.000000 0.000000 0.000000 1.000000
0.999202 0.039169 -0.007785 0.000000 -0.039169 0.923239 -0.382224 3.700000 -0.007784 0.382224 0.924037 0.000000 0.000000 0.000000 0.000000 1.000000
0.999216 0.038837 -0.007648 0.000000 -0.038837 0.924589 -0.378981 3.700000 -0.007647 0.378981 0.925373 0.000000 0.000000 0.000000 0.000000 1.000000
0.999213 0.038912 -0.007679 0.000000 -0.038912 0.924286 -0.379712 3.700000 -0.007678 0.379712 0.925073 0.000000 0.000000 0.000000 0.000000 1.000000
0.999207 0.039062 -0.007741 0.000000 -0.039062 0.923674 -0.381183 3.700000 -0.007740 0.381183 0.924467 0.000000 0.000000 0.000000 0.000000 1.000000
0.999198 0.039279 -0.007831 0.000000 -0.039279 0.922789 -0.383298 3.700000 -0.007830 0.383298 0.923592 0.000000 0.000000 0.000000 0.000000 1.000000
0.999180 0.039686 -0.008001 0.000000 -0.039687 0.921110 -0.387274 3.700000 -0.008000 0.387274 0.921930 0.000000 0.000000 0.000000 0.000000 1.000000
0.999155 0.040270 -0.008248 -0.000000 -0.040270 0.918669 -0.392969 3.700000 -0.008247 0.392969 0.919515 0.000000 0.000000 0.000000 0.000000 1.000000
0.999129 0.040846 -0.008497 -0.000000 -0.040846 0.916218 -0.398593 3.700000 -0.008496 0.398593 0.917089 0.000000 0.000000 0.000000 0.000000 1.000000
0.999103 0.041430 -0.008753 0.000000 -0.041430 0.913694 -0.404285 3.700000 -0.008752 0.404285 0.914591 -0.000000 0.000000 0.000000 0.000000 1.000000
0.999092 0.041667 -0.008858 0.000000 -0.041668 0.912656 -0.406599 3.700000 -0.008857 0.406599 0.913564 0.000000 0.000000 0.000000 0.000000 1.000000
0.999073 0.042079 -0.009043 -0.000000 -0.042079 0.910835 -0.410621 3.700000 -0.009042 0.410621 0.911761 0.000000 0.000000 0.000000 0.000000 1.000000
0.999025 0.043115 -0.009517 0.000000 -0.043115 0.906162 -0.420728 3.700000 -0.009516 0.420728 0.907137 0.000000 0.000000 0.000000 0.000000 1.000000
0.998978 0.044087 -0.009975 0.000000 -0.044087 0.901650 -0.430213 3.700000 -0.009973 0.430213 0.902673 0.000000 0.000000 0.000000 0.000000 1.000000
0.998930 0.045048 -0.010439 0.000000 -0.045048 0.897069 -0.439588 3.700000 -0.010438 0.439588 0.898139 -0.000000 0.000000 0.000000 0.000000 1.000000
0.998877 0.046086 -0.010955 0.000000 -0.046086 0.891979 -0.449721 3.700000 -0.010954 0.449721 0.893102 -0.000000 0.000000 0.000000 0.000000 1.000000
0.998819 0.047202 -0.011526 0.000000 -0.047202 0.886345 -0.460612 3.700000 -0.011525 0.460612 0.887527 0.000000 0.000000 0.000000 0.000000 1.000000
0.998771 0.048091 -0.011994 0.000000 -0.048091 0.881735 -0.469288 3.700000 -0.011993 0.469288 0.882964 0.000000 0.000000 0.000000 0.000000 1.000000
0.998736 0.048730 -0.012337 0.000000 -0.048730 0.878352 -0.475523 3.700000 -0.012336 0.475523 0.879617 0.000000 0.000000 0.000000 0.000000 1.000000
0.998699 0.049394 -0.012700 0.000000 -0.049395 0.874774 -0.482007 3.700000 -0.012699 0.482007 0.876076 0.000000 0.000000 0.000000 0.000000 1.000000
0.998668 0.049928 -0.012996 0.000000 -0.049928 0.871855 -0.487213 3.700000 -0.012995 0.487213 0.873186 -0.000000 0.000000 0.000000 0.000000 1.000000</float_array>
        <technique_common>
          <accessor source="#mixamorig_LeftHandIndex2-Matrix-animation-output-transform-array" count="36" stride="16">
            <param type="float4x4"/>
          </accessor>
        </technique_common>
      </source>
      <source id="mixamorig_LeftHandIndex2-Interpolations">
        <Name_array id="mixamorig_LeftHandIndex2-Interpolations-array" count="36">
 LINEAR LINEAR LINEAR LINEAR LINEAR LINEAR LINEAR LINEAR LINEAR LINEAR LINEAR
LINEAR LINEAR LINEAR LINEAR LINEAR LINEAR LINEAR LINEAR LINEAR LINEAR LINEAR LINEAR
LINEAR LINEAR LINEAR LINEAR LINEAR LINEAR LINEAR LINEAR LINEAR LINEAR LINEAR LINEAR
LINEAR</Name_array>
        <technique_common>
          <accessor source="#mixamorig_LeftHandIndex2-Interpolations-array" count="36">
            <param type="name"/>
          </accessor>
        </technique_common>
      </source>
      <sampler id="mixamorig_LeftHandIndex2-Matrix-animation-transform">
        <input semantic="INPUT" source="#mixamorig_LeftHandIndex2-Matrix-animation-input"/>
        <input semantic="OUTPUT" source="#mixamorig_LeftHandIndex2-Matrix-animation-output-transform"/>
        <input semantic="INTERPOLATION" source="#mixamorig_LeftHandIndex2-Interpolations"/>
      </sampler>
      <channel source="#mixamorig_LeftHandIndex2-Matrix-animation-transform" target="mixamorig_LeftHandIndex2/matrix"/>
    </animation>
    <animation id="mixamorig_LeftHandIndex3-anim" name="mixamorig_LeftHandIndex3">
      <source id="mixamorig_LeftHandIndex3-Matrix-animation-input">
        <float_array id="mixamorig_LeftHandIndex3-Matrix-animation-input-array" count="36">

0.000000 0.033333 0.066667 0.100000 0.133333 0.166667 0.200000 0.233333 0.266667 0.300000 0.333333 0.366667 0.400000 0.433333 0.466667 0.500000
0.533333 0.566667 0.600000 0.633333 0.666667 0.700000 0.733333 0.766667 0.800000 0.833333 0.866667 0.900000 0.933333 0.966667 1.000000 1.033333
1.066667 1.100000 1.133333 1.166667</float_array>
        <technique_common>
          <accessor source="#mixamorig_LeftHandIndex3-Matrix-animation-input-array" count="36">
            <param name="TIME" type="float"/>
          </accessor>
        </technique_common>
      </source>
      <source id="mixamorig_LeftHandIndex3-Matrix-animation-output-transform">
        <float_array id="mixamorig_LeftHandIndex3-Matrix-animation-output-transform-array" count="576">

0.999562 0.029286 -0.004275 0.000000 -0.029286 0.957847 -0.285782 2.850000 -0.004274 0.285782 0.958285 0.000000 0.000000 0.000000 0.000000 1.000000
0.999509 0.030960 -0.004790 0.000000 -0.030960 0.952769 -0.302115 2.850000 -0.004789 0.302115 0.953260 -0.000000 0.000000 0.000000 0.000000 1.000000
0.999445 0.032861 -0.005414 0.000000 -0.032861 0.946622 -0.320666 2.850000 -0.005413 0.320666 0.947177 -0.000000 0.000000 0.000000 0.000000 1.000000
0.999364 0.035128 -0.006212 0.000000 -0.035129 0.938753 -0.342794 2.850000 -0.006211 0.342794 0.939390 -0.000000 0.000000 0.000000 0.000000 1.000000
0.999267 0.037618 -0.007158 0.000000 -0.037619 0.929423 -0.367093 2.850000 -0.007157 0.367093 0.930157 0.000000 0.000000 0.000000 0.000000 1.000000
0.999169 0.039937 -0.008107 0.000000 -0.039938 0.920066 -0.389723 2.850000 -0.008106 0.389723 0.920897 -0.000000 0.000000 0.000000 0.000000 1.000000
0.999078 0.041974 -0.008995 0.000000 -0.041974 0.911302 -0.409594 2.850000 -0.008995 0.409594 0.912224 0.000000 0.000000 0.000000 0.000000 1.000000
0.999029 0.043034 -0.009479 -0.000000 -0.043034 0.906532 -0.419939 2.850000 -0.009478 0.419939 0.907503 0.000000 0.000000 0.000000 0.000000 1.000000
0.999086 0.041809 -0.008922 0.000000 -0.041809 0.912029 -0.407989 2.850000 -0.008921 0.407989 0.912943 0.000000 0.000000 0.000000 0.000000 1.000000
0.999244 0.038181 -0.007382 -0.000000 -0.038181 0.927213 -0.372582 2.850000 -0.007381 0.372582 0.927970 0.000000 0.000000 0.000000 0.000000 1.000000
0.999432 0.033250 -0.005547 0.000000 -0.033250 0.945312 -0.324467 2.850000 -0.005545 0.324467 0.945881 0.000000 0.000000 0.000000 0.000000 1.000000
0.999584 0.028540 -0.004056 0.000000 -0.028540 0.960011 -0.278503 2.850000 -0.004055 0.278503 0.960427 0.000000 0.000000 0.000000 0.000000 1.000000
0.999729 0.023119 -0.002643 0.000000 -0.023119 0.973945 -0.225604 2.850000 -0.002642 0.225604 0.974215 0.000000 0.000000 0.000000 0.000000 1.000000
0.999813 0.019241 -0.001823 -0.000000 -0.019241 0.982027 -0.187758 2.850000 -0.001822 0.187758 0.982214 0.000000 0.000000 0.000000 0.000000 1.000000
0.999839 0.017878 -0.001572 0.000000 -0.017878 0.984503 -0.174454 2.850000 -0.001571 0.174454 0.984664 0.000000 0.000000 0.000000 0.000000 1.000000
0.999860 0.016681 -0.001367 0.000000 -0.016681 0.986521 -0.162780 2.850000 -0.001367 0.162780 0.986662 0.000000 0.000000 0.000000 0.000000 1.000000
0.999877 0.015616 -0.001197 0.000000 -0.015616 0.988197 -0.152388 2.850000 -0.001197 0.152388 0.988320 -0.000000 0.000000 0.000000 0.000000 1.000000
0.999887 0.015011 -0.001106 0.000000 -0.015011 0.989099 -0.146485 2.850000 -0.001105 0.146485 0.989212 0.000000 0.000000 0.000000 0.000000 1.000000
0.999889 0.014830 -0.001079 -0.000000 -0.014830 0.989362 -0.144715 2.850000 -0.001079 0.144715 0.989473 0.000000 0.000000 0.000000 0.000000 1.000000
0.999888 0.014909 -0.001091 0.000000 -0.014909 0.989247 -0.145491 2.850000 -0.001090 0.145491 0.989359 0.000000 0.000000 0.000000 0.000000 1.000000
0.999889 0.014875 -0.001086 0.000000 -0.014875 0.989298 -0.145150 2.850000 -0.001085 0.145150 0.989409 0.000000 0.000000 0.000000 0.000000 1.000000
0.999887 0.015014 -0.001106 0.000000 -0.015014 0.989095 -0.146509 2.850000 -0.001106 0.146509 0.989209 -0.000000 0.000000 0.000000 0.000000 1.000000
0.999877 0.015669 -0.001205 0.000000 -0.015669 0.988118 -0.152899 2.850000 -0.001205 0.152899 0.988241 0.000000 0.000000 0.000000 0.000000 1.000000
0.999864 0.016429 -0.001326 0.000000 -0.016429 0.986929 -0.160317 2.850000 -0.001325 0.160317 0.987065 0.000000 0.000000 0.000000 0.000000 1.000000
0.999850 0.017270 -0.001466 0.000000 -0.017270 0.985546 -0.168524 2.850000 -0.001466 0.168524 0.985696 0.000000 0.000000 0.000000 0.000000 1.000000
0.999827 0.018529 -0.001690 -0.000000 -0.018529 0.983343 -0.180811 2.850000 -0.001689 0.180811 0.983516 0.000000 0.000000 0.000000 0.000000 1.000000
0.999801 0.019859 -0.001943 0.000000 -0.019860 0.980841 -0.193795 2.850000 -0.001943 0.193795 0.981040 0.000000 0.000000 0.000000 0.000000 1.000000
0.999779 0.020915 -0.002157 0.000000 -0.020915 0.978728 -0.204094 2.850000 -0.002157 0.204094 0.978949 0.000000 0.000000 0.000000 0.000000 1.000000
0.999763 0.021651 -0.002314 0.000000 -0.021651 0.977186 -0.211280 2.850000 -0.002313 0.211280 0.977423 -0.000000 0.000000 0.000000 0.000000 1.000000
0.999740 0.022639 -0.002533 0.000000 -0.022639 0.975029 -0.220920 2.850000 -0.002532 0.220920 0.975289 0.000000 0.000000 0.000000 0.000000 1.000000
0.999698 0.024390 -0.002945 0.000000 -0.024390 0.970957 -0.238009 2.850000 -0.002945 0.238009 0.971259 0.000000 0.000000 0.000000 0.000000 1.000000
0.999652 0.026176 -0.003401 0.000000 -0.026176 0.966473 -0.255432 2.850000 -0.003400 0.255432 0.966821 0.000000 0.000000 0.000000 0.000000 1.000000
0.999612 0.027588 -0.003785 0.000000 -0.027588 0.962685 -0.269216 2.850000 -0.003784 0.269216 0.963072 -0.000000 0.000000 0.000000 0.000000 1.000000
0.999593 0.028261 -0.003975 0.000000 -0.028261 0.960805 -0.275782 2.850000 -0.003975 0.275782 0.961212 -0.000000 0.000000 0.000000 0.000000 1.000000
0.999575 0.028849 -0.004146 -0.000000 -0.028849 0.959123 -0.281517 2.850000 -0.004145 0.281517 0.959547 -0.000000 0.000000 0.000000 0.000000 1.000000
0.999562 0.029286 -0.004275 -0.000000 -0.029286 0.957847 -0.285782 2.850000 -0.004274 0.285782 0.958285 0.000000 0.000000 0.000000 0.000000 1.000000</float_array>
        <technique_common>
          <accessor source="#mixamorig_LeftHandIndex3-Matrix-animation-output-transform-array" count="36" stride="16">
            <param type="float4x4"/>
          </accessor>
        </technique_common>
      </source>
      <source id="mixamorig_LeftHandIndex3-Interpolations">
        <Name_array id="mixamorig_LeftHandIndex3-Interpolations-array" count="36">
 LINEAR LINEAR LINEAR LINEAR LINEAR LINEAR LINEAR LINEAR LINEAR LINEAR LINEAR
LINEAR LINEAR LINEAR LINEAR LINEAR LINEAR LINEAR LINEAR LINEAR LINEAR LINEAR LINEAR
LINEAR LINEAR LINEAR LINEAR LINEAR LINEAR LINEAR LINEAR LINEAR LINEAR LINEAR LINEAR
LINEAR</Name_array>
        <technique_common>
          <accessor source="#mixamorig_LeftHandIndex3-Interpolations-array" count="36">
            <param type="name"/>
          </accessor>
        </technique_common>
      </source>
      <sampler id="mixamorig_LeftHandIndex3-Matrix-animation-transform">
        <input semantic="INPUT" source="#mixamorig_LeftHandIndex3-Matrix-animation-input"/>
        <input semantic="OUTPUT" source="#mixamorig_LeftHandIndex3-Matrix-animation-output-transform"/>
        <input semantic="INTERPOLATION" source="#mixamorig_LeftHandIndex3-Interpolations"/>
      </sampler>
      <channel source="#mixamorig_LeftHandIndex3-Matrix-animation-transform" target="mixamorig_LeftHandIndex3/matrix"/>
    </animation>
    <animation id="mixamorig_LeftHandMiddle1-anim" name="mixamorig_LeftHandMiddle1">
      <source id="mixamorig_LeftHandMiddle1-Matrix-animation-input">
        <float_array id="mixamorig_LeftHandMiddle1-Matrix-animation-input-array" count="36">

0.000000 0.033333 0.066667 0.100000 0.133333 0.166667 0.200000 0.233333 0.266667 0.300000 0.333333 0.366667 0.400000 0.433333 0.466667 0.500000
0.533333 0.566667 0.600000 0.633333 0.666667 0.700000 0.733333 0.766667 0.800000 0.833333 0.866667 0.900000 0.933333 0.966667 1.000000 1.033333
1.066667 1.100000 1.133333 1.166667</float_array>
        <technique_common>
          <accessor source="#mixamorig_LeftHandMiddle1-Matrix-animation-input-array" count="36">
            <param name="TIME" type="float"/>
          </accessor>
        </technique_common>
      </source>
      <source id="mixamorig_LeftHandMiddle1-Matrix-animation-output-transform">
        <float_array id="mixamorig_LeftHandMiddle1-Matrix-animation-output-transform-array" count="576">

0.993777 0.101455 -0.045971 -0.000000 -0.108279 0.783187 -0.612285 9.533400 -0.026115 0.613453 0.789299 -0.000000 0.000000 0.000000 0.000000 1.000000
0.993678 0.101552 -0.047861 0.000000 -0.109013 0.770932 -0.627519 9.533400 -0.026828 0.628770 0.777128 0.000000 0.000000 0.000000 0.000000 1.000000
0.993595 0.101419 -0.049824 0.000000 -0.109616 0.758063 -0.642904 9.533400 -0.027433 0.644248 0.764325 0.000000 0.000000 0.000000 0.000000 1.000000
0.993258 0.104125 -0.050965 0.000000 -0.112081 0.750182 -0.651663 9.533400 -0.029621 0.652982 0.756794 0.000000 0.000000 0.000000 0.000000 1.000000
0.992477 0.111177 -0.051281 -0.000000 -0.117501 0.747218 -0.654109 9.533400 -0.034404 0.655214 0.754660 0.000000 0.000000 0.000000 0.000000 1.000000
0.991844 0.116454 -0.051815 0.000000 -0.121617 0.742960 -0.658194 9.533400 -0.038153 0.659127 0.751063 0.000000 0.000000 0.000000 0.000000 1.000000
0.991906 0.115694 -0.052317 0.000000 -0.121189 0.739695 -0.661940 9.533400 -0.037884 0.662923 0.747729 -0.000000 0.000000 0.000000 0.000000 1.000000
0.992239 0.112559 -0.052832 0.000000 -0.119011 0.736637 -0.665734 9.533400 -0.036016 0.666855 0.744316 0.000000 0.000000 0.000000 0.000000 1.000000
0.992408 0.111247 -0.052453 0.000000 -0.117918 0.739358 -0.662906 9.533400 -0.034965 0.664058 0.746863 0.000000 0.000000 0.000000 0.000000 1.000000
0.992709 0.109597 -0.050168 0.000000 -0.115960 0.754816 -0.645605 9.533400 -0.032889 0.646715 0.762022 -0.000000 0.000000 0.000000 0.000000 1.000000
0.993299 0.105773 -0.046572 0.000000 -0.111871 0.778818 -0.617193 9.533400 -0.029012 0.618267 0.785433 -0.000000 0.000000 0.000000 0.000000 1.000000
0.993909 0.101958 -0.041836 0.000000 -0.107329 0.809310 -0.577493 9.533400 -0.025021 0.578466 0.815323 -0.000000 0.000000 0.000000 0.000000 1.000000
0.994175 0.100235 -0.039624 0.000000 -0.105231 0.823153 -0.557983 9.533400 -0.023313 0.558902 0.828906 0.000000 0.000000 0.000000 0.000000 1.000000
0.993656 0.105400 -0.039215 0.000000 -0.109394 0.825050 -0.554369 9.533400 -0.026076 0.555143 0.831346 0.000000 0.000000 0.000000 0.000000 1.000000
0.993169 0.110367 -0.037871 0.000000 -0.113197 0.832577 -0.542219 9.533400 -0.028313 0.542802 0.839383 0.000000 0.000000 0.000000 0.000000 1.000000
0.993537 0.107312 -0.036996 -0.000000 -0.110421 0.838199 -0.534069 9.533400 -0.026302 0.534702 0.844631 -0.000000 0.000000 0.000000 0.000000 1.000000
0.993948 0.103644 -0.036403 0.000000 -0.107172 0.842157 -0.528476 9.533400 -0.024116 0.529179 0.848168 -0.000000 0.000000 0.000000 0.000000 1.000000
0.994010 0.103252 -0.035834 0.000000 -0.106690 0.845566 -0.523102 9.533400 -0.023711 0.523792 0.851516 0.000000 0.000000 0.000000 0.000000 1.000000
0.993904 0.104394 -0.035436 0.000000 -0.107562 0.847774 -0.519336 9.533400 -0.024174 0.519982 0.853835 0.000000 0.000000 0.000000 0.000000 1.000000
0.993905 0.104441 -0.035296 0.000000 -0.107567 0.848594 -0.517994 9.533400 -0.024148 0.518633 0.854656 0.000000 0.000000 0.000000 0.000000 1.000000
0.993867 0.104698 -0.035584 0.000000 -0.107858 0.846872 -0.520745 9.533400 -0.024386 0.521389 0.852971 0.000000 0.000000 0.000000 0.000000 1.000000
0.993738 0.105683 -0.036286 0.000000 -0.108869 0.842611 -0.527404 9.533400 -0.025162 0.528051 0.848840 0.000000 0.000000 0.000000 0.000000 1.000000
0.993587 0.106849 -0.036995 0.000000 -0.110030 0.838262 -0.534051 9.533400 -0.026052 0.534697 0.844642 0.000000 0.000000 0.000000 0.000000 1.000000
0.994144 0.101413 -0.037328 0.000000 -0.105539 0.836908 -0.537073 9.533400 -0.023227 0.537867 0.842710 0.000000 0.000000 0.000000 0.000000 1.000000
0.994847 0.094164 -0.037574 0.000000 -0.099518 0.836212 -0.539301 9.533400 -0.019363 0.540261 0.841275 0.000000 0.000000 0.000000 0.000000 1.000000
0.995451 0.087511 -0.037664 0.000000 -0.093958 0.836321 -0.540128 9.533400 -0.015768 0.541210 0.840740 0.000000 0.000000 0.000000 0.000000 1.000000
0.995911 0.081973 -0.037978 -0.000000 -0.089430 0.834922 -0.543054 9.533400 -0.012807 0.544230 0.838838 0.000000 0.000000 0.000000 0.000000 1.000000
0.994984 0.092213 -0.038762 0.000000 -0.098286 0.829240 -0.550183 9.533400 -0.018591 0.551233 0.834144 0.000000 0.000000 0.000000 0.000000 1.000000
0.993951 0.102497 -0.039437 -0.000000 -0.107049 0.824041 -0.556324 9.533400 -0.024524 0.557180 0.830029 -0.000000 0.000000 0.000000 0.000000 1.000000
0.993875 0.102907 -0.040289 0.000000 -0.107637 0.818774 -0.563936 9.533400 -0.025045 0.564819 0.824835 0.000000 0.000000 0.000000 0.000000 1.000000
0.993836 0.102831 -0.041434 0.000000 -0.107917 0.811712 -0.574002 9.533400 -0.025393 0.574935 0.817805 -0.000000 0.000000 0.000000 0.000000 1.000000
0.993730 0.103404 -0.042536 0.000000 -0.108720 0.804774 -0.583540 9.533400 -0.026109 0.584506 0.810970 0.000000 0.000000 0.000000 0.000000 1.000000
0.993706 0.103208 -0.043551 0.000000 -0.108878 0.798412 -0.592186 9.533400 -0.026347 0.593200 0.804624 0.000000 0.000000 0.000000 0.000000 1.000000
0.993728 0.102500 -0.044710 0.000000 -0.108684 0.791138 -0.601904 9.533400 -0.026323 0.602988 0.797316 0.000000 0.000000 0.000000 0.000000 1.000000
0.993751 0.101949 -0.045446 0.000000 -0.108492 0.786506 -0.607979 9.533400 -0.026240 0.609110 0.792651 0.000000 0.000000 0.000000 0.000000 1.000000
0.993777 0.101455 -0.045971 -0.000000 -0.108280 0.783187 -0.612285 9.533400 -0.026115 0.613453 0.789299 0.000000 0.000000 0.000000 0.000000 1.000000</float_array>
        <technique_common>
          <accessor source="#mixamorig_LeftHandMiddle1-Matrix-animation-output-transform-array" count="36" stride="16">
            <param type="float4x4"/>
          </accessor>
        </technique_common>
      </source>
      <source id="mixamorig_LeftHandMiddle1-Interpolations">
        <Name_array id="mixamorig_LeftHandMiddle1-Interpolations-array" count="36">
 LINEAR LINEAR LINEAR LINEAR LINEAR LINEAR LINEAR LINEAR LINEAR LINEAR LINEAR
LINEAR LINEAR LINEAR LINEAR LINEAR LINEAR LINEAR LINEAR LINEAR LINEAR LINEAR LINEAR
LINEAR LINEAR LINEAR LINEAR LINEAR LINEAR LINEAR LINEAR LINEAR LINEAR LINEAR LINEAR
LINEAR</Name_array>
        <technique_common>
          <accessor source="#mixamorig_LeftHandMiddle1-Interpolations-array" count="36">
            <param type="name"/>
          </accessor>
        </technique_common>
      </source>
      <sampler id="mixamorig_LeftHandMiddle1-Matrix-animation-transform">
        <input semantic="INPUT" source="#mixamorig_LeftHandMiddle1-Matrix-animation-input"/>
        <input semantic="OUTPUT" source="#mixamorig_LeftHandMiddle1-Matrix-animation-output-transform"/>
        <input semantic="INTERPOLATION" source="#mixamorig_LeftHandMiddle1-Interpolations"/>
      </sampler>
      <channel source="#mixamorig_LeftHandMiddle1-Matrix-animation-transform" target="mixamorig_LeftHandMiddle1/matrix"/>
    </animation>
    <animation id="mixamorig_LeftHandMiddle2-anim" name="mixamorig_LeftHandMiddle2">
      <source id="mixamorig_LeftHandMiddle2-Matrix-animation-input">
        <float_array id="mixamorig_LeftHandMiddle2-Matrix-animation-input-array" count="36">

0.000000 0.033333 0.066667 0.100000 0.133333 0.166667 0.200000 0.233333 0.266667 0.300000 0.333333 0.366667 0.400000 0.433333 0.466667 0.500000
0.533333 0.566667 0.600000 0.633333 0.666667 0.700000 0.733333 0.766667 0.800000 0.833333 0.866667 0.900000 0.933333 0.966667 1.000000 1.033333
1.066667 1.100000 1.133333 1.166667</float_array>
        <technique_common>
          <accessor source="#mixamorig_LeftHandMiddle2-Matrix-animation-input-array" count="36">
            <param name="TIME" type="float"/>
          </accessor>
        </technique_common>
      </source>
      <source id="mixamorig_LeftHandMiddle2-Matrix-animation-output-transform">
        <float_array id="mixamorig_LeftHandMiddle2-Matrix-animation-output-transform-array" count="576">

0.998487 0.052963 -0.014762 0.000000 -0.052964 0.854446 -0.516833 3.700000 -0.014760 0.516833 0.855959 0.000000 0.000000 0.000000 0.000000 1.000000
0.998388 0.054536 -0.015733 0.000000 -0.054537 0.844872 -0.532182 3.700000 -0.015731 0.532182 0.846484 0.000000 0.000000 0.000000 0.000000 1.000000
0.998284 0.056114 -0.016747 0.000000 -0.056114 0.834871 -0.547577 3.700000 -0.016745 0.547577 0.836587 -0.000000 0.000000 0.000000 0.000000 1.000000
0.998175 0.057697 -0.017806 0.000000 -0.057697 0.824427 -0.563020 3.700000 -0.017805 0.563020 0.826251 0.000000 0.000000 0.000000 0.000000 1.000000
0.998072 0.059142 -0.018812 0.000000 -0.059143 0.814508 -0.577129 3.700000 -0.018810 0.577129 0.816436 0.000000 0.000000 0.000000 0.000000 1.000000
0.997981 0.060380 -0.019703 0.000000 -0.060381 0.805718 -0.589213 3.700000 -0.019702 0.589213 0.807737 0.000000 0.000000 0.000000 0.000000 1.000000
0.997897 0.061479 -0.020518 0.000000 -0.061479 0.797688 -0.599929 3.700000 -0.020516 0.599929 0.799790 0.000000 0.000000 0.000000 0.000000 1.000000
0.997810 0.062603 -0.021376 0.000000 -0.062604 0.789228 -0.610901 3.700000 -0.021374 0.610901 0.791419 -0.000000 0.000000 0.000000 0.000000 1.000000
0.997816 0.062516 -0.021308 0.000000 -0.062516 0.789891 -0.610053 3.700000 -0.021307 0.610053 0.792074 0.000000 0.000000 0.000000 0.000000 1.000000
0.997991 0.060241 -0.019601 0.000000 -0.060241 0.806724 -0.587850 3.700000 -0.019600 0.587850 0.808732 0.000000 0.000000 0.000000 0.000000 1.000000
0.998259 0.056482 -0.016989 0.000000 -0.056482 0.832481 -0.551166 3.700000 -0.016988 0.551166 0.834222 0.000000 0.000000 0.000000 0.000000 1.000000
0.998539 0.052119 -0.014256 0.000000 -0.052119 0.859428 -0.508594 3.700000 -0.014255 0.508594 0.860888 0.000000 0.000000 0.000000 0.000000 1.000000
0.998764 0.048225 -0.012066 0.000000 -0.048226 0.881028 -0.470600 3.700000 -0.012065 0.470600 0.882264 0.000000 0.000000 0.000000 0.000000 1.000000
0.998892 0.045812 -0.010818 0.000000 -0.045812 0.893336 -0.447048 3.700000 -0.010816 0.447048 0.894444 -0.000000 0.000000 0.000000 0.000000 1.000000
0.998959 0.044472 -0.010159 0.000000 -0.044472 0.899829 -0.433971 3.700000 -0.010158 0.433971 0.900870 -0.000000 0.000000 0.000000 0.000000 1.000000
0.999011 0.043406 -0.009653 0.000000 -0.043406 0.904824 -0.423568 3.700000 -0.009651 0.423568 0.905813 0.000000 0.000000 0.000000 0.000000 1.000000
0.999047 0.042656 -0.009305 0.000000 -0.042656 0.908251 -0.416247 3.700000 -0.009304 0.416247 0.909204 -0.000000 0.000000 0.000000 0.000000 1.000000
0.999070 0.042161 -0.009080 0.000000 -0.042161 0.910469 -0.411423 3.700000 -0.009079 0.411423 0.911399 0.000000 0.000000 0.000000 0.000000 1.000000
0.999082 0.041902 -0.008963 0.000000 -0.041902 0.911619 -0.408896 3.700000 -0.008962 0.408896 0.912537 0.000000 0.000000 0.000000 0.000000 1.000000
0.999083 0.041877 -0.008952 0.000000 -0.041877 0.911729 -0.408651 3.700000 -0.008951 0.408651 0.912647 0.000000 0.000000 0.000000 0.000000 1.000000
0.999071 0.042129 -0.009066 0.000000 -0.042130 0.910610 -0.411115 3.700000 -0.009065 0.411115 0.911538 0.000000 0.000000 0.000000 0.000000 1.000000
0.999050 0.042588 -0.009274 0.000000 -0.042588 0.908556 -0.415587 3.700000 -0.009273 0.415587 0.909506 -0.000000 0.000000 0.000000 0.000000 1.000000
0.999022 0.043169 -0.009542 0.000000 -0.043170 0.905912 -0.421259 3.700000 -0.009541 0.421259 0.906890 0.000000 0.000000 0.000000 0.000000 1.000000
0.998993 0.043786 -0.009831 0.000000 -0.043786 0.903062 -0.427273 3.700000 -0.009830 0.427273 0.904069 0.000000 0.000000 0.000000 0.000000 1.000000
0.998958 0.044481 -0.010164 -0.000000 -0.044482 0.899783 -0.434065 3.700000 -0.010162 0.434065 0.900824 0.000000 0.000000 0.000000 0.000000 1.000000
0.998923 0.045194 -0.010510 0.000000 -0.045194 0.896362 -0.441013 3.700000 -0.010510 0.441013 0.897439 0.000000 0.000000 0.000000 0.000000 1.000000
0.998884 0.045963 -0.010894 0.000000 -0.045964 0.892587 -0.448527 3.700000 -0.010892 0.448527 0.893703 0.000000 0.000000 0.000000 0.000000 1.000000
0.998838 0.046849 -0.011344 0.000000 -0.046849 0.888145 -0.457169 3.700000 -0.011343 0.457169 0.889308 0.000000 0.000000 0.000000 0.000000 1.000000
0.998789 0.047753 -0.011815 0.000000 -0.047753 0.883503 -0.465985 3.700000 -0.011814 0.465985 0.884714 0.000000 0.000000 0.000000 0.000000 1.000000
0.998740 0.048655 -0.012297 0.000000 -0.048656 0.878749 -0.474797 3.700000 -0.012295 0.474797 0.880009 0.000000 0.000000 0.000000 0.000000 1.000000
0.998690 0.049538 -0.012779 0.000000 -0.049538 0.873991 -0.483410 3.700000 -0.012778 0.483410 0.875301 0.000000 0.000000 0.000000 0.000000 1.000000
0.998637 0.050465 -0.013298 0.000000 -0.050465 0.868874 -0.492453 3.700000 -0.013297 0.492454 0.870237 0.000000 0.000000 0.000000 0.000000 1.000000
0.998587 0.051317 -0.013787 0.000000 -0.051317 0.864060 -0.500766 3.700000 -0.013785 0.500766 0.865473 0.000000 0.000000 0.000000 0.000000 1.000000
0.998544 0.052034 -0.014206 0.000000 -0.052034 0.859923 -0.507764 3.700000 -0.014205 0.507764 0.861379 0.000000 0.000000 0.000000 0.000000 1.000000
0.998510 0.052602 -0.014544 -0.000000 -0.052602 0.856591 -0.513308 3.700000 -0.014543 0.513308 0.858081 -0.000000 0.000000 0.000000 0.000000 1.000000
0.998487 0.052963 -0.014762 0.000000 -0.052964 0.854446 -0.516833 3.700000 -0.014760 0.516833 0.855959 -0.000000 0.000000 0.000000 0.000000 1.000000</float_array>
        <technique_common>
          <accessor source="#mixamorig_LeftHandMiddle2-Matrix-animation-output-transform-array" count="36" stride="16">
            <param type="float4x4"/>
          </accessor>
        </technique_common>
      </source>
      <source id="mixamorig_LeftHandMiddle2-Interpolations">
        <Name_array id="mixamorig_LeftHandMiddle2-Interpolations-array" count="36">
 LINEAR LINEAR LINEAR LINEAR LINEAR LINEAR LINEAR LINEAR LINEAR LINEAR LINEAR
LINEAR LINEAR LINEAR LINEAR LINEAR LINEAR LINEAR LINEAR LINEAR LINEAR LINEAR LINEAR
LINEAR LINEAR LINEAR LINEAR LINEAR LINEAR LINEAR LINEAR LINEAR LINEAR LINEAR LINEAR
LINEAR</Name_array>
        <technique_common>
          <accessor source="#mixamorig_LeftHandMiddle2-Interpolations-array" count="36">
            <param type="name"/>
          </accessor>
        </technique_common>
      </source>
      <sampler id="mixamorig_LeftHandMiddle2-Matrix-animation-transform">
        <input semantic="INPUT" source="#mixamorig_LeftHandMiddle2-Matrix-animation-input"/>
        <input semantic="OUTPUT" source="#mixamorig_LeftHandMiddle2-Matrix-animation-output-transform"/>
        <input semantic="INTERPOLATION" source="#mixamorig_LeftHandMiddle2-Interpolations"/>
      </sampler>
      <channel source="#mixamorig_LeftHandMiddle2-Matrix-animation-transform" target="mixamorig_LeftHandMiddle2/matrix"/>
    </animation>
    <animation id="mixamorig_LeftHandMiddle3-anim" name="mixamorig_LeftHandMiddle3">
      <source id="mixamorig_LeftHandMiddle3-Matrix-animation-input">
        <float_array id="mixamorig_LeftHandMiddle3-Matrix-animation-input-array" count="36">

0.000000 0.033333 0.066667 0.100000 0.133333 0.166667 0.200000 0.233333 0.266667 0.300000 0.333333 0.366667 0.400000 0.433333 0.466667 0.500000
0.533333 0.566667 0.600000 0.633333 0.666667 0.700000 0.733333 0.766667 0.800000 0.833333 0.866667 0.900000 0.933333 0.966667 1.000000 1.033333
1.066667 1.100000 1.133333 1.166667</float_array>
        <technique_common>
          <accessor source="#mixamorig_LeftHandMiddle3-Matrix-animation-input-array" count="36">
            <param name="TIME" type="float"/>
          </accessor>
        </technique_common>
      </source>
      <source id="mixamorig_LeftHandMiddle3-Matrix-animation-output-transform">
        <float_array id="mixamorig_LeftHandMiddle3-Matrix-animation-output-transform-array" count="576">

0.999333 0.035937 -0.006511 0.000000 -0.035937 0.935803 -0.350687 2.950000 -0.006510 0.350687 0.936470 0.000000 0.000000 0.000000 0.000000 1.000000
0.999259 0.037804 -0.007231 0.000000 -0.037804 0.928700 -0.368900 2.950000 -0.007230 0.368900 0.929441 -0.000000 0.000000 0.000000 0.000000 1.000000
0.999181 0.039665 -0.007992 0.000000 -0.039665 0.921199 -0.387064 2.950000 -0.007991 0.387064 0.922018 -0.000000 0.000000 0.000000 0.000000 1.000000
0.999108 0.041331 -0.008709 0.000000 -0.041331 0.914125 -0.403320 2.950000 -0.008708 0.403320 0.915018 0.000000 0.000000 0.000000 0.000000 1.000000
0.999044 0.042716 -0.009333 0.000000 -0.042716 0.907977 -0.416836 2.950000 -0.009332 0.416836 0.908934 0.000000 0.000000 0.000000 0.000000 1.000000
0.998987 0.043907 -0.009889 0.000000 -0.043907 0.902493 -0.428461 2.950000 -0.009888 0.428461 0.903506 0.000000 0.000000 0.000000 0.000000 1.000000
0.998927 0.045114 -0.010472 -0.000000 -0.045114 0.896746 -0.440239 2.950000 -0.010470 0.440239 0.897819 -0.000000 0.000000 0.000000 0.000000 1.000000
0.998859 0.046431 -0.011130 0.000000 -0.046431 0.890256 -0.453087 2.950000 -0.011129 0.453087 0.891397 -0.000000 0.000000 0.000000 0.000000 1.000000
0.998866 0.046311 -0.011069 0.000000 -0.046311 0.890856 -0.451918 2.950000 -0.011068 0.451918 0.891991 -0.000000 0.000000 0.000000 0.000000 1.000000
0.998989 0.043868 -0.009870 0.000000 -0.043868 0.902678 -0.428074 2.950000 -0.009869 0.428074 0.903690 0.000000 0.000000 0.000000 0.000000 1.000000
0.999170 0.039917 -0.008098 0.000000 -0.039917 0.920152 -0.389521 2.950000 -0.008097 0.389521 0.920982 0.000000 0.000000 0.000000 0.000000 1.000000
0.999363 0.035149 -0.006219 -0.000000 -0.035149 0.938681 -0.342989 2.950000 -0.006218 0.342989 0.939319 0.000000 0.000000 0.000000 0.000000 1.000000
0.999494 0.031422 -0.004938 -0.000000 -0.031422 0.951313 -0.306622 2.950000 -0.004937 0.306622 0.951819 0.000000 0.000000 0.000000 0.000000 1.000000
0.999561 0.029332 -0.004289 0.000000 -0.029332 0.957712 -0.286231 2.950000 -0.004288 0.286231 0.958151 -0.000000 0.000000 0.000000 0.000000 1.000000
0.999603 0.027903 -0.003873 -0.000000 -0.027903 0.961813 -0.272283 2.950000 -0.003872 0.272283 0.962209 -0.000000 0.000000 0.000000 0.000000 1.000000
0.999634 0.026827 -0.003575 0.000000 -0.026827 0.964754 -0.261783 2.950000 -0.003574 0.261783 0.965120 0.000000 0.000000 0.000000 0.000000 1.000000
0.999655 0.026039 -0.003364 -0.000000 -0.026040 0.966827 -0.254102 2.950000 -0.003364 0.254102 0.967172 0.000000 0.000000 0.000000 0.000000 1.000000
0.999670 0.025497 -0.003223 0.000000 -0.025497 0.968219 -0.248802 2.950000 -0.003223 0.248802 0.968549 -0.000000 0.000000 0.000000 0.000000 1.000000
0.999679 0.025155 -0.003136 0.000000 -0.025155 0.969078 -0.245468 2.950000 -0.003136 0.245468 0.969400 -0.000000 0.000000 0.000000 0.000000 1.000000
0.999679 0.025143 -0.003133 0.000000 -0.025143 0.969108 -0.245352 2.950000 -0.003132 0.245352 0.969429 0.000000 0.000000 0.000000 0.000000 1.000000
0.999671 0.025430 -0.003206 0.000000 -0.025430 0.968386 -0.248157 2.950000 -0.003206 0.248157 0.968715 0.000000 0.000000 0.000000 0.000000 1.000000
0.999659 0.025896 -0.003327 0.000000 -0.025896 0.967197 -0.252704 2.950000 -0.003326 0.252704 0.967538 -0.000000 0.000000 0.000000 0.000000 1.000000
0.999644 0.026466 -0.003477 0.000000 -0.026466 0.965711 -0.258265 2.950000 -0.003477 0.258265 0.966068 -0.000000 0.000000 0.000000 0.000000 1.000000
0.999624 0.027166 -0.003667 0.000000 -0.027166 0.963840 -0.265095 2.950000 -0.003667 0.265095 0.964215 0.000000 0.000000 0.000000 0.000000 1.000000
0.999601 0.027961 -0.003890 0.000000 -0.027961 0.961650 -0.272850 2.950000 -0.003889 0.272850 0.962049 0.000000 0.000000 0.000000 0.000000 1.000000
0.999581 0.028654 -0.004089 0.000000 -0.028654 0.959685 -0.279615 2.950000 -0.004088 0.279615 0.960104 0.000000 0.000000 0.000000 0.000000 1.000000
0.999558 0.029408 -0.004312 0.000000 -0.029408 0.957487 -0.286973 2.950000 -0.004311 0.286973 0.957929 0.000000 0.000000 0.000000 0.000000 1.000000
0.999518 0.030672 -0.004700 0.000000 -0.030672 0.953662 -0.299312 2.950000 -0.004698 0.299312 0.954144 -0.000000 0.000000 0.000000 0.000000 1.000000
0.999476 0.031977 -0.005118 0.000000 -0.031977 0.949532 -0.312036 2.950000 -0.005118 0.312036 0.950057 0.000000 0.000000 0.000000 0.000000 1.000000
0.999444 0.032891 -0.005424 0.000000 -0.032891 0.946521 -0.320962 2.950000 -0.005423 0.320962 0.947077 0.000000 0.000000 0.000000 0.000000 1.000000
0.999430 0.033294 -0.005562 -0.000000 -0.033294 0.945164 -0.324896 2.950000 -0.005560 0.324896 0.945733 -0.000000 0.000000 0.000000 0.000000 1.000000
0.999420 0.033594 -0.005665 0.000000 -0.033594 0.944143 -0.327819 2.950000 -0.005664 0.327819 0.944724 -0.000000 0.000000 0.000000 0.000000 1.000000
0.999396 0.034241 -0.005892 0.000000 -0.034241 0.941902 -0.334138 2.950000 -0.005891 0.334138 0.942506 0.000000 0.000000 0.000000 0.000000 1.000000
0.999371 0.034919 -0.006136 0.000000 -0.034920 0.939503 -0.340755 2.950000 -0.006135 0.340755 0.940132 0.000000 0.000000 0.000000 0.000000 1.000000
0.999349 0.035510 -0.006352 -0.000000 -0.035510 0.937372 -0.346516 2.950000 -0.006351 0.346516 0.938023 -0.000000 0.000000 0.000000 0.000000 1.000000
0.999333 0.035938 -0.006511 0.000000 -0.035938 0.935800 -0.350694 2.950000 -0.006510 0.350694 0.936467 -0.000000 0.000000 0.000000 0.000000 1.000000</float_array>
        <technique_common>
          <accessor source="#mixamorig_LeftHandMiddle3-Matrix-animation-output-transform-array" count="36" stride="16">
            <param type="float4x4"/>
          </accessor>
        </technique_common>
      </source>
      <source id="mixamorig_LeftHandMiddle3-Interpolations">
        <Name_array id="mixamorig_LeftHandMiddle3-Interpolations-array" count="36">
 LINEAR LINEAR LINEAR LINEAR LINEAR LINEAR LINEAR LINEAR LINEAR LINEAR LINEAR
LINEAR LINEAR LINEAR LINEAR LINEAR LINEAR LINEAR LINEAR LINEAR LINEAR LINEAR LINEAR
LINEAR LINEAR LINEAR LINEAR LINEAR LINEAR LINEAR LINEAR LINEAR LINEAR LINEAR LINEAR
LINEAR</Name_array>
        <technique_common>
          <accessor source="#mixamorig_LeftHandMiddle3-Interpolations-array" count="36">
            <param type="name"/>
          </accessor>
        </technique_common>
      </source>
      <sampler id="mixamorig_LeftHandMiddle3-Matrix-animation-transform">
        <input semantic="INPUT" source="#mixamorig_LeftHandMiddle3-Matrix-animation-input"/>
        <input semantic="OUTPUT" source="#mixamorig_LeftHandMiddle3-Matrix-animation-output-transform"/>
        <input semantic="INTERPOLATION" source="#mixamorig_LeftHandMiddle3-Interpolations"/>
      </sampler>
      <channel source="#mixamorig_LeftHandMiddle3-Matrix-animation-transform" target="mixamorig_LeftHandMiddle3/matrix"/>
    </animation>
    <animation id="mixamorig_LeftHandRing1-anim" name="mixamorig_LeftHandRing1">
      <source id="mixamorig_LeftHandRing1-Matrix-animation-input">
        <float_array id="mixamorig_LeftHandRing1-Matrix-animation-input-array" count="36">

0.000000 0.033333 0.066667 0.100000 0.133333 0.166667 0.200000 0.233333 0.266667 0.300000 0.333333 0.366667 0.400000 0.433333 0.466667 0.500000
0.533333 0.566667 0.600000 0.633333 0.666667 0.700000 0.733333 0.766667 0.800000 0.833333 0.866667 0.900000 0.933333 0.966667 1.000000 1.033333
1.066667 1.100000 1.133333 1.166667</float_array>
        <technique_common>
          <accessor source="#mixamorig_LeftHandRing1-Matrix-animation-input-array" count="36">
            <param name="TIME" type="float"/>
          </accessor>
        </technique_common>
      </source>
      <source id="mixamorig_LeftHandRing1-Matrix-animation-output-transform">
        <float_array id="mixamorig_LeftHandRing1-Matrix-animation-output-transform-array" count="576">

0.984064 0.171329 -0.047592 1.865100 -0.162893 0.761254 -0.627661 9.104500 -0.071307 0.625411 0.777031 0.043000 0.000000 0.000000 0.000000 1.000000
0.983767 0.172433 -0.049683 1.865100 -0.163514 0.747313 -0.644039 9.104500 -0.073925 0.641709 0.763377 0.043000 0.000000 0.000000 0.000000 1.000000
0.983353 0.174197 -0.051684 1.865100 -0.164613 0.733636 -0.659303 9.104500 -0.076931 0.656836 0.750099 0.043000 0.000000 0.000000 0.000000 1.000000
0.982599 0.178093 -0.052740 1.865100 -0.167349 0.725688 -0.667361 9.104500 -0.080580 0.664575 0.742864 0.043000 0.000000 0.000000 0.000000 1.000000
0.981240 0.185441 -0.052730 1.865100 -0.172722 0.724061 -0.667760 9.104500 -0.085650 0.664340 0.742507 0.043000 0.000000 0.000000 0.000000 1.000000
0.980291 0.190341 -0.052908 1.865100 -0.176259 0.721693 -0.669397 9.104500 -0.089230 0.665529 0.741019 0.043000 0.000000 0.000000 0.000000 1.000000
0.980666 0.188280 -0.053340 1.865100 -0.174668 0.719274 -0.672411 9.104500 -0.088235 0.668727 0.738254 0.043000 0.000000 0.000000 0.000000 1.000000
0.980986 0.186364 -0.054183 1.865100 -0.173116 0.714017 -0.678388 9.104500 -0.087740 0.674869 0.732703 0.043000 0.000000 0.000000 0.000000 1.000000
0.981100 0.185541 -0.054940 1.865100 -0.172382 0.709054 -0.683759 9.104500 -0.087910 0.680306 0.727637 0.043000 0.000000 0.000000 0.000000 1.000000
0.981612 0.183137 -0.053837 1.865100 -0.170850 0.717118 -0.675686 9.104500 -0.085136 0.672460 0.735221 0.043000 0.000000 0.000000 0.000000 1.000000
0.982427 0.179545 -0.051005 1.865100 -0.168669 0.736976 -0.654536 9.104500 -0.079929 0.651637 0.754308 0.043000 0.000000 0.000000 0.000000 1.000000
0.983238 0.176333 -0.046372 1.865100 -0.166901 0.768060 -0.618245 9.104500 -0.073400 0.615622 0.784616 0.043000 0.000000 0.000000 0.000000 1.000000
0.984867 0.167717 -0.043671 1.865100 -0.160455 0.787167 -0.595502 9.104500 -0.065499 0.593498 0.802166 0.043000 0.000000 0.000000 0.000000 1.000000
0.986157 0.160405 -0.042001 1.865100 -0.154726 0.799143 -0.580888 9.104500 -0.059612 0.579345 0.812899 0.043000 0.000000 0.000000 0.000000 1.000000
0.986354 0.159737 -0.039886 1.865100 -0.154298 0.812340 -0.562402 9.104500 -0.057435 0.560882 0.825901 0.043000 0.000000 0.000000 0.000000 1.000000
0.987090 0.155386 -0.038848 1.865100 -0.150765 0.819511 -0.552876 9.104500 -0.054073 0.551596 0.832357 0.043000 0.000000 0.000000 0.000000 1.000000
0.987845 0.150700 -0.038101 1.865100 -0.146897 0.824911 -0.545841 9.104500 -0.050828 0.544804 0.837022 0.043000 0.000000 0.000000 0.000000 1.000000
0.988079 0.149341 -0.037382 1.865100 -0.145768 0.829477 -0.539184 9.104500 -0.049514 0.538206 0.841358 0.043000 0.000000 0.000000 0.000000 1.000000
0.988085 0.149426 -0.036889 1.865100 -0.145843 0.832407 -0.534630 9.104500 -0.049181 0.533639 0.844281 0.043000 0.000000 0.000000 0.000000 1.000000
0.988196 0.148736 -0.036704 1.865100 -0.145265 0.833635 -0.532871 9.104500 -0.048660 0.531912 0.845400 0.043000 0.000000 0.000000 0.000000 1.000000
0.988409 0.147267 -0.036871 1.865100 -0.144031 0.832906 -0.534343 9.104500 -0.047981 0.533460 0.844463 0.043000 0.000000 0.000000 0.000000 1.000000
0.988634 0.145616 -0.037410 1.865100 -0.142653 0.829984 -0.539236 9.104500 -0.047471 0.538444 0.841323 0.043000 0.000000 0.000000 0.000000 1.000000
0.988595 0.145716 -0.038039 1.865100 -0.142749 0.826192 -0.545003 9.104500 -0.047988 0.544218 0.837570 0.043000 0.000000 0.000000 0.000000 1.000000
0.988825 0.143976 -0.038674 1.865100 -0.141320 0.822665 -0.550682 9.104500 -0.047469 0.549994 0.833819 0.043000 0.000000 0.000000 0.000000 1.000000
0.989192 0.141232 -0.039401 1.865100 -0.139083 0.818728 -0.557081 9.104500 -0.046419 0.556540 0.829523 0.043000 0.000000 0.000000 0.000000 1.000000
0.989220 0.140882 -0.039938 1.865100 -0.138826 0.815502 -0.561858 9.104500 -0.046586 0.561346 0.826269 0.043000 0.000000 0.000000 0.000000 1.000000
0.989037 0.142018 -0.040460 1.865100 -0.139788 0.812106 -0.566519 9.104500 -0.047598 0.565964 0.823055 0.043000 0.000000 0.000000 0.000000 1.000000
0.988343 0.146631 -0.040962 1.865100 -0.143575 0.808198 -0.571141 9.104500 -0.050641 0.570364 0.819830 0.043000 0.000000 0.000000 0.000000 1.000000
0.987655 0.151021 -0.041592 1.865100 -0.147153 0.803495 -0.576837 9.104500 -0.053696 0.575837 0.815800 0.043000 0.000000 0.000000 0.000000 1.000000
0.987173 0.153834 -0.042715 1.865100 -0.149419 0.795959 -0.586621 9.104500 -0.056243 0.585479 0.808735 0.043000 0.000000 0.000000 0.000000 1.000000
0.985673 0.162881 -0.043797 1.865100 -0.156605 0.787371 -0.596257 9.104500 -0.062634 0.594573 0.801598 0.043000 0.000000 0.000000 0.000000 1.000000
0.984357 0.170480 -0.044467 1.865100 -0.162562 0.781538 -0.602306 9.104500 -0.067929 0.600113 0.797026 0.043000 0.000000 0.000000 0.000000 1.000000
0.984231 0.171040 -0.045118 1.865100 -0.162932 0.777266 -0.607709 9.104500 -0.068874 0.605477 0.792877 0.043000 0.000000 0.000000 0.000000 1.000000
0.984089 0.171576 -0.046149 1.865100 -0.163237 0.770542 -0.616132 9.104500 -0.070153 0.613862 0.786290 0.043000 0.000000 0.000000 0.000000 1.000000
0.984073 0.171442 -0.046988 1.865100 -0.163043 0.765157 -0.622857 9.104500 -0.070831 0.620598 0.780923 0.043000 0.000000 0.000000 0.000000 1.000000
0.984064 0.171329 -0.047593 1.865100 -0.162893 0.761254 -0.627661 9.104500 -0.071307 0.625411 0.777030 0.043000 0.000000 0.000000 0.000000 1.000000</float_array>
        <technique_common>
          <accessor source="#mixamorig_LeftHandRing1-Matrix-animation-output-transform-array" count="36" stride="16">
            <param type="float4x4"/>
          </accessor>
        </technique_common>
      </source>
      <source id="mixamorig_LeftHandRing1-Interpolations">
        <Name_array id="mixamorig_LeftHandRing1-Interpolations-array" count="36">
 LINEAR LINEAR LINEAR LINEAR LINEAR LINEAR LINEAR LINEAR LINEAR LINEAR LINEAR
LINEAR LINEAR LINEAR LINEAR LINEAR LINEAR LINEAR LINEAR LINEAR LINEAR LINEAR LINEAR
LINEAR LINEAR LINEAR LINEAR LINEAR LINEAR LINEAR LINEAR LINEAR LINEAR LINEAR LINEAR
LINEAR</Name_array>
        <technique_common>
          <accessor source="#mixamorig_LeftHandRing1-Interpolations-array" count="36">
            <param type="name"/>
          </accessor>
        </technique_common>
      </source>
      <sampler id="mixamorig_LeftHandRing1-Matrix-animation-transform">
        <input semantic="INPUT" source="#mixamorig_LeftHandRing1-Matrix-animation-input"/>
        <input semantic="OUTPUT" source="#mixamorig_LeftHandRing1-Matrix-animation-output-transform"/>
        <input semantic="INTERPOLATION" source="#mixamorig_LeftHandRing1-Interpolations"/>
      </sampler>
      <channel source="#mixamorig_LeftHandRing1-Matrix-animation-transform" target="mixamorig_LeftHandRing1/matrix"/>
    </animation>
    <animation id="mixamorig_LeftHandRing2-anim" name="mixamorig_LeftHandRing2">
      <source id="mixamorig_LeftHandRing2-Matrix-animation-input">
        <float_array id="mixamorig_LeftHandRing2-Matrix-animation-input-array" count="36">

0.000000 0.033333 0.066667 0.100000 0.133333 0.166667 0.200000 0.233333 0.266667 0.300000 0.333333 0.366667 0.400000 0.433333 0.466667 0.500000
0.533333 0.566667 0.600000 0.633333 0.666667 0.700000 0.733333 0.766667 0.800000 0.833333 0.866667 0.900000 0.933333 0.966667 1.000000 1.033333
1.066667 1.100000 1.133333 1.166667</float_array>
        <technique_common>
          <accessor source="#mixamorig_LeftHandRing2-Matrix-animation-input-array" count="36">
            <param name="TIME" type="float"/>
          </accessor>
        </technique_common>
      </source>
      <source id="mixamorig_LeftHandRing2-Matrix-animation-output-transform">
        <float_array id="mixamorig_LeftHandRing2-Matrix-animation-output-transform-array" count="576">

0.997410 0.067343 -0.025279 0.000000 -0.067343 0.750743 -0.657152 3.150000 -0.025277 0.657153 0.753334 0.000000 0.000000 0.000000 0.000000 1.000000
0.997300 0.068548 -0.026351 0.000000 -0.068549 0.740168 -0.668919 3.150000 -0.026349 0.668919 0.742868 0.000000 0.000000 0.000000 0.000000 1.000000
0.997194 0.069671 -0.027381 0.000000 -0.069672 0.730011 -0.679875 3.150000 -0.027379 0.679875 0.732817 -0.000000 0.000000 0.000000 0.000000 1.000000
0.997105 0.070589 -0.028247 0.000000 -0.070590 0.721472 -0.688836 3.150000 -0.028245 0.688836 0.724367 0.000000 0.000000 0.000000 0.000000 1.000000
0.997058 0.071070 -0.028709 0.000000 -0.071070 0.716920 -0.693524 3.150000 -0.028707 0.693524 0.719862 -0.000000 0.000000 0.000000 0.000000 1.000000
0.996992 0.071728 -0.029351 0.000000 -0.071729 0.710582 -0.699949 3.150000 -0.029349 0.699949 0.713590 0.000000 0.000000 0.000000 0.000000 1.000000
0.996909 0.072548 -0.030169 0.000000 -0.072549 0.702525 -0.707951 3.150000 -0.030166 0.707951 0.705617 0.000000 0.000000 0.000000 0.000000 1.000000
0.996820 0.073397 -0.031034 0.000000 -0.073398 0.693992 -0.716232 3.150000 -0.031032 0.716232 0.697172 0.000000 0.000000 0.000000 0.000000 1.000000
0.996749 0.074061 -0.031726 0.000000 -0.074062 0.687167 -0.722715 3.150000 -0.031724 0.722715 0.690418 0.000000 0.000000 0.000000 0.000000 1.000000
0.996850 0.073111 -0.030741 0.000000 -0.073112 0.696884 -0.713448 3.150000 -0.030738 0.713448 0.700034 -0.000000 0.000000 0.000000 0.000000 1.000000
0.997125 0.070392 -0.028059 0.000000 -0.070393 0.723322 -0.686914 3.150000 -0.028058 0.686914 0.726197 -0.000000 0.000000 0.000000 0.000000 1.000000
0.997473 0.066627 -0.024658 0.000000 -0.066627 0.756862 -0.650169 3.150000 -0.024656 0.650169 0.759389 -0.000000 0.000000 0.000000 0.000000 1.000000
0.997741 0.063459 -0.022045 0.000000 -0.063459 0.782625 -0.619250 3.150000 -0.022043 0.619250 0.784884 0.000000 0.000000 0.000000 0.000000 1.000000
0.997905 0.061382 -0.020445 0.000000 -0.061382 0.798405 -0.598984 3.150000 -0.020443 0.598984 0.800500 0.000000 0.000000 0.000000 0.000000 1.000000
0.997992 0.060236 -0.019598 0.000000 -0.060237 0.806757 -0.587805 3.150000 -0.019596 0.587805 0.808765 0.000000 0.000000 0.000000 0.000000 1.000000
0.998028 0.059748 -0.019245 -0.000000 -0.059749 0.810243 -0.583041 3.150000 -0.019243 0.583041 0.812215 -0.000000 0.000000 0.000000 0.000000 1.000000
0.998052 0.059415 -0.019006 0.000000 -0.059416 0.812594 -0.579794 3.150000 -0.019004 0.579794 0.814542 0.000000 0.000000 0.000000 0.000000 1.000000
0.998082 0.059003 -0.018714 0.000000 -0.059004 0.815477 -0.575774 3.150000 -0.018712 0.575775 0.817394 -0.000000 0.000000 0.000000 0.000000 1.000000
0.998099 0.058772 -0.018551 -0.000000 -0.058773 0.817081 -0.573520 3.150000 -0.018549 0.573520 0.818982 0.000000 0.000000 0.000000 0.000000 1.000000
0.998101 0.058751 -0.018536 -0.000000 -0.058752 0.817224 -0.573318 3.150000 -0.018535 0.573318 0.819124 -0.000000 0.000000 0.000000 0.000000 1.000000
0.998068 0.059195 -0.018849 0.000000 -0.059195 0.814141 -0.577642 3.150000 -0.018848 0.577642 0.816073 0.000000 0.000000 0.000000 0.000000 1.000000
0.998018 0.059889 -0.019347 0.000000 -0.059890 0.809236 -0.584424 3.150000 -0.019345 0.584424 0.811218 -0.000000 0.000000 0.000000 0.000000 1.000000
0.997974 0.060469 -0.019768 0.000000 -0.060469 0.805081 -0.590074 3.150000 -0.019766 0.590074 0.807107 0.000000 0.000000 0.000000 0.000000 1.000000
0.997928 0.061078 -0.020218 0.000000 -0.061079 0.800641 -0.596023 3.150000 -0.020216 0.596023 0.802713 0.000000 0.000000 0.000000 0.000000 1.000000
0.997894 0.061524 -0.020552 0.000000 -0.061525 0.797347 -0.600377 3.150000 -0.020551 0.600377 0.799453 -0.000000 0.000000 0.000000 0.000000 1.000000
0.997879 0.061713 -0.020695 0.000000 -0.061714 0.795945 -0.602215 3.150000 -0.020692 0.602216 0.798065 0.000000 0.000000 0.000000 0.000000 1.000000
0.997851 0.062079 -0.020973 0.000000 -0.062080 0.793200 -0.605788 3.150000 -0.020971 0.605788 0.795349 0.000000 0.000000 0.000000 0.000000 1.000000
0.997803 0.062690 -0.021443 0.000000 -0.062690 0.788562 -0.611751 3.150000 -0.021441 0.611751 0.790760 0.000000 0.000000 0.000000 0.000000 1.000000
0.997755 0.063286 -0.021909 0.000000 -0.063287 0.783967 -0.617569 3.150000 -0.021907 0.617569 0.786212 0.000000 0.000000 0.000000 0.000000 1.000000
0.997697 0.063996 -0.022474 0.000000 -0.063997 0.778400 -0.624498 3.150000 -0.022472 0.624498 0.780703 0.000000 0.000000 0.000000 0.000000 1.000000
0.997655 0.064501 -0.022882 0.000000 -0.064502 0.774375 -0.629430 3.150000 -0.022880 0.629430 0.776720 0.000000 0.000000 0.000000 0.000000 1.000000
0.997610 0.065043 -0.023325 0.000000 -0.065044 0.770006 -0.634713 3.150000 -0.023323 0.634713 0.772396 -0.000000 0.000000 0.000000 0.000000 1.000000
0.997544 0.065809 -0.023963 -0.000000 -0.065809 0.763720 -0.642185 3.150000 -0.023960 0.642185 0.766175 0.000000 0.000000 0.000000 0.000000 1.000000
0.997489 0.066450 -0.024506 -0.000000 -0.066451 0.758356 -0.648445 3.150000 -0.024505 0.648445 0.760867 0.000000 0.000000 0.000000 0.000000 1.000000
0.997442 0.066980 -0.024962 0.000000 -0.066980 0.753862 -0.653610 3.150000 -0.024960 0.653610 0.756420 0.000000 0.000000 0.000000 0.000000 1.000000
0.997410 0.067343 -0.025279 0.000000 -0.067343 0.750743 -0.657153 3.150000 -0.025277 0.657153 0.753334 -0.000000 0.000000 0.000000 0.000000 1.000000</float_array>
        <technique_common>
          <accessor source="#mixamorig_LeftHandRing2-Matrix-animation-output-transform-array" count="36" stride="16">
            <param type="float4x4"/>
          </accessor>
        </technique_common>
      </source>
      <source id="mixamorig_LeftHandRing2-Interpolations">
        <Name_array id="mixamorig_LeftHandRing2-Interpolations-array" count="36">
 LINEAR LINEAR LINEAR LINEAR LINEAR LINEAR LINEAR LINEAR LINEAR LINEAR LINEAR
LINEAR LINEAR LINEAR LINEAR LINEAR LINEAR LINEAR LINEAR LINEAR LINEAR LINEAR LINEAR
LINEAR LINEAR LINEAR LINEAR LINEAR LINEAR LINEAR LINEAR LINEAR LINEAR LINEAR LINEAR
LINEAR</Name_array>
        <technique_common>
          <accessor source="#mixamorig_LeftHandRing2-Interpolations-array" count="36">
            <param type="name"/>
          </accessor>
        </technique_common>
      </source>
      <sampler id="mixamorig_LeftHandRing2-Matrix-animation-transform">
        <input semantic="INPUT" source="#mixamorig_LeftHandRing2-Matrix-animation-input"/>
        <input semantic="OUTPUT" source="#mixamorig_LeftHandRing2-Matrix-animation-output-transform"/>
        <input semantic="INTERPOLATION" source="#mixamorig_LeftHandRing2-Interpolations"/>
      </sampler>
      <channel source="#mixamorig_LeftHandRing2-Matrix-animation-transform" target="mixamorig_LeftHandRing2/matrix"/>
    </animation>
    <animation id="mixamorig_LeftHandRing3-anim" name="mixamorig_LeftHandRing3">
      <source id="mixamorig_LeftHandRing3-Matrix-animation-input">
        <float_array id="mixamorig_LeftHandRing3-Matrix-animation-input-array" count="36">

0.000000 0.033333 0.066667 0.100000 0.133333 0.166667 0.200000 0.233333 0.266667 0.300000 0.333333 0.366667 0.400000 0.433333 0.466667 0.500000
0.533333 0.566667 0.600000 0.633333 0.666667 0.700000 0.733333 0.766667 0.800000 0.833333 0.866667 0.900000 0.933333 0.966667 1.000000 1.033333
1.066667 1.100000 1.133333 1.166667</float_array>
        <technique_common>
          <accessor source="#mixamorig_LeftHandRing3-Matrix-animation-input-array" count="36">
            <param name="TIME" type="float"/>
          </accessor>
        </technique_common>
      </source>
      <source id="mixamorig_LeftHandRing3-Matrix-animation-output-transform">
        <float_array id="mixamorig_LeftHandRing3-Matrix-animation-output-transform-array" count="576">

0.999605 0.027850 -0.003858 0.000000 -0.027850 0.961959 -0.271771 2.950000 -0.003857 0.271771 0.962354 -0.000000 0.000000 0.000000 0.000000 1.000000
0.999553 0.029561 -0.004358 0.000000 -0.029561 0.957034 -0.288464 2.950000 -0.004357 0.288464 0.957481 0.000000 0.000000 0.000000 0.000000 1.000000
0.999497 0.031333 -0.004909 0.000000 -0.031333 0.951593 -0.305758 2.950000 -0.004909 0.305758 0.952097 -0.000000 0.000000 0.000000 0.000000 1.000000
0.999441 0.032974 -0.005452 0.000000 -0.032974 0.946244 -0.321767 2.950000 -0.005451 0.321767 0.946803 0.000000 0.000000 0.000000 0.000000 1.000000
0.999387 0.034487 -0.005980 -0.000000 -0.034487 0.941040 -0.336533 2.950000 -0.005979 0.336533 0.941653 0.000000 0.000000 0.000000 0.000000 1.000000
0.999338 0.035792 -0.006457 -0.000000 -0.035792 0.936340 -0.349266 2.950000 -0.006455 0.349266 0.937001 -0.000000 0.000000 0.000000 0.000000 1.000000
0.999292 0.036972 -0.006905 -0.000000 -0.036972 0.931917 -0.360781 2.950000 -0.006904 0.360781 0.932625 0.000000 0.000000 0.000000 0.000000 1.000000
0.999233 0.038438 -0.007486 0.000000 -0.038438 0.926192 -0.375089 2.950000 -0.007485 0.375089 0.926959 -0.000000 0.000000 0.000000 0.000000 1.000000
0.999197 0.039282 -0.007832 0.000000 -0.039282 0.922778 -0.383324 2.950000 -0.007831 0.383324 0.923581 0.000000 0.000000 0.000000 0.000000 1.000000
0.999254 0.037928 -0.007281 0.000000 -0.037929 0.928210 -0.370118 2.950000 -0.007280 0.370118 0.928956 0.000000 0.000000 0.000000 0.000000 1.000000
0.999387 0.034482 -0.005978 0.000000 -0.034482 0.941056 -0.336490 2.950000 -0.005977 0.336490 0.941668 -0.000000 0.000000 0.000000 0.000000 1.000000
0.999547 0.029769 -0.004420 0.000000 -0.029769 0.956413 -0.290495 2.950000 -0.004420 0.290495 0.956866 0.000000 0.000000 0.000000 0.000000 1.000000
0.999671 0.025438 -0.003208 0.000000 -0.025438 0.968367 -0.248231 2.950000 -0.003208 0.248231 0.968696 0.000000 0.000000 0.000000 0.000000 1.000000
0.999752 0.022159 -0.002425 -0.000000 -0.022159 0.976089 -0.216238 2.950000 -0.002425 0.216238 0.976338 -0.000000 0.000000 0.000000 0.000000 1.000000
0.999795 0.020145 -0.002000 0.000000 -0.020145 0.980281 -0.196580 2.950000 -0.001999 0.196580 0.980486 0.000000 0.000000 0.000000 0.000000 1.000000
0.999823 0.018724 -0.001726 -0.000000 -0.018724 0.982987 -0.182718 2.950000 -0.001725 0.182718 0.983164 0.000000 0.000000 0.000000 0.000000 1.000000
0.999843 0.017664 -0.001534 0.000000 -0.017664 0.984874 -0.172369 2.950000 -0.001534 0.172369 0.985031 -0.000000 0.000000 0.000000 0.000000 1.000000
0.999855 0.016972 -0.001416 0.000000 -0.016972 0.986044 -0.165617 2.950000 -0.001415 0.165617 0.986189 0.000000 0.000000 0.000000 0.000000 1.000000
0.999863 0.016490 -0.001336 0.000000 -0.016490 0.986830 -0.160917 2.950000 -0.001335 0.160917 0.986967 0.000000 0.000000 0.000000 0.000000 1.000000
0.999865 0.016364 -0.001315 0.000000 -0.016364 0.987032 -0.159687 2.950000 -0.001315 0.159687 0.987167 0.000000 0.000000 0.000000 0.000000 1.000000
0.999862 0.016565 -0.001348 0.000000 -0.016565 0.986709 -0.161650 2.950000 -0.001347 0.161650 0.986847 0.000000 0.000000 0.000000 0.000000 1.000000
0.999856 0.016937 -0.001410 0.000000 -0.016937 0.986101 -0.165279 2.950000 -0.001409 0.165279 0.986246 -0.000000 0.000000 0.000000 0.000000 1.000000
0.999848 0.017399 -0.001488 -0.000000 -0.017399 0.985328 -0.169782 2.950000 -0.001488 0.169782 0.985481 -0.000000 0.000000 0.000000 0.000000 1.000000
0.999836 0.018032 -0.001599 0.000000 -0.018032 0.984231 -0.175965 2.950000 -0.001599 0.175965 0.984395 0.000000 0.000000 0.000000 0.000000 1.000000
0.999821 0.018823 -0.001744 0.000000 -0.018823 0.982806 -0.183678 2.950000 -0.001743 0.183678 0.982985 0.000000 0.000000 0.000000 0.000000 1.000000
0.999808 0.019504 -0.001874 0.000000 -0.019505 0.981526 -0.190331 2.950000 -0.001873 0.190331 0.981718 0.000000 0.000000 0.000000 0.000000 1.000000
0.999792 0.020286 -0.002028 0.000000 -0.020286 0.980001 -0.197954 2.950000 -0.002028 0.197954 0.980209 -0.000000 0.000000 0.000000 0.000000 1.000000
0.999764 0.021582 -0.002299 0.000000 -0.021582 0.977333 -0.210607 2.950000 -0.002299 0.210607 0.977568 -0.000000 0.000000 0.000000 0.000000 1.000000
0.999733 0.022969 -0.002608 0.000000 -0.022969 0.974286 -0.224142 2.950000 -0.002607 0.224142 0.974553 0.000000 0.000000 0.000000 0.000000 1.000000
0.999707 0.024041 -0.002861 0.000000 -0.024041 0.971795 -0.234598 2.950000 -0.002860 0.234598 0.972088 -0.000000 0.000000 0.000000 0.000000 1.000000
0.999691 0.024664 -0.003013 0.000000 -0.024664 0.970292 -0.240675 2.950000 -0.003012 0.240675 0.970601 0.000000 0.000000 0.000000 0.000000 1.000000
0.999677 0.025234 -0.003156 -0.000000 -0.025234 0.968881 -0.246239 2.950000 -0.003155 0.246239 0.969204 -0.000000 0.000000 0.000000 0.000000 1.000000
0.999655 0.026052 -0.003368 -0.000000 -0.026052 0.966796 -0.254219 2.950000 -0.003367 0.254219 0.967141 0.000000 0.000000 0.000000 0.000000 1.000000
0.999634 0.026822 -0.003574 -0.000000 -0.026822 0.964766 -0.261740 2.950000 -0.003573 0.261740 0.965132 -0.000000 0.000000 0.000000 0.000000 1.000000
0.999616 0.027447 -0.003745 0.000000 -0.027447 0.963073 -0.267839 2.950000 -0.003744 0.267839 0.963456 -0.000000 0.000000 0.000000 0.000000 1.000000
0.999605 0.027850 -0.003858 0.000000 -0.027850 0.961959 -0.271770 2.950000 -0.003857 0.271770 0.962354 0.000000 0.000000 0.000000 0.000000 1.000000</float_array>
        <technique_common>
          <accessor source="#mixamorig_LeftHandRing3-Matrix-animation-output-transform-array" count="36" stride="16">
            <param type="float4x4"/>
          </accessor>
        </technique_common>
      </source>
      <source id="mixamorig_LeftHandRing3-Interpolations">
        <Name_array id="mixamorig_LeftHandRing3-Interpolations-array" count="36">
 LINEAR LINEAR LINEAR LINEAR LINEAR LINEAR LINEAR LINEAR LINEAR LINEAR LINEAR
LINEAR LINEAR LINEAR LINEAR LINEAR LINEAR LINEAR LINEAR LINEAR LINEAR LINEAR LINEAR
LINEAR LINEAR LINEAR LINEAR LINEAR LINEAR LINEAR LINEAR LINEAR LINEAR LINEAR LINEAR
LINEAR</Name_array>
        <technique_common>
          <accessor source="#mixamorig_LeftHandRing3-Interpolations-array" count="36">
            <param type="name"/>
          </accessor>
        </technique_common>
      </source>
      <sampler id="mixamorig_LeftHandRing3-Matrix-animation-transform">
        <input semantic="INPUT" source="#mixamorig_LeftHandRing3-Matrix-animation-input"/>
        <input semantic="OUTPUT" source="#mixamorig_LeftHandRing3-Matrix-animation-output-transform"/>
        <input semantic="INTERPOLATION" source="#mixamorig_LeftHandRing3-Interpolations"/>
      </sampler>
      <channel source="#mixamorig_LeftHandRing3-Matrix-animation-transform" target="mixamorig_LeftHandRing3/matrix"/>
    </animation>
    <animation id="mixamorig_LeftHandPinky1-anim" name="mixamorig_LeftHandPinky1">
      <source id="mixamorig_LeftHandPinky1-Matrix-animation-input">
        <float_array id="mixamorig_LeftHandPinky1-Matrix-animation-input-array" count="36">

0.000000 0.033333 0.066667 0.100000 0.133333 0.166667 0.200000 0.233333 0.266667 0.300000 0.333333 0.366667 0.400000 0.433333 0.466667 0.500000
0.533333 0.566667 0.600000 0.633333 0.666667 0.700000 0.733333 0.766667 0.800000 0.833333 0.866667 0.900000 0.933333 0.966667 1.000000 1.033333
1.066667 1.100000 1.133333 1.166667</float_array>
        <technique_common>
          <accessor source="#mixamorig_LeftHandPinky1-Matrix-animation-input-array" count="36">
            <param name="TIME" type="float"/>
          </accessor>
        </technique_common>
      </source>
      <source id="mixamorig_LeftHandPinky1-Matrix-animation-output-transform">
        <float_array id="mixamorig_LeftHandPinky1-Matrix-animation-output-transform-array" count="576">

0.991689 0.120519 -0.045034 3.806300 -0.123950 0.801142 -0.585497 8.077800 -0.034485 0.586213 0.809422 0.486900 0.000000 0.000000 0.000000 1.000000
0.991491 0.121261 -0.047333 3.806300 -0.125213 0.789035 -0.601452 8.077800 -0.035586 0.602262 0.797505 0.486900 0.000000 0.000000 0.000000 1.000000
0.991286 0.122028 -0.049610 3.806300 -0.126505 0.776914 -0.616767 8.077800 -0.036720 0.617668 0.785581 0.486900 0.000000 0.000000 0.000000 1.000000
0.990944 0.124156 -0.051148 3.806300 -0.128765 0.770580 -0.624200 8.077800 -0.038085 0.625133 0.779588 0.486900 0.000000 0.000000 0.000000 1.000000
0.990402 0.127910 -0.052367 3.806300 -0.132347 0.768428 -0.626101 8.077800 -0.039844 0.627022 0.777982 0.486900 0.000000 0.000000 0.000000 1.000000
0.990071 0.129956 -0.053583 3.806300 -0.134509 0.765139 -0.629658 8.077800 -0.040829 0.630613 0.775023 0.486900 0.000000 0.000000 0.000000 1.000000
0.990529 0.126424 -0.053575 3.806300 -0.131701 0.764433 -0.631108 8.077800 -0.038833 0.632186 0.773843 0.486900 0.000000 0.000000 0.000000 1.000000
0.991030 0.122405 -0.053628 3.806300 -0.128457 0.761895 -0.634834 8.077800 -0.036849 0.636029 0.770785 0.486900 0.000000 0.000000 0.000000 1.000000
0.990956 0.122363 -0.055081 3.806300 -0.128888 0.753698 -0.644459 8.077800 -0.037344 0.645730 0.762652 0.486900 0.000000 0.000000 0.000000 1.000000
0.990994 0.122078 -0.055036 3.806300 -0.128610 0.753198 -0.645098 8.077800 -0.037299 0.646366 0.762115 0.486900 0.000000 0.000000 0.000000 1.000000
0.991409 0.119905 -0.052252 3.806300 -0.125890 0.766397 -0.629910 8.077800 -0.035484 0.631077 0.774908 0.486900 0.000000 0.000000 0.000000 1.000000
0.992048 0.116785 -0.046931 3.806300 -0.121651 0.794052 -0.595552 8.077800 -0.032286 0.596525 0.801945 0.486900 0.000000 0.000000 0.000000 1.000000
0.992391 0.115368 -0.043020 3.806300 -0.119157 0.811834 -0.571600 8.077800 -0.031019 0.572377 0.819404 0.486900 0.000000 0.000000 0.000000 1.000000
0.992306 0.117221 -0.039846 3.806300 -0.119667 0.825547 -0.551500 8.077800 -0.031752 0.552025 0.833223 0.486900 0.000000 0.000000 0.000000 1.000000
0.992411 0.117512 -0.036221 3.806300 -0.118952 0.842755 -0.524990 8.077800 -0.031167 0.525314 0.850337 0.486900 0.000000 0.000000 0.000000 1.000000
0.992936 0.113473 -0.034676 3.806300 -0.115152 0.851100 -0.512219 8.077800 -0.028611 0.512594 0.858155 0.486900 0.000000 0.000000 0.000000 1.000000
0.993379 0.109870 -0.033567 3.806300 -0.111836 0.857984 -0.501354 8.077800 -0.026284 0.501788 0.864591 0.486900 0.000000 0.000000 0.000000 1.000000
0.993508 0.108973 -0.032656 3.806300 -0.110875 0.863313 -0.492339 8.077800 -0.025459 0.492764 0.869791 0.486900 0.000000 0.000000 0.000000 1.000000
0.993544 0.108851 -0.031975 3.806300 -0.110634 0.867198 -0.485519 8.077800 -0.025121 0.485921 0.873641 0.486900 0.000000 0.000000 0.000000 1.000000
0.993631 0.108177 -0.031557 3.806300 -0.109963 0.869640 -0.481284 8.077800 -0.024620 0.481689 0.875996 0.486900 0.000000 0.000000 0.000000 1.000000
0.993651 0.108020 -0.031440 3.806300 -0.109803 0.870318 -0.480094 8.077800 -0.024497 0.480498 0.876654 0.486900 0.000000 0.000000 0.000000 1.000000
0.993601 0.108422 -0.031650 3.806300 -0.110195 0.869087 -0.482229 8.077800 -0.024778 0.482631 0.875473 0.486900 0.000000 0.000000 0.000000 1.000000
0.993549 0.108784 -0.032049 3.806300 -0.110590 0.866784 -0.486266 8.077800 -0.025118 0.486673 0.873223 0.486900 0.000000 0.000000 0.000000 1.000000
0.993891 0.105433 -0.032630 3.806300 -0.107795 0.863893 -0.492005 8.077800 -0.023684 0.492517 0.869981 0.486900 0.000000 0.000000 0.000000 1.000000
0.994362 0.100656 -0.033363 3.806300 -0.103829 0.860253 -0.499183 8.077800 -0.021545 0.499833 0.865854 0.486900 0.000000 0.000000 0.000000 1.000000
0.994574 0.098264 -0.034169 3.806300 -0.101985 0.855996 -0.506824 8.077800 -0.020554 0.507558 0.861372 0.486900 0.000000 0.000000 0.000000 1.000000
0.994545 0.098208 -0.035144 3.806300 -0.102234 0.850944 -0.515211 8.077800 -0.020692 0.515994 0.856342 0.486900 0.000000 0.000000 0.000000 1.000000
0.994065 0.102785 -0.035641 3.806300 -0.106312 0.848303 -0.518729 8.077800 -0.023083 0.519439 0.854196 0.486900 0.000000 0.000000 0.000000 1.000000
0.993590 0.107011 -0.036435 3.806300 -0.110168 0.844406 -0.524254 8.077800 -0.025335 0.524907 0.850782 0.486900 0.000000 0.000000 0.000000 1.000000
0.993233 0.109720 -0.038076 3.806300 -0.112922 0.835725 -0.537413 8.077800 -0.027143 0.538076 0.842459 0.486900 0.000000 0.000000 0.000000 1.000000
0.992435 0.116031 -0.040129 3.806300 -0.118792 0.824933 -0.552607 8.077800 -0.031015 0.553193 0.832475 0.486900 0.000000 0.000000 0.000000 1.000000
0.991783 0.120968 -0.041630 3.806300 -0.123343 0.817801 -0.562129 8.077800 -0.033955 0.562645 0.826001 0.486900 0.000000 0.000000 0.000000 1.000000
0.991770 0.120789 -0.042454 3.806300 -0.123459 0.814414 -0.566999 8.077800 -0.033912 0.567573 0.822624 0.486900 0.000000 0.000000 0.000000 1.000000
0.991773 0.120367 -0.043567 3.806300 -0.123432 0.809024 -0.574669 8.077800 -0.033925 0.575319 0.817226 0.486900 0.000000 0.000000 0.000000 1.000000
0.991714 0.120527 -0.044470 3.806300 -0.123821 0.804471 -0.580943 8.077800 -0.034244 0.581635 0.812729 0.486900 0.000000 0.000000 0.000000 1.000000
0.991685 0.120518 -0.045128 3.806300 -0.124005 0.801141 -0.585488 8.077800 -0.034408 0.586215 0.809424 0.486900 0.000000 0.000000 0.000000 1.000000</float_array>
        <technique_common>
          <accessor source="#mixamorig_LeftHandPinky1-Matrix-animation-output-transform-array" count="36" stride="16">
            <param type="float4x4"/>
          </accessor>
        </technique_common>
      </source>
      <source id="mixamorig_LeftHandPinky1-Interpolations">
        <Name_array id="mixamorig_LeftHandPinky1-Interpolations-array" count="36">
 LINEAR LINEAR LINEAR LINEAR LINEAR LINEAR LINEAR LINEAR LINEAR LINEAR LINEAR
LINEAR LINEAR LINEAR LINEAR LINEAR LINEAR LINEAR LINEAR LINEAR LINEAR LINEAR LINEAR
LINEAR LINEAR LINEAR LINEAR LINEAR LINEAR LINEAR LINEAR LINEAR LINEAR LINEAR LINEAR
LINEAR</Name_array>
        <technique_common>
          <accessor source="#mixamorig_LeftHandPinky1-Interpolations-array" count="36">
            <param type="name"/>
          </accessor>
        </technique_common>
      </source>
      <sampler id="mixamorig_LeftHandPinky1-Matrix-animation-transform">
        <input semantic="INPUT" source="#mixamorig_LeftHandPinky1-Matrix-animation-input"/>
        <input semantic="OUTPUT" source="#mixamorig_LeftHandPinky1-Matrix-animation-output-transform"/>
        <input semantic="INTERPOLATION" source="#mixamorig_LeftHandPinky1-Interpolations"/>
      </sampler>
      <channel source="#mixamorig_LeftHandPinky1-Matrix-animation-transform" target="mixamorig_LeftHandPinky1/matrix"/>
    </animation>
    <animation id="mixamorig_LeftHandPinky2-anim" name="mixamorig_LeftHandPinky2">
      <source id="mixamorig_LeftHandPinky2-Matrix-animation-input">
        <float_array id="mixamorig_LeftHandPinky2-Matrix-animation-input-array" count="36">

0.000000 0.033333 0.066667 0.100000 0.133333 0.166667 0.200000 0.233333 0.266667 0.300000 0.333333 0.366667 0.400000 0.433333 0.466667 0.500000
0.533333 0.566667 0.600000 0.633333 0.666667 0.700000 0.733333 0.766667 0.800000 0.833333 0.866667 0.900000 0.933333 0.966667 1.000000 1.033333
1.066667 1.100000 1.133333 1.166667</float_array>
        <technique_common>
          <accessor source="#mixamorig_LeftHandPinky2-Matrix-animation-input-array" count="36">
            <param name="TIME" type="float"/>
          </accessor>
        </technique_common>
      </source>
      <source id="mixamorig_LeftHandPinky2-Matrix-animation-output-transform">
        <float_array id="mixamorig_LeftHandPinky2-Matrix-animation-output-transform-array" count="576">

0.998734 0.048768 -0.012358 0.000000 -0.048768 0.878150 -0.475892 3.600000 -0.012356 0.475892 0.879417 -0.000000 0.000000 0.000000 0.000000 1.000000
0.998668 0.049931 -0.012998 0.000000 -0.049932 0.871835 -0.487248 3.600000 -0.012997 0.487248 0.873167 0.000000 0.000000 0.000000 0.000000 1.000000
0.998597 0.051150 -0.013691 0.000000 -0.051151 0.865008 -0.499144 3.600000 -0.013689 0.499144 0.866411 0.000000 0.000000 0.000000 0.000000 1.000000
0.998518 0.052472 -0.014466 0.000000 -0.052472 0.857356 -0.512042 3.600000 -0.014465 0.512042 0.858839 0.000000 0.000000 0.000000 0.000000 1.000000
0.998432 0.053840 -0.015298 0.000000 -0.053841 0.849156 -0.525391 3.600000 -0.015297 0.525391 0.850723 -0.000000 0.000000 0.000000 0.000000 1.000000
0.998342 0.055245 -0.016183 0.000000 -0.055245 0.840430 -0.539097 3.600000 -0.016181 0.539097 0.842088 0.000000 0.000000 0.000000 0.000000 1.000000
0.998272 0.056297 -0.016867 -0.000000 -0.056297 0.833684 -0.549365 3.600000 -0.016866 0.549365 0.835412 0.000000 0.000000 0.000000 0.000000 1.000000
0.998202 0.057315 -0.017546 0.000000 -0.057315 0.826985 -0.559295 3.600000 -0.017545 0.559295 0.828783 0.000000 0.000000 0.000000 0.000000 1.000000
0.998104 0.058699 -0.018499 -0.000000 -0.058699 0.817589 -0.572803 3.600000 -0.018498 0.572803 0.819484 0.000000 0.000000 0.000000 0.000000 1.000000
0.998108 0.058641 -0.018460 0.000000 -0.058642 0.817984 -0.572244 3.600000 -0.018458 0.572244 0.819875 0.000000 0.000000 0.000000 0.000000 1.000000
0.998283 0.056128 -0.016756 0.000000 -0.056128 0.834780 -0.547716 3.600000 -0.016755 0.547716 0.836497 0.000000 0.000000 0.000000 0.000000 1.000000
0.998540 0.052100 -0.014246 0.000000 -0.052101 0.859535 -0.508415 3.600000 -0.014244 0.508415 0.860994 0.000000 0.000000 0.000000 0.000000 1.000000
0.998795 0.047640 -0.011756 0.000000 -0.047640 0.884088 -0.464885 3.600000 -0.011754 0.464885 0.885293 -0.000000 0.000000 0.000000 0.000000 1.000000
0.998996 0.043720 -0.009800 0.000000 -0.043720 0.903368 -0.426633 3.600000 -0.009799 0.426633 0.904372 0.000000 0.000000 0.000000 0.000000 1.000000
0.999107 0.041350 -0.008718 0.000000 -0.041350 0.914042 -0.403506 3.600000 -0.008717 0.403506 0.914935 0.000000 0.000000 0.000000 0.000000 1.000000
0.999173 0.039851 -0.008070 -0.000000 -0.039851 0.920429 -0.388874 3.600000 -0.008069 0.388874 0.921256 0.000000 0.000000 0.000000 0.000000 1.000000
0.999221 0.038716 -0.007599 0.000000 -0.038717 0.925074 -0.377807 3.600000 -0.007598 0.377807 0.925853 0.000000 0.000000 0.000000 0.000000 1.000000
0.999249 0.038054 -0.007331 0.000000 -0.038055 0.927713 -0.371349 3.600000 -0.007330 0.371349 0.928464 -0.000000 0.000000 0.000000 0.000000 1.000000
0.999269 0.037557 -0.007134 -0.000000 -0.037557 0.929663 -0.366493 3.600000 -0.007132 0.366493 0.930394 0.000000 0.000000 0.000000 0.000000 1.000000
0.999278 0.037335 -0.007046 0.000000 -0.037335 0.930523 -0.364326 3.600000 -0.007046 0.364326 0.931245 0.000000 0.000000 0.000000 0.000000 1.000000
0.999272 0.037474 -0.007101 -0.000000 -0.037474 0.929983 -0.365687 3.600000 -0.007100 0.365687 0.930711 0.000000 0.000000 0.000000 0.000000 1.000000
0.999251 0.037990 -0.007306 0.000000 -0.037991 0.927966 -0.370723 3.600000 -0.007304 0.370723 0.928715 -0.000000 0.000000 0.000000 0.000000 1.000000
0.999238 0.038316 -0.007436 0.000000 -0.038316 0.926679 -0.373896 3.600000 -0.007435 0.373896 0.927441 -0.000000 0.000000 0.000000 0.000000 1.000000
0.999217 0.038817 -0.007640 0.000000 -0.038817 0.924669 -0.378789 3.600000 -0.007639 0.378789 0.925452 0.000000 0.000000 0.000000 0.000000 1.000000
0.999183 0.039628 -0.007977 -0.000000 -0.039628 0.921352 -0.386704 3.600000 -0.007975 0.386704 0.922169 0.000000 0.000000 0.000000 0.000000 1.000000
0.999160 0.040148 -0.008196 0.000000 -0.040148 0.919183 -0.391780 3.600000 -0.008195 0.391780 0.920023 -0.000000 0.000000 0.000000 0.000000 1.000000
0.999127 0.040903 -0.008521 0.000000 -0.040903 0.915977 -0.399140 3.600000 -0.008520 0.399140 0.916850 -0.000000 0.000000 0.000000 0.000000 1.000000
0.999090 0.041726 -0.008884 -0.000000 -0.041726 0.912397 -0.407173 3.600000 -0.008883 0.407173 0.913308 0.000000 0.000000 0.000000 0.000000 1.000000
0.999063 0.042302 -0.009144 0.000000 -0.042303 0.909839 -0.412799 3.600000 -0.009143 0.412799 0.910776 0.000000 0.000000 0.000000 0.000000 1.000000
0.999027 0.043069 -0.009496 0.000000 -0.043069 0.906372 -0.420279 3.600000 -0.009494 0.420279 0.907345 -0.000000 0.000000 0.000000 0.000000 1.000000
0.998958 0.044484 -0.010165 0.000000 -0.044484 0.899770 -0.434091 3.600000 -0.010164 0.434091 0.900812 0.000000 0.000000 0.000000 0.000000 1.000000
0.998878 0.046068 -0.010946 0.000000 -0.046068 0.892068 -0.449546 3.600000 -0.010945 0.449546 0.893190 0.000000 0.000000 0.000000 0.000000 1.000000
0.998832 0.046951 -0.011397 0.000000 -0.046951 0.887626 -0.458165 3.600000 -0.011395 0.458165 0.888794 -0.000000 0.000000 0.000000 0.000000 1.000000
0.998795 0.047642 -0.011757 -0.000000 -0.047642 0.884077 -0.464906 3.600000 -0.011755 0.464906 0.885282 0.000000 0.000000 0.000000 0.000000 1.000000
0.998757 0.048345 -0.012130 0.000000 -0.048346 0.880393 -0.471774 3.600000 -0.012129 0.471775 0.881636 -0.000000 0.000000 0.000000 0.000000 1.000000
0.998734 0.048767 -0.012357 0.000000 -0.048768 0.878154 -0.475886 3.600000 -0.012356 0.475886 0.879420 -0.000000 0.000000 0.000000 0.000000 1.000000</float_array>
        <technique_common>
          <accessor source="#mixamorig_LeftHandPinky2-Matrix-animation-output-transform-array" count="36" stride="16">
            <param type="float4x4"/>
          </accessor>
        </technique_common>
      </source>
      <source id="mixamorig_LeftHandPinky2-Interpolations">
        <Name_array id="mixamorig_LeftHandPinky2-Interpolations-array" count="36">
 LINEAR LINEAR LINEAR LINEAR LINEAR LINEAR LINEAR LINEAR LINEAR LINEAR LINEAR
LINEAR LINEAR LINEAR LINEAR LINEAR LINEAR LINEAR LINEAR LINEAR LINEAR LINEAR LINEAR
LINEAR LINEAR LINEAR LINEAR LINEAR LINEAR LINEAR LINEAR LINEAR LINEAR LINEAR LINEAR
LINEAR</Name_array>
        <technique_common>
          <accessor source="#mixamorig_LeftHandPinky2-Interpolations-array" count="36">
            <param type="name"/>
          </accessor>
        </technique_common>
      </source>
      <sampler id="mixamorig_LeftHandPinky2-Matrix-animation-transform">
        <input semantic="INPUT" source="#mixamorig_LeftHandPinky2-Matrix-animation-input"/>
        <input semantic="OUTPUT" source="#mixamorig_LeftHandPinky2-Matrix-animation-output-transform"/>
        <input semantic="INTERPOLATION" source="#mixamorig_LeftHandPinky2-Interpolations"/>
      </sampler>
      <channel source="#mixamorig_LeftHandPinky2-Matrix-animation-transform" target="mixamorig_LeftHandPinky2/matrix"/>
    </animation>
    <animation id="mixamorig_LeftHandPinky3-anim" name="mixamorig_LeftHandPinky3">
      <source id="mixamorig_LeftHandPinky3-Matrix-animation-input">
        <float_array id="mixamorig_LeftHandPinky3-Matrix-animation-input-array" count="36">

0.000000 0.033333 0.066667 0.100000 0.133333 0.166667 0.200000 0.233333 0.266667 0.300000 0.333333 0.366667 0.400000 0.433333 0.466667 0.500000
0.533333 0.566667 0.600000 0.633333 0.666667 0.700000 0.733333 0.766667 0.800000 0.833333 0.866667 0.900000 0.933333 0.966667 1.000000 1.033333
1.066667 1.100000 1.133333 1.166667</float_array>
        <technique_common>
          <accessor source="#mixamorig_LeftHandPinky3-Matrix-animation-input-array" count="36">
            <param name="TIME" type="float"/>
          </accessor>
        </technique_common>
      </source>
      <source id="mixamorig_LeftHandPinky3-Matrix-animation-output-transform">
        <float_array id="mixamorig_LeftHandPinky3-Matrix-animation-output-transform-array" count="576">

0.999383 0.034613 -0.006025 0.000000 -0.034614 0.940592 -0.337770 2.100000 -0.006024 0.337770 0.941209 -0.000000 0.000000 0.000000 0.000000 1.000000
0.999322 0.036228 -0.006621 -0.000000 -0.036229 0.934722 -0.353528 2.100000 -0.006619 0.353528 0.935401 0.000000 0.000000 0.000000 0.000000 1.000000
0.999258 0.037831 -0.007242 0.000000 -0.037832 0.928591 -0.369171 2.100000 -0.007241 0.369171 0.929333 0.000000 0.000000 0.000000 0.000000 1.000000
0.999201 0.039209 -0.007801 0.000000 -0.039209 0.923077 -0.382612 2.100000 -0.007800 0.382612 0.923876 0.000000 0.000000 0.000000 0.000000 1.000000
0.999145 0.040496 -0.008346 -0.000000 -0.040497 0.917712 -0.395178 2.100000 -0.008344 0.395178 0.918567 -0.000000 0.000000 0.000000 0.000000 1.000000
0.999089 0.041738 -0.008890 0.000000 -0.041738 0.912343 -0.407293 2.100000 -0.008889 0.407293 0.913254 0.000000 0.000000 0.000000 0.000000 1.000000
0.999034 0.042916 -0.009425 -0.000000 -0.042916 0.907071 -0.418785 2.100000 -0.009424 0.418785 0.908036 -0.000000 0.000000 0.000000 0.000000 1.000000
0.998974 0.044170 -0.010014 0.000000 -0.044171 0.901256 -0.431030 2.100000 -0.010013 0.431030 0.902282 -0.000000 0.000000 0.000000 0.000000 1.000000
0.998907 0.045509 -0.010667 0.000000 -0.045509 0.894825 -0.444091 2.100000 -0.010665 0.444091 0.895918 0.000000 0.000000 0.000000 0.000000 1.000000
0.998911 0.045426 -0.010626 0.000000 -0.045427 0.895228 -0.443286 2.100000 -0.010625 0.443286 0.896317 0.000000 0.000000 0.000000 0.000000 1.000000
0.999029 0.043030 -0.009478 0.000000 -0.043030 0.906551 -0.419898 2.100000 -0.009476 0.419898 0.907522 -0.000000 0.000000 0.000000 0.000000 1.000000
0.999213 0.038906 -0.007677 -0.000000 -0.038906 0.924307 -0.379660 2.100000 -0.007675 0.379660 0.925094 -0.000000 0.000000 0.000000 0.000000 1.000000
0.999387 0.034487 -0.005980 0.000000 -0.034487 0.941040 -0.336533 2.100000 -0.005979 0.336533 0.941653 -0.000000 0.000000 0.000000 0.000000 1.000000
0.999522 0.030554 -0.004663 0.000000 -0.030554 0.954028 -0.298155 2.100000 -0.004662 0.298155 0.954506 0.000000 0.000000 0.000000 0.000000 1.000000
0.999608 0.027723 -0.003822 -0.000000 -0.027723 0.962313 -0.270528 2.100000 -0.003822 0.270528 0.962705 0.000000 0.000000 0.000000 0.000000 1.000000
0.999651 0.026205 -0.003408 0.000000 -0.026205 0.966396 -0.255718 2.100000 -0.003408 0.255718 0.966745 0.000000 0.000000 0.000000 0.000000 1.000000
0.999680 0.025109 -0.003124 -0.000000 -0.025109 0.969193 -0.245021 2.100000 -0.003124 0.245021 0.969513 0.000000 0.000000 0.000000 0.000000 1.000000
0.999700 0.024323 -0.002929 0.000000 -0.024323 0.971119 -0.237354 2.100000 -0.002929 0.237354 0.971419 -0.000000 0.000000 0.000000 0.000000 1.000000
0.999714 0.023743 -0.002789 -0.000000 -0.023743 0.972498 -0.231696 2.100000 -0.002789 0.231696 0.972784 0.000000 0.000000 0.000000 0.000000 1.000000
0.999721 0.023481 -0.002728 0.000000 -0.023481 0.973111 -0.229136 2.100000 -0.002726 0.229136 0.973391 0.000000 0.000000 0.000000 0.000000 1.000000
0.999719 0.023543 -0.002742 0.000000 -0.023543 0.972967 -0.229742 2.100000 -0.002741 0.229742 0.973248 0.000000 0.000000 0.000000 0.000000 1.000000
0.999711 0.023860 -0.002817 0.000000 -0.023860 0.972223 -0.232836 2.100000 -0.002817 0.232836 0.972512 -0.000000 0.000000 0.000000 0.000000 1.000000
0.999700 0.024337 -0.002933 -0.000000 -0.024337 0.971085 -0.237489 2.100000 -0.002932 0.237489 0.971386 0.000000 0.000000 0.000000 0.000000 1.000000
0.999684 0.024947 -0.003084 0.000000 -0.024947 0.969594 -0.243444 2.100000 -0.003083 0.243444 0.969910 0.000000 0.000000 0.000000 0.000000 1.000000
0.999664 0.025722 -0.003282 0.000000 -0.025722 0.967644 -0.251006 2.100000 -0.003281 0.251006 0.967980 0.000000 0.000000 0.000000 0.000000 1.000000
0.999645 0.026435 -0.003469 -0.000000 -0.026435 0.965793 -0.257964 2.100000 -0.003469 0.257964 0.966148 0.000000 0.000000 0.000000 0.000000 1.000000
0.999622 0.027227 -0.003684 0.000000 -0.027227 0.963674 -0.265690 2.100000 -0.003683 0.265690 0.964051 0.000000 0.000000 0.000000 0.000000 1.000000
0.999586 0.028475 -0.004037 0.000000 -0.028475 0.960197 -0.277867 2.100000 -0.004036 0.277867 0.960611 0.000000 0.000000 0.000000 0.000000 1.000000
0.999548 0.029742 -0.004412 0.000000 -0.029742 0.956494 -0.290231 2.100000 -0.004411 0.290231 0.956947 -0.000000 0.000000 0.000000 0.000000 1.000000
0.999517 0.030732 -0.004718 -0.000000 -0.030732 0.953478 -0.299892 2.100000 -0.004717 0.299892 0.953962 0.000000 0.000000 0.000000 0.000000 1.000000
0.999497 0.031344 -0.004913 0.000000 -0.031344 0.951560 -0.305861 2.100000 -0.004912 0.305861 0.952064 0.000000 0.000000 0.000000 0.000000 1.000000
0.999477 0.031922 -0.005101 0.000000 -0.031922 0.949707 -0.311509 2.100000 -0.005100 0.311509 0.950230 -0.000000 0.000000 0.000000 0.000000 1.000000
0.999450 0.032734 -0.005371 0.000000 -0.032735 0.947043 -0.319434 2.100000 -0.005370 0.319434 0.947593 -0.000000 0.000000 0.000000 0.000000 1.000000
0.999423 0.033503 -0.005634 -0.000000 -0.033503 0.944454 -0.326931 2.100000 -0.005632 0.326931 0.945032 0.000000 0.000000 0.000000 0.000000 1.000000
0.999399 0.034167 -0.005866 0.000000 -0.034167 0.942164 -0.333407 2.100000 -0.005865 0.333407 0.942765 0.000000 0.000000 0.000000 0.000000 1.000000
0.999383 0.034614 -0.006025 0.000000 -0.034614 0.940592 -0.337770 2.100000 -0.006024 0.337770 0.941209 0.000000 0.000000 0.000000 0.000000 1.000000</float_array>
        <technique_common>
          <accessor source="#mixamorig_LeftHandPinky3-Matrix-animation-output-transform-array" count="36" stride="16">
            <param type="float4x4"/>
          </accessor>
        </technique_common>
      </source>
      <source id="mixamorig_LeftHandPinky3-Interpolations">
        <Name_array id="mixamorig_LeftHandPinky3-Interpolations-array" count="36">
 LINEAR LINEAR LINEAR LINEAR LINEAR LINEAR LINEAR LINEAR LINEAR LINEAR LINEAR
LINEAR LINEAR LINEAR LINEAR LINEAR LINEAR LINEAR LINEAR LINEAR LINEAR LINEAR LINEAR
LINEAR LINEAR LINEAR LINEAR LINEAR LINEAR LINEAR LINEAR LINEAR LINEAR LINEAR LINEAR
LINEAR</Name_array>
        <technique_common>
          <accessor source="#mixamorig_LeftHandPinky3-Interpolations-array" count="36">
            <param type="name"/>
          </accessor>
        </technique_common>
      </source>
      <sampler id="mixamorig_LeftHandPinky3-Matrix-animation-transform">
        <input semantic="INPUT" source="#mixamorig_LeftHandPinky3-Matrix-animation-input"/>
        <input semantic="OUTPUT" source="#mixamorig_LeftHandPinky3-Matrix-animation-output-transform"/>
        <input semantic="INTERPOLATION" source="#mixamorig_LeftHandPinky3-Interpolations"/>
      </sampler>
      <channel source="#mixamorig_LeftHandPinky3-Matrix-animation-transform" target="mixamorig_LeftHandPinky3/matrix"/>
    </animation>
    <animation id="mixamorig_RightUpLeg-anim" name="mixamorig_RightUpLeg">
      <source id="mixamorig_RightUpLeg-Matrix-animation-input">
        <float_array id="mixamorig_RightUpLeg-Matrix-animation-input-array" count="36">

0.000000 0.033333 0.066667 0.100000 0.133333 0.166667 0.200000 0.233333 0.266667 0.300000 0.333333 0.366667 0.400000 0.433333 0.466667 0.500000
0.533333 0.566667 0.600000 0.633333 0.666667 0.700000 0.733333 0.766667 0.800000 0.833333 0.866667 0.900000 0.933333 0.966667 1.000000 1.033333
1.066667 1.100000 1.133333 1.166667</float_array>
        <technique_common>
          <accessor source="#mixamorig_RightUpLeg-Matrix-animation-input-array" count="36">
            <param name="TIME" type="float"/>
          </accessor>
        </technique_common>
      </source>
      <source id="mixamorig_RightUpLeg-Matrix-animation-output-transform">
        <float_array id="mixamorig_RightUpLeg-Matrix-animation-output-transform-array" count="576">

-0.984671 0.022359 -0.172982 -8.207800 -0.035194 -0.996820 0.071489 -6.771800 -0.170833 0.076481 0.982327 -1.512200 0.000000 0.000000 0.000000 1.000000
-0.984139 0.009510 -0.177142 -8.207800 -0.014531 -0.999528 0.027066 -6.771800 -0.176801 0.029211 0.983813 -1.512200 0.000000 0.000000 0.000000 1.000000
-0.983214 -0.002793 -0.182433 -8.207800 0.005042 -0.999917 -0.011867 -6.771800 -0.182384 -0.012587 0.983147 -1.512200 0.000000 0.000000 0.000000 1.000000
-0.981518 -0.008584 -0.191178 -8.207800 0.023241 -0.996946 -0.074560 -6.771800 -0.189954 -0.077625 0.978720 -1.512200 0.000000 0.000000 0.000000 1.000000
-0.978710 -0.024686 -0.203757 -8.207800 0.042237 -0.995717 -0.082244 -6.771800 -0.200854 -0.089099 0.975561 -1.512200 0.000000 0.000000 0.000000 1.000000
-0.974935 -0.035694 -0.219608 -8.207800 0.066364 -0.988769 -0.133907 -6.771800 -0.212362 -0.145124 0.966355 -1.512200 0.000000 0.000000 0.000000 1.000000
-0.970792 -0.056221 -0.233242 -8.207800 0.099680 -0.978795 -0.178956 -6.771800 -0.218235 -0.196978 0.955810 -1.512200 0.000000 0.000000 0.000000 1.000000
-0.966787 -0.084792 -0.241107 -8.207800 0.135705 -0.969703 -0.203125 -6.771800 -0.216579 -0.229098 0.949004 -1.512200 0.000000 0.000000 0.000000 1.000000
-0.961847 -0.111340 -0.249906 -8.207800 0.172217 -0.956164 -0.236839 -6.771800 -0.212581 -0.270841 0.938858 -1.512200 0.000000 0.000000 0.000000 1.000000
-0.958772 -0.120726 -0.257259 -8.207800 0.200834 -0.928330 -0.312839 -6.771800 -0.201054 -0.351607 0.914303 -1.512200 0.000000 0.000000 0.000000 1.000000
-0.962531 -0.137130 -0.233942 -8.207800 0.203704 -0.935098 -0.289994 -6.771800 -0.178992 -0.326784 0.927995 -1.512200 0.000000 0.000000 0.000000 1.000000
-0.970304 -0.135202 -0.200574 -8.207800 0.180601 -0.956553 -0.228889 -6.771800 -0.160913 -0.258316 0.952565 -1.512200 0.000000 0.000000 0.000000 1.000000
-0.976914 -0.134016 -0.166368 -8.207800 0.153033 -0.982383 -0.107262 -6.771800 -0.149062 -0.130245 0.980213 -1.512200 0.000000 0.000000 0.000000 1.000000
-0.982807 -0.122025 -0.138565 -8.207800 0.121406 -0.992519 0.012945 -6.771800 -0.139107 -0.004100 0.990269 -1.512200 0.000000 0.000000 0.000000 1.000000
-0.987418 -0.105200 -0.118063 -8.207800 0.090637 -0.988309 0.122595 -6.771800 -0.129580 0.110352 0.985409 -1.512200 0.000000 0.000000 0.000000 1.000000
-0.989974 -0.096102 -0.103517 -8.207800 0.070803 -0.971772 0.225045 -6.771800 -0.122223 0.215459 0.968834 -1.512200 0.000000 0.000000 0.000000 1.000000
-0.991410 -0.092291 -0.092679 -8.207800 0.058266 -0.946033 0.318789 -6.771800 -0.117099 0.310650 0.943284 -1.512200 0.000000 0.000000 0.000000 1.000000
-0.991692 -0.092557 -0.089335 -8.207800 0.050062 -0.917413 0.394775 -6.771800 -0.118496 0.387023 0.914425 -1.512200 0.000000 0.000000 0.000000 1.000000
-0.990740 -0.100709 -0.091066 -8.207800 0.048821 -0.890077 0.453188 -6.771800 -0.126695 0.444546 0.886751 -1.512200 0.000000 0.000000 0.000000 1.000000
-0.988453 -0.116158 -0.097302 -8.207800 0.053688 -0.868962 0.491958 -6.771800 -0.141697 0.481054 0.865164 -1.512200 0.000000 0.000000 0.000000 1.000000
-0.986108 -0.131653 -0.101283 -8.207800 0.060780 -0.853458 0.517606 -6.771800 -0.154585 0.504259 0.849603 -1.512200 0.000000 0.000000 0.000000 1.000000
-0.984945 -0.143279 -0.096718 -8.207800 0.069008 -0.838864 0.539948 -6.771800 -0.158496 0.525145 0.836123 -1.512200 0.000000 0.000000 0.000000 1.000000
-0.983917 -0.156115 -0.086801 -8.207800 0.073234 -0.795788 0.601131 -6.771800 -0.162921 0.585106 0.794423 -1.512200 0.000000 0.000000 0.000000 1.000000
-0.986028 -0.149670 -0.073126 -8.207800 0.069743 -0.769584 0.634725 -6.771800 -0.151276 0.620757 0.769270 -1.512200 0.000000 0.000000 0.000000 1.000000
-0.988402 -0.135400 -0.068759 -8.207800 0.060248 -0.765262 0.640893 -6.771800 -0.139396 0.629318 0.764544 -1.512200 0.000000 0.000000 0.000000 1.000000
-0.989370 -0.113796 -0.090540 -8.207800 0.035450 -0.792560 0.608763 -6.771800 -0.141033 0.599082 0.788169 -1.512200 0.000000 0.000000 0.000000 1.000000
-0.992784 -0.077430 -0.091569 -8.207800 0.010873 -0.818574 0.574299 -6.771800 -0.119424 0.569159 0.813508 -1.512200 0.000000 0.000000 0.000000 1.000000
-0.994273 -0.051321 -0.093739 -8.207800 -0.006262 -0.847661 0.530501 -6.771800 -0.106685 0.528050 0.842485 -1.512200 0.000000 0.000000 0.000000 1.000000
-0.992133 -0.040093 -0.118595 -8.207800 -0.025537 -0.862595 0.505251 -6.771800 -0.122556 0.504305 0.854785 -1.512200 0.000000 0.000000 0.000000 1.000000
-0.991777 -0.011845 -0.127427 -8.207800 -0.049722 -0.881816 0.468964 -6.771800 -0.117922 0.471444 0.873976 -1.512200 0.000000 0.000000 0.000000 1.000000
-0.991994 0.016973 -0.125143 -8.207800 -0.068166 -0.906139 0.417450 -6.771800 -0.106312 0.422638 0.900041 -1.512200 0.000000 0.000000 0.000000 1.000000
-0.990574 0.023866 -0.134887 -8.207800 -0.071164 -0.931054 0.357874 -6.771800 -0.117046 0.364100 0.923976 -1.512200 0.000000 0.000000 0.000000 1.000000
-0.988997 0.024655 -0.145867 -8.207800 -0.065765 -0.956502 0.284217 -6.771800 -0.132515 0.290683 0.947599 -1.512200 0.000000 0.000000 0.000000 1.000000
-0.987171 0.025621 -0.157598 -8.207800 -0.058508 -0.976432 0.207742 -6.771800 -0.148561 0.214297 0.965405 -1.512200 0.000000 0.000000 0.000000 1.000000
-0.985466 0.027404 -0.167645 -8.207800 -0.049615 -0.990301 0.129778 -6.771800 -0.162463 0.136210 0.977268 -1.512200 0.000000 0.000000 0.000000 1.000000
-0.984671 0.022359 -0.172981 -8.207800 -0.035194 -0.996820 0.071490 -6.771800 -0.170833 0.076482 0.982327 -1.512200 0.000000 0.000000 0.000000 1.000000</float_array>
        <technique_common>
          <accessor source="#mixamorig_RightUpLeg-Matrix-animation-output-transform-array" count="36" stride="16">
            <param type="float4x4"/>
          </accessor>
        </technique_common>
      </source>
      <source id="mixamorig_RightUpLeg-Interpolations">
        <Name_array id="mixamorig_RightUpLeg-Interpolations-array" count="36">
 LINEAR LINEAR LINEAR LINEAR LINEAR LINEAR LINEAR LINEAR LINEAR LINEAR LINEAR
LINEAR LINEAR LINEAR LINEAR LINEAR LINEAR LINEAR LINEAR LINEAR LINEAR LINEAR LINEAR
LINEAR LINEAR LINEAR LINEAR LINEAR LINEAR LINEAR LINEAR LINEAR LINEAR LINEAR LINEAR
LINEAR</Name_array>
        <technique_common>
          <accessor source="#mixamorig_RightUpLeg-Interpolations-array" count="36">
            <param type="name"/>
          </accessor>
        </technique_common>
      </source>
      <sampler id="mixamorig_RightUpLeg-Matrix-animation-transform">
        <input semantic="INPUT" source="#mixamorig_RightUpLeg-Matrix-animation-input"/>
        <input semantic="OUTPUT" source="#mixamorig_RightUpLeg-Matrix-animation-output-transform"/>
        <input semantic="INTERPOLATION" source="#mixamorig_RightUpLeg-Interpolations"/>
      </sampler>
      <channel source="#mixamorig_RightUpLeg-Matrix-animation-transform" target="mixamorig_RightUpLeg/matrix"/>
    </animation>
    <animation id="mixamorig_RightLeg-anim" name="mixamorig_RightLeg">
      <source id="mixamorig_RightLeg-Matrix-animation-input">
        <float_array id="mixamorig_RightLeg-Matrix-animation-input-array" count="36">

0.000000 0.033333 0.066667 0.100000 0.133333 0.166667 0.200000 0.233333 0.266667 0.300000 0.333333 0.366667 0.400000 0.433333 0.466667 0.500000
0.533333 0.566667 0.600000 0.633333 0.666667 0.700000 0.733333 0.766667 0.800000 0.833333 0.866667 0.900000 0.933333 0.966667 1.000000 1.033333
1.066667 1.100000 1.133333 1.166667</float_array>
        <technique_common>
          <accessor source="#mixamorig_RightLeg-Matrix-animation-input-array" count="36">
            <param name="TIME" type="float"/>
          </accessor>
        </technique_common>
      </source>
      <source id="mixamorig_RightLeg-Matrix-animation-output-transform">
        <float_array id="mixamorig_RightLeg-Matrix-animation-output-transform-array" count="576">

0.998655 -0.037261 0.036051 -0.000000 0.022997 0.941547 0.336095 44.371498 -0.046467 -0.334813 0.941138 0.000000 0.000000 0.000000 0.000000 1.000000
0.999352 -0.033477 0.013207 0.000000 0.027439 0.946251 0.322266 44.371498 -0.023286 -0.321695 0.946557 0.000000 0.000000 0.000000 0.000000 1.000000
0.999489 -0.031077 -0.007473 0.000000 0.031827 0.946116 0.322260 44.371498 -0.002945 -0.322333 0.946622 0.000000 0.000000 0.000000 0.000000 1.000000
0.999122 -0.034093 -0.024329 0.000000 0.039781 0.954177 0.296586 44.371498 0.013103 -0.297294 0.954696 -0.000000 0.000000 0.000000 0.000000 1.000000
0.998023 -0.043168 -0.045678 0.000000 0.057546 0.919851 0.388025 44.371498 0.025267 -0.389886 0.920516 0.000000 0.000000 0.000000 0.000000 1.000000
0.995810 -0.052209 -0.075082 0.000000 0.077643 0.916465 0.392509 44.371498 0.048318 -0.396694 0.916679 0.000000 0.000000 0.000000 0.000000 1.000000
0.992577 -0.053981 -0.108981 0.000000 0.093077 0.913943 0.395025 44.371498 0.078279 -0.402236 0.912183 0.000000 0.000000 0.000000 0.000000 1.000000
0.989974 -0.044169 -0.134165 0.000000 0.096347 0.905737 0.412743 44.371498 0.103288 -0.421532 0.900912 -0.000000 0.000000 0.000000 0.000000 1.000000
0.991272 -0.016759 -0.130760 0.000000 0.068998 0.911136 0.406289 44.371498 0.112331 -0.411766 0.904340 0.000000 0.000000 0.000000 0.000000 1.000000
0.989371 0.020530 -0.143960 0.000000 0.027545 0.945601 0.324160 44.371498 0.142784 -0.324680 0.934984 0.000000 0.000000 0.000000 0.000000 1.000000
0.993246 0.057043 -0.101038 -0.000000 -0.007719 0.901364 0.432994 44.371498 0.115771 -0.429289 0.895716 0.000000 0.000000 0.000000 0.000000 1.000000
0.996916 0.076998 -0.015166 0.000000 -0.053947 0.812733 0.580133 44.371498 0.056995 -0.577526 0.814380 0.000000 0.000000 0.000000 0.000000 1.000000
0.995064 0.076175 0.063607 0.000000 -0.098183 0.662393 0.742695 44.371498 0.014442 -0.745274 0.666602 -0.000000 0.000000 0.000000 0.000000 1.000000
0.993068 0.064633 0.098179 -0.000000 -0.117541 0.540161 0.833313 44.371498 0.000828 -0.839076 0.544014 0.000000 0.000000 0.000000 0.000000 1.000000
0.993436 0.049754 0.103001 0.000000 -0.114217 0.480684 0.869424 44.371498 -0.006254 -0.875481 0.483211 0.000000 0.000000 0.000000 0.000000 1.000000
0.993771 0.038120 0.104718 0.000000 -0.110242 0.473707 0.873755 44.371498 -0.016298 -0.879857 0.474959 0.000000 0.000000 0.000000 0.000000 1.000000
0.992614 0.032314 0.116933 0.000000 -0.116857 0.513587 0.850043 44.371498 -0.032587 -0.857429 0.513570 0.000000 0.000000 0.000000 0.000000 1.000000
0.988665 0.030295 0.147051 0.000000 -0.136703 0.586625 0.798238 44.371498 -0.062081 -0.809292 0.584117 0.000000 0.000000 0.000000 0.000000 1.000000
0.984135 0.029672 0.174923 -0.000000 -0.147987 0.681129 0.717051 44.371498 -0.097869 -0.731562 0.674714 0.000000 0.000000 0.000000 0.000000 1.000000
0.984294 0.024386 0.174846 0.000000 -0.125327 0.794062 0.594777 44.371498 -0.124334 -0.607348 0.784646 0.000000 0.000000 0.000000 0.000000 1.000000
0.984352 0.019141 0.175171 -0.000000 -0.093713 0.898712 0.428408 44.371498 -0.149229 -0.438121 0.886443 0.000000 0.000000 0.000000 0.000000 1.000000
0.984108 0.021948 0.176212 -0.000000 -0.077921 0.945065 0.317461 44.371498 -0.159564 -0.326146 0.931755 0.000000 0.000000 0.000000 0.000000 1.000000
0.984022 0.021013 0.176801 0.000000 -0.061823 0.971551 0.228620 44.371498 -0.166967 -0.235898 0.957327 0.000000 0.000000 0.000000 0.000000 1.000000
0.983590 0.029432 0.178002 0.000000 -0.071595 0.969270 0.235349 44.371498 -0.165605 -0.244231 0.955472 0.000000 0.000000 0.000000 0.000000 1.000000
0.983682 0.030929 0.177235 0.000000 -0.076089 0.964195 0.254045 44.371498 -0.163032 -0.263385 0.950815 0.000000 0.000000 0.000000 0.000000 1.000000
0.986225 0.004322 0.165352 0.000000 -0.050166 0.960390 0.274107 44.371498 -0.157617 -0.278626 0.947378 0.000000 0.000000 0.000000 0.000000 1.000000
0.986969 0.011759 0.160477 0.000000 -0.063100 0.945727 0.318776 44.371498 -0.148019 -0.324748 0.934146 0.000000 0.000000 0.000000 0.000000 1.000000
0.984290 0.021355 0.175261 0.000000 -0.080974 0.936706 0.340625 44.371498 -0.156894 -0.349465 0.923720 0.000000 0.000000 0.000000 0.000000 1.000000
0.984871 -0.004058 0.173240 -0.000000 -0.068481 0.909235 0.410612 44.371498 -0.159182 -0.416263 0.895202 0.000000 0.000000 0.000000 0.000000 1.000000
0.984993 -0.014835 0.171954 0.000000 -0.068219 0.881706 0.466842 44.371498 -0.158539 -0.471566 0.867462 0.000000 0.000000 0.000000 0.000000 1.000000
0.985903 -0.011443 0.166926 -0.000000 -0.072966 0.868390 0.490485 44.371498 -0.150570 -0.495751 0.855313 0.000000 0.000000 0.000000 0.000000 1.000000
0.989492 -0.017084 0.143573 -0.000000 -0.056564 0.868116 0.493129 44.371498 -0.133062 -0.496068 0.858027 0.000000 0.000000 0.000000 0.000000 1.000000
0.992795 -0.023569 0.117487 0.000000 -0.034680 0.881987 0.469995 44.371498 -0.114700 -0.470683 0.874815 0.000000 0.000000 0.000000 0.000000 1.000000
0.995408 -0.031034 0.090556 -0.000000 -0.010727 0.903873 0.427666 44.371498 -0.095123 -0.426674 0.899389 0.000000 0.000000 0.000000 0.000000 1.000000
0.997431 -0.036492 0.061636 -0.000000 0.011147 0.929088 0.369690 44.371498 -0.070756 -0.368053 0.927109 0.000000 0.000000 0.000000 0.000000 1.000000
0.998655 -0.037261 0.036051 -0.000000 0.022997 0.941546 0.336097 44.371498 -0.046467 -0.334816 0.941137 0.000000 0.000000 0.000000 0.000000 1.000000</float_array>
        <technique_common>
          <accessor source="#mixamorig_RightLeg-Matrix-animation-output-transform-array" count="36" stride="16">
            <param type="float4x4"/>
          </accessor>
        </technique_common>
      </source>
      <source id="mixamorig_RightLeg-Interpolations">
        <Name_array id="mixamorig_RightLeg-Interpolations-array" count="36">
 LINEAR LINEAR LINEAR LINEAR LINEAR LINEAR LINEAR LINEAR LINEAR LINEAR LINEAR
LINEAR LINEAR LINEAR LINEAR LINEAR LINEAR LINEAR LINEAR LINEAR LINEAR LINEAR LINEAR
LINEAR LINEAR LINEAR LINEAR LINEAR LINEAR LINEAR LINEAR LINEAR LINEAR LINEAR LINEAR
LINEAR</Name_array>
        <technique_common>
          <accessor source="#mixamorig_RightLeg-Interpolations-array" count="36">
            <param type="name"/>
          </accessor>
        </technique_common>
      </source>
      <sampler id="mixamorig_RightLeg-Matrix-animation-transform">
        <input semantic="INPUT" source="#mixamorig_RightLeg-Matrix-animation-input"/>
        <input semantic="OUTPUT" source="#mixamorig_RightLeg-Matrix-animation-output-transform"/>
        <input semantic="INTERPOLATION" source="#mixamorig_RightLeg-Interpolations"/>
      </sampler>
      <channel source="#mixamorig_RightLeg-Matrix-animation-transform" target="mixamorig_RightLeg/matrix"/>
    </animation>
    <animation id="mixamorig_RightFoot-anim" name="mixamorig_RightFoot">
      <source id="mixamorig_RightFoot-Matrix-animation-input">
        <float_array id="mixamorig_RightFoot-Matrix-animation-input-array" count="36">

0.000000 0.033333 0.066667 0.100000 0.133333 0.166667 0.200000 0.233333 0.266667 0.300000 0.333333 0.366667 0.400000 0.433333 0.466667 0.500000
0.533333 0.566667 0.600000 0.633333 0.666667 0.700000 0.733333 0.766667 0.800000 0.833333 0.866667 0.900000 0.933333 0.966667 1.000000 1.033333
1.066667 1.100000 1.133333 1.166667</float_array>
        <technique_common>
          <accessor source="#mixamorig_RightFoot-Matrix-animation-input-array" count="36">
            <param name="TIME" type="float"/>
          </accessor>
        </technique_common>
      </source>
      <source id="mixamorig_RightFoot-Matrix-animation-output-transform">
        <float_array id="mixamorig_RightFoot-Matrix-animation-output-transform-array" count="576">

0.997807 0.039529 -0.053095 0.000000 -0.065089 0.439911 -0.895679 44.527802 -0.012048 0.897171 0.441519 0.000000 0.000000 0.000000 0.000000 1.000000
0.996613 0.047618 -0.067046 -0.000000 -0.080540 0.400499 -0.912751 44.527802 -0.016612 0.915059 0.402978 -0.000000 0.000000 0.000000 0.000000 1.000000
0.994237 0.059947 -0.088874 -0.000000 -0.104470 0.355868 -0.928679 44.527802 -0.024044 0.932612 0.360080 -0.000000 0.000000 0.000000 0.000000 1.000000
0.993690 0.062132 -0.093378 -0.000000 -0.108641 0.326302 -0.939002 44.527802 -0.027873 0.943222 0.330993 0.000000 0.000000 0.000000 0.000000 1.000000
0.994175 0.058946 -0.090231 0.000000 -0.101953 0.242833 -0.964696 44.527802 -0.034954 0.968276 0.247428 -0.000000 0.000000 0.000000 0.000000 1.000000
0.995244 0.055316 -0.080187 0.000000 -0.091326 0.243332 -0.965634 44.527802 -0.033903 0.968364 0.247227 -0.000000 0.000000 0.000000 0.000000 1.000000
0.997715 0.041899 -0.052997 -0.000000 -0.063509 0.314136 -0.947251 44.527802 -0.023041 0.948453 0.316079 0.000000 0.000000 0.000000 0.000000 1.000000
0.999747 0.016817 -0.014910 0.000000 -0.020714 0.432045 -0.901614 44.527802 -0.008721 0.901695 0.432285 0.000000 0.000000 0.000000 0.000000 1.000000
0.999559 -0.028900 0.006881 -0.000000 0.022817 0.598538 -0.800770 44.527802 0.019024 0.800573 0.598933 0.000000 0.000000 0.000000 0.000000 1.000000
0.998370 -0.051352 0.024916 0.000000 0.055542 0.773491 -0.631369 44.527802 0.013150 0.631723 0.775082 0.000000 0.000000 0.000000 0.000000 1.000000
0.997232 -0.064324 0.037289 -0.000000 0.074326 0.849508 -0.522314 44.527802 0.001920 0.523640 0.851937 0.000000 0.000000 0.000000 0.000000 1.000000
0.997175 -0.067962 0.031999 -0.000000 0.075101 0.892943 -0.443862 44.527802 0.001593 0.445011 0.895524 0.000000 0.000000 0.000000 0.000000 1.000000
0.998292 -0.051824 0.026956 0.000000 0.058206 0.843505 -0.533958 44.527802 0.004934 0.534615 0.845081 0.000000 0.000000 0.000000 0.000000 1.000000
0.999114 -0.035665 0.022360 0.000000 0.041611 0.756509 -0.652659 44.527802 0.006362 0.653010 0.757322 -0.000000 0.000000 0.000000 0.000000 1.000000
0.999213 -0.031307 0.024367 0.000000 0.039256 0.691558 -0.721254 44.527802 0.005729 0.721643 0.692242 -0.000000 0.000000 0.000000 0.000000 1.000000
0.999398 -0.025709 0.023302 0.000000 0.034323 0.634058 -0.772523 44.527802 0.005086 0.772858 0.634559 0.000000 0.000000 0.000000 0.000000 1.000000
0.998961 -0.031176 0.033247 0.000000 0.045303 0.599184 -0.799329 44.527802 0.004999 0.800004 0.599973 -0.000000 0.000000 0.000000 0.000000 1.000000
0.998126 -0.039879 0.046404 0.000000 0.060927 0.578119 -0.813674 44.527802 0.005622 0.814977 0.579466 -0.000000 0.000000 0.000000 0.000000 1.000000
0.997029 -0.043556 0.063535 0.000000 0.077031 0.562036 -0.823518 44.527802 0.000161 0.825965 0.563721 0.000000 0.000000 0.000000 0.000000 1.000000
0.995488 -0.034931 0.088220 -0.000000 0.092422 0.567404 -0.818236 44.527802 -0.021474 0.822698 0.568073 -0.000000 0.000000 0.000000 0.000000 1.000000
0.993309 -0.018529 0.113989 0.000000 0.103569 0.579592 -0.808299 44.527802 -0.051090 0.814696 0.577633 0.000000 0.000000 0.000000 0.000000 1.000000
0.988521 -0.024796 0.149033 0.000000 0.135961 0.576159 -0.805950 44.527802 -0.065883 0.816961 0.572917 0.000000 0.000000 0.000000 0.000000 1.000000
0.982782 -0.053395 0.176883 0.000000 0.178961 0.513195 -0.839407 44.527802 -0.045955 0.856610 0.513914 0.000000 0.000000 0.000000 0.000000 1.000000
0.974133 -0.067459 0.215671 0.000000 0.222380 0.455725 -0.861894 44.527802 -0.040144 0.887561 0.458939 0.000000 0.000000 0.000000 0.000000 1.000000
0.974330 -0.076741 0.211642 0.000000 0.222179 0.479392 -0.849011 44.527802 -0.036306 0.874239 0.484136 0.000000 0.000000 0.000000 0.000000 1.000000
0.991755 -0.061845 0.112238 -0.000000 0.127851 0.537142 -0.833746 44.527802 -0.008725 0.841222 0.540620 -0.000000 0.000000 0.000000 0.000000 1.000000
0.999806 0.017070 -0.009871 0.000000 -0.018232 0.609608 -0.792493 44.527802 -0.007510 0.792519 0.609801 0.000000 0.000000 0.000000 0.000000 1.000000
0.998509 0.052623 -0.014521 -0.000000 -0.046695 0.685557 -0.726520 44.527802 -0.028277 0.726115 0.686992 0.000000 0.000000 0.000000 0.000000 1.000000
0.998226 0.056709 -0.018159 0.000000 -0.052154 0.685502 -0.726201 44.527802 -0.028734 0.725859 0.687243 0.000000 0.000000 0.000000 0.000000 1.000000
0.998506 0.040566 -0.036603 0.000000 -0.054087 0.638901 -0.767385 44.527802 -0.007744 0.768218 0.640141 0.000000 0.000000 0.000000 0.000000 1.000000
0.998696 0.030035 -0.041271 0.000000 -0.051043 0.582842 -0.810981 44.527802 -0.000303 0.812030 0.583615 0.000000 0.000000 0.000000 0.000000 1.000000
0.998462 0.031818 -0.045412 -0.000000 -0.055396 0.536561 -0.842041 44.527802 -0.002426 0.843261 0.537498 0.000000 0.000000 0.000000 0.000000 1.000000
0.998146 0.035246 -0.049622 -0.000000 -0.060615 0.501790 -0.862863 44.527802 -0.005512 0.864271 0.502996 0.000000 0.000000 0.000000 0.000000 1.000000
0.997790 0.039471 -0.053453 -0.000000 -0.065833 0.478115 -0.875826 44.527802 -0.009013 0.877410 0.479657 0.000000 0.000000 0.000000 0.000000 1.000000
0.997614 0.041742 -0.054993 0.000000 -0.068102 0.464099 -0.883161 44.527802 -0.011342 0.884799 0.465834 0.000000 0.000000 0.000000 0.000000 1.000000
0.997807 0.039529 -0.053096 -0.000000 -0.065089 0.439910 -0.895680 44.527802 -0.012048 0.897172 0.441518 -0.000000 0.000000 0.000000 0.000000 1.000000</float_array>
        <technique_common>
          <accessor source="#mixamorig_RightFoot-Matrix-animation-output-transform-array" count="36" stride="16">
            <param type="float4x4"/>
          </accessor>
        </technique_common>
      </source>
      <source id="mixamorig_RightFoot-Interpolations">
        <Name_array id="mixamorig_RightFoot-Interpolations-array" count="36">
 LINEAR LINEAR LINEAR LINEAR LINEAR LINEAR LINEAR LINEAR LINEAR LINEAR LINEAR
LINEAR LINEAR LINEAR LINEAR LINEAR LINEAR LINEAR LINEAR LINEAR LINEAR LINEAR LINEAR
LINEAR LINEAR LINEAR LINEAR LINEAR LINEAR LINEAR LINEAR LINEAR LINEAR LINEAR LINEAR
LINEAR</Name_array>
        <technique_common>
          <accessor source="#mixamorig_RightFoot-Interpolations-array" count="36">
            <param type="name"/>
          </accessor>
        </technique_common>
      </source>
      <sampler id="mixamorig_RightFoot-Matrix-animation-transform">
        <input semantic="INPUT" source="#mixamorig_RightFoot-Matrix-animation-input"/>
        <input semantic="OUTPUT" source="#mixamorig_RightFoot-Matrix-animation-output-transform"/>
        <input semantic="INTERPOLATION" source="#mixamorig_RightFoot-Interpolations"/>
      </sampler>
      <channel source="#mixamorig_RightFoot-Matrix-animation-transform" target="mixamorig_RightFoot/matrix"/>
    </animation>
    <animation id="mixamorig_RightToeBase-anim" name="mixamorig_RightToeBase">
      <source id="mixamorig_RightToeBase-Matrix-animation-input">
        <float_array id="mixamorig_RightToeBase-Matrix-animation-input-array" count="36">

0.000000 0.033333 0.066667 0.100000 0.133333 0.166667 0.200000 0.233333 0.266667 0.300000 0.333333 0.366667 0.400000 0.433333 0.466667 0.500000
0.533333 0.566667 0.600000 0.633333 0.666667 0.700000 0.733333 0.766667 0.800000 0.833333 0.866667 0.900000 0.933333 0.966667 1.000000 1.033333
1.066667 1.100000 1.133333 1.166667</float_array>
        <technique_common>
          <accessor source="#mixamorig_RightToeBase-Matrix-animation-input-array" count="36">
            <param name="TIME" type="float"/>
          </accessor>
        </technique_common>
      </source>
      <source id="mixamorig_RightToeBase-Matrix-animation-output-transform">
        <float_array id="mixamorig_RightToeBase-Matrix-animation-output-transform-array" count="576">

1.000000 0.000000 0.000000 0.000000 -0.000000 0.739495 -0.673162 13.816900 -0.000000 0.673162 0.739495 0.000000 0.000000 0.000000 0.000000 1.000000
1.000000 -0.000000 0.000000 0.000000 0.000000 0.727885 -0.685700 13.816900 -0.000000 0.685700 0.727885 0.000000 0.000000 0.000000 0.000000 1.000000
1.000000 -0.000000 -0.000000 0.000000 0.000000 0.692448 -0.721468 13.816900 0.000000 0.721468 0.692448 -0.000000 0.000000 0.000000 0.000000 1.000000
1.000000 -0.000000 -0.000000 0.000000 -0.000000 0.667567 -0.744550 13.816900 0.000000 0.744550 0.667567 -0.000000 0.000000 0.000000 0.000000 1.000000
1.000000 0.000000 -0.000000 0.000000 -0.000000 0.645785 -0.763519 13.816900 -0.000000 0.763519 0.645785 -0.000000 0.000000 0.000000 0.000000 1.000000
1.000000 -0.000000 0.000000 -0.000000 0.000000 0.607202 -0.794547 13.816900 0.000000 0.794547 0.607202 0.000000 0.000000 0.000000 0.000000 1.000000
1.000000 -0.000000 0.000000 -0.000000 0.000000 0.533983 -0.845495 13.816900 0.000000 0.845495 0.533983 0.000000 0.000000 0.000000 0.000000 1.000000
1.000000 -0.000000 0.000000 0.000000 0.000000 0.404019 -0.914751 13.816900 0.000000 0.914751 0.404019 0.000000 0.000000 0.000000 0.000000 1.000000
0.999989 0.000012 0.004588 0.000000 0.004449 0.242290 -0.970194 13.816900 -0.001123 0.970204 0.242288 -0.000000 0.000000 0.000000 0.000000 1.000000
0.999908 0.001658 0.013473 0.000000 0.013318 0.072337 -0.997291 13.816900 -0.002628 0.997379 0.072308 -0.000000 0.000000 0.000000 0.000000 1.000000
0.998827 0.004551 0.048216 0.000000 0.047268 0.125212 -0.991003 13.816900 -0.010547 0.992120 0.124850 -0.000000 0.000000 0.000000 0.000000 1.000000
0.996317 0.004282 0.085640 0.000000 0.078959 0.343652 -0.935772 13.816900 -0.033438 0.939087 0.342048 0.000000 0.000000 0.000000 0.000000 1.000000
0.999071 0.001107 0.043091 0.000000 0.030814 0.680706 -0.731908 13.816900 -0.030143 0.732556 0.680040 0.000000 0.000000 0.000000 0.000000 1.000000
1.000000 0.000000 -0.000000 0.000000 -0.000000 0.733067 -0.680157 13.816900 -0.000000 0.680157 0.733067 0.000000 0.000000 0.000000 0.000000 1.000000
1.000000 0.000000 -0.000000 0.000000 -0.000000 0.734559 -0.678545 13.816900 0.000000 0.678545 0.734559 -0.000000 0.000000 0.000000 0.000000 1.000000
1.000000 -0.000000 -0.000000 0.000000 -0.000000 0.730462 -0.682953 13.816900 0.000000 0.682953 0.730462 -0.000000 0.000000 0.000000 0.000000 1.000000
1.000000 -0.000000 0.000000 0.000000 0.000000 0.730004 -0.683442 13.816900 0.000000 0.683442 0.730004 0.000000 0.000000 0.000000 0.000000 1.000000
1.000000 0.000000 0.000000 0.000000 -0.000000 0.723194 -0.690644 13.816900 -0.000000 0.690644 0.723194 0.000000 0.000000 0.000000 0.000000 1.000000
1.000000 -0.000000 -0.000000 -0.000000 0.000000 0.719811 -0.694170 13.816900 0.000000 0.694170 0.719811 0.000000 0.000000 0.000000 0.000000 1.000000
1.000000 0.000000 0.000000 0.000000 -0.000000 0.721795 -0.692107 13.816900 -0.000000 0.692107 0.721795 0.000000 0.000000 0.000000 0.000000 1.000000
1.000000 -0.000000 0.000000 0.000000 0.000000 0.722093 -0.691796 13.816900 -0.000000 0.691796 0.722093 0.000000 0.000000 0.000000 0.000000 1.000000
1.000000 -0.000000 -0.000000 0.000000 0.000000 0.726689 -0.686967 13.816900 0.000000 0.686967 0.726689 -0.000000 0.000000 0.000000 0.000000 1.000000
1.000000 -0.000000 -0.000000 0.000000 -0.000000 0.708913 -0.705296 13.816900 0.000000 0.705296 0.708913 0.000000 0.000000 0.000000 0.000000 1.000000
1.000000 0.000000 0.000000 0.000000 -0.000000 0.683164 -0.730265 13.816900 -0.000000 0.730265 0.683164 0.000000 0.000000 0.000000 0.000000 1.000000
1.000000 -0.000000 -0.000000 -0.000000 0.000000 0.688737 -0.725012 13.816900 0.000000 0.725012 0.688737 0.000000 0.000000 0.000000 0.000000 1.000000
1.000000 -0.000000 0.000000 0.000000 0.000000 0.692261 -0.721647 13.816900 0.000000 0.721647 0.692261 0.000000 0.000000 0.000000 0.000000 1.000000
1.000000 -0.000000 -0.000000 -0.000000 0.000000 0.680687 -0.732575 13.816900 0.000000 0.732575 0.680687 0.000000 0.000000 0.000000 0.000000 1.000000
1.000000 -0.000000 -0.000000 0.000000 0.000000 0.700546 -0.713607 13.816900 0.000000 0.713607 0.700546 -0.000000 0.000000 0.000000 0.000000 1.000000
1.000000 0.000000 -0.000000 -0.000000 -0.000000 0.736586 -0.676344 13.816900 -0.000000 0.676344 0.736586 0.000000 0.000000 0.000000 0.000000 1.000000
1.000000 -0.000000 0.000000 0.000000 0.000000 0.751611 -0.659607 13.816900 0.000000 0.659607 0.751611 0.000000 0.000000 0.000000 0.000000 1.000000
1.000000 0.000000 -0.000000 -0.000000 -0.000000 0.751590 -0.659631 13.816900 -0.000000 0.659631 0.751590 -0.000000 0.000000 0.000000 0.000000 1.000000
1.000000 -0.000000 0.000000 0.000000 0.000000 0.751574 -0.659649 13.816900 0.000000 0.659649 0.751574 0.000000 0.000000 0.000000 0.000000 1.000000
1.000000 -0.000000 0.000000 0.000000 0.000000 0.751555 -0.659671 13.816900 0.000000 0.659671 0.751555 0.000000 0.000000 0.000000 0.000000 1.000000
1.000000 -0.000000 -0.000000 0.000000 -0.000000 0.751524 -0.659705 13.816900 0.000000 0.659705 0.751524 0.000000 0.000000 0.000000 0.000000 1.000000
1.000000 0.000000 0.000000 0.000000 0.000000 0.745819 -0.666149 13.816900 -0.000000 0.666149 0.745819 0.000000 0.000000 0.000000 0.000000 1.000000
1.000000 0.000000 -0.000000 0.000000 -0.000000 0.739495 -0.673162 13.816900 -0.000000 0.673162 0.739495 0.000000 0.000000 0.000000 0.000000 1.000000</float_array>
        <technique_common>
          <accessor source="#mixamorig_RightToeBase-Matrix-animation-output-transform-array" count="36" stride="16">
            <param type="float4x4"/>
          </accessor>
        </technique_common>
      </source>
      <source id="mixamorig_RightToeBase-Interpolations">
        <Name_array id="mixamorig_RightToeBase-Interpolations-array" count="36">
 LINEAR LINEAR LINEAR LINEAR LINEAR LINEAR LINEAR LINEAR LINEAR LINEAR LINEAR
LINEAR LINEAR LINEAR LINEAR LINEAR LINEAR LINEAR LINEAR LINEAR LINEAR LINEAR LINEAR
LINEAR LINEAR LINEAR LINEAR LINEAR LINEAR LINEAR LINEAR LINEAR LINEAR LINEAR LINEAR
LINEAR</Name_array>
        <technique_common>
          <accessor source="#mixamorig_RightToeBase-Interpolations-array" count="36">
            <param type="name"/>
          </accessor>
        </technique_common>
      </source>
      <sampler id="mixamorig_RightToeBase-Matrix-animation-transform">
        <input semantic="INPUT" source="#mixamorig_RightToeBase-Matrix-animation-input"/>
        <input semantic="OUTPUT" source="#mixamorig_RightToeBase-Matrix-animation-output-transform"/>
        <input semantic="INTERPOLATION" source="#mixamorig_RightToeBase-Interpolations"/>
      </sampler>
      <channel source="#mixamorig_RightToeBase-Matrix-animation-transform" target="mixamorig_RightToeBase/matrix"/>
    </animation>
    <animation id="mixamorig_LeftUpLeg-anim" name="mixamorig_LeftUpLeg">
      <source id="mixamorig_LeftUpLeg-Matrix-animation-input">
        <float_array id="mixamorig_LeftUpLeg-Matrix-animation-input-array" count="36">

0.000000 0.033333 0.066667 0.100000 0.133333 0.166667 0.200000 0.233333 0.266667 0.300000 0.333333 0.366667 0.400000 0.433333 0.466667 0.500000
0.533333 0.566667 0.600000 0.633333 0.666667 0.700000 0.733333 0.766667 0.800000 0.833333 0.866667 0.900000 0.933333 0.966667 1.000000 1.033333
1.066667 1.100000 1.133333 1.166667</float_array>
        <technique_common>
          <accessor source="#mixamorig_LeftUpLeg-Matrix-animation-input-array" count="36">
            <param name="TIME" type="float"/>
          </accessor>
        </technique_common>
      </source>
      <source id="mixamorig_LeftUpLeg-Matrix-animation-output-transform">
        <float_array id="mixamorig_LeftUpLeg-Matrix-animation-output-transform-array" count="576">

-0.997948 0.022915 0.059784 8.207800 0.004858 -0.903972 0.427565 -6.771800 0.063841 0.426978 0.902006 -1.512200 0.000000 0.000000 0.000000 1.000000
-0.997603 0.000081 0.069204 8.207800 0.033058 -0.877974 0.477565 -6.771800 0.060798 0.478708 0.875867 -1.512200 0.000000 0.000000 0.000000 1.000000
-0.996752 -0.012419 0.079570 8.207800 0.050591 -0.865305 0.498687 -6.771800 0.062659 0.501092 0.863122 -1.512200 0.000000 0.000000 0.000000 1.000000
-0.996394 -0.023650 0.081487 8.207800 0.059857 -0.876590 0.477501 -6.771800 0.060138 0.480656 0.874844 -1.512200 0.000000 0.000000 0.000000 1.000000
-0.996361 -0.029301 0.080045 8.207800 0.065769 -0.861629 0.503259 -6.771800 0.054223 0.506691 0.860421 -1.512200 0.000000 0.000000 0.000000 1.000000
-0.996534 -0.031328 0.077068 8.207800 0.067772 -0.842976 0.533665 -6.771800 0.048248 0.537038 0.842177 -1.512200 0.000000 0.000000 0.000000 1.000000
-0.997251 -0.035388 0.065094 8.207800 0.066055 -0.822601 0.564769 -6.771800 0.033561 0.567516 0.822678 -1.512200 0.000000 0.000000 0.000000 1.000000
-0.997041 -0.035228 0.068324 8.207800 0.067207 -0.830935 0.552296 -6.771800 0.037316 0.555254 0.830843 -1.512200 0.000000 0.000000 0.000000 1.000000
-0.995348 -0.058075 0.076876 8.207800 0.089342 -0.855019 0.510843 -6.771800 0.036063 0.515335 0.856230 -1.512200 0.000000 0.000000 0.000000 1.000000
-0.993359 -0.100476 0.056056 8.207800 0.114995 -0.882730 0.455593 -6.771800 0.003707 0.459013 0.888422 -1.512200 0.000000 0.000000 0.000000 1.000000
-0.991637 -0.111189 0.065514 8.207800 0.128865 -0.880621 0.455962 -6.771800 0.006995 0.460591 0.887585 -1.512200 0.000000 0.000000 0.000000 1.000000
-0.990095 -0.110524 0.086579 8.207800 0.138312 -0.873731 0.466330 -6.771800 0.024106 0.473686 0.880364 -1.512200 0.000000 0.000000 0.000000 1.000000
-0.987606 -0.136679 0.077159 8.207800 0.156677 -0.887718 0.432907 -6.771800 0.009326 0.439631 0.898130 -1.512200 0.000000 0.000000 0.000000 1.000000
-0.986018 -0.153708 0.064358 8.207800 0.166632 -0.906288 0.388429 -6.771800 -0.001378 0.393722 0.919229 -1.512200 0.000000 0.000000 0.000000 1.000000
-0.986696 -0.149732 0.063335 8.207800 0.162229 -0.932245 0.323422 -6.771800 0.010617 0.329394 0.944133 -1.512200 0.000000 0.000000 0.000000 1.000000
-0.987546 -0.140446 0.070900 8.207800 0.153867 -0.956194 0.249036 -6.771800 0.032818 0.256843 0.965896 -1.512200 0.000000 0.000000 0.000000 1.000000
-0.987979 -0.133319 0.078248 8.207800 0.145434 -0.973197 0.178148 -6.771800 0.052400 0.187387 0.980888 -1.512200 0.000000 0.000000 0.000000 1.000000
-0.988527 -0.122695 0.088092 8.207800 0.132753 -0.983950 0.119246 -6.771800 0.072047 0.129572 0.988949 -1.512200 0.000000 0.000000 0.000000 1.000000
-0.988841 -0.112352 0.097829 8.207800 0.119497 -0.990327 0.070514 -6.771800 0.088961 0.081417 0.992702 -1.512200 0.000000 0.000000 0.000000 1.000000
-0.989142 -0.106913 0.100837 8.207800 0.110216 -0.993520 0.027765 -6.771800 0.097215 0.038578 0.994515 -1.512200 0.000000 0.000000 0.000000 1.000000
-0.989472 -0.104336 0.100298 8.207800 0.104596 -0.994511 -0.002673 -6.771800 0.100027 0.007846 0.994954 -1.512200 0.000000 0.000000 0.000000 1.000000
-0.989375 -0.105880 0.099630 8.207800 0.102881 -0.994085 -0.034793 -6.771800 0.102725 -0.024173 0.994416 -1.512200 0.000000 0.000000 0.000000 1.000000
-0.989279 -0.105225 0.101263 8.207800 0.096571 -0.991527 -0.086882 -6.771800 0.109547 -0.076171 0.991059 -1.512200 0.000000 0.000000 0.000000 1.000000
-0.989518 -0.096098 0.107789 8.207800 0.081083 -0.987393 -0.135945 -6.771800 0.119494 -0.125780 0.984835 -1.512200 0.000000 0.000000 0.000000 1.000000
-0.990118 -0.073367 0.119514 8.207800 0.050422 -0.981484 -0.184787 -6.771800 0.130858 -0.176935 0.975485 -1.512200 0.000000 0.000000 0.000000 1.000000
-0.990592 -0.044180 0.129522 8.207800 0.012403 -0.971544 -0.236533 -6.771800 0.136287 -0.232701 0.962952 -1.512200 0.000000 0.000000 0.000000 1.000000
-0.991588 -0.016669 0.128357 8.207800 -0.020603 -0.958701 -0.283669 -6.771800 0.127784 -0.283927 0.950293 -1.512200 0.000000 0.000000 0.000000 1.000000
-0.990504 0.031738 0.133770 8.207800 -0.066541 -0.962104 -0.264441 -6.771800 0.120308 -0.270831 0.955079 -1.512200 0.000000 0.000000 0.000000 1.000000
-0.988058 0.079890 0.131751 8.207800 -0.103422 -0.977704 -0.182755 -6.771800 0.114213 -0.194198 0.974291 -1.512200 0.000000 0.000000 0.000000 1.000000
-0.987992 0.100782 0.117112 8.207800 -0.112399 -0.988896 -0.097221 -6.771800 0.106014 -0.109217 0.988349 -1.512200 0.000000 0.000000 0.000000 1.000000
-0.989088 0.107463 0.100777 8.207800 -0.108236 -0.994123 -0.002219 -6.771800 0.099946 -0.013102 0.994907 -1.512200 0.000000 0.000000 0.000000 1.000000
-0.990929 0.102307 0.087140 8.207800 -0.092978 -0.990104 0.105116 -6.771800 0.097032 0.096060 0.990635 -1.512200 0.000000 0.000000 0.000000 1.000000
-0.992944 0.087524 0.080011 8.207800 -0.070236 -0.977709 0.197871 -6.771800 0.095546 0.190855 0.976957 -1.512200 0.000000 0.000000 0.000000 1.000000
-0.994712 0.069478 0.075630 8.207800 -0.045466 -0.958244 0.282314 -6.771800 0.092086 0.277383 0.956336 -1.512200 0.000000 0.000000 0.000000 1.000000
-0.996319 0.050090 0.069563 8.207800 -0.021660 -0.932282 0.361082 -6.771800 0.082939 0.358246 0.929936 -1.512200 0.000000 0.000000 0.000000 1.000000
-0.997948 0.022914 0.059785 8.207800 0.004858 -0.903972 0.427564 -6.771800 0.063841 0.426977 0.902006 -1.512200 0.000000 0.000000 0.000000 1.000000</float_array>
        <technique_common>
          <accessor source="#mixamorig_LeftUpLeg-Matrix-animation-output-transform-array" count="36" stride="16">
            <param type="float4x4"/>
          </accessor>
        </technique_common>
      </source>
      <source id="mixamorig_LeftUpLeg-Interpolations">
        <Name_array id="mixamorig_LeftUpLeg-Interpolations-array" count="36">
 LINEAR LINEAR LINEAR LINEAR LINEAR LINEAR LINEAR LINEAR LINEAR LINEAR LINEAR
LINEAR LINEAR LINEAR LINEAR LINEAR LINEAR LINEAR LINEAR LINEAR LINEAR LINEAR LINEAR
LINEAR LINEAR LINEAR LINEAR LINEAR LINEAR LINEAR LINEAR LINEAR LINEAR LINEAR LINEAR
LINEAR</Name_array>
        <technique_common>
          <accessor source="#mixamorig_LeftUpLeg-Interpolations-array" count="36">
            <param type="name"/>
          </accessor>
        </technique_common>
      </source>
      <sampler id="mixamorig_LeftUpLeg-Matrix-animation-transform">
        <input semantic="INPUT" source="#mixamorig_LeftUpLeg-Matrix-animation-input"/>
        <input semantic="OUTPUT" source="#mixamorig_LeftUpLeg-Matrix-animation-output-transform"/>
        <input semantic="INTERPOLATION" source="#mixamorig_LeftUpLeg-Interpolations"/>
      </sampler>
      <channel source="#mixamorig_LeftUpLeg-Matrix-animation-transform" target="mixamorig_LeftUpLeg/matrix"/>
    </animation>
    <animation id="mixamorig_LeftLeg-anim" name="mixamorig_LeftLeg">
      <source id="mixamorig_LeftLeg-Matrix-animation-input">
        <float_array id="mixamorig_LeftLeg-Matrix-animation-input-array" count="36">

0.000000 0.033333 0.066667 0.100000 0.133333 0.166667 0.200000 0.233333 0.266667 0.300000 0.333333 0.366667 0.400000 0.433333 0.466667 0.500000
0.533333 0.566667 0.600000 0.633333 0.666667 0.700000 0.733333 0.766667 0.800000 0.833333 0.866667 0.900000 0.933333 0.966667 1.000000 1.033333
1.066667 1.100000 1.133333 1.166667</float_array>
        <technique_common>
          <accessor source="#mixamorig_LeftLeg-Matrix-animation-input-array" count="36">
            <param name="TIME" type="float"/>
          </accessor>
        </technique_common>
      </source>
      <source id="mixamorig_LeftLeg-Matrix-animation-output-transform">
        <float_array id="mixamorig_LeftLeg-Matrix-animation-output-transform-array" count="576">

0.998650 -0.004497 -0.051748 0.000000 0.046426 0.524088 0.850398 44.371399 0.023296 -0.851652 0.523589 -0.000000 0.000000 0.000000 0.000000 1.000000
0.995758 0.007712 -0.091691 0.000000 0.063948 0.658505 0.749855 44.371399 0.066162 -0.752537 0.655218 0.000000 0.000000 0.000000 0.000000 1.000000
0.987145 0.017659 -0.158850 0.000000 0.080470 0.803806 0.589424 44.371399 0.138093 -0.594630 0.792051 0.000000 0.000000 0.000000 0.000000 1.000000
0.985736 0.014704 -0.167657 0.000000 0.044939 0.937011 0.346398 44.371399 0.162189 -0.348991 0.922984 0.000000 0.000000 0.000000 0.000000 1.000000
0.985725 0.003318 -0.168329 0.000000 0.030275 0.980016 0.196602 44.371399 0.165618 -0.198891 0.965926 0.000000 0.000000 0.000000 0.000000 1.000000
0.985689 -0.010899 -0.168220 0.000000 0.029222 0.993847 0.106835 44.371399 0.166021 -0.110222 0.979943 -0.000000 0.000000 0.000000 0.000000 1.000000
0.985423 -0.030102 -0.167435 0.000000 0.048814 0.992865 0.108791 44.371399 0.162965 -0.115378 0.979862 0.000000 0.000000 0.000000 0.000000 1.000000
0.987106 -0.017909 -0.159063 0.000000 0.036498 0.992726 0.114727 44.371399 0.155852 -0.119054 0.980580 0.000000 0.000000 0.000000 0.000000 1.000000
0.994820 -0.000058 -0.101652 0.000000 0.012023 0.993048 0.117096 44.371399 0.100938 -0.117711 0.987905 0.000000 0.000000 0.000000 0.000000 1.000000
0.992220 -0.019061 -0.123027 0.000000 0.033168 0.992966 0.113656 44.371399 0.119996 -0.116853 0.985873 0.000000 0.000000 0.000000 0.000000 1.000000
0.990822 -0.004327 -0.135104 0.000000 0.035685 0.972403 0.230563 44.371399 0.130377 -0.233268 0.963633 0.000000 0.000000 0.000000 0.000000 1.000000
0.993956 0.020912 -0.107770 -0.000000 0.021048 0.927175 0.374038 44.371399 0.107744 -0.374046 0.921130 0.000000 0.000000 0.000000 0.000000 1.000000
0.995620 0.012143 -0.092703 -0.000000 0.028231 0.906207 0.421891 44.371399 0.089131 -0.422660 0.901895 0.000000 0.000000 0.000000 0.000000 1.000000
0.996867 -0.006527 -0.078827 0.000000 0.041368 0.892440 0.449265 44.371399 0.067416 -0.451118 0.889914 0.000000 0.000000 0.000000 0.000000 1.000000
0.998649 -0.016093 -0.049415 0.000000 0.036346 0.895903 0.442760 44.371399 0.037146 -0.443958 0.895277 0.000000 0.000000 0.000000 0.000000 1.000000
0.999783 -0.015585 -0.013843 -0.000000 0.019907 0.910869 0.412216 44.371399 0.006185 -0.412402 0.910981 0.000000 0.000000 0.000000 0.000000 1.000000
0.999720 -0.013345 0.019547 0.000000 0.005126 0.928367 0.371629 44.371399 -0.023106 -0.371425 0.928175 0.000000 0.000000 0.000000 0.000000 1.000000
0.998461 -0.010214 0.054503 0.000000 -0.009581 0.936328 0.350996 44.371399 -0.054617 -0.350978 0.934789 0.000000 0.000000 0.000000 0.000000 1.000000
0.996151 -0.006104 0.087436 0.000000 -0.024283 0.939303 0.342227 44.371399 -0.084218 -0.343034 0.935540 0.000000 0.000000 0.000000 0.000000 1.000000
0.993522 -0.005962 0.113481 0.000000 -0.032494 0.942021 0.333977 44.371399 -0.108892 -0.335501 0.935725 0.000000 0.000000 0.000000 0.000000 1.000000
0.991206 -0.007779 0.132096 0.000000 -0.037417 0.941052 0.336185 44.371399 -0.126924 -0.338172 0.932486 0.000000 0.000000 0.000000 0.000000 1.000000
0.989802 -0.009494 0.142130 0.000000 -0.040010 0.939080 0.341362 44.371399 -0.136712 -0.343568 0.929124 0.000000 0.000000 0.000000 0.000000 1.000000
0.988325 -0.010369 0.152006 0.000000 -0.040836 0.943151 0.329847 44.371399 -0.146785 -0.332204 0.931716 0.000000 0.000000 0.000000 0.000000 1.000000
0.986116 -0.014032 0.165466 0.000000 -0.042359 0.942206 0.332345 44.371399 -0.160567 -0.334740 0.928530 0.000000 0.000000 0.000000 0.000000 1.000000
0.987312 -0.018989 0.157651 0.000000 -0.035769 0.940711 0.337317 44.371399 -0.154710 -0.338677 0.928096 0.000000 0.000000 0.000000 0.000000 1.000000
0.988576 -0.035247 0.146545 0.000000 -0.017299 0.939316 0.342616 44.371399 -0.149728 -0.341237 0.927975 -0.000000 0.000000 0.000000 0.000000 1.000000
0.987293 -0.064562 0.145208 0.000000 0.009988 0.937156 0.348767 44.371399 -0.158599 -0.342885 0.925892 -0.000000 0.000000 0.000000 0.000000 1.000000
0.987287 -0.079282 0.137760 0.000000 0.008857 0.892810 0.450346 44.371399 -0.158698 -0.443401 0.882162 0.000000 0.000000 0.000000 0.000000 1.000000
0.987944 -0.081672 0.131519 0.000000 -0.019011 0.779094 0.626619 44.371399 -0.153643 -0.621564 0.768148 0.000000 0.000000 0.000000 0.000000 1.000000
0.993749 -0.072460 0.084929 0.000000 -0.019652 0.635328 0.771992 44.371399 -0.109896 -0.768836 0.629932 0.000000 0.000000 0.000000 0.000000 1.000000
0.998000 -0.051004 -0.037343 0.000000 0.057707 0.493972 0.867561 44.371399 -0.025803 -0.867980 0.495928 0.000000 0.000000 0.000000 0.000000 1.000000
0.996871 -0.029715 -0.073251 0.000000 0.079044 0.384768 0.919623 44.371399 0.000858 -0.922535 0.385913 0.000000 0.000000 0.000000 0.000000 1.000000
0.999259 -0.013394 -0.036093 -0.000000 0.038498 0.345700 0.937555 44.371399 -0.000080 -0.938250 0.345959 0.000000 0.000000 0.000000 0.000000 1.000000
0.999774 -0.004298 0.020798 -0.000000 -0.017794 0.365046 0.930819 44.371399 -0.011592 -0.930980 0.364887 0.000000 0.000000 0.000000 0.000000 1.000000
0.999923 -0.002060 0.012234 0.000000 -0.010177 0.427760 0.903835 44.371399 -0.007096 -0.903890 0.427706 0.000000 0.000000 0.000000 0.000000 1.000000
0.998650 -0.004498 -0.051748 0.000000 0.046426 0.524089 0.850397 44.371399 0.023296 -0.851651 0.523591 -0.000000 0.000000 0.000000 0.000000 1.000000</float_array>
        <technique_common>
          <accessor source="#mixamorig_LeftLeg-Matrix-animation-output-transform-array" count="36" stride="16">
            <param type="float4x4"/>
          </accessor>
        </technique_common>
      </source>
      <source id="mixamorig_LeftLeg-Interpolations">
        <Name_array id="mixamorig_LeftLeg-Interpolations-array" count="36">
 LINEAR LINEAR LINEAR LINEAR LINEAR LINEAR LINEAR LINEAR LINEAR LINEAR LINEAR
LINEAR LINEAR LINEAR LINEAR LINEAR LINEAR LINEAR LINEAR LINEAR LINEAR LINEAR LINEAR
LINEAR LINEAR LINEAR LINEAR LINEAR LINEAR LINEAR LINEAR LINEAR LINEAR LINEAR LINEAR
LINEAR</Name_array>
        <technique_common>
          <accessor source="#mixamorig_LeftLeg-Interpolations-array" count="36">
            <param type="name"/>
          </accessor>
        </technique_common>
      </source>
      <sampler id="mixamorig_LeftLeg-Matrix-animation-transform">
        <input semantic="INPUT" source="#mixamorig_LeftLeg-Matrix-animation-input"/>
        <input semantic="OUTPUT" source="#mixamorig_LeftLeg-Matrix-animation-output-transform"/>
        <input semantic="INTERPOLATION" source="#mixamorig_LeftLeg-Interpolations"/>
      </sampler>
      <channel source="#mixamorig_LeftLeg-Matrix-animation-transform" target="mixamorig_LeftLeg/matrix"/>
    </animation>
    <animation id="mixamorig_LeftFoot-anim" name="mixamorig_LeftFoot">
      <source id="mixamorig_LeftFoot-Matrix-animation-input">
        <float_array id="mixamorig_LeftFoot-Matrix-animation-input-array" count="36">

0.000000 0.033333 0.066667 0.100000 0.133333 0.166667 0.200000 0.233333 0.266667 0.300000 0.333333 0.366667 0.400000 0.433333 0.466667 0.500000
0.533333 0.566667 0.600000 0.633333 0.666667 0.700000 0.733333 0.766667 0.800000 0.833333 0.866667 0.900000 0.933333 0.966667 1.000000 1.033333
1.066667 1.100000 1.133333 1.166667</float_array>
        <technique_common>
          <accessor source="#mixamorig_LeftFoot-Matrix-animation-input-array" count="36">
            <param name="TIME" type="float"/>
          </accessor>
        </technique_common>
      </source>
      <source id="mixamorig_LeftFoot-Matrix-animation-output-transform">
        <float_array id="mixamorig_LeftFoot-Matrix-animation-output-transform-array" count="576">

0.998446 0.032986 -0.044909 0.000000 -0.055707 0.572268 -0.818173 44.527802 -0.001288 0.819403 0.573216 -0.000000 0.000000 0.000000 0.000000 1.000000
0.998530 0.031963 -0.043766 0.000000 -0.054170 0.564072 -0.823947 44.527802 -0.001649 0.825107 0.564975 0.000000 0.000000 0.000000 0.000000 1.000000
0.999027 0.026259 -0.035422 0.000000 -0.044071 0.569104 -0.821084 44.527802 -0.001402 0.821846 0.569708 0.000000 0.000000 0.000000 0.000000 1.000000
0.998445 -0.027627 -0.048421 -0.000000 -0.023054 0.586197 -0.809840 44.527802 0.050758 0.809697 0.584649 -0.000000 0.000000 0.000000 0.000000 1.000000
0.995543 -0.061973 -0.071081 -0.000000 -0.024722 0.555867 -0.830904 44.527802 0.091005 0.828958 0.551857 0.000000 0.000000 0.000000 0.000000 1.000000
0.993786 -0.060710 -0.093294 -0.000000 -0.049488 0.509771 -0.858885 44.527802 0.099702 0.858165 0.503599 -0.000000 0.000000 0.000000 0.000000 1.000000
0.995389 -0.013925 -0.094904 0.000000 -0.078275 0.453947 -0.887584 44.527802 0.055441 0.890920 0.450764 0.000000 0.000000 0.000000 0.000000 1.000000
0.997087 0.046423 -0.060516 0.000000 -0.075704 0.505758 -0.859347 44.527802 -0.009287 0.861425 0.507800 0.000000 0.000000 0.000000 0.000000 1.000000
0.999534 -0.017426 0.025053 0.000000 0.030421 0.634306 -0.772484 44.527802 -0.002430 0.772886 0.634540 0.000000 0.000000 0.000000 0.000000 1.000000
0.996987 -0.053310 0.056338 -0.000000 0.077414 0.728900 -0.680229 44.527802 -0.004802 0.682541 0.730832 0.000000 0.000000 0.000000 0.000000 1.000000
0.996606 -0.057877 0.058546 0.000000 0.082232 0.733592 -0.674597 44.527802 -0.003905 0.677122 0.735861 0.000000 0.000000 0.000000 0.000000 1.000000
0.995673 -0.061912 0.069291 0.000000 0.092893 0.681716 -0.725696 44.527802 -0.002308 0.728993 0.684517 0.000000 0.000000 0.000000 0.000000 1.000000
0.995834 -0.057424 0.070825 0.000000 0.091157 0.644170 -0.759431 44.527802 -0.002014 0.762723 0.646722 -0.000000 0.000000 0.000000 0.000000 1.000000
0.996451 -0.049830 0.067836 0.000000 0.084168 0.596817 -0.797950 44.527802 -0.000724 0.800828 0.598893 0.000000 0.000000 0.000000 0.000000 1.000000
0.996511 -0.047297 0.068769 0.000000 0.083455 0.553020 -0.828978 44.527802 0.001178 0.831824 0.555038 0.000000 0.000000 0.000000 0.000000 1.000000
0.996122 -0.048459 0.073441 0.000000 0.087961 0.527749 -0.844834 44.527802 0.002181 0.848017 0.529965 0.000000 0.000000 0.000000 0.000000 1.000000
0.995809 -0.049653 0.076809 0.000000 0.091405 0.510935 -0.854746 44.527802 0.003196 0.858184 0.513332 -0.000000 0.000000 0.000000 0.000000 1.000000
0.995570 -0.049981 0.079636 0.000000 0.093880 0.481971 -0.871143 44.527802 0.005158 0.874760 0.484529 0.000000 0.000000 0.000000 0.000000 1.000000
0.995390 -0.049886 0.081920 0.000000 0.095619 0.449141 -0.888330 44.527802 0.007522 0.892067 0.451840 -0.000000 0.000000 0.000000 0.000000 1.000000
0.995519 -0.048486 0.081188 0.000000 0.094037 0.417010 -0.904024 44.527802 0.009976 0.907608 0.419701 -0.000000 0.000000 0.000000 0.000000 1.000000
0.995786 -0.046247 0.079198 0.000000 0.090861 0.380098 -0.920472 44.527802 0.012466 0.923789 0.382698 -0.000000 0.000000 0.000000 0.000000 1.000000
0.996189 -0.043475 0.075619 -0.000000 0.085916 0.339400 -0.936710 44.527802 0.015059 0.939637 0.341842 -0.000000 0.000000 0.000000 0.000000 1.000000
0.996751 -0.040135 0.069840 -0.000000 0.078909 0.312399 -0.946668 44.527802 0.016176 0.949103 0.314551 -0.000000 0.000000 0.000000 0.000000 1.000000
0.997353 -0.034115 0.064205 -0.000000 0.071487 0.299148 -0.951525 44.527802 0.013254 0.953597 0.300795 0.000000 0.000000 0.000000 0.000000 1.000000
0.997716 -0.001266 0.067531 -0.000000 0.064388 0.319797 -0.945296 44.527802 -0.020399 0.947485 0.319148 0.000000 0.000000 0.000000 0.000000 1.000000
0.997550 0.028053 0.064091 0.000000 0.047733 0.396855 -0.916639 44.527802 -0.051150 0.917453 0.394543 0.000000 0.000000 0.000000 0.000000 1.000000
0.997631 0.068346 0.007819 0.000000 -0.031327 0.552563 -0.832882 44.527802 -0.061245 0.830664 0.553395 0.000000 0.000000 0.000000 0.000000 1.000000
0.992418 0.121091 -0.021034 -0.000000 -0.099761 0.693692 -0.713329 44.527802 -0.071787 0.710020 0.700513 0.000000 0.000000 0.000000 0.000000 1.000000
0.986600 0.152491 -0.058031 0.000000 -0.156677 0.786180 -0.597807 44.527802 -0.045537 0.598889 0.799537 0.000000 0.000000 0.000000 0.000000 1.000000
0.985225 0.133933 -0.106743 0.000000 -0.170459 0.827273 -0.535316 44.527802 0.016609 0.545602 0.837880 0.000000 0.000000 0.000000 0.000000 1.000000
0.990515 0.104258 -0.089501 0.000000 -0.137160 0.789137 -0.598707 44.527802 0.008208 0.605304 0.795952 0.000000 0.000000 0.000000 0.000000 1.000000
0.996416 0.061596 -0.057968 0.000000 -0.084583 0.722182 -0.686512 44.527802 -0.000423 0.688955 0.724804 0.000000 0.000000 0.000000 0.000000 1.000000
0.999245 0.029424 -0.025387 0.000000 -0.038652 0.684563 -0.727929 44.527802 -0.004040 0.728360 0.685183 0.000000 0.000000 0.000000 0.000000 1.000000
0.998966 0.031740 -0.032539 0.000000 -0.045370 0.652296 -0.756605 44.527802 -0.002790 0.757299 0.653062 0.000000 0.000000 0.000000 0.000000 1.000000
0.997025 0.047377 -0.060802 0.000000 -0.077076 0.604065 -0.793199 44.527802 -0.000851 0.795525 0.605920 0.000000 0.000000 0.000000 0.000000 1.000000
0.998446 0.032986 -0.044909 0.000000 -0.055707 0.572268 -0.818172 44.527802 -0.001288 0.819403 0.573217 0.000000 0.000000 0.000000 0.000000 1.000000</float_array>
        <technique_common>
          <accessor source="#mixamorig_LeftFoot-Matrix-animation-output-transform-array" count="36" stride="16">
            <param type="float4x4"/>
          </accessor>
        </technique_common>
      </source>
      <source id="mixamorig_LeftFoot-Interpolations">
        <Name_array id="mixamorig_LeftFoot-Interpolations-array" count="36">
 LINEAR LINEAR LINEAR LINEAR LINEAR LINEAR LINEAR LINEAR LINEAR LINEAR LINEAR
LINEAR LINEAR LINEAR LINEAR LINEAR LINEAR LINEAR LINEAR LINEAR LINEAR LINEAR LINEAR
LINEAR LINEAR LINEAR LINEAR LINEAR LINEAR LINEAR LINEAR LINEAR LINEAR LINEAR LINEAR
LINEAR</Name_array>
        <technique_common>
          <accessor source="#mixamorig_LeftFoot-Interpolations-array" count="36">
            <param type="name"/>
          </accessor>
        </technique_common>
      </source>
      <sampler id="mixamorig_LeftFoot-Matrix-animation-transform">
        <input semantic="INPUT" source="#mixamorig_LeftFoot-Matrix-animation-input"/>
        <input semantic="OUTPUT" source="#mixamorig_LeftFoot-Matrix-animation-output-transform"/>
        <input semantic="INTERPOLATION" source="#mixamorig_LeftFoot-Interpolations"/>
      </sampler>
      <channel source="#mixamorig_LeftFoot-Matrix-animation-transform" target="mixamorig_LeftFoot/matrix"/>
    </animation>
    <animation id="mixamorig_LeftToeBase-anim" name="mixamorig_LeftToeBase">
      <source id="mixamorig_LeftToeBase-Matrix-animation-input">
        <float_array id="mixamorig_LeftToeBase-Matrix-animation-input-array" count="36">

0.000000 0.033333 0.066667 0.100000 0.133333 0.166667 0.200000 0.233333 0.266667 0.300000 0.333333 0.366667 0.400000 0.433333 0.466667 0.500000
0.533333 0.566667 0.600000 0.633333 0.666667 0.700000 0.733333 0.766667 0.800000 0.833333 0.866667 0.900000 0.933333 0.966667 1.000000 1.033333
1.066667 1.100000 1.133333 1.166667</float_array>
        <technique_common>
          <accessor source="#mixamorig_LeftToeBase-Matrix-animation-input-array" count="36">
            <param name="TIME" type="float"/>
          </accessor>
        </technique_common>
      </source>
      <source id="mixamorig_LeftToeBase-Matrix-animation-output-transform">
        <float_array id="mixamorig_LeftToeBase-Matrix-animation-output-transform-array" count="576">

1.000000 -0.000000 0.000000 0.000000 0.000000 0.771348 -0.636414 13.816900 -0.000000 0.636414 0.771348 0.000000 0.000000 0.000000 0.000000 1.000000
1.000000 0.000000 0.000000 0.000000 -0.000000 0.765917 -0.642939 13.816900 -0.000000 0.642939 0.765917 -0.000000 0.000000 0.000000 0.000000 1.000000
1.000000 0.000000 -0.000000 0.000000 -0.000000 0.768933 -0.639329 13.816900 -0.000000 0.639329 0.768933 0.000000 0.000000 0.000000 0.000000 1.000000
1.000000 0.000000 -0.000000 -0.000000 -0.000000 0.778265 -0.627936 13.816900 -0.000000 0.627936 0.778265 0.000000 0.000000 0.000000 0.000000 1.000000
1.000000 -0.000000 -0.000000 0.000000 -0.000000 0.787443 -0.616387 13.816900 0.000000 0.616387 0.787443 0.000000 0.000000 0.000000 0.000000 1.000000
1.000000 0.000000 0.000000 0.000000 -0.000000 0.808978 -0.587838 13.816900 -0.000000 0.587838 0.808978 0.000000 0.000000 0.000000 0.000000 1.000000
1.000000 -0.000000 0.000000 0.000000 0.000000 0.816830 -0.576879 13.816900 0.000000 0.576879 0.816830 0.000000 0.000000 0.000000 0.000000 1.000000
1.000000 -0.000000 0.000000 0.000000 0.000000 0.783996 -0.620766 13.816900 0.000000 0.620766 0.783996 0.000000 0.000000 0.000000 0.000000 1.000000
1.000000 -0.000000 -0.000000 0.000000 -0.000000 0.742119 -0.670269 13.816900 0.000000 0.670269 0.742119 0.000000 0.000000 0.000000 0.000000 1.000000
1.000000 -0.000000 0.000000 -0.000000 0.000000 0.728188 -0.685377 13.816900 0.000000 0.685377 0.728188 0.000000 0.000000 0.000000 0.000000 1.000000
1.000000 0.000000 0.000000 -0.000000 -0.000000 0.742126 -0.670260 13.816900 -0.000000 0.670260 0.742126 0.000000 0.000000 0.000000 0.000000 1.000000
1.000000 0.000000 -0.000000 0.000000 -0.000000 0.756913 -0.653516 13.816900 -0.000000 0.653516 0.756913 0.000000 0.000000 0.000000 0.000000 1.000000
1.000000 -0.000000 0.000000 0.000000 0.000000 0.765199 -0.643793 13.816900 0.000000 0.643793 0.765199 0.000000 0.000000 0.000000 0.000000 1.000000
1.000000 -0.000000 -0.000000 0.000000 0.000000 0.769990 -0.638056 13.816900 0.000000 0.638056 0.769990 0.000000 0.000000 0.000000 0.000000 1.000000
1.000000 0.000000 0.000000 0.000000 0.000000 0.772221 -0.635354 13.816900 -0.000000 0.635354 0.772221 0.000000 0.000000 0.000000 0.000000 1.000000
1.000000 -0.000000 -0.000000 0.000000 -0.000000 0.764910 -0.644138 13.816900 0.000000 0.644138 0.764910 0.000000 0.000000 0.000000 0.000000 1.000000
1.000000 -0.000000 -0.000000 0.000000 0.000000 0.754435 -0.656375 13.816900 0.000000 0.656375 0.754435 -0.000000 0.000000 0.000000 0.000000 1.000000
1.000000 0.000000 -0.000000 0.000000 -0.000000 0.748253 -0.663413 13.816900 -0.000000 0.663413 0.748253 -0.000000 0.000000 0.000000 0.000000 1.000000
1.000000 -0.000000 -0.000000 0.000000 0.000000 0.743199 -0.669070 13.816900 0.000000 0.669070 0.743199 0.000000 0.000000 0.000000 0.000000 1.000000
1.000000 -0.000000 0.000000 0.000000 0.000000 0.739462 -0.673199 13.816900 0.000000 0.673199 0.739462 0.000000 0.000000 0.000000 0.000000 1.000000
1.000000 -0.000000 0.000000 0.000000 0.000000 0.736349 -0.676602 13.816900 0.000000 0.676602 0.736349 -0.000000 0.000000 0.000000 0.000000 1.000000
1.000000 0.000000 0.000000 0.000000 0.000000 0.731307 -0.682048 13.816900 -0.000000 0.682048 0.731307 0.000000 0.000000 0.000000 0.000000 1.000000
1.000000 -0.000000 -0.000000 0.000000 0.000000 0.717847 -0.696201 13.816900 0.000000 0.696201 0.717847 0.000000 0.000000 0.000000 0.000000 1.000000
1.000000 0.000000 0.000000 0.000000 0.000000 0.686513 -0.727117 13.816900 -0.000000 0.727117 0.686513 -0.000000 0.000000 0.000000 0.000000 1.000000
1.000000 -0.000000 0.000000 -0.000000 0.000000 0.620604 -0.784124 13.816900 0.000000 0.784124 0.620604 0.000000 0.000000 0.000000 0.000000 1.000000
1.000000 -0.000000 0.000000 0.000000 0.000000 0.494197 -0.869350 13.816900 0.000000 0.869350 0.494197 0.000000 0.000000 0.000000 0.000000 1.000000
0.999190 0.000931 0.040224 0.000000 0.037351 0.350189 -0.935934 13.816900 -0.014958 0.936679 0.349871 0.000000 0.000000 0.000000 0.000000 1.000000
0.997315 0.004972 0.073067 0.000000 0.069541 0.248598 -0.966107 13.816900 -0.022968 0.968594 0.247585 -0.000000 0.000000 0.000000 0.000000 1.000000
0.997306 0.003122 0.073282 -0.000000 0.066241 0.390692 -0.918135 13.816900 -0.031498 0.920516 0.389432 -0.000000 0.000000 0.000000 0.000000 1.000000
1.000000 0.000000 -0.000000 0.000000 -0.000000 0.747392 -0.664383 13.816900 -0.000000 0.664383 0.747392 0.000000 0.000000 0.000000 0.000000 1.000000
1.000000 -0.000000 0.000000 0.000000 0.000000 0.764396 -0.644747 13.816900 -0.000000 0.644747 0.764396 0.000000 0.000000 0.000000 0.000000 1.000000
1.000000 -0.000000 -0.000000 0.000000 0.000000 0.763466 -0.645848 13.816900 0.000000 0.645848 0.763466 0.000000 0.000000 0.000000 0.000000 1.000000
1.000000 0.000000 -0.000000 0.000000 -0.000000 0.757717 -0.652583 13.816900 0.000000 0.652583 0.757717 0.000000 0.000000 0.000000 0.000000 1.000000
1.000000 -0.000000 0.000000 -0.000000 0.000000 0.733910 -0.679247 13.816900 -0.000000 0.679247 0.733910 0.000000 0.000000 0.000000 0.000000 1.000000
1.000000 -0.000000 -0.000000 0.000000 0.000000 0.749410 -0.662106 13.816900 0.000000 0.662106 0.749410 0.000000 0.000000 0.000000 0.000000 1.000000
1.000000 0.000000 0.000000 -0.000000 0.000000 0.771348 -0.636414 13.816900 -0.000000 0.636414 0.771348 0.000000 0.000000 0.000000 0.000000 1.000000</float_array>
        <technique_common>
          <accessor source="#mixamorig_LeftToeBase-Matrix-animation-output-transform-array" count="36" stride="16">
            <param type="float4x4"/>
          </accessor>
        </technique_common>
      </source>
      <source id="mixamorig_LeftToeBase-Interpolations">
        <Name_array id="mixamorig_LeftToeBase-Interpolations-array" count="36">
 LINEAR LINEAR LINEAR LINEAR LINEAR LINEAR LINEAR LINEAR LINEAR LINEAR LINEAR
LINEAR LINEAR LINEAR LINEAR LINEAR LINEAR LINEAR LINEAR LINEAR LINEAR LINEAR LINEAR
LINEAR LINEAR LINEAR LINEAR LINEAR LINEAR LINEAR LINEAR LINEAR LINEAR LINEAR LINEAR
LINEAR</Name_array>
        <technique_common>
          <accessor source="#mixamorig_LeftToeBase-Interpolations-array" count="36">
            <param type="name"/>
          </accessor>
        </technique_common>
      </source>
      <sampler id="mixamorig_LeftToeBase-Matrix-animation-transform">
        <input semantic="INPUT" source="#mixamorig_LeftToeBase-Matrix-animation-input"/>
        <input semantic="OUTPUT" source="#mixamorig_LeftToeBase-Matrix-animation-output-transform"/>
        <input semantic="INTERPOLATION" source="#mixamorig_LeftToeBase-Interpolations"/>
      </sampler>
      <channel source="#mixamorig_LeftToeBase-Matrix-animation-transform" target="mixamorig_LeftToeBase/matrix"/>
    </animation>
  </library_animations>
  <library_visual_scenes>
    <visual_scene id="RootNode" name="RootNode">
      <node id="mixamorig_Hips" name="mixamorig_Hips" sid="mixamorig_Hips" type="JOINT">
        <matrix sid="matrix">0.998391 0.002547 0.056656 0.131849 -0.005147 0.998938 0.045786 102.845337 -0.056479 -0.046004 0.997343 1.363051 0.000000 0.000000 0.000000 1.000000</matrix>
        <node id="mixamorig_Spine" name="mixamorig_Spine" sid="mixamorig_Spine" type="JOINT">
          <matrix sid="matrix">0.999709 -0.023933 0.002861 0.000000 0.023725 0.998013 0.058378 10.182400 -0.004252 -0.058293 0.998290 0.000000 0.000000 0.000000 0.000000 1.000000</matrix>
          <node id="mixamorig_Spine1" name="mixamorig_Spine1" sid="mixamorig_Spine1" type="JOINT">
            <matrix sid="matrix">0.999990 -0.004262 0.001060 0.000000 0.004273 0.999927 -0.011333 10.002700 -0.001011 0.011337 0.999935 0.000000 0.000000 0.000000 0.000000 1.000000</matrix>
            <node id="mixamorig_Spine2" name="mixamorig_Spine2" sid="mixamorig_Spine2" type="JOINT">
              <matrix sid="matrix">0.999990 -0.004229 0.001093 0.000000 0.004266 0.999302 -0.037100 9.322100 -0.000935 0.037104 0.999311 0.000000 0.000000 0.000000 0.000000 1.000000</matrix>
              <node id="mixamorig_Neck" name="mixamorig_Neck" sid="mixamorig_Neck" type="JOINT">
                <matrix sid="matrix">0.999972 -0.000356 -0.007416 0.000000 0.000485 0.999850 0.017318 16.865299 0.007409 -0.017321 0.999823 0.000000 0.000000 0.000000 0.000000 1.000000</matrix>
                <node id="mixamorig_Head" name="mixamorig_Head" sid="mixamorig_Head" type="JOINT">
                  <matrix sid="matrix">0.996739 0.048978 -0.064126 -0.000000 -0.045928 0.997781 0.048207 9.341900 0.066344 -0.045105 0.996777 2.841000 0.000000 0.000000 0.000000 1.000000</matrix>
                  <node id="mixamorig_HeadTop_End" name="mixamorig_HeadTop_End" sid="mixamorig_HeadTop_End" type="JOINT">
                    <matrix sid="matrix">1.000000 -0.000000 0.000000 0.000000 -0.000000 1.000000 0.000000 20.962799 0.000000 0.000000 1.000000 10.122900 0.000000 0.000000 0.000000 1.000000</matrix>
                  </node>
                </node>
              </node>
              <node id="mixamorig_RightShoulder" name="mixamorig_RightShoulder" sid="mixamorig_RightShoulder" type="JOINT">
                <matrix sid="matrix">-0.187110 -0.916348 0.353973 -4.570000 -0.205043 -0.315969 -0.926348 11.195800 0.960702 -0.245908 -0.128769 -0.806600 0.000000 0.000000 0.000000 1.000000</matrix>
                <node id="mixamorig_RightArm" name="mixamorig_RightArm" sid="mixamorig_RightArm" type="JOINT">
                  <matrix sid="matrix">0.938921 0.199229 -0.280596 0.000000 -0.343325 0.486490 -0.803402 10.838200 -0.023554 0.850667 0.525176 0.000000 0.000000 0.000000 0.000000 1.000000</matrix>
                  <node id="mixamorig_RightForeArm" name="mixamorig_RightForeArm" sid="mixamorig_RightForeArm" type="JOINT">
                    <matrix sid="matrix">0.963818 0.266560 -0.000000 0.000000 -0.266560 0.963818 0.000000 27.841499 0.000000 -0.000000 1.000000 0.000000 0.000000 0.000000 0.000000 1.000000</matrix>
                    <node id="mixamorig_RightHand" name="mixamorig_RightHand" sid="mixamorig_RightHand" type="JOINT">
                      <matrix sid="matrix">0.995357 0.095396 0.012779 0.000000 -0.096060 0.992908 0.070041 28.328800 -0.006007 -0.070944 0.997462 -0.000000 0.000000 0.000000 0.000000 1.000000</matrix>
                      <node id="mixamorig_RightHandThumb1" name="mixamorig_RightHandThumb1" sid="mixamorig_RightHandThumb1" type="JOINT">
                        <matrix sid="matrix">0.820682 0.559676 0.115077 2.681900 -0.489833 0.792826 -0.362615 2.464800 -0.294183 0.241223 0.924807 1.574000 0.000000 0.000000 0.000000 1.000000</matrix>
                        <node id="mixamorig_RightHandThumb2" name="mixamorig_RightHandThumb2" sid="mixamorig_RightHandThumb2" type="JOINT">
                          <matrix sid="matrix">0.839211 -0.536490 -0.088897 0.000000 0.541867 0.838761 0.053480 4.189000 0.045872 -0.093051 0.994604 -0.000000 0.000000 0.000000 0.000000 1.000000</matrix>
                          <node id="mixamorig_RightHandThumb3" name="mixamorig_RightHandThumb3" sid="mixamorig_RightHandThumb3" type="JOINT">
                            <matrix sid="matrix">0.940120 0.325725 -0.100388 0.000000 -0.299945 0.930505 0.210224 3.416300 0.161887 -0.167525 0.972486 -0.000000 0.000000 0.000000 0.000000 1.000000</matrix>
                            <node id="mixamorig_RightHandThumb4" name="mixamorig_RightHandThumb4" sid="mixamorig_RightHandThumb4" type="JOINT">
                              <matrix sid="matrix">0.967631 0.095337 -0.233668 0.000000 -0.098051 0.995181 0.000001 2.575000 0.232542 0.022911 0.972316 0.000000 0.000000 0.000000 0.000000 1.000000</matrix>
                            </node>
                          </node>
                        </node>
                      </node>
                      <node id="mixamorig_RightHandIndex1" name="mixamorig_RightHandIndex1" sid="mixamorig_RightHandIndex1" type="JOINT">
                        <matrix sid="matrix">0.999181 -0.034811 0.020636 2.259800 0.040059 0.923123 -0.382412 9.108300 -0.005738 0.382925 0.923762 0.517900 0.000000 0.000000 0.000000 1.000000</matrix>
                        <node id="mixamorig_RightHandIndex2" name="mixamorig_RightHandIndex2" sid="mixamorig_RightHandIndex2" type="JOINT">
                          <matrix sid="matrix">0.998374 -0.053392 0.019957 0.000000 0.053393 0.753413 -0.655377 3.700000 0.019956 0.655377 0.755038 -0.000000 0.000000 0.000000 0.000000 1.000000</matrix>
                          <node id="mixamorig_RightHandIndex3" name="mixamorig_RightHandIndex3" sid="mixamorig_RightHandIndex3" type="JOINT">
                            <matrix sid="matrix">0.999656 -0.025874 0.004219 -0.000000 0.025874 0.947875 -0.317591 2.850000 0.004219 0.317591 0.948218 0.000000 0.000000 0.000000 0.000000 1.000000</matrix>
                            <node id="mixamorig_RightHandIndex4" name="mixamorig_RightHandIndex4" sid="mixamorig_RightHandIndex4" type="JOINT">
                              <matrix sid="matrix">0.999998 -0.000175 0.002005 0.000000 0.000175 1.000000 0.000000 2.772200 -0.002005 -0.000000 0.999998 0.000000 0.000000 0.000000 0.000000 1.000000</matrix>
                            </node>
                          </node>
                        </node>
                      </node>
                      <node id="mixamorig_RightHandMiddle1" name="mixamorig_RightHandMiddle1" sid="mixamorig_RightHandMiddle1" type="JOINT">
                        <matrix sid="matrix">0.994783 -0.094964 0.037255 0.000000 0.099020 0.811143 -0.576405 9.532500 0.024518 0.577087 0.816315 0.000000 0.000000 0.000000 0.000000 1.000000</matrix>
                        <node id="mixamorig_RightHandMiddle2" name="mixamorig_RightHandMiddle2" sid="mixamorig_RightHandMiddle2" type="JOINT">
                          <matrix sid="matrix">0.998591 -0.050170 0.017296 0.000000 0.050170 0.786284 -0.615825 3.700000 0.017296 0.615825 0.787693 0.000000 0.000000 0.000000 0.000000 1.000000</matrix>
                          <node id="mixamorig_RightHandMiddle3" name="mixamorig_RightHandMiddle3" sid="mixamorig_RightHandMiddle3" type="JOINT">
                            <matrix sid="matrix">0.999786 -0.020520 0.002627 0.000000 0.020520 0.967543 -0.251871 2.950000 0.002627 0.251871 0.967757 0.000000 0.000000 0.000000 0.000000 1.000000</matrix>
                            <node id="mixamorig_RightHandMiddle4" name="mixamorig_RightHandMiddle4" sid="mixamorig_RightHandMiddle4" type="JOINT">
                              <matrix sid="matrix">0.999998 -0.000333 0.001857 0.000000 0.000333 1.000000 0.000001 2.946600 -0.001857 0.000000 0.999998 -0.000000 0.000000 0.000000 0.000000 1.000000</matrix>
                            </node>
                          </node>
                        </node>
                      </node>
                      <node id="mixamorig_RightHandRing1" name="mixamorig_RightHandRing1" sid="mixamorig_RightHandRing1" type="JOINT">
                        <matrix sid="matrix">0.987477 -0.150982 0.045760 -1.865100 0.143439 0.738441 -0.658886 9.103600 0.065689 0.657198 0.750850 0.043100 0.000000 0.000000 0.000000 1.000000</matrix>
                        <node id="mixamorig_RightHandRing2" name="mixamorig_RightHandRing2" sid="mixamorig_RightHandRing2" type="JOINT">
                          <matrix sid="matrix">0.998879 -0.045285 0.013755 0.000000 0.045285 0.830043 -0.555858 3.379300 0.013755 0.555858 0.831163 0.000000 0.000000 0.000000 0.000000 1.000000</matrix>
                          <node id="mixamorig_RightHandRing3" name="mixamorig_RightHandRing3" sid="mixamorig_RightHandRing3" type="JOINT">
                            <matrix sid="matrix">0.999706 -0.023978 0.003609 0.000000 0.023978 0.955406 -0.294320 2.889700 0.003609 0.294320 0.955700 -0.000000 0.000000 0.000000 0.000000 1.000000</matrix>
                            <node id="mixamorig_RightHandRing4" name="mixamorig_RightHandRing4" sid="mixamorig_RightHandRing4" type="JOINT">
                              <matrix sid="matrix">0.999999 0.001599 0.000291 0.000000 -0.001599 0.999999 -0.000000 2.638800 -0.000291 0.000000 1.000000 0.000000 0.000000 0.000000 0.000000 1.000000</matrix>
                            </node>
                          </node>
                        </node>
                      </node>
                      <node id="mixamorig_RightHandPinky1" name="mixamorig_RightHandPinky1" sid="mixamorig_RightHandPinky1" type="JOINT">
                        <matrix sid="matrix">0.995432 -0.080860 0.050763 -3.806300 0.093210 0.707964 -0.700070 8.076700 0.020669 0.701604 0.712267 0.486700 0.000000 0.000000 0.000000 1.000000</matrix>
                        <node id="mixamorig_RightHandPinky2" name="mixamorig_RightHandPinky2" sid="mixamorig_RightHandPinky2" type="JOINT">
                          <matrix sid="matrix">0.998568 -0.050520 0.017572 0.000000 0.050520 0.782880 -0.620118 3.600000 0.017572 0.620118 0.784312 0.000000 0.000000 0.000000 0.000000 1.000000</matrix>
                          <node id="mixamorig_RightHandPinky3" name="mixamorig_RightHandPinky3" sid="mixamorig_RightHandPinky3" type="JOINT">
                            <matrix sid="matrix">0.999325 -0.035778 0.008279 0.000000 0.035778 0.897697 -0.439159 2.100000 0.008280 0.439159 0.898371 0.000000 0.000000 0.000000 0.000000 1.000000</matrix>
                            <node id="mixamorig_RightHandPinky4" name="mixamorig_RightHandPinky4" sid="mixamorig_RightHandPinky4" type="JOINT">
                              <matrix sid="matrix">0.999995 0.000082 0.003138 -0.000000 -0.000082 1.000000 -0.000000 2.115800 -0.003138 0.000000 0.999995 0.000000 0.000000 0.000000 0.000000 1.000000</matrix>
                            </node>
                          </node>
                        </node>
                      </node>
                    </node>
                  </node>
                </node>
              </node>
              <node id="mixamorig_LeftShoulder" name="mixamorig_LeftShoulder" sid="mixamorig_LeftShoulder" type="JOINT">
                <matrix sid="matrix">-0.123334 0.923823 -0.362409 4.570400 0.203776 -0.333838 -0.920341 11.195600 -0.971218 -0.187359 -0.147079 -0.806600 0.000000 0.000000 0.000000 1.000000</matrix>
                <node id="mixamorig_LeftArm" name="mixamorig_LeftArm" sid="mixamorig_LeftArm" type="JOINT">
                  <matrix sid="matrix">0.931310 -0.142709 0.335106 0.000000 0.360906 0.485536 -0.796242 10.837700 -0.049075 0.862490 0.503689 0.000000 0.000000 0.000000 0.000000 1.000000</matrix>
                  <node id="mixamorig_LeftForeArm" name="mixamorig_LeftForeArm" sid="mixamorig_LeftForeArm" type="JOINT">
                    <matrix sid="matrix">0.989566 -0.144079 -0.000000 0.000000 0.144079 0.989566 0.000000 27.841499 0.000000 -0.000000 1.000000 -0.000000 0.000000 0.000000 0.000000 1.000000</matrix>
                    <node id="mixamorig_LeftHand" name="mixamorig_LeftHand" sid="mixamorig_LeftHand" type="JOINT">
                      <matrix sid="matrix">0.982666 -0.080567 0.166961 0.000000 0.067126 0.994147 0.084646 28.328800 -0.172803 -0.071971 0.982323 0.000000 0.000000 0.000000 0.000000 1.000000</matrix>
                      <node id="mixamorig_LeftHandThumb1" name="mixamorig_LeftHandThumb1" sid="mixamorig_LeftHandThumb1" type="JOINT">
                        <matrix sid="matrix">0.875704 -0.481063 -0.041481 -2.681700 0.451613 0.846424 -0.282156 2.466100 0.170846 0.228352 0.958471 1.576200 0.000000 0.000000 0.000000 1.000000</matrix>
                        <node id="mixamorig_LeftHandThumb2" name="mixamorig_LeftHandThumb2" sid="mixamorig_LeftHandThumb2" type="JOINT">
                          <matrix sid="matrix">0.891382 0.452186 0.031072 0.000000 -0.447099 0.888470 -0.103554 4.187100 -0.074432 0.078414 0.994138 0.000000 0.000000 0.000000 0.000000 1.000000</matrix>
                          <node id="mixamorig_LeftHandThumb3" name="mixamorig_LeftHandThumb3" sid="mixamorig_LeftHandThumb3" type="JOINT">
                            <matrix sid="matrix">0.908965 -0.407160 -0.089458 -0.000000 0.414283 0.858398 0.302528 3.418400 -0.046387 -0.312048 0.948933 0.000000 0.000000 0.000000 0.000000 1.000000</matrix>
                            <node id="mixamorig_LeftHandThumb4" name="mixamorig_LeftHandThumb4" sid="mixamorig_LeftHandThumb4" type="JOINT">
                              <matrix sid="matrix">0.966428 -0.081336 0.243724 0.000000 0.083865 0.996477 0.000001 2.580600 -0.242865 0.020439 0.969845 0.000000 0.000000 0.000000 0.000000 1.000000</matrix>
                            </node>
                          </node>
                        </node>
                      </node>
                      <node id="mixamorig_LeftHandIndex1" name="mixamorig_LeftHandIndex1" sid="mixamorig_LeftHandIndex1" type="JOINT">
                        <matrix sid="matrix">0.999161 0.026090 -0.031577 -2.259900 -0.038114 0.874562 -0.483413 9.109300 0.015003 0.484211 0.874823 0.518000 0.000000 0.000000 0.000000 1.000000</matrix>
                        <node id="mixamorig_LeftHandIndex2" name="mixamorig_LeftHandIndex2" sid="mixamorig_LeftHandIndex2" type="JOINT">
                          <matrix sid="matrix">0.998668 0.049928 -0.012996 -0.000000 -0.049928 0.871855 -0.487213 3.700000 -0.012995 0.487213 0.873186 0.000000 0.000000 0.000000 0.000000 1.000000</matrix>
                          <node id="mixamorig_LeftHandIndex3" name="mixamorig_LeftHandIndex3" sid="mixamorig_LeftHandIndex3" type="JOINT">
                            <matrix sid="matrix">0.999562 0.029286 -0.004275 0.000000 -0.029286 0.957847 -0.285782 2.850000 -0.004274 0.285782 0.958285 0.000000 0.000000 0.000000 0.000000 1.000000</matrix>
                            <node id="mixamorig_LeftHandIndex4" name="mixamorig_LeftHandIndex4" sid="mixamorig_LeftHandIndex4" type="JOINT">
                              <matrix sid="matrix">1.000000 0.000026 -0.000756 -0.000000 -0.000026 1.000000 0.000000 2.774900 0.000756 0.000000 1.000000 -0.000000 0.000000 0.000000 0.000000 1.000000</matrix>
                            </node>
                          </node>
                        </node>
                      </node>
                      <node id="mixamorig_LeftHandMiddle1" name="mixamorig_LeftHandMiddle1" sid="mixamorig_LeftHandMiddle1" type="JOINT">
                        <matrix sid="matrix">0.993777 0.101455 -0.045971 -0.000000 -0.108279 0.783187 -0.612285 9.533400 -0.026115 0.613453 0.789299 -0.000000 0.000000 0.000000 0.000000 1.000000</matrix>
                        <node id="mixamorig_LeftHandMiddle2" name="mixamorig_LeftHandMiddle2" sid="mixamorig_LeftHandMiddle2" type="JOINT">
                          <matrix sid="matrix">0.998487 0.052963 -0.014762 0.000000 -0.052964 0.854446 -0.516833 3.700000 -0.014760 0.516833 0.855959 0.000000 0.000000 0.000000 0.000000 1.000000</matrix>
                          <node id="mixamorig_LeftHandMiddle3" name="mixamorig_LeftHandMiddle3" sid="mixamorig_LeftHandMiddle3" type="JOINT">
                            <matrix sid="matrix">0.999333 0.035937 -0.006511 0.000000 -0.035937 0.935803 -0.350687 2.950000 -0.006510 0.350687 0.936470 0.000000 0.000000 0.000000 0.000000 1.000000</matrix>
                            <node id="mixamorig_LeftHandMiddle4" name="mixamorig_LeftHandMiddle4" sid="mixamorig_LeftHandMiddle4" type="JOINT">
                              <matrix sid="matrix">0.999998 -0.000056 -0.002049 0.000000 0.000056 1.000000 -0.000000 2.952900 0.002049 -0.000000 0.999998 0.000000 0.000000 0.000000 0.000000 1.000000</matrix>
                            </node>
                          </node>
                        </node>
                      </node>
                      <node id="mixamorig_LeftHandRing1" name="mixamorig_LeftHandRing1" sid="mixamorig_LeftHandRing1" type="JOINT">
                        <matrix sid="matrix">0.984064 0.171329 -0.047592 1.865100 -0.162893 0.761254 -0.627661 9.104500 -0.071307 0.625411 0.777031 0.043000 0.000000 0.000000 0.000000 1.000000</matrix>
                        <node id="mixamorig_LeftHandRing2" name="mixamorig_LeftHandRing2" sid="mixamorig_LeftHandRing2" type="JOINT">
                          <matrix sid="matrix">0.997410 0.067343 -0.025279 0.000000 -0.067343 0.750743 -0.657152 3.150000 -0.025277 0.657153 0.753334 0.000000 0.000000 0.000000 0.000000 1.000000</matrix>
                          <node id="mixamorig_LeftHandRing3" name="mixamorig_LeftHandRing3" sid="mixamorig_LeftHandRing3" type="JOINT">
                            <matrix sid="matrix">0.999605 0.027850 -0.003858 0.000000 -0.027850 0.961959 -0.271771 2.950000 -0.003857 0.271771 0.962354 -0.000000 0.000000 0.000000 0.000000 1.000000</matrix>
                            <node id="mixamorig_LeftHandRing4" name="mixamorig_LeftHandRing4" sid="mixamorig_LeftHandRing4" type="JOINT">
                              <matrix sid="matrix">1.000000 -0.000031 0.000986 0.000000 0.000031 1.000000 0.000000 2.644300 -0.000986 0.000000 1.000000 0.000000 0.000000 0.000000 0.000000 1.000000</matrix>
                            </node>
                          </node>
                        </node>
                      </node>
                      <node id="mixamorig_LeftHandPinky1" name="mixamorig_LeftHandPinky1" sid="mixamorig_LeftHandPinky1" type="JOINT">
                        <matrix sid="matrix">0.991689 0.120519 -0.045034 3.806300 -0.123950 0.801142 -0.585497 8.077800 -0.034485 0.586213 0.809422 0.486900 0.000000 0.000000 0.000000 1.000000</matrix>
                        <node id="mixamorig_LeftHandPinky2" name="mixamorig_LeftHandPinky2" sid="mixamorig_LeftHandPinky2" type="JOINT">
                          <matrix sid="matrix">0.998734 0.048768 -0.012358 0.000000 -0.048768 0.878150 -0.475892 3.600000 -0.012356 0.475892 0.879417 -0.000000 0.000000 0.000000 0.000000 1.000000</matrix>
                          <node id="mixamorig_LeftHandPinky3" name="mixamorig_LeftHandPinky3" sid="mixamorig_LeftHandPinky3" type="JOINT">
                            <matrix sid="matrix">0.999383 0.034613 -0.006025 0.000000 -0.034614 0.940592 -0.337770 2.100000 -0.006024 0.337770 0.941209 -0.000000 0.000000 0.000000 0.000000 1.000000</matrix>
                            <node id="mixamorig_LeftHandPinky4" name="mixamorig_LeftHandPinky4" sid="mixamorig_LeftHandPinky4" type="JOINT">
                              <matrix sid="matrix">0.999999 0.000590 -0.001567 0.000000 -0.000590 1.000000 -0.000001 2.125500 0.001567 0.000002 0.999999 -0.000000 0.000000 0.000000 0.000000 1.000000</matrix>
                            </node>
                          </node>
                        </node>
                      </node>
                    </node>
                  </node>
                </node>
              </node>
            </node>
          </node>
        </node>
        <node id="mixamorig_RightUpLeg" name="mixamorig_RightUpLeg" sid="mixamorig_RightUpLeg" type="JOINT">
          <matrix sid="matrix">-0.984671 0.022359 -0.172982 -8.207800 -0.035194 -0.996820 0.071489 -6.771800 -0.170833 0.076481 0.982327 -1.512200 0.000000 0.000000 0.000000 1.000000</matrix>
          <node id="mixamorig_RightLeg" name="mixamorig_RightLeg" sid="mixamorig_RightLeg" type="JOINT">
            <matrix sid="matrix">0.998655 -0.037261 0.036051 -0.000000 0.022997 0.941547 0.336095 44.371498 -0.046467 -0.334813 0.941138 0.000000 0.000000 0.000000 0.000000 1.000000</matrix>
            <node id="mixamorig_RightFoot" name="mixamorig_RightFoot" sid="mixamorig_RightFoot" type="JOINT">
              <matrix sid="matrix">0.997807 0.039529 -0.053095 0.000000 -0.065089 0.439911 -0.895679 44.527802 -0.012048 0.897171 0.441519 0.000000 0.000000 0.000000 0.000000 1.000000</matrix>
              <node id="mixamorig_RightToeBase" name="mixamorig_RightToeBase" sid="mixamorig_RightToeBase" type="JOINT">
                <matrix sid="matrix">1.000000 0.000000 0.000000 0.000000 -0.000000 0.739495 -0.673162 13.816900 -0.000000 0.673162 0.739495 0.000000 0.000000 0.000000 0.000000 1.000000</matrix>
                <node id="mixamorig_RightToe_End" name="mixamorig_RightToe_End" sid="mixamorig_RightToe_End" type="JOINT">
                  <matrix sid="matrix">0.999731 0.000000 0.023214 0.000000 0.000000 1.000000 -0.000000 9.278100 -0.023214 0.000000 0.999731 0.000000 0.000000 0.000000 0.000000 1.000000</matrix>
                </node>
              </node>
            </node>
          </node>
        </node>
        <node id="mixamorig_LeftUpLeg" name="mixamorig_LeftUpLeg" sid="mixamorig_LeftUpLeg" type="JOINT">
          <matrix sid="matrix">-0.997948 0.022915 0.059784 8.207800 0.004858 -0.903972 0.427565 -6.771800 0.063841 0.426978 0.902006 -1.512200 0.000000 0.000000 0.000000 1.000000</matrix>
          <node id="mixamorig_LeftLeg" name="mixamorig_LeftLeg" sid="mixamorig_LeftLeg" type="JOINT">
            <matrix sid="matrix">0.998650 -0.004497 -0.051748 0.000000 0.046426 0.524088 0.850398 44.371399 0.023296 -0.851652 0.523589 -0.000000 0.000000 0.000000 0.000000 1.000000</matrix>
            <node id="mixamorig_LeftFoot" name="mixamorig_LeftFoot" sid="mixamorig_LeftFoot" type="JOINT">
              <matrix sid="matrix">0.998446 0.032986 -0.044909 0.000000 -0.055707 0.572268 -0.818173 44.527802 -0.001288 0.819403 0.573216 -0.000000 0.000000 0.000000 0.000000 1.000000</matrix>
              <node id="mixamorig_LeftToeBase" name="mixamorig_LeftToeBase" sid="mixamorig_LeftToeBase" type="JOINT">
                <matrix sid="matrix">1.000000 -0.000000 0.000000 0.000000 0.000000 0.771348 -0.636414 13.816900 -0.000000 0.636414 0.771348 0.000000 0.000000 0.000000 0.000000 1.000000</matrix>
                <node id="mixamorig_LeftToe_End" name="mixamorig_LeftToe_End" sid="mixamorig_LeftToe_End" type="JOINT">
                  <matrix sid="matrix">0.999718 0.000000 -0.023736 -0.000000 0.000000 1.000000 -0.000000 9.278100 0.023736 -0.000000 0.999718 -0.000000 0.000000 0.000000 0.000000 1.000000</matrix>
                </node>
              </node>
            </node>
          </node>
        </node>
      </node>
    </visual_scene>
  </library_visual_scenes>
  <scene>
    <instance_visual_scene url="#RootNode"/>
  </scene>
</COLLADA>
