<?xml version="1.0" encoding="utf-8"?>
<COLLADA xmlns="http://www.collada.org/2005/11/COLLADASchema" version="1.4.1">
  <asset>
    <contributor>
      <author>Mixamo</author>
      <authoring_tool>COLLADA Mixamo exporter</authoring_tool>
      <comments/>
    </contributor>
    <created>2026-01-08T23:57:07Z</created>
    <modified>2026-01-08T23:57:07Z</modified>
    <revision/>
    <title/>
    <unit meter="0.010000"/>
    <up_axis>Y_UP</up_axis>
  </asset>
  <library_animations>
    <animation id="mixamorig_Hips-anim" name="mixamorig_Hips">
      <source id="mixamorig_Hips-Matrix-animation-input">
        <float_array id="mixamorig_Hips-Matrix-animation-input-array" count="90">

0.000000 0.033333 0.066667 0.100000 0.133333 0.166667 0.200000 0.233333 0.266667 0.300000 0.333333 0.366667 0.400000 0.433333 0.466667 0.500000
0.533333 0.566667 0.600000 0.633333 0.666667 0.700000 0.733333 0.766667 0.800000 0.833333 0.866667 0.900000 0.933333 0.966667 1.000000 1.033333
1.066667 1.100000 1.133333 1.166667 1.200000 1.233333 1.266667 1.300000 1.333333 1.366667 1.400000 1.433333 1.466667 1.500000 1.533333 1.566667
1.600000 1.633333 1.666667 1.700000 1.733333 1.766667 1.800000 1.833333 1.866667 1.900000 1.933333 1.966667 2.000000 2.033333 2.066667 2.100000
2.133333 2.166667 2.200000 2.233333 2.266667 2.300000 2.333333 2.366667 2.400000 2.433333 2.466667 2.500000 2.533333 2.566667 2.600000 2.633333
2.666667 2.700000 2.733333 2.766667 2.800000 2.833333 2.866667 2.900000 2.933333 2.966667</float_array>
        <technique_common>
          <accessor source="#mixamorig_Hips-Matrix-animation-input-array" count="90">
            <param name="TIME" type="float"/>
          </accessor>
        </technique_common>
      </source>
      <source id="mixamorig_Hips-Matrix-animation-output-transform">
        <float_array id="mixamorig_Hips-Matrix-animation-output-transform-array" count="1440">

0.522246 -0.072857 -0.849677 -1.316144 0.073001 0.996506 -0.040578 92.526764 0.849665 -0.040836 0.525740 0.766970 0.000000 0.000000 0.000000 1.000000
0.489688 -0.090701 -0.867167 -1.172223 0.094359 0.994246 -0.050709 92.336113 0.866777 -0.056993 0.495428 1.011040 0.000000 0.000000 0.000000 1.000000
0.414429 -0.114513 -0.902849 -0.792589 0.116071 0.990601 -0.072363 91.933060 0.902650 -0.074805 0.423825 1.710843 0.000000 0.000000 0.000000 1.000000
0.331407 -0.138829 -0.933218 -0.534635 0.136931 0.985720 -0.098012 91.557785 0.933498 -0.095305 0.345685 2.465252 0.000000 0.000000 0.000000 1.000000
0.245335 -0.165122 -0.955273 -0.762807 0.157634 0.979068 -0.128752 91.282448 0.956537 -0.118996 0.266228 3.229223 0.000000 0.000000 0.000000 1.000000
0.145384 -0.185129 -0.971901 -1.257858 0.174880 0.971679 -0.158927 90.888229 0.973797 -0.146861 0.173642 3.982692 0.000000 0.000000 0.000000 1.000000
0.035235 -0.200320 -0.979097 -1.980939 0.188664 0.963422 -0.190324 90.440811 0.981409 -0.178015 0.071740 4.888001 0.000000 0.000000 0.000000 1.000000
-0.086335 -0.210338 -0.973809 -2.861886 0.201336 0.953607 -0.223825 89.888092 0.975710 -0.215386 -0.039981 5.850940 0.000000 0.000000 0.000000 1.000000
-0.213923 -0.206704 -0.954731 -3.926338 0.203701 0.946431 -0.250549 89.274078 0.955376 -0.248078 -0.160358 6.845479 0.000000 0.000000 0.000000 1.000000
-0.333542 -0.190286 -0.923331 -5.172376 0.190549 0.945595 -0.263708 88.635429 0.923277 -0.263898 -0.279137 7.857840 0.000000 0.000000 0.000000 1.000000
-0.443054 -0.180352 -0.878167 -6.613028 0.165605 0.946233 -0.277882 87.974854 0.881067 -0.268546 -0.389365 8.832759 0.000000 0.000000 0.000000 1.000000
-0.549355 -0.177241 -0.816575 -8.161846 0.134572 0.945721 -0.295806 87.279213 0.824682 -0.272391 -0.495685 9.577939 0.000000 0.000000 0.000000 1.000000
-0.648956 -0.181147 -0.738946 -9.877357 0.097515 0.943428 -0.316913 86.575142 0.754550 -0.277721 -0.594579 9.923754 0.000000 0.000000 0.000000 1.000000
-0.731939 -0.185735 -0.655567 -11.503440 0.057547 0.941841 -0.331094 85.968597 0.678935 -0.280067 -0.678682 9.884125 0.000000 0.000000 0.000000 1.000000
-0.788383 -0.188642 -0.585548 -12.877286 0.022885 0.942172 -0.334346 85.546654 0.614759 -0.276993 -0.738476 9.459989 0.000000 0.000000 0.000000 1.000000
-0.820090 -0.186682 -0.540928 -14.019899 -0.000359 0.945457 -0.325746 85.235870 0.572235 -0.266946 -0.775427 8.640950 0.000000 0.000000 0.000000 1.000000
-0.818302 -0.176016 -0.547175 -14.678800 -0.009660 0.956036 -0.293091 85.091179 0.574708 -0.234551 -0.784026 7.692867 0.000000 0.000000 0.000000 1.000000
-0.780606 -0.169037 -0.601731 -14.915792 -0.008200 0.965421 -0.260567 85.225319 0.624969 -0.198466 -0.755000 6.543410 0.000000 0.000000 0.000000 1.000000
-0.704510 -0.160814 -0.691233 -14.752332 -0.005215 0.975135 -0.221549 85.495064 0.709674 -0.152478 -0.687832 5.267759 0.000000 0.000000 0.000000 1.000000
-0.598872 -0.140834 -0.788365 -14.404384 -0.003358 0.984849 -0.173383 85.896896 0.800838 -0.101187 -0.590271 3.816645 0.000000 0.000000 0.000000 1.000000
-0.485129 -0.108297 -0.867711 -14.010919 -0.001568 0.992408 -0.122983 86.564987 0.874441 -0.058302 -0.481615 2.178545 0.000000 0.000000 0.000000 1.000000
-0.387617 -0.071641 -0.919032 -13.677488 -0.001487 0.997023 -0.077093 87.516441 0.921819 -0.028516 -0.386570 0.523128 0.000000 0.000000 0.000000 1.000000
-0.308798 -0.041962 -0.950201 -13.388724 -0.008782 0.999110 -0.041268 88.727608 0.951087 -0.004399 -0.308892 -1.097727 0.000000 0.000000 0.000000 1.000000
-0.217511 -0.011416 -0.975991 -13.069021 -0.021941 0.999736 -0.006804 90.388054 0.975811 0.019935 -0.217704 -2.421838 0.000000 0.000000 0.000000 1.000000
-0.108642 0.021206 -0.993855 -12.649726 -0.031579 0.999194 0.024772 92.335258 0.993579 0.034076 -0.107885 -3.456055 0.000000 0.000000 0.000000 1.000000
0.000072 0.061895 -0.998083 -12.181031 -0.045759 0.997037 0.061827 94.448685 0.998953 0.045666 0.002904 -4.306608 0.000000 0.000000 0.000000 1.000000
0.099085 0.098854 -0.990157 -11.639121 -0.056477 0.994008 0.093587 96.503799 0.993475 0.046648 0.104074 -4.969750 0.000000 0.000000 0.000000 1.000000
0.214884 0.119433 -0.969309 -10.926808 -0.065959 0.992003 0.107607 98.327805 0.974410 0.040812 0.221043 -5.508292 0.000000 0.000000 0.000000 1.000000
0.345258 0.128712 -0.929640 -10.062864 -0.082775 0.990867 0.106448 99.758484 0.934850 0.040199 0.352759 -5.944062 0.000000 0.000000 0.000000 1.000000
0.474354 0.122739 -0.871736 -9.043615 -0.095748 0.991552 0.087508 100.896866 0.875112 0.041957 0.482099 -6.334766 0.000000 0.000000 0.000000 1.000000
0.593103 0.106282 -0.798081 -8.071900 -0.099691 0.993315 0.058195 101.321922 0.798931 0.045046 0.599733 -6.745836 0.000000 0.000000 0.000000 1.000000
0.682935 0.071295 -0.726992 -7.524303 -0.101332 0.994850 0.002372 100.814804 0.723417 0.072048 0.686642 -7.195884 0.000000 0.000000 0.000000 1.000000
0.761886 0.038635 -0.646558 -7.273305 -0.099639 0.993329 -0.058056 99.398094 0.640002 0.108655 0.760652 -7.642368 0.000000 0.000000 0.000000 1.000000
0.846488 0.023348 -0.531895 -7.029365 -0.095510 0.989490 -0.108566 97.058861 0.523770 0.142702 0.839822 -8.185711 0.000000 0.000000 0.000000 1.000000
0.930421 0.018377 -0.366031 -6.455117 -0.082108 0.983807 -0.159320 93.115196 0.357176 0.178289 0.916863 -8.962826 0.000000 0.000000 0.000000 1.000000
0.977952 0.011172 -0.208532 -5.556178 -0.053167 0.978983 -0.196887 87.318398 0.201950 0.203633 0.957992 -9.546379 0.000000 0.000000 0.000000 1.000000
0.995837 -0.000914 -0.091144 -4.638120 -0.018843 0.976286 -0.215662 81.278831 0.089180 0.216482 0.972205 -9.868743 0.000000 0.000000 0.000000 1.000000
0.999858 -0.016689 -0.002522 -3.742228 0.015710 0.974795 -0.222547 75.253670 0.006173 0.222476 0.974919 -10.007486 0.000000 0.000000 0.000000 1.000000
0.997564 -0.034432 0.060675 -2.916080 0.047090 0.974030 -0.221470 69.584053 -0.051474 0.223788 0.973278 -9.966393 0.000000 0.000000 0.000000 1.000000
0.993340 -0.052420 0.102610 -2.221169 0.073703 0.973577 -0.216138 64.673485 -0.088569 0.222261 0.970956 -9.814465 0.000000 0.000000 0.000000 1.000000
0.989464 -0.068410 0.127595 -1.710211 0.094351 0.973158 -0.209910 60.920639 -0.109810 0.219737 0.969359 -9.629459 0.000000 0.000000 0.000000 1.000000
0.986950 -0.079679 0.139930 -1.424465 0.107704 0.972647 -0.205812 58.692532 -0.119704 0.218197 0.968536 -9.458238 0.000000 0.000000 0.000000 1.000000
0.986567 -0.082832 0.140798 -1.332359 0.111118 0.972067 -0.206735 58.369110 -0.119741 0.219603 0.968213 -9.334309 0.000000 0.000000 0.000000 1.000000
0.988258 -0.082116 0.128857 -1.122779 0.108485 0.970953 -0.213263 59.315960 -0.107602 0.224738 0.968460 -9.224445 0.000000 0.000000 0.000000 1.000000
0.989496 -0.083790 0.117797 -1.099061 0.108479 0.969002 -0.221962 60.567162 -0.095547 0.232409 0.967914 -9.151396 0.000000 0.000000 0.000000 1.000000
0.990703 -0.083257 0.107594 -1.132173 0.106242 0.967462 -0.229628 62.182423 -0.084975 0.238924 0.967313 -9.075165 0.000000 0.000000 0.000000 1.000000
0.992229 -0.080135 0.095184 -1.170116 0.100640 0.966713 -0.235237 64.159264 -0.073165 0.242988 0.967266 -9.011160 0.000000 0.000000 0.000000 1.000000
0.993945 -0.074722 0.080556 -1.263689 0.092306 0.965549 -0.243298 66.416229 -0.059601 0.249261 0.966601 -8.932517 0.000000 0.000000 0.000000 1.000000
0.995181 -0.067215 0.071391 -1.364988 0.082979 0.965206 -0.247974 68.969841 -0.052240 0.252703 0.966133 -8.758739 0.000000 0.000000 0.000000 1.000000
0.996132 -0.062258 0.062010 -1.477104 0.075788 0.965857 -0.247741 71.811348 -0.044469 0.251482 0.966840 -8.513584 0.000000 0.000000 0.000000 1.000000
0.997013 -0.058470 0.050462 -1.563546 0.069013 0.967771 -0.242193 74.835617 -0.034674 0.244952 0.968915 -8.149570 0.000000 0.000000 0.000000 1.000000
0.997761 -0.056091 0.036435 -1.468214 0.063378 0.966937 -0.247016 77.925629 -0.021375 0.248772 0.968326 -7.613018 0.000000 0.000000 0.000000 1.000000
0.998433 -0.054954 0.010593 -1.243008 0.055893 0.969497 -0.238645 81.307251 0.002845 0.238863 0.971049 -6.959105 0.000000 0.000000 0.000000 1.000000
0.998123 -0.052036 -0.032304 -0.917271 0.043343 0.972757 -0.227739 84.765182 0.043274 0.225911 0.973186 -6.110698 0.000000 0.000000 0.000000 1.000000
0.993986 -0.052408 -0.096151 -0.388276 0.031656 0.978070 -0.205855 88.255630 0.104831 0.201573 0.973847 -5.145398 0.000000 0.000000 0.000000 1.000000
0.980994 -0.055129 -0.186043 0.189458 0.020279 0.982669 -0.184258 91.445221 0.192977 0.176983 0.965110 -4.248813 0.000000 0.000000 0.000000 1.000000
0.955122 -0.059054 -0.290267 0.745189 0.011088 0.986367 -0.164187 93.775146 0.296006 0.153600 0.942755 -3.250331 0.000000 0.000000 0.000000 1.000000
0.913311 -0.063355 -0.402305 1.282018 0.004754 0.989417 -0.145022 95.686012 0.407235 0.130538 0.903947 -2.114997 0.000000 0.000000 0.000000 1.000000
0.852962 -0.064907 -0.517922 1.798580 0.000091 0.992257 -0.124202 97.355103 0.521973 0.105892 0.846363 -0.860713 0.000000 0.000000 0.000000 1.000000
0.777193 -0.062045 -0.626196 2.161277 -0.004782 0.994516 -0.104474 98.571823 0.629244 0.084191 0.772634 0.429164 0.000000 0.000000 0.000000 1.000000
0.686664 -0.058134 -0.724647 2.357101 -0.004442 0.996443 -0.084147 99.331421 0.726962 0.061000 0.683963 1.672626 0.000000 0.000000 0.000000 1.000000
0.584205 -0.055980 -0.809674 2.162514 0.007923 0.997964 -0.063282 99.722229 0.811568 0.030554 0.583459 2.827504 0.000000 0.000000 0.000000 1.000000
0.485351 -0.047231 -0.873043 1.605918 0.030572 0.998846 -0.037040 99.859543 0.873785 -0.008713 0.486234 3.873500 0.000000 0.000000 0.000000 1.000000
0.404830 -0.028774 -0.913939 0.875916 0.050195 0.998697 -0.009208 99.683304 0.913013 -0.042148 0.405746 4.718710 0.000000 0.000000 0.000000 1.000000
0.348380 -0.016487 -0.937208 0.147734 0.068656 0.997609 0.007971 99.372002 0.934836 -0.067122 0.348679 5.272916 0.000000 0.000000 0.000000 1.000000
0.302621 -0.014946 -0.952994 -0.546899 0.087250 0.996113 0.012084 98.996834 0.949109 -0.086806 0.302749 5.565858 0.000000 0.000000 0.000000 1.000000
0.259501 -0.009959 -0.965691 -1.048233 0.097863 0.995071 0.016035 98.472427 0.960772 -0.098666 0.259197 5.589355 0.000000 0.000000 0.000000 1.000000
0.227509 0.001234 -0.973775 -1.307351 0.099912 0.994692 0.024604 97.859856 0.968637 -0.102889 0.226178 5.409572 0.000000 0.000000 0.000000 1.000000
0.220623 0.006613 -0.975337 -1.474567 0.096648 0.994907 0.028607 97.286301 0.970559 -0.100576 0.218860 5.090049 0.000000 0.000000 0.000000 1.000000
0.238720 -0.000659 -0.971088 -1.522882 0.093010 0.995418 0.022189 96.680328 0.966624 -0.095618 0.237687 4.681113 0.000000 0.000000 0.000000 1.000000
0.273264 -0.008640 -0.961900 -1.471632 0.089000 0.995898 0.016338 96.128586 0.957813 -0.090073 0.272912 4.261794 0.000000 0.000000 0.000000 1.000000
0.315466 -0.015167 -0.948816 -1.457460 0.087030 0.996121 0.013013 95.634567 0.944938 -0.086680 0.315562 3.821678 0.000000 0.000000 0.000000 1.000000
0.351614 -0.021571 -0.935897 -1.409210 0.087663 0.996100 0.009976 95.252365 0.932032 -0.085551 0.352133 3.338200 0.000000 0.000000 0.000000 1.000000
0.371662 -0.025402 -0.928021 -1.338323 0.090208 0.995883 0.008868 94.930672 0.923975 -0.087011 0.372423 2.941082 0.000000 0.000000 0.000000 1.000000
0.388826 -0.027752 -0.920893 -1.286349 0.090730 0.995841 0.008298 94.661316 0.916833 -0.086779 0.389727 2.648248 0.000000 0.000000 0.000000 1.000000
0.409968 -0.030204 -0.911600 -1.222540 0.089283 0.995981 0.007153 94.445114 0.907720 -0.084323 0.411017 2.435242 0.000000 0.000000 0.000000 1.000000
0.426960 -0.035809 -0.903561 -1.144014 0.088879 0.996039 0.002525 94.230995 0.899892 -0.081386 0.428452 2.262360 0.000000 0.000000 0.000000 1.000000
0.438250 -0.039179 -0.897999 -1.046838 0.087597 0.996156 -0.000711 94.008873 0.894575 -0.078350 0.439997 2.117088 0.000000 0.000000 0.000000 1.000000
0.446181 -0.042963 -0.893911 -0.943997 0.086618 0.996231 -0.004646 93.761978 0.890741 -0.075355 0.448221 2.005569 0.000000 0.000000 0.000000 1.000000
0.453057 -0.048291 -0.890173 -0.873117 0.085447 0.996287 -0.010559 93.526535 0.887377 -0.071278 0.455501 1.893604 0.000000 0.000000 0.000000 1.000000
0.458338 -0.052840 -0.887206 -0.812876 0.082546 0.996447 -0.016702 93.302238 0.884936 -0.065580 0.461071 1.792169 0.000000 0.000000 0.000000 1.000000
0.462337 -0.056847 -0.884880 -0.768437 0.079141 0.996606 -0.022674 93.086609 0.883165 -0.059547 0.465267 1.705912 0.000000 0.000000 0.000000 1.000000
0.467481 -0.060892 -0.881904 -0.758815 0.075813 0.996711 -0.028632 92.900536 0.880746 -0.053475 0.470559 1.625690 0.000000 0.000000 0.000000 1.000000
0.474505 -0.064366 -0.877897 -0.789157 0.074818 0.996663 -0.032634 92.781258 0.877068 -0.050197 0.477737 1.538802 0.000000 0.000000 0.000000 1.000000
0.483996 -0.066907 -0.872508 -0.876401 0.074185 0.996620 -0.035273 92.705322 0.871920 -0.047655 0.487324 1.397478 0.000000 0.000000 0.000000 1.000000
0.494536 -0.069029 -0.866412 -0.987730 0.073730 0.996580 -0.037315 92.644821 0.866025 -0.045427 0.497934 1.230649 0.000000 0.000000 0.000000 1.000000
0.504853 -0.070697 -0.860306 -1.104990 0.073404 0.996547 -0.038817 92.599785 0.860079 -0.043553 0.508298 1.061469 0.000000 0.000000 0.000000 1.000000
0.513714 -0.071897 -0.854944 -1.210492 0.073186 0.996523 -0.039828 92.568916 0.854834 -0.042110 0.517190 0.912640 0.000000 0.000000 0.000000 1.000000
0.519909 -0.072620 -0.851129 -1.286624 0.073055 0.996509 -0.040398 92.544724 0.851092 -0.041176 0.523399 0.806876 0.000000 0.000000 0.000000 1.000000
0.522246 -0.072857 -0.849677 -1.316145 0.073001 0.996506 -0.040578 92.526764 0.849665 -0.040835 0.525740 0.766967 0.000000 0.000000 0.000000 1.000000</float_array>
        <technique_common>
          <accessor source="#mixamorig_Hips-Matrix-animation-output-transform-array" count="90" stride="16">
            <param type="float4x4"/>
          </accessor>
        </technique_common>
      </source>
      <source id="mixamorig_Hips-Interpolations">
        <Name_array id="mixamorig_Hips-Interpolations-array" count="90">
 LINEAR LINEAR LINEAR LINEAR LINEAR LINEAR LINEAR LINEAR LINEAR LINEAR LINEAR
LINEAR LINEAR LINEAR LINEAR LINEAR LINEAR LINEAR LINEAR LINEAR LINEAR LINEAR LINEAR
LINEAR LINEAR LINEAR LINEAR LINEAR LINEAR LINEAR LINEAR LINEAR LINEAR LINEAR LINEAR
LINEAR LINEAR LINEAR LINEAR LINEAR LINEAR LINEAR LINEAR LINEAR LINEAR LINEAR LINEAR
LINEAR LINEAR LINEAR LINEAR LINEAR LINEAR LINEAR LINEAR LINEAR LINEAR LINEAR LINEAR
LINEAR LINEAR LINEAR LINEAR LINEAR LINEAR LINEAR LINEAR LINEAR LINEAR LINEAR LINEAR
LINEAR LINEAR LINEAR LINEAR LINEAR LINEAR LINEAR LINEAR LINEAR LINEAR LINEAR LINEAR
LINEAR LINEAR LINEAR LINEAR LINEAR LINEAR LINEAR</Name_array>
        <technique_common>
          <accessor source="#mixamorig_Hips-Interpolations-array" count="90">
            <param type="name"/>
          </accessor>
        </technique_common>
      </source>
      <sampler id="mixamorig_Hips-Matrix-animation-transform">
        <input semantic="INPUT" source="#mixamorig_Hips-Matrix-animation-input"/>
        <input semantic="OUTPUT" source="#mixamorig_Hips-Matrix-animation-output-transform"/>
        <input semantic="INTERPOLATION" source="#mixamorig_Hips-Interpolations"/>
      </sampler>
      <channel source="#mixamorig_Hips-Matrix-animation-transform" target="mixamorig_Hips/matrix"/>
    </animation>
    <animation id="mixamorig_Spine-anim" name="mixamorig_Spine">
      <source id="mixamorig_Spine-Matrix-animation-input">
        <float_array id="mixamorig_Spine-Matrix-animation-input-array" count="90">

0.000000 0.033333 0.066667 0.100000 0.133333 0.166667 0.200000 0.233333 0.266667 0.300000 0.333333 0.366667 0.400000 0.433333 0.466667 0.500000
0.533333 0.566667 0.600000 0.633333 0.666667 0.700000 0.733333 0.766667 0.800000 0.833333 0.866667 0.900000 0.933333 0.966667 1.000000 1.033333
1.066667 1.100000 1.133333 1.166667 1.200000 1.233333 1.266667 1.300000 1.333333 1.366667 1.400000 1.433333 1.466667 1.500000 1.533333 1.566667
1.600000 1.633333 1.666667 1.700000 1.733333 1.766667 1.800000 1.833333 1.866667 1.900000 1.933333 1.966667 2.000000 2.033333 2.066667 2.100000
2.133333 2.166667 2.200000 2.233333 2.266667 2.300000 2.333333 2.366667 2.400000 2.433333 2.466667 2.500000 2.533333 2.566667 2.600000 2.633333
2.666667 2.700000 2.733333 2.766667 2.800000 2.833333 2.866667 2.900000 2.933333 2.966667</float_array>
        <technique_common>
          <accessor source="#mixamorig_Spine-Matrix-animation-input-array" count="90">
            <param name="TIME" type="float"/>
          </accessor>
        </technique_common>
      </source>
      <source id="mixamorig_Spine-Matrix-animation-output-transform">
        <float_array id="mixamorig_Spine-Matrix-animation-output-transform-array" count="1440">

0.998655 0.051038 0.009167 0.000000 -0.050688 0.998100 -0.035038 10.182400 -0.010938 0.034526 0.999344 -0.000000 0.000000 0.000000 0.000000 1.000000
0.998847 0.045852 0.014188 -0.000000 -0.045326 0.998343 -0.035445 10.182400 -0.015790 0.034761 0.999271 0.000000 0.000000 0.000000 0.000000 1.000000
0.999139 0.032916 0.025244 0.000000 -0.032012 0.998860 -0.035398 10.182400 -0.026381 0.034560 0.999054 0.000000 0.000000 0.000000 0.000000 1.000000
0.999157 0.019787 0.035966 0.000000 -0.018586 0.999269 -0.033415 10.182400 -0.036601 0.032719 0.998794 0.000000 0.000000 0.000000 0.000000 1.000000
0.998974 0.009769 0.044216 0.000000 -0.008560 0.999586 -0.027453 10.182400 -0.044466 0.027047 0.998645 -0.000000 0.000000 0.000000 0.000000 1.000000
0.998676 0.003051 0.051343 0.000000 -0.001906 0.999749 -0.022336 10.182400 -0.051398 0.022208 0.998431 0.000000 0.000000 0.000000 0.000000 1.000000
0.998363 -0.003507 0.057082 0.000000 0.004530 0.999831 -0.017798 10.182400 -0.057010 0.018028 0.998211 0.000000 0.000000 0.000000 0.000000 1.000000
0.998013 -0.007877 0.062510 -0.000000 0.008758 0.999866 -0.013841 10.182400 -0.062392 0.014361 0.997948 0.000000 0.000000 0.000000 0.000000 1.000000
0.997726 -0.012082 0.066308 -0.000000 0.012880 0.999850 -0.011616 10.182400 -0.066158 0.012443 0.997732 0.000000 0.000000 0.000000 0.000000 1.000000
0.997637 -0.020087 0.065697 0.000000 0.021065 0.999677 -0.014227 10.182400 -0.065390 0.015577 0.997738 0.000000 0.000000 0.000000 0.000000 1.000000
0.997865 -0.030238 0.057894 -0.000000 0.031178 0.999395 -0.015397 10.182400 -0.057393 0.017169 0.998204 0.000000 0.000000 0.000000 0.000000 1.000000
0.998335 -0.036673 0.044520 -0.000000 0.037393 0.999181 -0.015458 10.182400 -0.043917 0.017097 0.998889 0.000000 0.000000 0.000000 0.000000 1.000000
0.998733 -0.040484 0.029881 0.000000 0.040880 0.999083 -0.012740 10.182400 -0.029337 0.013945 0.999472 0.000000 0.000000 0.000000 0.000000 1.000000
0.998904 -0.043555 0.017114 0.000000 0.043724 0.998997 -0.009666 10.182400 -0.016676 0.010403 0.999807 0.000000 0.000000 0.000000 0.000000 1.000000
0.998917 -0.046281 0.004824 0.000000 0.046315 0.998902 -0.007051 10.182400 -0.004492 0.007266 0.999964 -0.000000 0.000000 0.000000 0.000000 1.000000
0.998875 -0.046784 -0.007712 0.000000 0.046754 0.998898 -0.004099 10.182400 0.007895 0.003734 0.999962 0.000000 0.000000 0.000000 0.000000 1.000000
0.998751 -0.044613 -0.022515 0.000000 0.044573 0.999003 -0.002315 10.182400 0.022596 0.001308 0.999744 0.000000 0.000000 0.000000 0.000000 1.000000
0.998382 -0.041252 -0.039125 0.000000 0.041267 0.999148 -0.000449 10.182400 0.039110 -0.001166 0.999234 0.000000 0.000000 0.000000 0.000000 1.000000
0.997714 -0.037163 -0.056440 0.000000 0.037321 0.999302 0.001742 10.182400 0.056335 -0.003844 0.998404 0.000000 0.000000 0.000000 0.000000 1.000000
0.996803 -0.031907 -0.073255 0.000000 0.032325 0.999467 0.004534 10.182400 0.073071 -0.006887 0.997303 0.000000 0.000000 0.000000 0.000000 1.000000
0.995767 -0.025823 -0.088212 0.000000 0.026651 0.999611 0.008229 10.182400 0.087965 -0.010545 0.996068 -0.000000 0.000000 0.000000 0.000000 1.000000
0.994763 -0.019373 -0.100360 0.000000 0.020760 0.999703 0.012802 10.182400 0.100082 -0.014818 0.994869 0.000000 0.000000 0.000000 0.000000 1.000000
0.994169 -0.012879 -0.107065 0.000000 0.014917 0.999722 0.018254 10.182400 0.106801 -0.019745 0.994084 0.000000 0.000000 0.000000 0.000000 1.000000
0.993967 -0.009941 -0.109228 -0.000000 0.012555 0.999651 0.023264 10.182400 0.108958 -0.024495 0.993744 0.000000 0.000000 0.000000 0.000000 1.000000
0.993720 -0.007504 -0.111644 -0.000000 0.010855 0.999508 0.029432 10.182400 0.111368 -0.030459 0.993312 0.000000 0.000000 0.000000 0.000000 1.000000
0.993926 -0.006397 -0.109861 0.000000 0.010134 0.999388 0.033488 10.182400 0.109579 -0.034398 0.993383 0.000000 0.000000 0.000000 0.000000 1.000000
0.994688 -0.005103 -0.102808 0.000000 0.009067 0.999232 0.038123 10.182400 0.102534 -0.038852 0.993970 0.000000 0.000000 0.000000 0.000000 1.000000
0.995683 -0.008202 -0.092453 0.000000 0.012169 0.999025 0.042427 10.182400 0.092015 -0.043369 0.994813 0.000000 0.000000 0.000000 0.000000 1.000000
0.996654 -0.017201 -0.079906 0.000000 0.020585 0.998917 0.041728 10.182400 0.079101 -0.043233 0.995929 0.000000 0.000000 0.000000 0.000000 1.000000
0.997437 -0.024188 -0.067344 0.000000 0.026847 0.998884 0.038855 10.182400 0.066329 -0.040563 0.996973 0.000000 0.000000 0.000000 0.000000 1.000000
0.998079 -0.026636 -0.055933 0.000000 0.028500 0.999056 0.032793 10.182400 0.055006 -0.034324 0.997896 0.000000 0.000000 0.000000 0.000000 1.000000
0.998770 -0.024922 -0.042860 -0.000000 0.026407 0.999058 0.034442 10.182400 0.041961 -0.035532 0.998487 -0.000000 0.000000 0.000000 0.000000 1.000000
0.999341 -0.016969 -0.032081 0.000000 0.018211 0.999080 0.038832 10.182400 0.031393 -0.039391 0.998731 0.000000 0.000000 0.000000 0.000000 1.000000
0.999656 -0.010032 -0.024252 0.000000 0.010905 0.999288 0.036109 10.182400 0.023873 -0.036361 0.999054 0.000000 0.000000 0.000000 0.000000 1.000000
0.999784 -0.003936 -0.020405 0.000000 0.004376 0.999758 0.021569 10.182400 0.020315 -0.021653 0.999559 0.000000 0.000000 0.000000 0.000000 1.000000
0.999827 -0.000499 -0.018604 0.000000 0.000387 0.999982 -0.006024 10.182400 0.018606 0.006016 0.999809 0.000000 0.000000 0.000000 0.000000 1.000000
0.999844 0.002188 -0.017553 -0.000000 -0.002873 0.999231 -0.039103 10.182400 0.017453 0.039147 0.999081 0.000000 0.000000 0.000000 0.000000 1.000000
0.999843 0.004333 -0.017188 0.000000 -0.005610 0.997171 -0.074962 10.182400 0.016815 0.075047 0.997038 -0.000000 0.000000 0.000000 0.000000 1.000000
0.999834 0.005812 -0.017250 0.000000 -0.007689 0.993810 -0.110830 10.182400 0.016499 0.110944 0.993690 0.000000 0.000000 0.000000 0.000000 1.000000
0.999821 0.007315 -0.017466 0.000000 -0.009750 0.989577 -0.143675 10.182400 0.016233 0.143820 0.989471 0.000000 0.000000 0.000000 0.000000 1.000000
0.999802 0.009436 -0.017492 -0.000000 -0.012278 0.985325 -0.170245 10.182400 0.015629 0.170426 0.985246 0.000000 0.000000 0.000000 0.000000 1.000000
0.999780 0.012178 -0.017094 0.000000 -0.015169 0.982158 -0.187444 10.182400 0.014507 0.187662 0.982127 0.000000 0.000000 0.000000 0.000000 1.000000
0.999757 0.014590 -0.016507 -0.000000 -0.017497 0.981134 -0.192534 10.182400 0.013387 0.192777 0.981151 0.000000 0.000000 0.000000 0.000000 1.000000
0.999724 0.017288 -0.015936 0.000000 -0.019994 0.981708 -0.189340 10.182400 0.012371 0.189606 0.981782 0.000000 0.000000 0.000000 0.000000 1.000000
0.999649 0.022136 -0.014523 0.000000 -0.024426 0.982721 -0.183474 10.182400 0.010210 0.183765 0.982917 0.000000 0.000000 0.000000 0.000000 1.000000
0.999577 0.025938 -0.013124 0.000000 -0.027848 0.983922 -0.176416 10.182400 0.008338 0.176707 0.984228 0.000000 0.000000 0.000000 0.000000 1.000000
0.999529 0.028855 -0.010431 0.000000 -0.030199 0.985280 -0.168260 10.182400 0.005422 0.168495 0.985688 0.000000 0.000000 0.000000 0.000000 1.000000
0.999487 0.031329 -0.006610 0.000000 -0.031978 0.987103 -0.156861 10.182400 0.001611 0.156992 0.987598 0.000000 0.000000 0.000000 0.000000 1.000000
0.999470 0.032365 -0.003494 -0.000000 -0.032530 0.988993 -0.144339 10.182400 -0.001216 0.144376 0.989522 0.000000 0.000000 0.000000 0.000000 1.000000
0.999418 0.034110 -0.000195 -0.000000 -0.033842 0.990812 -0.130944 10.182400 -0.004274 0.130875 0.991390 0.000000 0.000000 0.000000 0.000000 1.000000
0.999345 0.036082 0.002732 -0.000000 -0.035514 0.992480 -0.117140 10.182400 -0.006938 0.116967 0.993112 -0.000000 0.000000 0.000000 0.000000 1.000000
0.999326 0.036358 0.005073 -0.000000 -0.035703 0.994728 -0.096130 10.182400 -0.008542 0.095884 0.995356 0.000000 0.000000 0.000000 0.000000 1.000000
0.999304 0.036456 0.007918 0.000000 -0.035718 0.996229 -0.079075 10.182400 -0.010771 0.078737 0.996837 -0.000000 0.000000 0.000000 0.000000 1.000000
0.999339 0.034396 0.011749 0.000000 -0.033605 0.997514 -0.061933 10.182400 -0.013850 0.061497 0.998011 0.000000 0.000000 0.000000 0.000000 1.000000
0.999360 0.032423 0.015116 0.000000 -0.031622 0.998223 -0.050511 10.182400 -0.016727 0.050001 0.998609 0.000000 0.000000 0.000000 0.000000 1.000000
0.999319 0.031203 0.019680 -0.000000 -0.030391 0.998725 -0.040318 10.182400 -0.020913 0.039693 0.998993 0.000000 0.000000 0.000000 0.000000 1.000000
0.999312 0.029980 0.021822 -0.000000 -0.029312 0.999111 -0.030283 10.182400 -0.022711 0.029622 0.999303 -0.000000 0.000000 0.000000 0.000000 1.000000
0.999373 0.026026 0.024000 0.000000 -0.025515 0.999446 -0.021360 10.182400 -0.024543 0.020734 0.999484 0.000000 0.000000 0.000000 0.000000 1.000000
0.999462 0.020331 0.025728 0.000000 -0.019972 0.999701 -0.014136 10.182400 -0.026008 0.013614 0.999569 -0.000000 0.000000 0.000000 0.000000 1.000000
0.999576 0.013073 0.026033 0.000000 -0.012897 0.999893 -0.006900 10.182400 -0.026120 0.006562 0.999637 0.000000 0.000000 0.000000 0.000000 1.000000
0.999653 0.006635 0.025483 -0.000000 -0.006606 0.999977 -0.001220 10.182400 -0.025490 0.001051 0.999675 0.000000 0.000000 0.000000 0.000000 1.000000
0.999664 0.005240 0.025387 0.000000 -0.005360 0.999975 0.004649 10.182400 -0.025362 -0.004784 0.999667 0.000000 0.000000 0.000000 0.000000 1.000000
0.999684 0.006422 0.024292 0.000000 -0.006628 0.999942 0.008440 10.182400 -0.024236 -0.008599 0.999669 0.000000 0.000000 0.000000 0.000000 1.000000
0.999757 0.005641 0.021333 -0.000000 -0.005840 0.999940 0.009281 10.182400 -0.021279 -0.009403 0.999729 -0.000000 0.000000 0.000000 0.000000 1.000000
0.999833 0.005242 0.017486 0.000000 -0.005438 0.999923 0.011191 10.182400 -0.017426 -0.011284 0.999784 0.000000 0.000000 0.000000 0.000000 1.000000
0.999849 0.007621 0.015622 0.000000 -0.007862 0.999850 0.015432 10.182400 -0.015502 -0.015553 0.999759 0.000000 0.000000 0.000000 0.000000 1.000000
0.999823 0.009835 0.016040 0.000000 -0.010097 0.999816 0.016297 10.182400 -0.015877 -0.016456 0.999739 0.000000 0.000000 0.000000 0.000000 1.000000
0.999804 0.011390 0.016190 0.000000 -0.011583 0.999863 0.011849 10.182400 -0.016052 -0.012034 0.999799 0.000000 0.000000 0.000000 0.000000 1.000000
0.999804 0.012976 0.014943 0.000000 -0.013102 0.999879 0.008353 10.182400 -0.014833 -0.008547 0.999853 0.000000 0.000000 0.000000 0.000000 1.000000
0.999819 0.014993 0.011710 -0.000000 -0.015097 0.999847 0.008818 10.182400 -0.011576 -0.008994 0.999893 0.000000 0.000000 0.000000 0.000000 1.000000
0.999839 0.016876 0.006134 0.000000 -0.016925 0.999826 0.007886 10.182400 -0.006000 -0.007989 0.999950 0.000000 0.000000 0.000000 0.000000 1.000000
0.999822 0.018880 0.000705 0.000000 -0.018884 0.999805 0.005860 10.182400 -0.000594 -0.005872 0.999983 0.000000 0.000000 0.000000 0.000000 1.000000
0.999753 0.022091 -0.002593 0.000000 -0.022083 0.999751 0.003185 10.182400 0.002663 -0.003127 0.999992 0.000000 0.000000 0.000000 0.000000 1.000000
0.999650 0.026244 -0.003469 0.000000 -0.026244 0.999656 -0.000035 10.182400 0.003467 0.000126 0.999994 0.000000 0.000000 0.000000 0.000000 1.000000
0.999552 0.029457 -0.005251 0.000000 -0.029476 0.999559 -0.003629 10.182400 0.005142 0.003782 0.999980 0.000000 0.000000 0.000000 0.000000 1.000000
0.999480 0.031459 -0.007050 0.000000 -0.031512 0.999476 -0.007427 10.182400 0.006813 0.007645 0.999948 0.000000 0.000000 0.000000 0.000000 1.000000
0.999412 0.033569 -0.007051 0.000000 -0.033640 0.999383 -0.010112 10.182400 0.006707 0.010344 0.999924 0.000000 0.000000 0.000000 0.000000 1.000000
0.999344 0.035746 -0.005884 0.000000 -0.035823 0.999268 -0.013437 10.182400 0.005399 0.013639 0.999892 -0.000000 0.000000 0.000000 0.000000 1.000000
0.999263 0.038107 -0.004571 0.000000 -0.038178 0.999134 -0.016519 10.182400 0.003938 0.016682 0.999853 0.000000 0.000000 0.000000 0.000000 1.000000
0.999171 0.040539 -0.003643 -0.000000 -0.040602 0.998994 -0.019065 10.182400 0.002866 0.019197 0.999812 0.000000 0.000000 0.000000 0.000000 1.000000
0.999121 0.041856 -0.002072 0.000000 -0.041891 0.998890 -0.021526 10.182400 0.001169 0.021594 0.999766 -0.000000 0.000000 0.000000 0.000000 1.000000
0.999081 0.042858 -0.000103 0.000000 -0.042848 0.998795 -0.023929 10.182400 -0.000923 0.023912 0.999714 -0.000000 0.000000 0.000000 0.000000 1.000000
0.999051 0.043524 0.001936 -0.000000 -0.043459 0.998724 -0.025726 10.182400 -0.003053 0.025617 0.999667 0.000000 0.000000 0.000000 0.000000 1.000000
0.998993 0.044700 0.003842 -0.000000 -0.044578 0.998626 -0.027533 10.182400 -0.005068 0.027334 0.999614 -0.000000 0.000000 0.000000 0.000000 1.000000
0.998923 0.046085 0.005357 -0.000000 -0.045909 0.998513 -0.029400 10.182400 -0.006704 0.029122 0.999553 -0.000000 0.000000 0.000000 0.000000 1.000000
0.998847 0.047538 0.006651 0.000000 -0.047309 0.998394 -0.031166 10.182400 -0.008122 0.030816 0.999492 0.000000 0.000000 0.000000 0.000000 1.000000
0.998774 0.048894 0.007710 0.000000 -0.048617 0.998281 -0.032721 10.182400 -0.009297 0.032306 0.999435 0.000000 0.000000 0.000000 0.000000 1.000000
0.998712 0.050017 0.008502 0.000000 -0.049701 0.998187 -0.033951 10.182400 -0.010184 0.033484 0.999387 0.000000 0.000000 0.000000 0.000000 1.000000
0.998670 0.050772 0.008998 -0.000000 -0.050431 0.998123 -0.034754 10.182400 -0.010746 0.034254 0.999355 0.000000 0.000000 0.000000 0.000000 1.000000
0.998655 0.051038 0.009167 0.000000 -0.050688 0.998100 -0.035038 10.182400 -0.010938 0.034526 0.999344 -0.000000 0.000000 0.000000 0.000000 1.000000</float_array>
        <technique_common>
          <accessor source="#mixamorig_Spine-Matrix-animation-output-transform-array" count="90" stride="16">
            <param type="float4x4"/>
          </accessor>
        </technique_common>
      </source>
      <source id="mixamorig_Spine-Interpolations">
        <Name_array id="mixamorig_Spine-Interpolations-array" count="90">
 LINEAR LINEAR LINEAR LINEAR LINEAR LINEAR LINEAR LINEAR LINEAR LINEAR LINEAR
LINEAR LINEAR LINEAR LINEAR LINEAR LINEAR LINEAR LINEAR LINEAR LINEAR LINEAR LINEAR
LINEAR LINEAR LINEAR LINEAR LINEAR LINEAR LINEAR LINEAR LINEAR LINEAR LINEAR LINEAR
LINEAR LINEAR LINEAR LINEAR LINEAR LINEAR LINEAR LINEAR LINEAR LINEAR LINEAR LINEAR
LINEAR LINEAR LINEAR LINEAR LINEAR LINEAR LINEAR LINEAR LINEAR LINEAR LINEAR LINEAR
LINEAR LINEAR LINEAR LINEAR LINEAR LINEAR LINEAR LINEAR LINEAR LINEAR LINEAR LINEAR
LINEAR LINEAR LINEAR LINEAR LINEAR LINEAR LINEAR LINEAR LINEAR LINEAR LINEAR LINEAR
LINEAR LINEAR LINEAR LINEAR LINEAR LINEAR LINEAR</Name_array>
        <technique_common>
          <accessor source="#mixamorig_Spine-Interpolations-array" count="90">
            <param type="name"/>
          </accessor>
        </technique_common>
      </source>
      <sampler id="mixamorig_Spine-Matrix-animation-transform">
        <input semantic="INPUT" source="#mixamorig_Spine-Matrix-animation-input"/>
        <input semantic="OUTPUT" source="#mixamorig_Spine-Matrix-animation-output-transform"/>
        <input semantic="INTERPOLATION" source="#mixamorig_Spine-Interpolations"/>
      </sampler>
      <channel source="#mixamorig_Spine-Matrix-animation-transform" target="mixamorig_Spine/matrix"/>
    </animation>
    <animation id="mixamorig_Spine1-anim" name="mixamorig_Spine1">
      <source id="mixamorig_Spine1-Matrix-animation-input">
        <float_array id="mixamorig_Spine1-Matrix-animation-input-array" count="90">

0.000000 0.033333 0.066667 0.100000 0.133333 0.166667 0.200000 0.233333 0.266667 0.300000 0.333333 0.366667 0.400000 0.433333 0.466667 0.500000
0.533333 0.566667 0.600000 0.633333 0.666667 0.700000 0.733333 0.766667 0.800000 0.833333 0.866667 0.900000 0.933333 0.966667 1.000000 1.033333
1.066667 1.100000 1.133333 1.166667 1.200000 1.233333 1.266667 1.300000 1.333333 1.366667 1.400000 1.433333 1.466667 1.500000 1.533333 1.566667
1.600000 1.633333 1.666667 1.700000 1.733333 1.766667 1.800000 1.833333 1.866667 1.900000 1.933333 1.966667 2.000000 2.033333 2.066667 2.100000
2.133333 2.166667 2.200000 2.233333 2.266667 2.300000 2.333333 2.366667 2.400000 2.433333 2.466667 2.500000 2.533333 2.566667 2.600000 2.633333
2.666667 2.700000 2.733333 2.766667 2.800000 2.833333 2.866667 2.900000 2.933333 2.966667</float_array>
        <technique_common>
          <accessor source="#mixamorig_Spine1-Matrix-animation-input-array" count="90">
            <param name="TIME" type="float"/>
          </accessor>
        </technique_common>
      </source>
      <source id="mixamorig_Spine1-Matrix-animation-output-transform">
        <float_array id="mixamorig_Spine1-Matrix-animation-output-transform-array" count="1440">

0.995240 0.096319 0.014807 0.000000 -0.093106 0.984693 -0.147348 10.002700 -0.028772 0.145268 0.988974 0.000000 0.000000 0.000000 0.000000 1.000000
0.996072 0.084720 0.025763 0.000000 -0.080004 0.985706 -0.148264 10.002700 -0.037955 0.145621 0.988612 0.000000 0.000000 0.000000 0.000000 1.000000
0.997027 0.058943 0.049626 0.000000 -0.051013 0.987646 -0.148168 10.002700 -0.057746 0.145196 0.987716 0.000000 0.000000 0.000000 0.000000 1.000000
0.996799 0.032715 0.072953 0.000000 -0.021943 0.989356 -0.143853 10.002700 -0.076883 0.141792 0.986906 0.000000 0.000000 0.000000 0.000000 1.000000
0.995766 0.012204 0.091116 -0.000000 -0.000118 0.991318 -0.131488 10.002700 -0.091929 0.130921 0.987121 0.000000 0.000000 0.000000 0.000000 1.000000
0.994300 -0.001365 0.106613 0.000000 0.014317 0.992571 -0.120820 10.002700 -0.105656 0.121657 0.986933 0.000000 0.000000 0.000000 0.000000 1.000000
0.992785 -0.014491 0.119028 0.000000 0.027839 0.993402 -0.111258 10.002700 -0.116630 0.113768 0.986638 0.000000 0.000000 0.000000 0.000000 1.000000
0.991203 -0.022709 0.130386 0.000000 0.036318 0.994021 -0.102970 10.002700 -0.127268 0.106800 0.986102 0.000000 0.000000 0.000000 0.000000 1.000000
0.990009 -0.029463 0.137893 -0.000000 0.043278 0.994217 -0.098282 10.002700 -0.134200 0.103268 0.985559 0.000000 0.000000 0.000000 0.000000 1.000000
0.989762 -0.042320 0.136311 0.000000 0.056679 0.993040 -0.103244 10.002700 -0.130993 0.109913 0.985272 0.000000 0.000000 0.000000 0.000000 1.000000
0.991042 -0.058543 0.120034 0.000000 0.071392 0.991832 -0.105702 10.002700 -0.112865 0.113324 0.987127 0.000000 0.000000 0.000000 0.000000 1.000000
0.993460 -0.067614 0.092012 0.000000 0.077329 0.991303 -0.106479 10.002700 -0.084012 0.112898 0.990048 0.000000 0.000000 0.000000 0.000000 1.000000
0.995442 -0.072752 0.061662 0.000000 0.078780 0.991686 -0.101743 10.002700 -0.053747 0.106137 0.992898 0.000000 0.000000 0.000000 0.000000 1.000000
0.996391 -0.077190 0.035314 0.000000 0.080266 0.992128 -0.096118 10.002700 -0.027617 0.098606 0.994743 0.000000 0.000000 0.000000 0.000000 1.000000
0.996609 -0.081642 0.010288 0.000000 0.082242 0.992420 -0.091313 10.002700 -0.002755 0.091849 0.995769 -0.000000 0.000000 0.000000 0.000000 1.000000
0.996467 -0.082691 -0.014688 0.000000 0.081139 0.993003 -0.085805 10.002700 0.021680 0.084310 0.996204 -0.000000 0.000000 0.000000 0.000000 1.000000
0.995933 -0.079007 -0.043296 0.000000 0.075242 0.993739 -0.082591 10.002700 0.049550 0.078997 0.995643 0.000000 0.000000 0.000000 0.000000 1.000000
0.994484 -0.073276 -0.075052 0.000000 0.067312 0.994589 -0.079127 10.002700 0.080444 0.073638 0.994035 0.000000 0.000000 0.000000 0.000000 1.000000
0.991952 -0.066205 -0.107931 0.000000 0.058295 0.995488 -0.074868 10.002700 0.112400 0.067973 0.991335 -0.000000 0.000000 0.000000 0.000000 1.000000
0.988453 -0.057997 -0.139989 0.000000 0.048645 0.996407 -0.069329 10.002700 0.143507 0.061719 0.987723 0.000000 0.000000 0.000000 0.000000 1.000000
0.984355 -0.048811 -0.169299 0.000000 0.038802 0.997326 -0.061935 10.002700 0.171869 0.054397 0.983617 -0.000000 0.000000 0.000000 0.000000 1.000000
0.980231 -0.039171 -0.193941 0.000000 0.029448 0.998173 -0.052765 10.002700 0.195654 0.046011 0.979593 -0.000000 0.000000 0.000000 0.000000 1.000000
0.977585 -0.029333 -0.208486 0.000000 0.021051 0.998903 -0.041834 10.002700 0.209484 0.036507 0.977130 0.000000 0.000000 0.000000 0.000000 1.000000
0.976390 -0.025464 -0.214508 0.000000 0.019034 0.999307 -0.031991 10.002700 0.215174 0.027153 0.976198 0.000000 0.000000 0.000000 0.000000 1.000000
0.975136 -0.020817 -0.220628 0.000000 0.016896 0.999664 -0.019645 10.002700 0.220963 0.015428 0.975160 0.000000 0.000000 0.000000 0.000000 1.000000
0.975796 -0.017734 -0.217963 0.000000 0.015623 0.999813 -0.011408 10.002700 0.218124 0.007726 0.975890 -0.000000 0.000000 0.000000 0.000000 1.000000
0.978754 -0.013802 -0.204572 0.000000 0.013699 0.999904 -0.001916 10.002700 0.204579 -0.000927 0.978850 -0.000000 0.000000 0.000000 0.000000 1.000000
0.982741 -0.017739 -0.184136 0.000000 0.019291 0.999792 0.006643 10.002700 0.183979 -0.010081 0.982878 -0.000000 0.000000 0.000000 0.000000 1.000000
0.986742 -0.032792 -0.158951 -0.000000 0.034010 0.999409 0.004953 10.002700 0.158694 -0.010293 0.987274 0.000000 0.000000 0.000000 0.000000 1.000000
0.990015 -0.044464 -0.133764 0.000000 0.044752 0.998998 -0.000854 10.002700 0.133668 -0.005141 0.991013 0.000000 0.000000 0.000000 0.000000 1.000000
0.992625 -0.049098 -0.110840 0.000000 0.047964 0.998766 -0.012876 10.002700 0.111335 0.007465 0.993755 0.000000 0.000000 0.000000 0.000000 1.000000
0.995241 -0.047451 -0.085114 0.000000 0.046817 0.998859 -0.009426 10.002700 0.085464 0.005396 0.996327 -0.000000 0.000000 0.000000 0.000000 1.000000
0.997400 -0.033080 -0.064021 0.000000 0.033129 0.999451 -0.000286 10.002700 0.063995 -0.001836 0.997949 -0.000000 0.000000 0.000000 0.000000 1.000000
0.998548 -0.022475 -0.048954 0.000000 0.022228 0.999737 -0.005577 10.002700 0.049066 0.004481 0.998785 0.000000 0.000000 0.000000 0.000000 1.000000
0.999054 -0.013031 -0.041492 0.000000 0.011599 0.999335 -0.034560 10.002700 0.041915 0.034046 0.998541 0.000000 0.000000 0.000000 0.000000 1.000000
0.999222 -0.009001 -0.038404 -0.000000 0.005528 0.995962 -0.089606 10.002700 0.039055 0.089324 0.995237 -0.000000 0.000000 0.000000 0.000000 1.000000
0.999303 -0.007059 -0.036648 0.000000 0.001284 0.987869 -0.155283 10.002700 0.037300 0.155128 0.987190 0.000000 0.000000 0.000000 0.000000 1.000000
0.999322 -0.006019 -0.036336 0.000000 -0.002343 0.974173 -0.225791 10.002700 0.036756 0.225723 0.973498 0.000000 0.000000 0.000000 0.000000 1.000000
0.999291 -0.005264 -0.037281 0.000000 -0.005985 0.955379 -0.295323 10.002700 0.037172 0.295337 0.954670 0.000000 0.000000 0.000000 0.000000 1.000000
0.999234 -0.003950 -0.038943 -0.000000 -0.010256 0.933716 -0.357868 10.002700 0.037775 0.357993 0.932960 0.000000 0.000000 0.000000 0.000000 1.000000
0.999182 -0.001135 -0.040427 0.000000 -0.015451 0.913062 -0.407527 10.002700 0.037375 0.407818 0.912298 0.000000 0.000000 0.000000 0.000000 1.000000
0.999158 0.003498 -0.040882 -0.000000 -0.021112 0.898176 -0.439129 10.002700 0.035183 0.439623 0.897493 0.000000 0.000000 0.000000 0.000000 1.000000
0.999156 0.008226 -0.040241 0.000000 -0.025415 0.893485 -0.448373 10.002700 0.032267 0.449017 0.892940 0.000000 0.000000 0.000000 0.000000 1.000000
0.999131 0.014020 -0.039256 0.000000 -0.029962 0.896270 -0.442495 10.002700 0.028980 0.443286 0.895911 0.000000 0.000000 0.000000 0.000000 1.000000
0.999021 0.024334 -0.036931 0.000000 -0.037911 0.901226 -0.431689 10.002700 0.022778 0.432666 0.901266 0.000000 0.000000 0.000000 0.000000 1.000000
0.998873 0.032744 -0.034368 0.000000 -0.044139 0.907075 -0.418648 10.002700 0.017466 0.419694 0.907498 0.000000 0.000000 0.000000 0.000000 1.000000
0.998787 0.039802 -0.028994 0.000000 -0.048125 0.913692 -0.403548 10.002700 0.010430 0.404454 0.914499 0.000000 0.000000 0.000000 0.000000 1.000000
0.998702 0.046312 -0.021202 -0.000000 -0.050900 0.922617 -0.382343 10.002700 0.001854 0.382926 0.923777 0.000000 0.000000 0.000000 0.000000 1.000000
0.998645 0.049981 -0.014487 0.000000 -0.051849 0.931952 -0.358856 10.002700 -0.004435 0.359121 0.933280 0.000000 0.000000 0.000000 0.000000 1.000000
0.998454 0.055066 -0.007543 0.000000 -0.054426 0.941169 -0.333525 10.002700 -0.011267 0.333420 0.942711 0.000000 0.000000 0.000000 0.000000 1.000000
0.998168 0.060495 -0.001420 0.000000 -0.058004 0.949867 -0.307226 10.002700 -0.017237 0.306746 0.951635 0.000000 0.000000 0.000000 0.000000 1.000000
0.998042 0.062419 0.004080 -0.000000 -0.059070 0.961940 -0.266801 10.002700 -0.020578 0.266037 0.963743 0.000000 0.000000 0.000000 0.000000 1.000000
0.997884 0.064198 0.010295 0.000000 -0.060022 0.970448 -0.233726 10.002700 -0.024996 0.232614 0.972248 0.000000 0.000000 0.000000 0.000000 1.000000
0.997900 0.062060 0.018536 0.000000 -0.057107 0.978073 -0.200281 10.002700 -0.030559 0.198802 0.979563 0.000000 0.000000 0.000000 0.000000 1.000000
0.997892 0.059678 0.025479 -0.000000 -0.054219 0.982558 -0.177874 10.002700 -0.035650 0.176118 0.983723 0.000000 0.000000 0.000000 0.000000 1.000000
0.997713 0.058012 0.034680 0.000000 -0.051851 0.986102 -0.157842 10.002700 -0.043355 0.155683 0.986855 -0.000000 0.000000 0.000000 0.000000 1.000000
0.997623 0.056845 0.038944 0.000000 -0.050972 0.989114 -0.138041 10.002700 -0.046368 0.135728 0.989661 0.000000 0.000000 0.000000 0.000000 1.000000
0.997661 0.052488 0.043792 -0.000000 -0.046884 0.991615 -0.120419 10.002700 -0.049745 0.118084 0.991757 0.000000 0.000000 0.000000 0.000000 1.000000
0.997832 0.044770 0.048230 0.000000 -0.039450 0.993572 -0.106107 10.002700 -0.052671 0.103974 0.993184 0.000000 0.000000 0.000000 0.000000 1.000000
0.998237 0.032427 0.049716 0.000000 -0.027771 0.995406 -0.091630 10.002700 -0.052459 0.090088 0.994551 0.000000 0.000000 0.000000 0.000000 1.000000
0.998548 0.021842 0.049243 0.000000 -0.017842 0.996615 -0.080245 10.002700 -0.050829 0.079250 0.995558 -0.000000 0.000000 0.000000 0.000000 1.000000
0.998596 0.018874 0.049489 -0.000000 -0.015458 0.997531 -0.068510 10.002700 -0.050660 0.067649 0.996422 -0.000000 0.000000 0.000000 0.000000 1.000000
0.998657 0.020133 0.047743 0.000000 -0.017207 0.997994 -0.060929 10.002700 -0.048874 0.060026 0.997000 0.000000 0.000000 0.000000 0.000000 1.000000
0.998955 0.017537 0.042214 0.000000 -0.015022 0.998135 -0.059169 10.002700 -0.043173 0.058473 0.997355 0.000000 0.000000 0.000000 0.000000 1.000000
0.999275 0.015478 0.034780 0.000000 -0.013540 0.998379 -0.055279 10.002700 -0.035579 0.054768 0.997865 0.000000 0.000000 0.000000 0.000000 1.000000
0.999339 0.018712 0.031159 0.000000 -0.017242 0.998756 -0.046795 10.002700 -0.031996 0.046227 0.998418 0.000000 0.000000 0.000000 0.000000 1.000000
0.999248 0.021792 0.032058 0.000000 -0.020335 0.998777 -0.045074 10.002700 -0.033001 0.044388 0.998469 0.000000 0.000000 0.000000 0.000000 1.000000
0.999182 0.024199 0.032388 0.000000 -0.022428 0.998291 -0.053968 10.002700 -0.033639 0.053198 0.998017 0.000000 0.000000 0.000000 0.000000 1.000000
0.999194 0.026814 0.029877 0.000000 -0.024955 0.997829 -0.060946 10.002700 -0.031446 0.060151 0.997694 0.000000 0.000000 0.000000 0.000000 1.000000
0.999268 0.030273 0.023391 0.000000 -0.028824 0.997782 -0.059994 10.002700 -0.025155 0.059276 0.997925 0.000000 0.000000 0.000000 0.000000 1.000000
0.999364 0.033531 0.012135 -0.000000 -0.032720 0.997553 -0.061790 10.002700 -0.014177 0.061354 0.998015 0.000000 0.000000 0.000000 0.000000 1.000000
0.999325 0.036728 0.001099 0.000000 -0.036576 0.997166 -0.065748 10.002700 -0.003511 0.065664 0.997836 -0.000000 0.000000 0.000000 0.000000 1.000000
0.999097 0.042097 -0.005737 0.000000 -0.042398 0.996574 -0.071018 10.002700 0.002728 0.071197 0.997459 0.000000 0.000000 0.000000 0.000000 1.000000
0.998757 0.049248 -0.007745 0.000000 -0.049701 0.995760 -0.077410 10.002700 0.003900 0.077699 0.996969 -0.000000 0.000000 0.000000 0.000000 1.000000
0.998443 0.054572 -0.011536 0.000000 -0.055354 0.994883 -0.084522 10.002700 0.006865 0.085029 0.996355 0.000000 0.000000 0.000000 0.000000 1.000000
0.998203 0.057925 -0.015360 -0.000000 -0.059097 0.994001 -0.092029 10.002700 0.009937 0.092771 0.995638 0.000000 0.000000 0.000000 0.000000 1.000000
0.997968 0.061791 -0.015552 0.000000 -0.063016 0.993252 -0.097359 10.002700 0.009431 0.098142 0.995128 0.000000 0.000000 0.000000 0.000000 1.000000
0.997728 0.066019 -0.013441 0.000000 -0.067061 0.992315 -0.103990 10.002700 0.006472 0.104655 0.994487 -0.000000 0.000000 0.000000 0.000000 1.000000
0.997438 0.070687 -0.011026 0.000000 -0.071472 0.991342 -0.110146 10.002700 0.003145 0.110651 0.993854 -0.000000 0.000000 0.000000 0.000000 1.000000
0.997100 0.075523 -0.009384 0.000000 -0.076102 0.990421 -0.115220 10.002700 0.000593 0.115600 0.993296 0.000000 0.000000 0.000000 0.000000 1.000000
0.996908 0.078321 -0.006409 0.000000 -0.078523 0.989645 -0.120150 10.002700 -0.003067 0.120282 0.992735 -0.000000 0.000000 0.000000 0.000000 1.000000
0.996747 0.080556 -0.002632 0.000000 -0.080253 0.988907 -0.124987 10.002700 -0.007466 0.124792 0.992155 0.000000 0.000000 0.000000 0.000000 1.000000
0.996622 0.082113 0.001329 0.000000 -0.081261 0.988359 -0.128622 10.002700 -0.011875 0.128080 0.991693 -0.000000 0.000000 0.000000 0.000000 1.000000
0.996412 0.084484 0.004989 -0.000000 -0.083085 0.987725 -0.132271 10.002700 -0.016103 0.131382 0.991201 0.000000 0.000000 0.000000 0.000000 1.000000
0.996162 0.087183 0.007826 0.000000 -0.085315 0.987024 -0.136036 10.002700 -0.019585 0.134846 0.990673 0.000000 0.000000 0.000000 0.000000 1.000000
0.995899 0.089889 0.010237 0.000000 -0.087590 0.986329 -0.139585 10.002700 -0.022644 0.138115 0.990157 0.000000 0.000000 0.000000 0.000000 1.000000
0.995650 0.092376 0.012179 -0.000000 -0.089707 0.985692 -0.142701 10.002700 -0.025187 0.140987 0.989691 0.000000 0.000000 0.000000 0.000000 1.000000
0.995439 0.094424 0.013619 0.000000 -0.091464 0.985170 -0.145167 10.002700 -0.027124 0.143259 0.989313 0.000000 0.000000 0.000000 0.000000 1.000000
0.995294 0.095811 0.014510 -0.000000 -0.092663 0.984819 -0.146780 10.002700 -0.028353 0.144744 0.989063 0.000000 0.000000 0.000000 0.000000 1.000000
0.995240 0.096319 0.014807 0.000000 -0.093106 0.984693 -0.147348 10.002700 -0.028773 0.145268 0.988974 0.000000 0.000000 0.000000 0.000000 1.000000</float_array>
        <technique_common>
          <accessor source="#mixamorig_Spine1-Matrix-animation-output-transform-array" count="90" stride="16">
            <param type="float4x4"/>
          </accessor>
        </technique_common>
      </source>
      <source id="mixamorig_Spine1-Interpolations">
        <Name_array id="mixamorig_Spine1-Interpolations-array" count="90">
 LINEAR LINEAR LINEAR LINEAR LINEAR LINEAR LINEAR LINEAR LINEAR LINEAR LINEAR
LINEAR LINEAR LINEAR LINEAR LINEAR LINEAR LINEAR LINEAR LINEAR LINEAR LINEAR LINEAR
LINEAR LINEAR LINEAR LINEAR LINEAR LINEAR LINEAR LINEAR LINEAR LINEAR LINEAR LINEAR
LINEAR LINEAR LINEAR LINEAR LINEAR LINEAR LINEAR LINEAR LINEAR LINEAR LINEAR LINEAR
LINEAR LINEAR LINEAR LINEAR LINEAR LINEAR LINEAR LINEAR LINEAR LINEAR LINEAR LINEAR
LINEAR LINEAR LINEAR LINEAR LINEAR LINEAR LINEAR LINEAR LINEAR LINEAR LINEAR LINEAR
LINEAR LINEAR LINEAR LINEAR LINEAR LINEAR LINEAR LINEAR LINEAR LINEAR LINEAR LINEAR
LINEAR LINEAR LINEAR LINEAR LINEAR LINEAR LINEAR</Name_array>
        <technique_common>
          <accessor source="#mixamorig_Spine1-Interpolations-array" count="90">
            <param type="name"/>
          </accessor>
        </technique_common>
      </source>
      <sampler id="mixamorig_Spine1-Matrix-animation-transform">
        <input semantic="INPUT" source="#mixamorig_Spine1-Matrix-animation-input"/>
        <input semantic="OUTPUT" source="#mixamorig_Spine1-Matrix-animation-output-transform"/>
        <input semantic="INTERPOLATION" source="#mixamorig_Spine1-Interpolations"/>
      </sampler>
      <channel source="#mixamorig_Spine1-Matrix-animation-transform" target="mixamorig_Spine1/matrix"/>
    </animation>
    <animation id="mixamorig_Spine2-anim" name="mixamorig_Spine2">
      <source id="mixamorig_Spine2-Matrix-animation-input">
        <float_array id="mixamorig_Spine2-Matrix-animation-input-array" count="90">

0.000000 0.033333 0.066667 0.100000 0.133333 0.166667 0.200000 0.233333 0.266667 0.300000 0.333333 0.366667 0.400000 0.433333 0.466667 0.500000
0.533333 0.566667 0.600000 0.633333 0.666667 0.700000 0.733333 0.766667 0.800000 0.833333 0.866667 0.900000 0.933333 0.966667 1.000000 1.033333
1.066667 1.100000 1.133333 1.166667 1.200000 1.233333 1.266667 1.300000 1.333333 1.366667 1.400000 1.433333 1.466667 1.500000 1.533333 1.566667
1.600000 1.633333 1.666667 1.700000 1.733333 1.766667 1.800000 1.833333 1.866667 1.900000 1.933333 1.966667 2.000000 2.033333 2.066667 2.100000
2.133333 2.166667 2.200000 2.233333 2.266667 2.300000 2.333333 2.366667 2.400000 2.433333 2.466667 2.500000 2.533333 2.566667 2.600000 2.633333
2.666667 2.700000 2.733333 2.766667 2.800000 2.833333 2.866667 2.900000 2.933333 2.966667</float_array>
        <technique_common>
          <accessor source="#mixamorig_Spine2-Matrix-animation-input-array" count="90">
            <param name="TIME" type="float"/>
          </accessor>
        </technique_common>
      </source>
      <source id="mixamorig_Spine2-Matrix-animation-output-transform">
        <float_array id="mixamorig_Spine2-Matrix-animation-output-transform-array" count="1440">

0.995241 0.096661 0.012321 -0.000000 -0.093087 0.980503 -0.173059 9.322100 -0.028809 0.171089 0.984834 0.000000 0.000000 0.000000 0.000000 1.000000
0.996072 0.085348 0.023572 0.000000 -0.079981 0.981492 -0.174002 9.322100 -0.037986 0.171433 0.984463 -0.000000 0.000000 0.000000 0.000000 1.000000
0.997028 0.060193 0.048091 -0.000000 -0.050982 0.983433 -0.173955 9.322100 -0.057766 0.170986 0.983579 0.000000 0.000000 0.000000 0.000000 1.000000
0.996799 0.034576 0.072087 0.000000 -0.021904 0.985255 -0.169685 9.322100 -0.076891 0.167563 0.982858 0.000000 0.000000 0.000000 0.000000 1.000000
0.995765 0.014540 0.090773 0.000000 -0.000074 0.987539 -0.157374 9.322100 -0.091930 0.156701 0.983358 0.000000 0.000000 0.000000 0.000000 1.000000
0.994300 0.001374 0.106613 0.000000 0.014367 0.989071 -0.146741 9.322100 -0.105650 0.147437 0.983413 -0.000000 0.000000 0.000000 0.000000 1.000000
0.992785 -0.011427 0.119362 0.000000 0.027893 0.990150 -0.137204 9.322100 -0.116619 0.139543 0.983325 0.000000 0.000000 0.000000 0.000000 1.000000
0.991203 -0.019350 0.130928 0.000000 0.036377 0.990986 -0.128936 9.322100 -0.127253 0.132564 0.982972 0.000000 0.000000 0.000000 0.000000 1.000000
0.990008 -0.025908 0.138608 -0.000000 0.043338 0.991304 -0.124253 9.322100 -0.134183 0.129018 0.982522 0.000000 0.000000 0.000000 0.000000 1.000000
0.989761 -0.038802 0.137357 0.000000 0.056739 0.989996 -0.129183 9.322100 -0.130970 0.135654 0.982062 0.000000 0.000000 0.000000 0.000000 1.000000
0.991042 -0.055439 0.121501 0.000000 0.071444 0.988724 -0.131609 9.322100 -0.112835 0.139111 0.983827 -0.000000 0.000000 0.000000 0.000000 1.000000
0.993459 -0.065229 0.093723 -0.000000 0.077370 0.988176 -0.132374 9.322100 -0.083980 0.138760 0.986759 0.000000 0.000000 0.000000 0.000000 1.000000
0.995441 -0.071148 0.063517 -0.000000 0.078810 0.988683 -0.127652 9.322100 -0.053716 0.132075 0.989783 0.000000 0.000000 0.000000 0.000000 1.000000
0.996390 -0.076262 0.037292 0.000000 0.080285 0.989273 -0.122041 9.322100 -0.027585 0.124594 0.991824 0.000000 0.000000 0.000000 0.000000 1.000000
0.996608 -0.081359 0.012389 0.000000 0.082251 0.989691 -0.117245 9.322100 -0.002722 0.117866 0.993026 0.000000 0.000000 0.000000 0.000000 1.000000
0.996466 -0.083050 -0.012552 0.000000 0.081138 0.990418 -0.111755 9.322100 0.021713 0.110341 0.993657 -0.000000 0.000000 0.000000 0.000000 1.000000
0.995933 -0.080105 -0.041245 0.000000 0.075231 0.991239 -0.108560 9.322100 0.049579 0.105016 0.993234 -0.000000 0.000000 0.000000 0.000000 1.000000
0.994483 -0.075194 -0.073138 0.000000 0.067289 0.992180 -0.105120 9.322100 0.080470 0.099618 0.991766 0.000000 0.000000 0.000000 0.000000 1.000000
0.991951 -0.068973 -0.106188 0.000000 0.058260 0.993191 -0.100885 9.322100 0.112423 0.093886 0.989215 -0.000000 0.000000 0.000000 0.000000 1.000000
0.988453 -0.061593 -0.138447 0.000000 0.048597 0.994255 -0.095370 9.322100 0.143526 0.087541 0.985767 0.000000 0.000000 0.000000 0.000000 1.000000
0.984355 -0.053166 -0.167984 0.000000 0.038743 0.995367 -0.088001 9.322100 0.171884 0.080116 0.981854 -0.000000 0.000000 0.000000 0.000000 1.000000
0.980231 -0.044164 -0.192867 0.000000 0.029380 0.996453 -0.078855 9.322100 0.195665 0.071629 0.978051 0.000000 0.000000 0.000000 0.000000 1.000000
0.977585 -0.034704 -0.207661 0.000000 0.020977 0.997469 -0.067945 9.322100 0.209493 0.062066 0.975838 -0.000000 0.000000 0.000000 0.000000 1.000000
0.976390 -0.030992 -0.213781 -0.000000 0.018957 0.998130 -0.058115 9.322100 0.215182 0.052691 0.975151 0.000000 0.000000 0.000000 0.000000 1.000000
0.975136 -0.026503 -0.220017 -0.000000 0.016817 0.998810 -0.045782 9.322100 0.220969 0.040944 0.974421 0.000000 0.000000 0.000000 0.000000 1.000000
0.975796 -0.023354 -0.217434 -0.000000 0.015545 0.999174 -0.037552 9.322100 0.218131 0.033263 0.975352 0.000000 0.000000 0.000000 0.000000 1.000000
0.978754 -0.019077 -0.204149 0.000000 0.013627 0.999513 -0.028067 9.322100 0.204585 0.024689 0.978537 0.000000 0.000000 0.000000 0.000000 1.000000
0.982741 -0.022486 -0.183616 0.000000 0.019228 0.999625 -0.019509 9.322100 0.183986 0.015642 0.982804 0.000000 0.000000 0.000000 0.000000 1.000000
0.986742 -0.036885 -0.158053 0.000000 0.033957 0.999199 -0.021191 9.322100 0.158708 0.015543 0.987203 0.000000 0.000000 0.000000 0.000000 1.000000
0.990015 -0.047904 -0.132573 0.000000 0.044708 0.998636 -0.026986 9.322100 0.133685 0.020790 0.990806 0.000000 0.000000 0.000000 0.000000 1.000000
0.992624 -0.051946 -0.109538 0.000000 0.047929 0.998089 -0.038999 9.322100 0.111355 0.033462 0.993217 0.000000 0.000000 0.000000 0.000000 1.000000
0.995240 -0.049637 -0.083863 0.000000 0.046792 0.998272 -0.035554 9.322100 0.085483 0.031460 0.995843 -0.000000 0.000000 0.000000 0.000000 1.000000
0.997400 -0.034727 -0.063147 0.000000 0.033113 0.999102 -0.026432 9.322100 0.064008 0.024272 0.997654 0.000000 0.000000 0.000000 0.000000 1.000000
0.998548 -0.023737 -0.048358 0.000000 0.022217 0.999250 -0.031730 9.322100 0.049075 0.030609 0.998326 0.000000 0.000000 0.000000 0.000000 1.000000
0.999054 -0.014104 -0.041142 0.000000 0.011591 0.998089 -0.060691 9.322100 0.041920 0.060157 0.997308 0.000000 0.000000 0.000000 0.000000 1.000000
0.999222 -0.009996 -0.038158 -0.000000 0.005521 0.993277 -0.115631 9.322100 0.039058 0.115330 0.992559 0.000000 0.000000 0.000000 0.000000 1.000000
0.999303 -0.008010 -0.036453 0.000000 0.001278 0.983469 -0.181074 9.322100 0.037300 0.180901 0.982794 -0.000000 0.000000 0.000000 0.000000 1.000000
0.999322 -0.006961 -0.036166 0.000000 -0.002349 0.967933 -0.251199 9.322100 0.036755 0.251114 0.967260 -0.000000 0.000000 0.000000 0.000000 1.000000
0.999291 -0.006231 -0.037130 0.000000 -0.005991 0.947326 -0.320215 9.322100 0.037169 0.320211 0.946617 0.000000 0.000000 0.000000 0.000000 1.000000
0.999234 -0.004960 -0.038825 -0.000000 -0.010262 0.924034 -0.382172 9.322100 0.037771 0.382278 0.923275 0.000000 0.000000 0.000000 0.000000 1.000000
0.999182 -0.002184 -0.040380 0.000000 -0.015457 0.902088 -0.431274 9.322100 0.037369 0.431546 0.901317 -0.000000 0.000000 0.000000 0.000000 1.000000
0.999158 0.002436 -0.040954 0.000000 -0.021117 0.886380 -0.462476 9.322100 0.035175 0.462951 0.885686 0.000000 0.000000 0.000000 0.000000 1.000000
0.999156 0.007179 -0.040436 -0.000000 -0.025419 0.881449 -0.471594 9.322100 0.032257 0.472224 0.880888 -0.000000 0.000000 0.000000 0.000000 1.000000
0.999131 0.012996 -0.039600 0.000000 -0.029965 0.884388 -0.465790 9.322100 0.028968 0.466572 0.884009 0.000000 0.000000 0.000000 0.000000 1.000000
0.999022 0.023367 -0.037542 0.000000 -0.037911 0.889623 -0.455118 9.322100 0.022763 0.456097 0.889639 0.000000 0.000000 0.000000 0.000000 1.000000
0.998873 0.031840 -0.035196 -0.000000 -0.044137 0.895813 -0.442235 9.322100 0.017449 0.443290 0.896209 0.000000 0.000000 0.000000 0.000000 1.000000
0.998787 0.039034 -0.030006 -0.000000 -0.048121 0.902822 -0.427314 9.322100 0.010411 0.428240 0.903605 0.000000 0.000000 0.000000 0.000000 1.000000
0.998702 0.045742 -0.022384 0.000000 -0.050893 0.912299 -0.406350 9.322100 0.001834 0.406962 0.913443 0.000000 0.000000 0.000000 0.000000 1.000000
0.998646 0.049583 -0.015766 -0.000000 -0.051839 0.922245 -0.383115 9.322100 -0.004456 0.383414 0.923566 0.000000 0.000000 0.000000 0.000000 1.000000
0.998455 0.054845 -0.008956 0.000000 -0.054413 0.932122 -0.358033 9.322100 -0.011289 0.357967 0.933666 0.000000 0.000000 0.000000 0.000000 1.000000
0.998168 0.060430 -0.002975 0.000000 -0.057989 0.941505 -0.331971 9.322100 -0.017260 0.331536 0.943285 0.000000 0.000000 0.000000 0.000000 1.000000
0.998042 0.062495 0.002473 0.000000 -0.059054 0.954632 -0.291875 9.322100 -0.020601 0.291158 0.956453 0.000000 0.000000 0.000000 0.000000 1.000000
0.997885 0.064434 0.008640 0.000000 -0.060003 0.964002 -0.259035 9.322100 -0.025020 0.257968 0.965829 0.000000 0.000000 0.000000 0.000000 1.000000
0.997901 0.062509 0.016933 0.000000 -0.057087 0.972500 -0.225800 9.322100 -0.030582 0.224359 0.974027 -0.000000 0.000000 0.000000 0.000000 1.000000
0.997893 0.060306 0.023935 0.000000 -0.054197 0.977570 -0.203519 9.322100 -0.035671 0.201793 0.978778 0.000000 0.000000 0.000000 0.000000 1.000000
0.997714 0.058879 0.033176 0.000000 -0.051825 0.981637 -0.183585 9.322100 -0.043376 0.181446 0.982444 0.000000 0.000000 0.000000 0.000000 1.000000
0.997624 0.057822 0.037468 -0.000000 -0.050945 0.985166 -0.163870 9.322100 -0.046388 0.161571 0.985770 0.000000 0.000000 0.000000 0.000000 1.000000
0.997661 0.053590 0.042426 -0.000000 -0.046856 0.988127 -0.146319 9.322100 -0.049764 0.143989 0.988327 -0.000000 0.000000 0.000000 0.000000 1.000000
0.997833 0.045989 0.047063 0.000000 -0.039421 0.990457 -0.132063 9.322100 -0.052687 0.129921 0.990124 0.000000 0.000000 0.000000 0.000000 1.000000
0.998237 0.033689 0.048865 -0.000000 -0.027742 0.992669 -0.117639 9.322100 -0.052470 0.116076 0.991853 0.000000 0.000000 0.000000 0.000000 1.000000
0.998548 0.023095 0.048665 0.000000 -0.017814 0.994176 -0.106289 9.322100 -0.050836 0.105268 0.993144 -0.000000 0.000000 0.000000 0.000000 1.000000
0.998596 0.020134 0.048988 0.000000 -0.015430 0.995398 -0.094582 9.322100 -0.050667 0.093693 0.994311 -0.000000 0.000000 0.000000 0.000000 1.000000
0.998657 0.021348 0.047210 0.000000 -0.017179 0.996059 -0.087016 9.322100 -0.048881 0.086088 0.995088 0.000000 0.000000 0.000000 0.000000 1.000000
0.998955 0.018610 0.041750 0.000000 -0.014996 0.996246 -0.085260 9.322100 -0.043180 0.084545 0.995484 0.000000 0.000000 0.000000 0.000000 1.000000
0.999275 0.016361 0.034370 0.000000 -0.013518 0.996592 -0.081378 9.322100 -0.035585 0.080855 0.996090 -0.000000 0.000000 0.000000 0.000000 1.000000
0.999339 0.019500 0.030667 0.000000 -0.017221 0.997190 -0.072907 9.322100 -0.032003 0.072330 0.996867 -0.000000 0.000000 0.000000 0.000000 1.000000
0.999249 0.022602 0.031488 0.000000 -0.020314 0.997256 -0.071187 9.322100 -0.033010 0.070494 0.996966 0.000000 0.000000 0.000000 0.000000 1.000000
0.999183 0.025018 0.031754 0.000000 -0.022407 0.996538 -0.080066 9.322100 -0.033647 0.079289 0.996284 0.000000 0.000000 0.000000 0.000000 1.000000
0.999194 0.027567 0.029176 0.000000 -0.024935 0.995894 -0.087029 9.322100 -0.031455 0.086231 0.995778 -0.000000 0.000000 0.000000 0.000000 1.000000
0.999268 0.030857 0.022604 0.000000 -0.028805 0.995872 -0.086077 9.322100 -0.025167 0.085363 0.996032 0.000000 0.000000 0.000000 0.000000 1.000000
0.999364 0.033824 0.011268 0.000000 -0.032706 0.995595 -0.087866 9.322100 -0.014190 0.087442 0.996069 0.000000 0.000000 0.000000 0.000000 1.000000
0.999325 0.036736 0.000154 0.000000 -0.036567 0.995105 -0.091813 9.322100 -0.003526 0.091745 0.995776 0.000000 0.000000 0.000000 0.000000 1.000000
0.999097 0.041926 -0.006818 0.000000 -0.042391 0.994375 -0.097065 9.322100 0.002710 0.097267 0.995255 0.000000 0.000000 0.000000 0.000000 1.000000
0.998757 0.049024 -0.009010 0.000000 -0.049694 0.993394 -0.103434 9.322100 0.003880 0.103754 0.994595 0.000000 0.000000 0.000000 0.000000 1.000000
0.998444 0.054249 -0.012937 0.000000 -0.055349 0.992332 -0.110520 9.322100 0.006842 0.111064 0.993790 0.000000 0.000000 0.000000 0.000000 1.000000
0.998203 0.057501 -0.016846 0.000000 -0.059092 0.991254 -0.118002 9.322100 0.009914 0.118785 0.992870 -0.000000 0.000000 0.000000 0.000000 1.000000
0.997968 0.061361 -0.017138 -0.000000 -0.063011 0.990366 -0.123311 9.322100 0.009406 0.124141 0.992220 -0.000000 0.000000 0.000000 0.000000 1.000000
0.997728 0.065642 -0.015137 -0.000000 -0.067055 0.989255 -0.129916 9.322100 0.006446 0.130635 0.991410 0.000000 0.000000 0.000000 0.000000 1.000000
0.997438 0.070371 -0.012844 0.000000 -0.071465 0.988122 -0.136043 9.322100 0.003118 0.136612 0.990620 -0.000000 0.000000 0.000000 0.000000 1.000000
0.997101 0.075248 -0.011326 0.000000 -0.076093 0.987068 -0.141092 9.322100 0.000562 0.141544 0.989932 0.000000 0.000000 0.000000 0.000000 1.000000
0.996908 0.078122 -0.008424 0.000000 -0.078514 0.986164 -0.146000 9.322100 -0.003099 0.146210 0.989249 0.000000 0.000000 0.000000 0.000000 1.000000
0.996747 0.080454 -0.004705 -0.000000 -0.080242 0.985300 -0.150816 9.322100 -0.007497 0.150703 0.988551 0.000000 0.000000 0.000000 0.000000 1.000000
0.996623 0.082111 -0.000788 0.000000 -0.081248 0.984657 -0.154435 9.322100 -0.011905 0.153978 0.988003 0.000000 0.000000 0.000000 0.000000 1.000000
0.996413 0.084576 0.002812 0.000000 -0.083071 0.983928 -0.158067 9.322100 -0.016135 0.157266 0.987424 0.000000 0.000000 0.000000 0.000000 1.000000
0.996162 0.087348 0.005578 0.000000 -0.085299 0.983128 -0.161812 9.322100 -0.019618 0.160715 0.986806 0.000000 0.000000 0.000000 0.000000 1.000000
0.995900 0.090115 0.007919 0.000000 -0.087573 0.982341 -0.165342 9.322100 -0.022679 0.163970 0.986205 0.000000 0.000000 0.000000 0.000000 1.000000
0.995650 0.092651 0.009797 -0.000000 -0.089688 0.981623 -0.168440 9.322100 -0.025223 0.166828 0.985663 -0.000000 0.000000 0.000000 0.000000 1.000000
0.995440 0.094735 0.011182 0.000000 -0.091445 0.981037 -0.170892 9.322100 -0.027160 0.169090 0.985226 0.000000 0.000000 0.000000 0.000000 1.000000
0.995295 0.096145 0.012038 -0.000000 -0.092644 0.980644 -0.172495 9.322100 -0.028389 0.170568 0.984937 0.000000 0.000000 0.000000 0.000000 1.000000
0.995241 0.096661 0.012321 0.000000 -0.093087 0.980503 -0.173059 9.322100 -0.028809 0.171089 0.984834 0.000000 0.000000 0.000000 0.000000 1.000000</float_array>
        <technique_common>
          <accessor source="#mixamorig_Spine2-Matrix-animation-output-transform-array" count="90" stride="16">
            <param type="float4x4"/>
          </accessor>
        </technique_common>
      </source>
      <source id="mixamorig_Spine2-Interpolations">
        <Name_array id="mixamorig_Spine2-Interpolations-array" count="90">
 LINEAR LINEAR LINEAR LINEAR LINEAR LINEAR LINEAR LINEAR LINEAR LINEAR LINEAR
LINEAR LINEAR LINEAR LINEAR LINEAR LINEAR LINEAR LINEAR LINEAR LINEAR LINEAR LINEAR
LINEAR LINEAR LINEAR LINEAR LINEAR LINEAR LINEAR LINEAR LINEAR LINEAR LINEAR LINEAR
LINEAR LINEAR LINEAR LINEAR LINEAR LINEAR LINEAR LINEAR LINEAR LINEAR LINEAR LINEAR
LINEAR LINEAR LINEAR LINEAR LINEAR LINEAR LINEAR LINEAR LINEAR LINEAR LINEAR LINEAR
LINEAR LINEAR LINEAR LINEAR LINEAR LINEAR LINEAR LINEAR LINEAR LINEAR LINEAR LINEAR
LINEAR LINEAR LINEAR LINEAR LINEAR LINEAR LINEAR LINEAR LINEAR LINEAR LINEAR LINEAR
LINEAR LINEAR LINEAR LINEAR LINEAR LINEAR LINEAR</Name_array>
        <technique_common>
          <accessor source="#mixamorig_Spine2-Interpolations-array" count="90">
            <param type="name"/>
          </accessor>
        </technique_common>
      </source>
      <sampler id="mixamorig_Spine2-Matrix-animation-transform">
        <input semantic="INPUT" source="#mixamorig_Spine2-Matrix-animation-input"/>
        <input semantic="OUTPUT" source="#mixamorig_Spine2-Matrix-animation-output-transform"/>
        <input semantic="INTERPOLATION" source="#mixamorig_Spine2-Interpolations"/>
      </sampler>
      <channel source="#mixamorig_Spine2-Matrix-animation-transform" target="mixamorig_Spine2/matrix"/>
    </animation>
    <animation id="mixamorig_Neck-anim" name="mixamorig_Neck">
      <source id="mixamorig_Neck-Matrix-animation-input">
        <float_array id="mixamorig_Neck-Matrix-animation-input-array" count="90">

0.000000 0.033333 0.066667 0.100000 0.133333 0.166667 0.200000 0.233333 0.266667 0.300000 0.333333 0.366667 0.400000 0.433333 0.466667 0.500000
0.533333 0.566667 0.600000 0.633333 0.666667 0.700000 0.733333 0.766667 0.800000 0.833333 0.866667 0.900000 0.933333 0.966667 1.000000 1.033333
1.066667 1.100000 1.133333 1.166667 1.200000 1.233333 1.266667 1.300000 1.333333 1.366667 1.400000 1.433333 1.466667 1.500000 1.533333 1.566667
1.600000 1.633333 1.666667 1.700000 1.733333 1.766667 1.800000 1.833333 1.866667 1.900000 1.933333 1.966667 2.000000 2.033333 2.066667 2.100000
2.133333 2.166667 2.200000 2.233333 2.266667 2.300000 2.333333 2.366667 2.400000 2.433333 2.466667 2.500000 2.533333 2.566667 2.600000 2.633333
2.666667 2.700000 2.733333 2.766667 2.800000 2.833333 2.866667 2.900000 2.933333 2.966667</float_array>
        <technique_common>
          <accessor source="#mixamorig_Neck-Matrix-animation-input-array" count="90">
            <param name="TIME" type="float"/>
          </accessor>
        </technique_common>
      </source>
      <source id="mixamorig_Neck-Matrix-animation-output-transform">
        <float_array id="mixamorig_Neck-Matrix-animation-output-transform-array" count="1440">

0.885839 -0.239367 0.397483 0.000000 0.097987 0.933846 0.343992 16.865299 -0.453529 -0.265773 0.850692 0.000000 0.000000 0.000000 0.000000 1.000000
0.890783 -0.255690 0.375671 -0.000000 0.102867 0.918685 0.381361 16.865299 -0.442634 -0.301066 0.844651 -0.000000 0.000000 0.000000 0.000000 1.000000
0.896432 -0.265038 0.355197 -0.000000 0.105411 0.905981 0.409984 16.865299 -0.430463 -0.330081 0.840088 0.000000 0.000000 0.000000 0.000000 1.000000
0.902817 -0.273248 0.332051 0.000000 0.119280 0.900990 0.417120 16.865299 -0.413152 -0.336976 0.846022 0.000000 0.000000 0.000000 0.000000 1.000000
0.912595 -0.295872 0.282190 0.000000 0.149868 0.884204 0.442407 16.865299 -0.380409 -0.361447 0.851261 0.000000 0.000000 0.000000 0.000000 1.000000
0.919905 -0.325550 0.218615 0.000000 0.192848 0.860985 0.470652 16.865299 -0.341446 -0.390796 0.854806 -0.000000 0.000000 0.000000 0.000000 1.000000
0.931908 -0.318200 0.174057 0.000000 0.203672 0.856207 0.474791 16.865299 -0.300107 -0.407011 0.862715 0.000000 0.000000 0.000000 0.000000 1.000000
0.946300 -0.294573 0.133206 -0.000000 0.205388 0.865980 0.455953 16.865299 -0.249665 -0.404110 0.879979 0.000000 0.000000 0.000000 0.000000 1.000000
0.959687 -0.265905 0.091084 0.000000 0.205530 0.884937 0.417904 16.865299 -0.191727 -0.382336 0.903914 -0.000000 0.000000 0.000000 0.000000 1.000000
0.967577 -0.247945 0.048151 0.000000 0.210409 0.896718 0.389391 16.865299 -0.139725 -0.366635 0.919813 0.000000 0.000000 0.000000 0.000000 1.000000
0.972499 -0.232147 0.018815 0.000000 0.211602 0.914402 0.345099 16.865299 -0.097318 -0.331627 0.938378 0.000000 0.000000 0.000000 0.000000 1.000000
0.972012 -0.234838 -0.006647 0.000000 0.225181 0.923226 0.311363 16.865299 -0.066983 -0.304145 0.950268 0.000000 0.000000 0.000000 0.000000 1.000000
0.968852 -0.246196 -0.026695 -0.000000 0.243154 0.925334 0.290918 16.865299 -0.046921 -0.288347 0.956376 -0.000000 0.000000 0.000000 0.000000 1.000000
0.968001 -0.247878 -0.039127 -0.000000 0.248593 0.925888 0.284487 16.865299 -0.034291 -0.285110 0.957881 -0.000000 0.000000 0.000000 0.000000 1.000000
0.969986 -0.237820 -0.050684 0.000000 0.241694 0.920103 0.308212 16.865299 -0.026664 -0.311211 0.949967 0.000000 0.000000 0.000000 0.000000 1.000000
0.967297 -0.245168 -0.065036 0.000000 0.252647 0.908531 0.332778 16.865299 -0.022499 -0.338326 0.940760 -0.000000 0.000000 0.000000 0.000000 1.000000
0.963272 -0.255623 -0.082239 0.000000 0.268144 0.899353 0.345346 16.865299 -0.014317 -0.354714 0.934865 0.000000 0.000000 0.000000 0.000000 1.000000
0.948985 -0.295934 -0.108861 0.000000 0.315308 0.887319 0.336519 16.865299 -0.002993 -0.353676 0.935363 0.000000 0.000000 0.000000 0.000000 1.000000
0.937396 -0.325390 -0.124134 0.000000 0.348258 0.873656 0.339767 16.865299 -0.002106 -0.361727 0.932282 0.000000 0.000000 0.000000 0.000000 1.000000
0.930449 -0.345680 -0.121534 0.000000 0.366118 0.863527 0.346813 16.865299 -0.014938 -0.367187 0.930027 0.000000 0.000000 0.000000 0.000000 1.000000
0.917809 -0.379841 -0.115528 0.000000 0.396259 0.858387 0.325807 16.865299 -0.024587 -0.344808 0.938351 0.000000 0.000000 0.000000 0.000000 1.000000
0.895449 -0.433532 -0.101101 0.000000 0.443406 0.848441 0.289032 16.865299 -0.039526 -0.303642 0.951966 0.000000 0.000000 0.000000 0.000000 1.000000
0.885171 -0.459998 -0.069814 0.000000 0.459205 0.839610 0.290146 16.865299 -0.074850 -0.288888 0.954432 0.000000 0.000000 0.000000 0.000000 1.000000
0.887100 -0.461121 -0.020514 0.000000 0.447915 0.849257 0.279525 16.865299 -0.111473 -0.257155 0.959919 0.000000 0.000000 0.000000 0.000000 1.000000
0.890249 -0.454523 0.029433 0.000000 0.437603 0.871454 0.221519 16.865299 -0.126335 -0.184327 0.974712 -0.000000 0.000000 0.000000 0.000000 1.000000
0.905445 -0.416591 0.081371 -0.000000 0.408562 0.907340 0.099049 16.865299 -0.115094 -0.056439 0.991750 0.000000 0.000000 0.000000 0.000000 1.000000
0.931677 -0.343948 0.116955 -0.000000 0.353515 0.932517 -0.073745 16.865299 -0.083698 0.110052 0.990395 0.000000 0.000000 0.000000 0.000000 1.000000
0.968798 -0.211504 0.129216 -0.000000 0.235335 0.948556 -0.211800 16.865299 -0.077772 0.235600 0.968733 0.000000 0.000000 0.000000 0.000000 1.000000
0.990331 -0.052707 0.128319 0.000000 0.088317 0.952878 -0.290212 16.865299 -0.106976 0.298739 0.948320 0.000000 0.000000 0.000000 0.000000 1.000000
0.992738 0.048779 0.109964 -0.000000 -0.007268 0.936752 -0.349919 16.865299 -0.120078 0.346579 0.930303 0.000000 0.000000 0.000000 0.000000 1.000000
0.978954 0.174491 0.105839 0.000000 -0.117020 0.904832 -0.409372 16.865299 -0.167198 0.388371 0.906208 0.000000 0.000000 0.000000 0.000000 1.000000
0.963508 0.247554 0.101833 0.000000 -0.181542 0.883887 -0.431028 16.865299 -0.196712 0.396812 0.896574 -0.000000 0.000000 0.000000 0.000000 1.000000
0.965803 0.243641 0.088679 0.000000 -0.177295 0.870153 -0.459783 16.865299 -0.189187 0.428338 0.883592 -0.000000 0.000000 0.000000 0.000000 1.000000
0.964741 0.250927 0.079437 0.000000 -0.180050 0.849327 -0.496211 16.865299 -0.191981 0.464413 0.864560 0.000000 0.000000 0.000000 0.000000 1.000000
0.973708 0.215001 0.075284 0.000000 -0.152232 0.859988 -0.487078 16.865299 -0.169466 0.462811 0.870107 0.000000 0.000000 0.000000 0.000000 1.000000
0.981791 0.176331 0.070661 -0.000000 -0.132346 0.901771 -0.411453 16.865299 -0.136272 0.394609 0.908688 0.000000 0.000000 0.000000 0.000000 1.000000
0.987968 0.139981 0.065759 0.000000 -0.114251 0.947165 -0.299710 16.865299 -0.104238 0.288591 0.951761 -0.000000 0.000000 0.000000 0.000000 1.000000
0.992404 0.106993 0.060721 0.000000 -0.095894 0.981958 -0.162981 16.865299 -0.077063 0.155920 0.984759 0.000000 0.000000 0.000000 0.000000 1.000000
0.995347 0.078598 0.055739 0.000000 -0.077820 0.996839 -0.015996 16.865299 -0.056820 0.011584 0.998317 0.000000 0.000000 0.000000 0.000000 1.000000
0.997134 0.055671 0.051235 -0.000000 -0.061620 0.990491 0.123004 16.865299 -0.043900 -0.125809 0.991083 -0.000000 0.000000 0.000000 0.000000 1.000000
0.998098 0.039146 0.047626 0.000000 -0.049296 0.970686 0.235240 16.865299 -0.037022 -0.237141 0.970770 -0.000000 0.000000 0.000000 0.000000 1.000000
0.998529 0.029657 0.045400 0.000000 -0.042126 0.951408 0.305037 16.865299 -0.034147 -0.306501 0.951258 0.000000 0.000000 0.000000 0.000000 1.000000
0.998734 0.025313 0.043461 -0.000000 -0.037895 0.946887 0.319327 16.865299 -0.033069 -0.320570 0.946647 -0.000000 0.000000 0.000000 0.000000 1.000000
0.999417 0.010708 0.032418 0.000000 -0.019976 0.953445 0.300905 16.865299 -0.027687 -0.301378 0.953103 0.000000 0.000000 0.000000 0.000000 1.000000
0.999817 -0.005759 0.018219 0.000000 0.000214 0.956810 0.290714 16.865299 -0.019106 -0.290657 0.956637 -0.000000 0.000000 0.000000 0.000000 1.000000
0.999810 -0.014507 0.012996 0.000000 0.010119 0.957020 0.289847 16.865299 -0.016642 -0.289660 0.956985 0.000000 0.000000 0.000000 0.000000 1.000000
0.999774 -0.016290 0.013682 0.000000 0.011674 0.957778 0.287270 16.865299 -0.017784 -0.287045 0.957752 0.000000 0.000000 0.000000 0.000000 1.000000
0.999735 -0.017710 0.014708 0.000000 0.012902 0.960150 0.279186 16.865299 -0.019067 -0.278922 0.960125 0.000000 0.000000 0.000000 0.000000 1.000000
0.999728 -0.018111 0.014667 0.000000 0.013444 0.962260 0.271799 16.865299 -0.019036 -0.271528 0.962242 0.000000 0.000000 0.000000 0.000000 1.000000
0.999752 -0.020394 0.008962 0.000000 0.017340 0.965016 0.261619 16.865299 -0.013984 -0.261398 0.965130 0.000000 0.000000 0.000000 0.000000 1.000000
0.999682 -0.023543 0.009077 0.000000 0.020415 0.966104 0.257345 16.865299 -0.014828 -0.257078 0.966277 0.000000 0.000000 0.000000 0.000000 1.000000
0.999619 -0.017796 0.021109 0.000000 0.011938 0.967983 0.250733 16.865299 -0.024896 -0.250386 0.967826 0.000000 0.000000 0.000000 0.000000 1.000000
0.998906 -0.039599 0.024869 0.000000 0.032603 0.971050 0.236641 16.865299 -0.033520 -0.235571 0.971279 0.000000 0.000000 0.000000 0.000000 1.000000
0.997767 -0.057152 0.034572 0.000000 0.047971 0.973292 0.224502 16.865299 -0.046479 -0.222342 0.973860 0.000000 0.000000 0.000000 0.000000 1.000000
0.995592 -0.077289 0.053131 0.000000 0.062514 0.969152 0.238405 16.865299 -0.069918 -0.234033 0.969711 -0.000000 0.000000 0.000000 0.000000 1.000000
0.992936 -0.077944 0.089461 0.000000 0.050984 0.961089 0.271492 16.865299 -0.107141 -0.265013 0.958274 0.000000 0.000000 0.000000 0.000000 1.000000
0.984894 -0.104856 0.137799 0.000000 0.060967 0.954836 0.290812 16.865299 -0.162068 -0.278018 0.946805 0.000000 0.000000 0.000000 0.000000 1.000000
0.973110 -0.104483 0.205279 0.000000 0.035138 0.948109 0.315997 16.865299 -0.227644 -0.300287 0.926286 0.000000 0.000000 0.000000 0.000000 1.000000
0.955855 -0.100439 0.276139 0.000000 0.002603 0.942624 0.333847 16.865299 -0.293827 -0.318391 0.901273 -0.000000 0.000000 0.000000 0.000000 1.000000
0.933739 -0.098762 0.344061 0.000000 -0.020994 0.944421 0.328069 16.865299 -0.357339 -0.313554 0.879769 0.000000 0.000000 0.000000 0.000000 1.000000
0.909710 -0.099066 0.403254 0.000000 -0.035409 0.949081 0.313037 16.865299 -0.413732 -0.299052 0.859880 -0.000000 0.000000 0.000000 0.000000 1.000000
0.886649 -0.095002 0.452580 -0.000000 -0.036759 0.961095 0.273760 16.865299 -0.460980 -0.259365 0.848662 0.000000 0.000000 0.000000 0.000000 1.000000
0.866376 -0.073730 0.493919 0.000000 -0.038688 0.976159 0.213579 16.865299 -0.497891 -0.204149 0.842869 -0.000000 0.000000 0.000000 0.000000 1.000000
0.852727 -0.054890 0.519465 -0.000000 -0.025570 0.988885 0.146467 16.865299 -0.521731 -0.138179 0.841845 -0.000000 0.000000 0.000000 0.000000 1.000000
0.845102 -0.042058 0.532949 0.000000 -0.008506 0.995717 0.092064 16.865299 -0.534538 -0.082337 0.841124 0.000000 0.000000 0.000000 0.000000 1.000000
0.842139 -0.045598 0.537329 0.000000 0.008900 0.997458 0.070696 16.865299 -0.539187 -0.054753 0.840405 0.000000 0.000000 0.000000 0.000000 1.000000
0.842472 -0.062610 0.535090 0.000000 0.029577 0.997101 0.070103 16.865299 -0.537928 -0.043234 0.841882 0.000000 0.000000 0.000000 0.000000 1.000000
0.843678 -0.088705 0.529471 0.000000 0.045778 0.994550 0.093678 16.865299 -0.534894 -0.054796 0.843140 0.000000 0.000000 0.000000 0.000000 1.000000
0.846083 -0.116723 0.520115 0.000000 0.064267 0.990951 0.117841 16.865299 -0.529164 -0.066277 0.845927 0.000000 0.000000 0.000000 0.000000 1.000000
0.849829 -0.137723 0.508747 -0.000000 0.081004 0.987917 0.132127 16.865299 -0.520797 -0.071075 0.850717 0.000000 0.000000 0.000000 0.000000 1.000000
0.851715 -0.150767 0.501847 -0.000000 0.087828 0.985240 0.146932 16.865299 -0.516592 -0.081068 0.852385 0.000000 0.000000 0.000000 0.000000 1.000000
0.854203 -0.156982 0.495675 0.000000 0.086925 0.983032 0.161530 16.865299 -0.512622 -0.094893 0.853354 -0.000000 0.000000 0.000000 0.000000 1.000000
0.856497 -0.162135 0.490025 0.000000 0.086370 0.981017 0.173628 16.865299 -0.508874 -0.106388 0.854242 0.000000 0.000000 0.000000 0.000000 1.000000
0.858945 -0.170316 0.482914 -0.000000 0.096672 0.980043 0.173698 16.865299 -0.502860 -0.102512 0.858267 -0.000000 0.000000 0.000000 0.000000 1.000000
0.858991 -0.173520 0.481690 0.000000 0.099666 0.979491 0.175111 16.865299 -0.502197 -0.102410 0.858668 0.000000 0.000000 0.000000 0.000000 1.000000
0.859282 -0.183804 0.477336 -0.000000 0.104295 0.976560 0.188288 16.865299 -0.500756 -0.112008 0.858311 0.000000 0.000000 0.000000 0.000000 1.000000
0.860990 -0.194465 0.469978 -0.000000 0.109645 0.973261 0.201843 16.865299 -0.496663 -0.122254 0.859290 0.000000 0.000000 0.000000 0.000000 1.000000
0.862932 -0.208318 0.460383 0.000000 0.119202 0.969277 0.215157 16.865299 -0.491059 -0.130787 0.861252 -0.000000 0.000000 0.000000 0.000000 1.000000
0.864840 -0.222121 0.450237 0.000000 0.128180 0.964773 0.229747 16.865299 -0.485408 -0.140983 0.862846 0.000000 0.000000 0.000000 0.000000 1.000000
0.866154 -0.236575 0.440237 0.000000 0.135492 0.959034 0.248790 16.865299 -0.481060 -0.155842 0.862725 0.000000 0.000000 0.000000 0.000000 1.000000
0.867932 -0.243547 0.432873 0.000000 0.135666 0.954632 0.265088 16.865299 -0.477796 -0.171352 0.861597 0.000000 0.000000 0.000000 0.000000 1.000000
0.870184 -0.249722 0.424758 0.000000 0.135146 0.949959 0.281628 16.865299 -0.473831 -0.187664 0.860387 0.000000 0.000000 0.000000 0.000000 1.000000
0.873226 -0.252466 0.416818 0.000000 0.132528 0.946129 0.295426 16.865299 -0.468948 -0.202733 0.859643 0.000000 0.000000 0.000000 0.000000 1.000000
0.876568 -0.251985 0.410040 -0.000000 0.128117 0.943411 0.305879 16.865299 -0.463913 -0.215591 0.859247 0.000000 0.000000 0.000000 0.000000 1.000000
0.879802 -0.248558 0.405177 0.000000 0.122202 0.942014 0.312533 16.865299 -0.459364 -0.225454 0.859159 0.000000 0.000000 0.000000 0.000000 1.000000
0.882313 -0.247568 0.400293 0.000000 0.119496 0.940447 0.318245 16.865299 -0.455242 -0.232958 0.859352 0.000000 0.000000 0.000000 0.000000 1.000000
0.883618 -0.247966 0.397156 0.000000 0.115870 0.937670 0.327642 16.865299 -0.453645 -0.243491 0.857274 -0.000000 0.000000 0.000000 0.000000 1.000000
0.884703 -0.246738 0.395502 0.000000 0.110751 0.935394 0.335816 16.865299 -0.452809 -0.253295 0.854872 0.000000 0.000000 0.000000 0.000000 1.000000
0.885410 -0.243195 0.396113 0.000000 0.104512 0.934544 0.340155 16.865299 -0.452909 -0.259778 0.852871 -0.000000 0.000000 0.000000 0.000000 1.000000
0.885838 -0.239368 0.397484 -0.000000 0.097990 0.933847 0.343987 16.865299 -0.453529 -0.265767 0.850694 0.000000 0.000000 0.000000 0.000000 1.000000</float_array>
        <technique_common>
          <accessor source="#mixamorig_Neck-Matrix-animation-output-transform-array" count="90" stride="16">
            <param type="float4x4"/>
          </accessor>
        </technique_common>
      </source>
      <source id="mixamorig_Neck-Interpolations">
        <Name_array id="mixamorig_Neck-Interpolations-array" count="90">
 LINEAR LINEAR LINEAR LINEAR LINEAR LINEAR LINEAR LINEAR LINEAR LINEAR LINEAR
LINEAR LINEAR LINEAR LINEAR LINEAR LINEAR LINEAR LINEAR LINEAR LINEAR LINEAR LINEAR
LINEAR LINEAR LINEAR LINEAR LINEAR LINEAR LINEAR LINEAR LINEAR LINEAR LINEAR LINEAR
LINEAR LINEAR LINEAR LINEAR LINEAR LINEAR LINEAR LINEAR LINEAR LINEAR LINEAR LINEAR
LINEAR LINEAR LINEAR LINEAR LINEAR LINEAR LINEAR LINEAR LINEAR LINEAR LINEAR LINEAR
LINEAR LINEAR LINEAR LINEAR LINEAR LINEAR LINEAR LINEAR LINEAR LINEAR LINEAR LINEAR
LINEAR LINEAR LINEAR LINEAR LINEAR LINEAR LINEAR LINEAR LINEAR LINEAR LINEAR LINEAR
LINEAR LINEAR LINEAR LINEAR LINEAR LINEAR LINEAR</Name_array>
        <technique_common>
          <accessor source="#mixamorig_Neck-Interpolations-array" count="90">
            <param type="name"/>
          </accessor>
        </technique_common>
      </source>
      <sampler id="mixamorig_Neck-Matrix-animation-transform">
        <input semantic="INPUT" source="#mixamorig_Neck-Matrix-animation-input"/>
        <input semantic="OUTPUT" source="#mixamorig_Neck-Matrix-animation-output-transform"/>
        <input semantic="INTERPOLATION" source="#mixamorig_Neck-Interpolations"/>
      </sampler>
      <channel source="#mixamorig_Neck-Matrix-animation-transform" target="mixamorig_Neck/matrix"/>
    </animation>
    <animation id="mixamorig_Head-anim" name="mixamorig_Head">
      <source id="mixamorig_Head-Matrix-animation-input">
        <float_array id="mixamorig_Head-Matrix-animation-input-array" count="90">

0.000000 0.033333 0.066667 0.100000 0.133333 0.166667 0.200000 0.233333 0.266667 0.300000 0.333333 0.366667 0.400000 0.433333 0.466667 0.500000
0.533333 0.566667 0.600000 0.633333 0.666667 0.700000 0.733333 0.766667 0.800000 0.833333 0.866667 0.900000 0.933333 0.966667 1.000000 1.033333
1.066667 1.100000 1.133333 1.166667 1.200000 1.233333 1.266667 1.300000 1.333333 1.366667 1.400000 1.433333 1.466667 1.500000 1.533333 1.566667
1.600000 1.633333 1.666667 1.700000 1.733333 1.766667 1.800000 1.833333 1.866667 1.900000 1.933333 1.966667 2.000000 2.033333 2.066667 2.100000
2.133333 2.166667 2.200000 2.233333 2.266667 2.300000 2.333333 2.366667 2.400000 2.433333 2.466667 2.500000 2.533333 2.566667 2.600000 2.633333
2.666667 2.700000 2.733333 2.766667 2.800000 2.833333 2.866667 2.900000 2.933333 2.966667</float_array>
        <technique_common>
          <accessor source="#mixamorig_Head-Matrix-animation-input-array" count="90">
            <param name="TIME" type="float"/>
          </accessor>
        </technique_common>
      </source>
      <source id="mixamorig_Head-Matrix-animation-output-transform">
        <float_array id="mixamorig_Head-Matrix-animation-output-transform-array" count="1440">

0.901427 -0.002074 0.432926 -0.000000 -0.005628 0.999848 0.016508 9.341900 -0.432895 -0.017318 0.901278 2.841000 0.000000 0.000000 0.000000 1.000000
0.906322 0.022926 0.421966 0.000000 -0.014926 0.999641 -0.022253 9.341900 -0.422325 0.013870 0.906338 2.841000 0.000000 0.000000 0.000000 1.000000
0.909494 0.054340 0.412151 -0.000000 -0.035346 0.997938 -0.053576 9.341900 -0.414213 0.034159 0.909539 2.841000 0.000000 0.000000 0.000000 1.000000
0.907715 0.103592 0.406599 0.000000 -0.076656 0.993677 -0.082034 9.341900 -0.412526 0.043296 0.909916 2.841000 0.000000 0.000000 0.000000 1.000000
0.908623 0.151039 0.389347 0.000000 -0.112458 0.986360 -0.120195 9.341900 -0.402191 0.065427 0.913215 2.841000 0.000000 0.000000 0.000000 1.000000
0.906068 0.203786 0.370826 0.000000 -0.154862 0.975288 -0.157578 9.341900 -0.393774 0.085349 0.915236 2.841000 0.000000 0.000000 0.000000 1.000000
0.910447 0.224543 0.347373 0.000000 -0.183438 0.971908 -0.147463 9.341900 -0.370726 0.070536 0.926060 2.841000 0.000000 0.000000 0.000000 1.000000
0.916515 0.241721 0.318702 0.000000 -0.214556 0.969518 -0.118321 9.341900 -0.337588 0.040063 0.940441 2.841000 0.000000 0.000000 0.000000 1.000000
0.921837 0.259820 0.287593 0.000000 -0.248397 0.965656 -0.076205 9.341900 -0.297515 -0.001189 0.954716 2.841000 0.000000 0.000000 0.000000 1.000000
0.919350 0.292852 0.262741 -0.000000 -0.290104 0.955682 -0.050112 9.341900 -0.265773 -0.030152 0.963564 2.841000 0.000000 0.000000 0.000000 1.000000
0.916933 0.311738 0.249104 -0.000000 -0.320993 0.947075 -0.003655 9.341900 -0.237059 -0.076609 0.968470 2.841000 0.000000 0.000000 0.000000 1.000000
0.908042 0.339355 0.245557 0.000000 -0.353571 0.935289 0.014914 9.341900 -0.224605 -0.100364 0.969267 2.841000 0.000000 0.000000 0.000000 1.000000
0.892588 0.374262 0.251423 -0.000000 -0.391405 0.920000 0.020054 9.341900 -0.223803 -0.116309 0.967670 2.841000 0.000000 0.000000 0.000000 1.000000
0.880797 0.399464 0.254214 0.000000 -0.418391 0.907979 0.022862 9.341900 -0.221688 -0.126498 0.966878 2.841000 0.000000 0.000000 0.000000 1.000000
0.876626 0.414178 0.244914 0.000000 -0.429487 0.903016 0.010165 9.341900 -0.216951 -0.114098 0.969491 2.841000 0.000000 0.000000 0.000000 1.000000
0.861700 0.440612 0.251662 0.000000 -0.456965 0.889454 0.007404 9.341900 -0.220580 -0.121381 0.967787 2.841000 0.000000 0.000000 0.000000 1.000000
0.856479 0.450406 0.252146 -0.000000 -0.470137 0.882348 0.020812 9.341900 -0.213107 -0.136368 0.967465 2.841000 0.000000 0.000000 0.000000 1.000000
0.850665 0.457385 0.259168 -0.000000 -0.483446 0.874274 0.043875 9.341900 -0.206516 -0.162617 0.964835 2.841000 0.000000 0.000000 0.000000 1.000000
0.858865 0.443240 0.256689 0.000000 -0.470199 0.881031 0.051928 9.341900 -0.203135 -0.165294 0.965098 2.841000 0.000000 0.000000 0.000000 1.000000
0.875440 0.411925 0.252828 0.000000 -0.433566 0.900475 0.034144 9.341900 -0.213600 -0.139509 0.966909 2.841000 0.000000 0.000000 0.000000 1.000000
0.888122 0.376874 0.263068 0.000000 -0.389186 0.921141 -0.005741 9.341900 -0.244487 -0.097283 0.964760 2.841000 0.000000 0.000000 0.000000 1.000000
0.885090 0.357330 0.298212 -0.000000 -0.350111 0.933349 -0.079253 9.341900 -0.306655 -0.034261 0.951204 2.841000 0.000000 0.000000 0.000000 1.000000
0.877148 0.340794 0.338335 0.000000 -0.291137 0.937683 -0.189711 9.341900 -0.381903 0.067903 0.921704 2.841000 0.000000 0.000000 0.000000 1.000000
0.862729 0.333833 0.379809 0.000000 -0.236852 0.930394 -0.279765 9.341900 -0.446767 0.151402 0.881747 2.841000 0.000000 0.000000 0.000000 1.000000
0.849924 0.340152 0.402400 -0.000000 -0.202662 0.915992 -0.346246 9.341900 -0.486372 0.212731 0.847460 2.841000 0.000000 0.000000 0.000000 1.000000
0.851313 0.343216 0.396824 0.000000 -0.197530 0.910365 -0.363617 9.341900 -0.486053 0.231167 0.842801 2.841000 0.000000 0.000000 0.000000 1.000000
0.868155 0.334774 0.366380 0.000000 -0.221881 0.922158 -0.316850 9.341900 -0.443933 0.193783 0.874855 2.841000 0.000000 0.000000 0.000000 1.000000
0.909532 0.272135 0.314155 0.000000 -0.212205 0.953955 -0.211988 9.341900 -0.357379 0.126145 0.925401 2.841000 0.000000 0.000000 0.000000 1.000000
0.957551 0.158027 0.241089 -0.000000 -0.139474 0.985916 -0.092281 9.341900 -0.252276 0.054738 0.966106 2.841000 0.000000 0.000000 0.000000 1.000000
0.981063 0.093708 0.169510 -0.000000 -0.093792 0.995563 -0.007531 9.341900 -0.169463 -0.008510 0.985500 2.841000 0.000000 0.000000 0.000000 1.000000
0.995155 -0.005525 0.098161 0.000000 -0.004162 0.995158 0.098203 9.341900 -0.098228 -0.098136 0.990313 2.841000 0.000000 0.000000 0.000000 1.000000
0.997214 -0.042605 0.061226 0.000000 0.033536 0.989272 0.142182 9.341900 -0.066627 -0.139732 0.987945 2.841000 0.000000 0.000000 0.000000 1.000000
0.997275 0.006062 0.073518 0.000000 -0.016616 0.989464 0.143821 9.341900 -0.071872 -0.144650 0.986869 2.841000 0.000000 0.000000 0.000000 1.000000
0.997084 0.017200 0.074346 0.000000 -0.027822 0.989144 0.144292 9.341900 -0.071057 -0.145940 0.986738 2.841000 0.000000 0.000000 0.000000 1.000000
0.996325 0.030482 0.080046 0.000000 -0.039970 0.992000 0.119742 9.341900 -0.075755 -0.122502 0.989573 2.841000 0.000000 0.000000 0.000000 1.000000
0.996398 0.034355 0.077529 0.000000 -0.037791 0.998347 0.043303 9.341900 -0.075913 -0.046077 0.996049 2.841000 0.000000 0.000000 0.000000 1.000000
0.996890 0.034210 0.070992 0.000000 -0.030144 0.997886 -0.057582 9.341900 -0.072812 0.055263 0.995813 2.841000 0.000000 0.000000 0.000000 1.000000
0.997599 0.031174 0.061840 -0.000000 -0.020187 0.985075 -0.170937 9.341900 -0.066246 0.169278 0.983339 2.841000 0.000000 0.000000 0.000000 1.000000
0.998326 0.026372 0.051469 0.000000 -0.010682 0.958747 -0.284060 9.341900 -0.056837 0.283035 0.957424 2.841000 0.000000 0.000000 0.000000 1.000000
0.998929 0.020918 0.041278 0.000000 -0.003425 0.922969 -0.384858 9.341900 -0.046149 0.384305 0.922052 2.841000 0.000000 0.000000 0.000000 1.000000
0.999339 0.015941 0.032676 0.000000 0.001005 0.886294 -0.463121 9.341900 -0.036343 0.462848 0.885692 2.841000 0.000000 0.000000 0.000000 1.000000
0.999554 0.012569 0.027074 0.000000 0.003021 0.859776 -0.510663 9.341900 -0.029696 0.510517 0.859355 2.841000 0.000000 0.000000 0.000000 1.000000
0.999628 0.010222 0.025276 0.000000 0.004440 0.853656 -0.520818 9.341900 -0.026901 0.520737 0.853293 2.841000 0.000000 0.000000 0.000000 1.000000
0.999647 0.012474 0.023476 0.000000 0.001236 0.860315 -0.509762 9.341900 -0.026556 0.509610 0.859995 2.841000 0.000000 0.000000 0.000000 1.000000
0.999477 0.025137 0.020363 0.000000 -0.011580 0.865759 -0.500327 9.341900 -0.030206 0.499830 0.865597 2.841000 0.000000 0.000000 0.000000 1.000000
0.999063 0.037686 0.021273 0.000000 -0.022301 0.869622 -0.493214 9.341900 -0.037087 0.492277 0.869648 2.841000 0.000000 0.000000 0.000000 1.000000
0.999028 0.037621 0.022973 -0.000000 -0.021889 0.875745 -0.482277 9.341900 -0.038262 0.481305 0.875718 2.841000 0.000000 0.000000 0.000000 1.000000
0.999183 0.032188 0.024433 0.000000 -0.017165 0.885424 -0.464467 9.341900 -0.036584 0.463668 0.885254 2.841000 0.000000 0.000000 0.000000 1.000000
0.999397 0.024855 0.024234 0.000000 -0.011477 0.895431 -0.445052 9.341900 -0.032761 0.444506 0.895177 2.841000 0.000000 0.000000 0.000000 1.000000
0.999566 0.021317 0.020315 0.000000 -0.010829 0.907642 -0.419606 9.341900 -0.027383 0.419204 0.907479 2.841000 0.000000 0.000000 0.000000 1.000000
0.999610 0.017522 0.021739 0.000000 -0.007509 0.918594 -0.395131 9.341900 -0.026893 0.394813 0.918368 2.841000 0.000000 0.000000 0.000000 1.000000
0.999583 0.005910 0.028277 0.000000 0.004861 0.930488 -0.366291 9.341900 -0.028476 0.366275 0.930071 2.841000 0.000000 0.000000 0.000000 1.000000
0.998630 0.025847 0.045488 0.000000 -0.009681 0.945716 -0.324849 9.341900 -0.051415 0.323964 0.944671 2.841000 0.000000 0.000000 0.000000 1.000000
0.996847 0.042962 0.066713 0.000000 -0.023129 0.961559 -0.273624 9.341900 -0.075904 0.271218 0.959520 2.841000 0.000000 0.000000 0.000000 1.000000
0.993044 0.063332 0.099262 -0.000000 -0.038866 0.972083 -0.231394 9.341900 -0.111146 0.225927 0.967783 2.841000 0.000000 0.000000 0.000000 1.000000
0.988927 0.062090 0.134787 -0.000000 -0.035117 0.980380 -0.193962 9.341900 -0.144186 0.187081 0.971705 2.841000 0.000000 0.000000 0.000000 1.000000
0.976163 0.084235 0.200025 0.000000 -0.052632 0.985977 -0.158365 9.341900 -0.210560 0.144062 0.966908 2.841000 0.000000 0.000000 0.000000 1.000000
0.960726 0.085793 0.263903 0.000000 -0.053403 0.990393 -0.127555 9.341900 -0.272311 0.108452 0.956078 2.841000 0.000000 0.000000 0.000000 1.000000
0.940907 0.084410 0.327978 0.000000 -0.055694 0.993822 -0.096000 9.341900 -0.334055 0.072061 0.939795 2.841000 0.000000 0.000000 0.000000 1.000000
0.915563 0.087557 0.392529 0.000000 -0.067037 0.995584 -0.065711 9.341900 -0.396549 0.033849 0.917389 2.841000 0.000000 0.000000 0.000000 1.000000
0.887619 0.094326 0.450815 -0.000000 -0.080737 0.995514 -0.049330 9.341900 -0.453446 0.007389 0.891253 2.841000 0.000000 0.000000 0.000000 1.000000
0.860849 0.097519 0.499429 0.000000 -0.096021 0.994963 -0.028770 9.341900 -0.499719 -0.023189 0.865877 2.841000 0.000000 0.000000 0.000000 1.000000
0.840675 0.091838 0.533696 0.000000 -0.109358 0.994002 0.001213 9.341900 -0.530383 -0.059384 0.845675 2.841000 0.000000 0.000000 0.000000 1.000000
0.821113 0.100574 0.561835 0.000000 -0.144485 0.988918 0.034136 9.341900 -0.552176 -0.109206 0.826545 2.841000 0.000000 0.000000 0.000000 1.000000
0.807568 0.108566 0.579696 0.000000 -0.174320 0.982934 0.058759 9.341900 -0.563423 -0.148505 0.812712 2.841000 0.000000 0.000000 0.000000 1.000000
0.801828 0.109900 0.587362 0.000000 -0.184052 0.980576 0.067782 9.341900 -0.568504 -0.162455 0.806481 2.841000 0.000000 0.000000 0.000000 1.000000
0.799861 0.108594 0.590279 0.000000 -0.188811 0.979089 0.075726 9.341900 -0.569712 -0.172021 0.803639 2.841000 0.000000 0.000000 0.000000 1.000000
0.804150 0.094389 0.586884 -0.000000 -0.177331 0.980448 0.085293 9.341900 -0.567359 -0.172662 0.805166 2.841000 0.000000 0.000000 0.000000 1.000000
0.810928 0.075203 0.580293 0.000000 -0.162906 0.981515 0.100453 9.341900 -0.562012 -0.175994 0.808189 2.841000 0.000000 0.000000 0.000000 1.000000
0.818267 0.060469 0.571650 0.000000 -0.153574 0.981302 0.116026 9.341900 -0.553945 -0.182731 0.812253 2.841000 0.000000 0.000000 0.000000 1.000000
0.824669 0.046695 0.563685 0.000000 -0.142448 0.981610 0.127086 9.341900 -0.547384 -0.185100 0.816155 2.841000 0.000000 0.000000 0.000000 1.000000
0.831091 0.037891 0.554844 0.000000 -0.134794 0.981652 0.134868 9.341900 -0.539553 -0.186877 0.820950 2.841000 0.000000 0.000000 0.000000 1.000000
0.836868 0.032659 0.546430 -0.000000 -0.126630 0.982693 0.135202 9.341900 -0.532557 -0.182341 0.826520 2.841000 0.000000 0.000000 0.000000 1.000000
0.840253 0.034336 0.541107 -0.000000 -0.126406 0.982897 0.133919 9.341900 -0.527254 -0.180925 0.830222 2.841000 0.000000 0.000000 0.000000 1.000000
0.842405 0.034164 0.537761 0.000000 -0.123821 0.983556 0.131480 9.341900 -0.524426 -0.177345 0.832782 2.841000 0.000000 0.000000 0.000000 1.000000
0.845627 0.032834 0.532763 -0.000000 -0.113664 0.986291 0.119628 9.341900 -0.521532 -0.161717 0.837766 2.841000 0.000000 0.000000 0.000000 1.000000
0.850218 0.031490 0.525488 -0.000000 -0.103382 0.988759 0.108015 9.341900 -0.516179 -0.146162 0.843917 2.841000 0.000000 0.000000 0.000000 1.000000
0.854007 0.033288 0.519196 0.000000 -0.096616 0.990739 0.095400 9.341900 -0.511212 -0.131635 0.849314 2.841000 0.000000 0.000000 0.000000 1.000000
0.858070 0.032644 0.512494 -0.000000 -0.088841 0.992366 0.085538 9.341900 -0.505789 -0.118928 0.854420 2.841000 0.000000 0.000000 0.000000 1.000000
0.861722 0.031766 0.506386 0.000000 -0.080093 0.994041 0.073937 9.341900 -0.501020 -0.104271 0.859131 2.841000 0.000000 0.000000 0.000000 1.000000
0.866161 0.029894 0.498870 0.000000 -0.071837 0.995291 0.065086 9.341900 -0.494575 -0.092212 0.864229 2.841000 0.000000 0.000000 0.000000 1.000000
0.870825 0.028205 0.490783 0.000000 -0.064218 0.996325 0.056686 9.341900 -0.487381 -0.080881 0.869436 2.841000 0.000000 0.000000 0.000000 1.000000
0.876494 0.023748 0.480826 -0.000000 -0.054807 0.997211 0.050653 9.341900 -0.478282 -0.070750 0.875352 2.841000 0.000000 0.000000 0.000000 1.000000
0.882605 0.017605 0.469786 0.000000 -0.043878 0.998021 0.045035 9.341900 -0.468063 -0.060361 0.881631 2.841000 0.000000 0.000000 0.000000 1.000000
0.888412 0.011622 0.458900 0.000000 -0.033694 0.998634 0.039940 9.341900 -0.457809 -0.050946 0.887590 2.841000 0.000000 0.000000 0.000000 1.000000
0.892714 0.008689 0.450541 0.000000 -0.026798 0.999068 0.033831 9.341900 -0.449827 -0.042275 0.892115 2.841000 0.000000 0.000000 0.000000 1.000000
0.895982 0.004366 0.444069 0.000000 -0.017646 0.999512 0.025777 9.341900 -0.443740 -0.030932 0.895622 2.841000 0.000000 0.000000 0.000000 1.000000
0.898610 0.000760 0.438749 0.000000 -0.010623 0.999743 0.020026 9.341900 -0.438621 -0.022657 0.898387 2.841000 0.000000 0.000000 0.000000 1.000000
0.900288 -0.001081 0.435294 -0.000000 -0.007614 0.999805 0.018230 9.341900 -0.435228 -0.019727 0.900104 2.841000 0.000000 0.000000 0.000000 1.000000
0.901426 -0.002071 0.432928 -0.000000 -0.005634 0.999848 0.016513 9.341900 -0.432896 -0.017324 0.901277 2.841000 0.000000 0.000000 0.000000 1.000000</float_array>
        <technique_common>
          <accessor source="#mixamorig_Head-Matrix-animation-output-transform-array" count="90" stride="16">
            <param type="float4x4"/>
          </accessor>
        </technique_common>
      </source>
      <source id="mixamorig_Head-Interpolations">
        <Name_array id="mixamorig_Head-Interpolations-array" count="90">
 LINEAR LINEAR LINEAR LINEAR LINEAR LINEAR LINEAR LINEAR LINEAR LINEAR LINEAR
LINEAR LINEAR LINEAR LINEAR LINEAR LINEAR LINEAR LINEAR LINEAR LINEAR LINEAR LINEAR
LINEAR LINEAR LINEAR LINEAR LINEAR LINEAR LINEAR LINEAR LINEAR LINEAR LINEAR LINEAR
LINEAR LINEAR LINEAR LINEAR LINEAR LINEAR LINEAR LINEAR LINEAR LINEAR LINEAR LINEAR
LINEAR LINEAR LINEAR LINEAR LINEAR LINEAR LINEAR LINEAR LINEAR LINEAR LINEAR LINEAR
LINEAR LINEAR LINEAR LINEAR LINEAR LINEAR LINEAR LINEAR LINEAR LINEAR LINEAR LINEAR
LINEAR LINEAR LINEAR LINEAR LINEAR LINEAR LINEAR LINEAR LINEAR LINEAR LINEAR LINEAR
LINEAR LINEAR LINEAR LINEAR LINEAR LINEAR LINEAR</Name_array>
        <technique_common>
          <accessor source="#mixamorig_Head-Interpolations-array" count="90">
            <param type="name"/>
          </accessor>
        </technique_common>
      </source>
      <sampler id="mixamorig_Head-Matrix-animation-transform">
        <input semantic="INPUT" source="#mixamorig_Head-Matrix-animation-input"/>
        <input semantic="OUTPUT" source="#mixamorig_Head-Matrix-animation-output-transform"/>
        <input semantic="INTERPOLATION" source="#mixamorig_Head-Interpolations"/>
      </sampler>
      <channel source="#mixamorig_Head-Matrix-animation-transform" target="mixamorig_Head/matrix"/>
    </animation>
    <animation id="mixamorig_RightShoulder-anim" name="mixamorig_RightShoulder">
      <source id="mixamorig_RightShoulder-Matrix-animation-input">
        <float_array id="mixamorig_RightShoulder-Matrix-animation-input-array" count="90">

0.000000 0.033333 0.066667 0.100000 0.133333 0.166667 0.200000 0.233333 0.266667 0.300000 0.333333 0.366667 0.400000 0.433333 0.466667 0.500000
0.533333 0.566667 0.600000 0.633333 0.666667 0.700000 0.733333 0.766667 0.800000 0.833333 0.866667 0.900000 0.933333 0.966667 1.000000 1.033333
1.066667 1.100000 1.133333 1.166667 1.200000 1.233333 1.266667 1.300000 1.333333 1.366667 1.400000 1.433333 1.466667 1.500000 1.533333 1.566667
1.600000 1.633333 1.666667 1.700000 1.733333 1.766667 1.800000 1.833333 1.866667 1.900000 1.933333 1.966667 2.000000 2.033333 2.066667 2.100000
2.133333 2.166667 2.200000 2.233333 2.266667 2.300000 2.333333 2.366667 2.400000 2.433333 2.466667 2.500000 2.533333 2.566667 2.600000 2.633333
2.666667 2.700000 2.733333 2.766667 2.800000 2.833333 2.866667 2.900000 2.933333 2.966667</float_array>
        <technique_common>
          <accessor source="#mixamorig_RightShoulder-Matrix-animation-input-array" count="90">
            <param name="TIME" type="float"/>
          </accessor>
        </technique_common>
      </source>
      <source id="mixamorig_RightShoulder-Matrix-animation-output-transform">
        <float_array id="mixamorig_RightShoulder-Matrix-animation-output-transform-array" count="1440">

-0.020543 -0.995655 0.090826 -4.570000 -0.045021 -0.089831 -0.994939 11.195800 0.998775 -0.024528 -0.042980 -0.806600 0.000000 0.000000 0.000000 1.000000
-0.009220 -0.999790 0.018315 -4.570000 -0.039848 -0.017934 -0.999045 11.195800 0.999163 -0.009941 -0.039675 -0.806600 0.000000 0.000000 0.000000 1.000000
0.019058 -0.997861 -0.062539 -4.570000 -0.034619 0.061854 -0.997485 11.195800 0.999219 0.021175 -0.033366 -0.806600 0.000000 0.000000 0.000000 1.000000
0.050256 -0.989246 -0.137356 -4.570000 -0.035014 0.135700 -0.990131 11.195800 0.998122 0.054570 -0.027818 -0.806600 0.000000 0.000000 0.000000 1.000000
0.081708 -0.978440 -0.189684 -4.570000 -0.041017 0.186858 -0.981530 11.195800 0.995812 0.087980 -0.024865 -0.806600 0.000000 0.000000 0.000000 1.000000
0.134774 -0.976049 -0.170775 -4.570000 -0.054257 0.164819 -0.984830 11.195800 0.989390 0.141995 -0.030744 -0.806600 0.000000 0.000000 0.000000 1.000000
0.207497 -0.971452 -0.115001 -4.570000 -0.065573 0.103483 -0.992467 11.195800 0.976035 0.213475 -0.042228 -0.806600 0.000000 0.000000 0.000000 1.000000
0.256192 -0.962795 -0.085979 -4.570000 -0.063961 0.071867 -0.995361 11.195800 0.964508 0.260503 -0.043170 -0.806600 0.000000 0.000000 0.000000 1.000000
0.277460 -0.955004 -0.104805 -4.570000 -0.057213 0.092470 -0.994070 11.195800 0.959032 0.281811 -0.028982 -0.806600 0.000000 0.000000 0.000000 1.000000
0.258143 -0.958877 -0.117971 -4.570000 -0.051740 0.108214 -0.992780 11.195800 0.964720 0.262383 -0.021677 -0.806600 0.000000 0.000000 0.000000 1.000000
0.212885 -0.967186 -0.138676 -4.570000 -0.050012 0.130957 -0.990126 11.195800 0.975796 0.217719 -0.020492 -0.806600 0.000000 0.000000 0.000000 1.000000
0.185250 -0.973822 -0.131730 -4.570000 -0.048202 0.124884 -0.991000 11.195800 0.981509 0.189932 -0.023805 -0.806600 0.000000 0.000000 0.000000 1.000000
0.172829 -0.980578 -0.092715 -4.570000 -0.046632 0.085880 -0.995214 11.195800 0.983847 0.176326 -0.030884 -0.806600 0.000000 0.000000 0.000000 1.000000
0.164015 -0.984778 -0.057546 -4.570000 -0.047880 0.050320 -0.997585 11.195800 0.985295 0.166374 -0.038897 -0.806600 0.000000 0.000000 0.000000 1.000000
0.145487 -0.988898 -0.030248 -4.570000 -0.060894 0.021564 -0.997911 11.195800 0.987484 0.147025 -0.057081 -0.806600 0.000000 0.000000 0.000000 1.000000
0.108071 -0.994098 -0.009496 -4.570000 -0.081859 0.000621 -0.996644 11.195800 0.990767 0.108485 -0.081309 -0.806600 0.000000 0.000000 0.000000 1.000000
0.061290 -0.998039 0.012691 -4.570000 -0.090622 -0.018227 -0.995719 11.195800 0.993998 0.059878 -0.091562 -0.806600 0.000000 0.000000 0.000000 1.000000
0.009637 -0.999418 0.032728 -4.570000 -0.089439 -0.033460 -0.995430 11.195800 0.995946 0.006666 -0.089709 -0.806600 0.000000 0.000000 0.000000 1.000000
-0.044313 -0.998475 0.032919 -4.570000 -0.080082 -0.029295 -0.996358 11.195800 0.995803 -0.046788 -0.078661 -0.806600 0.000000 0.000000 0.000000 1.000000
-0.098951 -0.995075 0.005896 -4.570000 -0.065810 0.000632 -0.997832 11.195800 0.992914 -0.099125 -0.065548 -0.806600 0.000000 0.000000 0.000000 1.000000
-0.155287 -0.987513 -0.026541 -4.570000 -0.050010 0.034691 -0.998146 11.195800 0.986603 -0.153672 -0.054773 -0.806600 0.000000 0.000000 0.000000 1.000000
-0.213450 -0.971064 -0.107116 -4.570000 -0.028422 0.115769 -0.992869 11.195800 0.976540 -0.208884 -0.052310 -0.806600 0.000000 0.000000 0.000000 1.000000
-0.271059 -0.941703 -0.199306 -4.570000 -0.001900 0.207580 -0.978216 11.195800 0.962561 -0.264775 -0.058056 -0.806600 0.000000 0.000000 0.000000 1.000000
-0.327255 -0.899897 -0.288252 -4.570000 0.026893 0.296056 -0.954792 11.195800 0.944553 -0.320212 -0.072684 -0.806600 0.000000 0.000000 0.000000 1.000000
-0.382456 -0.844934 -0.373917 -4.570000 0.056493 0.382543 -0.922209 11.195800 0.922245 -0.373828 -0.098572 -0.806600 0.000000 0.000000 0.000000 1.000000
-0.438623 -0.789754 -0.428834 -4.570000 0.079134 0.441391 -0.893819 11.195800 0.895180 -0.425985 -0.131108 -0.806600 0.000000 0.000000 0.000000 1.000000
-0.496436 -0.723685 -0.479406 -4.570000 0.100132 0.500839 -0.859729 11.195800 0.862279 -0.474804 -0.176171 -0.806600 0.000000 0.000000 0.000000 1.000000
-0.558422 -0.652257 -0.512568 -4.570000 0.114091 0.551624 -0.826253 11.195800 0.821674 -0.519877 -0.233622 -0.806600 0.000000 0.000000 0.000000 1.000000
-0.637162 -0.575870 -0.512248 -4.570000 0.102885 0.595128 -0.797018 11.195800 0.763832 -0.560532 -0.319945 -0.806600 0.000000 0.000000 0.000000 1.000000
-0.719783 -0.521059 -0.458705 -4.570000 0.046982 0.622689 -0.781057 11.195800 0.692608 -0.583742 -0.423721 -0.806600 0.000000 0.000000 0.000000 1.000000
-0.782662 -0.500907 -0.369502 -4.570000 -0.032274 0.625486 -0.779567 11.195800 0.621609 -0.598213 -0.505711 -0.806600 0.000000 0.000000 0.000000 1.000000
-0.781695 -0.546325 -0.300800 -4.570000 -0.110547 0.596055 -0.795297 11.195800 0.613785 -0.588428 -0.526328 -0.806600 0.000000 0.000000 0.000000 1.000000
-0.682001 -0.670725 -0.291552 -4.570000 -0.200027 0.554516 -0.807776 11.195800 0.703465 -0.492586 -0.512343 -0.806600 0.000000 0.000000 0.000000 1.000000
-0.617290 -0.745945 -0.250039 -4.570000 -0.230287 0.475218 -0.849197 11.195800 0.752277 -0.466620 -0.465129 -0.806600 0.000000 0.000000 0.000000 1.000000
-0.531965 -0.831944 -0.157741 -4.570000 -0.235602 0.324352 -0.916126 11.195800 0.813329 -0.450183 -0.368552 -0.806600 0.000000 0.000000 0.000000 1.000000
-0.293581 -0.953173 -0.072605 -4.570000 -0.206807 0.137484 -0.968674 11.195800 0.933296 -0.269369 -0.237486 -0.806600 0.000000 0.000000 0.000000 1.000000
-0.068580 -0.997641 -0.003135 -4.570000 -0.114530 0.010995 -0.993359 11.195800 0.991050 -0.067765 -0.115013 -0.806600 0.000000 0.000000 0.000000 1.000000
0.101235 -0.978943 0.177263 -4.570000 0.027210 -0.175387 -0.984124 11.195800 0.994490 0.104451 0.008881 -0.806600 0.000000 0.000000 0.000000 1.000000
0.165060 -0.911304 0.377199 -4.570000 0.205699 -0.342227 -0.916825 11.195800 0.964595 0.228921 0.130967 -0.806600 0.000000 0.000000 0.000000 1.000000
0.132704 -0.895769 0.424249 -4.570000 0.364816 -0.353841 -0.861223 11.195800 0.921574 0.269061 0.279835 -0.806600 0.000000 0.000000 0.000000 1.000000
0.085389 -0.897856 0.431929 -4.570000 0.474315 -0.344606 -0.810106 11.195800 0.876205 0.274045 0.396441 -0.806600 0.000000 0.000000 0.000000 1.000000
0.065413 -0.914854 0.398452 -4.570000 0.527297 -0.307312 -0.792160 11.195800 0.847159 0.261920 0.462297 -0.806600 0.000000 0.000000 0.000000 1.000000
0.074041 -0.925161 0.372282 -4.570000 0.549554 -0.273659 -0.789368 11.195800 0.832171 0.263034 0.488164 -0.806600 0.000000 0.000000 0.000000 1.000000
0.086995 -0.930598 0.355556 -4.570000 0.550452 -0.252574 -0.795744 11.195800 0.830322 0.264943 0.490277 -0.806600 0.000000 0.000000 0.000000 1.000000
0.105432 -0.929631 0.353086 -4.570000 0.543461 -0.243486 -0.803346 11.195800 0.832787 0.276587 0.479547 -0.806600 0.000000 0.000000 0.000000 1.000000
0.128164 -0.925888 0.355395 -4.570000 0.531065 -0.238572 -0.813052 11.195800 0.837582 0.292942 0.461130 -0.806600 0.000000 0.000000 0.000000 1.000000
0.152392 -0.920889 0.358804 -4.570000 0.513640 -0.236368 -0.824805 11.195800 0.844364 0.309990 0.436985 -0.806600 0.000000 0.000000 0.000000 1.000000
0.174460 -0.916264 0.360588 -4.570000 0.491789 -0.236178 -0.838072 11.195800 0.853058 0.323543 0.409405 -0.806600 0.000000 0.000000 0.000000 1.000000
0.196365 -0.912598 0.358616 -4.570000 0.466304 -0.234818 -0.852890 11.195800 0.862555 0.334702 0.379438 -0.806600 0.000000 0.000000 0.000000 1.000000
0.217677 -0.908622 0.356403 -4.570000 0.437171 -0.235714 -0.867941 11.195800 0.872639 0.344739 0.345914 -0.806600 0.000000 0.000000 0.000000 1.000000
0.234303 -0.905277 0.354367 -4.570000 0.404869 -0.240534 -0.882170 11.195800 0.883846 0.350168 0.310160 -0.806600 0.000000 0.000000 0.000000 1.000000
0.252512 -0.901388 0.351762 -4.570000 0.369994 -0.245965 -0.895883 11.195800 0.894059 0.356371 0.271399 -0.806600 0.000000 0.000000 0.000000 1.000000
0.261670 -0.896679 0.357065 -4.570000 0.333695 -0.263088 -0.905225 11.195800 0.905636 0.356021 0.230375 -0.806600 0.000000 0.000000 0.000000 1.000000
0.273865 -0.890240 0.363965 -4.570000 0.296569 -0.281824 -0.912481 11.195800 0.914901 0.357837 0.186836 -0.806600 0.000000 0.000000 0.000000 1.000000
0.278303 -0.892941 0.353841 -4.570000 0.256245 -0.286018 -0.923327 11.195800 0.925681 0.347635 0.149212 -0.806600 0.000000 0.000000 0.000000 1.000000
0.273795 -0.901617 0.334847 -4.570000 0.213997 -0.282315 -0.935149 11.195800 0.937679 0.327696 0.115647 -0.806600 0.000000 0.000000 0.000000 1.000000
0.284835 -0.896492 0.339369 -4.570000 0.174781 -0.299528 -0.937942 11.195800 0.942508 0.326474 0.071373 -0.806600 0.000000 0.000000 0.000000 1.000000
0.293060 -0.896543 0.332154 -4.570000 0.136382 -0.304655 -0.942648 11.195800 0.946317 0.321552 0.032990 -0.806600 0.000000 0.000000 0.000000 1.000000
0.299269 -0.897729 0.323296 -4.570000 0.100595 -0.307252 -0.946296 11.195800 0.948851 0.315719 -0.001644 -0.806600 0.000000 0.000000 0.000000 1.000000
0.308548 -0.898413 0.312494 -4.570000 0.068801 -0.306584 -0.949354 11.195800 0.948717 0.314421 -0.032784 -0.806600 0.000000 0.000000 0.000000 1.000000
0.306811 -0.904229 0.297049 -4.570000 0.040196 -0.299512 -0.953245 11.195800 0.950921 0.304406 -0.055548 -0.806600 0.000000 0.000000 0.000000 1.000000
0.295689 -0.912940 0.281261 -4.570000 0.016889 -0.289384 -0.957064 11.195800 0.955135 0.287744 -0.070149 -0.806600 0.000000 0.000000 0.000000 1.000000
0.275247 -0.923588 0.266878 -4.570000 -0.000764 -0.277811 -0.960636 11.195800 0.961373 0.264208 -0.077172 -0.806600 0.000000 0.000000 0.000000 1.000000
0.248766 -0.930747 0.268004 -4.570000 -0.011025 -0.279405 -0.960110 11.195800 0.968501 0.235888 -0.079768 -0.806600 0.000000 0.000000 0.000000 1.000000
0.213417 -0.934407 0.285197 -4.570000 -0.013973 -0.294812 -0.955453 11.195800 0.976861 0.199925 -0.075974 -0.806600 0.000000 0.000000 0.000000 1.000000
0.174301 -0.934109 0.311545 -4.570000 -0.014441 -0.318779 -0.947719 11.195800 0.984587 0.160689 -0.069053 -0.806600 0.000000 0.000000 0.000000 1.000000
0.153697 -0.933047 0.325270 -4.570000 -0.015509 -0.331419 -0.943356 11.195800 0.987996 0.139946 -0.065409 -0.806600 0.000000 0.000000 0.000000 1.000000
0.147511 -0.936812 0.317212 -4.570000 -0.017185 -0.323100 -0.946209 11.195800 0.988911 0.134125 -0.063760 -0.806600 0.000000 0.000000 0.000000 1.000000
0.133147 -0.943633 0.303031 -4.570000 -0.019670 -0.308210 -0.951115 11.195800 0.990901 0.120678 -0.059599 -0.806600 0.000000 0.000000 0.000000 1.000000
0.098713 -0.953907 0.283405 -4.570000 -0.023132 -0.286918 -0.957676 11.195800 0.994847 0.087979 -0.050388 -0.806600 0.000000 0.000000 0.000000 1.000000
0.074056 -0.964098 0.255011 -4.570000 -0.025751 -0.257477 -0.965941 11.195800 0.996922 0.064967 -0.043895 -0.806600 0.000000 0.000000 0.000000 1.000000
0.045144 -0.974102 0.221558 -4.570000 -0.027698 -0.222919 -0.974443 11.195800 0.998596 0.037853 -0.037044 -0.806600 0.000000 0.000000 0.000000 1.000000
0.004084 -0.983370 0.181565 -4.570000 -0.028525 -0.181607 -0.982957 11.195800 0.999585 -0.001165 -0.028792 -0.806600 0.000000 0.000000 0.000000 1.000000
-0.023783 -0.987741 0.154282 -4.570000 -0.028236 -0.153601 -0.987730 11.195800 0.999318 -0.027847 -0.024236 -0.806600 0.000000 0.000000 0.000000 1.000000
-0.034635 -0.990851 0.130443 -4.570000 -0.028214 -0.129500 -0.991178 11.195800 0.999002 -0.038010 -0.023471 -0.806600 0.000000 0.000000 0.000000 1.000000
-0.052441 -0.992557 0.109916 -4.570000 -0.027690 -0.108580 -0.993702 11.195800 0.998240 -0.055155 -0.021790 -0.806600 0.000000 0.000000 0.000000 1.000000
-0.068003 -0.993360 0.092794 -4.570000 -0.027120 -0.091135 -0.995469 11.195800 0.997316 -0.070212 -0.020743 -0.806600 0.000000 0.000000 0.000000 1.000000
-0.077036 -0.993801 0.080156 -4.570000 -0.027088 -0.078279 -0.996563 11.195800 0.996660 -0.078943 -0.020889 -0.806600 0.000000 0.000000 0.000000 1.000000
-0.079612 -0.994091 0.073791 -4.570000 -0.027869 -0.071777 -0.997031 11.195800 0.996436 -0.081432 -0.021990 -0.806600 0.000000 0.000000 0.000000 1.000000
-0.075033 -0.994370 0.074822 -4.570000 -0.029868 -0.072759 -0.996902 11.195800 0.996734 -0.077035 -0.024241 -0.806600 0.000000 0.000000 0.000000 1.000000
-0.068959 -0.994895 0.073677 -4.570000 -0.031875 -0.071617 -0.996923 11.195800 0.997110 -0.071095 -0.026774 -0.806600 0.000000 0.000000 0.000000 1.000000
-0.059965 -0.995355 0.075320 -4.570000 -0.034433 -0.073349 -0.996712 11.195800 0.997606 -0.062361 -0.029874 -0.806600 0.000000 0.000000 0.000000 1.000000
-0.047465 -0.995865 0.077459 -4.570000 -0.037175 -0.075731 -0.996435 11.195800 0.998181 -0.050175 -0.033426 -0.806600 0.000000 0.000000 0.000000 1.000000
-0.041485 -0.995967 0.079553 -4.570000 -0.039005 -0.077946 -0.996194 11.195800 0.998377 -0.044430 -0.035615 -0.806600 0.000000 0.000000 0.000000 1.000000
-0.036173 -0.995963 0.082153 -4.570000 -0.040576 -0.080675 -0.995914 11.195800 0.998521 -0.039359 -0.037494 -0.806600 0.000000 0.000000 0.000000 1.000000
-0.031247 -0.995912 0.084746 -4.570000 -0.041964 -0.083406 -0.995632 11.195800 0.998630 -0.034667 -0.039186 -0.806600 0.000000 0.000000 0.000000 1.000000
-0.026963 -0.995834 0.087110 -4.570000 -0.043148 -0.085901 -0.995369 11.195800 0.998705 -0.030597 -0.040652 -0.806600 0.000000 0.000000 0.000000 1.000000
-0.023575 -0.995749 0.089043 -4.570000 -0.044095 -0.087945 -0.995149 11.195800 0.998749 -0.027387 -0.041834 -0.806600 0.000000 0.000000 0.000000 1.000000
-0.021347 -0.995681 0.090349 -4.570000 -0.044748 -0.089328 -0.994997 11.195800 0.998770 -0.025284 -0.042648 -0.806600 0.000000 0.000000 0.000000 1.000000
-0.020542 -0.995655 0.090827 -4.570000 -0.045021 -0.089833 -0.994939 11.195800 0.998775 -0.024528 -0.042980 -0.806600 0.000000 0.000000 0.000000 1.000000</float_array>
        <technique_common>
          <accessor source="#mixamorig_RightShoulder-Matrix-animation-output-transform-array" count="90" stride="16">
            <param type="float4x4"/>
          </accessor>
        </technique_common>
      </source>
      <source id="mixamorig_RightShoulder-Interpolations">
        <Name_array id="mixamorig_RightShoulder-Interpolations-array" count="90">
 LINEAR LINEAR LINEAR LINEAR LINEAR LINEAR LINEAR LINEAR LINEAR LINEAR LINEAR
LINEAR LINEAR LINEAR LINEAR LINEAR LINEAR LINEAR LINEAR LINEAR LINEAR LINEAR LINEAR
LINEAR LINEAR LINEAR LINEAR LINEAR LINEAR LINEAR LINEAR LINEAR LINEAR LINEAR LINEAR
LINEAR LINEAR LINEAR LINEAR LINEAR LINEAR LINEAR LINEAR LINEAR LINEAR LINEAR LINEAR
LINEAR LINEAR LINEAR LINEAR LINEAR LINEAR LINEAR LINEAR LINEAR LINEAR LINEAR LINEAR
LINEAR LINEAR LINEAR LINEAR LINEAR LINEAR LINEAR LINEAR LINEAR LINEAR LINEAR LINEAR
LINEAR LINEAR LINEAR LINEAR LINEAR LINEAR LINEAR LINEAR LINEAR LINEAR LINEAR LINEAR
LINEAR LINEAR LINEAR LINEAR LINEAR LINEAR LINEAR</Name_array>
        <technique_common>
          <accessor source="#mixamorig_RightShoulder-Interpolations-array" count="90">
            <param type="name"/>
          </accessor>
        </technique_common>
      </source>
      <sampler id="mixamorig_RightShoulder-Matrix-animation-transform">
        <input semantic="INPUT" source="#mixamorig_RightShoulder-Matrix-animation-input"/>
        <input semantic="OUTPUT" source="#mixamorig_RightShoulder-Matrix-animation-output-transform"/>
        <input semantic="INTERPOLATION" source="#mixamorig_RightShoulder-Interpolations"/>
      </sampler>
      <channel source="#mixamorig_RightShoulder-Matrix-animation-transform" target="mixamorig_RightShoulder/matrix"/>
    </animation>
    <animation id="mixamorig_RightArm-anim" name="mixamorig_RightArm">
      <source id="mixamorig_RightArm-Matrix-animation-input">
        <float_array id="mixamorig_RightArm-Matrix-animation-input-array" count="90">

0.000000 0.033333 0.066667 0.100000 0.133333 0.166667 0.200000 0.233333 0.266667 0.300000 0.333333 0.366667 0.400000 0.433333 0.466667 0.500000
0.533333 0.566667 0.600000 0.633333 0.666667 0.700000 0.733333 0.766667 0.800000 0.833333 0.866667 0.900000 0.933333 0.966667 1.000000 1.033333
1.066667 1.100000 1.133333 1.166667 1.200000 1.233333 1.266667 1.300000 1.333333 1.366667 1.400000 1.433333 1.466667 1.500000 1.533333 1.566667
1.600000 1.633333 1.666667 1.700000 1.733333 1.766667 1.800000 1.833333 1.866667 1.900000 1.933333 1.966667 2.000000 2.033333 2.066667 2.100000
2.133333 2.166667 2.200000 2.233333 2.266667 2.300000 2.333333 2.366667 2.400000 2.433333 2.466667 2.500000 2.533333 2.566667 2.600000 2.633333
2.666667 2.700000 2.733333 2.766667 2.800000 2.833333 2.866667 2.900000 2.933333 2.966667</float_array>
        <technique_common>
          <accessor source="#mixamorig_RightArm-Matrix-animation-input-array" count="90">
            <param name="TIME" type="float"/>
          </accessor>
        </technique_common>
      </source>
      <source id="mixamorig_RightArm-Matrix-animation-output-transform">
        <float_array id="mixamorig_RightArm-Matrix-animation-output-transform-array" count="1440">

0.741271 0.204585 0.639267 0.000000 0.273572 0.777625 -0.566089 10.838200 -0.612924 0.594511 0.520462 0.000000 0.000000 0.000000 0.000000 1.000000
0.759468 0.295352 0.579634 0.000000 0.145843 0.791019 -0.594154 10.838200 -0.633986 0.535777 0.557678 0.000000 0.000000 0.000000 0.000000 1.000000
0.750862 0.482393 0.451113 -0.000000 -0.165221 0.798507 -0.578869 10.838200 -0.639459 0.360117 0.679270 -0.000000 0.000000 0.000000 0.000000 1.000000
0.676622 0.664090 0.318068 0.000000 -0.476286 0.724153 -0.498752 10.838200 -0.561546 0.185975 0.806275 0.000000 0.000000 0.000000 0.000000 1.000000
0.560344 0.808063 0.181795 0.000000 -0.729370 0.585415 -0.353990 10.838200 -0.392471 0.065760 0.917410 0.000000 0.000000 0.000000 0.000000 1.000000
0.480780 0.875989 0.038657 -0.000000 -0.864784 0.480994 -0.144197 10.838200 -0.144909 0.035897 0.988794 -0.000000 0.000000 0.000000 0.000000 1.000000
0.416180 0.902036 -0.114566 0.000000 -0.900061 0.426575 0.089020 10.838200 0.129170 0.066068 0.989419 0.000000 0.000000 0.000000 0.000000 1.000000
0.359613 0.888098 -0.286289 0.000000 -0.855247 0.436403 0.279475 10.838200 0.373138 0.144345 0.916478 -0.000000 0.000000 0.000000 0.000000 1.000000
0.308032 0.832548 -0.460413 0.000000 -0.788034 0.494418 0.366816 10.838200 0.533028 0.249830 0.808372 0.000000 0.000000 0.000000 0.000000 1.000000
0.271392 0.747380 -0.606440 0.000000 -0.740064 0.564886 0.364978 10.838200 0.615346 0.349753 0.706415 0.000000 0.000000 0.000000 0.000000 1.000000
0.303098 0.647922 -0.698805 0.000000 -0.732151 0.627713 0.264445 10.838200 0.609989 0.431478 0.664635 0.000000 0.000000 0.000000 0.000000 1.000000
0.415535 0.557282 -0.718866 0.000000 -0.720219 0.684289 0.114160 10.838200 0.555531 0.470303 0.685711 -0.000000 0.000000 0.000000 0.000000 1.000000
0.589131 0.439901 -0.677800 0.000000 -0.641669 0.764508 -0.061552 10.838200 0.491106 0.471185 0.732666 0.000000 0.000000 0.000000 0.000000 1.000000
0.775579 0.278196 -0.566643 0.000000 -0.460359 0.863456 -0.206189 10.838200 0.431910 0.420775 0.797748 -0.000000 0.000000 0.000000 0.000000 1.000000
0.914062 0.173171 -0.366746 0.000000 -0.282255 0.920966 -0.268614 10.838200 0.291245 0.349045 0.890698 -0.000000 0.000000 0.000000 0.000000 1.000000
0.968660 0.195168 -0.153646 0.000000 -0.231253 0.934374 -0.271048 10.838200 0.090663 0.298084 0.950224 0.000000 0.000000 0.000000 0.000000 1.000000
0.954886 0.294215 0.040374 0.000000 -0.272926 0.923011 -0.271221 10.838200 -0.117063 0.247967 0.961670 0.000000 0.000000 0.000000 0.000000 1.000000
0.896625 0.399039 0.191916 0.000000 -0.338758 0.897296 -0.283025 10.838200 -0.285143 0.188754 0.939715 -0.000000 0.000000 0.000000 0.000000 1.000000
0.864950 0.390925 0.314705 0.000000 -0.308208 0.908669 -0.281652 10.838200 -0.396068 0.146620 0.906440 0.000000 0.000000 0.000000 0.000000 1.000000
0.859411 0.272616 0.432542 0.000000 -0.186326 0.954807 -0.231572 10.838200 -0.476125 0.118422 0.871367 -0.000000 0.000000 0.000000 0.000000 1.000000
0.817948 0.182532 0.545567 0.000000 -0.112634 0.980788 -0.159277 10.838200 -0.564159 0.068831 0.822792 0.000000 0.000000 0.000000 0.000000 1.000000
0.749400 0.163294 0.641665 -0.000000 -0.095828 0.985657 -0.138917 10.838200 -0.655146 0.042615 0.754300 0.000000 0.000000 0.000000 0.000000 1.000000
0.667322 0.186030 0.721162 -0.000000 -0.119114 0.982496 -0.143222 10.838200 -0.735182 0.009675 0.677800 -0.000000 0.000000 0.000000 0.000000 1.000000
0.576792 0.214706 0.788171 0.000000 -0.155075 0.976076 -0.152407 10.838200 -0.802037 -0.034319 0.596288 -0.000000 0.000000 0.000000 0.000000 1.000000
0.492058 0.213499 0.843977 0.000000 -0.143970 0.976069 -0.162976 10.838200 -0.858575 -0.041314 0.511020 0.000000 0.000000 0.000000 0.000000 1.000000
0.406014 0.174368 0.897078 -0.000000 -0.100745 0.984186 -0.145702 10.838200 -0.908297 -0.031219 0.417160 0.000000 0.000000 0.000000 0.000000 1.000000
0.319985 0.181014 0.929969 0.000000 -0.073249 0.983367 -0.166204 10.838200 -0.944587 -0.014936 0.327922 0.000000 0.000000 0.000000 0.000000 1.000000
0.216633 0.194529 0.956676 0.000000 -0.074036 0.980398 -0.182587 10.838200 -0.973442 -0.031274 0.226788 0.000000 0.000000 0.000000 0.000000 1.000000
0.080578 0.191533 0.978173 0.000000 -0.073640 0.979826 -0.185791 10.838200 -0.994024 -0.057062 0.093057 0.000000 0.000000 0.000000 0.000000 1.000000
-0.075760 0.164464 0.983469 0.000000 -0.052577 0.984273 -0.168648 10.838200 -0.995739 -0.064484 -0.065922 0.000000 0.000000 0.000000 0.000000 1.000000
-0.240948 0.137992 0.960678 0.000000 -0.033180 0.988091 -0.150252 10.838200 -0.969971 -0.068078 -0.233500 0.000000 0.000000 0.000000 0.000000 1.000000
-0.371849 0.138124 0.917960 -0.000000 -0.039975 0.985568 -0.164490 10.838200 -0.927432 -0.097860 -0.360962 0.000000 0.000000 0.000000 0.000000 1.000000
-0.447506 0.083074 0.890414 0.000000 -0.037697 0.993039 -0.111594 10.838200 -0.893486 -0.083505 -0.441259 0.000000 0.000000 0.000000 0.000000 1.000000
-0.511015 0.162494 0.844073 0.000000 0.017724 0.983752 -0.178653 10.838200 -0.859389 -0.076334 -0.505592 0.000000 0.000000 0.000000 0.000000 1.000000
-0.565291 0.279918 0.775946 0.000000 0.113142 0.958084 -0.263198 10.838200 -0.817096 -0.060992 -0.573267 0.000000 0.000000 0.000000 0.000000 1.000000
-0.505371 0.278034 0.816883 -0.000000 0.119241 0.960088 -0.253006 10.838200 -0.854624 -0.030456 -0.518354 -0.000000 0.000000 0.000000 0.000000 1.000000
-0.227739 0.326314 0.917417 0.000000 0.038807 0.944469 -0.326302 10.838200 -0.972949 -0.038710 -0.227756 0.000000 0.000000 0.000000 0.000000 1.000000
0.256366 0.467812 0.845830 -0.000000 -0.128273 0.883801 -0.449935 10.838200 -0.958030 0.006851 0.286585 0.000000 0.000000 0.000000 0.000000 1.000000
0.612963 0.579428 0.537159 0.000000 -0.320269 0.803705 -0.501484 10.838200 -0.722291 0.135356 0.678214 0.000000 0.000000 0.000000 0.000000 1.000000
0.671311 0.645852 0.363617 -0.000000 -0.342044 0.705187 -0.621061 10.838200 -0.657531 0.292552 0.694310 0.000000 0.000000 0.000000 0.000000 1.000000
0.700369 0.637557 0.320942 -0.000000 -0.276388 0.656794 -0.701592 10.838200 -0.658098 0.402669 0.636211 0.000000 0.000000 0.000000 0.000000 1.000000
0.700999 0.641659 0.311246 0.000000 -0.264056 0.638942 -0.722515 10.838200 -0.662476 0.424296 0.617331 0.000000 0.000000 0.000000 0.000000 1.000000
0.694845 0.648835 0.310167 0.000000 -0.272229 0.636501 -0.721636 10.838200 -0.665644 0.416989 0.618901 0.000000 0.000000 0.000000 0.000000 1.000000
0.685596 0.657827 0.311804 0.000000 -0.287728 0.638300 -0.713993 10.838200 -0.668708 0.399795 0.626891 0.000000 0.000000 0.000000 0.000000 1.000000
0.676888 0.664303 0.317056 0.000000 -0.302811 0.643900 -0.702637 10.838200 -0.670916 0.379598 0.637006 0.000000 0.000000 0.000000 0.000000 1.000000
0.676896 0.670307 0.304139 0.000000 -0.333052 0.647380 -0.685548 10.838200 -0.656421 0.362751 0.661456 -0.000000 0.000000 0.000000 0.000000 1.000000
0.675577 0.676880 0.292284 0.000000 -0.361522 0.649621 -0.668801 10.838200 -0.642572 0.346159 0.683575 0.000000 0.000000 0.000000 0.000000 1.000000
0.672043 0.686207 0.278347 0.000000 -0.391554 0.648332 -0.652956 10.838200 -0.628525 0.329826 0.704394 0.000000 0.000000 0.000000 0.000000 1.000000
0.671699 0.694786 0.257084 -0.000000 -0.425642 0.645972 -0.633679 10.838200 -0.606341 0.316216 0.729629 -0.000000 0.000000 0.000000 0.000000 1.000000
0.671652 0.702146 0.236377 0.000000 -0.459395 0.645022 -0.610658 10.838200 -0.581240 0.301560 0.755792 0.000000 0.000000 0.000000 0.000000 1.000000
0.668844 0.711244 0.216285 0.000000 -0.493746 0.642510 -0.585999 10.838200 -0.555754 0.285153 0.780913 0.000000 0.000000 0.000000 0.000000 1.000000
0.667809 0.720847 0.185502 -0.000000 -0.532173 0.636639 -0.558106 10.838200 -0.520407 0.273989 0.808768 0.000000 0.000000 0.000000 0.000000 1.000000
0.663349 0.734731 0.141911 0.000000 -0.575820 0.622296 -0.530263 10.838200 -0.477911 0.270034 0.835872 0.000000 0.000000 0.000000 0.000000 1.000000
0.657120 0.747989 0.093310 0.000000 -0.614267 0.603121 -0.508843 10.838200 -0.436886 0.277053 0.855787 0.000000 0.000000 0.000000 0.000000 1.000000
0.635573 0.770870 0.042507 0.000000 -0.649386 0.563565 -0.510580 10.838200 -0.417546 0.296907 0.858779 0.000000 0.000000 0.000000 0.000000 1.000000
0.602738 0.797926 -0.004636 0.000000 -0.674104 0.506080 -0.538021 10.838200 -0.426954 0.327411 0.842919 0.000000 0.000000 0.000000 0.000000 1.000000
0.585845 0.808105 -0.061260 0.000000 -0.693664 0.460919 -0.553520 10.838200 -0.419066 0.366771 0.830580 0.000000 0.000000 0.000000 0.000000 1.000000
0.566689 0.812895 -0.134406 0.000000 -0.726819 0.416368 -0.546235 10.838200 -0.388069 0.407234 0.826779 0.000000 0.000000 0.000000 0.000000 1.000000
0.539322 0.811504 -0.224928 0.000000 -0.778588 0.378766 -0.500336 10.838200 -0.320830 0.444969 0.836104 0.000000 0.000000 0.000000 0.000000 1.000000
0.506382 0.798641 -0.325190 0.000000 -0.832547 0.354585 -0.425599 10.838200 -0.224593 0.486252 0.844462 0.000000 0.000000 0.000000 0.000000 1.000000
0.474178 0.771485 -0.424225 0.000000 -0.871297 0.341972 -0.351990 10.838200 -0.126482 0.536532 0.834348 -0.000000 0.000000 0.000000 0.000000 1.000000
0.453836 0.729133 -0.512248 -0.000000 -0.890221 0.345680 -0.296668 10.838200 -0.039237 0.590653 0.805971 0.000000 0.000000 0.000000 0.000000 1.000000
0.451795 0.669834 -0.589240 0.000000 -0.890912 0.373150 -0.258912 10.838200 0.046447 0.641936 0.765350 -0.000000 0.000000 0.000000 0.000000 1.000000
0.470154 0.591611 -0.654943 -0.000000 -0.870097 0.435079 -0.231597 10.838200 0.147937 0.678751 0.719314 -0.000000 0.000000 0.000000 0.000000 1.000000
0.521131 0.496616 -0.694114 -0.000000 -0.815376 0.529979 -0.232990 10.838200 0.252160 0.687383 0.681117 -0.000000 0.000000 0.000000 0.000000 1.000000
0.600376 0.394888 -0.695422 0.000000 -0.720108 0.645174 -0.255332 10.838200 0.347841 0.654075 0.671709 0.000000 0.000000 0.000000 0.000000 1.000000
0.704601 0.273088 -0.654950 -0.000000 -0.578137 0.756104 -0.306700 10.838200 0.411454 0.594752 0.690634 0.000000 0.000000 0.000000 0.000000 1.000000
0.811443 0.136667 -0.568227 0.000000 -0.403646 0.834180 -0.375785 10.838200 0.422646 0.534291 0.732055 0.000000 0.000000 0.000000 0.000000 1.000000
0.885733 -0.001287 -0.464193 0.000000 -0.220237 0.879114 -0.422675 10.838200 0.408623 0.476609 0.778377 0.000000 0.000000 0.000000 0.000000 1.000000
0.919888 -0.108983 -0.376736 -0.000000 -0.068199 0.901525 -0.427319 10.838200 0.386207 0.418778 0.821869 -0.000000 0.000000 0.000000 0.000000 1.000000
0.935262 -0.211023 -0.284173 -0.000000 0.071980 0.899462 -0.431030 10.838200 0.346560 0.382671 0.856422 -0.000000 0.000000 0.000000 0.000000 1.000000
0.939764 -0.293920 -0.174513 -0.000000 0.195331 0.880725 -0.431474 10.838200 0.280516 0.371396 0.885085 0.000000 0.000000 0.000000 0.000000 1.000000
0.938225 -0.342299 -0.050653 0.000000 0.288056 0.853736 -0.433773 10.838200 0.191724 0.392386 0.899597 0.000000 0.000000 0.000000 0.000000 1.000000
0.927260 -0.364285 0.086522 -0.000000 0.365101 0.828475 -0.424654 10.838200 0.083013 0.425354 0.901212 0.000000 0.000000 0.000000 0.000000 1.000000
0.906548 -0.357227 0.224855 0.000000 0.420513 0.810510 -0.407728 10.838200 -0.036596 0.464179 0.884985 0.000000 0.000000 0.000000 0.000000 1.000000
0.883364 -0.319926 0.342513 0.000000 0.445322 0.800787 -0.400534 10.838200 -0.146139 0.506346 0.849857 0.000000 0.000000 0.000000 0.000000 1.000000
0.857461 -0.273211 0.436023 0.000000 0.456526 0.794862 -0.399722 10.838200 -0.237370 0.541802 0.806292 0.000000 0.000000 0.000000 0.000000 1.000000
0.832869 -0.220526 0.507640 0.000000 0.455569 0.794003 -0.402512 10.838200 -0.314303 0.566505 0.761765 0.000000 0.000000 0.000000 0.000000 1.000000
0.820260 -0.172699 0.545297 -0.000000 0.443291 0.794406 -0.415225 10.838200 -0.361479 0.582318 0.728175 0.000000 0.000000 0.000000 0.000000 1.000000
0.813473 -0.126728 0.567627 0.000000 0.424821 0.796045 -0.431091 10.838200 -0.397226 0.591821 0.701399 0.000000 0.000000 0.000000 0.000000 1.000000
0.805143 -0.077159 0.588041 0.000000 0.404089 0.797117 -0.448683 10.838200 -0.434117 0.598875 0.672972 0.000000 0.000000 0.000000 0.000000 1.000000
0.794083 -0.027450 0.607189 -0.000000 0.383443 0.797728 -0.465404 10.838200 -0.471596 0.602392 0.643988 0.000000 0.000000 0.000000 0.000000 1.000000
0.778271 0.019126 0.627637 0.000000 0.367552 0.796536 -0.480038 10.838200 -0.509117 0.604289 0.612891 0.000000 0.000000 0.000000 0.000000 1.000000
0.768447 0.063417 0.636763 -0.000000 0.349372 0.792103 -0.500512 10.838200 -0.536123 0.607084 0.586533 0.000000 0.000000 0.000000 0.000000 1.000000
0.762700 0.101962 0.638665 -0.000000 0.330493 0.787386 -0.520382 10.838200 -0.555935 0.607970 0.566842 0.000000 0.000000 0.000000 0.000000 1.000000
0.756633 0.136123 0.639514 0.000000 0.312591 0.783758 -0.536665 10.838200 -0.574277 0.605965 0.550466 0.000000 0.000000 0.000000 0.000000 1.000000
0.750801 0.164556 0.639703 0.000000 0.296900 0.781047 -0.549377 10.838200 -0.590041 0.602401 0.537554 -0.000000 0.000000 0.000000 0.000000 1.000000
0.745869 0.186132 0.639558 0.000000 0.284500 0.779154 -0.558551 10.838200 -0.602278 0.598560 0.528192 -0.000000 0.000000 0.000000 0.000000 1.000000
0.742500 0.199803 0.639353 -0.000000 0.276432 0.778013 -0.564164 10.838200 -0.610147 0.595630 0.522443 -0.000000 0.000000 0.000000 0.000000 1.000000
0.741271 0.204585 0.639267 0.000000 0.273572 0.777626 -0.566089 10.838200 -0.612924 0.594511 0.520463 0.000000 0.000000 0.000000 0.000000 1.000000</float_array>
        <technique_common>
          <accessor source="#mixamorig_RightArm-Matrix-animation-output-transform-array" count="90" stride="16">
            <param type="float4x4"/>
          </accessor>
        </technique_common>
      </source>
      <source id="mixamorig_RightArm-Interpolations">
        <Name_array id="mixamorig_RightArm-Interpolations-array" count="90">
 LINEAR LINEAR LINEAR LINEAR LINEAR LINEAR LINEAR LINEAR LINEAR LINEAR LINEAR
LINEAR LINEAR LINEAR LINEAR LINEAR LINEAR LINEAR LINEAR LINEAR LINEAR LINEAR LINEAR
LINEAR LINEAR LINEAR LINEAR LINEAR LINEAR LINEAR LINEAR LINEAR LINEAR LINEAR LINEAR
LINEAR LINEAR LINEAR LINEAR LINEAR LINEAR LINEAR LINEAR LINEAR LINEAR LINEAR LINEAR
LINEAR LINEAR LINEAR LINEAR LINEAR LINEAR LINEAR LINEAR LINEAR LINEAR LINEAR LINEAR
LINEAR LINEAR LINEAR LINEAR LINEAR LINEAR LINEAR LINEAR LINEAR LINEAR LINEAR LINEAR
LINEAR LINEAR LINEAR LINEAR LINEAR LINEAR LINEAR LINEAR LINEAR LINEAR LINEAR LINEAR
LINEAR LINEAR LINEAR LINEAR LINEAR LINEAR LINEAR</Name_array>
        <technique_common>
          <accessor source="#mixamorig_RightArm-Interpolations-array" count="90">
            <param type="name"/>
          </accessor>
        </technique_common>
      </source>
      <sampler id="mixamorig_RightArm-Matrix-animation-transform">
        <input semantic="INPUT" source="#mixamorig_RightArm-Matrix-animation-input"/>
        <input semantic="OUTPUT" source="#mixamorig_RightArm-Matrix-animation-output-transform"/>
        <input semantic="INTERPOLATION" source="#mixamorig_RightArm-Interpolations"/>
      </sampler>
      <channel source="#mixamorig_RightArm-Matrix-animation-transform" target="mixamorig_RightArm/matrix"/>
    </animation>
    <animation id="mixamorig_RightForeArm-anim" name="mixamorig_RightForeArm">
      <source id="mixamorig_RightForeArm-Matrix-animation-input">
        <float_array id="mixamorig_RightForeArm-Matrix-animation-input-array" count="90">

0.000000 0.033333 0.066667 0.100000 0.133333 0.166667 0.200000 0.233333 0.266667 0.300000 0.333333 0.366667 0.400000 0.433333 0.466667 0.500000
0.533333 0.566667 0.600000 0.633333 0.666667 0.700000 0.733333 0.766667 0.800000 0.833333 0.866667 0.900000 0.933333 0.966667 1.000000 1.033333
1.066667 1.100000 1.133333 1.166667 1.200000 1.233333 1.266667 1.300000 1.333333 1.366667 1.400000 1.433333 1.466667 1.500000 1.533333 1.566667
1.600000 1.633333 1.666667 1.700000 1.733333 1.766667 1.800000 1.833333 1.866667 1.900000 1.933333 1.966667 2.000000 2.033333 2.066667 2.100000
2.133333 2.166667 2.200000 2.233333 2.266667 2.300000 2.333333 2.366667 2.400000 2.433333 2.466667 2.500000 2.533333 2.566667 2.600000 2.633333
2.666667 2.700000 2.733333 2.766667 2.800000 2.833333 2.866667 2.900000 2.933333 2.966667</float_array>
        <technique_common>
          <accessor source="#mixamorig_RightForeArm-Matrix-animation-input-array" count="90">
            <param name="TIME" type="float"/>
          </accessor>
        </technique_common>
      </source>
      <source id="mixamorig_RightForeArm-Matrix-animation-output-transform">
        <float_array id="mixamorig_RightForeArm-Matrix-animation-output-transform-array" count="1440">

-0.337620 0.939701 -0.054543 0.000000 -0.928077 -0.341997 -0.147347 27.841499 -0.157116 0.000873 0.987580 0.000000 0.000000 0.000000 0.000000 1.000000
-0.298744 0.954059 -0.022872 0.000000 -0.943967 -0.298937 -0.139864 27.841499 -0.140276 -0.020193 0.989906 0.000000 0.000000 0.000000 0.000000 1.000000
-0.210655 0.975357 0.065595 -0.000000 -0.976958 -0.207696 -0.049140 27.841499 -0.034305 -0.074435 0.996636 0.000000 0.000000 0.000000 0.000000 1.000000
-0.064102 0.986460 0.150958 0.000000 -0.997530 -0.058986 -0.038133 27.841499 -0.028712 -0.153030 0.987804 0.000000 0.000000 0.000000 0.000000 1.000000
0.121419 0.960078 0.252008 -0.000000 -0.986868 0.144010 -0.073160 27.841499 -0.106531 -0.239816 0.964956 0.000000 0.000000 0.000000 0.000000 1.000000
0.184728 0.894777 0.406510 -0.000000 -0.917808 0.304972 -0.254206 27.841499 -0.351432 -0.326140 0.877570 -0.000000 0.000000 0.000000 0.000000 1.000000
0.244308 0.824808 0.509908 0.000000 -0.837638 0.444429 -0.317562 27.841499 -0.488545 -0.349536 0.799468 -0.000000 0.000000 0.000000 0.000000 1.000000
0.283648 0.782852 0.553794 0.000000 -0.796607 0.513858 -0.318384 27.841499 -0.533818 -0.350847 0.769379 0.000000 0.000000 0.000000 0.000000 1.000000
0.262352 0.770291 0.581225 0.000000 -0.779308 0.524341 -0.343140 27.841499 -0.569078 -0.362930 0.737856 0.000000 0.000000 0.000000 0.000000 1.000000
0.247935 0.760467 0.600182 0.000000 -0.747803 0.544086 -0.380474 27.841499 -0.615888 -0.354485 0.703578 0.000000 0.000000 0.000000 0.000000 1.000000
0.303471 0.758242 0.577040 0.000000 -0.723512 0.577444 -0.378270 27.841499 -0.620029 -0.302702 0.723834 0.000000 0.000000 0.000000 0.000000 1.000000
0.366793 0.755700 0.542568 0.000000 -0.685231 0.613929 -0.391855 27.841499 -0.629223 -0.228055 0.743014 -0.000000 0.000000 0.000000 0.000000 1.000000
0.312723 0.810876 0.494656 0.000000 -0.672857 0.556694 -0.487191 27.841499 -0.670424 -0.180477 0.719695 -0.000000 0.000000 0.000000 0.000000 1.000000
0.214920 0.884574 0.413930 0.000000 -0.622755 0.450616 -0.639626 27.841499 -0.752320 -0.120308 0.647719 0.000000 0.000000 0.000000 0.000000 1.000000
0.250508 0.894721 0.369757 0.000000 -0.554557 0.445682 -0.702733 27.841499 -0.793544 -0.029011 0.607821 0.000000 0.000000 0.000000 0.000000 1.000000
0.376859 0.811857 0.445943 -0.000000 -0.479297 0.582893 -0.656133 27.841499 -0.792623 0.033531 0.608789 -0.000000 0.000000 0.000000 0.000000 1.000000
0.526594 0.640339 0.559164 0.000000 -0.375897 0.765343 -0.522448 27.841499 -0.762496 0.064930 0.643727 0.000000 0.000000 0.000000 0.000000 1.000000
0.655930 0.429251 0.620886 -0.000000 -0.263199 0.901001 -0.344854 27.841499 -0.707448 0.062783 0.703972 0.000000 0.000000 0.000000 0.000000 1.000000
0.727213 0.348216 0.591529 -0.000000 -0.228401 0.935418 -0.269862 27.841499 -0.647297 0.061141 0.759782 -0.000000 0.000000 0.000000 0.000000 1.000000
0.750567 0.418666 0.511241 0.000000 -0.295514 0.904667 -0.307000 27.841499 -0.591033 0.079345 0.802735 -0.000000 0.000000 0.000000 0.000000 1.000000
0.772970 0.460812 0.436084 0.000000 -0.349856 0.882992 -0.312932 27.841499 -0.529261 0.089320 0.843744 0.000000 0.000000 0.000000 0.000000 1.000000
0.805722 0.459557 0.373657 0.000000 -0.373121 0.883768 -0.282372 27.841499 -0.459992 0.088095 0.883542 -0.000000 0.000000 0.000000 0.000000 1.000000
0.850344 0.421733 0.314731 -0.000000 -0.363609 0.903240 -0.227918 27.841499 -0.380398 0.079370 0.921411 0.000000 0.000000 0.000000 0.000000 1.000000
0.900190 0.354680 0.252705 0.000000 -0.321665 0.932682 -0.163207 27.841499 -0.293579 0.065631 0.953679 0.000000 0.000000 0.000000 0.000000 1.000000
0.903251 0.395665 0.166094 -0.000000 -0.373454 0.915461 -0.149877 27.841499 -0.211354 0.073348 0.974654 0.000000 0.000000 0.000000 0.000000 1.000000
0.826021 0.560942 0.055068 0.000000 -0.546006 0.820599 -0.168805 27.841499 -0.139879 0.109369 0.984110 0.000000 0.000000 0.000000 0.000000 1.000000
0.717770 0.693897 -0.057550 0.000000 -0.693376 0.704790 -0.150006 27.841499 -0.063528 0.147573 0.987009 -0.000000 0.000000 0.000000 0.000000 1.000000
0.602589 0.782279 -0.157880 0.000000 -0.797925 0.594112 -0.101717 27.841499 0.014227 0.187270 0.982205 0.000000 0.000000 0.000000 0.000000 1.000000
0.502400 0.831633 -0.236603 0.000000 -0.862378 0.501724 -0.067660 27.841499 0.062442 0.238034 0.969248 0.000000 0.000000 0.000000 0.000000 1.000000
0.372788 0.873429 -0.313289 -0.000000 -0.922290 0.385895 -0.021598 27.841499 0.102032 0.296995 0.949412 0.000000 0.000000 0.000000 0.000000 1.000000
0.240713 0.899495 -0.364645 -0.000000 -0.968212 0.248849 -0.025292 27.841499 0.067991 0.359141 0.930803 0.000000 0.000000 0.000000 0.000000 1.000000
0.203056 0.879431 -0.430546 0.000000 -0.979042 0.189385 -0.074903 27.841499 0.015667 0.436732 0.899455 0.000000 0.000000 0.000000 0.000000 1.000000
0.161650 0.838252 -0.520772 -0.000000 -0.981313 0.080725 -0.174667 27.841499 -0.104376 0.539275 0.835636 0.000000 0.000000 0.000000 0.000000 1.000000
0.127306 0.780783 -0.611695 -0.000000 -0.977277 -0.006638 -0.211863 27.841499 -0.169480 0.624767 0.762196 -0.000000 0.000000 0.000000 0.000000 1.000000
0.124026 0.712308 -0.690822 0.000000 -0.955665 -0.101626 -0.276361 27.841499 -0.267060 0.694470 0.668124 0.000000 0.000000 0.000000 0.000000 1.000000
0.090584 0.688702 -0.719364 0.000000 -0.937215 -0.185322 -0.295440 27.841499 -0.336784 0.700960 0.628674 0.000000 0.000000 0.000000 0.000000 1.000000
0.174726 0.830461 -0.528966 0.000000 -0.933372 -0.031358 -0.357538 27.841499 -0.313509 0.556193 0.769650 0.000000 0.000000 0.000000 0.000000 1.000000
0.468125 0.856547 -0.217226 0.000000 -0.834867 0.348146 -0.426370 27.841499 -0.289579 0.380949 0.878078 0.000000 0.000000 0.000000 0.000000 1.000000
0.866305 0.494896 0.067770 0.000000 -0.456615 0.839591 -0.294260 27.841499 -0.202527 0.223974 0.953320 0.000000 0.000000 0.000000 0.000000 1.000000
0.986765 0.154645 -0.048790 0.000000 -0.161100 0.969231 -0.186112 27.841499 0.018507 0.191509 0.981316 0.000000 0.000000 0.000000 0.000000 1.000000
0.979020 0.104029 -0.175210 -0.000000 -0.136424 0.973341 -0.184381 27.841499 0.151358 0.204415 0.967112 0.000000 0.000000 0.000000 0.000000 1.000000
0.978377 0.103914 -0.178831 0.000000 -0.137887 0.972155 -0.189479 27.841499 0.154162 0.210040 0.965462 0.000000 0.000000 0.000000 0.000000 1.000000
0.971150 0.100753 -0.216139 0.000000 -0.142857 0.971529 -0.189004 27.841499 0.190943 0.214428 0.957894 0.000000 0.000000 0.000000 0.000000 1.000000
0.968636 0.097084 -0.228734 0.000000 -0.142093 0.971573 -0.189355 27.841499 0.203848 0.215918 0.954895 0.000000 0.000000 0.000000 0.000000 1.000000
0.966395 0.092322 -0.239913 0.000000 -0.139549 0.972205 -0.187999 27.841499 0.215888 0.215161 0.952417 -0.000000 0.000000 0.000000 0.000000 1.000000
0.968601 0.086595 -0.233052 0.000000 -0.133602 0.971827 -0.194171 27.841499 0.209672 0.219210 0.952882 0.000000 0.000000 0.000000 0.000000 1.000000
0.970448 0.080299 -0.227558 0.000000 -0.126879 0.971931 -0.198121 27.841499 0.205261 0.221139 0.953397 0.000000 0.000000 0.000000 0.000000 1.000000
0.967825 0.073457 -0.240662 0.000000 -0.123652 0.971831 -0.200636 27.841499 0.219145 0.223939 0.949646 0.000000 0.000000 0.000000 0.000000 1.000000
0.966819 0.066675 -0.246608 0.000000 -0.119222 0.971530 -0.204734 27.841499 0.225936 0.227342 0.947243 0.000000 0.000000 0.000000 0.000000 1.000000
0.962921 0.059587 -0.263122 0.000000 -0.116885 0.971158 -0.207824 27.841499 0.243149 0.230873 0.942113 0.000000 0.000000 0.000000 0.000000 1.000000
0.957174 0.052520 -0.284710 0.000000 -0.115682 0.970872 -0.209820 27.841499 0.265397 0.233770 0.935369 0.000000 0.000000 0.000000 0.000000 1.000000
0.954485 0.045749 -0.294729 -0.000000 -0.112703 0.970225 -0.214386 27.841499 0.276146 0.237845 0.931221 0.000000 0.000000 0.000000 0.000000 1.000000
0.947992 0.039163 -0.315877 0.000000 -0.113522 0.968738 -0.220590 27.841499 0.297363 0.244976 0.922801 0.000000 0.000000 0.000000 0.000000 1.000000
0.944968 0.033584 -0.325433 0.000000 -0.111034 0.968600 -0.222455 27.841499 0.307744 0.246347 0.919025 0.000000 0.000000 0.000000 0.000000 1.000000
0.950174 0.046615 -0.308216 0.000000 -0.119573 0.967623 -0.222279 27.841499 0.287875 0.248058 0.924984 0.000000 0.000000 0.000000 0.000000 1.000000
0.960683 0.076727 -0.266834 0.000000 -0.137396 0.966510 -0.216750 27.841499 0.241267 0.244890 0.939052 0.000000 0.000000 0.000000 0.000000 1.000000
0.967139 0.125188 -0.221293 0.000000 -0.172233 0.962837 -0.208039 27.841499 0.187026 0.239316 0.952759 -0.000000 0.000000 0.000000 0.000000 1.000000
0.964694 0.188128 -0.184316 0.000000 -0.224176 0.953863 -0.199726 27.841499 0.138238 0.233994 0.962360 0.000000 0.000000 0.000000 0.000000 1.000000
0.951986 0.270795 -0.142803 0.000000 -0.295234 0.935472 -0.194240 27.841499 0.080989 0.227074 0.970504 -0.000000 0.000000 0.000000 0.000000 1.000000
0.924134 0.373501 -0.080456 0.000000 -0.382066 0.904202 -0.190906 27.841499 0.001445 0.207163 0.978305 0.000000 0.000000 0.000000 0.000000 1.000000
0.871949 0.489334 -0.016056 0.000000 -0.484228 0.857080 -0.175887 27.841499 -0.072306 0.161140 0.984279 0.000000 0.000000 0.000000 0.000000 1.000000
0.799708 0.597192 0.061874 -0.000000 -0.581051 0.795774 -0.170658 27.841499 -0.151154 0.100525 0.983386 0.000000 0.000000 0.000000 0.000000 1.000000
0.711867 0.687483 0.143569 0.000000 -0.664515 0.725490 -0.179120 27.841499 -0.227299 0.032106 0.973296 0.000000 0.000000 0.000000 0.000000 1.000000
0.615572 0.760355 0.207199 -0.000000 -0.738320 0.648359 -0.185782 27.841499 -0.275600 -0.038617 0.960497 0.000000 0.000000 0.000000 0.000000 1.000000
0.519980 0.815145 0.255264 0.000000 -0.797288 0.570406 -0.197404 27.841499 -0.306517 -0.100873 0.946505 0.000000 0.000000 0.000000 0.000000 1.000000
0.442828 0.852421 0.277997 0.000000 -0.840189 0.502761 -0.203258 27.841499 -0.313027 -0.143562 0.938831 0.000000 0.000000 0.000000 0.000000 1.000000
0.396076 0.877471 0.270498 -0.000000 -0.869416 0.453144 -0.196917 27.841499 -0.295364 -0.157181 0.942366 -0.000000 0.000000 0.000000 0.000000 1.000000
0.376881 0.895656 0.236136 0.000000 -0.890373 0.420584 -0.174195 27.841499 -0.255334 -0.144598 0.955979 0.000000 0.000000 0.000000 0.000000 1.000000
0.375980 0.909656 0.176537 -0.000000 -0.911209 0.397562 -0.107902 27.841499 -0.168338 -0.120293 0.978362 0.000000 0.000000 0.000000 0.000000 1.000000
0.391647 0.909668 0.138263 -0.000000 -0.911597 0.404016 -0.075911 27.841499 -0.124914 -0.096310 0.987482 -0.000000 0.000000 0.000000 0.000000 1.000000
0.410171 0.901913 0.135329 -0.000000 -0.899869 0.424361 -0.100767 27.841499 -0.148312 -0.080446 0.985663 0.000000 0.000000 0.000000 0.000000 1.000000
0.417450 0.897727 0.140787 0.000000 -0.891959 0.434414 -0.125272 27.841499 -0.173620 -0.073281 0.982082 0.000000 0.000000 0.000000 0.000000 1.000000
0.414098 0.901812 0.123527 -0.000000 -0.898105 0.426880 -0.105741 27.841499 -0.148089 -0.067154 0.986691 0.000000 0.000000 0.000000 0.000000 1.000000
0.401023 0.910923 0.096953 0.000000 -0.909780 0.408413 -0.074159 27.841499 -0.107150 -0.058467 0.992522 0.000000 0.000000 0.000000 0.000000 1.000000
0.379638 0.919450 0.102403 0.000000 -0.917093 0.388589 -0.089107 27.841499 -0.121722 -0.060085 0.990744 -0.000000 0.000000 0.000000 0.000000 1.000000
0.356855 0.927500 0.111344 0.000000 -0.923257 0.368333 -0.109208 27.841499 -0.142302 -0.063827 0.987763 0.000000 0.000000 0.000000 0.000000 1.000000
0.327963 0.938437 0.108520 -0.000000 -0.933646 0.339497 -0.114218 27.841499 -0.144029 -0.063860 0.987511 0.000000 0.000000 0.000000 0.000000 1.000000
0.287596 0.952676 0.098474 0.000000 -0.948173 0.297716 -0.111058 27.841499 -0.135120 -0.061431 0.988923 -0.000000 0.000000 0.000000 0.000000 1.000000
0.244718 0.963183 0.111315 0.000000 -0.955213 0.259194 -0.142782 27.841499 -0.166377 -0.071388 0.983475 -0.000000 0.000000 0.000000 0.000000 1.000000
0.201728 0.970657 0.130888 0.000000 -0.955495 0.224400 -0.191505 27.841499 -0.215257 -0.086431 0.972725 0.000000 0.000000 0.000000 0.000000 1.000000
0.151451 0.980273 0.126990 0.000000 -0.960714 0.176208 -0.214430 27.841499 -0.232576 -0.089525 0.968449 0.000000 0.000000 0.000000 0.000000 1.000000
0.093921 0.990053 0.104752 0.000000 -0.968658 0.115177 -0.220084 27.841499 -0.229960 -0.080798 0.969840 -0.000000 0.000000 0.000000 0.000000 1.000000
0.018854 0.997780 0.063874 0.000000 -0.980920 0.030824 -0.191953 27.841499 -0.193496 -0.059036 0.979323 0.000000 0.000000 0.000000 0.000000 1.000000
-0.050730 0.998043 0.036552 0.000000 -0.982496 -0.043304 -0.181181 27.841499 -0.179244 -0.045103 0.982770 0.000000 0.000000 0.000000 0.000000 1.000000
-0.119262 0.992758 0.014452 0.000000 -0.978215 -0.114999 -0.172833 27.841499 -0.169919 -0.034749 0.984845 0.000000 0.000000 0.000000 0.000000 1.000000
-0.186086 0.982510 -0.006713 0.000000 -0.968801 -0.184619 -0.165347 27.841499 -0.163695 -0.024265 0.986213 -0.000000 0.000000 0.000000 0.000000 1.000000
-0.245969 0.968941 -0.025546 -0.000000 -0.955991 -0.246861 -0.158557 27.841499 -0.159939 -0.014579 0.987019 0.000000 0.000000 0.000000 0.000000 1.000000
-0.294069 0.954918 -0.040690 -0.000000 -0.942636 -0.296798 -0.152804 27.841499 -0.157991 -0.006579 0.987419 0.000000 0.000000 0.000000 0.000000 1.000000
-0.326010 0.944000 -0.050815 0.000000 -0.932199 -0.329945 -0.148797 27.841499 -0.157231 -0.001140 0.987561 0.000000 0.000000 0.000000 0.000000 1.000000
-0.337621 0.939701 -0.054543 0.000000 -0.928077 -0.341997 -0.147348 27.841499 -0.157116 0.000872 0.987580 0.000000 0.000000 0.000000 0.000000 1.000000</float_array>
        <technique_common>
          <accessor source="#mixamorig_RightForeArm-Matrix-animation-output-transform-array" count="90" stride="16">
            <param type="float4x4"/>
          </accessor>
        </technique_common>
      </source>
      <source id="mixamorig_RightForeArm-Interpolations">
        <Name_array id="mixamorig_RightForeArm-Interpolations-array" count="90">
 LINEAR LINEAR LINEAR LINEAR LINEAR LINEAR LINEAR LINEAR LINEAR LINEAR LINEAR
LINEAR LINEAR LINEAR LINEAR LINEAR LINEAR LINEAR LINEAR LINEAR LINEAR LINEAR LINEAR
LINEAR LINEAR LINEAR LINEAR LINEAR LINEAR LINEAR LINEAR LINEAR LINEAR LINEAR LINEAR
LINEAR LINEAR LINEAR LINEAR LINEAR LINEAR LINEAR LINEAR LINEAR LINEAR LINEAR LINEAR
LINEAR LINEAR LINEAR LINEAR LINEAR LINEAR LINEAR LINEAR LINEAR LINEAR LINEAR LINEAR
LINEAR LINEAR LINEAR LINEAR LINEAR LINEAR LINEAR LINEAR LINEAR LINEAR LINEAR LINEAR
LINEAR LINEAR LINEAR LINEAR LINEAR LINEAR LINEAR LINEAR LINEAR LINEAR LINEAR LINEAR
LINEAR LINEAR LINEAR LINEAR LINEAR LINEAR LINEAR</Name_array>
        <technique_common>
          <accessor source="#mixamorig_RightForeArm-Interpolations-array" count="90">
            <param type="name"/>
          </accessor>
        </technique_common>
      </source>
      <sampler id="mixamorig_RightForeArm-Matrix-animation-transform">
        <input semantic="INPUT" source="#mixamorig_RightForeArm-Matrix-animation-input"/>
        <input semantic="OUTPUT" source="#mixamorig_RightForeArm-Matrix-animation-output-transform"/>
        <input semantic="INTERPOLATION" source="#mixamorig_RightForeArm-Interpolations"/>
      </sampler>
      <channel source="#mixamorig_RightForeArm-Matrix-animation-transform" target="mixamorig_RightForeArm/matrix"/>
    </animation>
    <animation id="mixamorig_RightHand-anim" name="mixamorig_RightHand">
      <source id="mixamorig_RightHand-Matrix-animation-input">
        <float_array id="mixamorig_RightHand-Matrix-animation-input-array" count="90">

0.000000 0.033333 0.066667 0.100000 0.133333 0.166667 0.200000 0.233333 0.266667 0.300000 0.333333 0.366667 0.400000 0.433333 0.466667 0.500000
0.533333 0.566667 0.600000 0.633333 0.666667 0.700000 0.733333 0.766667 0.800000 0.833333 0.866667 0.900000 0.933333 0.966667 1.000000 1.033333
1.066667 1.100000 1.133333 1.166667 1.200000 1.233333 1.266667 1.300000 1.333333 1.366667 1.400000 1.433333 1.466667 1.500000 1.533333 1.566667
1.600000 1.633333 1.666667 1.700000 1.733333 1.766667 1.800000 1.833333 1.866667 1.900000 1.933333 1.966667 2.000000 2.033333 2.066667 2.100000
2.133333 2.166667 2.200000 2.233333 2.266667 2.300000 2.333333 2.366667 2.400000 2.433333 2.466667 2.500000 2.533333 2.566667 2.600000 2.633333
2.666667 2.700000 2.733333 2.766667 2.800000 2.833333 2.866667 2.900000 2.933333 2.966667</float_array>
        <technique_common>
          <accessor source="#mixamorig_RightHand-Matrix-animation-input-array" count="90">
            <param name="TIME" type="float"/>
          </accessor>
        </technique_common>
      </source>
      <source id="mixamorig_RightHand-Matrix-animation-output-transform">
        <float_array id="mixamorig_RightHand-Matrix-animation-output-transform-array" count="1440">

0.965342 0.183788 0.185303 -0.000000 -0.215128 0.962330 0.166256 28.328800 -0.147767 -0.200358 0.968515 0.000000 0.000000 0.000000 0.000000 1.000000
0.965803 0.185083 0.181574 0.000000 -0.215548 0.962356 0.165562 28.328800 -0.144096 -0.199038 0.969340 0.000000 0.000000 0.000000 0.000000 1.000000
0.940808 0.090214 0.326713 0.000000 -0.176392 0.953425 0.244677 28.328800 -0.289423 -0.287824 0.912903 -0.000000 0.000000 0.000000 0.000000 1.000000
0.898392 0.037802 0.437565 -0.000000 -0.187523 0.933926 0.304332 28.328800 -0.397149 -0.355463 0.846120 -0.000000 0.000000 0.000000 0.000000 1.000000
0.852413 0.069225 0.518266 0.000000 -0.269839 0.907245 0.322636 28.328800 -0.447860 -0.414868 0.792027 0.000000 0.000000 0.000000 0.000000 1.000000
0.894655 0.210123 0.394260 -0.000000 -0.344607 0.886198 0.309677 28.328800 -0.284322 -0.412919 0.865251 0.000000 0.000000 0.000000 0.000000 1.000000
0.911541 0.313116 0.266554 0.000000 -0.393106 0.853755 0.341424 28.328800 -0.120666 -0.416006 0.901320 0.000000 0.000000 0.000000 0.000000 1.000000
0.929356 0.269127 0.252720 0.000000 -0.343971 0.879845 0.327959 28.328800 -0.134092 -0.391719 0.910261 0.000000 0.000000 0.000000 0.000000 1.000000
0.979668 0.076777 0.185351 0.000000 -0.121444 0.962325 0.243272 28.328800 -0.159690 -0.260835 0.952084 -0.000000 0.000000 0.000000 0.000000 1.000000
0.984076 -0.135918 0.114541 -0.000000 0.116202 0.979582 0.164059 28.328800 -0.134501 -0.148137 0.979778 0.000000 0.000000 0.000000 0.000000 1.000000
0.969796 -0.231738 0.076114 0.000000 0.221474 0.967340 0.123300 28.328800 -0.102201 -0.102718 0.989446 0.000000 0.000000 0.000000 0.000000 1.000000
0.969821 -0.231049 0.077864 -0.000000 0.225084 0.971185 0.078342 28.328800 -0.093721 -0.058452 0.993881 0.000000 0.000000 0.000000 0.000000 1.000000
0.931914 -0.359804 0.045583 0.000000 0.356160 0.931629 0.072233 28.328800 -0.068456 -0.051080 0.996346 0.000000 0.000000 0.000000 0.000000 1.000000
0.896789 -0.442447 -0.003140 0.000000 0.439147 0.889190 0.128419 28.328800 -0.054027 -0.116544 0.991715 0.000000 0.000000 0.000000 0.000000 1.000000
0.895243 -0.445412 -0.012129 0.000000 0.443846 0.889036 0.112325 28.328800 -0.039248 -0.105941 0.993598 0.000000 0.000000 0.000000 0.000000 1.000000
0.906935 -0.420962 0.016094 -0.000000 0.421100 0.906993 -0.006234 28.328800 -0.011973 0.012431 0.999851 0.000000 0.000000 0.000000 0.000000 1.000000
0.920156 -0.389358 0.041398 0.000000 0.391306 0.910674 -0.132486 28.328800 0.013885 0.138107 0.990320 0.000000 0.000000 0.000000 0.000000 1.000000
0.942034 -0.331533 0.051550 0.000000 0.334365 0.914933 -0.226046 28.328800 0.027777 0.230180 0.972752 0.000000 0.000000 0.000000 0.000000 1.000000
0.965120 -0.258375 0.042249 0.000000 0.260420 0.930842 -0.256348 28.328800 0.026907 0.258409 0.965661 0.000000 0.000000 0.000000 0.000000 1.000000
0.981148 -0.191755 0.024075 0.000000 0.191964 0.952573 -0.236124 28.328800 0.022345 0.236294 0.971425 0.000000 0.000000 0.000000 0.000000 1.000000
0.992710 -0.120329 0.006873 0.000000 0.118774 0.967007 -0.225367 28.328800 0.020472 0.224541 0.974250 0.000000 0.000000 0.000000 0.000000 1.000000
0.998635 -0.051137 -0.010590 0.000000 0.047944 0.978165 -0.202223 28.328800 0.020700 0.201439 0.979282 0.000000 0.000000 0.000000 0.000000 1.000000
0.998871 0.036764 -0.030090 0.000000 -0.041349 0.984652 -0.169561 28.328800 0.023395 0.170614 0.985060 0.000000 0.000000 0.000000 0.000000 1.000000
0.985771 0.159709 -0.052436 0.000000 -0.165518 0.976644 -0.137006 28.328800 0.029330 0.143736 0.989181 0.000000 0.000000 0.000000 0.000000 1.000000
0.969642 0.235056 -0.067406 0.000000 -0.239218 0.968970 -0.062227 28.328800 0.050687 0.076463 0.995783 0.000000 0.000000 0.000000 0.000000 1.000000
0.969079 0.233389 -0.080093 -0.000000 -0.231809 0.972340 0.028619 28.328800 0.084557 -0.009168 0.996376 0.000000 0.000000 0.000000 0.000000 1.000000
0.968422 0.229368 -0.097724 -0.000000 -0.215969 0.967594 0.130837 28.328800 0.124567 -0.105600 0.986576 0.000000 0.000000 0.000000 0.000000 1.000000
0.961041 0.248980 -0.120038 0.000000 -0.220328 0.952281 0.211227 28.328800 0.166901 -0.176550 0.970038 0.000000 0.000000 0.000000 0.000000 1.000000
0.927673 0.346861 -0.138237 0.000000 -0.300451 0.913231 0.275207 28.328800 0.221701 -0.213769 0.951395 -0.000000 0.000000 0.000000 0.000000 1.000000
0.872131 0.487034 -0.046754 0.000000 -0.446958 0.831932 0.328814 28.328800 0.199040 -0.265872 0.943237 0.000000 0.000000 0.000000 0.000000 1.000000
0.849304 0.527384 0.023412 0.000000 -0.493060 0.776621 0.392111 28.328800 0.188611 -0.344565 0.919620 -0.000000 0.000000 0.000000 0.000000 1.000000
0.871027 0.489963 -0.035336 -0.000000 -0.423427 0.785315 0.451652 28.328800 0.249043 -0.378439 0.891494 0.000000 0.000000 0.000000 0.000000 1.000000
0.899307 0.419923 -0.122114 0.000000 -0.235362 0.700093 0.674148 28.328800 0.368581 -0.577525 0.728432 0.000000 0.000000 0.000000 0.000000 1.000000
0.847410 0.490715 -0.202720 -0.000000 -0.135672 0.569273 0.810876 28.328800 0.513313 -0.659641 0.548984 -0.000000 0.000000 0.000000 0.000000 1.000000
0.744434 0.631269 -0.217528 0.000000 -0.142662 0.468645 0.871791 28.328800 0.652278 -0.617957 0.438934 0.000000 0.000000 0.000000 0.000000 1.000000
0.736081 0.676492 0.023291 0.000000 -0.210330 0.195880 0.957806 28.328800 0.643386 -0.709922 0.286470 0.000000 0.000000 0.000000 0.000000 1.000000
0.868694 0.478421 -0.128393 -0.000000 -0.060313 0.359425 0.931223 28.328800 0.491664 -0.801204 0.341085 0.000000 0.000000 0.000000 0.000000 1.000000
0.848298 0.282493 -0.447872 0.000000 0.187057 0.631405 0.752554 28.328800 0.495379 -0.722167 0.482777 0.000000 0.000000 0.000000 0.000000 1.000000
0.776683 0.227014 -0.587561 -0.000000 0.132301 0.853197 0.504532 28.328800 0.615841 -0.469596 0.632629 -0.000000 0.000000 0.000000 0.000000 1.000000
0.729878 0.157735 -0.665130 -0.000000 0.066059 0.952183 0.298300 28.328800 0.680378 -0.261661 0.684558 0.000000 0.000000 0.000000 0.000000 1.000000
0.705816 0.061275 -0.705740 0.000000 0.082527 0.982356 0.167828 28.328800 0.703572 -0.176699 0.688305 0.000000 0.000000 0.000000 0.000000 1.000000
0.712995 0.054589 -0.699041 0.000000 0.079375 0.984272 0.157822 28.328800 0.696662 -0.168012 0.697448 -0.000000 0.000000 0.000000 0.000000 1.000000
0.737191 0.057346 -0.673247 0.000000 0.083932 0.980903 0.175455 28.328800 0.670452 -0.185850 0.718299 -0.000000 0.000000 0.000000 0.000000 1.000000
0.760601 0.055515 -0.646842 0.000000 0.092696 0.976843 0.192836 28.328800 0.642568 -0.206630 0.737842 0.000000 0.000000 0.000000 0.000000 1.000000
0.788531 0.049033 -0.613038 0.000000 0.106589 0.970835 0.214752 28.328800 0.605688 -0.234681 0.760307 0.000000 0.000000 0.000000 0.000000 1.000000
0.818766 0.042186 -0.572575 -0.000000 0.104821 0.969550 0.221324 28.328800 0.564477 -0.241231 0.789413 0.000000 0.000000 0.000000 0.000000 1.000000
0.849713 0.039687 -0.525750 -0.000000 0.097704 0.968040 0.230982 28.328800 0.518114 -0.247636 0.818678 0.000000 0.000000 0.000000 0.000000 1.000000
0.879804 0.030873 -0.474333 0.000000 0.096287 0.965626 0.241445 28.328800 0.465482 -0.258096 0.846589 -0.000000 0.000000 0.000000 0.000000 1.000000
0.907767 0.022369 -0.418877 0.000000 0.089999 0.964937 0.246571 28.328800 0.409705 -0.261528 0.873925 0.000000 0.000000 0.000000 0.000000 1.000000
0.932471 0.009887 -0.361111 -0.000000 0.086935 0.964106 0.250884 28.328800 0.350629 -0.265335 0.898141 0.000000 0.000000 0.000000 0.000000 1.000000
0.953334 -0.001310 -0.301915 -0.000000 0.077846 0.967246 0.241610 28.328800 0.291710 -0.253838 0.922210 0.000000 0.000000 0.000000 0.000000 1.000000
0.970308 0.000361 -0.241873 0.000000 0.054307 0.974142 0.219314 28.328800 0.235698 -0.225937 0.945198 0.000000 0.000000 0.000000 0.000000 1.000000
0.982994 0.015467 -0.182984 0.000000 0.023651 0.977485 0.209675 28.328800 0.182107 -0.210437 0.960496 -0.000000 0.000000 0.000000 0.000000 1.000000
0.991327 0.028436 -0.128308 0.000000 -0.003853 0.982181 0.187900 28.328800 0.131365 -0.185776 0.973771 0.000000 0.000000 0.000000 0.000000 1.000000
0.995320 0.056709 -0.078242 -0.000000 -0.042749 0.984555 0.169778 28.328800 0.086661 -0.165639 0.982371 0.000000 0.000000 0.000000 0.000000 1.000000
0.996099 0.082026 -0.032544 0.000000 -0.075781 0.984069 0.160826 28.328800 0.045218 -0.157733 0.986446 -0.000000 0.000000 0.000000 0.000000 1.000000
0.996527 0.082425 0.011794 -0.000000 -0.083263 0.985545 0.147542 28.328800 0.000538 -0.148012 0.988985 0.000000 0.000000 0.000000 0.000000 1.000000
0.995109 0.081944 0.055160 0.000000 -0.089075 0.985777 0.142508 28.328800 -0.042697 -0.146725 0.988255 0.000000 0.000000 0.000000 0.000000 1.000000
0.990562 0.098957 0.094835 -0.000000 -0.110426 0.986056 0.124499 28.328800 -0.081192 -0.133796 0.987677 0.000000 0.000000 0.000000 0.000000 1.000000
0.985311 0.115119 0.126134 -0.000000 -0.126601 0.988119 0.087134 28.328800 -0.114605 -0.101823 0.988179 0.000000 0.000000 0.000000 0.000000 1.000000
0.982617 0.116929 0.144191 0.000000 -0.119515 0.992788 0.009377 28.328800 -0.142055 -0.026447 0.989505 0.000000 0.000000 0.000000 0.000000 1.000000
0.982358 0.112741 0.149206 0.000000 -0.100899 0.991283 -0.084715 28.328800 -0.157457 0.068166 0.985170 0.000000 0.000000 0.000000 0.000000 1.000000
0.982672 0.116070 0.144512 -0.000000 -0.091862 0.982142 -0.164188 28.328800 -0.160989 0.148067 0.975786 0.000000 0.000000 0.000000 0.000000 1.000000
0.984123 0.107470 0.141255 -0.000000 -0.074070 0.971907 -0.223404 28.328800 -0.161296 0.209394 0.964436 0.000000 0.000000 0.000000 0.000000 1.000000
0.987254 0.073115 0.141367 0.000000 -0.027562 0.953355 -0.300589 28.328800 -0.156750 0.292861 0.943219 0.000000 0.000000 0.000000 0.000000 1.000000
0.988692 0.047472 0.142248 0.000000 0.011190 0.922573 -0.385660 28.328800 -0.149542 0.382891 0.911609 0.000000 0.000000 0.000000 0.000000 1.000000
0.988942 0.036025 0.143862 -0.000000 0.028526 0.905729 -0.422897 28.328800 -0.145535 0.422324 0.894685 -0.000000 0.000000 0.000000 0.000000 1.000000
0.988484 0.013566 0.150719 0.000000 0.049431 0.912395 -0.406316 28.328800 -0.143027 0.409086 0.901217 -0.000000 0.000000 0.000000 0.000000 1.000000
0.987234 -0.010605 0.158922 0.000000 0.065967 0.935404 -0.347372 28.328800 -0.144972 0.353421 0.924163 0.000000 0.000000 0.000000 0.000000 1.000000
0.986374 -0.019548 0.163353 0.000000 0.067672 0.953236 -0.294552 28.328800 -0.149956 0.301593 0.941570 -0.000000 0.000000 0.000000 0.000000 1.000000
0.986686 0.002076 0.162621 0.000000 0.037500 0.970069 -0.239915 28.328800 -0.158251 0.242819 0.957076 0.000000 0.000000 0.000000 0.000000 1.000000
0.986503 0.036254 0.159679 -0.000000 -0.001494 0.977133 -0.212622 28.328800 -0.163736 0.209513 0.963999 -0.000000 0.000000 0.000000 0.000000 1.000000
0.985775 0.053439 0.159347 0.000000 -0.021909 0.980873 -0.193413 28.328800 -0.166635 0.187171 0.968091 0.000000 0.000000 0.000000 0.000000 1.000000
0.984809 0.064562 0.161190 -0.000000 -0.038829 0.986681 -0.157964 28.328800 -0.169241 0.149305 0.974200 0.000000 0.000000 0.000000 0.000000 1.000000
0.984237 0.064037 0.164855 -0.000000 -0.043594 0.991228 -0.124763 28.328800 -0.171399 0.115609 0.978395 0.000000 0.000000 0.000000 0.000000 1.000000
0.982588 0.083586 0.165933 -0.000000 -0.069640 0.993669 -0.088161 28.328800 -0.172252 0.075070 0.982188 0.000000 0.000000 0.000000 0.000000 1.000000
0.979855 0.109522 0.167000 0.000000 -0.103112 0.993577 -0.046610 28.328800 -0.171032 0.028451 0.984855 0.000000 0.000000 0.000000 0.000000 1.000000
0.978492 0.117557 0.169512 0.000000 -0.116234 0.993063 -0.017742 28.328800 -0.170422 -0.002342 0.985368 0.000000 0.000000 0.000000 0.000000 1.000000
0.974473 0.143950 0.172281 -0.000000 -0.151459 0.987971 0.031195 28.328800 -0.165718 -0.056493 0.984554 0.000000 0.000000 0.000000 0.000000 1.000000
0.969924 0.170534 0.173680 0.000000 -0.184008 0.980802 0.064566 28.328800 -0.159335 -0.094583 0.982683 0.000000 0.000000 0.000000 0.000000 1.000000
0.968109 0.180920 0.173298 -0.000000 -0.195697 0.978001 0.072222 28.328800 -0.156420 -0.103833 0.982218 0.000000 0.000000 0.000000 0.000000 1.000000
0.966802 0.188904 0.172075 0.000000 -0.203886 0.976206 0.073847 28.328800 -0.154031 -0.106479 0.982312 0.000000 0.000000 0.000000 0.000000 1.000000
0.966968 0.180885 0.179591 0.000000 -0.203649 0.971962 0.117543 28.328800 -0.153294 -0.150234 0.976694 0.000000 0.000000 0.000000 0.000000 1.000000
0.966161 0.184148 0.180618 0.000000 -0.208867 0.969410 0.128914 28.328800 -0.151354 -0.162277 0.975068 0.000000 0.000000 0.000000 0.000000 1.000000
0.965856 0.184922 0.181453 0.000000 -0.211088 0.967772 0.137327 28.328800 -0.150210 -0.170941 0.973764 0.000000 0.000000 0.000000 0.000000 1.000000
0.965646 0.185071 0.182418 -0.000000 -0.212720 0.966169 0.145834 28.328800 -0.149257 -0.179628 0.972346 0.000000 0.000000 0.000000 0.000000 1.000000
0.965507 0.184818 0.183411 0.000000 -0.213860 0.964697 0.153697 28.328800 -0.148530 -0.187620 0.970947 0.000000 0.000000 0.000000 0.000000 1.000000
0.965420 0.184373 0.184310 0.000000 -0.214587 0.963476 0.160207 28.328800 -0.148040 -0.194218 0.969723 -0.000000 0.000000 0.000000 0.000000 1.000000
0.965368 0.183941 0.185012 0.000000 -0.214973 0.962644 0.164629 28.328800 -0.147818 -0.198701 0.968849 -0.000000 0.000000 0.000000 0.000000 1.000000
0.965342 0.183788 0.185303 0.000000 -0.215128 0.962330 0.166256 28.328800 -0.147767 -0.200358 0.968515 0.000000 0.000000 0.000000 0.000000 1.000000</float_array>
        <technique_common>
          <accessor source="#mixamorig_RightHand-Matrix-animation-output-transform-array" count="90" stride="16">
            <param type="float4x4"/>
          </accessor>
        </technique_common>
      </source>
      <source id="mixamorig_RightHand-Interpolations">
        <Name_array id="mixamorig_RightHand-Interpolations-array" count="90">
 LINEAR LINEAR LINEAR LINEAR LINEAR LINEAR LINEAR LINEAR LINEAR LINEAR LINEAR
LINEAR LINEAR LINEAR LINEAR LINEAR LINEAR LINEAR LINEAR LINEAR LINEAR LINEAR LINEAR
LINEAR LINEAR LINEAR LINEAR LINEAR LINEAR LINEAR LINEAR LINEAR LINEAR LINEAR LINEAR
LINEAR LINEAR LINEAR LINEAR LINEAR LINEAR LINEAR LINEAR LINEAR LINEAR LINEAR LINEAR
LINEAR LINEAR LINEAR LINEAR LINEAR LINEAR LINEAR LINEAR LINEAR LINEAR LINEAR LINEAR
LINEAR LINEAR LINEAR LINEAR LINEAR LINEAR LINEAR LINEAR LINEAR LINEAR LINEAR LINEAR
LINEAR LINEAR LINEAR LINEAR LINEAR LINEAR LINEAR LINEAR LINEAR LINEAR LINEAR LINEAR
LINEAR LINEAR LINEAR LINEAR LINEAR LINEAR LINEAR</Name_array>
        <technique_common>
          <accessor source="#mixamorig_RightHand-Interpolations-array" count="90">
            <param type="name"/>
          </accessor>
        </technique_common>
      </source>
      <sampler id="mixamorig_RightHand-Matrix-animation-transform">
        <input semantic="INPUT" source="#mixamorig_RightHand-Matrix-animation-input"/>
        <input semantic="OUTPUT" source="#mixamorig_RightHand-Matrix-animation-output-transform"/>
        <input semantic="INTERPOLATION" source="#mixamorig_RightHand-Interpolations"/>
      </sampler>
      <channel source="#mixamorig_RightHand-Matrix-animation-transform" target="mixamorig_RightHand/matrix"/>
    </animation>
    <animation id="mixamorig_RightHandThumb1-anim" name="mixamorig_RightHandThumb1">
      <source id="mixamorig_RightHandThumb1-Matrix-animation-input">
        <float_array id="mixamorig_RightHandThumb1-Matrix-animation-input-array" count="90">

0.000000 0.033333 0.066667 0.100000 0.133333 0.166667 0.200000 0.233333 0.266667 0.300000 0.333333 0.366667 0.400000 0.433333 0.466667 0.500000
0.533333 0.566667 0.600000 0.633333 0.666667 0.700000 0.733333 0.766667 0.800000 0.833333 0.866667 0.900000 0.933333 0.966667 1.000000 1.033333
1.066667 1.100000 1.133333 1.166667 1.200000 1.233333 1.266667 1.300000 1.333333 1.366667 1.400000 1.433333 1.466667 1.500000 1.533333 1.566667
1.600000 1.633333 1.666667 1.700000 1.733333 1.766667 1.800000 1.833333 1.866667 1.900000 1.933333 1.966667 2.000000 2.033333 2.066667 2.100000
2.133333 2.166667 2.200000 2.233333 2.266667 2.300000 2.333333 2.366667 2.400000 2.433333 2.466667 2.500000 2.533333 2.566667 2.600000 2.633333
2.666667 2.700000 2.733333 2.766667 2.800000 2.833333 2.866667 2.900000 2.933333 2.966667</float_array>
        <technique_common>
          <accessor source="#mixamorig_RightHandThumb1-Matrix-animation-input-array" count="90">
            <param name="TIME" type="float"/>
          </accessor>
        </technique_common>
      </source>
      <source id="mixamorig_RightHandThumb1-Matrix-animation-output-transform">
        <float_array id="mixamorig_RightHandThumb1-Matrix-animation-output-transform-array" count="1440">

0.807627 0.586617 -0.060165 2.681900 -0.571759 0.754005 -0.323370 2.464800 -0.144330 0.295562 0.944358 1.574000 0.000000 0.000000 0.000000 1.000000
0.802972 0.593290 -0.056950 2.681900 -0.578755 0.753318 -0.312336 2.464800 -0.142404 0.283757 0.948263 1.574000 0.000000 0.000000 0.000000 1.000000
0.792950 0.607417 -0.047698 2.681900 -0.593256 0.751877 -0.287626 2.464800 -0.138846 0.256370 0.956554 1.574000 0.000000 0.000000 0.000000 1.000000
0.779728 0.625342 -0.031153 2.681900 -0.611381 0.749702 -0.253299 2.464800 -0.135043 0.216551 0.966886 1.574000 0.000000 0.000000 0.000000 1.000000
0.766237 0.642525 -0.006459 2.681900 -0.628538 0.747393 -0.215277 2.464800 -0.133494 0.169013 0.976532 1.574000 0.000000 0.000000 0.000000 1.000000
0.753900 0.656383 0.028228 2.681900 -0.642561 0.745617 -0.176551 2.464800 -0.136932 0.114964 0.983887 1.574000 0.000000 0.000000 0.000000 1.000000
0.741102 0.667029 0.076425 2.681900 -0.655288 0.743405 -0.133965 2.464800 -0.146173 0.049201 0.988035 1.574000 0.000000 0.000000 0.000000 1.000000
0.725690 0.673914 0.138614 2.681900 -0.669319 0.738143 -0.084600 2.464800 -0.159330 -0.031383 0.986726 1.574000 0.000000 0.000000 0.000000 1.000000
0.707672 0.675202 0.208095 2.681900 -0.684942 0.727875 -0.032429 2.464800 -0.173363 -0.119584 0.977571 1.574000 0.000000 0.000000 0.000000 1.000000
0.689277 0.671027 0.273167 2.681900 -0.700130 0.713898 0.012955 2.464800 -0.186320 -0.200181 0.961880 1.574000 0.000000 0.000000 0.000000 1.000000
0.675404 0.663349 0.322177 2.681900 -0.710325 0.702589 0.042506 2.464800 -0.198162 -0.257560 0.945725 1.574000 0.000000 0.000000 0.000000 1.000000
0.675224 0.650721 0.347325 2.681900 -0.707164 0.704987 0.053966 2.464800 -0.209743 -0.282055 0.936191 1.574000 0.000000 0.000000 0.000000 1.000000
0.697931 0.625883 0.348084 2.681900 -0.681101 0.730305 0.052505 2.464800 -0.221346 -0.273725 0.935992 1.574000 0.000000 0.000000 0.000000 1.000000
0.741151 0.583213 0.332503 2.681900 -0.629771 0.775567 0.043411 2.464800 -0.232560 -0.241575 0.942103 1.574000 0.000000 0.000000 0.000000 1.000000
0.788528 0.530510 0.311100 2.681900 -0.565082 0.824622 0.026079 2.464800 -0.242705 -0.196361 0.950019 1.574000 0.000000 0.000000 0.000000 1.000000
0.825086 0.486618 0.287116 2.681900 -0.506575 0.862178 -0.005518 2.464800 -0.250230 -0.140893 0.957880 1.574000 0.000000 0.000000 0.000000 1.000000
0.850031 0.461037 0.254739 2.681900 -0.462364 0.884763 -0.058431 2.464800 -0.252322 -0.068114 0.965243 1.574000 0.000000 0.000000 0.000000 1.000000
0.871545 0.443509 0.209066 2.681900 -0.424178 0.895877 -0.132202 2.464800 -0.245930 0.026539 0.968924 1.574000 0.000000 0.000000 0.000000 1.000000
0.893645 0.420176 0.157640 2.681900 -0.384738 0.898142 -0.212880 2.464800 -0.231030 0.129589 0.964278 1.574000 0.000000 0.000000 0.000000 1.000000
0.911472 0.394507 0.116549 2.681900 -0.351063 0.893668 -0.279485 2.464800 -0.214415 0.213827 0.953050 1.574000 0.000000 0.000000 0.000000 1.000000
0.917704 0.386156 0.093292 2.681900 -0.339529 0.884317 -0.320473 2.464800 -0.206252 0.262424 0.942652 1.574000 0.000000 0.000000 0.000000 1.000000
0.909494 0.407595 0.081778 2.681900 -0.358458 0.868528 -0.342297 2.464800 -0.210545 0.282003 0.936026 1.574000 0.000000 0.000000 0.000000 1.000000
0.891290 0.447391 0.073777 2.681900 -0.395304 0.846378 -0.356901 2.464800 -0.222118 0.288937 0.931224 1.574000 0.000000 0.000000 0.000000 1.000000
0.872676 0.483621 0.067433 2.681900 -0.428915 0.825206 -0.367515 2.464800 -0.233384 0.291799 0.927570 1.574000 0.000000 0.000000 0.000000 1.000000
0.859120 0.507640 0.064915 2.681900 -0.451181 0.811154 -0.372110 2.464800 -0.241554 0.290398 0.925916 1.574000 0.000000 0.000000 0.000000 1.000000
0.846358 0.528403 0.066840 2.681900 -0.470841 0.800944 -0.369863 2.464800 -0.248972 0.281566 0.926679 1.574000 0.000000 0.000000 0.000000 1.000000
0.826171 0.558459 0.074599 2.681900 -0.500594 0.788343 -0.357660 2.464800 -0.258548 0.258144 0.930868 1.574000 0.000000 0.000000 0.000000 1.000000
0.801224 0.590308 0.097859 2.681900 -0.535088 0.780046 -0.324360 2.464800 -0.267807 0.207522 0.940858 1.574000 0.000000 0.000000 0.000000 1.000000
0.796395 0.587581 0.143190 2.681900 -0.542865 0.798895 -0.258968 2.464800 -0.266558 0.128508 0.955213 1.574000 0.000000 0.000000 0.000000 1.000000
0.830326 0.525289 0.186090 2.681900 -0.498003 0.849281 -0.175256 2.464800 -0.250103 0.052846 0.966776 1.574000 0.000000 0.000000 0.000000 1.000000
0.875588 0.441085 0.196949 2.681900 -0.423949 0.897105 -0.124375 2.464800 -0.231544 0.025405 0.972493 1.574000 0.000000 0.000000 0.000000 1.000000
0.899750 0.396267 0.182817 2.681900 -0.375416 0.916414 -0.138740 2.464800 -0.222514 0.056199 0.973308 1.574000 0.000000 0.000000 0.000000 1.000000
0.903902 0.396335 0.160871 2.681900 -0.366479 0.911532 -0.186552 2.464800 -0.220576 0.109669 0.969185 1.574000 0.000000 0.000000 0.000000 1.000000
0.901053 0.408706 0.145129 2.681900 -0.373484 0.901314 -0.219415 2.464800 -0.220483 0.143502 0.964777 1.574000 0.000000 0.000000 0.000000 1.000000
0.894661 0.423527 0.142152 2.681900 -0.387863 0.894264 -0.223281 2.464800 -0.221687 0.144625 0.964333 1.574000 0.000000 0.000000 0.000000 1.000000
0.877382 0.457554 0.144378 2.681900 -0.422578 0.879446 -0.219094 2.464800 -0.227220 0.131218 0.964963 1.574000 0.000000 0.000000 0.000000 1.000000
0.842272 0.520191 0.141350 2.681900 -0.482928 0.844674 -0.230882 2.464800 -0.239498 0.126203 0.962660 1.574000 0.000000 0.000000 0.000000 1.000000
0.789873 0.599452 0.129454 2.681900 -0.556555 0.789332 -0.259234 2.464800 -0.257580 0.132713 0.957100 1.574000 0.000000 0.000000 0.000000 1.000000
0.729451 0.674529 0.113626 2.681900 -0.625431 0.724963 -0.288555 2.464800 -0.277014 0.139422 0.950697 1.574000 0.000000 0.000000 0.000000 1.000000
0.677989 0.727910 0.102357 2.681900 -0.674677 0.671497 -0.306434 2.464800 -0.291789 0.138701 0.946373 1.574000 0.000000 0.000000 0.000000 1.000000
0.650217 0.753291 0.098847 2.681900 -0.698624 0.643952 -0.311850 2.464800 -0.298567 0.133713 0.944975 1.574000 0.000000 0.000000 0.000000 1.000000
0.641611 0.760666 0.098606 2.681900 -0.705809 0.635828 -0.312341 2.464800 -0.300283 0.130804 0.944839 1.574000 0.000000 0.000000 0.000000 1.000000
0.634769 0.766574 0.097118 2.681900 -0.711211 0.628757 -0.314394 2.464800 -0.302070 0.130496 0.944312 1.574000 0.000000 0.000000 0.000000 1.000000
0.623560 0.775995 0.094897 2.681900 -0.719884 0.617284 -0.317376 2.464800 -0.304860 0.129588 0.943540 1.574000 0.000000 0.000000 0.000000 1.000000
0.614933 0.783038 0.093324 2.681900 -0.726376 0.608515 -0.319512 2.464800 -0.306979 0.128690 0.942975 1.574000 0.000000 0.000000 0.000000 1.000000
0.614965 0.783299 0.090886 2.681900 -0.725800 0.607311 -0.323090 2.464800 -0.308272 0.132724 0.941994 1.574000 0.000000 0.000000 0.000000 1.000000
0.620925 0.779109 0.086259 2.681900 -0.720046 0.610398 -0.330073 2.464800 -0.309815 0.142841 0.940006 1.574000 0.000000 0.000000 0.000000 1.000000
0.625606 0.775907 0.081148 2.681900 -0.715128 0.611932 -0.337833 2.464800 -0.311784 0.153319 0.937701 1.574000 0.000000 0.000000 0.000000 1.000000
0.626080 0.775841 0.078063 2.681900 -0.714049 0.610664 -0.342379 2.464800 -0.313302 0.158616 0.936313 1.574000 0.000000 0.000000 0.000000 1.000000
0.624158 0.777493 0.077015 2.681900 -0.715373 0.608339 -0.343753 2.464800 -0.314117 0.159461 0.935897 1.574000 0.000000 0.000000 0.000000 1.000000
0.624460 0.777381 0.075684 2.681900 -0.714839 0.607875 -0.345679 2.464800 -0.314731 0.161761 0.935296 1.574000 0.000000 0.000000 0.000000 1.000000
0.633179 0.770592 0.072608 2.681900 -0.707060 0.614026 -0.350768 2.464800 -0.314882 0.170761 0.933643 1.574000 0.000000 0.000000 0.000000 1.000000
0.652650 0.754404 0.070165 2.681900 -0.690087 0.630118 -0.355992 2.464800 -0.312774 0.183919 0.931851 1.574000 0.000000 0.000000 0.000000 1.000000
0.681856 0.727925 0.072100 2.681900 -0.664371 0.657522 -0.355354 2.464800 -0.306079 0.194399 0.931947 1.574000 0.000000 0.000000 0.000000 1.000000
0.718825 0.690718 0.078740 2.681900 -0.629733 0.694932 -0.347141 2.464800 -0.294495 0.199948 0.934502 1.574000 0.000000 0.000000 0.000000 1.000000
0.755224 0.649518 0.088106 2.681900 -0.592104 0.733685 -0.333346 2.464800 -0.281156 0.199583 0.938679 1.574000 0.000000 0.000000 0.000000 1.000000
0.780397 0.617557 0.098001 2.681900 -0.563901 0.762810 -0.316445 2.464800 -0.270179 0.191690 0.943535 1.574000 0.000000 0.000000 0.000000 1.000000
0.793357 0.599747 0.104351 2.681900 -0.548675 0.778727 -0.304205 2.464800 -0.263707 0.184088 0.946874 1.574000 0.000000 0.000000 0.000000 1.000000
0.799874 0.591149 0.103657 2.681900 -0.540027 0.784262 -0.305457 2.464800 -0.261865 0.188349 0.946547 1.574000 0.000000 0.000000 0.000000 1.000000
0.800724 0.590818 0.098870 2.681900 -0.537974 0.781841 -0.315131 2.464800 -0.263486 0.199143 0.943884 1.574000 0.000000 0.000000 0.000000 1.000000
0.793338 0.600937 0.097414 2.681900 -0.547399 0.774177 -0.317812 2.464800 -0.266401 0.198808 0.943136 1.574000 0.000000 0.000000 0.000000 1.000000
0.780396 0.616965 0.101663 2.681900 -0.564666 0.765199 -0.309230 2.464800 -0.268576 0.183916 0.945538 1.574000 0.000000 0.000000 0.000000 1.000000
0.766857 0.632987 0.106105 2.681900 -0.582223 0.755648 -0.300021 2.464800 -0.270087 0.168296 0.948013 1.574000 0.000000 0.000000 0.000000 1.000000
0.755520 0.646666 0.104937 2.681900 -0.595948 0.744928 -0.299880 2.464800 -0.272093 0.164029 0.948188 1.574000 0.000000 0.000000 0.000000 1.000000
0.750551 0.653620 0.097229 2.681900 -0.601404 0.736612 -0.309380 2.464800 -0.273837 0.173732 0.945955 1.574000 0.000000 0.000000 0.000000 1.000000
0.756687 0.648084 0.086095 2.681900 -0.594135 0.736620 -0.323102 2.464800 -0.272817 0.193335 0.942440 1.574000 0.000000 0.000000 0.000000 1.000000
0.772146 0.630773 0.076918 2.681900 -0.576453 0.746245 -0.332896 2.464800 -0.267382 0.212704 0.939821 1.574000 0.000000 0.000000 0.000000 1.000000
0.786119 0.613725 0.073196 2.681900 -0.561099 0.758294 -0.331901 2.464800 -0.259200 0.219844 0.940470 1.574000 0.000000 0.000000 0.000000 1.000000
0.788625 0.610776 0.070872 2.681900 -0.560536 0.761515 -0.325414 2.464800 -0.252725 0.216903 0.942912 1.574000 0.000000 0.000000 0.000000 1.000000
0.786148 0.614870 0.062495 2.681900 -0.565569 0.756493 -0.328404 2.464800 -0.249203 0.222829 0.942467 1.574000 0.000000 0.000000 0.000000 1.000000
0.793246 0.606948 0.048731 2.681900 -0.557740 0.756376 -0.341792 2.464800 -0.244309 0.243946 0.938511 1.574000 0.000000 0.000000 0.000000 1.000000
0.805917 0.590832 0.037629 2.681900 -0.542822 0.762808 -0.351382 2.464800 -0.236311 0.262758 0.935476 1.574000 0.000000 0.000000 0.000000 1.000000
0.809893 0.585802 0.030161 2.681900 -0.539950 0.764618 -0.351871 2.464800 -0.229188 0.268693 0.935562 1.574000 0.000000 0.000000 0.000000 1.000000
0.805475 0.592244 0.021386 2.681900 -0.548384 0.758533 -0.351999 2.464800 -0.224692 0.271798 0.935756 1.574000 0.000000 0.000000 0.000000 1.000000
0.800502 0.599217 0.011625 2.681900 -0.557378 0.751459 -0.353041 2.464800 -0.220284 0.276131 0.935536 1.574000 0.000000 0.000000 0.000000 1.000000
0.793509 0.608544 0.004311 2.681900 -0.569329 0.744840 -0.347964 2.464800 -0.214962 0.273658 0.937498 1.574000 0.000000 0.000000 0.000000 1.000000
0.782701 0.622395 -0.001934 2.681900 -0.585900 0.735752 -0.339690 2.464800 -0.209999 0.267009 0.940535 1.574000 0.000000 0.000000 0.000000 1.000000
0.777776 0.628476 -0.009111 2.681900 -0.594449 0.730802 -0.335497 2.464800 -0.204193 0.266358 0.941997 1.574000 0.000000 0.000000 0.000000 1.000000
0.784058 0.620500 -0.015260 2.681900 -0.589027 0.736087 -0.333503 2.464800 -0.195706 0.270474 0.942626 1.574000 0.000000 0.000000 0.000000 1.000000
0.791519 0.610800 -0.020515 2.681900 -0.581895 0.742950 -0.330792 2.464800 -0.186807 0.273766 0.943481 1.574000 0.000000 0.000000 0.000000 1.000000
0.792253 0.609541 -0.028196 2.681900 -0.582912 0.742362 -0.330322 2.464800 -0.180413 0.278134 0.943447 1.574000 0.000000 0.000000 0.000000 1.000000
0.789564 0.612462 -0.038456 2.681900 -0.587887 0.736933 -0.333645 2.464800 -0.176006 0.286042 0.941914 1.574000 0.000000 0.000000 0.000000 1.000000
0.788628 0.612977 -0.048224 2.681900 -0.590385 0.732978 -0.337919 2.464800 -0.171789 0.294963 0.939939 1.574000 0.000000 0.000000 0.000000 1.000000
0.790167 0.610413 -0.055070 2.681900 -0.589658 0.732631 -0.339935 2.464800 -0.167155 0.301077 0.938835 1.574000 0.000000 0.000000 0.000000 1.000000
0.792854 0.606563 -0.058849 2.681900 -0.587409 0.734943 -0.338835 2.464800 -0.162275 0.303215 0.939004 1.574000 0.000000 0.000000 0.000000 1.000000
0.796164 0.602042 -0.060564 2.681900 -0.584281 0.738917 -0.335586 2.464800 -0.157285 0.302568 0.940061 1.574000 0.000000 0.000000 0.000000 1.000000
0.799979 0.596912 -0.061079 2.681900 -0.580340 0.743848 -0.331505 2.464800 -0.152446 0.300644 0.941474 1.574000 0.000000 0.000000 0.000000 1.000000
0.803661 0.591961 -0.060919 2.681900 -0.576299 0.748679 -0.327658 2.464800 -0.148352 0.298433 0.942830 1.574000 0.000000 0.000000 0.000000 1.000000
0.806387 0.588287 -0.060494 2.681900 -0.573196 0.752304 -0.324783 2.464800 -0.145556 0.296575 0.943852 1.574000 0.000000 0.000000 0.000000 1.000000
0.807627 0.586616 -0.060165 2.681900 -0.571758 0.754005 -0.323370 2.464800 -0.144330 0.295562 0.944358 1.574000 0.000000 0.000000 0.000000 1.000000</float_array>
        <technique_common>
          <accessor source="#mixamorig_RightHandThumb1-Matrix-animation-output-transform-array" count="90" stride="16">
            <param type="float4x4"/>
          </accessor>
        </technique_common>
      </source>
      <source id="mixamorig_RightHandThumb1-Interpolations">
        <Name_array id="mixamorig_RightHandThumb1-Interpolations-array" count="90">
 LINEAR LINEAR LINEAR LINEAR LINEAR LINEAR LINEAR LINEAR LINEAR LINEAR LINEAR
LINEAR LINEAR LINEAR LINEAR LINEAR LINEAR LINEAR LINEAR LINEAR LINEAR LINEAR LINEAR
LINEAR LINEAR LINEAR LINEAR LINEAR LINEAR LINEAR LINEAR LINEAR LINEAR LINEAR LINEAR
LINEAR LINEAR LINEAR LINEAR LINEAR LINEAR LINEAR LINEAR LINEAR LINEAR LINEAR LINEAR
LINEAR LINEAR LINEAR LINEAR LINEAR LINEAR LINEAR LINEAR LINEAR LINEAR LINEAR LINEAR
LINEAR LINEAR LINEAR LINEAR LINEAR LINEAR LINEAR LINEAR LINEAR LINEAR LINEAR LINEAR
LINEAR LINEAR LINEAR LINEAR LINEAR LINEAR LINEAR LINEAR LINEAR LINEAR LINEAR LINEAR
LINEAR LINEAR LINEAR LINEAR LINEAR LINEAR LINEAR</Name_array>
        <technique_common>
          <accessor source="#mixamorig_RightHandThumb1-Interpolations-array" count="90">
            <param type="name"/>
          </accessor>
        </technique_common>
      </source>
      <sampler id="mixamorig_RightHandThumb1-Matrix-animation-transform">
        <input semantic="INPUT" source="#mixamorig_RightHandThumb1-Matrix-animation-input"/>
        <input semantic="OUTPUT" source="#mixamorig_RightHandThumb1-Matrix-animation-output-transform"/>
        <input semantic="INTERPOLATION" source="#mixamorig_RightHandThumb1-Interpolations"/>
      </sampler>
      <channel source="#mixamorig_RightHandThumb1-Matrix-animation-transform" target="mixamorig_RightHandThumb1/matrix"/>
    </animation>
    <animation id="mixamorig_RightHandThumb2-anim" name="mixamorig_RightHandThumb2">
      <source id="mixamorig_RightHandThumb2-Matrix-animation-input">
        <float_array id="mixamorig_RightHandThumb2-Matrix-animation-input-array" count="90">

0.000000 0.033333 0.066667 0.100000 0.133333 0.166667 0.200000 0.233333 0.266667 0.300000 0.333333 0.366667 0.400000 0.433333 0.466667 0.500000
0.533333 0.566667 0.600000 0.633333 0.666667 0.700000 0.733333 0.766667 0.800000 0.833333 0.866667 0.900000 0.933333 0.966667 1.000000 1.033333
1.066667 1.100000 1.133333 1.166667 1.200000 1.233333 1.266667 1.300000 1.333333 1.366667 1.400000 1.433333 1.466667 1.500000 1.533333 1.566667
1.600000 1.633333 1.666667 1.700000 1.733333 1.766667 1.800000 1.833333 1.866667 1.900000 1.933333 1.966667 2.000000 2.033333 2.066667 2.100000
2.133333 2.166667 2.200000 2.233333 2.266667 2.300000 2.333333 2.366667 2.400000 2.433333 2.466667 2.500000 2.533333 2.566667 2.600000 2.633333
2.666667 2.700000 2.733333 2.766667 2.800000 2.833333 2.866667 2.900000 2.933333 2.966667</float_array>
        <technique_common>
          <accessor source="#mixamorig_RightHandThumb2-Matrix-animation-input-array" count="90">
            <param name="TIME" type="float"/>
          </accessor>
        </technique_common>
      </source>
      <source id="mixamorig_RightHandThumb2-Matrix-animation-output-transform">
        <float_array id="mixamorig_RightHandThumb2-Matrix-animation-output-transform-array" count="1440">

0.953229 -0.268684 0.138430 0.000000 0.266040 0.963228 0.037614 4.189000 -0.143446 0.000973 0.989658 0.000000 0.000000 0.000000 0.000000 1.000000
0.956163 -0.257084 0.140212 0.000000 0.255152 0.966375 0.031895 4.189000 -0.143697 0.005278 0.989608 -0.000000 0.000000 0.000000 0.000000 1.000000
0.962014 -0.232061 0.143794 -0.000000 0.231691 0.972593 0.019552 4.189000 -0.144391 0.014507 0.989414 0.000000 0.000000 0.000000 0.000000 1.000000
0.968847 -0.198540 0.148047 0.000000 0.200310 0.979728 0.003011 4.189000 -0.145643 0.026738 0.988976 0.000000 0.000000 0.000000 0.000000 1.000000
0.974663 -0.164320 0.151757 0.000000 0.168331 0.985633 -0.013883 4.189000 -0.147295 0.039077 0.988320 -0.000000 0.000000 0.000000 0.000000 1.000000
0.978638 -0.135773 0.154380 -0.000000 0.141695 0.989515 -0.027978 4.189000 -0.148963 0.049255 0.987615 -0.000000 0.000000 0.000000 0.000000 1.000000
0.981252 -0.112921 0.156184 0.000000 0.120400 0.991949 -0.039257 4.189000 -0.150494 0.057325 0.986948 0.000000 0.000000 0.000000 0.000000 1.000000
0.983174 -0.092395 0.157585 0.000000 0.101293 0.993630 -0.049383 4.189000 -0.152018 0.064514 0.986270 0.000000 0.000000 0.000000 0.000000 1.000000
0.984627 -0.072927 0.158719 0.000000 0.083188 0.994787 -0.058987 4.189000 -0.153590 0.071283 0.985560 0.000000 0.000000 0.000000 0.000000 1.000000
0.985582 -0.056361 0.159534 0.000000 0.067796 0.995436 -0.067160 4.189000 -0.155021 0.077008 0.984905 0.000000 0.000000 0.000000 0.000000 1.000000
0.986077 -0.045283 0.160003 -0.000000 0.057509 0.995700 -0.072626 4.189000 -0.156026 0.080816 0.984441 -0.000000 0.000000 0.000000 0.000000 1.000000
0.986241 -0.040910 0.160172 0.000000 0.053450 0.995766 -0.074783 4.189000 -0.156434 0.082315 0.984252 0.000000 0.000000 0.000000 0.000000 1.000000
0.986184 -0.042483 0.160112 0.000000 0.054911 0.995745 -0.074007 4.189000 -0.156287 0.081776 0.984321 0.000000 0.000000 0.000000 0.000000 1.000000
0.985965 -0.048044 0.159891 0.000000 0.060072 0.995647 -0.071264 4.189000 -0.155771 0.079868 0.984559 0.000000 0.000000 0.000000 0.000000 1.000000
0.985618 -0.055658 0.159563 0.000000 0.067143 0.995457 -0.067508 4.189000 -0.155080 0.077250 0.984877 -0.000000 0.000000 0.000000 0.000000 1.000000
0.985167 -0.064126 0.159166 0.000000 0.075009 0.995170 -0.063330 4.189000 -0.154336 0.074329 0.985219 0.000000 0.000000 0.000000 0.000000 1.000000
0.984613 -0.073134 0.158706 0.000000 0.083381 0.994777 -0.058884 4.189000 -0.153571 0.071211 0.985568 -0.000000 0.000000 0.000000 0.000000 1.000000
0.983925 -0.082918 0.158163 0.000000 0.092477 0.994247 -0.054055 4.189000 -0.152771 0.067813 0.985932 0.000000 0.000000 0.000000 0.000000 1.000000
0.983075 -0.093551 0.157517 0.000000 0.102368 0.993549 -0.048806 4.189000 -0.151935 0.064105 0.986309 -0.000000 0.000000 0.000000 0.000000 1.000000
0.982067 -0.104719 0.156777 0.000000 0.112762 0.992678 -0.043295 4.189000 -0.151095 0.060197 0.986685 0.000000 0.000000 0.000000 0.000000 1.000000
0.980910 -0.116162 0.155952 0.000000 0.123418 0.991640 -0.037647 4.189000 -0.150275 0.056176 0.987047 0.000000 0.000000 0.000000 0.000000 1.000000
0.979588 -0.127953 0.155033 -0.000000 0.134404 0.990415 -0.031827 4.189000 -0.149475 0.052015 0.987396 0.000000 0.000000 0.000000 0.000000 1.000000
0.978079 -0.140153 0.154008 0.000000 0.145778 0.988981 -0.025804 4.189000 -0.148694 0.047689 0.987733 0.000000 0.000000 0.000000 0.000000 1.000000
0.976396 -0.152564 0.152887 0.000000 0.157356 0.987346 -0.019677 4.189000 -0.147951 0.043270 0.988048 0.000000 0.000000 0.000000 0.000000 1.000000
0.974570 -0.164937 0.151690 0.000000 0.168905 0.985539 -0.013567 4.189000 -0.147258 0.038844 0.988335 0.000000 0.000000 0.000000 0.000000 1.000000
0.972623 -0.177126 0.150432 0.000000 0.180290 0.983585 -0.007548 4.189000 -0.146626 0.034463 0.988592 0.000000 0.000000 0.000000 0.000000 1.000000
0.970578 -0.189048 0.149127 0.000000 0.191431 0.981505 -0.001661 4.189000 -0.146055 0.030160 0.988817 0.000000 0.000000 0.000000 0.000000 1.000000
0.968462 -0.200598 0.147791 0.000000 0.202232 0.979329 0.004043 4.189000 -0.145547 0.025973 0.989010 0.000000 0.000000 0.000000 0.000000 1.000000
0.966316 -0.211628 0.146448 0.000000 0.212552 0.977104 0.009491 4.189000 -0.145104 0.021957 0.989173 -0.000000 0.000000 0.000000 0.000000 1.000000
0.964190 -0.221979 0.145130 0.000000 0.222242 0.974882 0.014603 4.189000 -0.144726 0.018174 0.989305 0.000000 0.000000 0.000000 0.000000 1.000000
0.962134 -0.231522 0.143863 -0.000000 0.231181 0.972719 0.019316 4.189000 -0.144410 0.014674 0.989409 0.000000 0.000000 0.000000 0.000000 1.000000
0.960191 -0.240163 0.142673 0.000000 0.239279 0.970664 0.023586 4.189000 -0.144152 0.011492 0.989489 0.000000 0.000000 0.000000 0.000000 1.000000
0.958378 -0.247935 0.141563 0.000000 0.246563 0.968738 0.027429 4.189000 -0.143939 0.008617 0.989549 0.000000 0.000000 0.000000 0.000000 1.000000
0.956653 -0.255091 0.140511 0.000000 0.253276 0.966899 0.030964 4.189000 -0.143758 0.005967 0.989595 0.000000 0.000000 0.000000 0.000000 1.000000
0.955041 -0.261585 0.139538 0.000000 0.259370 0.965174 0.034152 4.189000 -0.143612 0.003576 0.989628 0.000000 0.000000 0.000000 0.000000 1.000000
0.953805 -0.266432 0.138815 0.000000 0.263925 0.963852 0.036508 4.189000 -0.143524 0.001815 0.989645 0.000000 0.000000 0.000000 0.000000 1.000000
0.953215 -0.268704 0.138489 0.000000 0.266062 0.963222 0.037600 4.189000 -0.143499 0.001006 0.989650 0.000000 0.000000 0.000000 0.000000 1.000000
0.953142 -0.268979 0.138462 0.000000 0.266321 0.963146 0.037727 4.189000 -0.143507 0.000916 0.989649 0.000000 0.000000 0.000000 0.000000 1.000000
0.953220 -0.268677 0.138509 0.000000 0.266038 0.963230 0.037582 4.189000 -0.143514 0.001025 0.989648 0.000000 0.000000 0.000000 0.000000 1.000000
0.953243 -0.268590 0.138519 0.000000 0.265956 0.963254 0.037542 4.189000 -0.143513 0.001054 0.989648 0.000000 0.000000 0.000000 0.000000 1.000000
0.953220 -0.268676 0.138506 0.000000 0.266037 0.963230 0.037584 4.189000 -0.143511 0.001022 0.989648 0.000000 0.000000 0.000000 0.000000 1.000000
0.953208 -0.268726 0.138498 0.000000 0.266083 0.963216 0.037607 4.189000 -0.143510 0.001004 0.989648 0.000000 0.000000 0.000000 0.000000 1.000000
0.953212 -0.268709 0.138501 -0.000000 0.266068 0.963221 0.037599 4.189000 -0.143511 0.001011 0.989648 0.000000 0.000000 0.000000 0.000000 1.000000
0.953217 -0.268688 0.138505 0.000000 0.266048 0.963227 0.037589 4.189000 -0.143512 0.001019 0.989648 0.000000 0.000000 0.000000 0.000000 1.000000
0.953217 -0.268688 0.138505 0.000000 0.266048 0.963227 0.037589 4.189000 -0.143511 0.001018 0.989648 0.000000 0.000000 0.000000 0.000000 1.000000
0.953216 -0.268694 0.138504 0.000000 0.266054 0.963225 0.037592 4.189000 -0.143511 0.001016 0.989648 -0.000000 0.000000 0.000000 0.000000 1.000000
0.953215 -0.268697 0.138504 0.000000 0.266056 0.963224 0.037593 4.189000 -0.143511 0.001015 0.989648 0.000000 0.000000 0.000000 0.000000 1.000000
0.953216 -0.268694 0.138504 0.000000 0.266054 0.963225 0.037592 4.189000 -0.143511 0.001016 0.989648 0.000000 0.000000 0.000000 0.000000 1.000000
0.953216 -0.268694 0.138504 0.000000 0.266053 0.963225 0.037592 4.189000 -0.143512 0.001016 0.989648 0.000000 0.000000 0.000000 0.000000 1.000000
0.953216 -0.268694 0.138504 0.000000 0.266053 0.963225 0.037592 4.189000 -0.143511 0.001016 0.989648 -0.000000 0.000000 0.000000 0.000000 1.000000
0.953216 -0.268694 0.138504 0.000000 0.266054 0.963225 0.037592 4.189000 -0.143511 0.001016 0.989648 0.000000 0.000000 0.000000 0.000000 1.000000
0.953216 -0.268694 0.138504 0.000000 0.266053 0.963225 0.037592 4.189000 -0.143511 0.001016 0.989648 0.000000 0.000000 0.000000 0.000000 1.000000
0.953216 -0.268694 0.138504 0.000000 0.266053 0.963225 0.037592 4.189000 -0.143511 0.001017 0.989648 0.000000 0.000000 0.000000 0.000000 1.000000
0.953216 -0.268694 0.138503 0.000000 0.266053 0.963225 0.037592 4.189000 -0.143511 0.001016 0.989648 0.000000 0.000000 0.000000 0.000000 1.000000
0.953216 -0.268694 0.138504 0.000000 0.266054 0.963225 0.037592 4.189000 -0.143511 0.001016 0.989648 0.000000 0.000000 0.000000 0.000000 1.000000
0.953216 -0.268695 0.138504 -0.000000 0.266054 0.963225 0.037592 4.189000 -0.143511 0.001016 0.989648 0.000000 0.000000 0.000000 0.000000 1.000000
0.953216 -0.268695 0.138504 -0.000000 0.266054 0.963225 0.037592 4.189000 -0.143511 0.001016 0.989648 -0.000000 0.000000 0.000000 0.000000 1.000000
0.953216 -0.268695 0.138504 -0.000000 0.266054 0.963225 0.037592 4.189000 -0.143511 0.001016 0.989648 0.000000 0.000000 0.000000 0.000000 1.000000
0.953216 -0.268694 0.138504 0.000000 0.266054 0.963225 0.037592 4.189000 -0.143511 0.001017 0.989648 0.000000 0.000000 0.000000 0.000000 1.000000
0.953215 -0.268695 0.138504 -0.000000 0.266054 0.963225 0.037592 4.189000 -0.143511 0.001017 0.989648 0.000000 0.000000 0.000000 0.000000 1.000000
0.953216 -0.268695 0.138503 0.000000 0.266054 0.963225 0.037592 4.189000 -0.143511 0.001016 0.989648 0.000000 0.000000 0.000000 0.000000 1.000000
0.953215 -0.268695 0.138504 0.000000 0.266054 0.963225 0.037592 4.189000 -0.143511 0.001016 0.989648 0.000000 0.000000 0.000000 0.000000 1.000000
0.953216 -0.268694 0.138504 0.000000 0.266054 0.963225 0.037591 4.189000 -0.143512 0.001017 0.989648 0.000000 0.000000 0.000000 0.000000 1.000000
0.953215 -0.268695 0.138504 0.000000 0.266054 0.963225 0.037591 4.189000 -0.143511 0.001017 0.989648 0.000000 0.000000 0.000000 0.000000 1.000000
0.953216 -0.268695 0.138504 -0.000000 0.266054 0.963225 0.037591 4.189000 -0.143511 0.001017 0.989648 0.000000 0.000000 0.000000 0.000000 1.000000
0.953216 -0.268694 0.138504 0.000000 0.266053 0.963225 0.037592 4.189000 -0.143511 0.001016 0.989648 0.000000 0.000000 0.000000 0.000000 1.000000
0.953216 -0.268694 0.138503 0.000000 0.266054 0.963225 0.037592 4.189000 -0.143511 0.001016 0.989648 -0.000000 0.000000 0.000000 0.000000 1.000000
0.953216 -0.268694 0.138504 0.000000 0.266053 0.963225 0.037592 4.189000 -0.143511 0.001017 0.989648 0.000000 0.000000 0.000000 0.000000 1.000000
0.953216 -0.268694 0.138505 0.000000 0.266054 0.963225 0.037592 4.189000 -0.143512 0.001017 0.989648 0.000000 0.000000 0.000000 0.000000 1.000000
0.953216 -0.268694 0.138504 -0.000000 0.266054 0.963225 0.037592 4.189000 -0.143511 0.001016 0.989648 -0.000000 0.000000 0.000000 0.000000 1.000000
0.953216 -0.268694 0.138504 0.000000 0.266053 0.963225 0.037592 4.189000 -0.143511 0.001016 0.989648 -0.000000 0.000000 0.000000 0.000000 1.000000
0.953216 -0.268694 0.138504 0.000000 0.266054 0.963225 0.037592 4.189000 -0.143512 0.001016 0.989648 0.000000 0.000000 0.000000 0.000000 1.000000
0.953216 -0.268694 0.138504 0.000000 0.266053 0.963225 0.037592 4.189000 -0.143511 0.001016 0.989648 0.000000 0.000000 0.000000 0.000000 1.000000
0.953216 -0.268694 0.138504 -0.000000 0.266053 0.963225 0.037592 4.189000 -0.143511 0.001017 0.989648 0.000000 0.000000 0.000000 0.000000 1.000000
0.953216 -0.268694 0.138504 0.000000 0.266053 0.963225 0.037592 4.189000 -0.143511 0.001016 0.989648 0.000000 0.000000 0.000000 0.000000 1.000000
0.953216 -0.268695 0.138504 -0.000000 0.266054 0.963225 0.037592 4.189000 -0.143511 0.001016 0.989648 0.000000 0.000000 0.000000 0.000000 1.000000
0.953216 -0.268695 0.138504 -0.000000 0.266054 0.963225 0.037592 4.189000 -0.143511 0.001016 0.989648 0.000000 0.000000 0.000000 0.000000 1.000000
0.953216 -0.268694 0.138504 0.000000 0.266054 0.963225 0.037591 4.189000 -0.143511 0.001017 0.989648 0.000000 0.000000 0.000000 0.000000 1.000000
0.953216 -0.268694 0.138504 -0.000000 0.266054 0.963225 0.037591 4.189000 -0.143511 0.001017 0.989648 0.000000 0.000000 0.000000 0.000000 1.000000
0.953216 -0.268694 0.138503 -0.000000 0.266054 0.963225 0.037591 4.189000 -0.143510 0.001017 0.989648 0.000000 0.000000 0.000000 0.000000 1.000000
0.953216 -0.268695 0.138504 0.000000 0.266054 0.963225 0.037591 4.189000 -0.143511 0.001017 0.989648 0.000000 0.000000 0.000000 0.000000 1.000000
0.953216 -0.268694 0.138504 0.000000 0.266054 0.963225 0.037592 4.189000 -0.143511 0.001016 0.989648 0.000000 0.000000 0.000000 0.000000 1.000000
0.953216 -0.268694 0.138504 -0.000000 0.266054 0.963225 0.037591 4.189000 -0.143511 0.001017 0.989648 0.000000 0.000000 0.000000 0.000000 1.000000
0.953216 -0.268694 0.138503 0.000000 0.266054 0.963225 0.037591 4.189000 -0.143511 0.001017 0.989648 0.000000 0.000000 0.000000 0.000000 1.000000
0.953216 -0.268695 0.138504 0.000000 0.266054 0.963225 0.037591 4.189000 -0.143511 0.001017 0.989648 0.000000 0.000000 0.000000 0.000000 1.000000
0.953216 -0.268694 0.138504 0.000000 0.266053 0.963225 0.037592 4.189000 -0.143511 0.001016 0.989648 0.000000 0.000000 0.000000 0.000000 1.000000
0.953216 -0.268694 0.138504 0.000000 0.266053 0.963225 0.037591 4.189000 -0.143511 0.001017 0.989648 -0.000000 0.000000 0.000000 0.000000 1.000000
0.953216 -0.268694 0.138503 0.000000 0.266053 0.963225 0.037592 4.189000 -0.143511 0.001016 0.989648 0.000000 0.000000 0.000000 0.000000 1.000000
0.953216 -0.268694 0.138503 -0.000000 0.266053 0.963225 0.037593 4.189000 -0.143511 0.001015 0.989648 0.000000 0.000000 0.000000 0.000000 1.000000
0.953229 -0.268684 0.138430 0.000000 0.266040 0.963228 0.037615 4.189000 -0.143446 0.000972 0.989658 0.000000 0.000000 0.000000 0.000000 1.000000</float_array>
        <technique_common>
          <accessor source="#mixamorig_RightHandThumb2-Matrix-animation-output-transform-array" count="90" stride="16">
            <param type="float4x4"/>
          </accessor>
        </technique_common>
      </source>
      <source id="mixamorig_RightHandThumb2-Interpolations">
        <Name_array id="mixamorig_RightHandThumb2-Interpolations-array" count="90">
 LINEAR LINEAR LINEAR LINEAR LINEAR LINEAR LINEAR LINEAR LINEAR LINEAR LINEAR
LINEAR LINEAR LINEAR LINEAR LINEAR LINEAR LINEAR LINEAR LINEAR LINEAR LINEAR LINEAR
LINEAR LINEAR LINEAR LINEAR LINEAR LINEAR LINEAR LINEAR LINEAR LINEAR LINEAR LINEAR
LINEAR LINEAR LINEAR LINEAR LINEAR LINEAR LINEAR LINEAR LINEAR LINEAR LINEAR LINEAR
LINEAR LINEAR LINEAR LINEAR LINEAR LINEAR LINEAR LINEAR LINEAR LINEAR LINEAR LINEAR
LINEAR LINEAR LINEAR LINEAR LINEAR LINEAR LINEAR LINEAR LINEAR LINEAR LINEAR LINEAR
LINEAR LINEAR LINEAR LINEAR LINEAR LINEAR LINEAR LINEAR LINEAR LINEAR LINEAR LINEAR
LINEAR LINEAR LINEAR LINEAR LINEAR LINEAR LINEAR</Name_array>
        <technique_common>
          <accessor source="#mixamorig_RightHandThumb2-Interpolations-array" count="90">
            <param type="name"/>
          </accessor>
        </technique_common>
      </source>
      <sampler id="mixamorig_RightHandThumb2-Matrix-animation-transform">
        <input semantic="INPUT" source="#mixamorig_RightHandThumb2-Matrix-animation-input"/>
        <input semantic="OUTPUT" source="#mixamorig_RightHandThumb2-Matrix-animation-output-transform"/>
        <input semantic="INTERPOLATION" source="#mixamorig_RightHandThumb2-Interpolations"/>
      </sampler>
      <channel source="#mixamorig_RightHandThumb2-Matrix-animation-transform" target="mixamorig_RightHandThumb2/matrix"/>
    </animation>
    <animation id="mixamorig_RightHandThumb3-anim" name="mixamorig_RightHandThumb3">
      <source id="mixamorig_RightHandThumb3-Matrix-animation-input">
        <float_array id="mixamorig_RightHandThumb3-Matrix-animation-input-array" count="90">

0.000000 0.033333 0.066667 0.100000 0.133333 0.166667 0.200000 0.233333 0.266667 0.300000 0.333333 0.366667 0.400000 0.433333 0.466667 0.500000
0.533333 0.566667 0.600000 0.633333 0.666667 0.700000 0.733333 0.766667 0.800000 0.833333 0.866667 0.900000 0.933333 0.966667 1.000000 1.033333
1.066667 1.100000 1.133333 1.166667 1.200000 1.233333 1.266667 1.300000 1.333333 1.366667 1.400000 1.433333 1.466667 1.500000 1.533333 1.566667
1.600000 1.633333 1.666667 1.700000 1.733333 1.766667 1.800000 1.833333 1.866667 1.900000 1.933333 1.966667 2.000000 2.033333 2.066667 2.100000
2.133333 2.166667 2.200000 2.233333 2.266667 2.300000 2.333333 2.366667 2.400000 2.433333 2.466667 2.500000 2.533333 2.566667 2.600000 2.633333
2.666667 2.700000 2.733333 2.766667 2.800000 2.833333 2.866667 2.900000 2.933333 2.966667</float_array>
        <technique_common>
          <accessor source="#mixamorig_RightHandThumb3-Matrix-animation-input-array" count="90">
            <param name="TIME" type="float"/>
          </accessor>
        </technique_common>
      </source>
      <source id="mixamorig_RightHandThumb3-Matrix-animation-output-transform">
        <float_array id="mixamorig_RightHandThumb3-Matrix-animation-output-transform-array" count="1440">

0.972518 -0.228815 -0.043030 0.000000 0.232726 0.960770 0.150863 3.416300 0.006822 -0.156731 0.987618 -0.000000 0.000000 0.000000 0.000000 1.000000
0.975802 -0.214784 -0.040956 -0.000000 0.218479 0.965269 0.143256 3.416300 0.008764 -0.148737 0.988838 0.000000 0.000000 0.000000 0.000000 1.000000
0.982143 -0.184482 -0.036896 -0.000000 0.187716 0.974003 0.126807 3.416300 0.012543 -0.131469 0.991241 -0.000000 0.000000 0.000000 0.000000 1.000000
0.989074 -0.143833 -0.032335 0.000000 0.146468 0.983658 0.104706 3.416300 0.016746 -0.108298 0.993977 -0.000000 0.000000 0.000000 0.000000 1.000000
0.994339 -0.102309 -0.028690 0.000000 0.104350 0.991147 0.082089 3.416300 0.020038 -0.084618 0.996212 -0.000000 0.000000 0.000000 0.000000 1.000000
0.997358 -0.067677 -0.026402 0.000000 0.069231 0.995596 0.063205 3.416300 0.022008 -0.064865 0.997651 0.000000 0.000000 0.000000 0.000000 1.000000
0.998887 -0.039974 -0.025033 0.000000 0.041144 0.997995 0.048095 3.416300 0.023060 -0.049072 0.998529 0.000000 0.000000 0.000000 0.000000 1.000000
0.999594 -0.015116 -0.024140 0.000000 0.015946 0.999276 0.034539 3.416300 0.023600 -0.034910 0.999112 0.000000 0.000000 0.000000 0.000000 1.000000
0.999686 0.008432 -0.023597 -0.000000 -0.007921 0.999733 0.021691 3.416300 0.023773 -0.021497 0.999486 0.000000 0.000000 0.000000 0.000000 1.000000
0.999322 0.028439 -0.023374 -0.000000 -0.028194 0.999544 0.010766 3.416300 0.023669 -0.010100 0.999669 -0.000000 0.000000 0.000000 0.000000 1.000000
0.998853 0.041800 -0.023347 -0.000000 -0.041730 0.999123 0.003463 3.416300 0.023471 -0.002485 0.999721 -0.000000 0.000000 0.000000 0.000000 1.000000
0.998618 0.047072 -0.023360 -0.000000 -0.047071 0.998891 0.000584 3.416300 0.023362 0.000516 0.999727 0.000000 0.000000 0.000000 0.000000 1.000000
0.998706 0.045184 -0.023338 -0.000000 -0.045158 0.998978 0.001636 3.416300 0.023388 -0.000580 0.999726 0.000000 0.000000 0.000000 0.000000 1.000000
0.998987 0.038499 -0.023297 0.000000 -0.038385 0.999249 0.005333 3.416300 0.023485 -0.004433 0.999714 0.000000 0.000000 0.000000 0.000000 1.000000
0.999298 0.029339 -0.023281 0.000000 -0.029104 0.999522 0.010396 3.416300 0.023575 -0.009711 0.999675 -0.000000 0.000000 0.000000 0.000000 1.000000
0.999545 0.019141 -0.023321 0.000000 -0.018770 0.999695 0.016026 3.416300 0.023621 -0.015581 0.999600 0.000000 0.000000 0.000000 0.000000 1.000000
0.999691 0.008278 -0.023432 0.000000 -0.007762 0.999728 0.022009 3.416300 0.023608 -0.021820 0.999483 0.000000 0.000000 0.000000 0.000000 1.000000
0.999714 -0.003534 -0.023633 0.000000 0.004207 0.999585 0.028501 3.416300 0.023522 -0.028593 0.999314 0.000000 0.000000 0.000000 0.000000 1.000000
0.999579 -0.016384 -0.023944 0.000000 0.017230 0.999219 0.035556 3.416300 0.023343 -0.035953 0.999081 -0.000000 0.000000 0.000000 0.000000 1.000000
0.999256 -0.029891 -0.024374 -0.000000 0.030919 0.998598 0.042964 3.416300 0.023056 -0.043685 0.998779 0.000000 0.000000 0.000000 0.000000 1.000000
0.998732 -0.043743 -0.024922 0.000000 0.044960 0.997709 0.050553 3.416300 0.022654 -0.051609 0.998410 0.000000 0.000000 0.000000 0.000000 1.000000
0.997986 -0.058031 -0.025603 -0.000000 0.059443 0.996524 0.058369 3.416300 0.022127 -0.059773 0.997967 -0.000000 0.000000 0.000000 0.000000 1.000000
0.996994 -0.072825 -0.026429 0.000000 0.074442 0.995009 0.066448 3.416300 0.021458 -0.068216 0.997440 -0.000000 0.000000 0.000000 0.000000 1.000000
0.995754 -0.087877 -0.027399 0.000000 0.089703 0.993167 0.074656 3.416300 0.020651 -0.076796 0.996833 0.000000 0.000000 0.000000 0.000000 1.000000
0.994285 -0.102883 -0.028497 -0.000000 0.104919 0.991026 0.082825 3.416300 0.019720 -0.085341 0.996157 0.000000 0.000000 0.000000 0.000000 1.000000
0.992606 -0.117691 -0.029711 0.000000 0.119937 0.988614 0.090874 3.416300 0.018678 -0.093766 0.995419 -0.000000 0.000000 0.000000 0.000000 1.000000
0.990735 -0.132215 -0.031028 0.000000 0.134670 0.985957 0.098756 3.416300 0.017535 -0.102019 0.994628 0.000000 0.000000 0.000000 0.000000 1.000000
0.988715 -0.146258 -0.032421 -0.000000 0.148917 0.983113 0.106362 3.416300 0.016318 -0.109990 0.993799 -0.000000 0.000000 0.000000 0.000000 1.000000
0.986609 -0.159551 -0.033853 0.000000 0.162405 0.980169 0.113546 3.416300 0.015065 -0.117523 0.992956 0.000000 0.000000 0.000000 0.000000 1.000000
0.984458 -0.172034 -0.035303 -0.000000 0.175076 0.977181 0.120272 3.416300 0.013806 -0.124584 0.992113 0.000000 0.000000 0.000000 0.000000 1.000000
0.982260 -0.183885 -0.036774 0.000000 0.187106 0.974143 0.126637 3.416300 0.012536 -0.131271 0.991267 0.000000 0.000000 0.000000 0.000000 1.000000
0.980169 -0.194456 -0.038158 0.000000 0.197840 0.971264 0.132306 3.416300 0.011334 -0.137231 0.990474 0.000000 0.000000 0.000000 0.000000 1.000000
0.978917 -0.200506 -0.038983 0.000000 0.203984 0.969545 0.135547 3.416300 0.010618 -0.140641 0.990004 0.000000 0.000000 0.000000 0.000000 1.000000
0.979924 -0.195649 -0.038355 0.000000 0.199056 0.970934 0.132903 3.416300 0.011238 -0.137870 0.990387 0.000000 0.000000 0.000000 0.000000 1.000000
0.984257 -0.173128 -0.035563 0.000000 0.176199 0.976930 0.120673 3.416300 0.013851 -0.125040 0.992055 0.000000 0.000000 0.000000 0.000000 1.000000
0.990863 -0.131228 -0.031143 0.000000 0.133684 0.986180 0.097861 3.416300 0.017870 -0.101130 0.994713 0.000000 0.000000 0.000000 0.000000 1.000000
0.996797 -0.075353 -0.026792 0.000000 0.077009 0.994753 0.067356 3.416300 0.021576 -0.069203 0.997369 -0.000000 0.000000 0.000000 0.000000 1.000000
0.999610 -0.014181 -0.024048 -0.000000 0.014992 0.999313 0.033885 3.416300 0.023551 -0.034232 0.999136 -0.000000 0.000000 0.000000 0.000000 1.000000
0.998800 0.043004 -0.023440 0.000000 -0.042956 0.999074 0.002554 3.416300 0.023529 -0.001544 0.999722 -0.000000 0.000000 0.000000 0.000000 1.000000
0.996021 0.085748 -0.024283 0.000000 -0.086260 0.996054 -0.020872 3.416300 0.022398 0.022883 0.999487 0.000000 0.000000 0.000000 0.000000 1.000000
0.994045 0.106037 -0.025111 0.000000 -0.106815 0.993764 -0.031982 3.416300 0.021563 0.034474 0.999173 -0.000000 0.000000 0.000000 0.000000 1.000000
0.994128 0.105261 -0.025094 -0.000000 -0.106029 0.993862 -0.031550 3.416300 0.021619 0.034025 0.999187 0.000000 0.000000 0.000000 0.000000 1.000000
0.995350 0.093141 -0.024556 0.000000 -0.093749 0.995284 -0.024908 3.416300 0.022120 0.027095 0.999388 0.000000 0.000000 0.000000 0.000000 1.000000
0.996643 0.078272 -0.024012 0.000000 -0.078685 0.996759 -0.016757 3.416300 0.022622 0.018590 0.999571 0.000000 0.000000 0.000000 0.000000 1.000000
0.997753 0.062693 -0.023632 0.000000 -0.062903 0.997986 -0.008207 3.416300 0.023070 0.009675 0.999687 0.000000 0.000000 0.000000 0.000000 1.000000
0.998709 0.045068 -0.023432 -0.000000 -0.045046 0.998984 0.001469 3.416300 0.023475 -0.000412 0.999724 0.000000 0.000000 0.000000 0.000000 1.000000
0.999414 0.024925 -0.023446 0.000000 -0.024637 0.999618 0.012522 3.416300 0.023749 -0.011937 0.999647 -0.000000 0.000000 0.000000 0.000000 1.000000
0.999714 0.003112 -0.023714 -0.000000 -0.002532 0.999697 0.024480 3.416300 0.023783 -0.024413 0.999419 0.000000 0.000000 0.000000 0.000000 1.000000
0.999516 -0.019452 -0.024263 -0.000000 0.020339 0.999114 0.036839 3.416300 0.023524 -0.037314 0.999027 0.000000 0.000000 0.000000 0.000000 1.000000
0.998791 -0.042270 -0.025100 0.000000 0.043470 0.997836 0.049326 3.416300 0.022960 -0.050358 0.998467 -0.000000 0.000000 0.000000 0.000000 1.000000
0.997541 -0.065001 -0.026220 0.000000 0.066516 0.995872 0.061755 3.416300 0.022098 -0.063347 0.997747 0.000000 0.000000 0.000000 0.000000 1.000000
0.995810 -0.087181 -0.027591 0.000000 0.089007 0.993288 0.073871 3.416300 0.020965 -0.076017 0.996886 -0.000000 0.000000 0.000000 0.000000 1.000000
0.993707 -0.108154 -0.029138 -0.000000 0.110277 0.990232 0.085317 3.416300 0.019627 -0.087993 0.995928 0.000000 0.000000 0.000000 0.000000 1.000000
0.991389 -0.127288 -0.030766 0.000000 0.129686 0.986921 0.095752 3.416300 0.018175 -0.098917 0.994930 0.000000 0.000000 0.000000 0.000000 1.000000
0.988979 -0.144467 -0.032406 0.000000 0.147114 0.983519 0.105113 3.416300 0.016686 -0.108722 0.993932 0.000000 0.000000 0.000000 0.000000 1.000000
0.986470 -0.160361 -0.034075 0.000000 0.163240 0.980005 0.113767 3.416300 0.015149 -0.117790 0.992923 0.000000 0.000000 0.000000 0.000000 1.000000
0.983774 -0.175799 -0.035835 0.000000 0.178905 0.976252 0.122167 3.416300 0.013508 -0.126596 0.991862 0.000000 0.000000 0.000000 0.000000 1.000000
0.980895 -0.190852 -0.037685 0.000000 0.194181 0.972266 0.130358 3.416300 0.011761 -0.135185 0.990751 0.000000 0.000000 0.000000 0.000000 1.000000
0.978022 -0.204724 -0.039506 -0.000000 0.208260 0.968303 0.137903 3.416300 0.010021 -0.143099 0.989658 -0.000000 0.000000 0.000000 0.000000 1.000000
0.975482 -0.216206 -0.041110 0.000000 0.219916 0.964813 0.144129 3.416300 0.008502 -0.149636 0.988705 0.000000 0.000000 0.000000 0.000000 1.000000
0.973638 -0.224143 -0.042290 0.000000 0.227976 0.962292 0.148393 3.416300 0.007434 -0.154122 0.988024 0.000000 0.000000 0.000000 0.000000 1.000000
0.972687 -0.228120 -0.042920 -0.000000 0.232019 0.960999 0.150493 3.416300 0.006915 -0.156340 0.987679 0.000000 0.000000 0.000000 0.000000 1.000000
0.972448 -0.229104 -0.043090 0.000000 0.233022 0.960678 0.150993 3.416300 0.006802 -0.156874 0.987595 0.000000 0.000000 0.000000 0.000000 1.000000
0.972499 -0.228893 -0.043061 0.000000 0.232808 0.960748 0.150875 3.416300 0.006836 -0.156751 0.987615 0.000000 0.000000 0.000000 0.000000 1.000000
0.972541 -0.228719 -0.043031 0.000000 0.232631 0.960805 0.150787 3.416300 0.006856 -0.156657 0.987629 0.000000 0.000000 0.000000 0.000000 1.000000
0.972527 -0.228777 -0.043038 -0.000000 0.232689 0.960786 0.150820 3.416300 0.006846 -0.156691 0.987624 0.000000 0.000000 0.000000 0.000000 1.000000
0.972510 -0.228849 -0.043050 0.000000 0.232762 0.960762 0.150858 3.416300 0.006837 -0.156731 0.987618 -0.000000 0.000000 0.000000 0.000000 1.000000
0.972510 -0.228847 -0.043050 -0.000000 0.232760 0.960763 0.150855 3.416300 0.006838 -0.156728 0.987618 0.000000 0.000000 0.000000 0.000000 1.000000
0.972516 -0.228821 -0.043046 -0.000000 0.232734 0.960771 0.150842 3.416300 0.006841 -0.156715 0.987620 0.000000 0.000000 0.000000 0.000000 1.000000
0.972518 -0.228815 -0.043044 0.000000 0.232728 0.960773 0.150840 3.416300 0.006842 -0.156712 0.987621 0.000000 0.000000 0.000000 0.000000 1.000000
0.972516 -0.228822 -0.043046 0.000000 0.232735 0.960771 0.150843 3.416300 0.006841 -0.156716 0.987620 0.000000 0.000000 0.000000 0.000000 1.000000
0.972515 -0.228826 -0.043047 0.000000 0.232739 0.960770 0.150845 3.416300 0.006841 -0.156718 0.987620 0.000000 0.000000 0.000000 0.000000 1.000000
0.972516 -0.228824 -0.043046 -0.000000 0.232737 0.960770 0.150844 3.416300 0.006841 -0.156717 0.987620 0.000000 0.000000 0.000000 0.000000 1.000000
0.972516 -0.228823 -0.043046 0.000000 0.232736 0.960771 0.150843 3.416300 0.006841 -0.156716 0.987620 0.000000 0.000000 0.000000 0.000000 1.000000
0.972516 -0.228823 -0.043046 -0.000000 0.232736 0.960771 0.150843 3.416300 0.006841 -0.156716 0.987620 0.000000 0.000000 0.000000 0.000000 1.000000
0.972516 -0.228823 -0.043046 0.000000 0.232736 0.960770 0.150844 3.416300 0.006841 -0.156716 0.987620 0.000000 0.000000 0.000000 0.000000 1.000000
0.972516 -0.228823 -0.043046 -0.000000 0.232736 0.960771 0.150844 3.416300 0.006841 -0.156716 0.987620 0.000000 0.000000 0.000000 0.000000 1.000000
0.972516 -0.228823 -0.043046 0.000000 0.232736 0.960771 0.150844 3.416300 0.006841 -0.156716 0.987620 0.000000 0.000000 0.000000 0.000000 1.000000
0.972516 -0.228823 -0.043046 -0.000000 0.232736 0.960771 0.150844 3.416300 0.006841 -0.156716 0.987620 0.000000 0.000000 0.000000 0.000000 1.000000
0.972516 -0.228823 -0.043046 -0.000000 0.232736 0.960771 0.150844 3.416300 0.006841 -0.156716 0.987620 0.000000 0.000000 0.000000 0.000000 1.000000
0.972516 -0.228824 -0.043046 0.000000 0.232737 0.960770 0.150844 3.416300 0.006841 -0.156716 0.987620 0.000000 0.000000 0.000000 0.000000 1.000000
0.972516 -0.228823 -0.043046 0.000000 0.232736 0.960770 0.150844 3.416300 0.006841 -0.156716 0.987620 -0.000000 0.000000 0.000000 0.000000 1.000000
0.972516 -0.228824 -0.043046 0.000000 0.232737 0.960770 0.150843 3.416300 0.006841 -0.156716 0.987620 0.000000 0.000000 0.000000 0.000000 1.000000
0.972516 -0.228823 -0.043047 0.000000 0.232736 0.960770 0.150844 3.416300 0.006841 -0.156717 0.987620 -0.000000 0.000000 0.000000 0.000000 1.000000
0.972516 -0.228823 -0.043046 -0.000000 0.232736 0.960771 0.150844 3.416300 0.006841 -0.156716 0.987620 0.000000 0.000000 0.000000 0.000000 1.000000
0.972516 -0.228823 -0.043046 0.000000 0.232736 0.960770 0.150844 3.416300 0.006841 -0.156716 0.987620 0.000000 0.000000 0.000000 0.000000 1.000000
0.972516 -0.228822 -0.043046 0.000000 0.232736 0.960771 0.150844 3.416300 0.006841 -0.156716 0.987620 0.000000 0.000000 0.000000 0.000000 1.000000
0.972516 -0.228823 -0.043046 -0.000000 0.232736 0.960771 0.150844 3.416300 0.006840 -0.156716 0.987620 0.000000 0.000000 0.000000 0.000000 1.000000
0.972516 -0.228823 -0.043046 -0.000000 0.232736 0.960771 0.150844 3.416300 0.006841 -0.156716 0.987620 -0.000000 0.000000 0.000000 0.000000 1.000000
0.972518 -0.228815 -0.043030 -0.000000 0.232726 0.960770 0.150863 3.416300 0.006822 -0.156731 0.987618 0.000000 0.000000 0.000000 0.000000 1.000000</float_array>
        <technique_common>
          <accessor source="#mixamorig_RightHandThumb3-Matrix-animation-output-transform-array" count="90" stride="16">
            <param type="float4x4"/>
          </accessor>
        </technique_common>
      </source>
      <source id="mixamorig_RightHandThumb3-Interpolations">
        <Name_array id="mixamorig_RightHandThumb3-Interpolations-array" count="90">
 LINEAR LINEAR LINEAR LINEAR LINEAR LINEAR LINEAR LINEAR LINEAR LINEAR LINEAR
LINEAR LINEAR LINEAR LINEAR LINEAR LINEAR LINEAR LINEAR LINEAR LINEAR LINEAR LINEAR
LINEAR LINEAR LINEAR LINEAR LINEAR LINEAR LINEAR LINEAR LINEAR LINEAR LINEAR LINEAR
LINEAR LINEAR LINEAR LINEAR LINEAR LINEAR LINEAR LINEAR LINEAR LINEAR LINEAR LINEAR
LINEAR LINEAR LINEAR LINEAR LINEAR LINEAR LINEAR LINEAR LINEAR LINEAR LINEAR LINEAR
LINEAR LINEAR LINEAR LINEAR LINEAR LINEAR LINEAR LINEAR LINEAR LINEAR LINEAR LINEAR
LINEAR LINEAR LINEAR LINEAR LINEAR LINEAR LINEAR LINEAR LINEAR LINEAR LINEAR LINEAR
LINEAR LINEAR LINEAR LINEAR LINEAR LINEAR LINEAR</Name_array>
        <technique_common>
          <accessor source="#mixamorig_RightHandThumb3-Interpolations-array" count="90">
            <param type="name"/>
          </accessor>
        </technique_common>
      </source>
      <sampler id="mixamorig_RightHandThumb3-Matrix-animation-transform">
        <input semantic="INPUT" source="#mixamorig_RightHandThumb3-Matrix-animation-input"/>
        <input semantic="OUTPUT" source="#mixamorig_RightHandThumb3-Matrix-animation-output-transform"/>
        <input semantic="INTERPOLATION" source="#mixamorig_RightHandThumb3-Interpolations"/>
      </sampler>
      <channel source="#mixamorig_RightHandThumb3-Matrix-animation-transform" target="mixamorig_RightHandThumb3/matrix"/>
    </animation>
    <animation id="mixamorig_RightHandIndex1-anim" name="mixamorig_RightHandIndex1">
      <source id="mixamorig_RightHandIndex1-Matrix-animation-input">
        <float_array id="mixamorig_RightHandIndex1-Matrix-animation-input-array" count="90">

0.000000 0.033333 0.066667 0.100000 0.133333 0.166667 0.200000 0.233333 0.266667 0.300000 0.333333 0.366667 0.400000 0.433333 0.466667 0.500000
0.533333 0.566667 0.600000 0.633333 0.666667 0.700000 0.733333 0.766667 0.800000 0.833333 0.866667 0.900000 0.933333 0.966667 1.000000 1.033333
1.066667 1.100000 1.133333 1.166667 1.200000 1.233333 1.266667 1.300000 1.333333 1.366667 1.400000 1.433333 1.466667 1.500000 1.533333 1.566667
1.600000 1.633333 1.666667 1.700000 1.733333 1.766667 1.800000 1.833333 1.866667 1.900000 1.933333 1.966667 2.000000 2.033333 2.066667 2.100000
2.133333 2.166667 2.200000 2.233333 2.266667 2.300000 2.333333 2.366667 2.400000 2.433333 2.466667 2.500000 2.533333 2.566667 2.600000 2.633333
2.666667 2.700000 2.733333 2.766667 2.800000 2.833333 2.866667 2.900000 2.933333 2.966667</float_array>
        <technique_common>
          <accessor source="#mixamorig_RightHandIndex1-Matrix-animation-input-array" count="90">
            <param name="TIME" type="float"/>
          </accessor>
        </technique_common>
      </source>
      <source id="mixamorig_RightHandIndex1-Matrix-animation-output-transform">
        <float_array id="mixamorig_RightHandIndex1-Matrix-animation-output-transform-array" count="1440">

0.925092 0.254620 -0.281732 2.259800 -0.193798 0.954571 0.226357 9.108300 0.326568 -0.154802 0.932411 0.517900 0.000000 0.000000 0.000000 1.000000
0.935200 0.255042 -0.245672 2.259800 -0.202086 0.954066 0.221176 9.108300 0.290797 -0.157197 0.943783 0.517900 0.000000 0.000000 0.000000 1.000000
0.951911 0.254625 -0.170385 2.259800 -0.217829 0.953558 0.208035 9.108300 0.215443 -0.160916 0.963167 0.517900 0.000000 0.000000 0.000000 1.000000
0.965039 0.251362 -0.074275 2.259800 -0.234167 0.954138 0.186511 9.108300 0.117750 -0.162598 0.979641 0.517900 0.000000 0.000000 0.000000 1.000000
0.970002 0.242780 0.012394 2.259800 -0.241589 0.957066 0.160188 9.108300 0.027029 -0.158377 0.987009 0.517900 0.000000 0.000000 0.000000 1.000000
0.971940 0.226922 0.061959 2.259800 -0.233453 0.962842 0.135778 9.108300 -0.028845 -0.146433 0.988800 0.517900 0.000000 0.000000 0.000000 1.000000
0.976767 0.203216 0.068039 2.259800 -0.210068 0.970733 0.116400 9.108300 -0.042394 -0.127989 0.990869 0.517900 0.000000 0.000000 0.000000 1.000000
0.984140 0.172457 0.041568 2.259800 -0.175807 0.979462 0.098719 9.108300 -0.023689 -0.104462 0.994247 0.517900 0.000000 0.000000 0.000000 1.000000
0.990668 0.136261 -0.003224 2.259800 -0.135620 0.987816 0.076333 9.108300 0.013586 -0.075183 0.997077 0.517900 0.000000 0.000000 0.000000 1.000000
0.993803 0.096655 -0.054893 2.259800 -0.094315 0.994581 0.043735 9.108300 0.058823 -0.038287 0.997534 0.517900 0.000000 0.000000 0.000000 1.000000
0.993035 0.055148 -0.104114 2.259800 -0.055897 0.998427 -0.004294 9.108300 0.103714 0.010083 0.994556 0.517900 0.000000 0.000000 0.000000 1.000000
0.989298 0.010999 -0.145492 2.259800 -0.022375 0.996796 -0.076790 9.108300 0.144181 0.079224 0.986375 0.517900 0.000000 0.000000 0.000000 1.000000
0.983021 -0.038419 -0.179427 2.259800 0.004855 0.982939 -0.183866 9.108300 0.183430 0.179873 0.966436 0.517900 0.000000 0.000000 0.000000 1.000000
0.973844 -0.093310 -0.207175 2.259800 0.022212 0.946515 -0.321895 9.108300 0.226130 0.308873 0.923830 0.517900 0.000000 0.000000 0.000000 1.000000
0.962768 -0.148544 -0.225861 2.259800 0.027260 0.884589 -0.465574 9.108300 0.268953 0.442083 0.855703 0.517900 0.000000 0.000000 0.000000 1.000000
0.952519 -0.197428 -0.231797 2.259800 0.025840 0.810959 -0.584533 9.108300 0.303381 0.550789 0.777555 0.517900 0.000000 0.000000 0.000000 1.000000
0.944717 -0.237767 -0.225780 2.259800 0.028488 0.745509 -0.665886 9.108300 0.326647 0.622642 0.711069 0.517900 0.000000 0.000000 0.000000 1.000000
0.938385 -0.272337 -0.212758 2.259800 0.039720 0.696547 -0.716411 9.108300 0.343301 0.663819 0.664446 0.517900 0.000000 0.000000 0.000000 1.000000
0.932078 -0.303316 -0.198065 2.259800 0.055142 0.659176 -0.749964 9.108300 0.358036 0.688104 0.631129 0.517900 0.000000 0.000000 0.000000 1.000000
0.926653 -0.326906 -0.185600 2.259800 0.064985 0.625594 -0.777437 9.108300 0.370259 0.708353 0.600953 0.517900 0.000000 0.000000 0.000000 1.000000
0.925433 -0.334498 -0.178003 2.259800 0.059756 0.592735 -0.803178 9.108300 0.374170 0.732650 0.568525 0.517900 0.000000 0.000000 0.000000 1.000000
0.930152 -0.322514 -0.175505 2.259800 0.039133 0.562341 -0.825979 9.108300 0.365083 0.761418 0.535683 0.517900 0.000000 0.000000 0.000000 1.000000
0.937536 -0.300990 -0.174447 2.259800 0.015300 0.536634 -0.843677 9.108300 0.347552 0.788308 0.507719 0.517900 0.000000 0.000000 0.000000 1.000000
0.943233 -0.285400 -0.169881 2.259800 0.001778 0.515815 -0.856698 9.108300 0.332128 0.807763 0.487041 0.517900 0.000000 0.000000 0.000000 1.000000
0.946291 -0.280488 -0.160809 2.259800 0.000465 0.498554 -0.866858 9.108300 0.323316 0.820225 0.471908 0.517900 0.000000 0.000000 0.000000 1.000000
0.948683 -0.277051 -0.152459 2.259800 0.001154 0.485146 -0.874432 9.108300 0.316227 0.829383 0.460570 0.517900 0.000000 0.000000 0.000000 1.000000
0.953285 -0.259897 -0.153950 2.259800 -0.009768 0.482860 -0.875643 9.108300 0.301913 0.836241 0.457765 0.517900 0.000000 0.000000 0.000000 1.000000
0.960398 -0.221312 -0.169283 2.259800 -0.036154 0.503433 -0.863278 9.108300 0.276276 0.835210 0.475494 0.517900 0.000000 0.000000 0.000000 1.000000
0.966615 -0.177164 -0.185116 2.259800 -0.061483 0.540977 -0.838787 9.108300 0.248746 0.822166 0.512024 0.517900 0.000000 0.000000 0.000000 1.000000
0.970729 -0.160432 -0.178736 2.259800 -0.060922 0.555370 -0.829369 9.108300 0.232322 0.815981 0.529340 0.517900 0.000000 0.000000 0.000000 1.000000
0.972479 -0.178999 -0.149142 2.259800 -0.039455 0.504357 -0.862593 9.108300 0.229624 0.844739 0.483414 0.517900 0.000000 0.000000 0.000000 1.000000
0.972150 -0.201227 -0.120135 2.259800 -0.029632 0.402953 -0.914741 9.108300 0.232480 0.892825 0.385768 0.517900 0.000000 0.000000 0.000000 1.000000
0.973443 -0.199890 -0.111591 2.259800 -0.037957 0.339776 -0.939740 9.108300 0.225760 0.919019 0.323165 0.517900 0.000000 0.000000 0.000000 1.000000
0.976671 -0.175867 -0.123229 2.259800 -0.044552 0.395412 -0.917423 9.108300 0.210071 0.901510 0.378352 0.517900 0.000000 0.000000 0.000000 1.000000
0.980213 -0.138275 -0.141644 2.259800 -0.043428 0.547907 -0.835411 9.108300 0.193124 0.825032 0.531061 0.517900 0.000000 0.000000 0.000000 1.000000
0.983177 -0.091864 -0.157875 2.259800 -0.048344 0.702631 -0.709911 9.108300 0.176143 0.705600 0.686369 0.517900 0.000000 0.000000 0.000000 1.000000
0.984150 -0.038708 -0.173061 2.259800 -0.071103 0.807884 -0.585036 9.108300 0.162459 0.588068 0.792327 0.517900 0.000000 0.000000 0.000000 1.000000
0.982073 0.022858 -0.187108 2.259800 -0.109470 0.877238 -0.467408 9.108300 0.153454 0.479512 0.864014 0.517900 0.000000 0.000000 0.000000 1.000000
0.976666 0.094006 -0.193098 2.259800 -0.155882 0.928771 -0.336280 9.108300 0.147732 0.358534 0.921753 0.517900 0.000000 0.000000 0.000000 1.000000
0.968603 0.165308 -0.185693 2.259800 -0.201574 0.959379 -0.197381 9.108300 0.145521 0.228615 0.962579 0.517900 0.000000 0.000000 0.000000 1.000000
0.961540 0.215456 -0.170353 2.259800 -0.232554 0.968637 -0.087532 9.108300 0.146151 0.123782 0.981488 0.517900 0.000000 0.000000 0.000000 1.000000
0.960391 0.228966 -0.158820 2.259800 -0.236735 0.971060 -0.031597 9.108300 0.146989 0.067944 0.986802 0.517900 0.000000 0.000000 0.000000 1.000000
0.964503 0.212999 -0.156096 2.259800 -0.218391 0.975695 -0.018040 9.108300 0.148459 0.051490 0.987577 0.517900 0.000000 0.000000 0.000000 1.000000
0.968978 0.189815 -0.158278 2.259800 -0.195292 0.980548 -0.019653 9.108300 0.151469 0.049954 0.987199 0.517900 0.000000 0.000000 0.000000 1.000000
0.970766 0.179038 -0.159873 2.259800 -0.184498 0.982632 -0.019862 9.108300 0.153540 0.048778 0.986938 0.517900 0.000000 0.000000 0.000000 1.000000
0.969758 0.184697 -0.159552 2.259800 -0.190170 0.981555 -0.019606 9.108300 0.152988 0.049355 0.986995 0.517900 0.000000 0.000000 0.000000 1.000000
0.967970 0.193509 -0.159961 2.259800 -0.200380 0.979323 -0.027844 9.108300 0.151265 0.059005 0.986731 0.517900 0.000000 0.000000 0.000000 1.000000
0.967766 0.191746 -0.163287 2.259800 -0.202026 0.978168 -0.048707 9.108300 0.150383 0.080125 0.985376 0.517900 0.000000 0.000000 0.000000 1.000000
0.968825 0.181097 -0.169060 2.259800 -0.196601 0.977227 -0.079848 9.108300 0.150750 0.110596 0.982366 0.517900 0.000000 0.000000 0.000000 1.000000
0.968821 0.175031 -0.175360 2.259800 -0.196803 0.973616 -0.115501 9.108300 0.150517 0.146411 0.977706 0.517900 0.000000 0.000000 0.000000 1.000000
0.967088 0.179757 -0.180078 2.259800 -0.206811 0.967611 -0.144771 9.108300 0.148222 0.177248 0.972940 0.517900 0.000000 0.000000 0.000000 1.000000
0.965738 0.184469 -0.182542 2.259800 -0.214327 0.963537 -0.160186 9.108300 0.146337 0.193821 0.970061 0.517900 0.000000 0.000000 0.000000 1.000000
0.966597 0.178354 -0.184063 2.259800 -0.209669 0.963292 -0.167650 9.108300 0.147405 0.200643 0.968511 0.517900 0.000000 0.000000 0.000000 1.000000
0.968917 0.162237 -0.186759 2.259800 -0.196753 0.962992 -0.184215 9.108300 0.149961 0.215234 0.964980 0.517900 0.000000 0.000000 0.000000 1.000000
0.971908 0.136491 -0.191744 2.259800 -0.179145 0.957385 -0.226543 9.108300 0.152652 0.254529 0.954941 0.517900 0.000000 0.000000 0.000000 1.000000
0.975317 0.100446 -0.196643 2.259800 -0.155175 0.945353 -0.286754 9.108300 0.157094 0.310190 0.937605 0.517900 0.000000 0.000000 0.000000 1.000000
0.978352 0.061679 -0.197542 2.259800 -0.126020 0.934723 -0.332282 9.108300 0.164152 0.349983 0.922261 0.517900 0.000000 0.000000 0.000000 1.000000
0.980431 0.031283 -0.194364 2.259800 -0.098596 0.932574 -0.347252 9.108300 0.170396 0.359620 0.917409 0.517900 0.000000 0.000000 0.000000 1.000000
0.981444 0.014372 -0.191207 2.259800 -0.082413 0.932000 -0.352964 9.108300 0.173132 0.362173 0.915891 0.517900 0.000000 0.000000 0.000000 1.000000
0.981271 0.012937 -0.192198 2.259800 -0.085251 0.923880 -0.373066 9.108300 0.172742 0.382464 0.907679 0.517900 0.000000 0.000000 0.000000 1.000000
0.979873 0.028123 -0.197629 2.259800 -0.106935 0.909942 -0.400714 9.108300 0.168562 0.413782 0.894635 0.517900 0.000000 0.000000 0.000000 1.000000
0.977483 0.052593 -0.204355 2.259800 -0.135563 0.898671 -0.417149 9.108300 0.161709 0.435459 0.885565 0.517900 0.000000 0.000000 0.000000 1.000000
0.974769 0.075865 -0.209930 2.259800 -0.159698 0.894107 -0.418413 9.108300 0.155957 0.441381 0.883663 0.517900 0.000000 0.000000 0.000000 1.000000
0.972815 0.088402 -0.214046 2.259800 -0.173286 0.891031 -0.419565 9.108300 0.153632 0.445251 0.882128 0.517900 0.000000 0.000000 0.000000 1.000000
0.973159 0.079264 -0.216053 2.259800 -0.168974 0.883451 -0.436991 9.108300 0.156234 0.461769 0.873132 0.517900 0.000000 0.000000 0.000000 1.000000
0.975261 0.049680 -0.215401 2.259800 -0.147459 0.872147 -0.466492 9.108300 0.164686 0.486714 0.857897 0.517900 0.000000 0.000000 0.000000 1.000000
0.976447 0.022223 -0.214612 2.259800 -0.126639 0.864351 -0.486682 9.108300 0.174684 0.502398 0.846807 0.517900 0.000000 0.000000 0.000000 1.000000
0.975922 0.022090 -0.216998 2.259800 -0.125266 0.871199 -0.474680 9.108300 0.178563 0.490433 0.852990 0.517900 0.000000 0.000000 0.000000 1.000000
0.973925 0.048960 -0.221525 2.259800 -0.140912 0.895799 -0.421530 9.108300 0.177803 0.441754 0.879340 0.517900 0.000000 0.000000 0.000000 1.000000
0.972079 0.070263 -0.223888 2.259800 -0.147031 0.925976 -0.347779 9.108300 0.182879 0.370987 0.910452 0.517900 0.000000 0.000000 0.000000 1.000000
0.972534 0.062299 -0.224267 2.259800 -0.126943 0.949572 -0.286704 9.108300 0.195096 0.307298 0.931400 0.517900 0.000000 0.000000 0.000000 1.000000
0.973045 0.043922 -0.226393 2.259800 -0.100650 0.964145 -0.245548 9.108300 0.207491 0.261716 0.942577 0.517900 0.000000 0.000000 0.000000 1.000000
0.971393 0.051436 -0.231839 2.259800 -0.102189 0.971789 -0.212562 9.108300 0.214366 0.230173 0.949246 0.517900 0.000000 0.000000 0.000000 1.000000
0.966853 0.090501 -0.238757 2.259800 -0.135982 0.973946 -0.181490 9.108300 0.216111 0.207940 0.953969 0.517900 0.000000 0.000000 0.000000 1.000000
0.960695 0.132686 -0.243845 2.259800 -0.170857 0.974915 -0.142649 9.108300 0.218800 0.178705 0.959266 0.517900 0.000000 0.000000 0.000000 1.000000
0.956724 0.155531 -0.245947 2.259800 -0.181578 0.979529 -0.086900 9.108300 0.227396 0.127798 0.965380 0.517900 0.000000 0.000000 0.000000 1.000000
0.955237 0.161662 -0.247764 2.259800 -0.173774 0.984397 -0.027672 9.108300 0.239425 0.069489 0.968425 0.517900 0.000000 0.000000 0.000000 1.000000
0.954023 0.161201 -0.252695 2.259800 -0.162965 0.986531 0.014078 9.108300 0.251561 0.027749 0.967444 0.517900 0.000000 0.000000 0.000000 1.000000
0.951847 0.163555 -0.259299 2.259800 -0.158165 0.986533 0.041667 9.108300 0.262622 0.001352 0.964898 0.517900 0.000000 0.000000 0.000000 1.000000
0.948272 0.177458 -0.263229 2.259800 -0.164409 0.983835 0.070983 9.108300 0.271570 -0.024034 0.962119 0.517900 0.000000 0.000000 0.000000 1.000000
0.943629 0.199455 -0.264163 2.259800 -0.177671 0.978559 0.104191 9.108300 0.279281 -0.051383 0.958834 0.517900 0.000000 0.000000 0.000000 1.000000
0.939209 0.218183 -0.265109 2.259800 -0.188189 0.972945 0.134024 9.108300 0.287178 -0.075986 0.954859 0.517900 0.000000 0.000000 0.000000 1.000000
0.935872 0.229462 -0.267379 2.259800 -0.192559 0.968603 0.157256 9.108300 0.295068 -0.095685 0.950673 0.517900 0.000000 0.000000 0.000000 1.000000
0.933265 0.236816 -0.270066 2.259800 -0.194111 0.965148 0.175531 9.108300 0.302222 -0.111394 0.946707 0.517900 0.000000 0.000000 0.000000 1.000000
0.930892 0.243316 -0.272464 2.259800 -0.195580 0.961944 0.190821 9.108300 0.308525 -0.124345 0.943054 0.517900 0.000000 0.000000 0.000000 1.000000
0.928767 0.248758 -0.274794 2.259800 -0.196634 0.959098 0.203632 9.108300 0.314209 -0.135093 0.939693 0.517900 0.000000 0.000000 0.000000 1.000000
0.927104 0.252214 -0.277248 2.259800 -0.196439 0.956953 0.213663 9.108300 0.319202 -0.143625 0.936740 0.517900 0.000000 0.000000 0.000000 1.000000
0.925988 0.253840 -0.279484 2.259800 -0.195358 0.955589 0.220648 9.108300 0.323082 -0.149718 0.934453 0.517900 0.000000 0.000000 0.000000 1.000000
0.925349 0.254435 -0.281056 2.259800 -0.194284 0.954852 0.224747 9.108300 0.325550 -0.153365 0.933004 0.517900 0.000000 0.000000 0.000000 1.000000
0.925092 0.254620 -0.281732 2.259800 -0.193798 0.954570 0.226357 9.108300 0.326568 -0.154802 0.932411 0.517900 0.000000 0.000000 0.000000 1.000000</float_array>
        <technique_common>
          <accessor source="#mixamorig_RightHandIndex1-Matrix-animation-output-transform-array" count="90" stride="16">
            <param type="float4x4"/>
          </accessor>
        </technique_common>
      </source>
      <source id="mixamorig_RightHandIndex1-Interpolations">
        <Name_array id="mixamorig_RightHandIndex1-Interpolations-array" count="90">
 LINEAR LINEAR LINEAR LINEAR LINEAR LINEAR LINEAR LINEAR LINEAR LINEAR LINEAR
LINEAR LINEAR LINEAR LINEAR LINEAR LINEAR LINEAR LINEAR LINEAR LINEAR LINEAR LINEAR
LINEAR LINEAR LINEAR LINEAR LINEAR LINEAR LINEAR LINEAR LINEAR LINEAR LINEAR LINEAR
LINEAR LINEAR LINEAR LINEAR LINEAR LINEAR LINEAR LINEAR LINEAR LINEAR LINEAR LINEAR
LINEAR LINEAR LINEAR LINEAR LINEAR LINEAR LINEAR LINEAR LINEAR LINEAR LINEAR LINEAR
LINEAR LINEAR LINEAR LINEAR LINEAR LINEAR LINEAR LINEAR LINEAR LINEAR LINEAR LINEAR
LINEAR LINEAR LINEAR LINEAR LINEAR LINEAR LINEAR LINEAR LINEAR LINEAR LINEAR LINEAR
LINEAR LINEAR LINEAR LINEAR LINEAR LINEAR LINEAR</Name_array>
        <technique_common>
          <accessor source="#mixamorig_RightHandIndex1-Interpolations-array" count="90">
            <param type="name"/>
          </accessor>
        </technique_common>
      </source>
      <sampler id="mixamorig_RightHandIndex1-Matrix-animation-transform">
        <input semantic="INPUT" source="#mixamorig_RightHandIndex1-Matrix-animation-input"/>
        <input semantic="OUTPUT" source="#mixamorig_RightHandIndex1-Matrix-animation-output-transform"/>
        <input semantic="INTERPOLATION" source="#mixamorig_RightHandIndex1-Interpolations"/>
      </sampler>
      <channel source="#mixamorig_RightHandIndex1-Matrix-animation-transform" target="mixamorig_RightHandIndex1/matrix"/>
    </animation>
    <animation id="mixamorig_RightHandIndex2-anim" name="mixamorig_RightHandIndex2">
      <source id="mixamorig_RightHandIndex2-Matrix-animation-input">
        <float_array id="mixamorig_RightHandIndex2-Matrix-animation-input-array" count="90">

0.000000 0.033333 0.066667 0.100000 0.133333 0.166667 0.200000 0.233333 0.266667 0.300000 0.333333 0.366667 0.400000 0.433333 0.466667 0.500000
0.533333 0.566667 0.600000 0.633333 0.666667 0.700000 0.733333 0.766667 0.800000 0.833333 0.866667 0.900000 0.933333 0.966667 1.000000 1.033333
1.066667 1.100000 1.133333 1.166667 1.200000 1.233333 1.266667 1.300000 1.333333 1.366667 1.400000 1.433333 1.466667 1.500000 1.533333 1.566667
1.600000 1.633333 1.666667 1.700000 1.733333 1.766667 1.800000 1.833333 1.866667 1.900000 1.933333 1.966667 2.000000 2.033333 2.066667 2.100000
2.133333 2.166667 2.200000 2.233333 2.266667 2.300000 2.333333 2.366667 2.400000 2.433333 2.466667 2.500000 2.533333 2.566667 2.600000 2.633333
2.666667 2.700000 2.733333 2.766667 2.800000 2.833333 2.866667 2.900000 2.933333 2.966667</float_array>
        <technique_common>
          <accessor source="#mixamorig_RightHandIndex2-Matrix-animation-input-array" count="90">
            <param name="TIME" type="float"/>
          </accessor>
        </technique_common>
      </source>
      <source id="mixamorig_RightHandIndex2-Matrix-animation-output-transform">
        <float_array id="mixamorig_RightHandIndex2-Matrix-animation-output-transform-array" count="1440">

0.999982 -0.004716 0.003713 0.000000 0.005634 0.950849 -0.309603 3.700000 -0.002070 0.309618 0.950859 -0.000000 0.000000 0.000000 0.000000 1.000000
0.999983 -0.004659 0.003522 -0.000000 0.005485 0.956222 -0.292591 3.700000 -0.002005 0.292605 0.956231 0.000000 0.000000 0.000000 0.000000 1.000000
0.999984 -0.004648 0.003153 -0.000000 0.005302 0.966348 -0.257182 3.700000 -0.001851 0.257195 0.966358 -0.000000 0.000000 0.000000 0.000000 1.000000
0.999986 -0.004627 0.002667 0.000000 0.005088 0.977183 -0.212338 3.700000 -0.001624 0.212348 0.977193 0.000000 0.000000 0.000000 0.000000 1.000000
0.999987 -0.004599 0.002186 0.000000 0.004906 0.985107 -0.171870 3.700000 -0.001363 0.171879 0.985117 -0.000000 0.000000 0.000000 0.000000 1.000000
0.999988 -0.004573 0.001813 0.000000 0.004790 0.989063 -0.147417 3.700000 -0.001119 0.147424 0.989073 -0.000000 0.000000 0.000000 0.000000 1.000000
0.999988 -0.004561 0.001558 0.000000 0.004735 0.990107 -0.140236 3.700000 -0.000903 0.140241 0.990117 0.000000 0.000000 0.000000 0.000000 1.000000
0.999989 -0.004559 0.001373 -0.000000 0.004709 0.989442 -0.144852 3.700000 -0.000698 0.144857 0.989452 0.000000 0.000000 0.000000 0.000000 1.000000
0.999989 -0.004559 0.001220 -0.000000 0.004694 0.987620 -0.156796 3.700000 -0.000490 0.156800 0.987630 0.000000 0.000000 0.000000 0.000000 1.000000
0.999989 -0.004562 0.001095 0.000000 0.004683 0.984647 -0.174496 3.700000 -0.000282 0.174500 0.984657 0.000000 0.000000 0.000000 0.000000 1.000000
0.999989 -0.004565 0.001001 0.000000 0.004672 0.980106 -0.198419 3.700000 -0.000076 0.198422 0.980117 0.000000 0.000000 0.000000 0.000000 1.000000
0.999989 -0.004567 0.000940 0.000000 0.004661 0.972616 -0.232371 3.700000 0.000147 0.232373 0.972627 0.000000 0.000000 0.000000 0.000000 1.000000
0.999989 -0.004561 0.000923 -0.000000 0.004636 0.959341 -0.282212 3.700000 0.000402 0.282213 0.959352 0.000000 0.000000 0.000000 0.000000 1.000000
0.999989 -0.004538 0.000958 0.000000 0.004588 0.937466 -0.348046 3.700000 0.000682 0.348047 0.937477 -0.000000 0.000000 0.000000 0.000000 1.000000
0.999989 -0.004491 0.001053 0.000000 0.004518 0.907756 -0.419474 3.700000 0.000928 0.419474 0.907767 0.000000 0.000000 0.000000 0.000000 1.000000
0.999989 -0.004430 0.001200 -0.000000 0.004460 0.876098 -0.482112 3.700000 0.001084 0.482112 0.876109 0.000000 0.000000 0.000000 0.000000 1.000000
0.999989 -0.004374 0.001370 0.000000 0.004438 0.849277 -0.527930 3.700000 0.001145 0.527930 0.849287 0.000000 0.000000 0.000000 0.000000 1.000000
0.999989 -0.004333 0.001522 -0.000000 0.004444 0.829518 -0.558462 3.700000 0.001158 0.558463 0.829528 0.000000 0.000000 0.000000 0.000000 1.000000
0.999989 -0.004301 0.001634 0.000000 0.004451 0.814312 -0.580410 3.700000 0.001165 0.580411 0.814323 0.000000 0.000000 0.000000 0.000000 1.000000
0.999989 -0.004268 0.001732 0.000000 0.004453 0.799711 -0.600369 3.700000 0.001178 0.600370 0.799722 0.000000 0.000000 0.000000 0.000000 1.000000
0.999989 -0.004237 0.001871 0.000000 0.004481 0.782947 -0.622073 3.700000 0.001171 0.622074 0.782957 0.000000 0.000000 0.000000 0.000000 1.000000
0.999989 -0.004212 0.002092 0.000000 0.004567 0.763891 -0.645329 3.700000 0.001120 0.645332 0.763902 0.000000 0.000000 0.000000 0.000000 1.000000
0.999988 -0.004195 0.002374 0.000000 0.004709 0.744892 -0.667168 3.700000 0.001030 0.667172 0.744903 0.000000 0.000000 0.000000 0.000000 1.000000
0.999988 -0.004176 0.002668 -0.000000 0.004869 0.728205 -0.685342 3.700000 0.000920 0.685347 0.728216 0.000000 0.000000 0.000000 0.000000 1.000000
0.999987 -0.004133 0.002956 -0.000000 0.005020 0.713719 -0.700414 3.700000 0.000786 0.700420 0.713731 0.000000 0.000000 0.000000 0.000000 1.000000
0.999986 -0.004062 0.003264 0.000000 0.005175 0.700588 -0.713547 3.700000 0.000612 0.713554 0.700600 0.000000 0.000000 0.000000 0.000000 1.000000
0.999986 -0.003980 0.003627 0.000000 0.005372 0.691436 -0.722417 3.700000 0.000368 0.722426 0.691448 -0.000000 0.000000 0.000000 0.000000 1.000000
0.999984 -0.003887 0.004093 0.000000 0.005644 0.691841 -0.722028 3.700000 -0.000025 0.722040 0.691851 0.000000 0.000000 0.000000 0.000000 1.000000
0.999982 -0.003737 0.004717 0.000000 0.005986 0.698546 -0.715540 3.700000 -0.000621 0.715555 0.698556 0.000000 0.000000 0.000000 0.000000 1.000000
0.999979 -0.003478 0.005501 0.000000 0.006381 0.689911 -0.723866 3.700000 -0.001277 0.723886 0.689919 0.000000 0.000000 0.000000 0.000000 1.000000
0.999975 -0.003125 0.006325 0.000000 0.006853 0.643082 -0.765767 3.700000 -0.001674 0.765791 0.643087 0.000000 0.000000 0.000000 0.000000 1.000000
0.999972 -0.002766 0.006983 0.000000 0.007316 0.569195 -0.822170 3.700000 -0.001701 0.822198 0.569199 0.000000 0.000000 0.000000 0.000000 1.000000
0.999970 -0.002583 0.007261 0.000000 0.007535 0.525490 -0.850766 3.700000 -0.001618 0.850796 0.525494 0.000000 0.000000 0.000000 0.000000 1.000000
0.999972 -0.002749 0.007013 -0.000000 0.007339 0.565139 -0.824963 3.700000 -0.001695 0.824991 0.565143 0.000000 0.000000 0.000000 0.000000 1.000000
0.999976 -0.003193 0.006219 0.000000 0.006749 0.672702 -0.739882 3.700000 -0.001821 0.739906 0.672708 0.000000 0.000000 0.000000 0.000000 1.000000
0.999980 -0.003668 0.005081 0.000000 0.006029 0.784340 -0.620302 3.700000 -0.001710 0.620320 0.784347 0.000000 0.000000 0.000000 0.000000 1.000000
0.999984 -0.004027 0.003861 0.000000 0.005421 0.864700 -0.502260 3.700000 -0.001316 0.502273 0.864708 0.000000 0.000000 0.000000 0.000000 1.000000
0.999988 -0.004251 0.002590 0.000000 0.004924 0.920867 -0.389845 3.700000 -0.000728 0.389853 0.920877 0.000000 0.000000 0.000000 0.000000 1.000000
0.999990 -0.004334 0.001201 0.000000 0.004497 0.963094 -0.269128 3.700000 0.000010 0.269130 0.963104 -0.000000 0.000000 0.000000 0.000000 1.000000
0.999991 -0.004279 -0.000174 0.000000 0.004206 0.989007 -0.147812 3.700000 0.000805 0.147810 0.989015 0.000000 0.000000 0.000000 0.000000 1.000000
0.999991 -0.004159 -0.001218 0.000000 0.004085 0.998449 -0.055527 3.700000 0.001447 0.055522 0.998456 0.000000 0.000000 0.000000 0.000000 1.000000
0.999990 -0.004064 -0.001743 0.000000 0.004047 0.999942 -0.010006 3.700000 0.001783 0.009999 0.999948 0.000000 0.000000 0.000000 0.000000 1.000000
0.999990 -0.004015 -0.001873 0.000000 0.004015 0.999992 -0.000000 3.700000 0.001873 -0.000007 0.999998 0.000000 0.000000 0.000000 0.000000 1.000000
0.999990 -0.003981 -0.001874 0.000000 0.003980 0.999992 -0.000710 3.700000 0.001877 0.000703 0.999998 0.000000 0.000000 0.000000 0.000000 1.000000
0.999990 -0.003954 -0.001892 0.000000 0.003953 0.999992 -0.000572 3.700000 0.001895 0.000565 0.999998 0.000000 0.000000 0.000000 0.000000 1.000000
0.999990 -0.003941 -0.001913 0.000000 0.003941 0.999992 -0.000259 3.700000 0.001914 0.000252 0.999998 0.000000 0.000000 0.000000 0.000000 1.000000
0.999990 -0.003958 -0.001855 0.000000 0.003947 0.999974 -0.005961 3.700000 0.001879 0.005954 0.999981 0.000000 0.000000 0.000000 0.000000 1.000000
0.999991 -0.004000 -0.001679 0.000000 0.003963 0.999767 -0.021214 3.700000 0.001763 0.021207 0.999774 0.000000 0.000000 0.000000 0.000000 1.000000
0.999991 -0.004036 -0.001409 -0.000000 0.003969 0.999009 -0.044321 3.700000 0.001587 0.044315 0.999016 0.000000 0.000000 0.000000 0.000000 1.000000
0.999991 -0.004047 -0.001104 -0.000000 0.003958 0.997457 -0.071161 3.700000 0.001389 0.071156 0.997464 0.000000 0.000000 0.000000 0.000000 1.000000
0.999991 -0.004044 -0.000854 0.000000 0.003946 0.995583 -0.093803 3.700000 0.001230 0.093799 0.995590 0.000000 0.000000 0.000000 0.000000 1.000000
0.999992 -0.004055 -0.000724 0.000000 0.003955 0.994319 -0.106364 3.700000 0.001151 0.106361 0.994327 0.000000 0.000000 0.000000 0.000000 1.000000
0.999991 -0.004082 -0.000685 0.000000 0.003978 0.993613 -0.112772 3.700000 0.001141 0.112769 0.993621 0.000000 0.000000 0.000000 0.000000 1.000000
0.999991 -0.004106 -0.000624 0.000000 0.003995 0.992074 -0.125592 3.700000 0.001135 0.125588 0.992082 0.000000 0.000000 0.000000 0.000000 1.000000
0.999991 -0.004122 -0.000411 0.000000 0.004006 0.987578 -0.157076 3.700000 0.001053 0.157073 0.987586 0.000000 0.000000 0.000000 0.000000 1.000000
0.999991 -0.004143 -0.000052 0.000000 0.004047 0.979494 -0.201433 3.700000 0.000886 0.201431 0.979502 -0.000000 0.000000 0.000000 0.000000 1.000000
0.999991 -0.004175 0.000247 0.000000 0.004117 0.972020 -0.234862 3.700000 0.000741 0.234861 0.972029 0.000000 0.000000 0.000000 0.000000 1.000000
0.999991 -0.004221 0.000362 -0.000000 0.004180 0.969278 -0.245931 3.700000 0.000687 0.245931 0.969287 0.000000 0.000000 0.000000 0.000000 1.000000
0.999991 -0.004287 0.000447 -0.000000 0.004262 0.968057 -0.250695 3.700000 0.000642 0.250694 0.968066 0.000000 0.000000 0.000000 0.000000 1.000000
0.999990 -0.004392 0.000682 0.000000 0.004415 0.963789 -0.266629 3.700000 0.000514 0.266629 0.963799 0.000000 0.000000 0.000000 0.000000 1.000000
0.999989 -0.004521 0.001002 0.000000 0.004618 0.957399 -0.288732 3.700000 0.000346 0.288733 0.957409 0.000000 0.000000 0.000000 0.000000 1.000000
0.999988 -0.004644 0.001232 0.000000 0.004799 0.952937 -0.303131 3.700000 0.000233 0.303134 0.952948 0.000000 0.000000 0.000000 0.000000 1.000000
0.999988 -0.004719 0.001302 0.000000 0.004891 0.951633 -0.307199 3.700000 0.000210 0.307202 0.951644 0.000000 0.000000 0.000000 0.000000 1.000000
0.999988 -0.004718 0.001299 0.000000 0.004888 0.949744 -0.312988 3.700000 0.000243 0.312991 0.949756 0.000000 0.000000 0.000000 0.000000 1.000000
0.999988 -0.004656 0.001367 -0.000000 0.004845 0.942970 -0.332843 3.700000 0.000260 0.332845 0.942981 0.000000 0.000000 0.000000 0.000000 1.000000
0.999988 -0.004570 0.001539 0.000000 0.004816 0.931627 -0.363383 3.700000 0.000227 0.363386 0.931639 0.000000 0.000000 0.000000 0.000000 1.000000
0.999988 -0.004502 0.001736 -0.000000 0.004823 0.921148 -0.389182 3.700000 0.000153 0.389186 0.921159 0.000000 0.000000 0.000000 0.000000 1.000000
0.999988 -0.004502 0.001860 0.000000 0.004870 0.919121 -0.393945 3.700000 0.000064 0.393949 0.919132 0.000000 0.000000 0.000000 0.000000 1.000000
0.999988 -0.004596 0.001894 -0.000000 0.004971 0.928409 -0.371526 3.700000 -0.000050 0.371531 0.928420 0.000000 0.000000 0.000000 0.000000 1.000000
0.999987 -0.004728 0.001929 0.000000 0.005102 0.941706 -0.336400 3.700000 -0.000226 0.336405 0.941717 0.000000 0.000000 0.000000 0.000000 1.000000
0.999987 -0.004793 0.002004 -0.000000 0.005179 0.950229 -0.311508 3.700000 -0.000411 0.311514 0.950241 0.000000 0.000000 0.000000 0.000000 1.000000
0.999987 -0.004767 0.002028 0.000000 0.005157 0.953199 -0.302300 3.700000 -0.000492 0.302306 0.953211 0.000000 0.000000 0.000000 0.000000 1.000000
0.999987 -0.004713 0.002010 -0.000000 0.005100 0.953429 -0.301576 3.700000 -0.000495 0.301582 0.953440 0.000000 0.000000 0.000000 0.000000 1.000000
0.999987 -0.004702 0.002113 0.000000 0.005122 0.952309 -0.305091 3.700000 -0.000578 0.305098 0.952321 -0.000000 0.000000 0.000000 0.000000 1.000000
0.999986 -0.004743 0.002343 0.000000 0.005231 0.952551 -0.304333 3.700000 -0.000788 0.304341 0.952563 0.000000 0.000000 0.000000 0.000000 1.000000
0.999985 -0.004802 0.002547 -0.000000 0.005335 0.956678 -0.291099 3.700000 -0.001039 0.291109 0.956689 0.000000 0.000000 0.000000 0.000000 1.000000
0.999985 -0.004843 0.002702 0.000000 0.005399 0.961556 -0.274556 3.700000 -0.001269 0.274566 0.961567 -0.000000 0.000000 0.000000 0.000000 1.000000
0.999984 -0.004851 0.002886 -0.000000 0.005449 0.962960 -0.269591 3.700000 -0.001472 0.269602 0.962971 0.000000 0.000000 0.000000 0.000000 1.000000
0.999984 -0.004834 0.003070 -0.000000 0.005490 0.961675 -0.274137 3.700000 -0.001627 0.274150 0.961686 0.000000 0.000000 0.000000 0.000000 1.000000
0.999983 -0.004812 0.003175 0.000000 0.005505 0.960666 -0.277652 3.700000 -0.001714 0.277665 0.960676 -0.000000 0.000000 0.000000 0.000000 1.000000
0.999983 -0.004801 0.003217 0.000000 0.005507 0.960429 -0.278469 3.700000 -0.001753 0.278482 0.960440 0.000000 0.000000 0.000000 0.000000 1.000000
0.999983 -0.004801 0.003255 0.000000 0.005521 0.959841 -0.280490 3.700000 -0.001778 0.280503 0.959851 -0.000000 0.000000 0.000000 0.000000 1.000000
0.999983 -0.004803 0.003309 -0.000000 0.005546 0.958613 -0.284659 3.700000 -0.001805 0.284672 0.958623 0.000000 0.000000 0.000000 0.000000 1.000000
0.999983 -0.004805 0.003368 -0.000000 0.005574 0.957231 -0.289271 3.700000 -0.001834 0.289285 0.957241 0.000000 0.000000 0.000000 0.000000 1.000000
0.999983 -0.004806 0.003424 0.000000 0.005600 0.955952 -0.293471 3.700000 -0.001863 0.293485 0.955962 0.000000 0.000000 0.000000 0.000000 1.000000
0.999982 -0.004809 0.003480 0.000000 0.005627 0.954653 -0.297669 3.700000 -0.001891 0.297683 0.954663 -0.000000 0.000000 0.000000 0.000000 1.000000
0.999982 -0.004811 0.003537 0.000000 0.005655 0.953290 -0.302005 3.700000 -0.001918 0.302020 0.953300 0.000000 0.000000 0.000000 0.000000 1.000000
0.999982 -0.004814 0.003585 0.000000 0.005679 0.952067 -0.305838 3.700000 -0.001941 0.305853 0.952077 -0.000000 0.000000 0.000000 0.000000 1.000000
0.999982 -0.004815 0.003617 0.000000 0.005696 0.951216 -0.308474 3.700000 -0.001955 0.308489 0.951226 0.000000 0.000000 0.000000 0.000000 1.000000
0.999982 -0.004716 0.003713 0.000000 0.005634 0.950849 -0.309603 3.700000 -0.002071 0.309618 0.950859 -0.000000 0.000000 0.000000 0.000000 1.000000</float_array>
        <technique_common>
          <accessor source="#mixamorig_RightHandIndex2-Matrix-animation-output-transform-array" count="90" stride="16">
            <param type="float4x4"/>
          </accessor>
        </technique_common>
      </source>
      <source id="mixamorig_RightHandIndex2-Interpolations">
        <Name_array id="mixamorig_RightHandIndex2-Interpolations-array" count="90">
 LINEAR LINEAR LINEAR LINEAR LINEAR LINEAR LINEAR LINEAR LINEAR LINEAR LINEAR
LINEAR LINEAR LINEAR LINEAR LINEAR LINEAR LINEAR LINEAR LINEAR LINEAR LINEAR LINEAR
LINEAR LINEAR LINEAR LINEAR LINEAR LINEAR LINEAR LINEAR LINEAR LINEAR LINEAR LINEAR
LINEAR LINEAR LINEAR LINEAR LINEAR LINEAR LINEAR LINEAR LINEAR LINEAR LINEAR LINEAR
LINEAR LINEAR LINEAR LINEAR LINEAR LINEAR LINEAR LINEAR LINEAR LINEAR LINEAR LINEAR
LINEAR LINEAR LINEAR LINEAR LINEAR LINEAR LINEAR LINEAR LINEAR LINEAR LINEAR LINEAR
LINEAR LINEAR LINEAR LINEAR LINEAR LINEAR LINEAR LINEAR LINEAR LINEAR LINEAR LINEAR
LINEAR LINEAR LINEAR LINEAR LINEAR LINEAR LINEAR</Name_array>
        <technique_common>
          <accessor source="#mixamorig_RightHandIndex2-Interpolations-array" count="90">
            <param type="name"/>
          </accessor>
        </technique_common>
      </source>
      <sampler id="mixamorig_RightHandIndex2-Matrix-animation-transform">
        <input semantic="INPUT" source="#mixamorig_RightHandIndex2-Matrix-animation-input"/>
        <input semantic="OUTPUT" source="#mixamorig_RightHandIndex2-Matrix-animation-output-transform"/>
        <input semantic="INTERPOLATION" source="#mixamorig_RightHandIndex2-Interpolations"/>
      </sampler>
      <channel source="#mixamorig_RightHandIndex2-Matrix-animation-transform" target="mixamorig_RightHandIndex2/matrix"/>
    </animation>
    <animation id="mixamorig_RightHandIndex3-anim" name="mixamorig_RightHandIndex3">
      <source id="mixamorig_RightHandIndex3-Matrix-animation-input">
        <float_array id="mixamorig_RightHandIndex3-Matrix-animation-input-array" count="90">

0.000000 0.033333 0.066667 0.100000 0.133333 0.166667 0.200000 0.233333 0.266667 0.300000 0.333333 0.366667 0.400000 0.433333 0.466667 0.500000
0.533333 0.566667 0.600000 0.633333 0.666667 0.700000 0.733333 0.766667 0.800000 0.833333 0.866667 0.900000 0.933333 0.966667 1.000000 1.033333
1.066667 1.100000 1.133333 1.166667 1.200000 1.233333 1.266667 1.300000 1.333333 1.366667 1.400000 1.433333 1.466667 1.500000 1.533333 1.566667
1.600000 1.633333 1.666667 1.700000 1.733333 1.766667 1.800000 1.833333 1.866667 1.900000 1.933333 1.966667 2.000000 2.033333 2.066667 2.100000
2.133333 2.166667 2.200000 2.233333 2.266667 2.300000 2.333333 2.366667 2.400000 2.433333 2.466667 2.500000 2.533333 2.566667 2.600000 2.633333
2.666667 2.700000 2.733333 2.766667 2.800000 2.833333 2.866667 2.900000 2.933333 2.966667</float_array>
        <technique_common>
          <accessor source="#mixamorig_RightHandIndex3-Matrix-animation-input-array" count="90">
            <param name="TIME" type="float"/>
          </accessor>
        </technique_common>
      </source>
      <source id="mixamorig_RightHandIndex3-Matrix-animation-output-transform">
        <float_array id="mixamorig_RightHandIndex3-Matrix-animation-output-transform-array" count="1440">

0.999986 -0.003978 0.003417 0.000000 0.005004 0.918734 -0.394844 2.850000 -0.001569 0.394856 0.918742 0.000000 0.000000 0.000000 0.000000 1.000000
0.999986 -0.004091 0.003269 0.000000 0.005023 0.925751 -0.378101 2.850000 -0.001480 0.378112 0.925759 0.000000 0.000000 0.000000 0.000000 1.000000
0.999987 -0.004147 0.002940 0.000000 0.004904 0.939375 -0.342856 2.850000 -0.001340 0.342866 0.939383 -0.000000 0.000000 0.000000 0.000000 1.000000
0.999988 -0.004206 0.002497 -0.000000 0.004758 0.954794 -0.297231 2.850000 -0.001134 0.297240 0.954802 0.000000 0.000000 0.000000 0.000000 1.000000
0.999989 -0.004244 0.002037 0.000000 0.004623 0.967114 -0.254301 2.850000 -0.000891 0.254307 0.967123 -0.000000 0.000000 0.000000 0.000000 1.000000
0.999990 -0.004240 0.001648 0.000000 0.004503 0.974177 -0.225743 2.850000 -0.000649 0.225748 0.974186 0.000000 0.000000 0.000000 0.000000 1.000000
0.999990 -0.004187 0.001345 -0.000000 0.004378 0.976907 -0.213620 2.850000 -0.000420 0.213623 0.976916 -0.000000 0.000000 0.000000 0.000000 1.000000
0.999991 -0.004092 0.001089 -0.000000 0.004230 0.977033 -0.213046 2.850000 -0.000192 0.213049 0.977041 0.000000 0.000000 0.000000 0.000000 1.000000
0.999992 -0.003976 0.000845 -0.000000 0.004065 0.975718 -0.218991 2.850000 0.000046 0.218992 0.975727 0.000000 0.000000 0.000000 0.000000 1.000000
0.999992 -0.003865 0.000602 0.000000 0.003900 0.973605 -0.228205 2.850000 0.000296 0.228205 0.973613 -0.000000 0.000000 0.000000 0.000000 1.000000
0.999993 -0.003785 0.000354 -0.000000 0.003759 0.970855 -0.239639 2.850000 0.000563 0.239638 0.970862 -0.000000 0.000000 0.000000 0.000000 1.000000
0.999993 -0.003754 0.000096 -0.000000 0.003652 0.966195 -0.257786 2.850000 0.000875 0.257785 0.966202 0.000000 0.000000 0.000000 0.000000 1.000000
0.999993 -0.003772 -0.000170 -0.000000 0.003558 0.956432 -0.291932 2.850000 0.001263 0.291930 0.956439 0.000000 0.000000 0.000000 0.000000 1.000000
0.999993 -0.003817 -0.000425 0.000000 0.003434 0.938382 -0.345583 2.850000 0.001718 0.345579 0.938388 -0.000000 0.000000 0.000000 0.000000 1.000000
0.999992 -0.003861 -0.000644 0.000000 0.003260 0.912603 -0.408833 2.850000 0.002167 0.408828 0.912609 -0.000000 0.000000 0.000000 0.000000 1.000000
0.999992 -0.003895 -0.000803 0.000000 0.003072 0.884907 -0.465757 2.850000 0.002524 0.465751 0.884912 -0.000000 0.000000 0.000000 0.000000 1.000000
0.999992 -0.003921 -0.000891 -0.000000 0.002928 0.861799 -0.507241 2.850000 0.002757 0.507234 0.861804 0.000000 0.000000 0.000000 0.000000 1.000000
0.999992 -0.003948 -0.000922 0.000000 0.002843 0.844936 -0.534860 2.850000 0.002891 0.534853 0.844940 -0.000000 0.000000 0.000000 0.000000 1.000000
0.999992 -0.003977 -0.000917 0.000000 0.002798 0.831624 -0.555333 2.850000 0.002971 0.555326 0.831628 0.000000 0.000000 0.000000 0.000000 1.000000
0.999992 -0.004009 -0.000881 -0.000000 0.002775 0.818445 -0.574578 2.850000 0.003024 0.574571 0.818449 0.000000 0.000000 0.000000 0.000000 1.000000
0.999991 -0.004052 -0.000786 -0.000000 0.002787 0.803272 -0.595606 2.850000 0.003045 0.595599 0.803276 0.000000 0.000000 0.000000 0.000000 1.000000
0.999991 -0.004112 -0.000602 -0.000000 0.002860 0.786052 -0.618154 2.850000 0.003015 0.618147 0.786057 0.000000 0.000000 0.000000 0.000000 1.000000
0.999991 -0.004175 -0.000346 -0.000000 0.002988 0.768668 -0.639641 2.850000 0.002936 0.639634 0.768674 0.000000 0.000000 0.000000 0.000000 1.000000
0.999991 -0.004214 -0.000061 0.000000 0.003133 0.752977 -0.658040 2.850000 0.002818 0.658034 0.752983 0.000000 0.000000 0.000000 0.000000 1.000000
0.999991 -0.004206 0.000240 0.000000 0.003269 0.738890 -0.673818 2.850000 0.002657 0.673813 0.738897 0.000000 0.000000 0.000000 0.000000 1.000000
0.999991 -0.004162 0.000588 0.000000 0.003425 0.725709 -0.687993 2.850000 0.002436 0.687989 0.725717 0.000000 0.000000 0.000000 0.000000 1.000000
0.999991 -0.004092 0.001038 0.000000 0.003654 0.715793 -0.698303 2.850000 0.002115 0.698301 0.715801 0.000000 0.000000 0.000000 0.000000 1.000000
0.999991 -0.003965 0.001668 -0.000000 0.003998 0.714005 -0.700130 2.850000 0.001585 0.700130 0.714014 0.000000 0.000000 0.000000 0.000000 1.000000
0.999990 -0.003728 0.002536 -0.000000 0.004441 0.717168 -0.696886 2.850000 0.000780 0.696890 0.717177 0.000000 0.000000 0.000000 0.000000 1.000000
0.999988 -0.003429 0.003537 0.000000 0.004925 0.705663 -0.708531 2.850000 -0.000066 0.708540 0.705671 0.000000 0.000000 0.000000 0.000000 1.000000
0.999985 -0.003186 0.004408 0.000000 0.005415 0.659041 -0.752087 2.850000 -0.000508 0.752100 0.659049 0.000000 0.000000 0.000000 0.000000 1.000000
0.999983 -0.003053 0.004953 0.000000 0.005802 0.588280 -0.808636 2.850000 -0.000445 0.808651 0.588288 -0.000000 0.000000 0.000000 0.000000 1.000000
0.999982 -0.003006 0.005138 0.000000 0.005945 0.547025 -0.837095 2.850000 -0.000294 0.837111 0.547033 0.000000 0.000000 0.000000 0.000000 1.000000
0.999983 -0.003038 0.004959 0.000000 0.005799 0.584805 -0.811153 2.850000 -0.000436 0.811169 0.584812 0.000000 0.000000 0.000000 0.000000 1.000000
0.999985 -0.003132 0.004396 0.000000 0.005346 0.686716 -0.726906 2.850000 -0.000742 0.726919 0.686723 0.000000 0.000000 0.000000 0.000000 1.000000
0.999989 -0.003248 0.003517 0.000000 0.004718 0.792881 -0.609359 2.850000 -0.000810 0.609368 0.792887 -0.000000 0.000000 0.000000 0.000000 1.000000
0.999991 -0.003357 0.002457 0.000000 0.004132 0.870603 -0.491968 2.850000 -0.000488 0.491974 0.870610 0.000000 0.000000 0.000000 0.000000 1.000000
0.999993 -0.003417 0.001256 0.000000 0.003638 0.926520 -0.376228 2.850000 0.000122 0.376230 0.926526 0.000000 0.000000 0.000000 0.000000 1.000000
0.999994 -0.003350 -0.000073 0.000000 0.003228 0.968791 -0.247858 2.850000 0.000901 0.247856 0.968796 -0.000000 0.000000 0.000000 0.000000 1.000000
0.999994 -0.003132 -0.001369 0.000000 0.002952 0.993225 -0.116166 2.850000 0.001724 0.116161 0.993229 0.000000 0.000000 0.000000 0.000000 1.000000
0.999993 -0.002836 -0.002375 -0.000000 0.002805 0.999914 -0.012778 2.850000 0.002411 0.012771 0.999916 0.000000 0.000000 0.000000 0.000000 1.000000
0.999992 -0.002586 -0.002947 0.000000 0.002711 0.999070 0.043025 2.850000 0.002833 -0.043033 0.999070 0.000000 0.000000 0.000000 0.000000 1.000000
0.999992 -0.002460 -0.003170 -0.000000 0.002650 0.998123 0.061178 2.850000 0.003014 -0.061186 0.998122 0.000000 0.000000 0.000000 0.000000 1.000000
0.999992 -0.002441 -0.003242 0.000000 0.002642 0.997972 0.063596 2.850000 0.003080 -0.063604 0.997970 -0.000000 0.000000 0.000000 0.000000 1.000000
0.999992 -0.002467 -0.003292 0.000000 0.002672 0.997956 0.063852 2.850000 0.003128 -0.063860 0.997954 0.000000 0.000000 0.000000 0.000000 1.000000
0.999991 -0.002513 -0.003332 0.000000 0.002716 0.998037 0.062562 2.850000 0.003168 -0.062570 0.998036 0.000000 0.000000 0.000000 0.000000 1.000000
0.999991 -0.002596 -0.003318 0.000000 0.002773 0.998511 0.054488 2.850000 0.003172 -0.054497 0.998509 0.000000 0.000000 0.000000 0.000000 1.000000
0.999991 -0.002720 -0.003227 0.000000 0.002838 0.999302 0.037255 2.850000 0.003123 -0.037264 0.999301 0.000000 0.000000 0.000000 0.000000 1.000000
0.999991 -0.002844 -0.003069 -0.000000 0.002882 0.999918 0.012467 2.850000 0.003034 -0.012476 0.999918 0.000000 0.000000 0.000000 0.000000 1.000000
0.999992 -0.002941 -0.002874 0.000000 0.002894 0.999863 -0.016296 2.850000 0.002922 0.016287 0.999863 -0.000000 0.000000 0.000000 0.000000 1.000000
0.999992 -0.003019 -0.002696 0.000000 0.002904 0.999127 -0.041675 2.850000 0.002820 0.041667 0.999128 0.000000 0.000000 0.000000 0.000000 1.000000
0.999992 -0.003103 -0.002580 -0.000000 0.002949 0.998325 -0.057776 2.850000 0.002755 0.057768 0.998326 0.000000 0.000000 0.000000 0.000000 1.000000
0.999992 -0.003202 -0.002495 0.000000 0.003025 0.997679 -0.068022 2.850000 0.002707 0.068014 0.997681 0.000000 0.000000 0.000000 0.000000 1.000000
0.999992 -0.003290 -0.002356 0.000000 0.003079 0.996431 -0.084352 2.850000 0.002625 0.084344 0.996433 0.000000 0.000000 0.000000 0.000000 1.000000
0.999992 -0.003336 -0.002082 0.000000 0.003065 0.992953 -0.118472 2.850000 0.002462 0.118464 0.992955 0.000000 0.000000 0.000000 0.000000 1.000000
0.999993 -0.003342 -0.001721 0.000000 0.003012 0.986314 -0.164850 2.850000 0.002248 0.164844 0.986317 0.000000 0.000000 0.000000 0.000000 1.000000
0.999993 -0.003332 -0.001434 0.000000 0.002976 0.979631 -0.200783 2.850000 0.002074 0.200778 0.979635 0.000000 0.000000 0.000000 0.000000 1.000000
0.999994 -0.003345 -0.001277 0.000000 0.002992 0.976535 -0.215339 2.850000 0.001967 0.215334 0.976539 0.000000 0.000000 0.000000 0.000000 1.000000
0.999994 -0.003410 -0.001103 0.000000 0.003077 0.974636 -0.223774 2.850000 0.001838 0.223769 0.974640 -0.000000 0.000000 0.000000 0.000000 1.000000
0.999993 -0.003543 -0.000801 0.000000 0.003243 0.970116 -0.242620 2.850000 0.001637 0.242616 0.970121 0.000000 0.000000 0.000000 0.000000 1.000000
0.999993 -0.003712 -0.000473 0.000000 0.003451 0.963694 -0.266989 2.850000 0.001447 0.266985 0.963700 0.000000 0.000000 0.000000 0.000000 1.000000
0.999993 -0.003861 -0.000274 0.000000 0.003625 0.958918 -0.283661 2.850000 0.001357 0.283658 0.958925 0.000000 0.000000 0.000000 0.000000 1.000000
0.999992 -0.003936 -0.000218 0.000000 0.003703 0.956936 -0.290276 2.850000 0.001351 0.290273 0.956943 0.000000 0.000000 0.000000 0.000000 1.000000
0.999992 -0.003919 -0.000188 0.000000 0.003684 0.954436 -0.298393 2.850000 0.001349 0.298390 0.954443 0.000000 0.000000 0.000000 0.000000 1.000000
0.999993 -0.003844 -0.000083 0.000000 0.003615 0.947517 -0.319686 2.850000 0.001308 0.319683 0.947524 0.000000 0.000000 0.000000 0.000000 1.000000
0.999993 -0.003753 0.000068 -0.000000 0.003538 0.936354 -0.351038 2.850000 0.001254 0.351036 0.936361 -0.000000 0.000000 0.000000 0.000000 1.000000
0.999993 -0.003677 0.000198 0.000000 0.003478 0.925730 -0.378168 2.850000 0.001207 0.378167 0.925737 0.000000 0.000000 0.000000 0.000000 1.000000
0.999993 -0.003651 0.000307 -0.000000 0.003487 0.922541 -0.385884 2.850000 0.001125 0.385882 0.922547 -0.000000 0.000000 0.000000 0.000000 1.000000
0.999993 -0.003699 0.000457 0.000000 0.003607 0.929664 -0.368391 2.850000 0.000938 0.368390 0.929671 -0.000000 0.000000 0.000000 0.000000 1.000000
0.999993 -0.003781 0.000679 -0.000000 0.003787 0.940661 -0.339327 2.850000 0.000644 0.339327 0.940668 0.000000 0.000000 0.000000 0.000000 1.000000
0.999992 -0.003815 0.000893 -0.000000 0.003900 0.947313 -0.320286 2.850000 0.000376 0.320287 0.947321 -0.000000 0.000000 0.000000 0.000000 1.000000
0.999992 -0.003776 0.000976 0.000000 0.003891 0.948634 -0.316351 2.850000 0.000269 0.316352 0.948642 0.000000 0.000000 0.000000 0.000000 1.000000
0.999993 -0.003716 0.000989 0.000000 0.003837 0.947162 -0.320734 2.850000 0.000256 0.320735 0.947169 0.000000 0.000000 0.000000 0.000000 1.000000
0.999992 -0.003708 0.001130 -0.000000 0.003873 0.944190 -0.329378 2.850000 0.000155 0.329380 0.944197 0.000000 0.000000 0.000000 0.000000 1.000000
0.999992 -0.003769 0.001432 -0.000000 0.004031 0.942519 -0.334128 2.850000 -0.000090 0.334131 0.942526 0.000000 0.000000 0.000000 0.000000 1.000000
0.999991 -0.003867 0.001756 0.000000 0.004229 0.944953 -0.327180 2.850000 -0.000394 0.327185 0.944960 0.000000 0.000000 0.000000 0.000000 1.000000
0.999990 -0.003947 0.002042 -0.000000 0.004391 0.948378 -0.317112 2.850000 -0.000685 0.317118 0.948386 0.000000 0.000000 0.000000 0.000000 1.000000
0.999989 -0.003976 0.002317 0.000000 0.004507 0.948139 -0.317824 2.850000 -0.000933 0.317831 0.948147 0.000000 0.000000 0.000000 0.000000 1.000000
0.999989 -0.003972 0.002544 0.000000 0.004586 0.944910 -0.327297 2.850000 -0.001104 0.327305 0.944918 -0.000000 0.000000 0.000000 0.000000 1.000000
0.999989 -0.003976 0.002675 0.000000 0.004643 0.941966 -0.335677 2.850000 -0.001185 0.335686 0.941973 0.000000 0.000000 0.000000 0.000000 1.000000
0.999988 -0.004002 0.002754 0.000000 0.004702 0.939893 -0.341436 2.850000 -0.001222 0.341445 0.939901 -0.000000 0.000000 0.000000 0.000000 1.000000
0.999988 -0.004036 0.002842 0.000000 0.004773 0.937449 -0.348091 2.850000 -0.001259 0.348100 0.937457 0.000000 0.000000 0.000000 0.000000 1.000000
0.999987 -0.004065 0.002945 0.000000 0.004847 0.934368 -0.356276 2.850000 -0.001304 0.356286 0.934376 0.000000 0.000000 0.000000 0.000000 1.000000
0.999987 -0.004084 0.003038 -0.000000 0.004910 0.931291 -0.364242 2.850000 -0.001342 0.364252 0.931299 0.000000 0.000000 0.000000 0.000000 1.000000
0.999987 -0.004097 0.003113 -0.000000 0.004960 0.928509 -0.371278 2.850000 -0.001369 0.371289 0.928517 0.000000 0.000000 0.000000 0.000000 1.000000
0.999987 -0.004106 0.003177 -0.000000 0.005002 0.925819 -0.377933 2.850000 -0.001389 0.377944 0.925827 0.000000 0.000000 0.000000 0.000000 1.000000
0.999986 -0.004112 0.003235 0.000000 0.005039 0.923178 -0.384339 2.850000 -0.001406 0.384350 0.923187 0.000000 0.000000 0.000000 0.000000 1.000000
0.999986 -0.004115 0.003282 0.000000 0.005068 0.920917 -0.389725 2.850000 -0.001419 0.389736 0.920926 -0.000000 0.000000 0.000000 0.000000 1.000000
0.999986 -0.004116 0.003312 0.000000 0.005087 0.919385 -0.393325 2.850000 -0.001426 0.393336 0.919394 0.000000 0.000000 0.000000 0.000000 1.000000
0.999986 -0.003979 0.003417 -0.000000 0.005005 0.918734 -0.394845 2.850000 -0.001569 0.394856 0.918742 0.000000 0.000000 0.000000 0.000000 1.000000</float_array>
        <technique_common>
          <accessor source="#mixamorig_RightHandIndex3-Matrix-animation-output-transform-array" count="90" stride="16">
            <param type="float4x4"/>
          </accessor>
        </technique_common>
      </source>
      <source id="mixamorig_RightHandIndex3-Interpolations">
        <Name_array id="mixamorig_RightHandIndex3-Interpolations-array" count="90">
 LINEAR LINEAR LINEAR LINEAR LINEAR LINEAR LINEAR LINEAR LINEAR LINEAR LINEAR
LINEAR LINEAR LINEAR LINEAR LINEAR LINEAR LINEAR LINEAR LINEAR LINEAR LINEAR LINEAR
LINEAR LINEAR LINEAR LINEAR LINEAR LINEAR LINEAR LINEAR LINEAR LINEAR LINEAR LINEAR
LINEAR LINEAR LINEAR LINEAR LINEAR LINEAR LINEAR LINEAR LINEAR LINEAR LINEAR LINEAR
LINEAR LINEAR LINEAR LINEAR LINEAR LINEAR LINEAR LINEAR LINEAR LINEAR LINEAR LINEAR
LINEAR LINEAR LINEAR LINEAR LINEAR LINEAR LINEAR LINEAR LINEAR LINEAR LINEAR LINEAR
LINEAR LINEAR LINEAR LINEAR LINEAR LINEAR LINEAR LINEAR LINEAR LINEAR LINEAR LINEAR
LINEAR LINEAR LINEAR LINEAR LINEAR LINEAR LINEAR</Name_array>
        <technique_common>
          <accessor source="#mixamorig_RightHandIndex3-Interpolations-array" count="90">
            <param type="name"/>
          </accessor>
        </technique_common>
      </source>
      <sampler id="mixamorig_RightHandIndex3-Matrix-animation-transform">
        <input semantic="INPUT" source="#mixamorig_RightHandIndex3-Matrix-animation-input"/>
        <input semantic="OUTPUT" source="#mixamorig_RightHandIndex3-Matrix-animation-output-transform"/>
        <input semantic="INTERPOLATION" source="#mixamorig_RightHandIndex3-Interpolations"/>
      </sampler>
      <channel source="#mixamorig_RightHandIndex3-Matrix-animation-transform" target="mixamorig_RightHandIndex3/matrix"/>
    </animation>
    <animation id="mixamorig_RightHandMiddle1-anim" name="mixamorig_RightHandMiddle1">
      <source id="mixamorig_RightHandMiddle1-Matrix-animation-input">
        <float_array id="mixamorig_RightHandMiddle1-Matrix-animation-input-array" count="90">

0.000000 0.033333 0.066667 0.100000 0.133333 0.166667 0.200000 0.233333 0.266667 0.300000 0.333333 0.366667 0.400000 0.433333 0.466667 0.500000
0.533333 0.566667 0.600000 0.633333 0.666667 0.700000 0.733333 0.766667 0.800000 0.833333 0.866667 0.900000 0.933333 0.966667 1.000000 1.033333
1.066667 1.100000 1.133333 1.166667 1.200000 1.233333 1.266667 1.300000 1.333333 1.366667 1.400000 1.433333 1.466667 1.500000 1.533333 1.566667
1.600000 1.633333 1.666667 1.700000 1.733333 1.766667 1.800000 1.833333 1.866667 1.900000 1.933333 1.966667 2.000000 2.033333 2.066667 2.100000
2.133333 2.166667 2.200000 2.233333 2.266667 2.300000 2.333333 2.366667 2.400000 2.433333 2.466667 2.500000 2.533333 2.566667 2.600000 2.633333
2.666667 2.700000 2.733333 2.766667 2.800000 2.833333 2.866667 2.900000 2.933333 2.966667</float_array>
        <technique_common>
          <accessor source="#mixamorig_RightHandMiddle1-Matrix-animation-input-array" count="90">
            <param name="TIME" type="float"/>
          </accessor>
        </technique_common>
      </source>
      <source id="mixamorig_RightHandMiddle1-Matrix-animation-output-transform">
        <float_array id="mixamorig_RightHandMiddle1-Matrix-animation-output-transform-array" count="1440">

0.996256 0.048570 -0.071513 0.000000 -0.042521 0.995575 0.083806 9.532500 0.075267 -0.080451 0.993913 0.000000 0.000000 0.000000 0.000000 1.000000
0.996571 0.057967 -0.059039 -0.000000 -0.052276 0.994221 0.093763 9.532500 0.064133 -0.090355 0.993842 -0.000000 0.000000 0.000000 0.000000 1.000000
0.996454 0.077019 -0.033885 0.000000 -0.072851 0.991190 0.110608 9.532500 0.042105 -0.107747 0.993286 0.000000 0.000000 0.000000 0.000000 1.000000
0.994958 0.100237 -0.003462 0.000000 -0.099033 0.987291 0.124296 9.532500 0.015877 -0.123326 0.992239 -0.000000 0.000000 0.000000 0.000000 1.000000
0.992595 0.119607 0.021177 -0.000000 -0.121310 0.984995 0.122758 9.532500 -0.006177 -0.124418 0.992211 0.000000 0.000000 0.000000 0.000000 1.000000
0.991260 0.128362 0.030441 0.000000 -0.130746 0.986652 0.097075 9.532500 -0.017574 -0.100207 0.994811 0.000000 0.000000 0.000000 0.000000 1.000000
0.991860 0.125343 0.022445 0.000000 -0.126253 0.990969 0.045182 9.532500 -0.016579 -0.047648 0.998727 0.000000 0.000000 0.000000 0.000000 1.000000
0.993529 0.113566 0.001785 0.000000 -0.113466 0.993113 -0.029202 9.532500 -0.005089 0.028811 0.999572 0.000000 0.000000 0.000000 0.000000 1.000000
0.995016 0.096427 -0.025381 0.000000 -0.098783 0.987942 -0.119218 9.532500 0.013579 0.121131 0.992544 0.000000 0.000000 0.000000 0.000000 1.000000
0.995627 0.076350 -0.053826 0.000000 -0.086283 0.972433 -0.216632 9.532500 0.035803 0.220329 0.974768 0.000000 0.000000 0.000000 0.000000 1.000000
0.995295 0.054869 -0.079863 0.000000 -0.077382 0.946151 -0.314341 9.532500 0.058315 0.319042 0.945945 0.000000 0.000000 0.000000 0.000000 1.000000
0.994212 0.031650 -0.102669 0.000000 -0.071366 0.908885 -0.410895 9.532500 0.080309 0.415843 0.905883 0.000000 0.000000 0.000000 0.000000 1.000000
0.992264 0.004529 -0.124064 0.000000 -0.067692 0.857450 -0.510096 9.532500 0.104068 0.514548 0.851123 -0.000000 0.000000 0.000000 0.000000 1.000000
0.989136 -0.027195 -0.144466 0.000000 -0.067634 0.788362 -0.611482 9.532500 0.130521 0.614610 0.777958 -0.000000 0.000000 0.000000 0.000000 1.000000
0.985259 -0.060426 -0.160043 0.000000 -0.071147 0.706056 -0.704573 9.532500 0.155574 0.705573 0.691349 0.000000 0.000000 0.000000 0.000000 1.000000
0.981959 -0.091307 -0.165587 0.000000 -0.072883 0.625273 -0.776995 9.532500 0.174483 0.775046 0.607338 0.000000 0.000000 0.000000 0.000000 1.000000
0.979944 -0.119760 -0.159271 0.000000 -0.065421 0.561616 -0.824808 9.532500 0.188228 0.818685 0.542517 0.000000 0.000000 0.000000 0.000000 1.000000
0.978323 -0.148770 -0.144055 0.000000 -0.046462 0.520209 -0.852774 9.532500 0.201806 0.840982 0.502020 0.000000 0.000000 0.000000 0.000000 1.000000
0.975904 -0.178417 -0.125614 0.000000 -0.021453 0.494438 -0.868948 9.532500 0.217143 0.850705 0.478696 0.000000 0.000000 0.000000 0.000000 1.000000
0.973252 -0.201666 -0.110052 0.000000 -0.001450 0.473628 -0.880724 9.532500 0.229736 0.857326 0.460667 0.000000 0.000000 0.000000 0.000000 1.000000
0.972733 -0.208290 -0.102012 0.000000 0.003192 0.451820 -0.892103 9.532500 0.231908 0.867452 0.440165 0.000000 0.000000 0.000000 0.000000 1.000000
0.975229 -0.196375 -0.101806 -0.000000 -0.007343 0.431255 -0.902200 9.532500 0.221074 0.880600 0.419130 0.000000 0.000000 0.000000 0.000000 1.000000
0.978444 -0.178348 -0.104116 0.000000 -0.020481 0.417871 -0.908275 9.532500 0.205496 0.890829 0.405211 0.000000 0.000000 0.000000 0.000000 1.000000
0.980298 -0.168957 -0.102323 0.000000 -0.023691 0.413712 -0.910099 9.532500 0.196100 0.894592 0.401559 0.000000 0.000000 0.000000 0.000000 1.000000
0.980706 -0.170939 -0.094847 -0.000000 -0.015549 0.415430 -0.909492 9.532500 0.194870 0.893419 0.404757 0.000000 0.000000 0.000000 0.000000 1.000000
0.980536 -0.176178 -0.086669 -0.000000 -0.004683 0.420308 -0.907369 9.532500 0.196286 0.890114 0.411302 0.000000 0.000000 0.000000 0.000000 1.000000
0.980975 -0.174172 -0.085747 0.000000 -0.002134 0.431984 -0.901879 9.532500 0.194124 0.884903 0.423393 0.000000 0.000000 0.000000 0.000000 1.000000
0.982220 -0.162276 -0.094393 0.000000 -0.009941 0.457142 -0.889338 9.532500 0.187469 0.874464 0.447401 0.000000 0.000000 0.000000 0.000000 1.000000
0.983050 -0.153586 -0.100118 0.000000 -0.012639 0.488016 -0.872743 9.532500 0.182900 0.859216 0.477803 0.000000 0.000000 0.000000 0.000000 1.000000
0.982673 -0.164835 -0.084758 0.000000 0.007228 0.491019 -0.871119 9.532500 0.185209 0.855412 0.483702 0.000000 0.000000 0.000000 0.000000 1.000000
0.980679 -0.188995 -0.050497 -0.000000 0.037591 0.435381 -0.899461 9.532500 0.191979 0.880184 0.434074 0.000000 0.000000 0.000000 0.000000 1.000000
0.979331 -0.201221 -0.020497 0.000000 0.051303 0.345154 -0.937143 9.532500 0.195647 0.916722 0.348343 0.000000 0.000000 0.000000 0.000000 1.000000
0.980965 -0.193667 -0.014156 0.000000 0.046617 0.305641 -0.951005 9.532500 0.188505 0.932243 0.308851 0.000000 0.000000 0.000000 0.000000 1.000000
0.983681 -0.176862 -0.033044 -0.000000 0.038005 0.383759 -0.922651 9.532500 0.175863 0.906338 0.384218 0.000000 0.000000 0.000000 0.000000 1.000000
0.985427 -0.158107 -0.062736 0.000000 0.034470 0.546781 -0.836566 9.532500 0.166569 0.822212 0.544263 -0.000000 0.000000 0.000000 0.000000 1.000000
0.986111 -0.141467 -0.087014 -0.000000 0.037844 0.701517 -0.711647 9.532500 0.161716 0.698470 0.697128 0.000000 0.000000 0.000000 0.000000 1.000000
0.986014 -0.131185 -0.102800 0.000000 0.045393 0.804868 -0.591715 9.532500 0.160365 0.578772 0.799566 0.000000 0.000000 0.000000 0.000000 1.000000
0.985515 -0.123651 -0.116062 0.000000 0.053215 0.875291 -0.480661 9.532500 0.161023 0.467522 0.869192 -0.000000 0.000000 0.000000 0.000000 1.000000
0.985659 -0.107946 -0.129705 0.000000 0.055188 0.932571 -0.356742 9.532500 0.159468 0.344468 0.925155 0.000000 0.000000 0.000000 0.000000 1.000000
0.987005 -0.077278 -0.140885 -0.000000 0.044521 0.973955 -0.222326 9.532500 0.154396 0.213164 0.964740 0.000000 0.000000 0.000000 0.000000 1.000000
0.988351 -0.040811 -0.146618 -0.000000 0.024850 0.993721 -0.109089 9.532500 0.150149 0.104175 0.983160 0.000000 0.000000 0.000000 0.000000 1.000000
0.988781 -0.018683 -0.148200 0.000000 0.012402 0.998990 -0.043191 9.532500 0.148857 0.040868 0.988014 0.000000 0.000000 0.000000 0.000000 1.000000
0.988648 -0.020041 -0.148906 -0.000000 0.017256 0.999652 -0.019972 9.532500 0.149255 0.017176 0.988650 -0.000000 0.000000 0.000000 0.000000 1.000000
0.987997 -0.035444 -0.150352 0.000000 0.033433 0.999315 -0.015882 9.532500 0.150812 0.010664 0.988505 0.000000 0.000000 0.000000 0.000000 1.000000
0.987179 -0.048758 -0.151986 -0.000000 0.047351 0.998795 -0.012867 9.532500 0.152431 0.005505 0.988299 0.000000 0.000000 0.000000 0.000000 1.000000
0.986985 -0.050871 -0.152556 -0.000000 0.050055 0.998704 -0.009184 9.532500 0.152825 0.001428 0.988252 -0.000000 0.000000 0.000000 0.000000 1.000000
0.987303 -0.046587 -0.151865 -0.000000 0.045062 0.998893 -0.013467 9.532500 0.152325 0.006452 0.988309 0.000000 0.000000 0.000000 0.000000 1.000000
0.987537 -0.045503 -0.150664 -0.000000 0.041231 0.998657 -0.031361 9.532500 0.151889 0.024758 0.988087 0.000000 0.000000 0.000000 0.000000 1.000000
0.987585 -0.048560 -0.149395 0.000000 0.039702 0.997304 -0.061711 9.532500 0.151989 0.055014 0.986850 0.000000 0.000000 0.000000 0.000000 1.000000
0.987914 -0.046511 -0.147859 0.000000 0.032023 0.994582 -0.098898 9.532500 0.151657 0.092968 0.984051 0.000000 0.000000 0.000000 0.000000 1.000000
0.988672 -0.033838 -0.146226 0.000000 0.014672 0.991378 -0.130212 9.532500 0.149371 0.126591 0.980644 0.000000 0.000000 0.000000 0.000000 1.000000
0.989210 -0.019002 -0.145266 -0.000000 -0.002379 0.989338 -0.145615 9.532500 0.146484 0.144389 0.978618 -0.000000 0.000000 0.000000 0.000000 1.000000
0.989351 -0.009549 -0.145237 0.000000 -0.012750 0.988324 -0.151835 9.532500 0.144991 0.152069 0.977677 0.000000 0.000000 0.000000 0.000000 1.000000
0.989328 -0.001951 -0.145693 -0.000000 -0.022950 0.985343 -0.169032 9.532500 0.143887 0.170572 0.974783 0.000000 0.000000 0.000000 0.000000 1.000000
0.989301 0.003008 -0.145856 -0.000000 -0.034653 0.976018 -0.214912 9.532500 0.141711 0.217667 0.965681 0.000000 0.000000 0.000000 0.000000 1.000000
0.989439 -0.001166 -0.144943 0.000000 -0.039886 0.959173 -0.279995 9.532500 0.139352 0.282819 0.948996 0.000000 0.000000 0.000000 0.000000 1.000000
0.989592 -0.012652 -0.143346 0.000000 -0.035620 0.943593 -0.329185 9.532500 0.139425 0.330865 0.933322 0.000000 0.000000 0.000000 0.000000 1.000000
0.989563 -0.023910 -0.142105 0.000000 -0.026967 0.937991 -0.345610 9.532500 0.141557 0.345835 0.927556 0.000000 0.000000 0.000000 0.000000 1.000000
0.989486 -0.030447 -0.141390 -0.000000 -0.021319 0.936207 -0.350801 9.532500 0.143052 0.350127 0.925715 0.000000 0.000000 0.000000 0.000000 1.000000
0.989495 -0.026384 -0.142142 0.000000 -0.028192 0.929115 -0.368716 9.532500 0.141794 0.368849 0.918610 0.000000 0.000000 0.000000 0.000000 1.000000
0.989307 -0.007736 -0.145642 -0.000000 -0.050868 0.917583 -0.394276 9.532500 0.136689 0.397469 0.907378 0.000000 0.000000 0.000000 0.000000 1.000000
0.988393 0.017414 -0.150914 0.000000 -0.078812 0.908045 -0.411392 9.532500 0.129873 0.418511 0.898878 0.000000 0.000000 0.000000 0.000000 1.000000
0.986963 0.039706 -0.155973 -0.000000 -0.102184 0.903310 -0.416641 9.532500 0.124348 0.427147 0.895591 0.000000 0.000000 0.000000 0.000000 1.000000
0.986036 0.051458 -0.158381 0.000000 -0.114463 0.900215 -0.420133 9.532500 0.120958 0.432396 0.893534 0.000000 0.000000 0.000000 0.000000 1.000000
0.987134 0.040110 -0.154783 0.000000 -0.104315 0.895195 -0.433295 9.532500 0.121181 0.443866 0.887861 -0.000000 0.000000 0.000000 0.000000 1.000000
0.989419 0.005297 -0.144991 0.000000 -0.071479 0.887439 -0.455350 9.532500 0.126258 0.460895 0.878427 -0.000000 0.000000 0.000000 0.000000 1.000000
0.990470 -0.027623 -0.134931 0.000000 -0.039548 0.881385 -0.470741 9.532500 0.131930 0.471591 0.871893 0.000000 0.000000 0.000000 0.000000 1.000000
0.990870 -0.031115 -0.131178 0.000000 -0.032545 0.889023 -0.456705 9.532500 0.130831 0.456804 0.879894 -0.000000 0.000000 0.000000 0.000000 1.000000
0.991061 -0.007775 -0.133185 0.000000 -0.046737 0.914804 -0.401184 9.532500 0.124957 0.403822 0.906263 0.000000 0.000000 0.000000 0.000000 1.000000
0.990973 0.007701 -0.133838 0.000000 -0.051118 0.944629 -0.324135 9.532500 0.123931 0.328051 0.936495 0.000000 0.000000 0.000000 0.000000 1.000000
0.991502 -0.010655 -0.129657 0.000000 -0.024219 0.964100 -0.264434 9.532500 0.127820 0.265327 0.955648 -0.000000 0.000000 0.000000 0.000000 1.000000
0.991184 -0.046961 -0.123894 0.000000 0.016688 0.971881 -0.234881 9.532500 0.131441 0.230742 0.964096 0.000000 0.000000 0.000000 0.000000 1.000000
0.990853 -0.061709 -0.120012 -0.000000 0.034120 0.974988 -0.219624 9.532500 0.130563 0.213520 0.968175 0.000000 0.000000 0.000000 0.000000 1.000000
0.992286 -0.038766 -0.117756 0.000000 0.014033 0.978870 -0.204000 9.532500 0.123176 0.200774 0.971863 0.000000 0.000000 0.000000 0.000000 1.000000
0.993335 -0.001274 -0.115252 0.000000 -0.019463 0.983725 -0.178625 9.532500 0.113604 0.179678 0.977144 0.000000 0.000000 0.000000 0.000000 1.000000
0.993520 0.020797 -0.111735 -0.000000 -0.036414 0.989537 -0.139607 9.532500 0.107662 0.142771 0.983883 0.000000 0.000000 0.000000 0.000000 1.000000
0.993911 0.022503 -0.107861 0.000000 -0.033121 0.994666 -0.097686 9.532500 0.105087 0.100664 0.989355 0.000000 0.000000 0.000000 0.000000 1.000000
0.994409 0.015291 -0.104485 0.000000 -0.022555 0.997382 -0.068698 9.532500 0.103161 0.070671 0.992151 0.000000 0.000000 0.000000 0.000000 1.000000
0.994796 0.012154 -0.101156 0.000000 -0.017561 0.998454 -0.052736 9.532500 0.100358 0.054238 0.993472 0.000000 0.000000 0.000000 0.000000 1.000000
0.995089 0.021307 -0.096668 0.000000 -0.025104 0.998953 -0.038234 9.532500 0.095752 0.040472 0.994582 0.000000 0.000000 0.000000 0.000000 1.000000
0.995151 0.036380 -0.091382 0.000000 -0.038288 0.999082 -0.019208 9.532500 0.090600 0.022614 0.995631 0.000000 0.000000 0.000000 0.000000 1.000000
0.995202 0.045206 -0.086769 0.000000 -0.045193 0.998976 0.002121 9.532500 0.086776 0.001811 0.996226 0.000000 0.000000 0.000000 0.000000 1.000000
0.995455 0.046061 -0.083357 -0.000000 -0.044398 0.998778 0.021696 9.532500 0.084254 -0.017896 0.996284 0.000000 0.000000 0.000000 0.000000 1.000000
0.995716 0.045247 -0.080639 0.000000 -0.042323 0.998396 0.037607 9.532500 0.082211 -0.034034 0.996034 0.000000 0.000000 0.000000 0.000000 1.000000
0.995861 0.046427 -0.078139 0.000000 -0.042565 0.997822 0.050392 9.532500 0.080309 -0.046858 0.995668 0.000000 0.000000 0.000000 0.000000 1.000000
0.995946 0.048353 -0.075855 -0.000000 -0.043745 0.997162 0.061277 9.532500 0.078603 -0.057711 0.995234 0.000000 0.000000 0.000000 0.000000 1.000000
0.996044 0.049223 -0.073984 0.000000 -0.044006 0.996536 0.070564 9.532500 0.077201 -0.067029 0.994760 -0.000000 0.000000 0.000000 0.000000 1.000000
0.996151 0.049054 -0.072648 -0.000000 -0.043386 0.996037 0.077640 9.532500 0.076169 -0.074189 0.994331 0.000000 0.000000 0.000000 0.000000 1.000000
0.996228 0.048672 -0.071841 0.000000 -0.042730 0.995712 0.082044 9.532500 0.075527 -0.078664 0.994036 0.000000 0.000000 0.000000 0.000000 1.000000
0.996256 0.048570 -0.071513 -0.000000 -0.042521 0.995575 0.083806 9.532500 0.075267 -0.080451 0.993913 -0.000000 0.000000 0.000000 0.000000 1.000000</float_array>
        <technique_common>
          <accessor source="#mixamorig_RightHandMiddle1-Matrix-animation-output-transform-array" count="90" stride="16">
            <param type="float4x4"/>
          </accessor>
        </technique_common>
      </source>
      <source id="mixamorig_RightHandMiddle1-Interpolations">
        <Name_array id="mixamorig_RightHandMiddle1-Interpolations-array" count="90">
 LINEAR LINEAR LINEAR LINEAR LINEAR LINEAR LINEAR LINEAR LINEAR LINEAR LINEAR
LINEAR LINEAR LINEAR LINEAR LINEAR LINEAR LINEAR LINEAR LINEAR LINEAR LINEAR LINEAR
LINEAR LINEAR LINEAR LINEAR LINEAR LINEAR LINEAR LINEAR LINEAR LINEAR LINEAR LINEAR
LINEAR LINEAR LINEAR LINEAR LINEAR LINEAR LINEAR LINEAR LINEAR LINEAR LINEAR LINEAR
LINEAR LINEAR LINEAR LINEAR LINEAR LINEAR LINEAR LINEAR LINEAR LINEAR LINEAR LINEAR
LINEAR LINEAR LINEAR LINEAR LINEAR LINEAR LINEAR LINEAR LINEAR LINEAR LINEAR LINEAR
LINEAR LINEAR LINEAR LINEAR LINEAR LINEAR LINEAR LINEAR LINEAR LINEAR LINEAR LINEAR
LINEAR LINEAR LINEAR LINEAR LINEAR LINEAR LINEAR</Name_array>
        <technique_common>
          <accessor source="#mixamorig_RightHandMiddle1-Interpolations-array" count="90">
            <param type="name"/>
          </accessor>
        </technique_common>
      </source>
      <sampler id="mixamorig_RightHandMiddle1-Matrix-animation-transform">
        <input semantic="INPUT" source="#mixamorig_RightHandMiddle1-Matrix-animation-input"/>
        <input semantic="OUTPUT" source="#mixamorig_RightHandMiddle1-Matrix-animation-output-transform"/>
        <input semantic="INTERPOLATION" source="#mixamorig_RightHandMiddle1-Interpolations"/>
      </sampler>
      <channel source="#mixamorig_RightHandMiddle1-Matrix-animation-transform" target="mixamorig_RightHandMiddle1/matrix"/>
    </animation>
    <animation id="mixamorig_RightHandMiddle2-anim" name="mixamorig_RightHandMiddle2">
      <source id="mixamorig_RightHandMiddle2-Matrix-animation-input">
        <float_array id="mixamorig_RightHandMiddle2-Matrix-animation-input-array" count="90">

0.000000 0.033333 0.066667 0.100000 0.133333 0.166667 0.200000 0.233333 0.266667 0.300000 0.333333 0.366667 0.400000 0.433333 0.466667 0.500000
0.533333 0.566667 0.600000 0.633333 0.666667 0.700000 0.733333 0.766667 0.800000 0.833333 0.866667 0.900000 0.933333 0.966667 1.000000 1.033333
1.066667 1.100000 1.133333 1.166667 1.200000 1.233333 1.266667 1.300000 1.333333 1.366667 1.400000 1.433333 1.466667 1.500000 1.533333 1.566667
1.600000 1.633333 1.666667 1.700000 1.733333 1.766667 1.800000 1.833333 1.866667 1.900000 1.933333 1.966667 2.000000 2.033333 2.066667 2.100000
2.133333 2.166667 2.200000 2.233333 2.266667 2.300000 2.333333 2.366667 2.400000 2.433333 2.466667 2.500000 2.533333 2.566667 2.600000 2.633333
2.666667 2.700000 2.733333 2.766667 2.800000 2.833333 2.866667 2.900000 2.933333 2.966667</float_array>
        <technique_common>
          <accessor source="#mixamorig_RightHandMiddle2-Matrix-animation-input-array" count="90">
            <param name="TIME" type="float"/>
          </accessor>
        </technique_common>
      </source>
      <source id="mixamorig_RightHandMiddle2-Matrix-animation-output-transform">
        <float_array id="mixamorig_RightHandMiddle2-Matrix-animation-output-transform-array" count="1440">

0.999949 -0.009939 -0.001793 0.000000 0.008053 0.891845 -0.452270 3.700000 0.006094 0.452232 0.891880 0.000000 0.000000 0.000000 0.000000 1.000000
0.999950 -0.009868 -0.001803 0.000000 0.008068 0.897883 -0.440161 3.700000 0.005963 0.440124 0.897917 0.000000 0.000000 0.000000 0.000000 1.000000
0.999950 -0.009802 -0.001892 0.000000 0.008131 0.909650 -0.415296 3.700000 0.005792 0.415260 0.909685 -0.000000 0.000000 0.000000 0.000000 1.000000
0.999951 -0.009719 -0.001965 0.000000 0.008217 0.923114 -0.384439 3.700000 0.005550 0.384404 0.923148 0.000000 0.000000 0.000000 0.000000 1.000000
0.999951 -0.009657 -0.001946 0.000000 0.008319 0.933638 -0.358122 3.700000 0.005275 0.358089 0.933673 -0.000000 0.000000 0.000000 0.000000 1.000000
0.999952 -0.009660 -0.001777 -0.000000 0.008451 0.938335 -0.345625 3.700000 0.005006 0.345593 0.938371 0.000000 0.000000 0.000000 0.000000 1.000000
0.999951 -0.009745 -0.001442 0.000000 0.008631 0.937250 -0.348552 3.700000 0.004748 0.348522 0.937288 -0.000000 0.000000 0.000000 0.000000 1.000000
0.999951 -0.009888 -0.000967 -0.000000 0.008864 0.931853 -0.362727 3.700000 0.004488 0.362700 0.931895 0.000000 0.000000 0.000000 0.000000 1.000000
0.999949 -0.010069 -0.000397 -0.000000 0.009146 0.923420 -0.383681 3.700000 0.004230 0.383658 0.923465 0.000000 0.000000 0.000000 0.000000 1.000000
0.999947 -0.010263 0.000222 -0.000000 0.009458 0.912679 -0.408568 3.700000 0.003990 0.408548 0.912728 -0.000000 0.000000 0.000000 0.000000 1.000000
0.999945 -0.010459 0.000856 0.000000 0.009786 0.899909 -0.435968 3.700000 0.003789 0.435952 0.899962 0.000000 0.000000 0.000000 0.000000 1.000000
0.999942 -0.010656 0.001515 0.000000 0.010130 0.884169 -0.467056 3.700000 0.003638 0.467045 0.884226 0.000000 0.000000 0.000000 0.000000 1.000000
0.999938 -0.010861 0.002252 -0.000000 0.010511 0.862997 -0.505100 3.700000 0.003543 0.505093 0.863058 0.000000 0.000000 0.000000 0.000000 1.000000
0.999934 -0.011065 0.003076 -0.000000 0.010931 0.834815 -0.550423 3.700000 0.003523 0.550420 0.834881 -0.000000 0.000000 0.000000 0.000000 1.000000
0.999929 -0.011238 0.003893 0.000000 0.011339 0.802093 -0.597092 3.700000 0.003588 0.597094 0.802164 -0.000000 0.000000 0.000000 0.000000 1.000000
0.999925 -0.011359 0.004558 0.000000 0.011662 0.771062 -0.636654 3.700000 0.003717 0.636659 0.771136 0.000000 0.000000 0.000000 0.000000 1.000000
0.999922 -0.011430 0.004992 0.000000 0.011860 0.747450 -0.664212 3.700000 0.003861 0.664220 0.747527 -0.000000 0.000000 0.000000 0.000000 1.000000
0.999921 -0.011465 0.005233 0.000000 0.011962 0.732557 -0.680601 3.700000 0.003970 0.680609 0.732636 0.000000 0.000000 0.000000 0.000000 1.000000
0.999920 -0.011481 0.005382 0.000000 0.012022 0.723400 -0.690324 3.700000 0.004032 0.690334 0.723480 0.000000 0.000000 0.000000 0.000000 1.000000
0.999919 -0.011492 0.005519 0.000000 0.012078 0.715403 -0.698608 3.700000 0.004080 0.698618 0.715483 0.000000 0.000000 0.000000 0.000000 1.000000
0.999918 -0.011507 0.005648 0.000000 0.012119 0.705097 -0.709007 3.700000 0.004176 0.709017 0.705179 0.000000 0.000000 0.000000 0.000000 1.000000
0.999917 -0.011526 0.005724 0.000000 0.012111 0.692405 -0.721408 3.700000 0.004352 0.721417 0.692487 -0.000000 0.000000 0.000000 0.000000 1.000000
0.999917 -0.011546 0.005721 0.000000 0.012051 0.680698 -0.732465 3.700000 0.004563 0.732473 0.680781 -0.000000 0.000000 0.000000 0.000000 1.000000
0.999917 -0.011566 0.005658 -0.000000 0.011970 0.673080 -0.739473 3.700000 0.004745 0.739480 0.673162 0.000000 0.000000 0.000000 0.000000 1.000000
0.999917 -0.011589 0.005561 0.000000 0.011887 0.669001 -0.743166 3.700000 0.004892 0.743171 0.669084 0.000000 0.000000 0.000000 0.000000 1.000000
0.999918 -0.011605 0.005420 0.000000 0.011775 0.666225 -0.745658 3.700000 0.005042 0.745660 0.666307 0.000000 0.000000 0.000000 0.000000 1.000000
0.999919 -0.011620 0.005187 0.000000 0.011603 0.665229 -0.746549 3.700000 0.005224 0.746549 0.665310 0.000000 0.000000 0.000000 0.000000 1.000000
0.999921 -0.011659 0.004792 0.000000 0.011357 0.668315 -0.743792 3.700000 0.005469 0.743787 0.668394 0.000000 0.000000 0.000000 0.000000 1.000000
0.999922 -0.011766 0.004276 0.000000 0.011061 0.670392 -0.741924 3.700000 0.005863 0.741913 0.670470 -0.000000 0.000000 0.000000 0.000000 1.000000
0.999921 -0.011932 0.003921 -0.000000 0.010766 0.653579 -0.756782 3.700000 0.006467 0.756764 0.653656 0.000000 0.000000 0.000000 0.000000 1.000000
0.999919 -0.012064 0.004022 0.000000 0.010482 0.602825 -0.797805 3.700000 0.007200 0.797782 0.602903 -0.000000 0.000000 0.000000 0.000000 1.000000
0.999917 -0.012064 0.004429 0.000000 0.010199 0.535212 -0.844656 3.700000 0.007819 0.844631 0.535291 0.000000 0.000000 0.000000 0.000000 1.000000
0.999917 -0.012031 0.004607 0.000000 0.010063 0.506097 -0.862418 3.700000 0.008044 0.862392 0.506176 -0.000000 0.000000 0.000000 0.000000 1.000000
0.999918 -0.012105 0.004183 0.000000 0.010241 0.559593 -0.828704 3.700000 0.007691 0.828679 0.559671 0.000000 0.000000 0.000000 0.000000 1.000000
0.999921 -0.012135 0.003258 0.000000 0.010578 0.673128 -0.739451 3.700000 0.006780 0.739427 0.673203 0.000000 0.000000 0.000000 0.000000 1.000000
0.999926 -0.011925 0.002306 0.000000 0.010783 0.784133 -0.620499 3.700000 0.005591 0.620478 0.784204 0.000000 0.000000 0.000000 0.000000 1.000000
0.999932 -0.011563 0.001676 0.000000 0.010822 0.862437 -0.506048 3.700000 0.004406 0.506032 0.862504 -0.000000 0.000000 0.000000 0.000000 1.000000
0.999937 -0.011161 0.001315 0.000000 0.010763 0.917407 -0.397804 3.700000 0.003234 0.397793 0.917470 0.000000 0.000000 0.000000 0.000000 1.000000
0.999942 -0.010692 0.001063 0.000000 0.010558 0.959490 -0.281546 3.700000 0.001990 0.281541 0.959547 0.000000 0.000000 0.000000 0.000000 1.000000
0.999948 -0.010169 0.000900 0.000000 0.010179 0.986451 -0.163738 3.700000 0.000777 0.163739 0.986503 -0.000000 0.000000 0.000000 0.000000 1.000000
0.999952 -0.009736 0.000843 -0.000000 0.009771 0.997442 -0.070806 3.700000 -0.000152 0.070811 0.997490 0.000000 0.000000 0.000000 0.000000 1.000000
0.999954 -0.009521 0.000852 0.000000 0.009536 0.999758 -0.019813 3.700000 -0.000663 0.019821 0.999803 0.000000 0.000000 0.000000 0.000000 1.000000
0.999955 -0.009470 0.000862 -0.000000 0.009472 0.999951 -0.002951 3.700000 -0.000834 0.002959 0.999995 0.000000 0.000000 0.000000 0.000000 1.000000
0.999955 -0.009459 0.000858 -0.000000 0.009459 0.999955 -0.000883 3.700000 -0.000849 0.000891 0.999999 0.000000 0.000000 0.000000 0.000000 1.000000
0.999955 -0.009436 0.000852 -0.000000 0.009436 0.999955 -0.000543 3.700000 -0.000847 0.000551 0.999999 0.000000 0.000000 0.000000 0.000000 1.000000
0.999955 -0.009420 0.000858 0.000000 0.009420 0.999956 -0.000000 3.700000 -0.000858 0.000008 1.000000 0.000000 0.000000 0.000000 0.000000 1.000000
0.999955 -0.009420 0.000851 0.000000 0.009421 0.999953 -0.002136 3.700000 -0.000831 0.002144 0.999997 0.000000 0.000000 0.000000 0.000000 1.000000
0.999955 -0.009435 0.000833 0.000000 0.009445 0.999873 -0.012839 3.700000 -0.000712 0.012847 0.999917 -0.000000 0.000000 0.000000 0.000000 1.000000
0.999955 -0.009457 0.000818 0.000000 0.009479 0.999399 -0.033354 3.700000 -0.000502 0.033361 0.999443 0.000000 0.000000 0.000000 0.000000 1.000000
0.999955 -0.009488 0.000824 0.000000 0.009520 0.998138 -0.060245 3.700000 -0.000251 0.060250 0.998183 -0.000000 0.000000 0.000000 0.000000 1.000000
0.999954 -0.009527 0.000850 -0.000000 0.009565 0.996471 -0.083391 3.700000 -0.000052 0.083396 0.996517 0.000000 0.000000 0.000000 0.000000 1.000000
0.999954 -0.009574 0.000876 0.000000 0.009614 0.995431 -0.095003 3.700000 0.000038 0.095007 0.995477 0.000000 0.000000 0.000000 0.000000 1.000000
0.999953 -0.009625 0.000904 0.000000 0.009667 0.994939 -0.100018 3.700000 0.000063 0.100022 0.994985 0.000000 0.000000 0.000000 0.000000 1.000000
0.999952 -0.009724 0.000981 0.000000 0.009773 0.993549 -0.112984 3.700000 0.000124 0.112988 0.993596 0.000000 0.000000 0.000000 0.000000 1.000000
0.999950 -0.009935 0.001160 -0.000000 0.009998 0.989147 -0.146589 3.700000 0.000309 0.146593 0.989197 0.000000 0.000000 0.000000 0.000000 1.000000
0.999947 -0.010224 0.001412 -0.000000 0.010303 0.980899 -0.194246 3.700000 0.000601 0.194250 0.980952 0.000000 0.000000 0.000000 0.000000 1.000000
0.999944 -0.010461 0.001631 0.000000 0.010556 0.972961 -0.230729 3.700000 0.000827 0.230733 0.973017 0.000000 0.000000 0.000000 0.000000 1.000000
0.999943 -0.010565 0.001750 -0.000000 0.010673 0.969845 -0.243488 3.700000 0.000876 0.243493 0.969902 0.000000 0.000000 0.000000 0.000000 1.000000
0.999943 -0.010540 0.001803 0.000000 0.010658 0.968683 -0.248074 3.700000 0.000869 0.248079 0.968739 0.000000 0.000000 0.000000 0.000000 1.000000
0.999944 -0.010440 0.001840 0.000000 0.010557 0.965043 -0.261880 3.700000 0.000959 0.261885 0.965099 0.000000 0.000000 0.000000 0.000000 1.000000
0.999945 -0.010320 0.001871 0.000000 0.010430 0.959592 -0.281203 3.700000 0.001107 0.281207 0.959647 0.000000 0.000000 0.000000 0.000000 1.000000
0.999946 -0.010222 0.001887 0.000000 0.010324 0.955546 -0.294662 3.700000 0.001209 0.294666 0.955600 0.000000 0.000000 0.000000 0.000000 1.000000
0.999946 -0.010178 0.001886 0.000000 0.010274 0.953653 -0.300732 3.700000 0.001262 0.300735 0.953707 0.000000 0.000000 0.000000 0.000000 1.000000
0.999946 -0.010213 0.001877 -0.000000 0.010295 0.951310 -0.308063 3.700000 0.001361 0.308065 0.951364 0.000000 0.000000 0.000000 0.000000 1.000000
0.999945 -0.010339 0.001872 0.000000 0.010385 0.945511 -0.325424 3.700000 0.001595 0.325425 0.945566 0.000000 0.000000 0.000000 0.000000 1.000000
0.999943 -0.010526 0.001884 0.000000 0.010515 0.935849 -0.352245 3.700000 0.001945 0.352245 0.935906 -0.000000 0.000000 0.000000 0.000000 1.000000
0.999941 -0.010700 0.001881 0.000000 0.010619 0.926097 -0.377136 3.700000 0.002293 0.377134 0.926156 0.000000 0.000000 0.000000 0.000000 1.000000
0.999941 -0.010756 0.001739 0.000000 0.010602 0.923763 -0.382817 3.700000 0.002511 0.382813 0.923823 0.000000 0.000000 0.000000 0.000000 1.000000
0.999943 -0.010634 0.001360 -0.000000 0.010409 0.932608 -0.360741 3.700000 0.002568 0.360735 0.932665 -0.000000 0.000000 0.000000 0.000000 1.000000
0.999946 -0.010405 0.000834 0.000000 0.010107 0.945192 -0.326358 3.700000 0.002607 0.326348 0.945246 -0.000000 0.000000 0.000000 0.000000 1.000000
0.999947 -0.010241 0.000379 0.000000 0.009862 0.951558 -0.307311 3.700000 0.002787 0.307299 0.951609 0.000000 0.000000 0.000000 0.000000 1.000000
0.999948 -0.010221 0.000106 0.000000 0.009745 0.950127 -0.311712 3.700000 0.003085 0.311697 0.950177 -0.000000 0.000000 0.000000 0.000000 1.000000
0.999947 -0.010264 -0.000049 0.000000 0.009683 0.944977 -0.326992 3.700000 0.003403 0.326975 0.945027 0.000000 0.000000 0.000000 0.000000 1.000000
0.999947 -0.010281 -0.000187 -0.000000 0.009597 0.939653 -0.341995 3.700000 0.003692 0.341975 0.939702 0.000000 0.000000 0.000000 0.000000 1.000000
0.999948 -0.010230 -0.000324 0.000000 0.009467 0.936488 -0.350573 3.700000 0.003889 0.350552 0.936535 0.000000 0.000000 0.000000 0.000000 1.000000
0.999949 -0.010105 -0.000453 0.000000 0.009304 0.936423 -0.350749 3.700000 0.003969 0.350727 0.936469 0.000000 0.000000 0.000000 0.000000 1.000000
0.999950 -0.009963 -0.000596 0.000000 0.009125 0.936791 -0.349769 3.700000 0.004043 0.349746 0.936836 0.000000 0.000000 0.000000 0.000000 1.000000
0.999951 -0.009893 -0.000769 0.000000 0.008964 0.933879 -0.357476 3.700000 0.004255 0.357452 0.933922 0.000000 0.000000 0.000000 0.000000 1.000000
0.999950 -0.009912 -0.000974 -0.000000 0.008834 0.927801 -0.372972 3.700000 0.004601 0.372945 0.927842 0.000000 0.000000 0.000000 0.000000 1.000000
0.999950 -0.009949 -0.001191 0.000000 0.008707 0.921581 -0.388089 3.700000 0.004958 0.388059 0.921621 -0.000000 0.000000 0.000000 0.000000 1.000000
0.999950 -0.009933 -0.001392 0.000000 0.008552 0.916815 -0.399220 3.700000 0.005241 0.399188 0.916854 0.000000 0.000000 0.000000 0.000000 1.000000
0.999950 -0.009869 -0.001563 -0.000000 0.008373 0.912922 -0.408048 3.700000 0.005454 0.408015 0.912959 0.000000 0.000000 0.000000 0.000000 1.000000
0.999951 -0.009801 -0.001701 -0.000000 0.008203 0.909192 -0.416297 3.700000 0.005627 0.416263 0.909227 -0.000000 0.000000 0.000000 0.000000 1.000000
0.999951 -0.009760 -0.001803 0.000000 0.008074 0.905595 -0.424066 3.700000 0.005772 0.424031 0.905630 -0.000000 0.000000 0.000000 0.000000 1.000000
0.999951 -0.009751 -0.001869 0.000000 0.007992 0.902248 -0.431143 3.700000 0.005891 0.431107 0.902281 0.000000 0.000000 0.000000 0.000000 1.000000
0.999951 -0.009764 -0.001904 -0.000000 0.007946 0.899124 -0.437622 3.700000 0.005985 0.437586 0.899157 0.000000 0.000000 0.000000 0.000000 1.000000
0.999950 -0.009786 -0.001915 0.000000 0.007922 0.896284 -0.443410 3.700000 0.006056 0.443373 0.896317 0.000000 0.000000 0.000000 0.000000 1.000000
0.999950 -0.009809 -0.001913 -0.000000 0.007912 0.893991 -0.448015 3.700000 0.006105 0.447978 0.894024 -0.000000 0.000000 0.000000 0.000000 1.000000
0.999950 -0.009826 -0.001906 -0.000000 0.007911 0.892483 -0.451012 3.700000 0.006133 0.450975 0.892516 0.000000 0.000000 0.000000 0.000000 1.000000
0.999949 -0.009938 -0.001793 0.000000 0.008053 0.891845 -0.452269 3.700000 0.006094 0.452232 0.891880 -0.000000 0.000000 0.000000 0.000000 1.000000</float_array>
        <technique_common>
          <accessor source="#mixamorig_RightHandMiddle2-Matrix-animation-output-transform-array" count="90" stride="16">
            <param type="float4x4"/>
          </accessor>
        </technique_common>
      </source>
      <source id="mixamorig_RightHandMiddle2-Interpolations">
        <Name_array id="mixamorig_RightHandMiddle2-Interpolations-array" count="90">
 LINEAR LINEAR LINEAR LINEAR LINEAR LINEAR LINEAR LINEAR LINEAR LINEAR LINEAR
LINEAR LINEAR LINEAR LINEAR LINEAR LINEAR LINEAR LINEAR LINEAR LINEAR LINEAR LINEAR
LINEAR LINEAR LINEAR LINEAR LINEAR LINEAR LINEAR LINEAR LINEAR LINEAR LINEAR LINEAR
LINEAR LINEAR LINEAR LINEAR LINEAR LINEAR LINEAR LINEAR LINEAR LINEAR LINEAR LINEAR
LINEAR LINEAR LINEAR LINEAR LINEAR LINEAR LINEAR LINEAR LINEAR LINEAR LINEAR LINEAR
LINEAR LINEAR LINEAR LINEAR LINEAR LINEAR LINEAR LINEAR LINEAR LINEAR LINEAR LINEAR
LINEAR LINEAR LINEAR LINEAR LINEAR LINEAR LINEAR LINEAR LINEAR LINEAR LINEAR LINEAR
LINEAR LINEAR LINEAR LINEAR LINEAR LINEAR LINEAR</Name_array>
        <technique_common>
          <accessor source="#mixamorig_RightHandMiddle2-Interpolations-array" count="90">
            <param type="name"/>
          </accessor>
        </technique_common>
      </source>
      <sampler id="mixamorig_RightHandMiddle2-Matrix-animation-transform">
        <input semantic="INPUT" source="#mixamorig_RightHandMiddle2-Matrix-animation-input"/>
        <input semantic="OUTPUT" source="#mixamorig_RightHandMiddle2-Matrix-animation-output-transform"/>
        <input semantic="INTERPOLATION" source="#mixamorig_RightHandMiddle2-Interpolations"/>
      </sampler>
      <channel source="#mixamorig_RightHandMiddle2-Matrix-animation-transform" target="mixamorig_RightHandMiddle2/matrix"/>
    </animation>
    <animation id="mixamorig_RightHandMiddle3-anim" name="mixamorig_RightHandMiddle3">
      <source id="mixamorig_RightHandMiddle3-Matrix-animation-input">
        <float_array id="mixamorig_RightHandMiddle3-Matrix-animation-input-array" count="90">

0.000000 0.033333 0.066667 0.100000 0.133333 0.166667 0.200000 0.233333 0.266667 0.300000 0.333333 0.366667 0.400000 0.433333 0.466667 0.500000
0.533333 0.566667 0.600000 0.633333 0.666667 0.700000 0.733333 0.766667 0.800000 0.833333 0.866667 0.900000 0.933333 0.966667 1.000000 1.033333
1.066667 1.100000 1.133333 1.166667 1.200000 1.233333 1.266667 1.300000 1.333333 1.366667 1.400000 1.433333 1.466667 1.500000 1.533333 1.566667
1.600000 1.633333 1.666667 1.700000 1.733333 1.766667 1.800000 1.833333 1.866667 1.900000 1.933333 1.966667 2.000000 2.033333 2.066667 2.100000
2.133333 2.166667 2.200000 2.233333 2.266667 2.300000 2.333333 2.366667 2.400000 2.433333 2.466667 2.500000 2.533333 2.566667 2.600000 2.633333
2.666667 2.700000 2.733333 2.766667 2.800000 2.833333 2.866667 2.900000 2.933333 2.966667</float_array>
        <technique_common>
          <accessor source="#mixamorig_RightHandMiddle3-Matrix-animation-input-array" count="90">
            <param name="TIME" type="float"/>
          </accessor>
        </technique_common>
      </source>
      <source id="mixamorig_RightHandMiddle3-Matrix-animation-output-transform">
        <float_array id="mixamorig_RightHandMiddle3-Matrix-animation-output-transform-array" count="1440">

0.999963 -0.003054 -0.008029 0.000000 -0.002686 0.776651 -0.629926 2.950000 0.008160 0.629924 0.776614 -0.000000 0.000000 0.000000 0.000000 1.000000
0.999963 -0.002887 -0.008141 0.000000 -0.002759 0.786360 -0.617762 2.950000 0.008185 0.617761 0.786323 0.000000 0.000000 0.000000 0.000000 1.000000
0.999964 -0.002625 -0.008007 -0.000000 -0.002624 0.805985 -0.591930 2.950000 0.008007 0.591930 0.805950 0.000000 0.000000 0.000000 0.000000 1.000000
0.999967 -0.002290 -0.007784 -0.000000 -0.002443 0.829835 -0.558003 2.950000 0.007737 0.558004 0.829802 0.000000 0.000000 0.000000 0.000000 1.000000
0.999970 -0.001986 -0.007474 0.000000 -0.002238 0.850779 -0.525519 2.950000 0.007402 0.525520 0.850749 0.000000 0.000000 0.000000 0.000000 1.000000
0.999973 -0.001802 -0.007086 0.000000 -0.002011 0.863990 -0.503505 2.950000 0.007030 0.503505 0.863963 0.000000 0.000000 0.000000 0.000000 1.000000
0.999977 -0.001755 -0.006612 -0.000000 -0.001740 0.869523 -0.493889 2.950000 0.006616 0.493889 0.869500 0.000000 0.000000 0.000000 0.000000 1.000000
0.999980 -0.001805 -0.006047 0.000000 -0.001411 0.870018 -0.493018 2.950000 0.006151 0.493016 0.869998 0.000000 0.000000 0.000000 0.000000 1.000000
0.999984 -0.001914 -0.005415 0.000000 -0.001030 0.867769 -0.496967 2.950000 0.005650 0.496965 0.867752 0.000000 0.000000 0.000000 0.000000 1.000000
0.999987 -0.002054 -0.004763 0.000000 -0.000623 0.864090 -0.503338 2.950000 0.005149 0.503334 0.864077 -0.000000 0.000000 0.000000 0.000000 1.000000
0.999989 -0.002213 -0.004139 0.000000 -0.000213 0.859521 -0.511101 2.950000 0.004688 0.511096 0.859511 0.000000 0.000000 0.000000 0.000000 1.000000
0.999991 -0.002408 -0.003556 -0.000000 0.000198 0.852927 -0.522030 2.950000 0.004290 0.522024 0.852920 0.000000 0.000000 0.000000 0.000000 1.000000
0.999992 -0.002681 -0.002991 -0.000000 0.000639 0.841375 -0.540451 2.950000 0.003965 0.540445 0.841370 -0.000000 0.000000 0.000000 0.000000 1.000000
0.999992 -0.003044 -0.002427 0.000000 0.001127 0.823012 -0.568023 2.950000 0.003726 0.568016 0.823009 0.000000 0.000000 0.000000 0.000000 1.000000
0.999992 -0.003445 -0.001901 0.000000 0.001617 0.800114 -0.599846 2.950000 0.003587 0.599838 0.800113 0.000000 0.000000 0.000000 0.000000 1.000000
0.999992 -0.003798 -0.001479 0.000000 0.002027 0.778223 -0.627985 2.950000 0.003537 0.627977 0.778224 -0.000000 0.000000 0.000000 0.000000 1.000000
0.999991 -0.004044 -0.001203 0.000000 0.002302 0.761906 -0.647684 2.950000 0.003536 0.647675 0.761908 0.000000 0.000000 0.000000 0.000000 1.000000
0.999991 -0.004187 -0.001048 0.000000 0.002456 0.751735 -0.659461 2.950000 0.003549 0.659452 0.751738 0.000000 0.000000 0.000000 0.000000 1.000000
0.999990 -0.004269 -0.000956 -0.000000 0.002544 0.745172 -0.666867 2.950000 0.003559 0.666859 0.745176 -0.000000 0.000000 0.000000 0.000000 1.000000
0.999990 -0.004340 -0.000890 0.000000 0.002607 0.738816 -0.673902 2.950000 0.003582 0.673893 0.738820 0.000000 0.000000 0.000000 0.000000 1.000000
0.999990 -0.004434 -0.000859 -0.000000 0.002649 0.729977 -0.683467 2.950000 0.003658 0.683457 0.729981 -0.000000 0.000000 0.000000 0.000000 1.000000
0.999989 -0.004549 -0.000897 0.000000 0.002644 0.718433 -0.695592 2.950000 0.003808 0.695582 0.718437 -0.000000 0.000000 0.000000 0.000000 1.000000
0.999989 -0.004656 -0.001003 0.000000 0.002583 0.707149 -0.707060 2.950000 0.004001 0.707050 0.707153 0.000000 0.000000 0.000000 0.000000 1.000000
0.999988 -0.004737 -0.001145 -0.000000 0.002494 0.699271 -0.714852 2.950000 0.004187 0.714841 0.699275 0.000000 0.000000 0.000000 0.000000 1.000000
0.999988 -0.004802 -0.001301 0.000000 0.002400 0.694585 -0.719406 2.950000 0.004358 0.719394 0.694588 0.000000 0.000000 0.000000 0.000000 1.000000
0.999987 -0.004864 -0.001481 -0.000000 0.002290 0.691007 -0.722845 2.950000 0.004540 0.722832 0.691009 0.000000 0.000000 0.000000 0.000000 1.000000
0.999986 -0.004914 -0.001727 0.000000 0.002133 0.688773 -0.724974 2.950000 0.004752 0.724960 0.688774 0.000000 0.000000 0.000000 0.000000 1.000000
0.999986 -0.004954 -0.002096 0.000000 0.001899 0.689754 -0.724041 2.950000 0.005032 0.724027 0.689754 0.000000 0.000000 0.000000 0.000000 1.000000
0.999984 -0.005071 -0.002598 0.000000 0.001612 0.689099 -0.724665 2.950000 0.005465 0.724649 0.689096 0.000000 0.000000 0.000000 0.000000 1.000000
0.999981 -0.005415 -0.003108 0.000000 0.001324 0.670452 -0.741952 2.950000 0.006101 0.741933 0.670446 0.000000 0.000000 0.000000 0.000000 1.000000
0.999976 -0.006017 -0.003418 0.000000 0.001051 0.620333 -0.784338 2.950000 0.006839 0.784316 0.620324 0.000000 0.000000 0.000000 0.000000 1.000000
0.999972 -0.006630 -0.003478 0.000000 0.000789 0.555220 -0.831703 2.950000 0.007445 0.831677 0.555210 -0.000000 0.000000 0.000000 0.000000 1.000000
0.999970 -0.006864 -0.003478 0.000000 0.000665 0.527357 -0.849644 2.950000 0.007666 0.849616 0.527346 0.000000 0.000000 0.000000 0.000000 1.000000
0.999973 -0.006462 -0.003565 0.000000 0.000829 0.578252 -0.815858 2.950000 0.007333 0.815833 0.578242 -0.000000 0.000000 0.000000 0.000000 1.000000
0.999978 -0.005476 -0.003609 0.000000 0.001133 0.686295 -0.727322 2.950000 0.006460 0.727303 0.686286 0.000000 0.000000 0.000000 0.000000 1.000000
0.999985 -0.004267 -0.003382 0.000000 0.001319 0.792411 -0.609986 2.950000 0.005283 0.609972 0.792405 0.000000 0.000000 0.000000 0.000000 1.000000
0.999991 -0.003180 -0.002836 0.000000 0.001357 0.868567 -0.495569 2.950000 0.004040 0.495561 0.868564 0.000000 0.000000 0.000000 0.000000 1.000000
0.999995 -0.002241 -0.002028 -0.000000 0.001293 0.923690 -0.383138 2.950000 0.002732 0.383134 0.923689 -0.000000 0.000000 0.000000 0.000000 1.000000
0.999999 -0.001351 -0.001029 0.000000 0.001040 0.966210 -0.257755 2.950000 0.001342 0.257753 0.966210 -0.000000 0.000000 0.000000 0.000000 1.000000
1.000000 -0.000546 -0.000002 -0.000000 0.000542 0.991844 -0.127453 2.950000 0.000072 0.127453 0.991845 0.000000 0.000000 0.000000 0.000000 1.000000
1.000000 0.000032 0.000820 0.000000 -0.000014 0.999768 -0.021517 2.950000 -0.000820 0.021517 0.999768 0.000000 0.000000 0.000000 0.000000 1.000000
0.999999 0.000336 0.001309 0.000000 -0.000388 0.999188 0.040293 2.950000 -0.001294 -0.040293 0.999187 -0.000000 0.000000 0.000000 0.000000 1.000000
0.999999 0.000451 0.001525 0.000000 -0.000548 0.997944 0.064089 2.950000 -0.001493 -0.064089 0.997943 0.000000 0.000000 0.000000 0.000000 1.000000
0.999999 0.000497 0.001608 0.000000 -0.000608 0.997582 0.069500 2.950000 -0.001570 -0.069501 0.997581 0.000000 0.000000 0.000000 0.000000 1.000000
0.999998 0.000532 0.001668 0.000000 -0.000649 0.997445 0.071436 2.950000 -0.001625 -0.071436 0.997444 0.000000 0.000000 0.000000 0.000000 1.000000
0.999998 0.000558 0.001719 0.000000 -0.000682 0.997362 0.072591 2.950000 -0.001673 -0.072592 0.997360 -0.000000 0.000000 0.000000 0.000000 1.000000
0.999998 0.000573 0.001698 0.000000 -0.000686 0.997708 0.067656 2.950000 -0.001655 -0.067657 0.997707 0.000000 0.000000 0.000000 0.000000 1.000000
0.999999 0.000554 0.001560 0.000000 -0.000635 0.998604 0.052826 2.950000 -0.001529 -0.052827 0.998603 0.000000 0.000000 0.000000 0.000000 1.000000
0.999999 0.000472 0.001318 -0.000000 -0.000510 0.999584 0.028835 2.950000 -0.001304 -0.028836 0.999583 0.000000 0.000000 0.000000 0.000000 1.000000
0.999999 0.000326 0.001025 0.000000 -0.000326 1.000000 -0.000404 2.950000 -0.001025 0.000403 0.999999 0.000000 0.000000 0.000000 0.000000 1.000000
1.000000 0.000185 0.000777 -0.000000 -0.000165 0.999659 -0.026117 2.950000 -0.000781 0.026117 0.999659 0.000000 0.000000 0.000000 0.000000 1.000000
1.000000 0.000114 0.000637 -0.000000 -0.000088 0.999142 -0.041419 2.950000 -0.000641 0.041419 0.999142 0.000000 0.000000 0.000000 0.000000 1.000000
1.000000 0.000086 0.000560 0.000000 -0.000057 0.998706 -0.050865 2.950000 -0.000563 0.050865 0.998705 0.000000 0.000000 0.000000 0.000000 1.000000
1.000000 -0.000009 0.000452 0.000000 0.000040 0.997680 -0.068080 2.950000 -0.000450 0.068080 0.997680 0.000000 0.000000 0.000000 0.000000 1.000000
1.000000 -0.000275 0.000252 0.000000 0.000299 0.994462 -0.105092 2.950000 -0.000221 0.105092 0.994462 0.000000 0.000000 0.000000 0.000000 1.000000
1.000000 -0.000687 0.000004 -0.000000 0.000679 0.987824 -0.155577 2.950000 0.000103 0.155577 0.987824 0.000000 0.000000 0.000000 0.000000 1.000000
0.999999 -0.001061 -0.000168 0.000000 0.001007 0.980750 -0.195265 2.950000 0.000372 0.195265 0.980750 0.000000 0.000000 0.000000 0.000000 1.000000
0.999999 -0.001243 -0.000223 -0.000000 0.001167 0.977269 -0.211998 2.950000 0.000481 0.211997 0.977270 0.000000 0.000000 0.000000 0.000000 1.000000
0.999999 -0.001256 -0.000267 0.000000 0.001166 0.975351 -0.220656 2.950000 0.000537 0.220655 0.975352 0.000000 0.000000 0.000000 0.000000 1.000000
0.999999 -0.001211 -0.000403 0.000000 0.001080 0.971302 -0.237846 2.950000 0.000680 0.237845 0.971303 0.000000 0.000000 0.000000 0.000000 1.000000
0.999999 -0.001174 -0.000587 -0.000000 0.000981 0.965637 -0.259894 2.950000 0.000872 0.259893 0.965637 0.000000 0.000000 0.000000 0.000000 1.000000
0.999999 -0.001154 -0.000725 0.000000 0.000909 0.961168 -0.275961 2.950000 0.001015 0.275960 0.961169 0.000000 0.000000 0.000000 0.000000 1.000000
0.999999 -0.001160 -0.000805 0.000000 0.000882 0.958523 -0.285012 2.950000 0.001102 0.285011 0.958524 0.000000 0.000000 0.000000 0.000000 1.000000
0.999999 -0.001230 -0.000907 0.000000 0.000907 0.955252 -0.295792 2.950000 0.001230 0.295791 0.955252 0.000000 0.000000 0.000000 0.000000 1.000000
0.999998 -0.001400 -0.001101 -0.000000 0.000979 0.948501 -0.316773 2.950000 0.001488 0.316772 0.948501 -0.000000 0.000000 0.000000 0.000000 1.000000
0.999998 -0.001652 -0.001375 -0.000000 0.001071 0.937718 -0.347395 2.950000 0.001863 0.347392 0.937718 0.000000 0.000000 0.000000 0.000000 1.000000
0.999997 -0.001897 -0.001668 0.000000 0.001128 0.926206 -0.377017 2.950000 0.002260 0.377014 0.926205 0.000000 0.000000 0.000000 0.000000 1.000000
0.999996 -0.001984 -0.001949 0.000000 0.001069 0.921049 -0.389445 2.950000 0.002568 0.389441 0.921048 -0.000000 0.000000 0.000000 0.000000 1.000000
0.999996 -0.001825 -0.002225 0.000000 0.000853 0.926355 -0.376652 2.950000 0.002749 0.376648 0.926352 -0.000000 0.000000 0.000000 0.000000 1.000000
0.999996 -0.001546 -0.002522 0.000000 0.000555 0.935537 -0.353227 2.950000 0.002905 0.353224 0.935534 0.000000 0.000000 0.000000 0.000000 1.000000
0.999995 -0.001390 -0.002855 -0.000000 0.000319 0.938559 -0.345118 2.950000 0.003159 0.345115 0.938555 0.000000 0.000000 0.000000 0.000000 1.000000
0.999994 -0.001453 -0.003214 -0.000000 0.000199 0.933063 -0.359712 2.950000 0.003521 0.359710 0.933058 0.000000 0.000000 0.000000 0.000000 1.000000
0.999992 -0.001629 -0.003600 0.000000 0.000118 0.922951 -0.384917 2.950000 0.003949 0.384913 0.922944 -0.000000 0.000000 0.000000 0.000000 1.000000
0.999990 -0.001783 -0.004023 0.000000 -0.000024 0.912062 -0.410052 2.950000 0.004400 0.410048 0.912053 0.000000 0.000000 0.000000 0.000000 1.000000
0.999988 -0.001835 -0.004438 0.000000 -0.000248 0.903161 -0.429302 2.950000 0.004796 0.429299 0.903150 -0.000000 0.000000 0.000000 0.000000 1.000000
0.999987 -0.001791 -0.004801 -0.000000 -0.000509 0.897579 -0.440854 2.950000 0.005098 0.440851 0.897566 0.000000 0.000000 0.000000 0.000000 1.000000
0.999985 -0.001755 -0.005144 0.000000 -0.000755 0.892365 -0.451313 2.950000 0.005382 0.451310 0.892351 -0.000000 0.000000 0.000000 0.000000 1.000000
0.999983 -0.001827 -0.005531 -0.000000 -0.000983 0.882969 -0.469431 2.950000 0.005742 0.469428 0.882952 0.000000 0.000000 0.000000 0.000000 1.000000
0.999980 -0.001985 -0.005948 0.000000 -0.001213 0.869422 -0.494069 2.950000 0.006152 0.494067 0.869402 0.000000 0.000000 0.000000 0.000000 1.000000
0.999978 -0.002136 -0.006336 0.000000 -0.001453 0.855521 -0.517766 2.950000 0.006526 0.517763 0.855499 0.000000 0.000000 0.000000 0.000000 1.000000
0.999975 -0.002244 -0.006677 -0.000000 -0.001695 0.843328 -0.537396 2.950000 0.006837 0.537394 0.843304 0.000000 0.000000 0.000000 0.000000 1.000000
0.999973 -0.002325 -0.006977 0.000000 -0.001933 0.832253 -0.554393 2.950000 0.007096 0.554392 0.832226 0.000000 0.000000 0.000000 0.000000 1.000000
0.999971 -0.002404 -0.007239 0.000000 -0.002151 0.821722 -0.569885 2.950000 0.007319 0.569884 0.821693 0.000000 0.000000 0.000000 0.000000 1.000000
0.999969 -0.002489 -0.007458 0.000000 -0.002333 0.811993 -0.583662 2.950000 0.007509 0.583661 0.811963 0.000000 0.000000 0.000000 0.000000 1.000000
0.999968 -0.002584 -0.007635 0.000000 -0.002473 0.803191 -0.595716 2.950000 0.007672 0.595716 0.803159 -0.000000 0.000000 0.000000 0.000000 1.000000
0.999966 -0.002689 -0.007777 0.000000 -0.002579 0.795094 -0.606480 2.950000 0.007814 0.606480 0.795061 0.000000 0.000000 0.000000 0.000000 1.000000
0.999965 -0.002794 -0.007891 0.000000 -0.002658 0.787817 -0.615904 2.950000 0.007938 0.615904 0.787781 -0.000000 0.000000 0.000000 0.000000 1.000000
0.999964 -0.002882 -0.007972 0.000000 -0.002715 0.782009 -0.623262 2.950000 0.008031 0.623261 0.781973 0.000000 0.000000 0.000000 0.000000 1.000000
0.999963 -0.002944 -0.008021 0.000000 -0.002746 0.778229 -0.627974 2.950000 0.008091 0.627973 0.778193 0.000000 0.000000 0.000000 0.000000 1.000000
0.999963 -0.003055 -0.008030 -0.000000 -0.002685 0.776651 -0.629926 2.950000 0.008161 0.629924 0.776614 0.000000 0.000000 0.000000 0.000000 1.000000</float_array>
        <technique_common>
          <accessor source="#mixamorig_RightHandMiddle3-Matrix-animation-output-transform-array" count="90" stride="16">
            <param type="float4x4"/>
          </accessor>
        </technique_common>
      </source>
      <source id="mixamorig_RightHandMiddle3-Interpolations">
        <Name_array id="mixamorig_RightHandMiddle3-Interpolations-array" count="90">
 LINEAR LINEAR LINEAR LINEAR LINEAR LINEAR LINEAR LINEAR LINEAR LINEAR LINEAR
LINEAR LINEAR LINEAR LINEAR LINEAR LINEAR LINEAR LINEAR LINEAR LINEAR LINEAR LINEAR
LINEAR LINEAR LINEAR LINEAR LINEAR LINEAR LINEAR LINEAR LINEAR LINEAR LINEAR LINEAR
LINEAR LINEAR LINEAR LINEAR LINEAR LINEAR LINEAR LINEAR LINEAR LINEAR LINEAR LINEAR
LINEAR LINEAR LINEAR LINEAR LINEAR LINEAR LINEAR LINEAR LINEAR LINEAR LINEAR LINEAR
LINEAR LINEAR LINEAR LINEAR LINEAR LINEAR LINEAR LINEAR LINEAR LINEAR LINEAR LINEAR
LINEAR LINEAR LINEAR LINEAR LINEAR LINEAR LINEAR LINEAR LINEAR LINEAR LINEAR LINEAR
LINEAR LINEAR LINEAR LINEAR LINEAR LINEAR LINEAR</Name_array>
        <technique_common>
          <accessor source="#mixamorig_RightHandMiddle3-Interpolations-array" count="90">
            <param type="name"/>
          </accessor>
        </technique_common>
      </source>
      <sampler id="mixamorig_RightHandMiddle3-Matrix-animation-transform">
        <input semantic="INPUT" source="#mixamorig_RightHandMiddle3-Matrix-animation-input"/>
        <input semantic="OUTPUT" source="#mixamorig_RightHandMiddle3-Matrix-animation-output-transform"/>
        <input semantic="INTERPOLATION" source="#mixamorig_RightHandMiddle3-Interpolations"/>
      </sampler>
      <channel source="#mixamorig_RightHandMiddle3-Matrix-animation-transform" target="mixamorig_RightHandMiddle3/matrix"/>
    </animation>
    <animation id="mixamorig_RightHandRing1-anim" name="mixamorig_RightHandRing1">
      <source id="mixamorig_RightHandRing1-Matrix-animation-input">
        <float_array id="mixamorig_RightHandRing1-Matrix-animation-input-array" count="90">

0.000000 0.033333 0.066667 0.100000 0.133333 0.166667 0.200000 0.233333 0.266667 0.300000 0.333333 0.366667 0.400000 0.433333 0.466667 0.500000
0.533333 0.566667 0.600000 0.633333 0.666667 0.700000 0.733333 0.766667 0.800000 0.833333 0.866667 0.900000 0.933333 0.966667 1.000000 1.033333
1.066667 1.100000 1.133333 1.166667 1.200000 1.233333 1.266667 1.300000 1.333333 1.366667 1.400000 1.433333 1.466667 1.500000 1.533333 1.566667
1.600000 1.633333 1.666667 1.700000 1.733333 1.766667 1.800000 1.833333 1.866667 1.900000 1.933333 1.966667 2.000000 2.033333 2.066667 2.100000
2.133333 2.166667 2.200000 2.233333 2.266667 2.300000 2.333333 2.366667 2.400000 2.433333 2.466667 2.500000 2.533333 2.566667 2.600000 2.633333
2.666667 2.700000 2.733333 2.766667 2.800000 2.833333 2.866667 2.900000 2.933333 2.966667</float_array>
        <technique_common>
          <accessor source="#mixamorig_RightHandRing1-Matrix-animation-input-array" count="90">
            <param name="TIME" type="float"/>
          </accessor>
        </technique_common>
      </source>
      <source id="mixamorig_RightHandRing1-Matrix-animation-output-transform">
        <float_array id="mixamorig_RightHandRing1-Matrix-animation-output-transform-array" count="1440">

0.975292 -0.171125 0.139718 -1.865100 0.185583 0.977736 -0.097932 9.103600 -0.119848 0.121441 0.985337 0.043100 0.000000 0.000000 0.000000 1.000000
0.977373 -0.158381 0.140202 -1.865100 0.172276 0.980632 -0.093180 9.103600 -0.122728 0.115225 0.985729 0.043100 0.000000 0.000000 0.000000 1.000000
0.981372 -0.131509 0.140053 -1.865100 0.144623 0.985570 -0.087953 9.103600 -0.126465 0.106569 0.986230 0.043100 0.000000 0.000000 0.000000 1.000000
0.985788 -0.096605 0.137440 -1.865100 0.109589 0.989871 -0.090257 9.103600 -0.127329 0.104037 0.986389 0.043100 0.000000 0.000000 0.000000 1.000000
0.989460 -0.063142 0.130315 -1.865100 0.077847 0.990764 -0.111022 9.103600 -0.122101 0.119997 0.985237 0.043100 0.000000 0.000000 0.000000 1.000000
0.992307 -0.039263 0.117407 -1.865100 0.058035 0.985244 -0.161017 9.103600 -0.109353 0.166592 0.979943 0.043100 0.000000 0.000000 0.000000 1.000000
0.994752 -0.025936 0.098973 -1.865100 0.049621 0.968254 -0.244992 9.103600 -0.089477 0.248618 0.964460 0.043100 0.000000 0.000000 0.000000 1.000000
0.996864 -0.019040 0.076806 -1.865100 0.045337 0.932948 -0.357146 9.103600 -0.064856 0.359508 0.930886 0.043100 0.000000 0.000000 0.000000 1.000000
0.998455 -0.014764 0.053568 -1.865100 0.038822 0.875079 -0.482421 9.103600 -0.039753 0.483755 0.874300 0.043100 0.000000 0.000000 0.000000 1.000000
0.999429 -0.011571 0.031748 -1.865100 0.028382 0.797348 -0.602853 9.103600 -0.018339 0.603409 0.797221 0.043100 0.000000 0.000000 0.000000 1.000000
0.999885 -0.009258 0.012023 -1.865100 0.015041 0.709261 -0.704785 9.103600 -0.002003 0.704885 0.709319 0.043100 0.000000 0.000000 0.000000 1.000000
0.999932 -0.008224 -0.008281 -1.865100 -0.001384 0.620995 -0.783813 9.103600 0.011588 0.783771 0.620941 0.043100 0.000000 0.000000 0.000000 1.000000
0.999403 -0.009012 -0.033339 -1.865100 -0.023294 0.536781 -0.843400 9.103600 0.025496 0.843673 0.536251 0.043100 0.000000 0.000000 0.000000 1.000000
0.997937 -0.011534 -0.063160 -1.865100 -0.050916 0.457109 -0.887952 9.103600 0.039113 0.889336 0.455579 0.043100 0.000000 0.000000 0.000000 1.000000
0.995762 -0.014834 -0.090769 -1.865100 -0.078044 0.385910 -0.919229 9.103600 0.048664 0.922417 0.383117 0.043100 0.000000 0.000000 0.000000 1.000000
0.994115 -0.017766 -0.106866 -1.865100 -0.095035 0.330523 -0.939001 9.103600 0.052004 0.943631 0.326890 0.043100 0.000000 0.000000 0.000000 1.000000
0.994037 -0.019756 -0.107243 -1.865100 -0.096709 0.294687 -0.950688 9.103600 0.050385 0.955390 0.291019 0.043100 0.000000 0.000000 0.000000 1.000000
0.995228 -0.021118 -0.095265 -1.865100 -0.085825 0.275069 -0.957586 9.103600 0.046426 0.961193 0.271944 0.043100 0.000000 0.000000 0.000000 1.000000
0.996657 -0.022876 -0.078432 -1.865100 -0.069588 0.265296 -0.961652 9.103600 0.042807 0.963896 0.262817 0.043100 0.000000 0.000000 0.000000 1.000000
0.997549 -0.026128 -0.064915 -1.865100 -0.055882 0.260896 -0.963748 9.103600 0.042117 0.965013 0.258797 0.043100 0.000000 0.000000 0.000000 1.000000
0.997626 -0.031243 -0.061372 -1.865100 -0.051150 0.260539 -0.964107 9.103600 0.046112 0.964958 0.258322 0.043100 0.000000 0.000000 0.000000 1.000000
0.996953 -0.037573 -0.068353 -1.865100 -0.056031 0.264660 -0.962713 9.103600 0.054262 0.963610 0.261748 0.043100 0.000000 0.000000 0.000000 1.000000
0.995990 -0.044181 -0.077793 -1.865100 -0.062853 0.273236 -0.959891 9.103600 0.063665 0.960932 0.269363 0.043100 0.000000 0.000000 0.000000 1.000000
0.995492 -0.050754 -0.080117 -1.865100 -0.062480 0.284578 -0.956615 9.103600 0.071351 0.957309 0.280124 0.043100 0.000000 0.000000 0.000000 1.000000
0.995656 -0.057644 -0.073123 -1.865100 -0.052901 0.296057 -0.953704 9.103600 0.076623 0.953429 0.291721 0.043100 0.000000 0.000000 0.000000 1.000000
0.995933 -0.065283 -0.062088 -1.865100 -0.039182 0.306717 -0.950994 9.103600 0.081127 0.949559 0.302912 0.043100 0.000000 0.000000 0.000000 1.000000
0.995834 -0.073735 -0.053643 -1.865100 -0.027328 0.319905 -0.947055 9.103600 0.086992 0.944576 0.316557 0.043100 0.000000 0.000000 0.000000 1.000000
0.995467 -0.082903 -0.046609 -1.865100 -0.015830 0.338804 -0.940724 9.103600 0.093780 0.937197 0.335956 0.043100 0.000000 0.000000 0.000000 1.000000
0.995232 -0.093548 -0.027603 -1.865100 0.007185 0.352554 -0.935764 9.103600 0.097271 0.931104 0.351545 0.043100 0.000000 0.000000 0.000000 1.000000
0.994073 -0.107861 0.013609 -1.865100 0.049039 0.333149 -0.941598 9.103600 0.097028 0.936684 0.336464 0.043100 0.000000 0.000000 0.000000 1.000000
0.989938 -0.126757 0.062890 -1.865100 0.094884 0.264927 -0.959589 9.103600 0.104973 0.955901 0.274289 0.043100 0.000000 0.000000 0.000000 1.000000
0.984631 -0.147461 0.093574 -1.865100 0.120175 0.183299 -0.975684 9.103600 0.126724 0.971935 0.198203 0.043100 0.000000 0.000000 0.000000 1.000000
0.981632 -0.166755 0.092691 -1.865100 0.120688 0.166473 -0.978632 9.103600 0.147761 0.971843 0.183540 0.043100 0.000000 0.000000 0.000000 1.000000
0.980982 -0.182831 0.065163 -1.865100 0.112748 0.263493 -0.958050 9.103600 0.157991 0.947177 0.279096 0.043100 0.000000 0.000000 0.000000 1.000000
0.979863 -0.197494 0.029417 -1.865100 0.114290 0.433936 -0.893665 9.103600 0.163728 0.879031 0.447769 0.043100 0.000000 0.000000 0.000000 1.000000
0.974860 -0.222730 0.006268 -1.865100 0.139737 0.589214 -0.795801 9.103600 0.173555 0.776671 0.605525 0.043100 0.000000 0.000000 0.000000 1.000000
0.962624 -0.270834 -0.001871 -1.865100 0.192745 0.689895 -0.697778 9.103600 0.190273 0.671337 0.716312 0.043100 0.000000 0.000000 0.000000 1.000000
0.941966 -0.335528 -0.010983 -1.865100 0.261793 0.754655 -0.601631 9.103600 0.210153 0.563841 0.798699 0.043100 0.000000 0.000000 0.000000 1.000000
0.919276 -0.392051 -0.035038 -1.865100 0.325725 0.807680 -0.491483 9.103600 0.220986 0.440396 0.870182 0.043100 0.000000 0.000000 0.000000 1.000000
0.907184 -0.414359 -0.072963 -1.865100 0.361217 0.855974 -0.369907 9.103600 0.215729 0.309218 0.926199 0.043100 0.000000 0.000000 0.000000 1.000000
0.910414 -0.398159 -0.112315 -1.865100 0.359807 0.896065 -0.260013 9.103600 0.204168 0.196308 0.959051 0.043100 0.000000 0.000000 0.000000 1.000000
0.919204 -0.368020 -0.140092 -1.865100 0.340611 0.921597 -0.186127 9.103600 0.197607 0.123372 0.972487 0.043100 0.000000 0.000000 0.000000 1.000000
0.923675 -0.351639 -0.152232 -1.865100 0.329271 0.931592 -0.154002 9.103600 0.195972 0.092122 0.976273 0.043100 0.000000 0.000000 0.000000 1.000000
0.921709 -0.355529 -0.155086 -1.865100 0.334465 0.930966 -0.146411 9.103600 0.196433 0.083077 0.976991 0.043100 0.000000 0.000000 0.000000 1.000000
0.915611 -0.370255 -0.156742 -1.865100 0.350053 0.925867 -0.142240 9.103600 0.197787 0.075369 0.977343 0.043100 0.000000 0.000000 0.000000 1.000000
0.909870 -0.383140 -0.159187 -1.865100 0.364344 0.921400 -0.135185 9.103600 0.198470 0.065001 0.977949 0.043100 0.000000 0.000000 0.000000 1.000000
0.907991 -0.387526 -0.159299 -1.865100 0.369171 0.919759 -0.133252 9.103600 0.198155 0.062183 0.978196 0.043100 0.000000 0.000000 0.000000 1.000000
0.910244 -0.384123 -0.154615 -1.865100 0.363747 0.920194 -0.144675 9.103600 0.197849 0.075449 0.977325 0.043100 0.000000 0.000000 0.000000 1.000000
0.915216 -0.375695 -0.145715 -1.865100 0.350808 0.920770 -0.170635 9.103600 0.198277 0.105050 0.974500 0.043100 0.000000 0.000000 0.000000 1.000000
0.922925 -0.360572 -0.134901 -1.865100 0.329907 0.921353 -0.205596 9.103600 0.198423 0.145245 0.969295 0.043100 0.000000 0.000000 0.000000 1.000000
0.933102 -0.336858 -0.125891 -1.865100 0.301847 0.923942 -0.234991 9.103600 0.195474 0.181270 0.963811 0.043100 0.000000 0.000000 0.000000 1.000000
0.943240 -0.309136 -0.121376 -1.865100 0.272935 0.929775 -0.247034 9.103600 0.189220 0.199885 0.961375 0.043100 0.000000 0.000000 0.000000 1.000000
0.953348 -0.277091 -0.119786 -1.865100 0.241154 0.937750 -0.249938 9.103600 0.181585 0.209391 0.960824 0.043100 0.000000 0.000000 0.000000 1.000000
0.965339 -0.232948 -0.117710 -1.865100 0.195254 0.943832 -0.266564 9.103600 0.173194 0.234341 0.956602 0.043100 0.000000 0.000000 0.000000 1.000000
0.976809 -0.181781 -0.113136 -1.865100 0.138371 0.939174 -0.314333 9.103600 0.163394 0.291389 0.942547 0.043100 0.000000 0.000000 0.000000 1.000000
0.984270 -0.140540 -0.107060 -1.865100 0.089829 0.919900 -0.381726 9.103600 0.152133 0.366104 0.918054 0.043100 0.000000 0.000000 0.000000 1.000000
0.987857 -0.115994 -0.103361 -1.865100 0.060326 0.899454 -0.432831 9.103600 0.143175 0.421340 0.895530 0.043100 0.000000 0.000000 0.000000 1.000000
0.989175 -0.103930 -0.103591 -1.865100 0.046373 0.891175 -0.451284 9.103600 0.139219 0.441595 0.886348 0.043100 0.000000 0.000000 0.000000 1.000000
0.989620 -0.098401 -0.104734 -1.865100 0.039967 0.888501 -0.457131 9.103600 0.138038 0.448201 0.883211 0.043100 0.000000 0.000000 0.000000 1.000000
0.990461 -0.088142 -0.105919 -1.865100 0.028019 0.881430 -0.471482 9.103600 0.134918 0.464017 0.875492 0.043100 0.000000 0.000000 0.000000 1.000000
0.991797 -0.066432 -0.109204 -1.865100 0.004357 0.871411 -0.490534 9.103600 0.127749 0.486034 0.864552 0.043100 0.000000 0.000000 0.000000 1.000000
0.992584 -0.042013 -0.114073 -1.865100 -0.021354 0.863531 -0.503843 9.103600 0.119673 0.502542 0.856230 0.043100 0.000000 0.000000 0.000000 1.000000
0.992720 -0.021884 -0.118439 -1.865100 -0.041994 0.858761 -0.510653 9.103600 0.112886 0.511909 0.851590 0.043100 0.000000 0.000000 0.000000 1.000000
0.992810 -0.011459 -0.119152 -1.865100 -0.051942 0.855569 -0.515076 9.103600 0.107845 0.517562 0.848822 0.043100 0.000000 0.000000 0.000000 1.000000
0.993480 -0.026126 -0.110972 -1.865100 -0.035928 0.852042 -0.522239 9.103600 0.108196 0.522821 0.845548 0.043100 0.000000 0.000000 0.000000 1.000000
0.993302 -0.068383 -0.093135 -1.865100 0.008039 0.845008 -0.534694 9.103600 0.115264 0.530364 0.839898 0.043100 0.000000 0.000000 0.000000 1.000000
0.991273 -0.108687 -0.074601 -1.865100 0.051048 0.838229 -0.542923 9.103600 0.121542 0.534377 0.836462 0.043100 0.000000 0.000000 0.000000 1.000000
0.991085 -0.115847 -0.065809 -1.865100 0.064305 0.848512 -0.525255 9.103600 0.116689 0.516340 0.848396 0.043100 0.000000 0.000000 0.000000 1.000000
0.993264 -0.094881 -0.066511 -1.865100 0.052924 0.882125 -0.468032 9.103600 0.103078 0.461359 0.881205 0.043100 0.000000 0.000000 0.000000 1.000000
0.994304 -0.083930 -0.065690 -1.865100 0.051749 0.918992 -0.390866 9.103600 0.093174 0.385240 0.918100 0.043100 0.000000 0.000000 0.000000 1.000000
0.992093 -0.112742 -0.055141 -1.865100 0.087920 0.937857 -0.335700 9.103600 0.089562 0.328198 0.940354 0.043100 0.000000 0.000000 0.000000 1.000000
0.985160 -0.167425 -0.037794 -1.865100 0.147041 0.936850 -0.317319 9.103600 0.088534 0.307052 0.947566 0.043100 0.000000 0.000000 0.000000 1.000000
0.978923 -0.203114 -0.021323 -1.865100 0.186222 0.930597 -0.315136 9.103600 0.083851 0.304523 0.948807 0.043100 0.000000 0.000000 0.000000 1.000000
0.981052 -0.193536 -0.008982 -1.865100 0.181323 0.933499 -0.309356 9.103600 0.068256 0.301865 0.950904 0.043100 0.000000 0.000000 0.000000 1.000000
0.987439 -0.157997 0.001112 -1.865100 0.151335 0.943730 -0.294060 9.103600 0.045411 0.290535 0.955786 0.043100 0.000000 0.000000 0.000000 1.000000
0.990809 -0.134735 0.011998 -1.865100 0.132941 0.953548 -0.270319 9.103600 0.024981 0.269429 0.962696 0.043100 0.000000 0.000000 0.000000 1.000000
0.990349 -0.136393 0.024595 -1.865100 0.138257 0.959903 -0.243866 9.103600 0.009653 0.244913 0.969497 0.043100 0.000000 0.000000 0.000000 1.000000
0.987999 -0.149644 0.038264 -1.865100 0.154426 0.962084 -0.224828 9.103600 -0.003169 0.228039 0.973647 0.043100 0.000000 0.000000 0.000000 1.000000
0.986143 -0.157363 0.052524 -1.865100 0.165100 0.961928 -0.217797 9.103600 -0.016251 0.223451 0.974580 0.043100 0.000000 0.000000 0.000000 1.000000
0.986145 -0.151819 0.066843 -1.865100 0.162834 0.962855 -0.215395 9.103600 -0.031659 0.223295 0.974237 0.043100 0.000000 0.000000 0.000000 1.000000
0.986482 -0.142893 0.080216 -1.865100 0.156699 0.965784 -0.206658 9.103600 -0.047941 0.216434 0.975119 0.043100 0.000000 0.000000 0.000000 1.000000
0.985289 -0.144063 0.091926 -1.865100 0.159285 0.969049 -0.188605 9.103600 -0.061910 0.200473 0.977741 0.043100 0.000000 0.000000 0.000000 1.000000
0.982772 -0.154189 0.101910 -1.865100 0.169717 0.971197 -0.167253 9.103600 -0.073186 0.181667 0.980633 0.043100 0.000000 0.000000 0.000000 1.000000
0.980347 -0.163428 0.110500 -1.865100 0.178939 0.972473 -0.149257 9.103600 -0.083066 0.166097 0.982605 0.043100 0.000000 0.000000 0.000000 1.000000
0.978811 -0.167239 0.118149 -1.865100 0.182763 0.973734 -0.135793 9.103600 -0.092336 0.154509 0.983667 0.043100 0.000000 0.000000 0.000000 1.000000
0.977804 -0.168100 0.125065 -1.865100 0.183556 0.975096 -0.124478 9.103600 -0.101026 0.144671 0.984309 0.043100 0.000000 0.000000 0.000000 1.000000
0.976872 -0.168970 0.131038 -1.865100 0.184166 0.976252 -0.114082 9.103600 -0.108650 0.135576 0.984792 0.043100 0.000000 0.000000 0.000000 1.000000
0.976036 -0.170182 0.135613 -1.865100 0.185027 0.977046 -0.105579 9.103600 -0.114533 0.128141 0.985120 0.043100 0.000000 0.000000 0.000000 1.000000
0.975486 -0.170998 0.138513 -1.865100 0.185568 0.977519 -0.100106 9.103600 -0.118282 0.123355 0.985288 0.043100 0.000000 0.000000 0.000000 1.000000
0.975292 -0.171125 0.139718 -1.865100 0.185583 0.977736 -0.097932 9.103600 -0.119848 0.121441 0.985337 0.043100 0.000000 0.000000 0.000000 1.000000</float_array>
        <technique_common>
          <accessor source="#mixamorig_RightHandRing1-Matrix-animation-output-transform-array" count="90" stride="16">
            <param type="float4x4"/>
          </accessor>
        </technique_common>
      </source>
      <source id="mixamorig_RightHandRing1-Interpolations">
        <Name_array id="mixamorig_RightHandRing1-Interpolations-array" count="90">
 LINEAR LINEAR LINEAR LINEAR LINEAR LINEAR LINEAR LINEAR LINEAR LINEAR LINEAR
LINEAR LINEAR LINEAR LINEAR LINEAR LINEAR LINEAR LINEAR LINEAR LINEAR LINEAR LINEAR
LINEAR LINEAR LINEAR LINEAR LINEAR LINEAR LINEAR LINEAR LINEAR LINEAR LINEAR LINEAR
LINEAR LINEAR LINEAR LINEAR LINEAR LINEAR LINEAR LINEAR LINEAR LINEAR LINEAR LINEAR
LINEAR LINEAR LINEAR LINEAR LINEAR LINEAR LINEAR LINEAR LINEAR LINEAR LINEAR LINEAR
LINEAR LINEAR LINEAR LINEAR LINEAR LINEAR LINEAR LINEAR LINEAR LINEAR LINEAR LINEAR
LINEAR LINEAR LINEAR LINEAR LINEAR LINEAR LINEAR LINEAR LINEAR LINEAR LINEAR LINEAR
LINEAR LINEAR LINEAR LINEAR LINEAR LINEAR LINEAR</Name_array>
        <technique_common>
          <accessor source="#mixamorig_RightHandRing1-Interpolations-array" count="90">
            <param type="name"/>
          </accessor>
        </technique_common>
      </source>
      <sampler id="mixamorig_RightHandRing1-Matrix-animation-transform">
        <input semantic="INPUT" source="#mixamorig_RightHandRing1-Matrix-animation-input"/>
        <input semantic="OUTPUT" source="#mixamorig_RightHandRing1-Matrix-animation-output-transform"/>
        <input semantic="INTERPOLATION" source="#mixamorig_RightHandRing1-Interpolations"/>
      </sampler>
      <channel source="#mixamorig_RightHandRing1-Matrix-animation-transform" target="mixamorig_RightHandRing1/matrix"/>
    </animation>
    <animation id="mixamorig_RightHandRing2-anim" name="mixamorig_RightHandRing2">
      <source id="mixamorig_RightHandRing2-Matrix-animation-input">
        <float_array id="mixamorig_RightHandRing2-Matrix-animation-input-array" count="90">

0.000000 0.033333 0.066667 0.100000 0.133333 0.166667 0.200000 0.233333 0.266667 0.300000 0.333333 0.366667 0.400000 0.433333 0.466667 0.500000
0.533333 0.566667 0.600000 0.633333 0.666667 0.700000 0.733333 0.766667 0.800000 0.833333 0.866667 0.900000 0.933333 0.966667 1.000000 1.033333
1.066667 1.100000 1.133333 1.166667 1.200000 1.233333 1.266667 1.300000 1.333333 1.366667 1.400000 1.433333 1.466667 1.500000 1.533333 1.566667
1.600000 1.633333 1.666667 1.700000 1.733333 1.766667 1.800000 1.833333 1.866667 1.900000 1.933333 1.966667 2.000000 2.033333 2.066667 2.100000
2.133333 2.166667 2.200000 2.233333 2.266667 2.300000 2.333333 2.366667 2.400000 2.433333 2.466667 2.500000 2.533333 2.566667 2.600000 2.633333
2.666667 2.700000 2.733333 2.766667 2.800000 2.833333 2.866667 2.900000 2.933333 2.966667</float_array>
        <technique_common>
          <accessor source="#mixamorig_RightHandRing2-Matrix-animation-input-array" count="90">
            <param name="TIME" type="float"/>
          </accessor>
        </technique_common>
      </source>
      <source id="mixamorig_RightHandRing2-Matrix-animation-output-transform">
        <float_array id="mixamorig_RightHandRing2-Matrix-animation-output-transform-array" count="1440">

0.999997 -0.002261 -0.001065 0.000000 0.001560 0.897597 -0.440815 3.379300 0.001953 0.440811 0.897598 0.000000 0.000000 0.000000 0.000000 1.000000
0.999997 -0.002349 -0.001113 0.000000 0.001639 0.901992 -0.431750 3.379300 0.002019 0.431747 0.901993 0.000000 0.000000 0.000000 0.000000 1.000000
0.999997 -0.002292 -0.001205 -0.000000 0.001587 0.909990 -0.414628 3.379300 0.002047 0.414624 0.909990 0.000000 0.000000 0.000000 0.000000 1.000000
0.999997 -0.002241 -0.001266 -0.000000 0.001556 0.918119 -0.396301 3.379300 0.002051 0.396298 0.918120 -0.000000 0.000000 0.000000 0.000000 1.000000
0.999997 -0.002245 -0.001216 0.000000 0.001599 0.922045 -0.387079 3.379300 0.001990 0.387076 0.922046 -0.000000 0.000000 0.000000 0.000000 1.000000
0.999997 -0.002351 -0.000973 -0.000000 0.001772 0.917983 -0.396615 3.379300 0.001826 0.396612 0.917984 0.000000 0.000000 0.000000 0.000000 1.000000
0.999997 -0.002574 -0.000501 0.000000 0.002112 0.903892 -0.427756 3.379300 0.001554 0.427754 0.903894 0.000000 0.000000 0.000000 0.000000 1.000000
0.999996 -0.002887 0.000179 0.000000 0.002625 0.879483 -0.475922 3.379300 0.001216 0.475921 0.879487 0.000000 0.000000 0.000000 0.000000 1.000000
0.999994 -0.003244 0.001007 0.000000 0.003281 0.846074 -0.533056 3.379300 0.000877 0.533056 0.846080 0.000000 0.000000 0.000000 0.000000 1.000000
0.999992 -0.003589 0.001895 0.000000 0.004015 0.806634 -0.591038 3.379300 0.000593 0.591041 0.806642 0.000000 0.000000 0.000000 0.000000 1.000000
0.999989 -0.003888 0.002760 0.000000 0.004752 0.765292 -0.643666 3.379300 0.000390 0.643671 0.765302 0.000000 0.000000 0.000000 0.000000 1.000000
0.999985 -0.004126 0.003563 0.000000 0.005446 0.725012 -0.688714 3.379300 0.000258 0.688723 0.725024 0.000000 0.000000 0.000000 0.000000 1.000000
0.999981 -0.004310 0.004323 0.000000 0.006102 0.685674 -0.727883 3.379300 0.000173 0.727896 0.685687 0.000000 0.000000 0.000000 0.000000 1.000000
0.999977 -0.004453 0.005056 -0.000000 0.006736 0.646645 -0.762761 3.379300 0.000128 0.762778 0.646661 -0.000000 0.000000 0.000000 0.000000 1.000000
0.999973 -0.004557 0.005706 0.000000 0.007301 0.610879 -0.791690 3.379300 0.000122 0.791711 0.610896 0.000000 0.000000 0.000000 0.000000 1.000000
0.999970 -0.004624 0.006184 0.000000 0.007720 0.583780 -0.811875 3.379300 0.000144 0.811898 0.583799 0.000000 0.000000 0.000000 0.000000 1.000000
0.999968 -0.004661 0.006455 0.000000 0.007960 0.567880 -0.823073 3.379300 0.000171 0.823098 0.567899 -0.000000 0.000000 0.000000 0.000000 1.000000
0.999967 -0.004679 0.006577 -0.000000 0.008069 0.560648 -0.828015 3.379300 0.000187 0.828041 0.560667 0.000000 0.000000 0.000000 0.000000 1.000000
0.999967 -0.004684 0.006631 0.000000 0.008116 0.557746 -0.829972 3.379300 0.000189 0.829999 0.557765 0.000000 0.000000 0.000000 0.000000 1.000000
0.999967 -0.004687 0.006667 -0.000000 0.008148 0.556173 -0.831027 3.379300 0.000187 0.831053 0.556193 0.000000 0.000000 0.000000 0.000000 1.000000
0.999967 -0.004694 0.006672 0.000000 0.008155 0.554558 -0.832105 3.379300 0.000206 0.832132 0.554578 0.000000 0.000000 0.000000 0.000000 1.000000
0.999967 -0.004714 0.006603 0.000000 0.008108 0.553195 -0.833012 3.379300 0.000274 0.833038 0.553215 0.000000 0.000000 0.000000 0.000000 1.000000
0.999968 -0.004753 0.006420 0.000000 0.007978 0.554325 -0.832262 3.379300 0.000397 0.832287 0.554345 0.000000 0.000000 0.000000 0.000000 1.000000
0.999970 -0.004816 0.006118 -0.000000 0.007766 0.560134 -0.828366 3.379300 0.000562 0.828388 0.560154 0.000000 0.000000 0.000000 0.000000 1.000000
0.999972 -0.004902 0.005732 0.000000 0.007503 0.569544 -0.821927 3.379300 0.000764 0.821946 0.569565 0.000000 0.000000 0.000000 0.000000 1.000000
0.999973 -0.004997 0.005295 -0.000000 0.007211 0.579334 -0.815058 3.379300 0.001005 0.815075 0.579355 0.000000 0.000000 0.000000 0.000000 1.000000
0.999976 -0.005067 0.004795 0.000000 0.006858 0.588002 -0.808830 3.379300 0.001279 0.808844 0.588022 0.000000 0.000000 0.000000 0.000000 1.000000
0.999978 -0.005105 0.004177 0.000000 0.006392 0.593898 -0.804515 3.379300 0.001627 0.804524 0.593918 -0.000000 0.000000 0.000000 0.000000 1.000000
0.999981 -0.005183 0.003477 0.000000 0.005860 0.588303 -0.808619 3.379300 0.002146 0.808624 0.588322 -0.000000 0.000000 0.000000 0.000000 1.000000
0.999981 -0.005371 0.002933 0.000000 0.005426 0.556512 -0.830822 3.379300 0.002830 0.830822 0.556530 0.000000 0.000000 0.000000 0.000000 1.000000
0.999980 -0.005600 0.002797 0.000000 0.005202 0.494794 -0.868995 3.379300 0.003482 0.868992 0.494814 0.000000 0.000000 0.000000 0.000000 1.000000
0.999979 -0.005746 0.002950 0.000000 0.005135 0.430243 -0.902699 3.379300 0.003918 0.902695 0.430263 0.000000 0.000000 0.000000 0.000000 1.000000
0.999979 -0.005829 0.002939 0.000000 0.005095 0.415434 -0.909609 3.379300 0.004081 0.909605 0.415454 0.000000 0.000000 0.000000 0.000000 1.000000
0.999980 -0.005897 0.002482 -0.000000 0.005020 0.482696 -0.875774 3.379300 0.003966 0.875768 0.482715 -0.000000 0.000000 0.000000 0.000000 1.000000
0.999981 -0.005830 0.001792 0.000000 0.004946 0.603207 -0.797569 3.379300 0.003570 0.797563 0.603225 0.000000 0.000000 0.000000 0.000000 1.000000
0.999984 -0.005556 0.001321 0.000000 0.004908 0.717778 -0.696255 3.379300 0.002920 0.696250 0.717794 -0.000000 0.000000 0.000000 0.000000 1.000000
0.999986 -0.005176 0.001255 0.000000 0.004898 0.801295 -0.598249 3.379300 0.002091 0.598247 0.801309 -0.000000 0.000000 0.000000 0.000000 1.000000
0.999988 -0.004763 0.001450 0.000000 0.004849 0.865597 -0.500718 3.379300 0.001130 0.500719 0.865609 0.000000 0.000000 0.000000 0.000000 1.000000
0.999989 -0.004282 0.001711 -0.000000 0.004611 0.921610 -0.388091 3.379300 0.000085 0.388094 0.921620 -0.000000 0.000000 0.000000 0.000000 1.000000
0.999991 -0.003713 0.001930 0.000000 0.004090 0.964531 -0.263937 3.379300 -0.000882 0.263943 0.964538 0.000000 0.000000 0.000000 0.000000 1.000000
0.999993 -0.003152 0.002077 0.000000 0.003433 0.988179 -0.153267 3.379300 -0.001569 0.153273 0.988183 0.000000 0.000000 0.000000 0.000000 1.000000
0.999994 -0.002762 0.002168 -0.000000 0.002927 0.996769 -0.080274 3.379300 -0.001939 0.080280 0.996770 0.000000 0.000000 0.000000 0.000000 1.000000
0.999994 -0.002595 0.002222 0.000000 0.002698 0.998842 -0.048043 3.379300 -0.002095 0.048048 0.998843 0.000000 0.000000 0.000000 0.000000 1.000000
0.999994 -0.002557 0.002244 0.000000 0.002644 0.999199 -0.039918 3.379300 -0.002140 0.039924 0.999200 0.000000 0.000000 0.000000 0.000000 1.000000
0.999994 -0.002541 0.002241 -0.000000 0.002623 0.999300 -0.037309 3.379300 -0.002144 0.037314 0.999301 0.000000 0.000000 0.000000 0.000000 1.000000
0.999994 -0.002513 0.002216 0.000000 0.002586 0.999429 -0.033691 3.379300 -0.002130 0.033696 0.999430 0.000000 0.000000 0.000000 0.000000 1.000000
0.999995 -0.002472 0.002170 0.000000 0.002545 0.999407 -0.034344 3.379300 -0.002084 0.034350 0.999408 0.000000 0.000000 0.000000 0.000000 1.000000
0.999995 -0.002450 0.002106 0.000000 0.002543 0.998965 -0.045409 3.379300 -0.001992 0.045414 0.998966 0.000000 0.000000 0.000000 0.000000 1.000000
0.999995 -0.002512 0.002039 -0.000000 0.002644 0.997698 -0.067762 3.379300 -0.001864 0.067767 0.997699 0.000000 0.000000 0.000000 0.000000 1.000000
0.999994 -0.002676 0.001989 0.000000 0.002856 0.995281 -0.096989 3.379300 -0.001720 0.096994 0.995283 0.000000 0.000000 0.000000 0.000000 1.000000
0.999994 -0.002859 0.001958 0.000000 0.003077 0.992538 -0.121900 3.379300 -0.001595 0.121906 0.992540 0.000000 0.000000 0.000000 0.000000 1.000000
0.999994 -0.002970 0.001927 -0.000000 0.003201 0.990988 -0.133913 3.379300 -0.001512 0.133918 0.990991 0.000000 0.000000 0.000000 0.000000 1.000000
0.999994 -0.003013 0.001892 -0.000000 0.003247 0.990248 -0.139280 3.379300 -0.001454 0.139285 0.990251 0.000000 0.000000 0.000000 0.000000 1.000000
0.999993 -0.003075 0.001901 -0.000000 0.003332 0.987991 -0.154475 3.379300 -0.001403 0.154481 0.987995 0.000000 0.000000 0.000000 0.000000 1.000000
0.999993 -0.003248 0.002007 0.000000 0.003573 0.981316 -0.192372 3.379300 -0.001345 0.192378 0.981320 -0.000000 0.000000 0.000000 0.000000 1.000000
0.999991 -0.003510 0.002195 0.000000 0.003942 0.969406 -0.245431 3.379300 -0.001267 0.245438 0.969411 0.000000 0.000000 0.000000 0.000000 1.000000
0.999990 -0.003714 0.002352 0.000000 0.004234 0.957772 -0.287499 3.379300 -0.001185 0.287506 0.957778 0.000000 0.000000 0.000000 0.000000 1.000000
0.999990 -0.003782 0.002401 0.000000 0.004335 0.952145 -0.305616 3.379300 -0.001131 0.305623 0.952152 0.000000 0.000000 0.000000 0.000000 1.000000
0.999990 -0.003793 0.002389 0.000000 0.004352 0.949339 -0.314223 3.379300 -0.001076 0.314230 0.949346 -0.000000 0.000000 0.000000 0.000000 1.000000
0.999990 -0.003852 0.002392 0.000000 0.004424 0.944410 -0.328740 3.379300 -0.000993 0.328748 0.944417 0.000000 0.000000 0.000000 0.000000 1.000000
0.999989 -0.003939 0.002417 -0.000000 0.004532 0.938173 -0.346137 3.379300 -0.000905 0.346144 0.938181 0.000000 0.000000 0.000000 0.000000 1.000000
0.999989 -0.004001 0.002425 0.000000 0.004605 0.933335 -0.358977 3.379300 -0.000827 0.358984 0.933343 0.000000 0.000000 0.000000 0.000000 1.000000
0.999989 -0.004043 0.002400 0.000000 0.004643 0.930050 -0.367404 3.379300 -0.000747 0.367411 0.930058 0.000000 0.000000 0.000000 0.000000 1.000000
0.999989 -0.004097 0.002348 -0.000000 0.004678 0.926926 -0.375216 3.379300 -0.000640 0.375223 0.926934 0.000000 0.000000 0.000000 0.000000 1.000000
0.999989 -0.004168 0.002284 -0.000000 0.004727 0.922225 -0.386624 3.379300 -0.000495 0.386630 0.922235 0.000000 0.000000 0.000000 0.000000 1.000000
0.999989 -0.004222 0.002216 0.000000 0.004757 0.914647 -0.404224 3.379300 -0.000321 0.404230 0.914657 0.000000 0.000000 0.000000 0.000000 1.000000
0.999989 -0.004185 0.002117 0.000000 0.004688 0.907070 -0.420954 3.379300 -0.000158 0.420959 0.907080 0.000000 0.000000 0.000000 0.000000 1.000000
0.999990 -0.003985 0.001902 0.000000 0.004415 0.908098 -0.418735 3.379300 -0.000058 0.418739 0.908106 -0.000000 0.000000 0.000000 0.000000 1.000000
0.999992 -0.003624 0.001515 0.000000 0.003928 0.921814 -0.387613 3.379300 0.000008 0.387616 0.921821 -0.000000 0.000000 0.000000 0.000000 1.000000
0.999994 -0.003232 0.001033 -0.000000 0.003389 0.938571 -0.345069 3.379300 0.000146 0.345071 0.938577 0.000000 0.000000 0.000000 0.000000 1.000000
0.999995 -0.003022 0.000609 0.000000 0.003057 0.946358 -0.323106 3.379300 0.000400 0.323107 0.946362 0.000000 0.000000 0.000000 0.000000 1.000000
0.999995 -0.003074 0.000327 0.000000 0.003008 0.943511 -0.331327 3.379300 0.000710 0.331326 0.943516 0.000000 0.000000 0.000000 0.000000 1.000000
0.999995 -0.003258 0.000166 0.000000 0.003109 0.936286 -0.351224 3.379300 0.000989 0.351222 0.936292 0.000000 0.000000 0.000000 0.000000 1.000000
0.999994 -0.003391 0.000058 0.000000 0.003179 0.930965 -0.365095 3.379300 0.001184 0.365093 0.930970 0.000000 0.000000 0.000000 0.000000 1.000000
0.999994 -0.003367 -0.000055 0.000000 0.003108 0.929078 -0.369870 3.379300 0.001296 0.369868 0.929084 0.000000 0.000000 0.000000 0.000000 1.000000
0.999995 -0.003203 -0.000197 0.000000 0.002903 0.928956 -0.370180 3.379300 0.001368 0.370178 0.928960 0.000000 0.000000 0.000000 0.000000 1.000000
0.999995 -0.003009 -0.000340 0.000000 0.002667 0.928410 -0.371548 3.379300 0.001434 0.371545 0.928414 0.000000 0.000000 0.000000 0.000000 1.000000
0.999996 -0.002883 -0.000455 0.000000 0.002495 0.925243 -0.379366 3.379300 0.001515 0.379363 0.925247 0.000000 0.000000 0.000000 0.000000 1.000000
0.999996 -0.002823 -0.000543 0.000000 0.002380 0.919016 -0.394214 3.379300 0.001612 0.394211 0.919019 0.000000 0.000000 0.000000 0.000000 1.000000
0.999996 -0.002747 -0.000632 0.000000 0.002247 0.912226 -0.409682 3.379300 0.001702 0.409679 0.912228 0.000000 0.000000 0.000000 0.000000 1.000000
0.999996 -0.002605 -0.000731 0.000000 0.002057 0.907610 -0.419810 3.379300 0.001757 0.419807 0.907612 -0.000000 0.000000 0.000000 0.000000 1.000000
0.999997 -0.002416 -0.000833 0.000000 0.001834 0.905369 -0.424621 3.379300 0.001780 0.424618 0.905371 -0.000000 0.000000 0.000000 0.000000 1.000000
0.999997 -0.002240 -0.000918 -0.000000 0.001632 0.904069 -0.427384 3.379300 0.001787 0.427381 0.904070 0.000000 0.000000 0.000000 0.000000 1.000000
0.999997 -0.002120 -0.000979 0.000000 0.001493 0.902704 -0.430260 3.379300 0.001796 0.430257 0.902704 0.000000 0.000000 0.000000 0.000000 1.000000
0.999997 -0.002064 -0.001013 0.000000 0.001421 0.901219 -0.433362 3.379300 0.001807 0.433359 0.901220 -0.000000 0.000000 0.000000 0.000000 1.000000
0.999997 -0.002052 -0.001025 -0.000000 0.001400 0.899905 -0.436084 3.379300 0.001817 0.436081 0.899905 0.000000 0.000000 0.000000 0.000000 1.000000
0.999997 -0.002067 -0.001024 -0.000000 0.001409 0.898905 -0.438142 3.379300 0.001826 0.438139 0.898905 0.000000 0.000000 0.000000 0.000000 1.000000
0.999997 -0.002091 -0.001016 0.000000 0.001432 0.898209 -0.439567 3.379300 0.001832 0.439564 0.898209 0.000000 0.000000 0.000000 0.000000 1.000000
0.999997 -0.002113 -0.001008 -0.000000 0.001453 0.897779 -0.440444 3.379300 0.001836 0.440441 0.897780 0.000000 0.000000 0.000000 0.000000 1.000000
0.999997 -0.002261 -0.001065 0.000000 0.001560 0.897597 -0.440814 3.379300 0.001953 0.440811 0.897598 -0.000000 0.000000 0.000000 0.000000 1.000000</float_array>
        <technique_common>
          <accessor source="#mixamorig_RightHandRing2-Matrix-animation-output-transform-array" count="90" stride="16">
            <param type="float4x4"/>
          </accessor>
        </technique_common>
      </source>
      <source id="mixamorig_RightHandRing2-Interpolations">
        <Name_array id="mixamorig_RightHandRing2-Interpolations-array" count="90">
 LINEAR LINEAR LINEAR LINEAR LINEAR LINEAR LINEAR LINEAR LINEAR LINEAR LINEAR
LINEAR LINEAR LINEAR LINEAR LINEAR LINEAR LINEAR LINEAR LINEAR LINEAR LINEAR LINEAR
LINEAR LINEAR LINEAR LINEAR LINEAR LINEAR LINEAR LINEAR LINEAR LINEAR LINEAR LINEAR
LINEAR LINEAR LINEAR LINEAR LINEAR LINEAR LINEAR LINEAR LINEAR LINEAR LINEAR LINEAR
LINEAR LINEAR LINEAR LINEAR LINEAR LINEAR LINEAR LINEAR LINEAR LINEAR LINEAR LINEAR
LINEAR LINEAR LINEAR LINEAR LINEAR LINEAR LINEAR LINEAR LINEAR LINEAR LINEAR LINEAR
LINEAR LINEAR LINEAR LINEAR LINEAR LINEAR LINEAR LINEAR LINEAR LINEAR LINEAR LINEAR
LINEAR LINEAR LINEAR LINEAR LINEAR LINEAR LINEAR</Name_array>
        <technique_common>
          <accessor source="#mixamorig_RightHandRing2-Interpolations-array" count="90">
            <param type="name"/>
          </accessor>
        </technique_common>
      </source>
      <sampler id="mixamorig_RightHandRing2-Matrix-animation-transform">
        <input semantic="INPUT" source="#mixamorig_RightHandRing2-Matrix-animation-input"/>
        <input semantic="OUTPUT" source="#mixamorig_RightHandRing2-Matrix-animation-output-transform"/>
        <input semantic="INTERPOLATION" source="#mixamorig_RightHandRing2-Interpolations"/>
      </sampler>
      <channel source="#mixamorig_RightHandRing2-Matrix-animation-transform" target="mixamorig_RightHandRing2/matrix"/>
    </animation>
    <animation id="mixamorig_RightHandRing3-anim" name="mixamorig_RightHandRing3">
      <source id="mixamorig_RightHandRing3-Matrix-animation-input">
        <float_array id="mixamorig_RightHandRing3-Matrix-animation-input-array" count="90">

0.000000 0.033333 0.066667 0.100000 0.133333 0.166667 0.200000 0.233333 0.266667 0.300000 0.333333 0.366667 0.400000 0.433333 0.466667 0.500000
0.533333 0.566667 0.600000 0.633333 0.666667 0.700000 0.733333 0.766667 0.800000 0.833333 0.866667 0.900000 0.933333 0.966667 1.000000 1.033333
1.066667 1.100000 1.133333 1.166667 1.200000 1.233333 1.266667 1.300000 1.333333 1.366667 1.400000 1.433333 1.466667 1.500000 1.533333 1.566667
1.600000 1.633333 1.666667 1.700000 1.733333 1.766667 1.800000 1.833333 1.866667 1.900000 1.933333 1.966667 2.000000 2.033333 2.066667 2.100000
2.133333 2.166667 2.200000 2.233333 2.266667 2.300000 2.333333 2.366667 2.400000 2.433333 2.466667 2.500000 2.533333 2.566667 2.600000 2.633333
2.666667 2.700000 2.733333 2.766667 2.800000 2.833333 2.866667 2.900000 2.933333 2.966667</float_array>
        <technique_common>
          <accessor source="#mixamorig_RightHandRing3-Matrix-animation-input-array" count="90">
            <param name="TIME" type="float"/>
          </accessor>
        </technique_common>
      </source>
      <source id="mixamorig_RightHandRing3-Matrix-animation-output-transform">
        <float_array id="mixamorig_RightHandRing3-Matrix-animation-output-transform-array" count="1440">

0.999935 -0.011234 -0.002052 0.000000 0.008268 0.836114 -0.548494 2.889700 0.007877 0.548441 0.836152 0.000000 0.000000 0.000000 0.000000 1.000000
0.999935 -0.011169 -0.002172 0.000000 0.008237 0.842281 -0.538975 2.889700 0.007849 0.538923 0.842319 0.000000 0.000000 0.000000 0.000000 1.000000
0.999936 -0.011111 -0.002256 0.000000 0.008316 0.853961 -0.520270 2.889700 0.007707 0.520218 0.853999 0.000000 0.000000 0.000000 0.000000 1.000000
0.999936 -0.011059 -0.002315 0.000000 0.008431 0.866764 -0.498647 2.889700 0.007521 0.498596 0.866802 -0.000000 0.000000 0.000000 0.000000 1.000000
0.999936 -0.011062 -0.002266 -0.000000 0.008584 0.875067 -0.483926 2.889700 0.007336 0.483876 0.875106 0.000000 0.000000 0.000000 0.000000 1.000000
0.999935 -0.011178 -0.002031 -0.000000 0.008787 0.874221 -0.485449 2.889700 0.007202 0.485400 0.874262 0.000000 0.000000 0.000000 0.000000 1.000000
0.999933 -0.011427 -0.001581 0.000000 0.009057 0.862540 -0.505907 2.889700 0.007144 0.505859 0.862586 0.000000 0.000000 0.000000 0.000000 1.000000
0.999930 -0.011771 -0.000942 -0.000000 0.009390 0.840932 -0.541060 2.889700 0.007161 0.541013 0.840984 0.000000 0.000000 0.000000 0.000000 1.000000
0.999926 -0.012152 -0.000185 -0.000000 0.009757 0.811749 -0.583924 2.889700 0.007246 0.583880 0.811808 0.000000 0.000000 0.000000 0.000000 1.000000
0.999921 -0.012518 0.000608 0.000000 0.010125 0.778250 -0.627873 2.889700 0.007387 0.627830 0.778315 0.000000 0.000000 0.000000 0.000000 1.000000
0.999917 -0.012836 0.001364 -0.000000 0.010465 0.744226 -0.667846 2.889700 0.007558 0.667805 0.744298 -0.000000 0.000000 0.000000 0.000000 1.000000
0.999912 -0.013108 0.002050 0.000000 0.010777 0.712337 -0.701754 2.889700 0.007738 0.701715 0.712416 0.000000 0.000000 0.000000 0.000000 1.000000
0.999907 -0.013354 0.002684 -0.000000 0.011078 0.682579 -0.730728 2.889700 0.007926 0.730690 0.682664 -0.000000 0.000000 0.000000 0.000000 1.000000
0.999902 -0.013585 0.003285 0.000000 0.011373 0.654182 -0.756251 2.889700 0.008124 0.756215 0.654273 -0.000000 0.000000 0.000000 0.000000 1.000000
0.999898 -0.013783 0.003822 -0.000000 0.011639 0.628787 -0.777490 2.889700 0.008313 0.777455 0.628884 0.000000 0.000000 0.000000 0.000000 1.000000
0.999894 -0.013924 0.004237 0.000000 0.011850 0.609850 -0.792428 2.889700 0.008450 0.792394 0.609951 0.000000 0.000000 0.000000 0.000000 1.000000
0.999892 -0.014005 0.004507 0.000000 0.011999 0.598998 -0.800661 2.889700 0.008513 0.800628 0.599101 0.000000 0.000000 0.000000 0.000000 1.000000
0.999890 -0.014045 0.004667 0.000000 0.012102 0.594407 -0.804073 2.889700 0.008519 0.804041 0.594512 0.000000 0.000000 0.000000 0.000000 1.000000
0.999890 -0.014066 0.004773 0.000000 0.012183 0.592825 -0.805239 2.889700 0.008497 0.805209 0.592931 0.000000 0.000000 0.000000 0.000000 1.000000
0.999889 -0.014074 0.004861 -0.000000 0.012248 0.591711 -0.806057 2.889700 0.008468 0.806027 0.591818 0.000000 0.000000 0.000000 0.000000 1.000000
0.999889 -0.014069 0.004944 0.000000 0.012292 0.589840 -0.807426 2.889700 0.008443 0.807397 0.589948 -0.000000 0.000000 0.000000 0.000000 1.000000
0.999889 -0.014052 0.005014 0.000000 0.012317 0.587829 -0.808892 2.889700 0.008419 0.808863 0.587936 0.000000 0.000000 0.000000 0.000000 1.000000
0.999889 -0.014036 0.005061 -0.000000 0.012350 0.588193 -0.808626 2.889700 0.008373 0.808599 0.588301 0.000000 0.000000 0.000000 0.000000 1.000000
0.999889 -0.014035 0.005084 0.000000 0.012418 0.593037 -0.805079 2.889700 0.008285 0.805053 0.593145 0.000000 0.000000 0.000000 0.000000 1.000000
0.999888 -0.014051 0.005092 0.000000 0.012517 0.601179 -0.799016 2.889700 0.008166 0.798991 0.601288 0.000000 0.000000 0.000000 0.000000 1.000000
0.999888 -0.014071 0.005096 0.000000 0.012618 0.609513 -0.792676 2.889700 0.008048 0.792651 0.609622 -0.000000 0.000000 0.000000 0.000000 1.000000
0.999888 -0.014087 0.005090 0.000000 0.012693 0.616513 -0.787242 2.889700 0.007952 0.787218 0.616623 0.000000 0.000000 0.000000 0.000000 1.000000
0.999888 -0.014098 0.005074 0.000000 0.012727 0.620374 -0.784203 2.889700 0.007908 0.784180 0.620484 0.000000 0.000000 0.000000 0.000000 1.000000
0.999887 -0.014119 0.005136 0.000000 0.012712 0.612824 -0.790118 2.889700 0.008009 0.790094 0.612934 -0.000000 0.000000 0.000000 0.000000 1.000000
0.999885 -0.014150 0.005420 -0.000000 0.012628 0.580490 -0.814170 2.889700 0.008374 0.814145 0.580602 0.000000 0.000000 0.000000 0.000000 1.000000
0.999882 -0.014146 0.005939 0.000000 0.012434 0.520485 -0.853780 2.889700 0.008986 0.853754 0.520599 0.000000 0.000000 0.000000 0.000000 1.000000
0.999880 -0.014095 0.006423 -0.000000 0.012172 0.458494 -0.888614 2.889700 0.009580 0.888586 0.458610 0.000000 0.000000 0.000000 0.000000 1.000000
0.999879 -0.014122 0.006495 0.000000 0.012090 0.443928 -0.895981 2.889700 0.009770 0.895951 0.444045 0.000000 0.000000 0.000000 0.000000 1.000000
0.999880 -0.014278 0.005954 0.000000 0.012375 0.507229 -0.861722 2.889700 0.009284 0.861693 0.507345 -0.000000 0.000000 0.000000 0.000000 1.000000
0.999885 -0.014347 0.004933 0.000000 0.012779 0.621182 -0.783562 2.889700 0.008177 0.783535 0.621294 0.000000 0.000000 0.000000 0.000000 1.000000
0.999892 -0.014163 0.003841 0.000000 0.012965 0.729959 -0.683368 2.889700 0.006875 0.683344 0.730064 0.000000 0.000000 0.000000 0.000000 1.000000
0.999900 -0.013846 0.002954 -0.000000 0.012947 0.809805 -0.586556 2.889700 0.005730 0.586536 0.809903 0.000000 0.000000 0.000000 0.000000 1.000000
0.999907 -0.013488 0.002206 0.000000 0.012840 0.871721 -0.489835 2.889700 0.004683 0.489817 0.871813 -0.000000 0.000000 0.000000 0.000000 1.000000
0.999914 -0.013029 0.001495 0.000000 0.012627 0.925737 -0.377958 2.889700 0.003540 0.377944 0.925822 0.000000 0.000000 0.000000 0.000000 1.000000
0.999922 -0.012441 0.000902 0.000000 0.012260 0.966958 -0.254639 2.889700 0.002296 0.254631 0.967036 0.000000 0.000000 0.000000 0.000000 1.000000
0.999930 -0.011852 0.000551 0.000000 0.011807 0.989413 -0.144643 2.889700 0.001169 0.144639 0.989484 0.000000 0.000000 0.000000 0.000000 1.000000
0.999934 -0.011449 0.000413 0.000000 0.011449 0.997343 -0.071937 2.889700 0.000412 0.071937 0.997409 0.000000 0.000000 0.000000 0.000000 1.000000
0.999936 -0.011279 0.000358 -0.000000 0.011284 0.999147 -0.039717 2.889700 0.000090 0.039719 0.999211 0.000000 0.000000 0.000000 0.000000 1.000000
0.999937 -0.011234 0.000305 0.000000 0.011238 0.999432 -0.031786 2.889700 0.000053 0.031787 0.999495 0.000000 0.000000 0.000000 0.000000 1.000000
0.999937 -0.011213 0.000249 0.000000 0.011216 0.999490 -0.029906 2.889700 0.000087 0.029907 0.999553 0.000000 0.000000 0.000000 0.000000 1.000000
0.999937 -0.011195 0.000194 0.000000 0.011196 0.999565 -0.027269 2.889700 0.000111 0.027270 0.999628 0.000000 0.000000 0.000000 0.000000 1.000000
0.999937 -0.011194 0.000121 -0.000000 0.011192 0.999533 -0.028440 2.889700 0.000198 0.028440 0.999595 0.000000 0.000000 0.000000 0.000000 1.000000
0.999937 -0.011231 0.000035 0.000000 0.011224 0.999171 -0.039143 2.889700 0.000404 0.039141 0.999234 0.000000 0.000000 0.000000 0.000000 1.000000
0.999936 -0.011331 -0.000003 0.000000 0.011311 0.998114 -0.060340 2.889700 0.000686 0.060337 0.998178 0.000000 0.000000 0.000000 0.000000 1.000000
0.999934 -0.011476 0.000043 -0.000000 0.011435 0.996063 -0.087902 2.889700 0.000966 0.087897 0.996129 0.000000 0.000000 0.000000 0.000000 1.000000
0.999933 -0.011598 0.000127 -0.000000 0.011540 0.993723 -0.111274 2.889700 0.001164 0.111268 0.993790 0.000000 0.000000 0.000000 0.000000 1.000000
0.999932 -0.011651 0.000172 -0.000000 0.011584 0.992396 -0.122539 2.889700 0.001257 0.122532 0.992464 0.000000 0.000000 0.000000 0.000000 1.000000
0.999932 -0.011667 0.000171 0.000000 0.011594 0.991751 -0.127652 2.889700 0.001319 0.127645 0.991819 0.000000 0.000000 0.000000 0.000000 1.000000
0.999931 -0.011736 0.000213 -0.000000 0.011647 0.989787 -0.142075 2.889700 0.001457 0.142068 0.989856 0.000000 0.000000 0.000000 0.000000 1.000000
0.999929 -0.011924 0.000381 -0.000000 0.011801 0.983931 -0.178156 2.889700 0.001750 0.178148 0.984002 0.000000 0.000000 0.000000 0.000000 1.000000
0.999926 -0.012181 0.000650 0.000000 0.012006 0.973336 -0.229068 2.889700 0.002157 0.229059 0.973410 0.000000 0.000000 0.000000 0.000000 1.000000
0.999923 -0.012372 0.000886 0.000000 0.012152 0.962808 -0.269912 2.889700 0.002486 0.269902 0.962885 0.000000 0.000000 0.000000 0.000000 1.000000
0.999922 -0.012446 0.001007 -0.000000 0.012208 0.957541 -0.288039 2.889700 0.002621 0.288029 0.957618 0.000000 0.000000 0.000000 0.000000 1.000000
0.999922 -0.012475 0.001076 0.000000 0.012231 0.954784 -0.297050 2.889700 0.002678 0.297040 0.954861 -0.000000 0.000000 0.000000 0.000000 1.000000
0.999921 -0.012527 0.001174 0.000000 0.012269 0.950118 -0.311650 2.889700 0.002788 0.311640 0.950196 -0.000000 0.000000 0.000000 0.000000 1.000000
0.999920 -0.012594 0.001283 0.000000 0.012315 0.944273 -0.328932 2.889700 0.002931 0.328921 0.944353 0.000000 0.000000 0.000000 0.000000 1.000000
0.999919 -0.012645 0.001357 0.000000 0.012347 0.939670 -0.341860 2.889700 0.003048 0.341849 0.939750 0.000000 0.000000 0.000000 0.000000 1.000000
0.999919 -0.012675 0.001391 0.000000 0.012357 0.936345 -0.350863 2.889700 0.003144 0.350852 0.936426 0.000000 0.000000 0.000000 0.000000 1.000000
0.999918 -0.012698 0.001410 0.000000 0.012355 0.932914 -0.359886 2.889700 0.003254 0.359874 0.932995 0.000000 0.000000 0.000000 0.000000 1.000000
0.999918 -0.012726 0.001423 0.000000 0.012339 0.927751 -0.372997 2.889700 0.003426 0.372984 0.927832 0.000000 0.000000 0.000000 0.000000 1.000000
0.999918 -0.012752 0.001413 0.000000 0.012283 0.919611 -0.392639 2.889700 0.003708 0.392624 0.919692 -0.000000 0.000000 0.000000 0.000000 1.000000
0.999918 -0.012736 0.001329 0.000000 0.012152 0.911033 -0.412154 2.889700 0.004038 0.412136 0.911113 0.000000 0.000000 0.000000 0.000000 1.000000
0.999920 -0.012631 0.001103 0.000000 0.011953 0.910041 -0.414345 2.889700 0.004230 0.414325 0.910119 0.000000 0.000000 0.000000 0.000000 1.000000
0.999923 -0.012422 0.000718 0.000000 0.011720 0.920855 -0.389729 2.889700 0.004180 0.389707 0.920929 -0.000000 0.000000 0.000000 0.000000 1.000000
0.999926 -0.012162 0.000274 0.000000 0.011467 0.934807 -0.354971 2.889700 0.004060 0.354947 0.934877 0.000000 0.000000 0.000000 0.000000 1.000000
0.999928 -0.011984 -0.000068 0.000000 0.011245 0.940213 -0.340401 2.889700 0.004143 0.340376 0.940280 -0.000000 0.000000 0.000000 0.000000 1.000000
0.999929 -0.011944 -0.000255 0.000000 0.011077 0.934838 -0.354901 2.889700 0.004477 0.354873 0.934904 -0.000000 0.000000 0.000000 0.000000 1.000000
0.999929 -0.011947 -0.000386 0.000000 0.010901 0.924671 -0.380610 2.889700 0.004904 0.380579 0.924736 0.000000 0.000000 0.000000 0.000000 1.000000
0.999929 -0.011901 -0.000570 -0.000000 0.010676 0.916203 -0.400572 2.889700 0.005290 0.400538 0.916265 0.000000 0.000000 0.000000 0.000000 1.000000
0.999930 -0.011810 -0.000796 0.000000 0.010433 0.911143 -0.411958 2.889700 0.005590 0.411921 0.911203 0.000000 0.000000 0.000000 0.000000 1.000000
0.999931 -0.011709 -0.000976 0.000000 0.010221 0.907792 -0.419295 2.889700 0.005795 0.419256 0.907849 0.000000 0.000000 0.000000 0.000000 1.000000
0.999932 -0.011609 -0.001090 0.000000 0.010027 0.903852 -0.427728 2.889700 0.005950 0.427688 0.903907 -0.000000 0.000000 0.000000 0.000000 1.000000
0.999933 -0.011524 -0.001184 0.000000 0.009813 0.896938 -0.442048 2.889700 0.006156 0.442007 0.896991 0.000000 0.000000 0.000000 0.000000 1.000000
0.999933 -0.011468 -0.001298 0.000000 0.009567 0.886546 -0.462542 2.889700 0.006455 0.462498 0.886597 0.000000 0.000000 0.000000 0.000000 1.000000
0.999934 -0.011419 -0.001425 0.000000 0.009309 0.875455 -0.483209 2.889700 0.006765 0.483164 0.875504 0.000000 0.000000 0.000000 0.000000 1.000000
0.999934 -0.011347 -0.001548 -0.000000 0.009063 0.866737 -0.498683 2.889700 0.007000 0.498636 0.866783 -0.000000 0.000000 0.000000 0.000000 1.000000
0.999935 -0.011247 -0.001661 0.000000 0.008836 0.860717 -0.509007 2.889700 0.007154 0.508959 0.860761 -0.000000 0.000000 0.000000 0.000000 1.000000
0.999936 -0.011150 -0.001759 0.000000 0.008636 0.855990 -0.516921 2.889700 0.007270 0.516873 0.856031 0.000000 0.000000 0.000000 0.000000 1.000000
0.999937 -0.011084 -0.001836 0.000000 0.008477 0.851581 -0.524154 2.889700 0.007374 0.524106 0.851621 0.000000 0.000000 0.000000 0.000000 1.000000
0.999937 -0.011058 -0.001888 -0.000000 0.008369 0.847399 -0.530891 2.889700 0.007471 0.530842 0.847438 0.000000 0.000000 0.000000 0.000000 1.000000
0.999937 -0.011062 -0.001921 0.000000 0.008302 0.843660 -0.536813 2.889700 0.007559 0.536763 0.843699 -0.000000 0.000000 0.000000 0.000000 1.000000
0.999937 -0.011080 -0.001940 0.000000 0.008263 0.840547 -0.541676 2.889700 0.007632 0.541626 0.840585 0.000000 0.000000 0.000000 0.000000 1.000000
0.999936 -0.011103 -0.001949 0.000000 0.008244 0.838207 -0.545289 2.889700 0.007688 0.545239 0.838246 0.000000 0.000000 0.000000 0.000000 1.000000
0.999936 -0.011123 -0.001951 -0.000000 0.008239 0.836728 -0.547556 2.889700 0.007723 0.547505 0.836767 0.000000 0.000000 0.000000 0.000000 1.000000
0.999935 -0.011234 -0.002051 0.000000 0.008268 0.836114 -0.548494 2.889700 0.007877 0.548441 0.836152 0.000000 0.000000 0.000000 0.000000 1.000000</float_array>
        <technique_common>
          <accessor source="#mixamorig_RightHandRing3-Matrix-animation-output-transform-array" count="90" stride="16">
            <param type="float4x4"/>
          </accessor>
        </technique_common>
      </source>
      <source id="mixamorig_RightHandRing3-Interpolations">
        <Name_array id="mixamorig_RightHandRing3-Interpolations-array" count="90">
 LINEAR LINEAR LINEAR LINEAR LINEAR LINEAR LINEAR LINEAR LINEAR LINEAR LINEAR
LINEAR LINEAR LINEAR LINEAR LINEAR LINEAR LINEAR LINEAR LINEAR LINEAR LINEAR LINEAR
LINEAR LINEAR LINEAR LINEAR LINEAR LINEAR LINEAR LINEAR LINEAR LINEAR LINEAR LINEAR
LINEAR LINEAR LINEAR LINEAR LINEAR LINEAR LINEAR LINEAR LINEAR LINEAR LINEAR LINEAR
LINEAR LINEAR LINEAR LINEAR LINEAR LINEAR LINEAR LINEAR LINEAR LINEAR LINEAR LINEAR
LINEAR LINEAR LINEAR LINEAR LINEAR LINEAR LINEAR LINEAR LINEAR LINEAR LINEAR LINEAR
LINEAR LINEAR LINEAR LINEAR LINEAR LINEAR LINEAR LINEAR LINEAR LINEAR LINEAR LINEAR
LINEAR LINEAR LINEAR LINEAR LINEAR LINEAR LINEAR</Name_array>
        <technique_common>
          <accessor source="#mixamorig_RightHandRing3-Interpolations-array" count="90">
            <param type="name"/>
          </accessor>
        </technique_common>
      </source>
      <sampler id="mixamorig_RightHandRing3-Matrix-animation-transform">
        <input semantic="INPUT" source="#mixamorig_RightHandRing3-Matrix-animation-input"/>
        <input semantic="OUTPUT" source="#mixamorig_RightHandRing3-Matrix-animation-output-transform"/>
        <input semantic="INTERPOLATION" source="#mixamorig_RightHandRing3-Interpolations"/>
      </sampler>
      <channel source="#mixamorig_RightHandRing3-Matrix-animation-transform" target="mixamorig_RightHandRing3/matrix"/>
    </animation>
    <animation id="mixamorig_RightHandPinky1-anim" name="mixamorig_RightHandPinky1">
      <source id="mixamorig_RightHandPinky1-Matrix-animation-input">
        <float_array id="mixamorig_RightHandPinky1-Matrix-animation-input-array" count="90">

0.000000 0.033333 0.066667 0.100000 0.133333 0.166667 0.200000 0.233333 0.266667 0.300000 0.333333 0.366667 0.400000 0.433333 0.466667 0.500000
0.533333 0.566667 0.600000 0.633333 0.666667 0.700000 0.733333 0.766667 0.800000 0.833333 0.866667 0.900000 0.933333 0.966667 1.000000 1.033333
1.066667 1.100000 1.133333 1.166667 1.200000 1.233333 1.266667 1.300000 1.333333 1.366667 1.400000 1.433333 1.466667 1.500000 1.533333 1.566667
1.600000 1.633333 1.666667 1.700000 1.733333 1.766667 1.800000 1.833333 1.866667 1.900000 1.933333 1.966667 2.000000 2.033333 2.066667 2.100000
2.133333 2.166667 2.200000 2.233333 2.266667 2.300000 2.333333 2.366667 2.400000 2.433333 2.466667 2.500000 2.533333 2.566667 2.600000 2.633333
2.666667 2.700000 2.733333 2.766667 2.800000 2.833333 2.866667 2.900000 2.933333 2.966667</float_array>
        <technique_common>
          <accessor source="#mixamorig_RightHandPinky1-Matrix-animation-input-array" count="90">
            <param name="TIME" type="float"/>
          </accessor>
        </technique_common>
      </source>
      <source id="mixamorig_RightHandPinky1-Matrix-animation-output-transform">
        <float_array id="mixamorig_RightHandPinky1-Matrix-animation-output-transform-array" count="1440">

0.884808 -0.289729 0.364928 -3.806300 0.345924 0.933144 -0.097876 8.076700 -0.312173 0.212839 0.925877 0.486700 0.000000 0.000000 0.000000 1.000000
0.885791 -0.291645 0.360996 -3.806300 0.345646 0.933662 -0.093831 8.076700 -0.309683 0.207892 0.927835 0.486700 0.000000 0.000000 0.000000 1.000000
0.888526 -0.294588 0.351767 -3.806300 0.345946 0.933748 -0.091852 8.076700 -0.301403 0.203305 0.931570 0.486700 0.000000 0.000000 0.000000 1.000000
0.893452 -0.296117 0.337725 -3.806300 0.347045 0.932443 -0.100545 8.076700 -0.285136 0.207038 0.935859 0.486700 0.000000 0.000000 0.000000 1.000000
0.900905 -0.292962 0.320224 -3.806300 0.349038 0.927569 -0.133369 8.076700 -0.257958 0.231924 0.937907 0.486700 0.000000 0.000000 0.000000 1.000000
0.910836 -0.282329 0.301112 -3.806300 0.351654 0.912751 -0.207908 8.076700 -0.216142 0.295257 0.930648 0.486700 0.000000 0.000000 0.000000 1.000000
0.922649 -0.263103 0.281950 -3.806300 0.351807 0.873716 -0.335936 8.076700 -0.157958 0.409143 0.898694 0.486700 0.000000 0.000000 0.000000 1.000000
0.935363 -0.235123 0.264222 -3.806300 0.341960 0.791975 -0.505805 8.076700 -0.090331 0.563464 0.821187 0.486700 0.000000 0.000000 0.000000 1.000000
0.948149 -0.198124 0.248515 -3.806300 0.316376 0.662948 -0.678532 8.076700 -0.030319 0.721974 0.691255 0.486700 0.000000 0.000000 0.000000 1.000000
0.960423 -0.153228 0.232614 -3.806300 0.278500 0.513071 -0.811909 8.076700 0.005060 0.844559 0.535439 0.486700 0.000000 0.000000 0.000000 1.000000
0.971860 -0.105218 0.210756 -3.806300 0.235268 0.388977 -0.890700 8.076700 0.011738 0.915219 0.402786 0.486700 0.000000 0.000000 0.000000 1.000000
0.982655 -0.060636 0.175247 -3.806300 0.185441 0.320874 -0.928790 8.076700 0.000086 0.945179 0.326553 0.486700 0.000000 0.000000 0.000000 1.000000
0.992329 -0.023214 0.121429 -3.806300 0.122775 0.300229 -0.945933 8.076700 -0.014497 0.953585 0.300776 0.486700 0.000000 0.000000 0.000000 1.000000
0.998467 0.006489 0.054963 -3.806300 0.050526 0.298446 -0.953088 8.076700 -0.022588 0.954404 0.297661 0.486700 0.000000 0.000000 0.000000 1.000000
0.999582 0.028079 -0.006865 -3.806300 -0.014898 0.296917 -0.954787 8.076700 -0.024771 0.954490 0.297211 0.486700 0.000000 0.000000 0.000000 1.000000
0.998136 0.039957 -0.046133 -3.806300 -0.055835 0.292600 -0.954604 8.076700 -0.024645 0.955400 0.294285 0.486700 0.000000 0.000000 0.000000 1.000000
0.997481 0.040278 -0.058387 -3.806300 -0.067532 0.287451 -0.955412 8.076700 -0.021699 0.956948 0.289447 0.486700 0.000000 0.000000 0.000000 1.000000
0.998138 0.029174 -0.053560 -3.806300 -0.059626 0.282074 -0.957538 8.076700 -0.012827 0.958949 0.283288 0.486700 0.000000 0.000000 0.000000 1.000000
0.998970 0.011050 -0.044015 -3.806300 -0.045354 0.276412 -0.959969 8.076700 0.001559 0.960976 0.276628 0.486700 0.000000 0.000000 0.000000 1.000000
0.999280 -0.005079 -0.037600 -3.806300 -0.034807 0.271658 -0.961764 8.076700 0.015099 0.962381 0.271285 0.486700 0.000000 0.000000 0.000000 1.000000
0.999161 -0.009791 -0.039767 -3.806300 -0.035646 0.270161 -0.962155 8.076700 0.020164 0.962765 0.269585 0.486700 0.000000 0.000000 0.000000 1.000000
0.998659 -0.001932 -0.051728 -3.806300 -0.049231 0.273307 -0.960666 8.076700 0.015993 0.961925 0.272845 0.486700 0.000000 0.000000 0.000000 1.000000
0.997819 0.007657 -0.065568 -3.806300 -0.065089 0.279753 -0.957863 8.076700 0.011008 0.960042 0.279641 0.486700 0.000000 0.000000 0.000000 1.000000
0.997494 0.006257 -0.070477 -3.806300 -0.069313 0.286443 -0.955587 8.076700 0.014208 0.958077 0.286159 0.486700 0.000000 0.000000 0.000000 1.000000
0.997951 -0.008671 -0.063385 -3.806300 -0.058132 0.290764 -0.955027 8.076700 0.026711 0.956756 0.289664 0.486700 0.000000 0.000000 0.000000 1.000000
0.998313 -0.031118 -0.049014 -3.806300 -0.037785 0.292713 -0.955454 8.076700 0.044079 0.955694 0.291043 0.486700 0.000000 0.000000 0.000000 1.000000
0.997850 -0.057264 -0.031869 -3.806300 -0.013531 0.295780 -0.955160 8.076700 0.064122 0.953538 0.294369 0.486700 0.000000 0.000000 0.000000 1.000000
0.995600 -0.093492 -0.006237 -3.806300 0.022227 0.300314 -0.953581 8.076700 0.091025 0.949247 0.301071 0.486700 0.000000 0.000000 0.000000 1.000000
0.987914 -0.149029 0.042623 -3.806300 0.085083 0.291515 -0.952775 8.076700 0.129566 0.944886 0.300672 0.486700 0.000000 0.000000 0.000000 1.000000
0.970368 -0.212733 0.114592 -3.806300 0.166467 0.244806 -0.955175 8.076700 0.175144 0.945947 0.272964 0.486700 0.000000 0.000000 0.000000 1.000000
0.950542 -0.252107 0.181419 -3.806300 0.225850 0.160050 -0.960924 8.076700 0.213220 0.954372 0.209073 0.486700 0.000000 0.000000 0.000000 1.000000
0.942481 -0.255545 0.215466 -3.806300 0.243833 0.084698 -0.966112 8.076700 0.228636 0.963080 0.142136 0.486700 0.000000 0.000000 0.000000 1.000000
0.945204 -0.249385 0.210705 -3.806300 0.239185 0.089678 -0.966824 8.076700 0.222215 0.964243 0.144413 0.486700 0.000000 0.000000 0.000000 1.000000
0.950458 -0.256896 0.175024 -3.806300 0.230971 0.206805 -0.950728 8.076700 0.208043 0.944053 0.255895 0.486700 0.000000 0.000000 0.000000 1.000000
0.953630 -0.273648 0.125327 -3.806300 0.227653 0.383409 -0.895082 8.076700 0.196886 0.882108 0.427927 0.486700 0.000000 0.000000 0.000000 1.000000
0.951562 -0.295545 0.084751 -3.806300 0.237783 0.532667 -0.812235 8.076700 0.194908 0.793044 0.577141 0.486700 0.000000 0.000000 0.000000 1.000000
0.941527 -0.331095 0.062471 -3.806300 0.268387 0.624877 -0.733142 8.076700 0.203703 0.707040 0.677200 0.486700 0.000000 0.000000 0.000000 1.000000
0.923153 -0.381658 0.046101 -3.806300 0.316056 0.685212 -0.656196 8.076700 0.218854 0.620340 0.753181 0.486700 0.000000 0.000000 0.000000 1.000000
0.900520 -0.434346 0.020158 -3.806300 0.369559 0.740123 -0.561822 8.076700 0.229106 0.513382 0.827012 0.486700 0.000000 0.000000 0.000000 1.000000
0.881766 -0.471379 -0.017072 -3.806300 0.415839 0.793937 -0.443555 8.076700 0.222636 0.384012 0.896085 0.486700 0.000000 0.000000 0.000000 1.000000
0.873593 -0.483517 -0.055190 -3.806300 0.443428 0.837585 -0.319095 8.076700 0.200514 0.254287 0.946114 0.486700 0.000000 0.000000 0.000000 1.000000
0.874380 -0.477938 -0.083875 -3.806300 0.450865 0.864107 -0.223695 8.076700 0.179390 0.157778 0.971043 0.486700 0.000000 0.000000 0.000000 1.000000
0.877092 -0.469766 -0.100151 -3.806300 0.448627 0.875696 -0.178578 8.076700 0.171592 0.111698 0.978815 0.486700 0.000000 0.000000 0.000000 1.000000
0.878109 -0.466437 -0.106592 -3.806300 0.446407 0.878861 -0.168297 8.076700 0.172179 0.100200 0.979956 0.486700 0.000000 0.000000 0.000000 1.000000
0.878447 -0.465411 -0.108272 -3.806300 0.446106 0.879975 -0.163197 8.076700 0.171230 0.095060 0.980634 0.486700 0.000000 0.000000 0.000000 1.000000
0.879520 -0.463044 -0.109706 -3.806300 0.445711 0.882359 -0.150944 8.076700 0.166694 0.083861 0.982436 0.486700 0.000000 0.000000 0.000000 1.000000
0.880685 -0.460545 -0.110866 -3.806300 0.444771 0.884471 -0.141028 8.076700 0.163008 0.074891 0.983778 0.486700 0.000000 0.000000 0.000000 1.000000
0.880754 -0.460879 -0.108918 -3.806300 0.444454 0.883842 -0.145888 8.076700 0.163503 0.080083 0.983287 0.486700 0.000000 0.000000 0.000000 1.000000
0.879837 -0.464205 -0.101979 -3.806300 0.444637 0.879741 -0.168388 8.076700 0.167882 0.102810 0.980431 0.486700 0.000000 0.000000 0.000000 1.000000
0.878951 -0.467942 -0.092065 -3.806300 0.443736 0.873166 -0.201694 8.076700 0.174769 0.136426 0.975112 0.486700 0.000000 0.000000 0.000000 1.000000
0.878378 -0.470060 -0.086575 -3.806300 0.441691 0.867505 -0.228790 8.076700 0.182649 0.162724 0.969618 0.486700 0.000000 0.000000 0.000000 1.000000
0.876697 -0.472405 -0.090747 -3.806300 0.441708 0.865270 -0.237069 8.076700 0.190513 0.167754 0.967245 0.486700 0.000000 0.000000 0.000000 1.000000
0.875065 -0.473545 -0.100081 -3.806300 0.441165 0.865426 -0.237511 8.076700 0.199086 0.163686 0.966215 0.486700 0.000000 0.000000 0.000000 1.000000
0.883109 -0.457318 -0.104779 -3.806300 0.420399 0.870473 -0.256009 8.076700 0.208285 0.182035 0.960979 0.486700 0.000000 0.000000 0.000000 1.000000
0.908595 -0.406097 -0.097670 -3.806300 0.359962 0.879942 -0.310048 8.076700 0.211853 0.246551 0.945691 0.486700 0.000000 0.000000 0.000000 1.000000
0.940855 -0.328688 -0.082191 -3.806300 0.273821 0.880541 -0.386871 8.076700 0.199533 0.341484 0.918464 0.486700 0.000000 0.000000 0.000000 1.000000
0.964031 -0.256018 -0.071410 -3.806300 0.198483 0.872125 -0.447216 8.076700 0.176774 0.416956 0.891571 0.486700 0.000000 0.000000 0.000000 1.000000
0.974914 -0.210942 -0.071042 -3.806300 0.153588 0.868539 -0.471222 8.076700 0.161103 0.448490 0.879149 0.486700 0.000000 0.000000 0.000000 1.000000
0.978653 -0.191716 -0.074054 -3.806300 0.133855 0.867999 -0.478184 8.076700 0.155954 0.458064 0.875132 0.486700 0.000000 0.000000 0.000000 1.000000
0.981480 -0.175971 -0.075711 -3.806300 0.117099 0.863888 -0.489882 8.076700 0.151611 0.471944 0.868495 0.486700 0.000000 0.000000 0.000000 1.000000
0.985425 -0.151262 -0.077826 -3.806300 0.091860 0.858244 -0.504954 8.076700 0.143174 0.490446 0.859630 0.486700 0.000000 0.000000 0.000000 1.000000
0.988527 -0.127817 -0.080480 -3.806300 0.068239 0.853275 -0.516978 8.076700 0.134750 0.505555 0.852207 0.486700 0.000000 0.000000 0.000000 1.000000
0.990545 -0.109991 -0.081990 -3.806300 0.050626 0.848542 -0.526700 8.076700 0.127504 0.517569 0.846088 0.486700 0.000000 0.000000 0.000000 1.000000
0.991763 -0.100218 -0.079762 -3.806300 0.042622 0.845464 -0.532329 8.076700 0.120785 0.524545 0.842771 0.486700 0.000000 0.000000 0.000000 1.000000
0.990682 -0.117994 -0.068021 -3.806300 0.063924 0.843839 -0.532775 8.076700 0.120263 0.523463 0.843519 0.486700 0.000000 0.000000 0.000000 1.000000
0.984666 -0.168612 -0.044749 -3.806300 0.119045 0.836964 -0.534153 8.076700 0.127518 0.520635 0.844203 0.486700 0.000000 0.000000 0.000000 1.000000
0.976177 -0.216058 -0.019932 -3.806300 0.172396 0.828115 -0.533390 8.076700 0.131749 0.517247 0.845635 0.486700 0.000000 0.000000 0.000000 1.000000
0.974699 -0.223419 -0.006731 -3.806300 0.189004 0.839887 -0.508789 8.076700 0.119327 0.494644 0.860865 0.486700 0.000000 0.000000 0.000000 1.000000
0.980027 -0.198774 -0.005943 -3.806300 0.175624 0.879133 -0.443037 8.076700 0.093289 0.433145 0.896484 0.486700 0.000000 0.000000 0.000000 1.000000
0.982541 -0.186000 -0.004103 -3.806300 0.172359 0.918343 -0.356284 8.076700 0.070037 0.349356 0.934369 0.486700 0.000000 0.000000 0.000000 1.000000
0.975423 -0.220039 0.011516 -3.806300 0.213444 0.930626 -0.297282 8.076700 0.054696 0.292434 0.954720 0.486700 0.000000 0.000000 0.000000 1.000000
0.957058 -0.287208 0.039382 -3.806300 0.286304 0.915125 -0.283858 8.076700 0.045487 0.282944 0.958057 0.486700 0.000000 0.000000 0.000000 1.000000
0.939462 -0.335655 0.068898 -3.806300 0.340842 0.894770 -0.288466 8.076700 0.035177 0.294487 0.955008 0.486700 0.000000 0.000000 0.000000 1.000000
0.938995 -0.330742 0.094333 -3.806300 0.343777 0.894337 -0.286319 8.076700 0.010332 0.301282 0.953479 0.486700 0.000000 0.000000 0.000000 1.000000
0.950081 -0.289126 0.117267 -3.806300 0.310877 0.909136 -0.277177 8.076700 -0.026473 0.299796 0.953636 0.486700 0.000000 0.000000 0.000000 1.000000
0.956211 -0.256521 0.140915 -3.806300 0.286164 0.920442 -0.266263 8.076700 -0.061402 0.294929 0.953544 0.486700 0.000000 0.000000 0.000000 1.000000
0.953072 -0.253313 0.165790 -3.806300 0.289270 0.923520 -0.251862 8.076700 -0.089310 0.288000 0.953457 0.486700 0.000000 0.000000 0.000000 1.000000
0.945145 -0.264878 0.191158 -3.806300 0.306462 0.921584 -0.238251 8.076700 -0.113061 0.283764 0.952205 0.486700 0.000000 0.000000 0.000000 1.000000
0.937958 -0.269936 0.217646 -3.806300 0.318881 0.918035 -0.235640 8.076700 -0.136199 0.290423 0.947156 0.486700 0.000000 0.000000 0.000000 1.000000
0.933852 -0.260954 0.244589 -3.806300 0.319233 0.916520 -0.241002 8.076700 -0.161281 0.303141 0.939199 0.486700 0.000000 0.000000 0.000000 1.000000
0.929719 -0.251609 0.268916 -3.806300 0.317196 0.918110 -0.237615 8.076700 -0.187108 0.306214 0.933394 0.486700 0.000000 0.000000 0.000000 1.000000
0.922244 -0.257170 0.288669 -3.806300 0.324611 0.920646 -0.216884 8.076700 -0.209986 0.293725 0.932541 0.486700 0.000000 0.000000 0.000000 1.000000
0.912411 -0.273564 0.304415 -3.806300 0.339005 0.921884 -0.187632 8.076700 -0.229306 0.274396 0.933877 0.486700 0.000000 0.000000 0.000000 1.000000
0.903659 -0.287039 0.317820 -3.806300 0.350197 0.922454 -0.162606 8.076700 -0.246500 0.258240 0.934104 0.486700 0.000000 0.000000 0.000000 1.000000
0.897676 -0.291906 0.330104 -3.806300 0.353835 0.923976 -0.145151 8.076700 -0.262638 0.247101 0.932718 0.486700 0.000000 0.000000 0.000000 1.000000
0.893481 -0.291820 0.341368 -3.806300 0.352748 0.926464 -0.131275 8.076700 -0.277956 0.237709 0.930717 0.486700 0.000000 0.000000 0.000000 1.000000
0.889972 -0.291095 0.351017 -3.806300 0.350548 0.929038 -0.118340 8.076700 -0.291660 0.228367 0.928861 0.486700 0.000000 0.000000 0.000000 1.000000
0.887169 -0.290734 0.358338 -3.806300 0.348559 0.931099 -0.107520 8.076700 -0.302388 0.220290 0.927380 0.486700 0.000000 0.000000 0.000000 1.000000
0.885425 -0.290293 0.362977 -3.806300 0.346942 0.932481 -0.100554 8.076700 -0.309279 0.214965 0.926357 0.486700 0.000000 0.000000 0.000000 1.000000
0.884808 -0.289730 0.364928 -3.806300 0.345925 0.933143 -0.097875 8.076700 -0.312173 0.212838 0.925877 0.486700 0.000000 0.000000 0.000000 1.000000</float_array>
        <technique_common>
          <accessor source="#mixamorig_RightHandPinky1-Matrix-animation-output-transform-array" count="90" stride="16">
            <param type="float4x4"/>
          </accessor>
        </technique_common>
      </source>
      <source id="mixamorig_RightHandPinky1-Interpolations">
        <Name_array id="mixamorig_RightHandPinky1-Interpolations-array" count="90">
 LINEAR LINEAR LINEAR LINEAR LINEAR LINEAR LINEAR LINEAR LINEAR LINEAR LINEAR
LINEAR LINEAR LINEAR LINEAR LINEAR LINEAR LINEAR LINEAR LINEAR LINEAR LINEAR LINEAR
LINEAR LINEAR LINEAR LINEAR LINEAR LINEAR LINEAR LINEAR LINEAR LINEAR LINEAR LINEAR
LINEAR LINEAR LINEAR LINEAR LINEAR LINEAR LINEAR LINEAR LINEAR LINEAR LINEAR LINEAR
LINEAR LINEAR LINEAR LINEAR LINEAR LINEAR LINEAR LINEAR LINEAR LINEAR LINEAR LINEAR
LINEAR LINEAR LINEAR LINEAR LINEAR LINEAR LINEAR LINEAR LINEAR LINEAR LINEAR LINEAR
LINEAR LINEAR LINEAR LINEAR LINEAR LINEAR LINEAR LINEAR LINEAR LINEAR LINEAR LINEAR
LINEAR LINEAR LINEAR LINEAR LINEAR LINEAR LINEAR</Name_array>
        <technique_common>
          <accessor source="#mixamorig_RightHandPinky1-Interpolations-array" count="90">
            <param type="name"/>
          </accessor>
        </technique_common>
      </source>
      <sampler id="mixamorig_RightHandPinky1-Matrix-animation-transform">
        <input semantic="INPUT" source="#mixamorig_RightHandPinky1-Matrix-animation-input"/>
        <input semantic="OUTPUT" source="#mixamorig_RightHandPinky1-Matrix-animation-output-transform"/>
        <input semantic="INTERPOLATION" source="#mixamorig_RightHandPinky1-Interpolations"/>
      </sampler>
      <channel source="#mixamorig_RightHandPinky1-Matrix-animation-transform" target="mixamorig_RightHandPinky1/matrix"/>
    </animation>
    <animation id="mixamorig_RightHandPinky2-anim" name="mixamorig_RightHandPinky2">
      <source id="mixamorig_RightHandPinky2-Matrix-animation-input">
        <float_array id="mixamorig_RightHandPinky2-Matrix-animation-input-array" count="90">

0.000000 0.033333 0.066667 0.100000 0.133333 0.166667 0.200000 0.233333 0.266667 0.300000 0.333333 0.366667 0.400000 0.433333 0.466667 0.500000
0.533333 0.566667 0.600000 0.633333 0.666667 0.700000 0.733333 0.766667 0.800000 0.833333 0.866667 0.900000 0.933333 0.966667 1.000000 1.033333
1.066667 1.100000 1.133333 1.166667 1.200000 1.233333 1.266667 1.300000 1.333333 1.366667 1.400000 1.433333 1.466667 1.500000 1.533333 1.566667
1.600000 1.633333 1.666667 1.700000 1.733333 1.766667 1.800000 1.833333 1.866667 1.900000 1.933333 1.966667 2.000000 2.033333 2.066667 2.100000
2.133333 2.166667 2.200000 2.233333 2.266667 2.300000 2.333333 2.366667 2.400000 2.433333 2.466667 2.500000 2.533333 2.566667 2.600000 2.633333
2.666667 2.700000 2.733333 2.766667 2.800000 2.833333 2.866667 2.900000 2.933333 2.966667</float_array>
        <technique_common>
          <accessor source="#mixamorig_RightHandPinky2-Matrix-animation-input-array" count="90">
            <param name="TIME" type="float"/>
          </accessor>
        </technique_common>
      </source>
      <source id="mixamorig_RightHandPinky2-Matrix-animation-output-transform">
        <float_array id="mixamorig_RightHandPinky2-Matrix-animation-output-transform-array" count="1440">

0.999991 -0.003544 -0.002226 -0.000000 0.001501 0.800264 -0.599646 3.600000 0.003907 0.599637 0.800263 0.000000 0.000000 0.000000 0.000000 1.000000
0.999991 -0.003541 -0.002132 -0.000000 0.001591 0.805804 -0.592181 3.600000 0.003815 0.592172 0.805802 -0.000000 0.000000 0.000000 0.000000 1.000000
0.999992 -0.003473 -0.002218 0.000000 0.001548 0.815447 -0.578830 3.600000 0.003819 0.578821 0.815445 0.000000 0.000000 0.000000 0.000000 1.000000
0.999992 -0.003409 -0.002282 0.000000 0.001519 0.824382 -0.566032 3.600000 0.003811 0.566024 0.824380 0.000000 0.000000 0.000000 0.000000 1.000000
0.999992 -0.003400 -0.002245 0.000000 0.001542 0.825950 -0.563741 3.600000 0.003771 0.563732 0.825949 0.000000 0.000000 0.000000 0.000000 1.000000
0.999992 -0.003494 -0.002029 -0.000000 0.001660 0.813220 -0.581954 3.600000 0.003683 0.581946 0.813219 -0.000000 0.000000 0.000000 0.000000 1.000000
0.999992 -0.003705 -0.001593 -0.000000 0.001901 0.781411 -0.624013 3.600000 0.003557 0.624005 0.781412 0.000000 0.000000 0.000000 0.000000 1.000000
0.999992 -0.003999 -0.000951 0.000000 0.002268 0.729599 -0.683872 3.600000 0.003429 0.683864 0.729602 0.000000 0.000000 0.000000 0.000000 1.000000
0.999991 -0.004312 -0.000168 0.000000 0.002727 0.661555 -0.749891 3.600000 0.003345 0.749884 0.661561 0.000000 0.000000 0.000000 0.000000 1.000000
0.999989 -0.004589 0.000665 0.000000 0.003226 0.585454 -0.810699 3.600000 0.003331 0.810693 0.585462 0.000000 0.000000 0.000000 0.000000 1.000000
0.999987 -0.004798 0.001448 -0.000000 0.003703 0.512533 -0.858660 3.600000 0.003378 0.858654 0.512544 0.000000 0.000000 0.000000 0.000000 1.000000
0.999986 -0.004932 0.002125 0.000000 0.004131 0.453625 -0.891183 3.600000 0.003431 0.891179 0.453639 0.000000 0.000000 0.000000 0.000000 1.000000
0.999984 -0.005008 0.002701 0.000000 0.004532 0.414066 -0.910236 3.600000 0.003440 0.910233 0.414082 0.000000 0.000000 0.000000 0.000000 1.000000
0.999982 -0.005045 0.003190 -0.000000 0.004912 0.391969 -0.919965 3.600000 0.003391 0.919965 0.391987 0.000000 0.000000 0.000000 0.000000 1.000000
0.999981 -0.005063 0.003568 -0.000000 0.005230 0.381714 -0.924266 3.600000 0.003318 0.924267 0.381733 0.000000 0.000000 0.000000 0.000000 1.000000
0.999980 -0.005076 0.003786 0.000000 0.005425 0.378252 -0.925687 3.600000 0.003266 0.925689 0.378272 0.000000 0.000000 0.000000 0.000000 1.000000
0.999980 -0.005087 0.003847 0.000000 0.005488 0.379097 -0.925341 3.600000 0.003249 0.925343 0.379117 0.000000 0.000000 0.000000 0.000000 1.000000
0.999980 -0.005096 0.003814 0.000000 0.005478 0.383723 -0.923432 3.600000 0.003242 0.923434 0.383744 -0.000000 0.000000 0.000000 0.000000 1.000000
0.999980 -0.005100 0.003762 0.000000 0.005459 0.391587 -0.920125 3.600000 0.003219 0.920127 0.391607 0.000000 0.000000 0.000000 0.000000 1.000000
0.999980 -0.005103 0.003710 0.000000 0.005447 0.401504 -0.915841 3.600000 0.003184 0.915843 0.401524 -0.000000 0.000000 0.000000 0.000000 1.000000
0.999980 -0.005114 0.003614 0.000000 0.005404 0.413325 -0.910567 3.600000 0.003163 0.910569 0.413345 0.000000 0.000000 0.000000 0.000000 1.000000
0.999981 -0.005139 0.003415 0.000000 0.005289 0.428913 -0.903330 3.600000 0.003177 0.903331 0.428932 0.000000 0.000000 0.000000 0.000000 1.000000
0.999982 -0.005176 0.003117 0.000000 0.005113 0.449996 -0.893016 3.600000 0.003220 0.893016 0.450014 0.000000 0.000000 0.000000 0.000000 1.000000
0.999983 -0.005216 0.002775 -0.000000 0.004921 0.475429 -0.879741 3.600000 0.003270 0.879739 0.475446 0.000000 0.000000 0.000000 0.000000 1.000000
0.999983 -0.005257 0.002428 0.000000 0.004737 0.501529 -0.865128 3.600000 0.003331 0.865125 0.501545 0.000000 0.000000 0.000000 0.000000 1.000000
0.999984 -0.005305 0.002108 -0.000000 0.004581 0.525249 -0.850936 3.600000 0.003407 0.850932 0.525265 0.000000 0.000000 0.000000 0.000000 1.000000
0.999984 -0.005364 0.001855 0.000000 0.004481 0.545317 -0.838218 3.600000 0.003485 0.838213 0.545332 0.000000 0.000000 0.000000 0.000000 1.000000
0.999984 -0.005429 0.001700 -0.000000 0.004436 0.557001 -0.830500 3.600000 0.003562 0.830494 0.557016 0.000000 0.000000 0.000000 0.000000 1.000000
0.999984 -0.005510 0.001612 0.000000 0.004364 0.547036 -0.837097 3.600000 0.003731 0.837091 0.547052 0.000000 0.000000 0.000000 0.000000 1.000000
0.999983 -0.005660 0.001534 -0.000000 0.004169 0.502118 -0.864789 3.600000 0.004125 0.864780 0.502133 -0.000000 0.000000 0.000000 0.000000 1.000000
0.999982 -0.005892 0.001448 0.000000 0.003838 0.429307 -0.903150 3.600000 0.004700 0.903139 0.429322 -0.000000 0.000000 0.000000 0.000000 1.000000
0.999980 -0.006124 0.001339 -0.000000 0.003492 0.366738 -0.930318 3.600000 0.005206 0.930304 0.366752 0.000000 0.000000 0.000000 0.000000 1.000000
0.999980 -0.006231 0.001131 -0.000000 0.003334 0.366080 -0.930577 3.600000 0.005384 0.930562 0.366094 -0.000000 0.000000 0.000000 0.000000 1.000000
0.999981 -0.006108 0.000786 0.000000 0.003442 0.448503 -0.893775 3.600000 0.005106 0.893761 0.448515 0.000000 0.000000 0.000000 0.000000 1.000000
0.999983 -0.005731 0.000404 0.000000 0.003630 0.575858 -0.817542 3.600000 0.004453 0.817530 0.575869 0.000000 0.000000 0.000000 0.000000 1.000000
0.999986 -0.005241 0.000147 0.000000 0.003722 0.689877 -0.723917 3.600000 0.003692 0.723907 0.689888 0.000000 0.000000 0.000000 0.000000 1.000000
0.999989 -0.004795 0.000061 0.000000 0.003738 0.771550 -0.636158 3.600000 0.003003 0.636151 0.771559 0.000000 0.000000 0.000000 0.000000 1.000000
0.999990 -0.004379 0.000091 0.000000 0.003711 0.836163 -0.548468 3.600000 0.002326 0.548463 0.836172 0.000000 0.000000 0.000000 0.000000 1.000000
0.999992 -0.003901 0.000202 0.000000 0.003584 0.895787 -0.444469 3.600000 0.001552 0.444466 0.895794 0.000000 0.000000 0.000000 0.000000 1.000000
0.999994 -0.003331 0.000400 -0.000000 0.003280 0.945820 -0.324676 3.600000 0.000703 0.324675 0.945825 -0.000000 0.000000 0.000000 0.000000 1.000000
0.999996 -0.002756 0.000661 0.000000 0.002833 0.977684 -0.210060 3.600000 -0.000067 0.210061 0.977688 0.000000 0.000000 0.000000 0.000000 1.000000
0.999997 -0.002325 0.000896 -0.000000 0.002420 0.991856 -0.127340 3.600000 -0.000592 0.127342 0.991859 0.000000 0.000000 0.000000 0.000000 1.000000
0.999997 -0.002118 0.001020 0.000000 0.002199 0.996187 -0.087211 3.600000 -0.000831 0.087213 0.996189 0.000000 0.000000 0.000000 0.000000 1.000000
0.999997 -0.002071 0.001044 -0.000000 0.002144 0.997110 -0.075946 3.600000 -0.000883 0.075948 0.997111 0.000000 0.000000 0.000000 0.000000 1.000000
0.999997 -0.002071 0.001034 0.000000 0.002140 0.997418 -0.071784 3.600000 -0.000882 0.071786 0.997420 0.000000 0.000000 0.000000 0.000000 1.000000
0.999997 -0.002070 0.001030 0.000000 0.002133 0.997902 -0.064705 3.600000 -0.000894 0.064707 0.997904 0.000000 0.000000 0.000000 0.000000 1.000000
0.999997 -0.002075 0.001016 -0.000000 0.002132 0.998190 -0.060102 3.600000 -0.000889 0.060104 0.998192 0.000000 0.000000 0.000000 0.000000 1.000000
0.999997 -0.002099 0.000963 -0.000000 0.002158 0.997790 -0.066416 3.600000 -0.000821 0.066418 0.997792 0.000000 0.000000 0.000000 0.000000 1.000000
0.999997 -0.002141 0.000865 0.000000 0.002208 0.996288 -0.086052 3.600000 -0.000677 0.086053 0.996290 -0.000000 0.000000 0.000000 0.000000 1.000000
0.999997 -0.002193 0.000747 0.000000 0.002264 0.993455 -0.114205 3.600000 -0.000491 0.114206 0.993457 0.000000 0.000000 0.000000 0.000000 1.000000
0.999997 -0.002234 0.000660 -0.000000 0.002304 0.990453 -0.137830 3.600000 -0.000346 0.137831 0.990456 0.000000 0.000000 0.000000 0.000000 1.000000
0.999997 -0.002241 0.000634 0.000000 0.002310 0.989124 -0.147067 3.600000 -0.000297 0.147068 0.989126 0.000000 0.000000 0.000000 0.000000 1.000000
0.999997 -0.002231 0.000642 -0.000000 0.002302 0.988747 -0.149579 3.600000 -0.000301 0.149580 0.988750 0.000000 0.000000 0.000000 0.000000 1.000000
0.999997 -0.002279 0.000657 -0.000000 0.002356 0.986441 -0.164097 3.600000 -0.000274 0.164098 0.986444 0.000000 0.000000 0.000000 0.000000 1.000000
0.999997 -0.002476 0.000678 0.000000 0.002562 0.978964 -0.204015 3.600000 -0.000158 0.204016 0.978967 -0.000000 0.000000 0.000000 0.000000 1.000000
0.999996 -0.002795 0.000715 0.000000 0.002884 0.965418 -0.260692 3.600000 0.000039 0.260693 0.965422 0.000000 0.000000 0.000000 0.000000 1.000000
0.999995 -0.003085 0.000761 0.000000 0.003169 0.951991 -0.306111 3.600000 0.000220 0.306112 0.951996 0.000000 0.000000 0.000000 0.000000 1.000000
0.999994 -0.003239 0.000800 0.000000 0.003323 0.945300 -0.326185 3.600000 0.000300 0.326186 0.945306 0.000000 0.000000 0.000000 0.000000 1.000000
0.999994 -0.003287 0.000822 0.000000 0.003373 0.942281 -0.334805 3.600000 0.000326 0.334806 0.942287 0.000000 0.000000 0.000000 0.000000 1.000000
0.999994 -0.003299 0.000827 -0.000000 0.003381 0.937934 -0.346797 3.600000 0.000368 0.346798 0.937940 0.000000 0.000000 0.000000 0.000000 1.000000
0.999994 -0.003315 0.000833 0.000000 0.003392 0.932801 -0.360375 3.600000 0.000418 0.360376 0.932807 0.000000 0.000000 0.000000 0.000000 1.000000
0.999994 -0.003346 0.000839 0.000000 0.003419 0.928415 -0.371529 3.600000 0.000464 0.371529 0.928421 0.000000 0.000000 0.000000 0.000000 1.000000
0.999994 -0.003394 0.000836 -0.000000 0.003456 0.924181 -0.381940 3.600000 0.000524 0.381940 0.924187 0.000000 0.000000 0.000000 0.000000 1.000000
0.999994 -0.003445 0.000815 0.000000 0.003490 0.920251 -0.391313 3.600000 0.000598 0.391313 0.920257 -0.000000 0.000000 0.000000 0.000000 1.000000
0.999994 -0.003501 0.000764 0.000000 0.003514 0.916468 -0.400093 3.600000 0.000701 0.400093 0.916474 0.000000 0.000000 0.000000 0.000000 1.000000
0.999993 -0.003567 0.000648 0.000000 0.003515 0.910117 -0.414337 3.600000 0.000888 0.414337 0.910123 0.000000 0.000000 0.000000 0.000000 1.000000
0.999993 -0.003605 0.000456 -0.000000 0.003450 0.902527 -0.430619 3.600000 0.001141 0.430617 0.902534 0.000000 0.000000 0.000000 0.000000 1.000000
0.999994 -0.003514 0.000209 0.000000 0.003265 0.903614 -0.428335 3.600000 0.001316 0.428333 0.903620 -0.000000 0.000000 0.000000 0.000000 1.000000
0.999995 -0.003248 -0.000070 -0.000000 0.002956 0.918710 -0.394922 3.600000 0.001347 0.394920 0.918715 -0.000000 0.000000 0.000000 0.000000 1.000000
0.999996 -0.002918 -0.000346 0.000000 0.002611 0.936375 -0.350991 3.600000 0.001349 0.350989 0.936379 0.000000 0.000000 0.000000 0.000000 1.000000
0.999996 -0.002725 -0.000583 0.000000 0.002371 0.942020 -0.335549 3.600000 0.001464 0.335547 0.942022 0.000000 0.000000 0.000000 0.000000 1.000000
0.999996 -0.002738 -0.000775 0.000000 0.002275 0.932851 -0.360256 3.600000 0.001710 0.360253 0.932853 0.000000 0.000000 0.000000 0.000000 1.000000
0.999996 -0.002843 -0.000919 0.000000 0.002242 0.917293 -0.398206 3.600000 0.001975 0.398202 0.917295 0.000000 0.000000 0.000000 0.000000 1.000000
0.999995 -0.002928 -0.001025 -0.000000 0.002218 0.905890 -0.423508 3.600000 0.002168 0.423504 0.905892 0.000000 0.000000 0.000000 0.000000 1.000000
0.999995 -0.002982 -0.001110 -0.000000 0.002198 0.899555 -0.436801 3.600000 0.002301 0.436796 0.899557 0.000000 0.000000 0.000000 0.000000 1.000000
0.999995 -0.003037 -0.001197 0.000000 0.002173 0.892980 -0.450090 3.600000 0.002436 0.450085 0.892982 0.000000 0.000000 0.000000 0.000000 1.000000
0.999994 -0.003103 -0.001295 0.000000 0.002139 0.884338 -0.466843 3.600000 0.002594 0.466837 0.884339 0.000000 0.000000 0.000000 0.000000 1.000000
0.999994 -0.003190 -0.001419 -0.000000 0.002095 0.873266 -0.487239 3.600000 0.002793 0.487233 0.873267 0.000000 0.000000 0.000000 0.000000 1.000000
0.999993 -0.003305 -0.001583 -0.000000 0.002026 0.858516 -0.512783 3.600000 0.003053 0.512777 0.858517 0.000000 0.000000 0.000000 0.000000 1.000000
0.999993 -0.003406 -0.001753 0.000000 0.001925 0.842368 -0.538899 3.600000 0.003312 0.538892 0.842368 0.000000 0.000000 0.000000 0.000000 1.000000
0.999992 -0.003446 -0.001886 0.000000 0.001807 0.829811 -0.558042 3.600000 0.003488 0.558035 0.829810 0.000000 0.000000 0.000000 0.000000 1.000000
0.999992 -0.003426 -0.001976 0.000000 0.001693 0.822379 -0.568938 3.600000 0.003574 0.568930 0.822378 0.000000 0.000000 0.000000 0.000000 1.000000
0.999992 -0.003390 -0.002039 0.000000 0.001598 0.817655 -0.575706 3.600000 0.003619 0.575699 0.817654 -0.000000 0.000000 0.000000 0.000000 1.000000
0.999992 -0.003372 -0.002089 0.000000 0.001528 0.813362 -0.581756 3.600000 0.003661 0.581748 0.813361 -0.000000 0.000000 0.000000 0.000000 1.000000
0.999992 -0.003377 -0.002124 0.000000 0.001485 0.809180 -0.587559 3.600000 0.003703 0.587551 0.809178 0.000000 0.000000 0.000000 0.000000 1.000000
0.999992 -0.003396 -0.002144 0.000000 0.001466 0.805694 -0.592330 3.600000 0.003739 0.592322 0.805693 0.000000 0.000000 0.000000 0.000000 1.000000
0.999992 -0.003417 -0.002151 -0.000000 0.001463 0.803194 -0.595716 3.600000 0.003763 0.595708 0.803193 0.000000 0.000000 0.000000 0.000000 1.000000
0.999992 -0.003435 -0.002151 -0.000000 0.001468 0.801573 -0.597896 3.600000 0.003778 0.597887 0.801571 0.000000 0.000000 0.000000 0.000000 1.000000
0.999992 -0.003450 -0.002148 0.000000 0.001476 0.800637 -0.599148 3.600000 0.003787 0.599140 0.800635 -0.000000 0.000000 0.000000 0.000000 1.000000
0.999991 -0.003544 -0.002227 -0.000000 0.001501 0.800264 -0.599646 3.600000 0.003907 0.599638 0.800262 0.000000 0.000000 0.000000 0.000000 1.000000</float_array>
        <technique_common>
          <accessor source="#mixamorig_RightHandPinky2-Matrix-animation-output-transform-array" count="90" stride="16">
            <param type="float4x4"/>
          </accessor>
        </technique_common>
      </source>
      <source id="mixamorig_RightHandPinky2-Interpolations">
        <Name_array id="mixamorig_RightHandPinky2-Interpolations-array" count="90">
 LINEAR LINEAR LINEAR LINEAR LINEAR LINEAR LINEAR LINEAR LINEAR LINEAR LINEAR
LINEAR LINEAR LINEAR LINEAR LINEAR LINEAR LINEAR LINEAR LINEAR LINEAR LINEAR LINEAR
LINEAR LINEAR LINEAR LINEAR LINEAR LINEAR LINEAR LINEAR LINEAR LINEAR LINEAR LINEAR
LINEAR LINEAR LINEAR LINEAR LINEAR LINEAR LINEAR LINEAR LINEAR LINEAR LINEAR LINEAR
LINEAR LINEAR LINEAR LINEAR LINEAR LINEAR LINEAR LINEAR LINEAR LINEAR LINEAR LINEAR
LINEAR LINEAR LINEAR LINEAR LINEAR LINEAR LINEAR LINEAR LINEAR LINEAR LINEAR LINEAR
LINEAR LINEAR LINEAR LINEAR LINEAR LINEAR LINEAR LINEAR LINEAR LINEAR LINEAR LINEAR
LINEAR LINEAR LINEAR LINEAR LINEAR LINEAR LINEAR</Name_array>
        <technique_common>
          <accessor source="#mixamorig_RightHandPinky2-Interpolations-array" count="90">
            <param type="name"/>
          </accessor>
        </technique_common>
      </source>
      <sampler id="mixamorig_RightHandPinky2-Matrix-animation-transform">
        <input semantic="INPUT" source="#mixamorig_RightHandPinky2-Matrix-animation-input"/>
        <input semantic="OUTPUT" source="#mixamorig_RightHandPinky2-Matrix-animation-output-transform"/>
        <input semantic="INTERPOLATION" source="#mixamorig_RightHandPinky2-Interpolations"/>
      </sampler>
      <channel source="#mixamorig_RightHandPinky2-Matrix-animation-transform" target="mixamorig_RightHandPinky2/matrix"/>
    </animation>
    <animation id="mixamorig_RightHandPinky3-anim" name="mixamorig_RightHandPinky3">
      <source id="mixamorig_RightHandPinky3-Matrix-animation-input">
        <float_array id="mixamorig_RightHandPinky3-Matrix-animation-input-array" count="90">

0.000000 0.033333 0.066667 0.100000 0.133333 0.166667 0.200000 0.233333 0.266667 0.300000 0.333333 0.366667 0.400000 0.433333 0.466667 0.500000
0.533333 0.566667 0.600000 0.633333 0.666667 0.700000 0.733333 0.766667 0.800000 0.833333 0.866667 0.900000 0.933333 0.966667 1.000000 1.033333
1.066667 1.100000 1.133333 1.166667 1.200000 1.233333 1.266667 1.300000 1.333333 1.366667 1.400000 1.433333 1.466667 1.500000 1.533333 1.566667
1.600000 1.633333 1.666667 1.700000 1.733333 1.766667 1.800000 1.833333 1.866667 1.900000 1.933333 1.966667 2.000000 2.033333 2.066667 2.100000
2.133333 2.166667 2.200000 2.233333 2.266667 2.300000 2.333333 2.366667 2.400000 2.433333 2.466667 2.500000 2.533333 2.566667 2.600000 2.633333
2.666667 2.700000 2.733333 2.766667 2.800000 2.833333 2.866667 2.900000 2.933333 2.966667</float_array>
        <technique_common>
          <accessor source="#mixamorig_RightHandPinky3-Matrix-animation-input-array" count="90">
            <param name="TIME" type="float"/>
          </accessor>
        </technique_common>
      </source>
      <source id="mixamorig_RightHandPinky3-Matrix-animation-output-transform">
        <float_array id="mixamorig_RightHandPinky3-Matrix-animation-output-transform-array" count="1440">

0.999989 -0.003376 -0.003166 0.000000 0.000833 0.804150 -0.594425 2.100000 0.004553 0.594416 0.804145 0.000000 0.000000 0.000000 0.000000 1.000000
0.999990 -0.003277 -0.003089 -0.000000 0.000840 0.809576 -0.587014 2.100000 0.004425 0.587006 0.809571 0.000000 0.000000 0.000000 0.000000 1.000000
0.999990 -0.003192 -0.003149 0.000000 0.000808 0.819106 -0.573642 2.100000 0.004411 0.573634 0.819100 -0.000000 0.000000 0.000000 0.000000 1.000000
0.999990 -0.003109 -0.003187 0.000000 0.000788 0.828157 -0.560496 2.100000 0.004382 0.560488 0.828151 0.000000 0.000000 0.000000 0.000000 1.000000
0.999990 -0.003092 -0.003142 -0.000000 0.000816 0.830362 -0.557224 2.100000 0.004332 0.557216 0.830356 0.000000 0.000000 0.000000 0.000000 1.000000
0.999990 -0.003204 -0.002955 0.000000 0.000929 0.819065 -0.573700 2.100000 0.004259 0.573691 0.819060 0.000000 0.000000 0.000000 0.000000 1.000000
0.999991 -0.003470 -0.002593 -0.000000 0.001149 0.789691 -0.613504 2.100000 0.004176 0.613495 0.789688 0.000000 0.000000 0.000000 0.000000 1.000000
0.999990 -0.003851 -0.002063 0.000000 0.001471 0.741399 -0.671063 2.100000 0.004114 0.671053 0.741398 0.000000 0.000000 0.000000 0.000000 1.000000
0.999990 -0.004277 -0.001411 0.000000 0.001862 0.677987 -0.735072 2.100000 0.004101 0.735062 0.677988 0.000000 0.000000 0.000000 0.000000 1.000000
0.999989 -0.004675 -0.000718 -0.000000 0.002271 0.607685 -0.794175 2.100000 0.004149 0.794165 0.607689 0.000000 0.000000 0.000000 0.000000 1.000000
0.999987 -0.005000 -0.000064 0.000000 0.002655 0.541653 -0.840598 2.100000 0.004237 0.840588 0.541659 0.000000 0.000000 0.000000 0.000000 1.000000
0.999986 -0.005228 0.000507 0.000000 0.003003 0.489977 -0.871730 2.100000 0.004309 0.871720 0.489986 0.000000 0.000000 0.000000 0.000000 1.000000
0.999985 -0.005360 0.001001 0.000000 0.003338 0.456551 -0.889691 2.100000 0.004312 0.889681 0.456562 0.000000 0.000000 0.000000 0.000000 1.000000
0.999984 -0.005422 0.001442 0.000000 0.003673 0.438384 -0.898780 2.100000 0.004241 0.898771 0.438397 0.000000 0.000000 0.000000 0.000000 1.000000
0.999984 -0.005452 0.001798 0.000000 0.003968 0.429935 -0.902851 2.100000 0.004150 0.902844 0.429949 0.000000 0.000000 0.000000 0.000000 1.000000
0.999983 -0.005495 0.002018 0.000000 0.004171 0.426971 -0.904256 2.100000 0.004107 0.904249 0.426986 0.000000 0.000000 0.000000 0.000000 1.000000
0.999982 -0.005587 0.002092 0.000000 0.004280 0.427608 -0.903954 2.100000 0.004156 0.903947 0.427624 0.000000 0.000000 0.000000 0.000000 1.000000
0.999981 -0.005733 0.002076 0.000000 0.004346 0.431462 -0.902121 2.100000 0.004276 0.902113 0.431479 0.000000 0.000000 0.000000 0.000000 1.000000
0.999981 -0.005896 0.002038 0.000000 0.004415 0.438043 -0.898943 2.100000 0.004407 0.898935 0.438060 0.000000 0.000000 0.000000 0.000000 1.000000
0.999980 -0.006026 0.001999 -0.000000 0.004478 0.446346 -0.894849 2.100000 0.004500 0.894840 0.446364 0.000000 0.000000 0.000000 0.000000 1.000000
0.999980 -0.006089 0.001934 0.000000 0.004499 0.456326 -0.889801 2.100000 0.004535 0.889792 0.456345 -0.000000 0.000000 0.000000 0.000000 1.000000
0.999980 -0.006088 0.001804 0.000000 0.004453 0.469797 -0.882763 2.100000 0.004527 0.882753 0.469815 0.000000 0.000000 0.000000 0.000000 1.000000
0.999981 -0.006029 0.001603 0.000000 0.004344 0.488566 -0.872516 2.100000 0.004477 0.872506 0.488582 0.000000 0.000000 0.000000 0.000000 1.000000
0.999982 -0.005905 0.001362 0.000000 0.004192 0.511775 -0.859109 2.100000 0.004376 0.859099 0.511790 0.000000 0.000000 0.000000 0.000000 1.000000
0.999983 -0.005724 0.001118 0.000000 0.004012 0.535964 -0.844231 2.100000 0.004233 0.844221 0.535978 -0.000000 0.000000 0.000000 0.000000 1.000000
0.999984 -0.005518 0.000890 0.000000 0.003818 0.558028 -0.829813 2.100000 0.004082 0.829804 0.558041 -0.000000 0.000000 0.000000 0.000000 1.000000
0.999986 -0.005317 0.000679 0.000000 0.003620 0.576430 -0.817139 2.100000 0.003953 0.817129 0.576441 0.000000 0.000000 0.000000 0.000000 1.000000
0.999986 -0.005179 0.000489 0.000000 0.003434 0.586543 -0.809911 2.100000 0.003908 0.809901 0.586553 0.000000 0.000000 0.000000 0.000000 1.000000
0.999986 -0.005220 0.000348 0.000000 0.003292 0.576172 -0.817322 2.100000 0.004066 0.817312 0.576181 -0.000000 0.000000 0.000000 0.000000 1.000000
0.999985 -0.005529 0.000296 -0.000000 0.003199 0.533334 -0.845898 2.100000 0.004519 0.845886 0.533344 -0.000000 0.000000 0.000000 0.000000 1.000000
0.999982 -0.006012 0.000335 0.000000 0.003090 0.464691 -0.885468 2.100000 0.005168 0.885453 0.464701 -0.000000 0.000000 0.000000 0.000000 1.000000
0.999979 -0.006424 0.000374 -0.000000 0.002947 0.405417 -0.914127 2.100000 0.005721 0.914109 0.405428 -0.000000 0.000000 0.000000 0.000000 1.000000
0.999979 -0.006546 0.000271 0.000000 0.002891 0.403612 -0.914926 2.100000 0.005880 0.914907 0.403622 0.000000 0.000000 0.000000 0.000000 1.000000
0.999980 -0.006278 -0.000024 0.000000 0.002988 0.479320 -0.877635 2.100000 0.005522 0.877618 0.479329 0.000000 0.000000 0.000000 0.000000 1.000000
0.999984 -0.005690 -0.000381 0.000000 0.003093 0.597203 -0.802084 2.100000 0.004791 0.802070 0.597211 0.000000 0.000000 0.000000 0.000000 1.000000
0.999987 -0.005026 -0.000612 -0.000000 0.003099 0.703157 -0.711028 2.100000 0.004004 0.711017 0.703164 0.000000 0.000000 0.000000 0.000000 1.000000
0.999990 -0.004471 -0.000669 -0.000000 0.003066 0.779519 -0.626372 2.100000 0.003322 0.626363 0.779524 0.000000 0.000000 0.000000 0.000000 1.000000
0.999992 -0.003978 -0.000595 -0.000000 0.003021 0.840583 -0.541675 2.100000 0.002655 0.541669 0.840588 0.000000 0.000000 0.000000 0.000000 1.000000
0.999994 -0.003431 -0.000418 0.000000 0.002896 0.897589 -0.440823 2.100000 0.001888 0.440820 0.897594 0.000000 0.000000 0.000000 0.000000 1.000000
0.999996 -0.002819 -0.000140 -0.000000 0.002621 0.945894 -0.324465 2.100000 0.001048 0.324463 0.945898 -0.000000 0.000000 0.000000 0.000000 1.000000
0.999997 -0.002248 0.000193 0.000000 0.002238 0.977015 -0.213160 2.100000 0.000291 0.213159 0.977017 -0.000000 0.000000 0.000000 0.000000 1.000000
0.999998 -0.001847 0.000473 0.000000 0.001894 0.991149 -0.132741 2.100000 -0.000223 0.132742 0.991151 -0.000000 0.000000 0.000000 0.000000 1.000000
0.999998 -0.001662 0.000611 -0.000000 0.001711 0.995629 -0.093382 2.100000 -0.000453 0.093383 0.995630 0.000000 0.000000 0.000000 0.000000 1.000000
0.999999 -0.001611 0.000626 -0.000000 0.001657 0.996597 -0.082408 2.100000 -0.000491 0.082408 0.996599 0.000000 0.000000 0.000000 0.000000 1.000000
0.999999 -0.001595 0.000599 0.000000 0.001638 0.996808 -0.079820 2.100000 -0.000470 0.079820 0.996809 0.000000 0.000000 0.000000 0.000000 1.000000
0.999999 -0.001577 0.000584 0.000000 0.001617 0.997131 -0.075674 2.100000 -0.000463 0.075675 0.997132 0.000000 0.000000 0.000000 0.000000 1.000000
0.999999 -0.001568 0.000565 0.000000 0.001606 0.997305 -0.073354 2.100000 -0.000449 0.073354 0.997306 0.000000 0.000000 0.000000 0.000000 1.000000
0.999999 -0.001586 0.000509 -0.000000 0.001621 0.996833 -0.079504 2.100000 -0.000382 0.079504 0.996834 -0.000000 0.000000 0.000000 0.000000 1.000000
0.999999 -0.001648 0.000406 0.000000 0.001679 0.995329 -0.096529 2.100000 -0.000245 0.096530 0.995330 0.000000 0.000000 0.000000 0.000000 1.000000
0.999998 -0.001763 0.000284 0.000000 0.001784 0.992686 -0.120716 2.100000 -0.000069 0.120716 0.992687 0.000000 0.000000 0.000000 0.000000 1.000000
0.999998 -0.001891 0.000204 -0.000000 0.001901 0.990050 -0.140703 2.100000 0.000064 0.140704 0.990052 0.000000 0.000000 0.000000 0.000000 1.000000
0.999998 -0.001957 0.000197 0.000000 0.001965 0.989027 -0.147724 2.100000 0.000094 0.147724 0.989029 0.000000 0.000000 0.000000 0.000000 1.000000
0.999998 -0.001953 0.000222 0.000000 0.001964 0.988960 -0.148169 2.100000 0.000070 0.148169 0.988962 0.000000 0.000000 0.000000 0.000000 1.000000
0.999998 -0.001978 0.000226 -0.000000 0.001989 0.987313 -0.158774 2.100000 0.000091 0.158775 0.987315 0.000000 0.000000 0.000000 0.000000 1.000000
0.999998 -0.002156 0.000200 -0.000000 0.002154 0.981193 -0.193015 2.100000 0.000220 0.193015 0.981196 0.000000 0.000000 0.000000 0.000000 1.000000
0.999997 -0.002465 0.000182 0.000000 0.002435 0.969651 -0.244482 2.100000 0.000427 0.244482 0.969654 0.000000 0.000000 0.000000 0.000000 1.000000
0.999996 -0.002731 0.000205 0.000000 0.002674 0.957861 -0.287221 2.100000 0.000588 0.287220 0.957864 0.000000 0.000000 0.000000 0.000000 1.000000
0.999996 -0.002837 0.000244 0.000000 0.002775 0.951699 -0.307020 2.100000 0.000639 0.307020 0.951703 0.000000 0.000000 0.000000 0.000000 1.000000
0.999996 -0.002844 0.000248 0.000000 0.002776 0.948709 -0.316137 2.100000 0.000664 0.316137 0.948713 0.000000 0.000000 0.000000 0.000000 1.000000
0.999996 -0.002854 0.000215 0.000000 0.002767 0.944564 -0.328315 2.100000 0.000734 0.328314 0.944568 0.000000 0.000000 0.000000 0.000000 1.000000
0.999996 -0.002896 0.000184 0.000000 0.002784 0.939739 -0.341883 2.100000 0.000817 0.341882 0.939743 0.000000 0.000000 0.000000 0.000000 1.000000
0.999996 -0.002945 0.000164 -0.000000 0.002814 0.935578 -0.353108 2.100000 0.000886 0.353107 0.935583 -0.000000 0.000000 0.000000 0.000000 1.000000
0.999996 -0.002984 0.000138 0.000000 0.002830 0.931530 -0.363655 2.100000 0.000957 0.363653 0.931534 0.000000 0.000000 0.000000 0.000000 1.000000
0.999995 -0.003008 0.000103 0.000000 0.002829 0.927744 -0.373208 2.100000 0.001027 0.373206 0.927748 -0.000000 0.000000 0.000000 0.000000 1.000000
0.999995 -0.003030 0.000051 -0.000000 0.002820 0.924117 -0.382100 2.100000 0.001111 0.382098 0.924121 0.000000 0.000000 0.000000 0.000000 1.000000
0.999995 -0.003072 -0.000062 -0.000000 0.002796 0.918182 -0.396150 2.100000 0.001274 0.396148 0.918186 -0.000000 0.000000 0.000000 0.000000 1.000000
0.999995 -0.003091 -0.000255 0.000000 0.002711 0.911057 -0.412272 2.100000 0.001506 0.412269 0.911061 -0.000000 0.000000 0.000000 0.000000 1.000000
0.999995 -0.002987 -0.000480 0.000000 0.002526 0.911700 -0.410849 2.100000 0.001665 0.410846 0.911703 0.000000 0.000000 0.000000 0.000000 1.000000
0.999996 -0.002707 -0.000696 -0.000000 0.002240 0.925041 -0.379862 2.100000 0.001672 0.379859 0.925043 -0.000000 0.000000 0.000000 0.000000 1.000000
0.999997 -0.002365 -0.000895 0.000000 0.001921 0.940744 -0.339113 2.100000 0.001644 0.339110 0.940745 0.000000 0.000000 0.000000 0.000000 1.000000
0.999997 -0.002170 -0.001112 0.000000 0.001689 0.945395 -0.325921 2.100000 0.001758 0.325918 0.945396 0.000000 0.000000 0.000000 0.000000 1.000000
0.999997 -0.002197 -0.001356 -0.000000 0.001580 0.936278 -0.351258 2.100000 0.002042 0.351254 0.936278 0.000000 0.000000 0.000000 0.000000 1.000000
0.999996 -0.002328 -0.001574 0.000000 0.001532 0.921220 -0.389038 2.100000 0.002355 0.389034 0.921220 -0.000000 0.000000 0.000000 0.000000 1.000000
0.999996 -0.002441 -0.001717 0.000000 0.001511 0.910187 -0.414194 2.100000 0.002574 0.414190 0.910187 0.000000 0.000000 0.000000 0.000000 1.000000
0.999995 -0.002527 -0.001811 -0.000000 0.001510 0.904012 -0.427505 2.100000 0.002718 0.427500 0.904011 0.000000 0.000000 0.000000 0.000000 1.000000
0.999995 -0.002625 -0.001909 0.000000 0.001514 0.897526 -0.440958 2.100000 0.002871 0.440953 0.897526 0.000000 0.000000 0.000000 0.000000 1.000000
0.999994 -0.002740 -0.002028 0.000000 0.001507 0.888917 -0.458065 2.100000 0.003058 0.458059 0.888916 -0.000000 0.000000 0.000000 0.000000 1.000000
0.999993 -0.002871 -0.002183 0.000000 0.001475 0.877940 -0.478768 2.100000 0.003291 0.478761 0.877939 0.000000 0.000000 0.000000 0.000000 1.000000
0.999993 -0.003015 -0.002381 0.000000 0.001403 0.863559 -0.504246 2.100000 0.003577 0.504239 0.863557 0.000000 0.000000 0.000000 0.000000 1.000000
0.999992 -0.003135 -0.002589 0.000000 0.001286 0.847923 -0.530118 2.100000 0.003858 0.530110 0.847920 0.000000 0.000000 0.000000 0.000000 1.000000
0.999991 -0.003189 -0.002753 0.000000 0.001153 0.835602 -0.549334 2.100000 0.004052 0.549326 0.835598 0.000000 0.000000 0.000000 0.000000 1.000000
0.999991 -0.003182 -0.002861 0.000000 0.001030 0.827985 -0.560749 2.100000 0.004153 0.560741 0.827981 -0.000000 0.000000 0.000000 0.000000 1.000000
0.999991 -0.003159 -0.002937 0.000000 0.000931 0.822890 -0.568200 2.100000 0.004212 0.568192 0.822885 0.000000 0.000000 0.000000 0.000000 1.000000
0.999991 -0.003152 -0.002998 0.000000 0.000856 0.818282 -0.574816 2.100000 0.004265 0.574808 0.818277 0.000000 0.000000 0.000000 0.000000 1.000000
0.999990 -0.003166 -0.003046 -0.000000 0.000806 0.813877 -0.581036 2.100000 0.004319 0.581028 0.813872 0.000000 0.000000 0.000000 0.000000 1.000000
0.999990 -0.003191 -0.003075 0.000000 0.000783 0.810184 -0.586175 2.100000 0.004362 0.586167 0.810178 0.000000 0.000000 0.000000 0.000000 1.000000
0.999990 -0.003219 -0.003089 0.000000 0.000776 0.807464 -0.589917 2.100000 0.004393 0.589909 0.807458 -0.000000 0.000000 0.000000 0.000000 1.000000
0.999990 -0.003242 -0.003093 0.000000 0.000780 0.805644 -0.592399 2.100000 0.004413 0.592390 0.805639 -0.000000 0.000000 0.000000 0.000000 1.000000
0.999990 -0.003259 -0.003094 0.000000 0.000785 0.804577 -0.593847 2.100000 0.004425 0.593839 0.804572 0.000000 0.000000 0.000000 0.000000 1.000000
0.999989 -0.003376 -0.003166 0.000000 0.000833 0.804151 -0.594425 2.100000 0.004553 0.594416 0.804145 -0.000000 0.000000 0.000000 0.000000 1.000000</float_array>
        <technique_common>
          <accessor source="#mixamorig_RightHandPinky3-Matrix-animation-output-transform-array" count="90" stride="16">
            <param type="float4x4"/>
          </accessor>
        </technique_common>
      </source>
      <source id="mixamorig_RightHandPinky3-Interpolations">
        <Name_array id="mixamorig_RightHandPinky3-Interpolations-array" count="90">
 LINEAR LINEAR LINEAR LINEAR LINEAR LINEAR LINEAR LINEAR LINEAR LINEAR LINEAR
LINEAR LINEAR LINEAR LINEAR LINEAR LINEAR LINEAR LINEAR LINEAR LINEAR LINEAR LINEAR
LINEAR LINEAR LINEAR LINEAR LINEAR LINEAR LINEAR LINEAR LINEAR LINEAR LINEAR LINEAR
LINEAR LINEAR LINEAR LINEAR LINEAR LINEAR LINEAR LINEAR LINEAR LINEAR LINEAR LINEAR
LINEAR LINEAR LINEAR LINEAR LINEAR LINEAR LINEAR LINEAR LINEAR LINEAR LINEAR LINEAR
LINEAR LINEAR LINEAR LINEAR LINEAR LINEAR LINEAR LINEAR LINEAR LINEAR LINEAR LINEAR
LINEAR LINEAR LINEAR LINEAR LINEAR LINEAR LINEAR LINEAR LINEAR LINEAR LINEAR LINEAR
LINEAR LINEAR LINEAR LINEAR LINEAR LINEAR LINEAR</Name_array>
        <technique_common>
          <accessor source="#mixamorig_RightHandPinky3-Interpolations-array" count="90">
            <param type="name"/>
          </accessor>
        </technique_common>
      </source>
      <sampler id="mixamorig_RightHandPinky3-Matrix-animation-transform">
        <input semantic="INPUT" source="#mixamorig_RightHandPinky3-Matrix-animation-input"/>
        <input semantic="OUTPUT" source="#mixamorig_RightHandPinky3-Matrix-animation-output-transform"/>
        <input semantic="INTERPOLATION" source="#mixamorig_RightHandPinky3-Interpolations"/>
      </sampler>
      <channel source="#mixamorig_RightHandPinky3-Matrix-animation-transform" target="mixamorig_RightHandPinky3/matrix"/>
    </animation>
    <animation id="mixamorig_LeftShoulder-anim" name="mixamorig_LeftShoulder">
      <source id="mixamorig_LeftShoulder-Matrix-animation-input">
        <float_array id="mixamorig_LeftShoulder-Matrix-animation-input-array" count="90">

0.000000 0.033333 0.066667 0.100000 0.133333 0.166667 0.200000 0.233333 0.266667 0.300000 0.333333 0.366667 0.400000 0.433333 0.466667 0.500000
0.533333 0.566667 0.600000 0.633333 0.666667 0.700000 0.733333 0.766667 0.800000 0.833333 0.866667 0.900000 0.933333 0.966667 1.000000 1.033333
1.066667 1.100000 1.133333 1.166667 1.200000 1.233333 1.266667 1.300000 1.333333 1.366667 1.400000 1.433333 1.466667 1.500000 1.533333 1.566667
1.600000 1.633333 1.666667 1.700000 1.733333 1.766667 1.800000 1.833333 1.866667 1.900000 1.933333 1.966667 2.000000 2.033333 2.066667 2.100000
2.133333 2.166667 2.200000 2.233333 2.266667 2.300000 2.333333 2.366667 2.400000 2.433333 2.466667 2.500000 2.533333 2.566667 2.600000 2.633333
2.666667 2.700000 2.733333 2.766667 2.800000 2.833333 2.866667 2.900000 2.933333 2.966667</float_array>
        <technique_common>
          <accessor source="#mixamorig_LeftShoulder-Matrix-animation-input-array" count="90">
            <param name="TIME" type="float"/>
          </accessor>
        </technique_common>
      </source>
      <source id="mixamorig_LeftShoulder-Matrix-animation-output-transform">
        <float_array id="mixamorig_LeftShoulder-Matrix-animation-output-transform-array" count="1440">

-0.005218 0.993115 -0.117030 4.570400 0.037797 -0.116752 -0.992442 11.195600 -0.999272 -0.009602 -0.036927 -0.806600 0.000000 0.000000 0.000000 1.000000
-0.021209 0.993645 -0.110545 4.570400 0.039679 -0.109646 -0.993178 11.195600 -0.998987 -0.025450 -0.037101 -0.806600 0.000000 0.000000 0.000000 1.000000
-0.054778 0.993857 -0.096161 4.570400 0.042669 -0.093888 -0.994668 11.195600 -0.997586 -0.058589 -0.037264 -0.806600 0.000000 0.000000 0.000000 1.000000
-0.087685 0.992668 -0.083197 4.570400 0.044147 -0.079565 -0.995852 11.195600 -0.995170 -0.090994 -0.036847 -0.806600 0.000000 0.000000 0.000000 1.000000
-0.096188 0.993349 -0.063287 4.570400 0.043007 -0.059375 -0.997309 11.195600 -0.994434 -0.098651 -0.037010 -0.806600 0.000000 0.000000 0.000000 1.000000
-0.106282 0.994264 -0.011972 4.570400 0.037864 -0.007984 -0.999251 11.195600 -0.993615 -0.106656 -0.036799 -0.806600 0.000000 0.000000 0.000000 1.000000
-0.123409 0.992275 0.012688 4.570400 0.034556 0.017075 -0.999257 11.195600 -0.991754 -0.122879 -0.036397 -0.806600 0.000000 0.000000 0.000000 1.000000
-0.106703 0.993944 0.026246 4.570400 0.034130 0.030043 -0.998966 11.195600 -0.993705 -0.105697 -0.037129 -0.806600 0.000000 0.000000 0.000000 1.000000
-0.068011 0.996815 0.041635 4.570400 0.035604 0.044130 -0.998391 11.195600 -0.997049 -0.066419 -0.038492 -0.806600 0.000000 0.000000 0.000000 1.000000
-0.016216 0.998402 0.054128 4.570400 0.041016 0.054753 -0.997657 11.195600 -0.999027 -0.013958 -0.041839 -0.806600 0.000000 0.000000 0.000000 1.000000
0.061707 0.996430 0.057623 4.570400 0.053045 0.054378 -0.997110 11.195600 -0.996684 0.064585 -0.049500 -0.806600 0.000000 0.000000 0.000000 1.000000
0.142149 0.988371 0.054007 4.570400 0.064791 0.045154 -0.996877 11.195600 -0.987722 0.145205 -0.057619 -0.806600 0.000000 0.000000 0.000000 1.000000
0.204702 0.977858 0.043480 4.570400 0.074065 0.028820 -0.996837 11.195600 -0.976018 0.207275 -0.066526 -0.806600 0.000000 0.000000 0.000000 1.000000
0.238987 0.970581 0.029273 4.570400 0.079252 0.010550 -0.996799 11.195600 -0.967783 0.240542 -0.074400 -0.806600 0.000000 0.000000 0.000000 1.000000
0.243598 0.969840 0.008415 4.570400 0.079973 -0.011439 -0.996731 11.195600 -0.966573 0.243475 -0.080348 -0.806600 0.000000 0.000000 0.000000 1.000000
0.228411 0.973131 -0.029063 4.570400 0.076736 -0.047754 -0.995907 11.195600 -0.970536 0.225246 -0.085581 -0.806600 0.000000 0.000000 0.000000 1.000000
0.234120 0.969513 -0.072328 4.570400 0.066855 -0.090275 -0.993670 11.195600 -0.969906 0.227803 -0.085952 -0.806600 0.000000 0.000000 0.000000 1.000000
0.265258 0.960915 -0.079246 4.570400 0.058185 -0.097994 -0.993485 11.195600 -0.962420 0.258919 -0.081905 -0.806600 0.000000 0.000000 0.000000 1.000000
0.322562 0.942802 -0.084135 4.570400 0.050190 -0.105797 -0.993120 11.195600 -0.945217 0.316120 -0.081446 -0.806600 0.000000 0.000000 0.000000 1.000000
0.376928 0.921415 -0.094442 4.570400 0.041757 -0.118764 -0.992044 11.195600 -0.925301 0.369985 -0.083241 -0.806600 0.000000 0.000000 0.000000 1.000000
0.415251 0.902664 -0.112978 4.570400 0.035019 -0.139961 -0.989538 11.195600 -0.909033 0.406950 -0.089729 -0.806600 0.000000 0.000000 0.000000 1.000000
0.466130 0.878341 -0.106024 4.570400 0.038318 -0.139771 -0.989442 11.195600 -0.883886 0.457146 -0.098808 -0.806600 0.000000 0.000000 0.000000 1.000000
0.488136 0.865925 -0.109073 4.570400 0.042144 -0.148214 -0.988057 11.195600 -0.871749 0.477710 -0.108843 -0.806600 0.000000 0.000000 0.000000 1.000000
0.497965 0.861138 -0.102332 4.570400 0.049231 -0.145885 -0.988076 11.195600 -0.865798 0.486990 -0.115041 -0.806600 0.000000 0.000000 0.000000 1.000000
0.496652 0.863158 -0.091084 4.570400 0.056440 -0.136837 -0.988984 11.195600 -0.866113 0.486040 -0.116677 -0.806600 0.000000 0.000000 0.000000 1.000000
0.475792 0.879546 -0.004644 4.570400 0.080242 -0.048663 -0.995587 11.195600 -0.875890 0.473319 -0.093730 -0.806600 0.000000 0.000000 0.000000 1.000000
0.428023 0.901678 0.061433 4.570400 0.090028 0.025098 -0.995623 11.195600 -0.899273 0.431680 -0.070434 -0.806600 0.000000 0.000000 0.000000 1.000000
0.368212 0.925024 0.093539 4.570400 0.086251 0.066188 -0.994072 11.195600 -0.925732 0.374097 -0.055413 -0.806600 0.000000 0.000000 0.000000 1.000000
0.286475 0.953731 0.091264 4.570400 0.069761 0.074239 -0.994797 11.195600 -0.955544 0.291352 -0.045265 -0.806600 0.000000 0.000000 0.000000 1.000000
0.213963 0.973912 0.075603 4.570400 0.054561 0.065360 -0.996369 11.195600 -0.975317 0.217311 -0.039153 -0.806600 0.000000 0.000000 0.000000 1.000000
0.123066 0.986848 0.104816 4.570400 0.036336 0.101067 -0.994216 11.195600 -0.991733 0.126163 -0.023420 -0.806600 0.000000 0.000000 0.000000 1.000000
0.025166 0.996899 0.074562 4.570400 0.009496 0.074344 -0.997187 11.195600 -0.999638 0.025803 -0.007596 -0.806600 0.000000 0.000000 0.000000 1.000000
-0.022231 0.999526 0.021274 4.570400 0.000539 0.021291 -0.999773 11.195600 -0.999753 -0.022215 -0.001012 -0.806600 0.000000 0.000000 0.000000 1.000000
-0.043368 0.998762 -0.024373 4.570400 -0.001158 -0.024446 -0.999700 11.195600 -0.999059 -0.043326 0.002217 -0.806600 0.000000 0.000000 0.000000 1.000000
-0.048932 0.996290 -0.070790 4.570400 -0.001650 -0.070956 -0.997478 11.195600 -0.998801 -0.048692 0.005116 -0.806600 0.000000 0.000000 0.000000 1.000000
-0.029495 0.992300 -0.120295 4.570400 -0.005813 -0.120515 -0.992694 11.195600 -0.999548 -0.028580 0.009323 -0.806600 0.000000 0.000000 0.000000 1.000000
0.014135 0.991513 -0.129235 4.570400 -0.017568 -0.128982 -0.991491 11.195600 -0.999746 0.016285 0.015596 -0.806600 0.000000 0.000000 0.000000 1.000000
0.073688 0.990084 -0.119601 4.570400 -0.036797 -0.117146 -0.992433 11.195600 -0.996602 0.077531 0.027800 -0.806600 0.000000 0.000000 0.000000 1.000000
0.139165 0.984824 -0.103706 4.570400 -0.062173 -0.095829 -0.993454 11.195600 -0.988316 0.144702 0.047893 -0.806600 0.000000 0.000000 0.000000 1.000000
0.203049 0.975175 -0.088347 4.570400 -0.090343 -0.071183 -0.993364 11.195600 -0.974992 0.209683 0.073646 -0.806600 0.000000 0.000000 0.000000 1.000000
0.251248 0.964951 -0.075786 4.570400 -0.116192 -0.047663 -0.992083 11.195600 -0.960923 0.258065 0.100144 -0.806600 0.000000 0.000000 0.000000 1.000000
0.276264 0.958659 -0.068195 4.570400 -0.135453 -0.031410 -0.990286 11.195600 -0.951489 0.282818 0.121176 -0.806600 0.000000 0.000000 0.000000 1.000000
0.286813 0.955837 -0.064144 4.570400 -0.143620 -0.023298 -0.989359 11.195600 -0.947160 0.292973 0.130595 -0.806600 0.000000 0.000000 0.000000 1.000000
0.288804 0.955501 -0.060081 4.570400 -0.143513 -0.018839 -0.989469 11.195600 -0.946571 0.294385 0.131686 -0.806600 0.000000 0.000000 0.000000 1.000000
0.288114 0.956017 -0.054973 4.570400 -0.141532 -0.014265 -0.989831 11.195600 -0.947079 0.292965 0.131197 -0.806600 0.000000 0.000000 0.000000 1.000000
0.288481 0.956175 -0.050071 4.570400 -0.138114 -0.010191 -0.990364 11.195600 -0.947472 0.292617 0.129121 -0.806600 0.000000 0.000000 0.000000 1.000000
0.290721 0.955692 -0.046197 4.570400 -0.133340 -0.007344 -0.991043 11.195600 -0.947471 0.294277 0.125297 -0.806600 0.000000 0.000000 0.000000 1.000000
0.292592 0.955272 -0.042954 4.570400 -0.127761 -0.005464 -0.991790 11.195600 -0.947664 0.295678 0.120448 -0.806600 0.000000 0.000000 0.000000 1.000000
0.288498 0.956486 -0.043622 4.570400 -0.121263 -0.008693 -0.992582 11.195600 -0.949771 0.291648 0.113478 -0.806600 0.000000 0.000000 0.000000 1.000000
0.289192 0.956313 -0.042821 4.570400 -0.113178 -0.010262 -0.993522 11.195600 -0.950557 0.292165 0.105265 -0.806600 0.000000 0.000000 0.000000 1.000000
0.279998 0.959317 -0.036220 4.570400 -0.103960 -0.007207 -0.994555 11.195600 -0.954355 0.282239 0.097713 -0.806600 0.000000 0.000000 0.000000 1.000000
0.263272 0.964090 -0.034904 4.570400 -0.093954 -0.010385 -0.995522 11.195600 -0.960136 0.265372 0.087846 -0.806600 0.000000 0.000000 0.000000 1.000000
0.246878 0.968599 -0.029445 4.570400 -0.082593 -0.009243 -0.996541 11.195600 -0.965521 0.248455 0.077717 -0.806600 0.000000 0.000000 0.000000 1.000000
0.236550 0.971238 -0.027227 4.570400 -0.070168 -0.010872 -0.997476 11.195600 -0.969082 0.237863 0.065578 -0.806600 0.000000 0.000000 0.000000 1.000000
0.210647 0.977113 -0.029637 4.570400 -0.057581 -0.017863 -0.998181 11.195600 -0.975865 0.211970 0.052500 -0.806600 0.000000 0.000000 0.000000 1.000000
0.173023 0.983468 -0.053414 4.570400 -0.045583 -0.046178 -0.997893 11.195600 -0.983862 0.175093 0.036839 -0.806600 0.000000 0.000000 0.000000 1.000000
0.119324 0.989339 -0.083486 4.570400 -0.034248 -0.079935 -0.996212 11.195600 -0.992265 0.121731 0.024345 -0.806600 0.000000 0.000000 0.000000 1.000000
0.074557 0.988095 -0.134570 4.570400 -0.021418 -0.133327 -0.990841 11.195600 -0.996987 0.076756 0.011223 -0.806600 0.000000 0.000000 0.000000 1.000000
0.049676 0.984899 -0.165849 4.570400 -0.008293 -0.165642 -0.986151 11.195600 -0.998731 0.050364 -0.000061 -0.806600 0.000000 0.000000 0.000000 1.000000
0.032523 0.983081 -0.180261 4.570400 0.002960 -0.180450 -0.983580 11.195600 -0.999467 0.031456 -0.008779 -0.806600 0.000000 0.000000 0.000000 1.000000
0.008123 0.980947 -0.194107 4.570400 0.012544 -0.194198 -0.980882 11.195600 -0.999888 0.005533 -0.013882 -0.806600 0.000000 0.000000 0.000000 1.000000
-0.010327 0.980472 -0.196387 4.570400 0.018104 -0.196182 -0.980400 11.195600 -0.999783 -0.013680 -0.015724 -0.806600 0.000000 0.000000 0.000000 1.000000
-0.033074 0.979025 -0.201040 4.570400 0.020921 -0.200428 -0.979485 11.195600 -0.999234 -0.036602 -0.013853 -0.806600 0.000000 0.000000 0.000000 1.000000
-0.055910 0.978011 -0.200921 4.570400 0.022385 -0.199957 -0.979549 11.195600 -0.998185 -0.059264 -0.010713 -0.806600 0.000000 0.000000 0.000000 1.000000
-0.070697 0.976009 -0.205931 4.570400 0.022833 -0.204810 -0.978535 11.195600 -0.997236 -0.073881 -0.007806 -0.806600 0.000000 0.000000 0.000000 1.000000
-0.082314 0.973210 -0.214678 4.570400 0.023263 -0.213474 -0.976672 11.195600 -0.996335 -0.085388 -0.005068 -0.806600 0.000000 0.000000 0.000000 1.000000
-0.085905 0.971010 -0.223070 4.570400 0.024268 -0.221792 -0.974792 11.195600 -0.996008 -0.089154 -0.004512 -0.806600 0.000000 0.000000 0.000000 1.000000
-0.100085 0.969036 -0.225724 4.570400 0.025522 -0.224288 -0.974189 11.195600 -0.994651 -0.103263 -0.002283 -0.806600 0.000000 0.000000 0.000000 1.000000
-0.103436 0.970629 -0.217211 4.570400 0.025749 -0.215696 -0.976121 11.195600 -0.994303 -0.106559 -0.002682 -0.806600 0.000000 0.000000 0.000000 1.000000
-0.086036 0.974281 -0.208264 4.570400 0.025804 -0.206790 -0.978045 11.195600 -0.995958 -0.089522 -0.007349 -0.806600 0.000000 0.000000 0.000000 1.000000
-0.070215 0.977346 -0.199663 4.570400 0.026214 -0.198280 -0.979795 11.195600 -0.997187 -0.074031 -0.011698 -0.806600 0.000000 0.000000 0.000000 1.000000
-0.055781 0.979966 -0.191193 4.570400 0.026839 -0.189950 -0.981427 11.195600 -0.998082 -0.059877 -0.015705 -0.806600 0.000000 0.000000 0.000000 1.000000
-0.037239 0.981943 -0.185476 4.570400 0.027572 -0.184525 -0.982441 11.195600 -0.998926 -0.041699 -0.020203 -0.806600 0.000000 0.000000 0.000000 1.000000
-0.021104 0.984620 -0.173429 4.570400 0.027928 -0.172820 -0.984557 11.195600 -0.999387 -0.025621 -0.023852 -0.806600 0.000000 0.000000 0.000000 1.000000
-0.015343 0.985476 -0.169120 4.570400 0.028743 -0.168636 -0.985259 11.195600 -0.999469 -0.019978 -0.025739 -0.806600 0.000000 0.000000 0.000000 1.000000
-0.012144 0.986958 -0.160516 4.570400 0.029354 -0.160107 -0.986663 11.195600 -0.999495 -0.016694 -0.027027 -0.806600 0.000000 0.000000 0.000000 1.000000
-0.006069 0.988160 -0.153306 4.570400 0.030002 -0.153060 -0.987761 11.195600 -0.999531 -0.010594 -0.028718 -0.806600 0.000000 0.000000 0.000000 1.000000
-0.000396 0.989380 -0.145348 4.570400 0.030603 -0.145268 -0.988919 11.195600 -0.999532 -0.004839 -0.030220 -0.806600 0.000000 0.000000 0.000000 1.000000
0.003304 0.990613 -0.136658 4.570400 0.031183 -0.136695 -0.990122 11.195600 -0.999508 -0.000991 -0.031342 -0.806600 0.000000 0.000000 0.000000 1.000000
0.001498 0.991811 -0.127705 4.570400 0.031855 -0.127687 -0.991303 11.195600 -0.999491 -0.002583 -0.031785 -0.806600 0.000000 0.000000 0.000000 1.000000
0.003561 0.992643 -0.121022 4.570400 0.032695 -0.121073 -0.992105 11.195600 -0.999459 -0.000423 -0.032885 -0.806600 0.000000 0.000000 0.000000 1.000000
0.002404 0.993324 -0.115335 4.570400 0.033577 -0.115350 -0.992757 11.195600 -0.999433 -0.001486 -0.033630 -0.806600 0.000000 0.000000 0.000000 1.000000
-0.000108 0.993724 -0.111859 4.570400 0.034356 -0.111789 -0.993138 11.195600 -0.999410 -0.003950 -0.034128 -0.806600 0.000000 0.000000 0.000000 1.000000
-0.002489 0.993689 -0.112140 4.570400 0.035127 -0.111984 -0.993089 11.195600 -0.999380 -0.006411 -0.034627 -0.806600 0.000000 0.000000 0.000000 1.000000
-0.004012 0.993621 -0.112702 4.570400 0.035766 -0.112488 -0.993009 11.195600 -0.999352 -0.008015 -0.035086 -0.806600 0.000000 0.000000 0.000000 1.000000
-0.004888 0.993508 -0.113661 4.570400 0.036352 -0.113411 -0.992883 11.195600 -0.999327 -0.008985 -0.035562 -0.806600 0.000000 0.000000 0.000000 1.000000
-0.005279 0.993376 -0.114792 4.570400 0.036886 -0.114522 -0.992736 11.195600 -0.999306 -0.009475 -0.036037 -0.806600 0.000000 0.000000 0.000000 1.000000
-0.005281 0.993249 -0.115879 4.570400 0.037345 -0.115604 -0.992593 11.195600 -0.999288 -0.009569 -0.036482 -0.806600 0.000000 0.000000 0.000000 1.000000
-0.005286 0.993153 -0.116702 4.570400 0.037691 -0.116423 -0.992484 11.195600 -0.999275 -0.009644 -0.036818 -0.806600 0.000000 0.000000 0.000000 1.000000
-0.005218 0.993114 -0.117032 4.570400 0.037797 -0.116754 -0.992441 11.195600 -0.999272 -0.009602 -0.036927 -0.806600 0.000000 0.000000 0.000000 1.000000</float_array>
        <technique_common>
          <accessor source="#mixamorig_LeftShoulder-Matrix-animation-output-transform-array" count="90" stride="16">
            <param type="float4x4"/>
          </accessor>
        </technique_common>
      </source>
      <source id="mixamorig_LeftShoulder-Interpolations">
        <Name_array id="mixamorig_LeftShoulder-Interpolations-array" count="90">
 LINEAR LINEAR LINEAR LINEAR LINEAR LINEAR LINEAR LINEAR LINEAR LINEAR LINEAR
LINEAR LINEAR LINEAR LINEAR LINEAR LINEAR LINEAR LINEAR LINEAR LINEAR LINEAR LINEAR
LINEAR LINEAR LINEAR LINEAR LINEAR LINEAR LINEAR LINEAR LINEAR LINEAR LINEAR LINEAR
LINEAR LINEAR LINEAR LINEAR LINEAR LINEAR LINEAR LINEAR LINEAR LINEAR LINEAR LINEAR
LINEAR LINEAR LINEAR LINEAR LINEAR LINEAR LINEAR LINEAR LINEAR LINEAR LINEAR LINEAR
LINEAR LINEAR LINEAR LINEAR LINEAR LINEAR LINEAR LINEAR LINEAR LINEAR LINEAR LINEAR
LINEAR LINEAR LINEAR LINEAR LINEAR LINEAR LINEAR LINEAR LINEAR LINEAR LINEAR LINEAR
LINEAR LINEAR LINEAR LINEAR LINEAR LINEAR LINEAR</Name_array>
        <technique_common>
          <accessor source="#mixamorig_LeftShoulder-Interpolations-array" count="90">
            <param type="name"/>
          </accessor>
        </technique_common>
      </source>
      <sampler id="mixamorig_LeftShoulder-Matrix-animation-transform">
        <input semantic="INPUT" source="#mixamorig_LeftShoulder-Matrix-animation-input"/>
        <input semantic="OUTPUT" source="#mixamorig_LeftShoulder-Matrix-animation-output-transform"/>
        <input semantic="INTERPOLATION" source="#mixamorig_LeftShoulder-Interpolations"/>
      </sampler>
      <channel source="#mixamorig_LeftShoulder-Matrix-animation-transform" target="mixamorig_LeftShoulder/matrix"/>
    </animation>
    <animation id="mixamorig_LeftArm-anim" name="mixamorig_LeftArm">
      <source id="mixamorig_LeftArm-Matrix-animation-input">
        <float_array id="mixamorig_LeftArm-Matrix-animation-input-array" count="90">

0.000000 0.033333 0.066667 0.100000 0.133333 0.166667 0.200000 0.233333 0.266667 0.300000 0.333333 0.366667 0.400000 0.433333 0.466667 0.500000
0.533333 0.566667 0.600000 0.633333 0.666667 0.700000 0.733333 0.766667 0.800000 0.833333 0.866667 0.900000 0.933333 0.966667 1.000000 1.033333
1.066667 1.100000 1.133333 1.166667 1.200000 1.233333 1.266667 1.300000 1.333333 1.366667 1.400000 1.433333 1.466667 1.500000 1.533333 1.566667
1.600000 1.633333 1.666667 1.700000 1.733333 1.766667 1.800000 1.833333 1.866667 1.900000 1.933333 1.966667 2.000000 2.033333 2.066667 2.100000
2.133333 2.166667 2.200000 2.233333 2.266667 2.300000 2.333333 2.366667 2.400000 2.433333 2.466667 2.500000 2.533333 2.566667 2.600000 2.633333
2.666667 2.700000 2.733333 2.766667 2.800000 2.833333 2.866667 2.900000 2.933333 2.966667</float_array>
        <technique_common>
          <accessor source="#mixamorig_LeftArm-Matrix-animation-input-array" count="90">
            <param name="TIME" type="float"/>
          </accessor>
        </technique_common>
      </source>
      <source id="mixamorig_LeftArm-Matrix-animation-output-transform">
        <float_array id="mixamorig_LeftArm-Matrix-animation-output-transform-array" count="1440">

0.918087 -0.277563 -0.282976 0.000000 0.043095 0.779565 -0.624836 10.837700 0.394030 0.561459 0.727670 0.000000 0.000000 0.000000 0.000000 1.000000
0.919303 -0.259793 -0.295616 0.000000 0.024397 0.787329 -0.616051 10.837700 0.392793 0.559125 0.730132 0.000000 0.000000 0.000000 0.000000 1.000000
0.920928 -0.216970 -0.323752 -0.000000 -0.019253 0.804362 -0.593828 10.837700 0.389257 0.553106 0.736582 0.000000 0.000000 0.000000 0.000000 1.000000
0.920912 -0.168712 -0.351364 0.000000 -0.064704 0.822785 -0.564657 10.837700 0.384362 0.542734 0.746797 -0.000000 0.000000 0.000000 0.000000 1.000000
0.921007 -0.090550 -0.378875 0.000000 -0.138565 0.832843 -0.535885 10.837700 0.364068 0.546053 0.754507 -0.000000 0.000000 0.000000 0.000000 1.000000
0.922367 0.015726 -0.385994 0.000000 -0.232394 0.820747 -0.521888 10.837700 0.308597 0.571075 0.760685 0.000000 0.000000 0.000000 0.000000 1.000000
0.923703 0.112120 -0.366336 -0.000000 -0.298392 0.810278 -0.504392 10.837700 0.240282 0.575220 0.781912 0.000000 0.000000 0.000000 0.000000 1.000000
0.909177 0.210637 -0.359206 -0.000000 -0.372084 0.798227 -0.473695 10.837700 0.186950 0.564327 0.804105 0.000000 0.000000 0.000000 0.000000 1.000000
0.879828 0.310424 -0.359917 0.000000 -0.453923 0.773308 -0.442661 10.837700 0.140914 0.552840 0.821286 0.000000 0.000000 0.000000 0.000000 1.000000
0.835243 0.406955 -0.369807 0.000000 -0.541279 0.726967 -0.422535 10.837700 0.096885 0.553088 0.827470 -0.000000 0.000000 0.000000 0.000000 1.000000
0.750519 0.507409 -0.423388 0.000000 -0.655555 0.652576 -0.379990 10.837700 0.083483 0.562744 0.822405 -0.000000 0.000000 0.000000 0.000000 1.000000
0.627283 0.590752 -0.507472 0.000000 -0.771567 0.559961 -0.301875 10.837700 0.105832 0.580909 0.807059 0.000000 0.000000 0.000000 0.000000 1.000000
0.554568 0.652043 -0.517005 -0.000000 -0.831066 0.465515 -0.304343 10.837700 0.042230 0.598444 0.800051 -0.000000 0.000000 0.000000 0.000000 1.000000
0.592615 0.650611 -0.474882 0.000000 -0.801396 0.416902 -0.428903 10.837700 -0.081070 0.634743 0.768459 -0.000000 0.000000 0.000000 0.000000 1.000000
0.715347 0.574203 -0.398207 0.000000 -0.679336 0.438017 -0.588765 10.837700 -0.163649 0.691688 0.703411 -0.000000 0.000000 0.000000 0.000000 1.000000
0.866215 0.434459 -0.246814 0.000000 -0.464086 0.516454 -0.719652 10.837700 -0.185191 0.737916 0.648987 0.000000 0.000000 0.000000 0.000000 1.000000
0.964987 0.261143 -0.024574 0.000000 -0.187899 0.622870 -0.759425 10.837700 -0.183012 0.737453 0.650130 -0.000000 0.000000 0.000000 0.000000 1.000000
0.948830 0.085944 0.303867 0.000000 0.153612 0.715119 -0.681915 10.837700 -0.275908 0.693699 0.665324 -0.000000 0.000000 0.000000 0.000000 1.000000
0.844498 -0.117689 0.522468 0.000000 0.406040 0.776825 -0.481325 10.837700 -0.349219 0.618621 0.703814 -0.000000 0.000000 0.000000 0.000000 1.000000
0.751828 -0.331572 0.569925 0.000000 0.552096 0.789124 -0.269210 10.837700 -0.360479 0.517053 0.776345 -0.000000 0.000000 0.000000 0.000000 1.000000
0.670750 -0.513143 0.535518 -0.000000 0.633720 0.771652 -0.054339 10.837700 -0.385349 0.375816 0.842774 0.000000 0.000000 0.000000 0.000000 1.000000
0.648770 -0.637557 0.415475 0.000000 0.691323 0.721988 0.028398 10.837700 -0.318073 0.268803 0.909161 -0.000000 0.000000 0.000000 0.000000 1.000000
0.622149 -0.739380 0.257388 0.000000 0.760251 0.649072 0.026892 10.837700 -0.186946 0.178949 0.965934 0.000000 0.000000 0.000000 0.000000 1.000000
0.574183 -0.813464 0.092684 0.000000 0.818422 0.567192 -0.092079 10.837700 0.022333 0.128725 0.991429 0.000000 0.000000 0.000000 0.000000 1.000000
0.515349 -0.855659 -0.047564 -0.000000 0.823901 0.509964 -0.247231 10.837700 0.235802 0.088222 0.967788 0.000000 0.000000 0.000000 0.000000 1.000000
0.492939 -0.841153 -0.222424 0.000000 0.736091 0.539474 -0.408825 10.837700 0.463876 0.037802 0.885093 -0.000000 0.000000 0.000000 0.000000 1.000000
0.510687 -0.766940 -0.388589 0.000000 0.585879 0.641216 -0.495568 10.837700 0.629241 0.025414 0.776795 -0.000000 0.000000 0.000000 0.000000 1.000000
0.514327 -0.662487 -0.544590 0.000000 0.414866 0.747976 -0.518092 10.837700 0.750569 0.040537 0.659547 0.000000 0.000000 0.000000 0.000000 1.000000
0.429531 -0.591017 -0.682790 -0.000000 0.303984 0.806595 -0.506950 10.837700 0.850351 0.010194 0.526117 0.000000 0.000000 0.000000 0.000000 1.000000
0.300518 -0.548241 -0.780462 -0.000000 0.275943 0.833268 -0.479083 10.837700 0.912987 -0.071390 0.401695 -0.000000 0.000000 0.000000 0.000000 1.000000
0.229682 -0.460477 -0.857442 0.000000 0.205769 0.884055 -0.419650 10.837700 0.951265 -0.080049 0.297803 -0.000000 0.000000 0.000000 0.000000 1.000000
0.251152 -0.268051 -0.930092 -0.000000 0.166709 0.958511 -0.231225 10.837700 0.953483 -0.096982 0.285419 0.000000 0.000000 0.000000 0.000000 1.000000
0.285918 -0.190699 -0.939087 0.000000 0.143675 0.977451 -0.154746 10.837700 0.947422 -0.090679 0.306869 -0.000000 0.000000 0.000000 0.000000 1.000000
0.329305 -0.160218 -0.930531 0.000000 0.130339 0.983778 -0.123260 10.837700 0.935185 -0.080694 0.344845 0.000000 0.000000 0.000000 0.000000 1.000000
0.390584 -0.159647 -0.906618 0.000000 0.121843 0.985148 -0.120984 10.837700 0.912468 -0.063211 0.404235 0.000000 0.000000 0.000000 0.000000 1.000000
0.486155 -0.204288 -0.849659 0.000000 0.128129 0.978447 -0.161941 10.837700 0.864428 -0.030138 0.501852 0.000000 0.000000 0.000000 0.000000 1.000000
0.588331 -0.284438 -0.756942 0.000000 0.142190 0.957896 -0.249434 10.837700 0.796021 0.039120 0.604004 -0.000000 0.000000 0.000000 0.000000 1.000000
0.681778 -0.377908 -0.626389 0.000000 0.187243 0.917862 -0.349957 10.837700 0.707190 0.121306 0.696539 0.000000 0.000000 0.000000 0.000000 1.000000
0.750667 -0.466489 -0.467853 -0.000000 0.264289 0.861035 -0.434476 10.837700 0.605516 0.202498 0.769639 0.000000 0.000000 0.000000 0.000000 1.000000
0.787638 -0.534926 -0.305747 0.000000 0.354906 0.799530 -0.484555 10.837700 0.503655 0.273142 0.819588 0.000000 0.000000 0.000000 0.000000 1.000000
0.794543 -0.583972 -0.166365 0.000000 0.440298 0.742764 -0.504420 10.837700 0.418137 0.327533 0.847280 -0.000000 0.000000 0.000000 0.000000 1.000000
0.787102 -0.612067 -0.076449 0.000000 0.498126 0.703833 -0.506448 10.837700 0.363787 0.360545 0.858875 0.000000 0.000000 0.000000 0.000000 1.000000
0.775380 -0.629752 -0.046889 0.000000 0.526429 0.685601 -0.502816 10.837700 0.348797 0.365190 0.863121 0.000000 0.000000 0.000000 0.000000 1.000000
0.762946 -0.644682 -0.047946 0.000000 0.539462 0.675780 -0.502297 10.837700 0.356222 0.357360 0.863365 0.000000 0.000000 0.000000 0.000000 1.000000
0.746726 -0.662667 -0.057198 0.000000 0.551455 0.664892 -0.503802 10.837700 0.371884 0.344660 0.861923 0.000000 0.000000 0.000000 0.000000 1.000000
0.728735 -0.681207 -0.070013 0.000000 0.562280 0.653580 -0.506630 10.837700 0.390880 0.329832 0.859316 -0.000000 0.000000 0.000000 0.000000 1.000000
0.709282 -0.700321 -0.080431 0.000000 0.574192 0.640158 -0.510393 10.837700 0.408927 0.315830 0.856172 -0.000000 0.000000 0.000000 0.000000 1.000000
0.683022 -0.725423 -0.085107 0.000000 0.591645 0.617826 -0.517926 10.837700 0.428296 0.303402 0.851181 0.000000 0.000000 0.000000 0.000000 1.000000
0.648957 -0.755444 -0.090326 -0.000000 0.610069 0.587626 -0.531519 10.837700 0.454610 0.289828 0.842217 0.000000 0.000000 0.000000 0.000000 1.000000
0.620808 -0.778055 -0.096065 0.000000 0.623628 0.564375 -0.540896 10.837700 0.475063 0.275884 0.835586 0.000000 0.000000 0.000000 0.000000 1.000000
0.591985 -0.800586 -0.092823 0.000000 0.641297 0.537669 -0.547403 10.837700 0.488152 0.264527 0.831705 0.000000 0.000000 0.000000 0.000000 1.000000
0.572942 -0.815067 -0.086041 0.000000 0.649768 0.515698 -0.558441 10.837700 0.499538 0.264048 0.825070 0.000000 0.000000 0.000000 0.000000 1.000000
0.567156 -0.820886 -0.066938 0.000000 0.667029 0.505485 -0.547319 10.837700 0.483122 0.265766 0.834243 0.000000 0.000000 0.000000 0.000000 1.000000
0.585744 -0.808828 -0.051981 0.000000 0.666867 0.517402 -0.536268 10.837700 0.460643 0.279451 0.842446 0.000000 0.000000 0.000000 0.000000 1.000000
0.615447 -0.787558 -0.031271 0.000000 0.662795 0.538605 -0.520200 10.837700 0.426530 0.299429 0.853472 0.000000 0.000000 0.000000 0.000000 1.000000
0.668739 -0.743492 -0.002704 -0.000000 0.651537 0.587773 -0.479606 10.837700 0.358173 0.318970 0.877480 0.000000 0.000000 0.000000 0.000000 1.000000
0.734690 -0.676488 0.050934 0.000000 0.626293 0.647486 -0.434187 10.837700 0.260743 0.350893 0.899382 -0.000000 0.000000 0.000000 0.000000 1.000000
0.796353 -0.596555 0.099716 -0.000000 0.581436 0.709664 -0.397881 10.837700 0.166593 0.374832 0.912002 0.000000 0.000000 0.000000 0.000000 1.000000
0.857391 -0.493367 0.146526 0.000000 0.507782 0.764507 -0.397096 10.837700 0.083894 0.414870 0.906005 0.000000 0.000000 0.000000 0.000000 1.000000
0.907714 -0.378268 0.181574 0.000000 0.419120 0.796940 -0.435000 10.837700 0.019843 0.470957 0.881933 0.000000 0.000000 0.000000 0.000000 1.000000
0.936245 -0.260626 0.235627 0.000000 0.343691 0.818611 -0.460165 10.837700 -0.072955 0.511810 0.855996 0.000000 0.000000 0.000000 0.000000 1.000000
0.949127 -0.135908 0.284055 -0.000000 0.269751 0.816304 -0.510767 10.837700 -0.162458 0.561406 0.811437 0.000000 0.000000 0.000000 0.000000 1.000000
0.932833 -0.033369 0.358760 -0.000000 0.233802 0.813666 -0.532244 10.837700 -0.274150 0.580374 0.766817 0.000000 0.000000 0.000000 0.000000 1.000000
0.908176 0.039565 0.416715 0.000000 0.218462 0.804388 -0.552480 10.837700 -0.357059 0.592785 0.721883 0.000000 0.000000 0.000000 0.000000 1.000000
0.892995 0.084679 0.442028 -0.000000 0.205273 0.797407 -0.567455 10.837700 -0.400528 0.597471 0.694698 0.000000 0.000000 0.000000 0.000000 1.000000
0.892266 0.102386 0.439748 -0.000000 0.191147 0.796708 -0.573340 10.837700 -0.409053 0.595628 0.691305 0.000000 0.000000 0.000000 0.000000 1.000000
0.916566 0.103755 0.386190 0.000000 0.159271 0.791125 -0.590554 10.837700 -0.366797 0.602790 0.708593 0.000000 0.000000 0.000000 0.000000 1.000000
0.953385 0.066704 0.294291 -0.000000 0.132840 0.782899 -0.607801 10.837700 -0.270943 0.618562 0.737543 -0.000000 0.000000 0.000000 0.000000 1.000000
0.987571 0.002275 0.157154 0.000000 0.098591 0.769744 -0.630694 10.837700 -0.122403 0.638349 0.759953 -0.000000 0.000000 0.000000 0.000000 1.000000
0.997485 -0.069547 0.013702 0.000000 0.062345 0.768784 -0.636462 10.837700 0.033730 0.635715 0.771187 0.000000 0.000000 0.000000 0.000000 1.000000
0.983252 -0.144573 -0.110967 0.000000 0.043659 0.777992 -0.626756 10.837700 0.176943 0.611415 0.771274 0.000000 0.000000 0.000000 0.000000 1.000000
0.956942 -0.214465 -0.195621 0.000000 0.056088 0.797812 -0.600291 10.837700 0.284810 0.563472 0.775489 0.000000 0.000000 0.000000 0.000000 1.000000
0.930600 -0.260118 -0.257532 0.000000 0.075830 0.825303 -0.559576 10.837700 0.358097 0.501212 0.787752 0.000000 0.000000 0.000000 0.000000 1.000000
0.916123 -0.272099 -0.294415 -0.000000 0.085971 0.850648 -0.518659 10.837700 0.391570 0.449844 0.802691 0.000000 0.000000 0.000000 0.000000 1.000000
0.907584 -0.270602 -0.321039 -0.000000 0.087523 0.869747 -0.485675 10.837700 0.410648 0.412692 0.813052 -0.000000 0.000000 0.000000 0.000000 1.000000
0.899531 -0.272467 -0.341474 -0.000000 0.086181 0.876981 -0.472733 10.837700 0.428271 0.395810 0.812354 0.000000 0.000000 0.000000 0.000000 1.000000
0.893041 -0.273347 -0.357433 0.000000 0.080922 0.878952 -0.469996 10.837700 0.442638 0.390802 0.807060 0.000000 0.000000 0.000000 0.000000 1.000000
0.891467 -0.267949 -0.365363 -0.000000 0.070074 0.878221 -0.473093 10.837700 0.447634 0.396144 0.801682 0.000000 0.000000 0.000000 0.000000 1.000000
0.893015 -0.256880 -0.369508 0.000000 0.053530 0.875885 -0.479542 10.837700 0.446831 0.408459 0.795929 0.000000 0.000000 0.000000 0.000000 1.000000
0.895028 -0.246245 -0.371871 -0.000000 0.035724 0.870675 -0.490559 10.837700 0.444577 0.425780 0.788076 0.000000 0.000000 0.000000 0.000000 1.000000
0.895264 -0.236083 -0.377846 0.000000 0.014109 0.862667 -0.505575 10.837700 0.445314 0.447291 0.775646 0.000000 0.000000 0.000000 0.000000 1.000000
0.894709 -0.233999 -0.380448 0.000000 -0.000773 0.850969 -0.525216 10.837700 0.446649 0.470210 0.761188 0.000000 0.000000 0.000000 0.000000 1.000000
0.895022 -0.237669 -0.377424 -0.000000 -0.008059 0.837445 -0.546462 10.837700 0.445949 0.492137 0.747617 0.000000 0.000000 0.000000 0.000000 1.000000
0.897243 -0.245951 -0.366692 -0.000000 -0.005369 0.824351 -0.566053 10.837700 0.441505 0.509856 0.738323 0.000000 0.000000 0.000000 0.000000 1.000000
0.901583 -0.254006 -0.350185 0.000000 0.002373 0.812368 -0.583140 10.837700 0.432600 0.524918 0.733020 0.000000 0.000000 0.000000 0.000000 1.000000
0.906353 -0.261552 -0.331834 0.000000 0.012489 0.801610 -0.597717 10.837700 0.422336 0.537598 0.729808 -0.000000 0.000000 0.000000 0.000000 1.000000
0.910879 -0.268066 -0.313753 0.000000 0.023330 0.792526 -0.609391 10.837700 0.412014 0.547761 0.728150 0.000000 0.000000 0.000000 0.000000 1.000000
0.914622 -0.273117 -0.298118 0.000000 0.033181 0.785565 -0.617889 10.837700 0.402947 0.555242 0.727557 0.000000 0.000000 0.000000 0.000000 1.000000
0.917151 -0.276388 -0.287129 0.000000 0.040332 0.781122 -0.623074 10.837700 0.396493 0.559873 0.727555 0.000000 0.000000 0.000000 0.000000 1.000000
0.918087 -0.277562 -0.282977 0.000000 0.043094 0.779565 -0.624837 10.837700 0.394030 0.561460 0.727670 0.000000 0.000000 0.000000 0.000000 1.000000</float_array>
        <technique_common>
          <accessor source="#mixamorig_LeftArm-Matrix-animation-output-transform-array" count="90" stride="16">
            <param type="float4x4"/>
          </accessor>
        </technique_common>
      </source>
      <source id="mixamorig_LeftArm-Interpolations">
        <Name_array id="mixamorig_LeftArm-Interpolations-array" count="90">
 LINEAR LINEAR LINEAR LINEAR LINEAR LINEAR LINEAR LINEAR LINEAR LINEAR LINEAR
LINEAR LINEAR LINEAR LINEAR LINEAR LINEAR LINEAR LINEAR LINEAR LINEAR LINEAR LINEAR
LINEAR LINEAR LINEAR LINEAR LINEAR LINEAR LINEAR LINEAR LINEAR LINEAR LINEAR LINEAR
LINEAR LINEAR LINEAR LINEAR LINEAR LINEAR LINEAR LINEAR LINEAR LINEAR LINEAR LINEAR
LINEAR LINEAR LINEAR LINEAR LINEAR LINEAR LINEAR LINEAR LINEAR LINEAR LINEAR LINEAR
LINEAR LINEAR LINEAR LINEAR LINEAR LINEAR LINEAR LINEAR LINEAR LINEAR LINEAR LINEAR
LINEAR LINEAR LINEAR LINEAR LINEAR LINEAR LINEAR LINEAR LINEAR LINEAR LINEAR LINEAR
LINEAR LINEAR LINEAR LINEAR LINEAR LINEAR LINEAR</Name_array>
        <technique_common>
          <accessor source="#mixamorig_LeftArm-Interpolations-array" count="90">
            <param type="name"/>
          </accessor>
        </technique_common>
      </source>
      <sampler id="mixamorig_LeftArm-Matrix-animation-transform">
        <input semantic="INPUT" source="#mixamorig_LeftArm-Matrix-animation-input"/>
        <input semantic="OUTPUT" source="#mixamorig_LeftArm-Matrix-animation-output-transform"/>
        <input semantic="INTERPOLATION" source="#mixamorig_LeftArm-Interpolations"/>
      </sampler>
      <channel source="#mixamorig_LeftArm-Matrix-animation-transform" target="mixamorig_LeftArm/matrix"/>
    </animation>
    <animation id="mixamorig_LeftForeArm-anim" name="mixamorig_LeftForeArm">
      <source id="mixamorig_LeftForeArm-Matrix-animation-input">
        <float_array id="mixamorig_LeftForeArm-Matrix-animation-input-array" count="90">

0.000000 0.033333 0.066667 0.100000 0.133333 0.166667 0.200000 0.233333 0.266667 0.300000 0.333333 0.366667 0.400000 0.433333 0.466667 0.500000
0.533333 0.566667 0.600000 0.633333 0.666667 0.700000 0.733333 0.766667 0.800000 0.833333 0.866667 0.900000 0.933333 0.966667 1.000000 1.033333
1.066667 1.100000 1.133333 1.166667 1.200000 1.233333 1.266667 1.300000 1.333333 1.366667 1.400000 1.433333 1.466667 1.500000 1.533333 1.566667
1.600000 1.633333 1.666667 1.700000 1.733333 1.766667 1.800000 1.833333 1.866667 1.900000 1.933333 1.966667 2.000000 2.033333 2.066667 2.100000
2.133333 2.166667 2.200000 2.233333 2.266667 2.300000 2.333333 2.366667 2.400000 2.433333 2.466667 2.500000 2.533333 2.566667 2.600000 2.633333
2.666667 2.700000 2.733333 2.766667 2.800000 2.833333 2.866667 2.900000 2.933333 2.966667</float_array>
        <technique_common>
          <accessor source="#mixamorig_LeftForeArm-Matrix-animation-input-array" count="90">
            <param name="TIME" type="float"/>
          </accessor>
        </technique_common>
      </source>
      <source id="mixamorig_LeftForeArm-Matrix-animation-output-transform">
        <float_array id="mixamorig_LeftForeArm-Matrix-animation-output-transform-array" count="1440">

0.729337 -0.684154 0.000938 -0.000000 0.684154 0.729338 -0.000142 27.841499 -0.000587 0.000745 1.000000 0.000000 0.000000 0.000000 0.000000 1.000000
0.731272 -0.679214 0.062533 0.000000 0.680428 0.732811 0.002513 27.841499 -0.047532 0.040711 0.998040 0.000000 0.000000 0.000000 0.000000 1.000000
0.726587 -0.656266 0.203436 -0.000000 0.668687 0.743475 0.010117 27.841499 -0.157889 0.128684 0.979036 0.000000 0.000000 0.000000 0.000000 1.000000
0.706555 -0.611320 0.356467 -0.000000 0.647993 0.761349 0.021280 27.841499 -0.284404 0.215953 0.934066 -0.000000 0.000000 0.000000 0.000000 1.000000
0.665818 -0.548651 0.505637 -0.000000 0.621763 0.782613 0.030457 27.841499 -0.412429 0.294107 0.862208 0.000000 0.000000 0.000000 0.000000 1.000000
0.615428 -0.479110 0.625861 0.000000 0.596179 0.802364 0.027986 27.841499 -0.515576 0.355902 0.779433 0.000000 0.000000 0.000000 0.000000 1.000000
0.584550 -0.424967 0.691162 0.000000 0.569611 0.821581 0.023407 27.841499 -0.577793 0.380011 0.722321 -0.000000 0.000000 0.000000 0.000000 1.000000
0.562527 -0.378112 0.735251 -0.000000 0.543868 0.839030 0.015379 27.841499 -0.622713 0.391228 0.677620 0.000000 0.000000 0.000000 0.000000 1.000000
0.541920 -0.334796 0.770866 0.000000 0.521207 0.853420 0.004241 27.841499 -0.659292 0.399483 0.636983 0.000000 0.000000 0.000000 0.000000 1.000000
0.527057 -0.292200 0.798016 0.000000 0.499114 0.866448 -0.012387 27.841499 -0.687820 0.404830 0.602509 -0.000000 0.000000 0.000000 0.000000 1.000000
0.529786 -0.241959 0.812886 0.000000 0.456489 0.889122 -0.032858 27.841499 -0.714804 0.388481 0.581496 -0.000000 0.000000 0.000000 0.000000 1.000000
0.538202 -0.198933 0.819002 0.000000 0.423180 0.904157 -0.058473 27.841499 -0.728874 0.378055 0.570803 -0.000000 0.000000 0.000000 0.000000 1.000000
0.554441 -0.155904 0.817489 0.000000 0.387583 0.917638 -0.087865 27.841499 -0.736461 0.365561 0.569202 0.000000 0.000000 0.000000 0.000000 1.000000
0.576574 -0.114495 0.808983 -0.000000 0.350583 0.929020 -0.118382 27.841499 -0.738006 0.351872 0.575789 0.000000 0.000000 0.000000 0.000000 1.000000
0.603549 -0.074533 0.793835 0.000000 0.310379 0.939051 -0.147813 27.841499 -0.734434 0.335602 0.589896 0.000000 0.000000 0.000000 0.000000 1.000000
0.630226 -0.053242 0.774584 -0.000000 0.277245 0.947305 -0.160462 27.841499 -0.725224 0.315877 0.611777 0.000000 0.000000 0.000000 0.000000 1.000000
0.658022 -0.074163 0.749338 0.000000 0.267021 0.953450 -0.140117 27.841499 -0.704064 0.292289 0.647194 0.000000 0.000000 0.000000 0.000000 1.000000
0.680942 -0.163723 0.713802 0.000000 0.303953 0.949957 -0.072071 27.841499 -0.666281 0.266038 0.696630 0.000000 0.000000 0.000000 0.000000 1.000000
0.695408 -0.301307 0.652397 0.000000 0.383193 0.923492 0.018055 27.841499 -0.607923 0.237439 0.757662 0.000000 0.000000 0.000000 0.000000 1.000000
0.688030 -0.467888 0.554703 0.000000 0.500059 0.859623 0.104834 27.841499 -0.525885 0.205255 0.825418 -0.000000 0.000000 0.000000 0.000000 1.000000
0.643653 -0.635500 0.426439 0.000000 0.637379 0.753555 0.160944 27.841499 -0.423625 0.168211 0.890082 0.000000 0.000000 0.000000 0.000000 1.000000
0.558585 -0.779582 0.283257 0.000000 0.772397 0.613357 0.164911 27.841499 -0.302299 0.126670 0.944759 0.000000 0.000000 0.000000 0.000000 1.000000
0.442613 -0.884621 0.146762 0.000000 0.881881 0.459067 0.107443 27.841499 -0.162419 0.081871 0.983319 -0.000000 0.000000 0.000000 0.000000 1.000000
0.317248 -0.947650 0.036231 -0.000000 0.948325 0.317244 -0.006018 27.841499 -0.005791 0.036268 0.999325 -0.000000 0.000000 0.000000 0.000000 1.000000
0.220903 -0.974104 -0.048207 0.000000 0.957895 0.225992 -0.177103 27.841499 0.183411 -0.007055 0.983011 0.000000 0.000000 0.000000 0.000000 1.000000
0.136595 -0.983852 -0.115657 0.000000 0.901734 0.171825 -0.396675 27.841499 0.410143 -0.050108 0.910644 0.000000 0.000000 0.000000 0.000000 1.000000
0.104576 -0.981560 -0.160009 0.000000 0.856376 0.170680 -0.487327 27.841499 0.505651 -0.086066 0.858434 0.000000 0.000000 0.000000 0.000000 1.000000
0.077045 -0.974646 -0.210069 0.000000 0.759065 0.193947 -0.621453 27.841499 0.646439 -0.111576 0.754763 0.000000 0.000000 0.000000 0.000000 1.000000
0.100991 -0.955972 -0.275534 -0.000000 0.660024 0.271607 -0.700428 27.841499 0.744426 -0.111122 0.658394 0.000000 0.000000 0.000000 0.000000 1.000000
0.182589 -0.946432 -0.266322 0.000000 0.748520 0.309441 -0.586484 27.841499 0.637479 -0.092261 0.764924 0.000000 0.000000 0.000000 0.000000 1.000000
0.159560 -0.964360 -0.211069 0.000000 0.872376 0.237817 -0.427087 27.841499 0.462061 -0.115986 0.879231 -0.000000 0.000000 0.000000 0.000000 1.000000
0.097876 -0.977520 -0.186748 0.000000 0.888208 0.170443 -0.426656 27.841499 0.448895 -0.124111 0.884924 0.000000 0.000000 0.000000 0.000000 1.000000
0.102925 -0.980507 -0.167370 0.000000 0.881130 0.167949 -0.442045 27.841499 0.461538 -0.101977 0.881240 0.000000 0.000000 0.000000 0.000000 1.000000
0.146054 -0.976356 -0.159363 0.000000 0.890759 0.199871 -0.408167 27.841499 0.430368 -0.082340 0.898890 0.000000 0.000000 0.000000 0.000000 1.000000
0.225926 -0.962666 -0.149100 0.000000 0.906174 0.263856 -0.330498 27.841499 0.357501 -0.060443 0.931955 0.000000 0.000000 0.000000 0.000000 1.000000
0.368066 -0.923264 -0.110053 0.000000 0.906269 0.382689 -0.179516 27.841499 0.207856 -0.033664 0.977580 0.000000 0.000000 0.000000 0.000000 1.000000
0.522286 -0.852611 -0.016479 0.000000 0.852651 0.522438 -0.006639 27.841499 0.014270 -0.010584 0.999842 0.000000 0.000000 0.000000 0.000000 1.000000
0.648250 -0.748982 0.137104 0.000000 0.735304 0.662538 0.142728 27.841499 -0.197738 0.008290 0.980220 -0.000000 0.000000 0.000000 0.000000 1.000000
0.713642 -0.620191 0.325695 0.000000 0.575887 0.784128 0.231294 27.841499 -0.398834 0.022502 0.916747 0.000000 0.000000 0.000000 0.000000 1.000000
0.713503 -0.484564 0.506075 -0.000000 0.416295 0.874161 0.250080 27.841499 -0.563571 0.032244 0.825438 0.000000 0.000000 0.000000 0.000000 1.000000
0.676416 -0.360237 0.642410 0.000000 0.289200 0.932078 0.218161 27.841499 -0.677366 0.038218 0.734653 0.000000 0.000000 0.000000 0.000000 1.000000
0.642981 -0.272009 0.715951 0.000000 0.213818 0.961391 0.173233 27.841499 -0.735430 0.041698 0.676316 0.000000 0.000000 0.000000 0.000000 1.000000
0.641586 -0.234737 0.730250 0.000000 0.186020 0.971219 0.148761 27.841499 -0.744153 0.040398 0.666787 0.000000 0.000000 0.000000 0.000000 1.000000
0.656617 -0.227097 0.719223 0.000000 0.180859 0.973179 0.142169 27.841499 -0.732219 0.036727 0.680078 0.000000 0.000000 0.000000 0.000000 1.000000
0.680102 -0.225836 0.697466 -0.000000 0.180771 0.973654 0.138993 27.841499 -0.710481 0.031552 0.703009 0.000000 0.000000 0.000000 0.000000 1.000000
0.707151 -0.226325 0.669861 0.000000 0.182368 0.973714 0.136467 27.841499 -0.683139 0.025659 0.729838 0.000000 0.000000 0.000000 0.000000 1.000000
0.733630 -0.223471 0.641753 0.000000 0.181545 0.974509 0.131808 27.841499 -0.654850 0.019809 0.755499 0.000000 0.000000 0.000000 0.000000 1.000000
0.754306 -0.212520 0.621174 0.000000 0.173024 0.977059 0.124171 27.841499 -0.633312 0.013815 0.773773 0.000000 0.000000 0.000000 0.000000 1.000000
0.752148 -0.195117 0.629446 0.000000 0.156816 0.980718 0.116620 27.841499 -0.640064 0.010992 0.768243 -0.000000 0.000000 0.000000 0.000000 1.000000
0.732130 -0.179035 0.657216 0.000000 0.142760 0.983742 0.108953 27.841499 -0.666037 0.014056 0.745786 0.000000 0.000000 0.000000 0.000000 1.000000
0.697153 -0.164338 0.697833 -0.000000 0.131987 0.986156 0.100379 27.841499 -0.704668 0.022126 0.709192 -0.000000 0.000000 0.000000 0.000000 1.000000
0.643883 -0.159372 0.748342 0.000000 0.128880 0.986682 0.099240 27.841499 -0.754191 0.032547 0.655848 -0.000000 0.000000 0.000000 0.000000 1.000000
0.612148 -0.133554 0.779383 0.000000 0.130704 0.989166 0.066844 27.841499 -0.779866 0.060950 0.622972 0.000000 0.000000 0.000000 0.000000 1.000000
0.554848 -0.143831 0.819425 0.000000 0.156192 0.985437 0.067210 27.841499 -0.817159 0.090696 0.569233 0.000000 0.000000 0.000000 0.000000 1.000000
0.508914 -0.201719 0.836849 0.000000 0.209838 0.971901 0.106664 27.841499 -0.834850 0.121320 0.536942 0.000000 0.000000 0.000000 0.000000 1.000000
0.477816 -0.301478 0.825108 0.000000 0.292823 0.940209 0.173960 27.841499 -0.828219 0.158490 0.537527 0.000000 0.000000 0.000000 0.000000 1.000000
0.438157 -0.403711 0.803141 0.000000 0.369010 0.895500 0.248821 27.841499 -0.819665 0.187344 0.541343 0.000000 0.000000 0.000000 0.000000 1.000000
0.361542 -0.484546 0.796557 0.000000 0.403431 0.851529 0.334876 27.841499 -0.840554 0.200284 0.503344 0.000000 0.000000 0.000000 0.000000 1.000000
0.273456 -0.545082 0.792532 0.000000 0.397518 0.814325 0.422911 27.841499 -0.875900 0.199398 0.439362 0.000000 0.000000 0.000000 0.000000 1.000000
0.206361 -0.582003 0.786567 0.000000 0.375726 0.789375 0.485507 27.841499 -0.903463 0.195344 0.381570 0.000000 0.000000 0.000000 0.000000 1.000000
0.199305 -0.633124 0.747951 0.000000 0.399072 0.749544 0.528133 27.841499 -0.894997 0.193227 0.402050 0.000000 0.000000 0.000000 0.000000 1.000000
0.197706 -0.687450 0.698802 0.000000 0.413376 0.704856 0.576452 27.841499 -0.888837 0.174900 0.423530 0.000000 0.000000 0.000000 0.000000 1.000000
0.190921 -0.749034 0.634427 0.000000 0.436859 0.643618 0.628419 27.841499 -0.879036 0.157177 0.450102 0.000000 0.000000 0.000000 0.000000 1.000000
0.179810 -0.799742 0.572784 -0.000000 0.437598 0.586518 0.681546 27.841499 -0.881009 0.128101 0.455427 -0.000000 0.000000 0.000000 0.000000 1.000000
0.188952 -0.842532 0.504417 0.000000 0.455108 0.530308 0.715297 27.841499 -0.870157 0.094408 0.483646 0.000000 0.000000 0.000000 0.000000 1.000000
0.245762 -0.873259 0.420737 -0.000000 0.573407 0.480932 0.663256 27.841499 -0.781541 0.078251 0.618927 0.000000 0.000000 0.000000 0.000000 1.000000
0.240478 -0.911319 0.334168 0.000000 0.606562 0.409862 0.681245 27.841499 -0.757794 0.038869 0.651335 -0.000000 0.000000 0.000000 0.000000 1.000000
0.227654 -0.936444 0.266921 0.000000 0.629618 0.350668 0.693262 27.841499 -0.742802 0.010235 0.669433 0.000000 0.000000 0.000000 0.000000 1.000000
0.227696 -0.946241 0.229742 -0.000000 0.673109 0.323445 0.665062 27.841499 -0.703619 0.003209 0.710571 0.000000 0.000000 0.000000 0.000000 1.000000
0.245303 -0.944939 0.216602 0.000000 0.720000 0.327194 0.612000 27.841499 -0.649173 0.005828 0.760618 0.000000 0.000000 0.000000 0.000000 1.000000
0.284910 -0.935139 0.210573 0.000000 0.774077 0.354025 0.524854 27.841499 -0.565360 0.013463 0.824734 0.000000 0.000000 0.000000 0.000000 1.000000
0.339980 -0.915587 0.214743 0.000000 0.803899 0.401438 0.438855 27.841499 -0.488016 0.023430 0.872520 0.000000 0.000000 0.000000 0.000000 1.000000
0.411712 -0.878168 0.243546 -0.000000 0.784634 0.477514 0.395385 27.841499 -0.463511 0.028310 0.885639 0.000000 0.000000 0.000000 0.000000 1.000000
0.476079 -0.839515 0.261845 -0.000000 0.765663 0.542163 0.346150 27.841499 -0.432561 0.035690 0.900898 0.000000 0.000000 0.000000 0.000000 1.000000
0.542102 -0.805694 0.238708 0.000000 0.761454 0.591138 0.265977 27.841499 -0.355405 0.037579 0.933957 0.000000 0.000000 0.000000 0.000000 1.000000
0.601241 -0.773251 0.201476 -0.000000 0.748710 0.633243 0.196054 27.841499 -0.279182 0.032972 0.959672 0.000000 0.000000 0.000000 0.000000 1.000000
0.643763 -0.745089 0.174387 -0.000000 0.729156 0.666419 0.155620 27.841499 -0.232165 0.026972 0.972302 0.000000 0.000000 0.000000 0.000000 1.000000
0.673787 -0.725454 0.140457 0.000000 0.715935 0.687967 0.118905 27.841499 -0.182890 0.020441 0.982921 0.000000 0.000000 0.000000 0.000000 1.000000
0.689339 -0.714225 0.121220 0.000000 0.707166 0.699737 0.101411 27.841499 -0.157252 0.015817 0.987432 -0.000000 0.000000 0.000000 0.000000 1.000000
0.698066 -0.710081 0.092135 0.000000 0.705626 0.704060 0.079950 27.841499 -0.121640 0.009203 0.992532 0.000000 0.000000 0.000000 0.000000 1.000000
0.702722 -0.709135 0.057525 0.000000 0.706758 0.705073 0.058016 27.841499 -0.081700 -0.000113 0.996657 0.000000 0.000000 0.000000 0.000000 1.000000
0.703835 -0.708986 0.044205 0.000000 0.706996 0.705193 0.053469 27.841499 -0.069082 -0.006381 0.997591 0.000000 0.000000 0.000000 0.000000 1.000000
0.703347 -0.710152 0.031416 0.000000 0.708647 0.703960 0.047541 27.841499 -0.055877 -0.011175 0.998375 0.000000 0.000000 0.000000 0.000000 1.000000
0.704048 -0.709991 0.015107 0.000000 0.709234 0.704061 0.035854 27.841499 -0.036092 -0.014528 0.999243 0.000000 0.000000 0.000000 0.000000 1.000000
0.707277 -0.706905 0.006650 0.000000 0.706561 0.707177 0.025913 27.841499 -0.023021 -0.013629 0.999642 0.000000 0.000000 0.000000 0.000000 1.000000
0.712330 -0.701841 0.001999 0.000000 0.701714 0.712250 0.017272 27.841499 -0.013546 -0.010901 0.999849 -0.000000 0.000000 0.000000 0.000000 1.000000
0.718150 -0.695889 0.000094 0.000000 0.695852 0.718114 0.010112 27.841499 -0.007105 -0.007196 0.999949 -0.000000 0.000000 0.000000 0.000000 1.000000
0.723646 -0.690172 -0.000082 -0.000000 0.690164 0.723638 0.004633 27.841499 -0.003138 -0.003409 0.999989 0.000000 0.000000 0.000000 0.000000 1.000000
0.727731 -0.685862 0.000520 -0.000000 0.685861 0.727731 0.001110 27.841499 -0.001140 -0.000451 0.999999 -0.000000 0.000000 0.000000 0.000000 1.000000
0.729337 -0.684154 0.000938 0.000000 0.684155 0.729337 -0.000141 27.841499 -0.000588 0.000745 1.000000 0.000000 0.000000 0.000000 0.000000 1.000000</float_array>
        <technique_common>
          <accessor source="#mixamorig_LeftForeArm-Matrix-animation-output-transform-array" count="90" stride="16">
            <param type="float4x4"/>
          </accessor>
        </technique_common>
      </source>
      <source id="mixamorig_LeftForeArm-Interpolations">
        <Name_array id="mixamorig_LeftForeArm-Interpolations-array" count="90">
 LINEAR LINEAR LINEAR LINEAR LINEAR LINEAR LINEAR LINEAR LINEAR LINEAR LINEAR
LINEAR LINEAR LINEAR LINEAR LINEAR LINEAR LINEAR LINEAR LINEAR LINEAR LINEAR LINEAR
LINEAR LINEAR LINEAR LINEAR LINEAR LINEAR LINEAR LINEAR LINEAR LINEAR LINEAR LINEAR
LINEAR LINEAR LINEAR LINEAR LINEAR LINEAR LINEAR LINEAR LINEAR LINEAR LINEAR LINEAR
LINEAR LINEAR LINEAR LINEAR LINEAR LINEAR LINEAR LINEAR LINEAR LINEAR LINEAR LINEAR
LINEAR LINEAR LINEAR LINEAR LINEAR LINEAR LINEAR LINEAR LINEAR LINEAR LINEAR LINEAR
LINEAR LINEAR LINEAR LINEAR LINEAR LINEAR LINEAR LINEAR LINEAR LINEAR LINEAR LINEAR
LINEAR LINEAR LINEAR LINEAR LINEAR LINEAR LINEAR</Name_array>
        <technique_common>
          <accessor source="#mixamorig_LeftForeArm-Interpolations-array" count="90">
            <param type="name"/>
          </accessor>
        </technique_common>
      </source>
      <sampler id="mixamorig_LeftForeArm-Matrix-animation-transform">
        <input semantic="INPUT" source="#mixamorig_LeftForeArm-Matrix-animation-input"/>
        <input semantic="OUTPUT" source="#mixamorig_LeftForeArm-Matrix-animation-output-transform"/>
        <input semantic="INTERPOLATION" source="#mixamorig_LeftForeArm-Interpolations"/>
      </sampler>
      <channel source="#mixamorig_LeftForeArm-Matrix-animation-transform" target="mixamorig_LeftForeArm/matrix"/>
    </animation>
    <animation id="mixamorig_LeftHand-anim" name="mixamorig_LeftHand">
      <source id="mixamorig_LeftHand-Matrix-animation-input">
        <float_array id="mixamorig_LeftHand-Matrix-animation-input-array" count="90">

0.000000 0.033333 0.066667 0.100000 0.133333 0.166667 0.200000 0.233333 0.266667 0.300000 0.333333 0.366667 0.400000 0.433333 0.466667 0.500000
0.533333 0.566667 0.600000 0.633333 0.666667 0.700000 0.733333 0.766667 0.800000 0.833333 0.866667 0.900000 0.933333 0.966667 1.000000 1.033333
1.066667 1.100000 1.133333 1.166667 1.200000 1.233333 1.266667 1.300000 1.333333 1.366667 1.400000 1.433333 1.466667 1.500000 1.533333 1.566667
1.600000 1.633333 1.666667 1.700000 1.733333 1.766667 1.800000 1.833333 1.866667 1.900000 1.933333 1.966667 2.000000 2.033333 2.066667 2.100000
2.133333 2.166667 2.200000 2.233333 2.266667 2.300000 2.333333 2.366667 2.400000 2.433333 2.466667 2.500000 2.533333 2.566667 2.600000 2.633333
2.666667 2.700000 2.733333 2.766667 2.800000 2.833333 2.866667 2.900000 2.933333 2.966667</float_array>
        <technique_common>
          <accessor source="#mixamorig_LeftHand-Matrix-animation-input-array" count="90">
            <param name="TIME" type="float"/>
          </accessor>
        </technique_common>
      </source>
      <source id="mixamorig_LeftHand-Matrix-animation-output-transform">
        <float_array id="mixamorig_LeftHand-Matrix-animation-output-transform-array" count="1440">

0.917705 -0.194271 0.346519 0.000000 0.099076 0.956631 0.273935 28.328800 -0.384709 -0.217060 0.897153 0.000000 0.000000 0.000000 0.000000 1.000000
0.928320 -0.151158 0.339667 0.000000 0.062087 0.963818 0.259231 28.328800 -0.366562 -0.219561 0.904116 -0.000000 0.000000 0.000000 0.000000 1.000000
0.945514 -0.058853 0.320219 0.000000 -0.015377 0.974357 0.224482 28.328800 -0.325219 -0.217175 0.920363 0.000000 0.000000 0.000000 0.000000 1.000000
0.955758 0.026237 0.292980 -0.000000 -0.083490 0.979248 0.184669 28.328800 -0.282055 -0.200960 0.938115 -0.000000 0.000000 0.000000 0.000000 1.000000
0.962087 0.076182 0.261889 0.000000 -0.117040 0.982613 0.144130 28.328800 -0.246355 -0.169317 0.954275 0.000000 0.000000 0.000000 0.000000 1.000000
0.963220 0.143202 0.227378 0.000000 -0.175508 0.976017 0.128795 28.328800 -0.203481 -0.163965 0.965252 0.000000 0.000000 0.000000 0.000000 1.000000
0.954986 0.228038 0.189737 0.000000 -0.253927 0.959059 0.125408 28.328800 -0.153371 -0.167942 0.973793 0.000000 0.000000 0.000000 0.000000 1.000000
0.947037 0.275538 0.164922 -0.000000 -0.303561 0.935674 0.179900 28.328800 -0.104744 -0.220436 0.969761 0.000000 0.000000 0.000000 0.000000 1.000000
0.934317 0.325116 0.146124 0.000000 -0.352627 0.902909 0.245785 28.328800 -0.052028 -0.281168 0.958247 -0.000000 0.000000 0.000000 0.000000 1.000000
0.916719 0.378782 0.127087 -0.000000 -0.399529 0.867608 0.296029 28.328800 0.001869 -0.322150 0.946687 0.000000 0.000000 0.000000 0.000000 1.000000
0.917873 0.383801 0.101028 -0.000000 -0.395054 0.859204 0.325116 28.328800 0.037977 -0.338327 0.940262 0.000000 0.000000 0.000000 0.000000 1.000000
0.935055 0.344123 0.085150 0.000000 -0.346935 0.838945 0.419293 28.328800 0.072852 -0.421604 0.903849 -0.000000 0.000000 0.000000 0.000000 1.000000
0.964623 0.258073 0.053856 -0.000000 -0.248252 0.820430 0.515039 28.328800 0.088732 -0.510189 0.855473 0.000000 0.000000 0.000000 0.000000 1.000000
0.983669 0.179872 0.006498 0.000000 -0.152588 0.814229 0.560132 28.328800 0.095461 -0.551976 0.828378 0.000000 0.000000 0.000000 0.000000 1.000000
0.994510 0.092969 -0.048035 0.000000 -0.045776 0.799278 0.599215 28.328800 0.094102 -0.593726 0.799146 -0.000000 0.000000 0.000000 0.000000 1.000000
0.993786 0.067892 -0.088204 0.000000 -0.006025 0.824085 0.566435 28.328800 0.111144 -0.562383 0.819373 -0.000000 0.000000 0.000000 0.000000 1.000000
0.991430 0.012657 -0.130022 0.000000 0.058156 0.848474 0.526032 28.328800 0.116978 -0.529086 0.840467 -0.000000 0.000000 0.000000 0.000000 1.000000
0.989164 0.043897 -0.140101 -0.000000 0.036249 0.851690 0.522791 28.328800 0.142271 -0.522205 0.840869 0.000000 0.000000 0.000000 0.000000 1.000000
0.987561 0.039816 -0.152113 -0.000000 0.030646 0.900117 0.434568 28.328800 0.154222 -0.433824 0.887700 -0.000000 0.000000 0.000000 0.000000 1.000000
0.983901 -0.065242 -0.166378 0.000000 0.099096 0.973919 0.204114 28.328800 0.148722 -0.217316 0.964705 0.000000 0.000000 0.000000 0.000000 1.000000
0.986375 -0.027765 -0.162151 -0.000000 0.059726 0.978841 0.195712 28.328800 0.153286 -0.202730 0.967163 0.000000 0.000000 0.000000 0.000000 1.000000
0.987035 0.002032 -0.160492 0.000000 0.044848 0.956601 0.287930 28.328800 0.154111 -0.291395 0.944107 0.000000 0.000000 0.000000 0.000000 1.000000
0.984823 -0.049371 -0.166391 -0.000000 0.089790 0.965354 0.245010 28.328800 0.148530 -0.256231 0.955136 -0.000000 0.000000 0.000000 0.000000 1.000000
0.956253 -0.227840 -0.183489 -0.000000 0.263270 0.943719 0.200208 28.328800 0.127546 -0.239756 0.962418 0.000000 0.000000 0.000000 0.000000 1.000000
0.954768 -0.231145 -0.187059 0.000000 0.270467 0.936472 0.223310 28.328800 0.123558 -0.263803 0.956630 -0.000000 0.000000 0.000000 0.000000 1.000000
0.965733 -0.173153 -0.193334 0.000000 0.231912 0.910146 0.343295 28.328800 0.116519 -0.376368 0.919114 -0.000000 0.000000 0.000000 0.000000 1.000000
0.972822 -0.129998 -0.191621 0.000000 0.199944 0.888988 0.411974 28.328800 0.116793 -0.439090 0.890819 -0.000000 0.000000 0.000000 0.000000 1.000000
0.971228 -0.131519 -0.198543 0.000000 0.213176 0.851777 0.478572 28.328800 0.106173 -0.507127 0.855307 0.000000 0.000000 0.000000 0.000000 1.000000
0.950784 -0.220337 -0.217857 -0.000000 0.297753 0.844267 0.445597 28.328800 0.085748 -0.488534 0.868321 -0.000000 0.000000 0.000000 0.000000 1.000000
0.956591 -0.152325 -0.248455 0.000000 0.248396 0.872035 0.421727 28.328800 0.152422 -0.465136 0.872018 0.000000 0.000000 0.000000 0.000000 1.000000
0.978940 -0.094445 -0.180987 0.000000 0.156997 0.914973 0.371721 28.328800 0.130491 -0.392307 0.910531 0.000000 0.000000 0.000000 0.000000 1.000000
0.973893 -0.121278 -0.191897 -0.000000 0.195419 0.878057 0.436838 28.328800 0.115518 -0.462934 0.878833 0.000000 0.000000 0.000000 0.000000 1.000000
0.968367 -0.142044 -0.205158 0.000000 0.229885 0.827606 0.512075 28.328800 0.097053 -0.543039 0.834080 0.000000 0.000000 0.000000 0.000000 1.000000
0.965537 -0.144850 -0.216235 0.000000 0.242961 0.799533 0.549288 28.328800 0.093323 -0.582894 0.807171 0.000000 0.000000 0.000000 0.000000 1.000000
0.963446 -0.133659 -0.232178 0.000000 0.245668 0.786462 0.566679 28.328800 0.106858 -0.603003 0.790549 0.000000 0.000000 0.000000 0.000000 1.000000
0.961201 -0.099261 -0.257371 0.000000 0.231460 0.797780 0.556753 28.328800 0.150062 -0.594723 0.789802 -0.000000 0.000000 0.000000 0.000000 1.000000
0.957209 -0.048347 -0.285330 0.000000 0.196553 0.832265 0.518364 28.328800 0.212409 -0.552265 0.806155 -0.000000 0.000000 0.000000 0.000000 1.000000
0.949293 0.011945 -0.314164 0.000000 0.142165 0.874967 0.462840 28.328800 0.280412 -0.484034 0.828903 0.000000 0.000000 0.000000 0.000000 1.000000
0.936816 0.073937 -0.341921 0.000000 0.074569 0.912739 0.401680 28.328800 0.341783 -0.401797 0.849555 0.000000 0.000000 0.000000 0.000000 1.000000
0.921082 0.130673 -0.366788 -0.000000 0.004465 0.938398 0.345527 28.328800 0.389344 -0.319896 0.863758 0.000000 0.000000 0.000000 0.000000 1.000000
0.905299 0.173081 -0.387913 -0.000000 -0.051037 0.950926 0.305181 28.328800 0.421698 -0.256482 0.869706 0.000000 0.000000 0.000000 0.000000 1.000000
0.893509 0.195224 -0.404388 0.000000 -0.078272 0.954475 0.287840 28.328800 0.442171 -0.225535 0.868112 0.000000 0.000000 0.000000 0.000000 1.000000
0.889095 0.198832 -0.412282 0.000000 -0.083756 0.956187 0.280521 28.328800 0.449995 -0.214879 0.866794 0.000000 0.000000 0.000000 0.000000 1.000000
0.890027 0.194139 -0.412506 0.000000 -0.080927 0.957710 0.276120 28.328800 0.448667 -0.212371 0.868099 0.000000 0.000000 0.000000 0.000000 1.000000
0.893000 0.185212 -0.410180 0.000000 -0.073530 0.959191 0.273030 28.328800 0.444009 -0.213656 0.870176 0.000000 0.000000 0.000000 0.000000 1.000000
0.897533 0.173573 -0.405347 0.000000 -0.062791 0.960208 0.272136 28.328800 0.436453 -0.218799 0.872718 -0.000000 0.000000 0.000000 0.000000 1.000000
0.903264 0.160610 -0.397893 0.000000 -0.049893 0.960328 0.274375 28.328800 0.426175 -0.227981 0.875443 0.000000 0.000000 0.000000 0.000000 1.000000
0.909853 0.147752 -0.387732 0.000000 -0.035155 0.958542 0.282774 28.328800 0.413438 -0.243652 0.877327 0.000000 0.000000 0.000000 0.000000 1.000000
0.915925 0.145095 -0.374204 0.000000 -0.034789 0.957558 0.286134 28.328800 0.399838 -0.249059 0.882099 0.000000 0.000000 0.000000 0.000000 1.000000
0.921626 0.149276 -0.358221 0.000000 -0.045858 0.958485 0.281430 28.328800 0.385360 -0.242946 0.890210 0.000000 0.000000 0.000000 0.000000 1.000000
0.926665 0.160726 -0.339794 0.000000 -0.064402 0.958494 0.277745 28.328800 0.370331 -0.235493 0.898553 0.000000 0.000000 0.000000 0.000000 1.000000
0.933632 0.153274 -0.323786 0.000000 -0.069921 0.964430 0.254925 28.328800 0.351342 -0.215367 0.911140 0.000000 0.000000 0.000000 0.000000 1.000000
0.940501 0.148348 -0.305698 -0.000000 -0.071372 0.965839 0.249119 28.328800 0.332212 -0.212478 0.918961 0.000000 0.000000 0.000000 0.000000 1.000000
0.949316 0.121397 -0.289934 0.000000 -0.050563 0.969375 0.240325 28.328800 0.310230 -0.213484 0.926381 0.000000 0.000000 0.000000 0.000000 1.000000
0.957246 0.093847 -0.273631 0.000000 -0.027439 0.971106 0.237068 28.328800 0.287972 -0.219424 0.932162 0.000000 0.000000 0.000000 0.000000 1.000000
0.963125 0.085569 -0.255085 0.000000 -0.019388 0.967686 0.251411 28.328800 0.268356 -0.237195 0.933662 0.000000 0.000000 0.000000 0.000000 1.000000
0.967587 0.094526 -0.234179 0.000000 -0.022089 0.955431 0.294388 28.328800 0.251569 -0.279673 0.926551 0.000000 0.000000 0.000000 0.000000 1.000000
0.971035 0.110785 -0.211702 0.000000 -0.029739 0.935161 0.352972 28.328800 0.237080 -0.336452 0.911369 0.000000 0.000000 0.000000 0.000000 1.000000
0.974057 0.125409 -0.188377 0.000000 -0.031973 0.900322 0.434049 28.328800 0.224033 -0.416765 0.880974 -0.000000 0.000000 0.000000 0.000000 1.000000
0.978322 0.115044 -0.172192 0.000000 -0.012810 0.863520 0.504151 28.328800 0.206691 -0.491017 0.846275 -0.000000 0.000000 0.000000 0.000000 1.000000
0.982181 0.091769 -0.164008 0.000000 0.010065 0.845741 0.533498 28.328800 0.187667 -0.525642 0.829748 -0.000000 0.000000 0.000000 0.000000 1.000000
0.984831 0.067013 -0.160052 0.000000 0.030314 0.841776 0.538975 28.328800 0.170846 -0.535652 0.826976 -0.000000 0.000000 0.000000 0.000000 1.000000
0.985907 0.078715 -0.147618 0.000000 0.013267 0.842823 0.538028 28.328800 0.166767 -0.532404 0.829901 -0.000000 0.000000 0.000000 0.000000 1.000000
0.986439 0.093278 -0.135047 0.000000 -0.008757 0.851546 0.524207 28.328800 0.163895 -0.515915 0.840815 -0.000000 0.000000 0.000000 0.000000 1.000000
0.987954 0.083578 -0.130239 0.000000 -0.008427 0.869418 0.494005 28.328800 0.154520 -0.486957 0.859649 0.000000 0.000000 0.000000 0.000000 1.000000
0.990527 0.048589 -0.128435 0.000000 0.030189 0.835371 0.548858 28.328800 0.133959 -0.547535 0.825990 -0.000000 0.000000 0.000000 0.000000 1.000000
0.991922 0.055201 -0.114206 0.000000 0.012444 0.853657 0.520687 28.328800 0.126235 -0.517903 0.846074 0.000000 0.000000 0.000000 0.000000 1.000000
0.992996 0.067910 -0.096678 0.000000 -0.012696 0.874893 0.484150 28.328800 0.117461 -0.479532 0.869628 0.000000 0.000000 0.000000 0.000000 1.000000
0.994740 0.063022 -0.080744 -0.000000 -0.017816 0.882745 0.469515 28.328800 0.100866 -0.465607 0.879225 0.000000 0.000000 0.000000 0.000000 1.000000
0.996781 0.047756 -0.064393 -0.000000 -0.011958 0.882793 0.469611 28.328800 0.079272 -0.467329 0.880522 0.000000 0.000000 0.000000 0.000000 1.000000
0.998269 0.037848 -0.045014 -0.000000 -0.012430 0.883889 0.467531 28.328800 0.057482 -0.466163 0.882830 0.000000 0.000000 0.000000 0.000000 1.000000
0.998167 0.057356 -0.019333 0.000000 -0.041788 0.884120 0.465388 28.328800 0.043786 -0.463727 0.884896 0.000000 0.000000 0.000000 0.000000 1.000000
0.999783 0.020812 -0.000916 0.000000 -0.018064 0.887962 0.459561 28.328800 0.010378 -0.459445 0.888146 0.000000 0.000000 0.000000 0.000000 1.000000
0.999653 0.012827 0.023007 0.000000 -0.021959 0.888208 0.458916 28.328800 -0.014549 -0.459262 0.888182 0.000000 0.000000 0.000000 0.000000 1.000000
0.998822 -0.015561 0.045957 -0.000000 -0.006837 0.892594 0.450810 28.328800 -0.048036 -0.450593 0.891436 0.000000 0.000000 0.000000 0.000000 1.000000
0.996669 -0.040098 0.071012 0.000000 0.005455 0.901601 0.432534 28.328800 -0.081368 -0.430706 0.898817 -0.000000 0.000000 0.000000 0.000000 1.000000
0.993886 -0.049554 0.098664 -0.000000 0.006376 0.917888 0.396788 28.328800 -0.110225 -0.393733 0.912592 0.000000 0.000000 0.000000 0.000000 1.000000
0.989345 -0.077074 0.123514 -0.000000 0.018167 0.907101 0.420521 28.328800 -0.144451 -0.413797 0.898836 0.000000 0.000000 0.000000 0.000000 1.000000
0.985143 -0.083846 0.149877 -0.000000 0.013566 0.907983 0.418787 28.328800 -0.171200 -0.410532 0.895630 0.000000 0.000000 0.000000 0.000000 1.000000
0.979099 -0.100803 0.176648 0.000000 0.021953 0.915840 0.400943 28.328800 -0.202197 -0.388685 0.898911 0.000000 0.000000 0.000000 0.000000 1.000000
0.969221 -0.137688 0.204091 0.000000 0.051446 0.923957 0.379020 28.328800 -0.240758 -0.356854 0.902602 0.000000 0.000000 0.000000 0.000000 1.000000
0.960931 -0.154193 0.229863 0.000000 0.062073 0.929358 0.363924 28.328800 -0.269739 -0.335437 0.902620 0.000000 0.000000 0.000000 0.000000 1.000000
0.953035 -0.165282 0.253783 0.000000 0.068445 0.933819 0.351137 28.328800 -0.295024 -0.317275 0.901275 0.000000 0.000000 0.000000 0.000000 1.000000
0.944912 -0.174870 0.276699 -0.000000 0.077541 0.940857 0.329812 28.328800 -0.318008 -0.290188 0.902586 0.000000 0.000000 0.000000 0.000000 1.000000
0.937584 -0.181223 0.296808 0.000000 0.084006 0.946235 0.312381 28.328800 -0.337461 -0.267950 0.902399 0.000000 0.000000 0.000000 0.000000 1.000000
0.931011 -0.186179 0.313937 -0.000000 0.089432 0.950263 0.298332 28.328800 -0.353866 -0.249675 0.901355 0.000000 0.000000 0.000000 0.000000 1.000000
0.925486 -0.189851 0.327770 -0.000000 0.093689 0.953170 0.287556 28.328800 -0.367013 -0.235421 0.899933 0.000000 0.000000 0.000000 0.000000 1.000000
0.921279 -0.192359 0.337997 0.000000 0.096719 0.955130 0.279951 28.328800 -0.376682 -0.225222 0.898546 0.000000 0.000000 0.000000 0.000000 1.000000
0.918624 -0.193803 0.344340 -0.000000 0.098499 0.956261 0.275433 28.328800 -0.382659 -0.219102 0.897534 0.000000 0.000000 0.000000 0.000000 1.000000
0.917705 -0.194272 0.346520 0.000000 0.099076 0.956631 0.273935 28.328800 -0.384709 -0.217060 0.897153 0.000000 0.000000 0.000000 0.000000 1.000000</float_array>
        <technique_common>
          <accessor source="#mixamorig_LeftHand-Matrix-animation-output-transform-array" count="90" stride="16">
            <param type="float4x4"/>
          </accessor>
        </technique_common>
      </source>
      <source id="mixamorig_LeftHand-Interpolations">
        <Name_array id="mixamorig_LeftHand-Interpolations-array" count="90">
 LINEAR LINEAR LINEAR LINEAR LINEAR LINEAR LINEAR LINEAR LINEAR LINEAR LINEAR
LINEAR LINEAR LINEAR LINEAR LINEAR LINEAR LINEAR LINEAR LINEAR LINEAR LINEAR LINEAR
LINEAR LINEAR LINEAR LINEAR LINEAR LINEAR LINEAR LINEAR LINEAR LINEAR LINEAR LINEAR
LINEAR LINEAR LINEAR LINEAR LINEAR LINEAR LINEAR LINEAR LINEAR LINEAR LINEAR LINEAR
LINEAR LINEAR LINEAR LINEAR LINEAR LINEAR LINEAR LINEAR LINEAR LINEAR LINEAR LINEAR
LINEAR LINEAR LINEAR LINEAR LINEAR LINEAR LINEAR LINEAR LINEAR LINEAR LINEAR LINEAR
LINEAR LINEAR LINEAR LINEAR LINEAR LINEAR LINEAR LINEAR LINEAR LINEAR LINEAR LINEAR
LINEAR LINEAR LINEAR LINEAR LINEAR LINEAR LINEAR</Name_array>
        <technique_common>
          <accessor source="#mixamorig_LeftHand-Interpolations-array" count="90">
            <param type="name"/>
          </accessor>
        </technique_common>
      </source>
      <sampler id="mixamorig_LeftHand-Matrix-animation-transform">
        <input semantic="INPUT" source="#mixamorig_LeftHand-Matrix-animation-input"/>
        <input semantic="OUTPUT" source="#mixamorig_LeftHand-Matrix-animation-output-transform"/>
        <input semantic="INTERPOLATION" source="#mixamorig_LeftHand-Interpolations"/>
      </sampler>
      <channel source="#mixamorig_LeftHand-Matrix-animation-transform" target="mixamorig_LeftHand/matrix"/>
    </animation>
    <animation id="mixamorig_LeftHandThumb1-anim" name="mixamorig_LeftHandThumb1">
      <source id="mixamorig_LeftHandThumb1-Matrix-animation-input">
        <float_array id="mixamorig_LeftHandThumb1-Matrix-animation-input-array" count="90">

0.000000 0.033333 0.066667 0.100000 0.133333 0.166667 0.200000 0.233333 0.266667 0.300000 0.333333 0.366667 0.400000 0.433333 0.466667 0.500000
0.533333 0.566667 0.600000 0.633333 0.666667 0.700000 0.733333 0.766667 0.800000 0.833333 0.866667 0.900000 0.933333 0.966667 1.000000 1.033333
1.066667 1.100000 1.133333 1.166667 1.200000 1.233333 1.266667 1.300000 1.333333 1.366667 1.400000 1.433333 1.466667 1.500000 1.533333 1.566667
1.600000 1.633333 1.666667 1.700000 1.733333 1.766667 1.800000 1.833333 1.866667 1.900000 1.933333 1.966667 2.000000 2.033333 2.066667 2.100000
2.133333 2.166667 2.200000 2.233333 2.266667 2.300000 2.333333 2.366667 2.400000 2.433333 2.466667 2.500000 2.533333 2.566667 2.600000 2.633333
2.666667 2.700000 2.733333 2.766667 2.800000 2.833333 2.866667 2.900000 2.933333 2.966667</float_array>
        <technique_common>
          <accessor source="#mixamorig_LeftHandThumb1-Matrix-animation-input-array" count="90">
            <param name="TIME" type="float"/>
          </accessor>
        </technique_common>
      </source>
      <source id="mixamorig_LeftHandThumb1-Matrix-animation-output-transform">
        <float_array id="mixamorig_LeftHandThumb1-Matrix-animation-output-transform-array" count="1440">

0.825101 -0.564066 0.032218 -2.681700 0.535301 0.762236 -0.363936 2.466100 0.180726 0.317531 0.930866 1.576200 0.000000 0.000000 0.000000 1.000000
0.850007 -0.524274 0.051235 -2.681700 0.497707 0.767440 -0.404133 2.466100 0.172557 0.369016 0.913264 1.576200 0.000000 0.000000 0.000000 1.000000
0.905335 -0.417817 0.076144 -2.681700 0.399291 0.776298 -0.487780 2.466100 0.144692 0.472008 0.869640 1.576200 0.000000 0.000000 0.000000 1.000000
0.958864 -0.275056 0.070175 -2.681700 0.266191 0.785376 -0.558862 2.466100 0.098605 0.554553 0.826286 1.576200 0.000000 0.000000 0.000000 1.000000
0.992597 -0.116367 0.034770 -2.681700 0.114990 0.808339 -0.577378 2.466100 0.039082 0.577103 0.815736 1.576200 0.000000 0.000000 0.000000 1.000000
0.998452 -0.052225 0.019149 -2.681700 0.053442 0.805127 -0.590690 2.466100 0.015431 0.590799 0.806672 1.576200 0.000000 0.000000 0.000000 1.000000
0.997222 -0.072053 0.018895 -2.681700 0.069197 0.802164 -0.593081 2.466100 0.027576 0.592740 0.804921 1.576200 0.000000 0.000000 0.000000 1.000000
0.996890 -0.076480 0.018989 -2.681700 0.072127 0.788491 -0.610802 2.466100 0.031741 0.610272 0.791556 1.576200 0.000000 0.000000 0.000000 1.000000
0.999447 -0.033229 0.001345 -2.681700 0.027212 0.793902 -0.607436 2.466100 0.019117 0.607137 0.794367 1.576200 0.000000 0.000000 0.000000 1.000000
0.999736 -0.016042 -0.016420 -2.681700 0.003622 0.816545 -0.577270 2.466100 0.022668 0.577058 0.816388 1.576200 0.000000 0.000000 0.000000 1.000000
0.999520 -0.013773 -0.027755 -2.681700 -0.004061 0.829810 -0.558031 2.466100 0.030718 0.557875 0.829356 1.576200 0.000000 0.000000 0.000000 1.000000
0.999393 0.006441 -0.034225 -2.681700 -0.024979 0.817342 -0.575611 2.466100 0.024266 0.576117 0.817007 1.576200 0.000000 0.000000 0.000000 1.000000
0.999083 0.018074 -0.038815 -2.681700 -0.037384 0.810183 -0.584984 2.466100 0.020874 0.585899 0.810115 1.576200 0.000000 0.000000 0.000000 1.000000
0.999103 0.013115 -0.040266 -2.681700 -0.034367 0.806675 -0.589995 2.466100 0.024744 0.590850 0.806402 1.576200 0.000000 0.000000 0.000000 1.000000
0.999216 -0.003484 -0.039433 -2.681700 -0.020542 0.805883 -0.591718 2.466100 0.033839 0.592064 0.805180 1.576200 0.000000 0.000000 0.000000 1.000000
0.998882 -0.029135 -0.037221 -2.681700 0.001552 0.807244 -0.590216 2.466100 0.047242 0.589498 0.806387 1.576200 0.000000 0.000000 0.000000 1.000000
0.997516 -0.061291 -0.034716 -2.681700 0.029399 0.810118 -0.585529 2.466100 0.064012 0.583054 0.809907 1.576200 0.000000 0.000000 0.000000 1.000000
0.994702 -0.097358 -0.033018 -2.681700 0.060498 0.814021 -0.577676 2.466100 0.083119 0.572618 0.815598 1.576200 0.000000 0.000000 0.000000 1.000000
0.990342 -0.134636 -0.033096 -2.681700 0.092375 0.818776 -0.566633 2.466100 0.103387 0.558103 0.823305 1.576200 0.000000 0.000000 0.000000 1.000000
0.984743 -0.170319 -0.035687 -2.681700 0.122605 0.824592 -0.552282 2.466100 0.123491 0.539481 0.832893 1.576200 0.000000 0.000000 0.000000 1.000000
0.978621 -0.201500 -0.041212 -2.681700 0.148819 0.832055 -0.534358 2.466100 0.141964 0.516801 0.844253 1.576200 0.000000 0.000000 0.000000 1.000000
0.972804 -0.226175 -0.049967 -2.681700 0.169541 0.842262 -0.511714 2.466100 0.157822 0.489326 0.857702 1.576200 0.000000 0.000000 0.000000 1.000000
0.966422 -0.249002 -0.063456 -2.681700 0.189254 0.856777 -0.479704 2.466100 0.173815 0.451587 0.875133 1.576200 0.000000 0.000000 0.000000 1.000000
0.959058 -0.271248 -0.081432 -2.681700 0.209908 0.873840 -0.438569 2.466100 0.190120 0.403520 0.895001 1.576200 0.000000 0.000000 0.000000 1.000000
0.950783 -0.292302 -0.102819 -2.681700 0.231710 0.891014 -0.390391 2.466100 0.205725 0.347353 0.914890 1.576200 0.000000 0.000000 0.000000 1.000000
0.941737 -0.311694 -0.126407 -2.681700 0.254638 0.906227 -0.337507 2.466100 0.219753 0.285655 0.932797 1.576200 0.000000 0.000000 0.000000 1.000000
0.932124 -0.329183 -0.150940 -2.681700 0.278430 0.917960 -0.282533 2.466100 0.231562 0.221330 0.947308 1.576200 0.000000 0.000000 0.000000 1.000000
0.922188 -0.344790 -0.175185 -2.681700 0.302607 0.925366 -0.228311 2.466100 0.240829 0.157534 0.957697 1.576200 0.000000 0.000000 0.000000 1.000000
0.912182 -0.358784 -0.197986 -2.681700 0.326532 0.928309 -0.177818 2.466100 0.247590 0.097554 0.963941 1.576200 0.000000 0.000000 0.000000 1.000000
0.902352 -0.371642 -0.218274 -2.681700 0.349493 0.927301 -0.134044 2.466100 0.252222 0.044670 0.966638 1.576200 0.000000 0.000000 0.000000 1.000000
0.892924 -0.383990 -0.235030 -2.681700 0.370771 0.923335 -0.099904 2.466100 0.255373 0.002064 0.966840 1.576200 0.000000 0.000000 0.000000 1.000000
0.884106 -0.396540 -0.247210 -2.681700 0.389709 0.917614 -0.078177 2.466100 0.257844 -0.027223 0.965803 1.576200 0.000000 0.000000 0.000000 1.000000
0.875685 -0.410209 -0.254763 -2.681700 0.406840 0.910939 -0.068345 2.466100 0.260110 -0.043799 0.964585 1.576200 0.000000 0.000000 0.000000 1.000000
0.867132 -0.425442 -0.258999 -2.681700 0.423523 0.903469 -0.066116 2.466100 0.262126 -0.052361 0.963612 1.576200 0.000000 0.000000 0.000000 1.000000
0.856822 -0.445322 -0.259891 -2.681700 0.442685 0.893780 -0.072024 2.466100 0.264359 -0.053338 0.962948 1.576200 0.000000 0.000000 0.000000 1.000000
0.842897 -0.474071 -0.254521 -2.681700 0.467022 0.879497 -0.091516 2.466100 0.267236 -0.041729 0.962727 1.576200 0.000000 0.000000 0.000000 1.000000
0.829605 -0.503307 -0.241740 -2.681700 0.488813 0.863928 -0.121202 2.466100 0.269847 -0.017616 0.962742 1.576200 0.000000 0.000000 0.000000 1.000000
0.817587 -0.531139 -0.222356 -2.681700 0.507531 0.847137 -0.157390 2.466100 0.271962 0.015828 0.962178 1.576200 0.000000 0.000000 0.000000 1.000000
0.807592 -0.555586 -0.197787 -2.681700 0.522572 0.829608 -0.196645 2.466100 0.273339 0.055450 0.960318 1.576200 0.000000 0.000000 0.000000 1.000000
0.800473 -0.574710 -0.170152 -2.681700 0.533162 0.812452 -0.235924 2.466100 0.273828 0.098132 0.956759 1.576200 0.000000 0.000000 0.000000 1.000000
0.797174 -0.586753 -0.142246 -2.681700 0.538287 0.797431 -0.272673 2.466100 0.273423 0.140799 0.951533 1.576200 0.000000 0.000000 0.000000 1.000000
0.798378 -0.590488 -0.117971 -2.681700 0.537075 0.786880 -0.303925 2.466100 0.272293 0.179288 0.945364 1.576200 0.000000 0.000000 0.000000 1.000000
0.802060 -0.588020 -0.104552 -2.681700 0.532285 0.783183 -0.321399 2.466100 0.270872 0.202130 0.941154 1.576200 0.000000 0.000000 0.000000 1.000000
0.807269 -0.582135 -0.097139 -2.681700 0.525159 0.783634 -0.331854 2.466100 0.269305 0.216882 0.938316 1.576200 0.000000 0.000000 0.000000 1.000000
0.816873 -0.570411 -0.085724 -2.681700 0.511599 0.785113 -0.349089 2.466100 0.266428 0.241305 0.933160 1.576200 0.000000 0.000000 0.000000 1.000000
0.832250 -0.550360 -0.066808 -2.681700 0.489042 0.785550 -0.379143 2.466100 0.261146 0.282870 0.922923 1.576200 0.000000 0.000000 0.000000 1.000000
0.854442 -0.518168 -0.037818 -2.681700 0.454680 0.781000 -0.428142 2.466100 0.251385 0.348628 0.902920 1.576200 0.000000 0.000000 0.000000 1.000000
0.879968 -0.474967 -0.007883 -2.681700 0.411922 0.771219 -0.485326 2.466100 0.236593 0.423825 0.874298 1.576200 0.000000 0.000000 0.000000 1.000000
0.896398 -0.443167 0.008633 -2.681700 0.381723 0.761922 -0.523224 2.466100 0.225298 0.472312 0.852152 1.576200 0.000000 0.000000 0.000000 1.000000
0.903663 -0.427964 0.015507 -2.681700 0.367182 0.755668 -0.542350 2.466100 0.220388 0.495796 0.840009 1.576200 0.000000 0.000000 0.000000 1.000000
0.908014 -0.418497 0.019249 -2.681700 0.357840 0.750874 -0.555102 2.466100 0.217855 0.510929 0.831560 1.576200 0.000000 0.000000 0.000000 1.000000
0.909971 -0.414161 0.020588 -2.681700 0.353042 0.747728 -0.562374 2.466100 0.217519 0.519012 0.826627 1.576200 0.000000 0.000000 0.000000 1.000000
0.909946 -0.414241 0.020047 -2.681700 0.352125 0.746153 -0.565035 2.466100 0.219102 0.521210 0.824824 1.576200 0.000000 0.000000 0.000000 1.000000
0.908290 -0.417952 0.018017 -2.681700 0.354419 0.745910 -0.563920 2.466100 0.222253 0.518589 0.825633 1.576200 0.000000 0.000000 0.000000 1.000000
0.905320 -0.424472 0.014814 -2.681700 0.359248 0.746671 -0.559843 2.466100 0.226576 0.512159 0.828466 1.576200 0.000000 0.000000 0.000000 1.000000
0.901348 -0.432963 0.010733 -2.681700 0.365932 0.748078 -0.553600 2.466100 0.231660 0.502914 0.832713 1.576200 0.000000 0.000000 0.000000 1.000000
0.896703 -0.442591 0.006084 -2.681700 0.373784 0.749793 -0.545981 2.466100 0.237085 0.491857 0.837775 1.576200 0.000000 0.000000 0.000000 1.000000
0.891745 -0.452536 0.001216 -2.681700 0.382112 0.751527 -0.537770 2.466100 0.242446 0.480019 0.843091 1.576200 0.000000 0.000000 0.000000 1.000000
0.886871 -0.462004 -0.003467 -2.681700 0.390224 0.753056 -0.529746 2.466100 0.247355 0.468464 0.848149 1.576200 0.000000 0.000000 0.000000 1.000000
0.882512 -0.470231 -0.007507 -2.681700 0.397427 0.754221 -0.522687 2.466100 0.251446 0.458294 0.852491 1.576200 0.000000 0.000000 0.000000 1.000000
0.879125 -0.476477 -0.010408 -2.681700 0.403031 0.754915 -0.517367 2.466100 0.254371 0.450635 0.855700 1.576200 0.000000 0.000000 0.000000 1.000000
0.876704 -0.480881 -0.011962 -2.681700 0.407253 0.755246 -0.513565 2.466100 0.255998 0.445373 0.857968 1.576200 0.000000 0.000000 0.000000 1.000000
0.874219 -0.485365 -0.012762 -2.681700 0.412113 0.755665 -0.509052 2.466100 0.256719 0.439763 0.860641 1.576200 0.000000 0.000000 0.000000 1.000000
0.871531 -0.490168 -0.013019 -2.681700 0.417789 0.756213 -0.503581 2.466100 0.256685 0.433448 0.863850 1.576200 0.000000 0.000000 0.000000 1.000000
0.868652 -0.495256 -0.012859 -2.681700 0.424164 0.756871 -0.497224 2.466100 0.255986 0.426460 0.867527 1.576200 0.000000 0.000000 0.000000 1.000000
0.865593 -0.500595 -0.012407 -2.681700 0.431125 0.757615 -0.490051 2.466100 0.254717 0.418836 0.871605 1.576200 0.000000 0.000000 0.000000 1.000000
0.862365 -0.506150 -0.011788 -2.681700 0.438555 0.758428 -0.482138 2.466100 0.252974 0.410609 0.876016 1.576200 0.000000 0.000000 0.000000 1.000000
0.858981 -0.511887 -0.011120 -2.681700 0.446346 0.759286 -0.473561 2.466100 0.250853 0.401816 0.880691 1.576200 0.000000 0.000000 0.000000 1.000000
0.855455 -0.517770 -0.010524 -2.681700 0.454387 0.760173 -0.464402 2.466100 0.248453 0.392493 0.885562 1.576200 0.000000 0.000000 0.000000 1.000000
0.851802 -0.523766 -0.010114 -2.681700 0.462577 0.761070 -0.454748 2.466100 0.245879 0.382677 0.890563 1.576200 0.000000 0.000000 0.000000 1.000000
0.848038 -0.529842 -0.010002 -2.681700 0.470817 0.761959 -0.444690 2.466100 0.243236 0.372405 0.895629 1.576200 0.000000 0.000000 0.000000 1.000000
0.844179 -0.535963 -0.010296 -2.681700 0.479016 0.762827 -0.434325 2.466100 0.240636 0.361716 0.900697 1.576200 0.000000 0.000000 0.000000 1.000000
0.840242 -0.542098 -0.011100 -2.681700 0.487091 0.763658 -0.423755 2.466100 0.238193 0.350651 0.905709 1.576200 0.000000 0.000000 0.000000 1.000000
0.834492 -0.550802 -0.015468 -2.681700 0.498254 0.766272 -0.405671 2.466100 0.235298 0.330822 0.913888 1.576200 0.000000 0.000000 0.000000 1.000000
0.825657 -0.563648 -0.024310 -2.681700 0.515180 0.770821 -0.374733 2.466100 0.229956 0.296877 0.926814 1.576200 0.000000 0.000000 0.000000 1.000000
0.821401 -0.569986 -0.020401 -2.681700 0.523947 0.768221 -0.367852 2.466100 0.225343 0.291465 0.929660 1.576200 0.000000 0.000000 0.000000 1.000000
0.816942 -0.576554 -0.013844 -2.681700 0.531811 0.762396 -0.368685 2.466100 0.223122 0.293832 0.929451 1.576200 0.000000 0.000000 0.000000 1.000000
0.813808 -0.581084 -0.007567 -2.681700 0.537562 0.757676 -0.370073 2.466100 0.220777 0.297101 0.928972 1.576200 0.000000 0.000000 0.000000 1.000000
0.817008 -0.576622 -0.002402 -2.681700 0.535104 0.759721 -0.369441 2.466100 0.214852 0.300551 0.929251 1.576200 0.000000 0.000000 0.000000 1.000000
0.829515 -0.558484 0.000367 -2.681700 0.519846 0.771886 -0.365995 2.466100 0.204119 0.303789 0.930617 1.576200 0.000000 0.000000 0.000000 1.000000
0.837323 -0.546688 0.004800 -2.681700 0.510337 0.778437 -0.365502 2.466100 0.196079 0.308493 0.930798 1.576200 0.000000 0.000000 0.000000 1.000000
0.836383 -0.547995 0.012862 -2.681700 0.512999 0.774272 -0.370588 2.466100 0.193121 0.316552 0.928708 1.576200 0.000000 0.000000 0.000000 1.000000
0.833675 -0.551875 0.020480 -2.681700 0.517954 0.768492 -0.375690 2.466100 0.191595 0.323811 0.926519 1.576200 0.000000 0.000000 0.000000 1.000000
0.831880 -0.554436 0.023989 -2.681700 0.521421 0.766083 -0.375816 2.466100 0.189988 0.325142 0.926384 1.576200 0.000000 0.000000 0.000000 1.000000
0.830302 -0.556688 0.026396 -2.681700 0.524635 0.764758 -0.374036 2.466100 0.188035 0.324411 0.927038 1.576200 0.000000 0.000000 0.000000 1.000000
0.828745 -0.558904 0.028429 -2.681700 0.527824 0.763757 -0.371587 2.466100 0.185969 0.322957 0.927963 1.576200 0.000000 0.000000 0.000000 1.000000
0.827327 -0.560916 0.030053 -2.681700 0.530731 0.763040 -0.368910 2.466100 0.183996 0.321159 0.928979 1.576200 0.000000 0.000000 0.000000 1.000000
0.826169 -0.562556 0.031241 -2.681700 0.533108 0.762571 -0.366445 2.466100 0.182322 0.319400 0.929915 1.576200 0.000000 0.000000 0.000000 1.000000
0.825387 -0.563661 0.031970 -2.681700 0.534711 0.762314 -0.364639 2.466100 0.181162 0.318063 0.930600 1.576200 0.000000 0.000000 0.000000 1.000000
0.825101 -0.564066 0.032218 -2.681700 0.535301 0.762236 -0.363936 2.466100 0.180726 0.317530 0.930867 1.576200 0.000000 0.000000 0.000000 1.000000</float_array>
        <technique_common>
          <accessor source="#mixamorig_LeftHandThumb1-Matrix-animation-output-transform-array" count="90" stride="16">
            <param type="float4x4"/>
          </accessor>
        </technique_common>
      </source>
      <source id="mixamorig_LeftHandThumb1-Interpolations">
        <Name_array id="mixamorig_LeftHandThumb1-Interpolations-array" count="90">
 LINEAR LINEAR LINEAR LINEAR LINEAR LINEAR LINEAR LINEAR LINEAR LINEAR LINEAR
LINEAR LINEAR LINEAR LINEAR LINEAR LINEAR LINEAR LINEAR LINEAR LINEAR LINEAR LINEAR
LINEAR LINEAR LINEAR LINEAR LINEAR LINEAR LINEAR LINEAR LINEAR LINEAR LINEAR LINEAR
LINEAR LINEAR LINEAR LINEAR LINEAR LINEAR LINEAR LINEAR LINEAR LINEAR LINEAR LINEAR
LINEAR LINEAR LINEAR LINEAR LINEAR LINEAR LINEAR LINEAR LINEAR LINEAR LINEAR LINEAR
LINEAR LINEAR LINEAR LINEAR LINEAR LINEAR LINEAR LINEAR LINEAR LINEAR LINEAR LINEAR
LINEAR LINEAR LINEAR LINEAR LINEAR LINEAR LINEAR LINEAR LINEAR LINEAR LINEAR LINEAR
LINEAR LINEAR LINEAR LINEAR LINEAR LINEAR LINEAR</Name_array>
        <technique_common>
          <accessor source="#mixamorig_LeftHandThumb1-Interpolations-array" count="90">
            <param type="name"/>
          </accessor>
        </technique_common>
      </source>
      <sampler id="mixamorig_LeftHandThumb1-Matrix-animation-transform">
        <input semantic="INPUT" source="#mixamorig_LeftHandThumb1-Matrix-animation-input"/>
        <input semantic="OUTPUT" source="#mixamorig_LeftHandThumb1-Matrix-animation-output-transform"/>
        <input semantic="INTERPOLATION" source="#mixamorig_LeftHandThumb1-Interpolations"/>
      </sampler>
      <channel source="#mixamorig_LeftHandThumb1-Matrix-animation-transform" target="mixamorig_LeftHandThumb1/matrix"/>
    </animation>
    <animation id="mixamorig_LeftHandThumb2-anim" name="mixamorig_LeftHandThumb2">
      <source id="mixamorig_LeftHandThumb2-Matrix-animation-input">
        <float_array id="mixamorig_LeftHandThumb2-Matrix-animation-input-array" count="90">

0.000000 0.033333 0.066667 0.100000 0.133333 0.166667 0.200000 0.233333 0.266667 0.300000 0.333333 0.366667 0.400000 0.433333 0.466667 0.500000
0.533333 0.566667 0.600000 0.633333 0.666667 0.700000 0.733333 0.766667 0.800000 0.833333 0.866667 0.900000 0.933333 0.966667 1.000000 1.033333
1.066667 1.100000 1.133333 1.166667 1.200000 1.233333 1.266667 1.300000 1.333333 1.366667 1.400000 1.433333 1.466667 1.500000 1.533333 1.566667
1.600000 1.633333 1.666667 1.700000 1.733333 1.766667 1.800000 1.833333 1.866667 1.900000 1.933333 1.966667 2.000000 2.033333 2.066667 2.100000
2.133333 2.166667 2.200000 2.233333 2.266667 2.300000 2.333333 2.366667 2.400000 2.433333 2.466667 2.500000 2.533333 2.566667 2.600000 2.633333
2.666667 2.700000 2.733333 2.766667 2.800000 2.833333 2.866667 2.900000 2.933333 2.966667</float_array>
        <technique_common>
          <accessor source="#mixamorig_LeftHandThumb2-Matrix-animation-input-array" count="90">
            <param name="TIME" type="float"/>
          </accessor>
        </technique_common>
      </source>
      <source id="mixamorig_LeftHandThumb2-Matrix-animation-output-transform">
        <float_array id="mixamorig_LeftHandThumb2-Matrix-animation-output-transform-array" count="1440">

0.939653 0.316214 -0.130620 -0.000000 -0.310711 0.948538 0.061103 4.187100 0.143220 -0.016830 0.989548 0.000000 0.000000 0.000000 0.000000 1.000000
0.939622 0.316323 -0.130578 -0.000000 -0.310819 0.948502 0.061123 4.187100 0.143188 -0.016846 0.989552 0.000000 0.000000 0.000000 0.000000 1.000000
0.939622 0.316323 -0.130578 0.000000 -0.310819 0.948502 0.061123 4.187100 0.143188 -0.016846 0.989552 0.000000 0.000000 0.000000 0.000000 1.000000
0.939609 0.316345 -0.130616 0.000000 -0.310860 0.948497 0.060980 4.187100 0.143180 -0.016694 0.989556 0.000000 0.000000 0.000000 0.000000 1.000000
0.939593 0.316371 -0.130667 0.000000 -0.310914 0.948492 0.060791 4.187100 0.143169 -0.016492 0.989561 0.000000 0.000000 0.000000 0.000000 1.000000
0.939580 0.316405 -0.130679 0.000000 -0.310983 0.948485 0.060544 4.187100 0.143103 -0.016248 0.989574 0.000000 0.000000 0.000000 0.000000 1.000000
0.939556 0.316495 -0.130636 -0.000000 -0.311117 0.948460 0.060250 4.187100 0.142972 -0.015965 0.989598 0.000000 0.000000 0.000000 0.000000 1.000000
0.939529 0.316595 -0.130588 0.000000 -0.311266 0.948432 0.059925 4.187100 0.142826 -0.015654 0.989624 0.000000 0.000000 0.000000 0.000000 1.000000
0.939501 0.316700 -0.130536 0.000000 -0.311423 0.948402 0.059577 4.187100 0.142669 -0.015321 0.989652 0.000000 0.000000 0.000000 0.000000 1.000000
0.939471 0.316811 -0.130482 0.000000 -0.311588 0.948370 0.059214 4.187100 0.142504 -0.014973 0.989681 -0.000000 0.000000 0.000000 0.000000 1.000000
0.939440 0.316926 -0.130426 -0.000000 -0.311759 0.948338 0.058839 4.187100 0.142336 -0.014614 0.989711 0.000000 0.000000 0.000000 0.000000 1.000000
0.939409 0.317042 -0.130370 -0.000000 -0.311931 0.948305 0.058463 4.187100 0.142165 -0.014254 0.989740 -0.000000 0.000000 0.000000 0.000000 1.000000
0.939378 0.317154 -0.130315 -0.000000 -0.312098 0.948272 0.058091 4.187100 0.141998 -0.013899 0.989769 0.000000 0.000000 0.000000 0.000000 1.000000
0.939348 0.317266 -0.130261 0.000000 -0.312263 0.948240 0.057733 4.187100 0.141836 -0.013555 0.989797 0.000000 0.000000 0.000000 0.000000 1.000000
0.939320 0.317370 -0.130210 0.000000 -0.312417 0.948210 0.057392 4.187100 0.141681 -0.013230 0.989824 0.000000 0.000000 0.000000 0.000000 1.000000
0.939294 0.317466 -0.130164 0.000000 -0.312561 0.948181 0.057078 4.187100 0.141539 -0.012929 0.989848 0.000000 0.000000 0.000000 0.000000 1.000000
0.939271 0.317552 -0.130120 0.000000 -0.312688 0.948156 0.056797 4.187100 0.141410 -0.012660 0.989870 -0.000000 0.000000 0.000000 0.000000 1.000000
0.939253 0.317619 -0.130084 0.000000 -0.312791 0.948137 0.056555 4.187100 0.141300 -0.012430 0.989889 0.000000 0.000000 0.000000 0.000000 1.000000
0.939236 0.317674 -0.130069 0.000000 -0.312873 0.948121 0.056365 4.187100 0.141227 -0.012245 0.989902 0.000000 0.000000 0.000000 0.000000 1.000000
0.939224 0.317716 -0.130056 0.000000 -0.312935 0.948109 0.056228 4.187100 0.141172 -0.012112 0.989911 0.000000 0.000000 0.000000 0.000000 1.000000
0.939217 0.317747 -0.130035 -0.000000 -0.312978 0.948099 0.056147 4.187100 0.141127 -0.012037 0.989918 0.000000 0.000000 0.000000 0.000000 1.000000
0.939165 0.317927 -0.129965 -0.000000 -0.313157 0.948038 0.056175 4.187100 0.141071 -0.012058 0.989926 0.000000 0.000000 0.000000 0.000000 1.000000
0.938741 0.319283 -0.129704 -0.000000 -0.314447 0.947577 0.056753 4.187100 0.141025 -0.012491 0.989927 0.000000 0.000000 0.000000 0.000000 1.000000
0.937974 0.321711 -0.129252 0.000000 -0.316748 0.946744 0.057844 4.187100 0.140978 -0.013316 0.989923 0.000000 0.000000 0.000000 0.000000 1.000000
0.937020 0.324706 -0.128683 -0.000000 -0.319585 0.945706 0.059203 4.187100 0.140919 -0.014349 0.989917 0.000000 0.000000 0.000000 0.000000 1.000000
0.936036 0.327764 -0.128094 0.000000 -0.322483 0.944634 0.060594 4.187100 0.140862 -0.015411 0.989909 -0.000000 0.000000 0.000000 0.000000 1.000000
0.935182 0.330381 -0.127606 -0.000000 -0.324961 0.943706 0.061792 4.187100 0.140838 -0.016320 0.989898 -0.000000 0.000000 0.000000 0.000000 1.000000
0.934627 0.332061 -0.127308 0.000000 -0.326553 0.943107 0.062553 4.187100 0.140836 -0.016891 0.989889 0.000000 0.000000 0.000000 0.000000 1.000000
0.934548 0.332302 -0.127265 0.000000 -0.326785 0.943021 0.062636 4.187100 0.140828 -0.016948 0.989889 0.000000 0.000000 0.000000 0.000000 1.000000
0.935108 0.330604 -0.127568 -0.000000 -0.325185 0.943629 0.061804 4.187100 0.140809 -0.016310 0.989902 0.000000 0.000000 0.000000 0.000000 1.000000
0.936460 0.326459 -0.128323 0.000000 -0.321272 0.945095 0.059822 4.187100 0.140807 -0.014794 0.989926 0.000000 0.000000 0.000000 0.000000 1.000000
0.938726 0.319352 -0.129647 0.000000 -0.314560 0.947557 0.056457 4.187100 0.140877 -0.012216 0.989952 0.000000 0.000000 0.000000 0.000000 1.000000
0.942095 0.308434 -0.131627 0.000000 -0.304251 0.951210 0.051302 4.187100 0.141028 -0.008283 0.989971 -0.000000 0.000000 0.000000 0.000000 1.000000
0.946544 0.293309 -0.134257 0.000000 -0.289979 0.956013 0.044169 4.187100 0.141307 -0.002876 0.989962 -0.000000 0.000000 0.000000 0.000000 1.000000
0.952787 0.270476 -0.137988 0.000000 -0.268456 0.962713 0.033405 4.187100 0.141878 0.005216 0.989870 0.000000 0.000000 0.000000 0.000000 1.000000
0.961705 0.233568 -0.143423 -0.000000 -0.233722 0.972172 0.016015 4.187100 0.143172 0.018119 0.989532 -0.000000 0.000000 0.000000 0.000000 1.000000
0.969972 0.192517 -0.148633 0.000000 -0.195168 0.980764 -0.003320 4.187100 0.145134 0.032229 0.988887 -0.000000 0.000000 0.000000 0.000000 1.000000
0.976671 0.150606 -0.153073 0.000000 -0.155889 0.987505 -0.023053 4.187100 0.147689 0.046378 0.987946 0.000000 0.000000 0.000000 0.000000 1.000000
0.981399 0.111253 -0.156456 -0.000000 -0.119084 0.992014 -0.041571 4.187100 0.150581 0.059429 0.986810 0.000000 0.000000 0.000000 0.000000 1.000000
0.984240 0.077936 -0.158739 0.000000 -0.087976 0.994477 -0.057228 4.187100 0.153402 0.070291 0.985661 0.000000 0.000000 0.000000 0.000000 1.000000
0.985623 0.054128 -0.160056 0.000000 -0.065774 0.995489 -0.068382 4.187100 0.155632 0.077926 0.984737 0.000000 0.000000 0.000000 0.000000 1.000000
0.986059 0.043634 -0.160571 0.000000 -0.055988 0.995742 -0.073231 4.187100 0.156692 0.081200 0.984304 0.000000 0.000000 0.000000 0.000000 1.000000
0.985793 0.050123 -0.160310 0.000000 -0.062003 0.995620 -0.069979 4.187100 0.156100 0.078925 0.984583 0.000000 0.000000 0.000000 0.000000 1.000000
0.985207 0.061981 -0.159769 -0.000000 -0.073015 0.995266 -0.064140 4.187100 0.155038 0.074857 0.985068 0.000000 0.000000 0.000000 0.000000 1.000000
0.984228 0.077676 -0.158936 -0.000000 -0.087603 0.994556 -0.056425 4.187100 0.153688 0.069459 0.985675 0.000000 0.000000 0.000000 0.000000 1.000000
0.982892 0.094849 -0.157882 0.000000 -0.103577 0.993463 -0.047982 4.187100 0.152299 0.063514 0.986292 -0.000000 0.000000 0.000000 0.000000 1.000000
0.981342 0.111370 -0.156731 0.000000 -0.118955 0.992100 -0.039849 4.187100 0.151055 0.057749 0.986837 0.000000 0.000000 0.000000 0.000000 1.000000
0.979412 0.128886 -0.155374 -0.000000 -0.135272 0.990317 -0.031204 4.187100 0.149848 0.051580 0.987363 0.000000 0.000000 0.000000 0.000000 1.000000
0.977185 0.146403 -0.153866 0.000000 -0.151603 0.988184 -0.022556 4.187100 0.148746 0.045368 0.987834 0.000000 0.000000 0.000000 0.000000 1.000000
0.974760 0.163274 -0.152266 0.000000 -0.167345 0.985796 -0.014226 4.187100 0.147780 0.039348 0.988237 0.000000 0.000000 0.000000 0.000000 1.000000
0.971905 0.181035 -0.150420 0.000000 -0.183932 0.982924 -0.005458 4.187100 0.146864 0.032972 0.988607 0.000000 0.000000 0.000000 0.000000 1.000000
0.968655 0.199244 -0.148354 -0.000000 -0.200954 0.979594 0.003531 4.187100 0.146030 0.026392 0.988928 0.000000 0.000000 0.000000 0.000000 1.000000
0.965071 0.217463 -0.146106 -0.000000 -0.218000 0.975868 0.012522 4.187100 0.145303 0.019766 0.989190 -0.000000 0.000000 0.000000 0.000000 1.000000
0.961246 0.235261 -0.143733 0.000000 -0.234669 0.971842 0.021302 4.187100 0.144698 0.013253 0.989387 0.000000 0.000000 0.000000 0.000000 1.000000
0.957298 0.252214 -0.141310 0.000000 -0.250562 0.967646 0.029665 4.187100 0.144220 0.007008 0.989521 -0.000000 0.000000 0.000000 0.000000 1.000000
0.953375 0.267913 -0.138920 0.000000 -0.265291 0.963442 0.037405 4.187100 0.143863 0.001194 0.989597 0.000000 0.000000 0.000000 0.000000 1.000000
0.949645 0.281952 -0.136663 0.000000 -0.278475 0.959420 0.044325 4.187100 0.143615 -0.004035 0.989625 0.000000 0.000000 0.000000 0.000000 1.000000
0.946293 0.293937 -0.134646 -0.000000 -0.289739 0.955787 0.050229 4.187100 0.143457 -0.008520 0.989620 0.000000 0.000000 0.000000 0.000000 1.000000
0.943513 0.303478 -0.132980 0.000000 -0.298712 0.952761 0.054927 4.187100 0.143367 -0.012101 0.989596 0.000000 0.000000 0.000000 0.000000 1.000000
0.941498 0.310189 -0.131776 0.000000 -0.305026 0.950562 0.058227 4.187100 0.143323 -0.014626 0.989568 0.000000 0.000000 0.000000 0.000000 1.000000
0.940429 0.313679 -0.131142 0.000000 -0.308312 0.949395 0.059940 4.187100 0.143307 -0.015937 0.989550 0.000000 0.000000 0.000000 0.000000 1.000000
0.940182 0.314481 -0.130996 -0.000000 -0.309067 0.949125 0.060327 4.187100 0.143303 -0.016232 0.989546 -0.000000 0.000000 0.000000 0.000000 1.000000
0.940053 0.314896 -0.130921 0.000000 -0.309458 0.948985 0.060524 4.187100 0.143301 -0.016381 0.989544 -0.000000 0.000000 0.000000 0.000000 1.000000
0.939947 0.315238 -0.130859 0.000000 -0.309782 0.948869 0.060687 4.187100 0.143299 -0.016505 0.989542 0.000000 0.000000 0.000000 0.000000 1.000000
0.939861 0.315515 -0.130809 0.000000 -0.310043 0.948775 0.060818 4.187100 0.143298 -0.016604 0.989540 0.000000 0.000000 0.000000 0.000000 1.000000
0.939793 0.315734 -0.130771 -0.000000 -0.310249 0.948701 0.060922 4.187100 0.143297 -0.016683 0.989539 0.000000 0.000000 0.000000 0.000000 1.000000
0.939741 0.315900 -0.130740 -0.000000 -0.310407 0.948645 0.061001 4.187100 0.143296 -0.016742 0.989538 0.000000 0.000000 0.000000 0.000000 1.000000
0.939703 0.316022 -0.130718 0.000000 -0.310522 0.948603 0.061059 4.187100 0.143295 -0.016786 0.989538 0.000000 0.000000 0.000000 0.000000 1.000000
0.939677 0.316107 -0.130703 0.000000 -0.310602 0.948575 0.061098 4.187100 0.143295 -0.016816 0.989537 0.000000 0.000000 0.000000 0.000000 1.000000
0.939660 0.316161 -0.130694 -0.000000 -0.310652 0.948556 0.061123 4.187100 0.143295 -0.016835 0.989537 0.000000 0.000000 0.000000 0.000000 1.000000
0.939651 0.316191 -0.130688 0.000000 -0.310681 0.948546 0.061137 4.187100 0.143295 -0.016845 0.989537 -0.000000 0.000000 0.000000 0.000000 1.000000
0.939647 0.316204 -0.130686 0.000000 -0.310694 0.948542 0.061143 4.187100 0.143295 -0.016849 0.989537 -0.000000 0.000000 0.000000 0.000000 1.000000
0.939646 0.316208 -0.130686 0.000000 -0.310697 0.948540 0.061144 4.187100 0.143295 -0.016850 0.989537 -0.000000 0.000000 0.000000 0.000000 1.000000
0.939645 0.316209 -0.130685 0.000000 -0.310698 0.948540 0.061144 4.187100 0.143294 -0.016850 0.989537 0.000000 0.000000 0.000000 0.000000 1.000000
0.939645 0.316209 -0.130685 0.000000 -0.310698 0.948540 0.061145 4.187100 0.143294 -0.016851 0.989537 0.000000 0.000000 0.000000 0.000000 1.000000
0.939645 0.316209 -0.130685 0.000000 -0.310698 0.948540 0.061145 4.187100 0.143294 -0.016851 0.989537 0.000000 0.000000 0.000000 0.000000 1.000000
0.939646 0.316208 -0.130685 0.000000 -0.310697 0.948540 0.061145 4.187100 0.143295 -0.016851 0.989537 0.000000 0.000000 0.000000 0.000000 1.000000
0.939646 0.316207 -0.130685 0.000000 -0.310696 0.948541 0.061145 4.187100 0.143295 -0.016851 0.989537 0.000000 0.000000 0.000000 0.000000 1.000000
0.939645 0.316209 -0.130685 0.000000 -0.310698 0.948540 0.061145 4.187100 0.143295 -0.016851 0.989537 0.000000 0.000000 0.000000 0.000000 1.000000
0.939646 0.316208 -0.130684 0.000000 -0.310697 0.948540 0.061144 4.187100 0.143294 -0.016851 0.989537 0.000000 0.000000 0.000000 0.000000 1.000000
0.939646 0.316208 -0.130685 -0.000000 -0.310697 0.948540 0.061145 4.187100 0.143294 -0.016852 0.989537 0.000000 0.000000 0.000000 0.000000 1.000000
0.939646 0.316208 -0.130685 0.000000 -0.310697 0.948540 0.061145 4.187100 0.143294 -0.016851 0.989537 0.000000 0.000000 0.000000 0.000000 1.000000
0.939645 0.316209 -0.130685 0.000000 -0.310698 0.948540 0.061145 4.187100 0.143295 -0.016851 0.989537 0.000000 0.000000 0.000000 0.000000 1.000000
0.939646 0.316208 -0.130684 -0.000000 -0.310697 0.948540 0.061144 4.187100 0.143293 -0.016850 0.989537 0.000000 0.000000 0.000000 0.000000 1.000000
0.939646 0.316210 -0.130676 -0.000000 -0.310700 0.948540 0.061139 4.187100 0.143284 -0.016849 0.989538 -0.000000 0.000000 0.000000 0.000000 1.000000
0.939648 0.316211 -0.130663 0.000000 -0.310703 0.948539 0.061131 4.187100 0.143270 -0.016845 0.989540 0.000000 0.000000 0.000000 0.000000 1.000000
0.939649 0.316212 -0.130648 0.000000 -0.310706 0.948539 0.061121 4.187100 0.143252 -0.016840 0.989543 0.000000 0.000000 0.000000 0.000000 1.000000
0.939651 0.316213 -0.130634 -0.000000 -0.310708 0.948539 0.061112 4.187100 0.143236 -0.016835 0.989545 0.000000 0.000000 0.000000 0.000000 1.000000
0.939652 0.316215 -0.130624 0.000000 -0.310711 0.948538 0.061106 4.187100 0.143225 -0.016832 0.989547 -0.000000 0.000000 0.000000 0.000000 1.000000
0.939652 0.316215 -0.130620 -0.000000 -0.310711 0.948538 0.061102 4.187100 0.143219 -0.016830 0.989548 0.000000 0.000000 0.000000 0.000000 1.000000</float_array>
        <technique_common>
          <accessor source="#mixamorig_LeftHandThumb2-Matrix-animation-output-transform-array" count="90" stride="16">
            <param type="float4x4"/>
          </accessor>
        </technique_common>
      </source>
      <source id="mixamorig_LeftHandThumb2-Interpolations">
        <Name_array id="mixamorig_LeftHandThumb2-Interpolations-array" count="90">
 LINEAR LINEAR LINEAR LINEAR LINEAR LINEAR LINEAR LINEAR LINEAR LINEAR LINEAR
LINEAR LINEAR LINEAR LINEAR LINEAR LINEAR LINEAR LINEAR LINEAR LINEAR LINEAR LINEAR
LINEAR LINEAR LINEAR LINEAR LINEAR LINEAR LINEAR LINEAR LINEAR LINEAR LINEAR LINEAR
LINEAR LINEAR LINEAR LINEAR LINEAR LINEAR LINEAR LINEAR LINEAR LINEAR LINEAR LINEAR
LINEAR LINEAR LINEAR LINEAR LINEAR LINEAR LINEAR LINEAR LINEAR LINEAR LINEAR LINEAR
LINEAR LINEAR LINEAR LINEAR LINEAR LINEAR LINEAR LINEAR LINEAR LINEAR LINEAR LINEAR
LINEAR LINEAR LINEAR LINEAR LINEAR LINEAR LINEAR LINEAR LINEAR LINEAR LINEAR LINEAR
LINEAR LINEAR LINEAR LINEAR LINEAR LINEAR LINEAR</Name_array>
        <technique_common>
          <accessor source="#mixamorig_LeftHandThumb2-Interpolations-array" count="90">
            <param type="name"/>
          </accessor>
        </technique_common>
      </source>
      <sampler id="mixamorig_LeftHandThumb2-Matrix-animation-transform">
        <input semantic="INPUT" source="#mixamorig_LeftHandThumb2-Matrix-animation-input"/>
        <input semantic="OUTPUT" source="#mixamorig_LeftHandThumb2-Matrix-animation-output-transform"/>
        <input semantic="INTERPOLATION" source="#mixamorig_LeftHandThumb2-Interpolations"/>
      </sampler>
      <channel source="#mixamorig_LeftHandThumb2-Matrix-animation-transform" target="mixamorig_LeftHandThumb2/matrix"/>
    </animation>
    <animation id="mixamorig_LeftHandThumb3-anim" name="mixamorig_LeftHandThumb3">
      <source id="mixamorig_LeftHandThumb3-Matrix-animation-input">
        <float_array id="mixamorig_LeftHandThumb3-Matrix-animation-input-array" count="90">

0.000000 0.033333 0.066667 0.100000 0.133333 0.166667 0.200000 0.233333 0.266667 0.300000 0.333333 0.366667 0.400000 0.433333 0.466667 0.500000
0.533333 0.566667 0.600000 0.633333 0.666667 0.700000 0.733333 0.766667 0.800000 0.833333 0.866667 0.900000 0.933333 0.966667 1.000000 1.033333
1.066667 1.100000 1.133333 1.166667 1.200000 1.233333 1.266667 1.300000 1.333333 1.366667 1.400000 1.433333 1.466667 1.500000 1.533333 1.566667
1.600000 1.633333 1.666667 1.700000 1.733333 1.766667 1.800000 1.833333 1.866667 1.900000 1.933333 1.966667 2.000000 2.033333 2.066667 2.100000
2.133333 2.166667 2.200000 2.233333 2.266667 2.300000 2.333333 2.366667 2.400000 2.433333 2.466667 2.500000 2.533333 2.566667 2.600000 2.633333
2.666667 2.700000 2.733333 2.766667 2.800000 2.833333 2.866667 2.900000 2.933333 2.966667</float_array>
        <technique_common>
          <accessor source="#mixamorig_LeftHandThumb3-Matrix-animation-input-array" count="90">
            <param name="TIME" type="float"/>
          </accessor>
        </technique_common>
      </source>
      <source id="mixamorig_LeftHandThumb3-Matrix-animation-output-transform">
        <float_array id="mixamorig_LeftHandThumb3-Matrix-animation-output-transform-array" count="1440">

0.999382 0.025285 0.024400 -0.000000 -0.026247 0.998857 0.039959 3.418400 -0.023362 -0.040575 0.998903 -0.000000 0.000000 0.000000 0.000000 1.000000
0.999380 0.025315 0.024466 0.000000 -0.026280 0.998855 0.039967 3.418400 -0.023426 -0.040585 0.998901 0.000000 0.000000 0.000000 0.000000 1.000000
0.999380 0.025315 0.024465 -0.000000 -0.026280 0.998855 0.039967 3.418400 -0.023425 -0.040585 0.998901 0.000000 0.000000 0.000000 0.000000 1.000000
0.999379 0.025366 0.024465 0.000000 -0.026327 0.998861 0.039803 3.418400 -0.023428 -0.040422 0.998908 0.000000 0.000000 0.000000 0.000000 1.000000
0.999376 0.025484 0.024467 0.000000 -0.026440 0.998866 0.039590 3.418400 -0.023430 -0.040212 0.998916 0.000000 0.000000 0.000000 0.000000 1.000000
0.999370 0.025624 0.024546 0.000000 -0.026577 0.998873 0.039328 3.418400 -0.023510 -0.039955 0.998925 -0.000000 0.000000 0.000000 0.000000 1.000000
0.999362 0.025780 0.024726 -0.000000 -0.026733 0.998881 0.039025 3.418400 -0.023692 -0.039661 0.998932 0.000000 0.000000 0.000000 0.000000 1.000000
0.999352 0.025954 0.024923 0.000000 -0.026907 0.998889 0.038692 3.418400 -0.023891 -0.039337 0.998940 0.000000 0.000000 0.000000 0.000000 1.000000
0.999342 0.026140 0.025135 0.000000 -0.027092 0.998898 0.038334 3.418400 -0.024105 -0.038990 0.998949 -0.000000 0.000000 0.000000 0.000000 1.000000
0.999332 0.026335 0.025356 -0.000000 -0.027287 0.998907 0.037959 3.418400 -0.024329 -0.038625 0.998958 0.000000 0.000000 0.000000 0.000000 1.000000
0.999320 0.026535 0.025584 0.000000 -0.027486 0.998916 0.037575 3.418400 -0.024559 -0.038252 0.998966 0.000000 0.000000 0.000000 0.000000 1.000000
0.999309 0.026736 0.025812 0.000000 -0.027686 0.998925 0.037188 3.418400 -0.024790 -0.037877 0.998975 0.000000 0.000000 0.000000 0.000000 1.000000
0.999298 0.026936 0.026038 -0.000000 -0.027885 0.998933 0.036806 3.418400 -0.025019 -0.037506 0.998983 -0.000000 0.000000 0.000000 0.000000 1.000000
0.999287 0.027127 0.026257 0.000000 -0.028075 0.998942 0.036436 3.418400 -0.025240 -0.037147 0.998991 -0.000000 0.000000 0.000000 0.000000 1.000000
0.999277 0.027309 0.026464 0.000000 -0.028256 0.998949 0.036086 3.418400 -0.025450 -0.036808 0.998998 0.000000 0.000000 0.000000 0.000000 1.000000
0.999267 0.027477 0.026655 0.000000 -0.028422 0.998956 0.035763 3.418400 -0.025645 -0.036494 0.999005 0.000000 0.000000 0.000000 0.000000 1.000000
0.999258 0.027629 0.026825 0.000000 -0.028573 0.998962 0.035474 3.418400 -0.025818 -0.036214 0.999011 0.000000 0.000000 0.000000 0.000000 1.000000
0.999251 0.027754 0.026972 0.000000 -0.028697 0.998967 0.035225 3.418400 -0.025966 -0.035973 0.999015 0.000000 0.000000 0.000000 0.000000 1.000000
0.999245 0.027852 0.027082 0.000000 -0.028793 0.998972 0.035025 3.418400 -0.026078 -0.035779 0.999019 -0.000000 0.000000 0.000000 0.000000 1.000000
0.999242 0.027923 0.027134 -0.000000 -0.028863 0.998974 0.034888 3.418400 -0.026132 -0.035645 0.999023 0.000000 0.000000 0.000000 0.000000 1.000000
0.999239 0.027971 0.027168 -0.000000 -0.028910 0.998976 0.034814 3.418400 -0.026167 -0.035573 0.999024 0.000000 0.000000 0.000000 0.000000 1.000000
0.999233 0.028161 0.027197 -0.000000 -0.029102 0.998969 0.034844 3.418400 -0.026187 -0.035609 0.999023 0.000000 0.000000 0.000000 0.000000 1.000000
0.999192 0.029499 0.027279 0.000000 -0.030459 0.998906 0.035472 3.418400 -0.026203 -0.036275 0.998998 0.000000 0.000000 0.000000 0.000000 1.000000
0.999115 0.031888 0.027416 0.000000 -0.032883 0.998787 0.036650 3.418400 -0.026214 -0.037519 0.998952 0.000000 0.000000 0.000000 0.000000 1.000000
0.999012 0.034831 0.027586 0.000000 -0.035871 0.998629 0.038123 3.418400 -0.026221 -0.039075 0.998892 -0.000000 0.000000 0.000000 0.000000 1.000000
0.998898 0.037838 0.027764 0.000000 -0.038923 0.998456 0.039633 3.418400 -0.026221 -0.040670 0.998829 0.000000 0.000000 0.000000 0.000000 1.000000
0.998793 0.040417 0.027920 0.000000 -0.041541 0.998298 0.040924 3.418400 -0.026219 -0.042035 0.998772 0.000000 0.000000 0.000000 0.000000 1.000000
0.998721 0.042073 0.028022 -0.000000 -0.043222 0.998193 0.041744 3.418400 -0.026215 -0.042902 0.998735 0.000000 0.000000 0.000000 0.000000 1.000000
0.998711 0.042317 0.028036 0.000000 -0.043469 0.998179 0.041835 3.418400 -0.026214 -0.042999 0.998731 -0.000000 0.000000 0.000000 0.000000 1.000000
0.998783 0.040656 0.027931 0.000000 -0.041781 0.998288 0.040940 3.418400 -0.026219 -0.042057 0.998771 -0.000000 0.000000 0.000000 0.000000 1.000000
0.998947 0.036596 0.027688 0.000000 -0.037656 0.998537 0.038805 3.418400 -0.026227 -0.039807 0.998863 0.000000 0.000000 0.000000 0.000000 1.000000
0.999188 0.029641 0.027308 0.000000 -0.030594 0.998913 0.035170 3.418400 -0.026236 -0.035977 0.999008 0.000000 0.000000 0.000000 0.000000 1.000000
0.999459 0.018985 0.026845 -0.000000 -0.019778 0.999366 0.029613 3.418400 -0.026265 -0.030128 0.999201 -0.000000 0.000000 0.000000 0.000000 1.000000
0.999645 0.004289 0.026302 -0.000000 -0.004867 0.999747 0.021954 3.418400 -0.026201 -0.022074 0.999413 0.000000 0.000000 0.000000 0.000000 1.000000
0.999511 -0.017757 0.025726 0.000000 0.017492 0.999792 0.010464 3.418400 -0.025907 -0.010009 0.999614 0.000000 0.000000 0.000000 0.000000 1.000000
0.998270 -0.053035 0.025390 -0.000000 0.053252 0.998550 -0.007935 3.418400 -0.024933 0.009273 0.999646 -0.000000 0.000000 0.000000 0.000000 1.000000
0.995447 -0.091771 0.025755 0.000000 0.092488 0.995316 -0.028159 3.418400 -0.023051 0.030412 0.999272 -0.000000 0.000000 0.000000 0.000000 1.000000
0.991044 -0.130790 0.026925 -0.000000 0.131980 0.990063 -0.048550 3.418400 -0.020307 0.051669 0.998458 -0.000000 0.000000 0.000000 0.000000 1.000000
0.985546 -0.166953 0.028727 0.000000 0.168553 0.983381 -0.067463 3.418400 -0.016986 0.071330 0.997308 -0.000000 0.000000 0.000000 0.000000 1.000000
0.979876 -0.197222 0.030766 0.000000 0.199142 0.976424 -0.083293 3.418400 -0.013613 0.087744 0.996050 0.000000 0.000000 0.000000 0.000000 1.000000
0.975260 -0.218662 0.032488 0.000000 0.220795 0.970733 -0.094480 3.418400 -0.010878 0.099315 0.994997 -0.000000 0.000000 0.000000 0.000000 1.000000
0.973074 -0.228079 0.033273 -0.000000 0.230295 0.968039 -0.099325 3.418400 -0.009556 0.104313 0.994499 0.000000 0.000000 0.000000 0.000000 1.000000
0.974426 -0.222326 0.032634 -0.000000 0.224472 0.969733 -0.096078 3.418400 -0.010286 0.100947 0.994839 0.000000 0.000000 0.000000 0.000000 1.000000
0.976813 -0.211753 0.031582 0.000000 0.213780 0.972706 -0.090233 3.418400 -0.011613 0.094893 0.995420 0.000000 0.000000 0.000000 0.000000 1.000000
0.979797 -0.197691 0.030262 0.000000 0.199555 0.976408 -0.082487 3.418400 -0.013241 0.086860 0.996133 0.000000 0.000000 0.000000 0.000000 1.000000
0.982831 -0.182222 0.028949 0.000000 0.183905 0.980157 -0.073970 3.418400 -0.014896 0.078024 0.996840 0.000000 0.000000 0.000000 0.000000 1.000000
0.985521 -0.167260 0.027806 0.000000 0.168765 0.983463 -0.065725 3.418400 -0.016353 0.069466 0.997450 0.000000 0.000000 0.000000 0.000000 1.000000
0.988125 -0.151309 0.026716 0.000000 0.152621 0.986644 -0.056925 3.418400 -0.017746 0.060327 0.998021 0.000000 0.000000 0.000000 0.000000 1.000000
0.990474 -0.135266 0.025763 0.000000 0.136382 0.989489 -0.048080 3.418400 -0.018989 0.051135 0.998511 0.000000 0.000000 0.000000 0.000000 1.000000
0.992493 -0.119727 0.024981 0.000000 0.120651 0.991908 -0.039516 3.418400 -0.020048 0.042234 0.998907 0.000000 0.000000 0.000000 0.000000 1.000000
0.994356 -0.103273 0.024303 0.000000 0.103992 0.994112 -0.030455 3.418400 -0.021015 0.032811 0.999241 -0.000000 0.000000 0.000000 0.000000 1.000000
0.995985 -0.086304 0.023768 0.000000 0.086809 0.996001 -0.021117 3.418400 -0.021850 0.023096 0.999494 0.000000 0.000000 0.000000 0.000000 1.000000
0.997327 -0.069221 0.023396 0.000000 0.069509 0.997512 -0.011725 3.418400 -0.022526 0.013320 0.999658 0.000000 0.000000 0.000000 0.000000 1.000000
0.998355 -0.052431 0.023194 -0.000000 0.052503 0.998618 -0.002502 3.418400 -0.023031 0.003715 0.999728 0.000000 0.000000 0.000000 0.000000 1.000000
0.999071 -0.036341 0.023153 0.000000 0.036203 0.999324 0.006328 3.418400 -0.023367 -0.005484 0.999712 0.000000 0.000000 0.000000 0.000000 1.000000
0.999502 -0.021359 0.023248 0.000000 0.021024 0.999673 0.014543 3.418400 -0.023551 -0.014047 0.999624 0.000000 0.000000 0.000000 0.000000 1.000000
0.999694 -0.007890 0.023444 0.000000 0.007376 0.999733 0.021920 3.418400 -0.023611 -0.021741 0.999485 -0.000000 0.000000 0.000000 0.000000 1.000000
0.999712 0.003660 0.023697 0.000000 -0.004329 0.999592 0.028241 3.418400 -0.023584 -0.028336 0.999320 0.000000 0.000000 0.000000 0.000000 1.000000
0.999630 0.012892 0.023956 0.000000 -0.013686 0.999352 0.033287 3.418400 -0.023511 -0.033603 0.999159 0.000000 0.000000 0.000000 0.000000 1.000000
0.999520 0.019404 0.024171 0.000000 -0.020287 0.999115 0.036841 3.418400 -0.023435 -0.037314 0.999029 0.000000 0.000000 0.000000 0.000000 1.000000
0.999445 0.022797 0.024299 0.000000 -0.023727 0.998970 0.038687 3.418400 -0.023392 -0.039242 0.998956 0.000000 0.000000 0.000000 0.000000 1.000000
0.999426 0.023579 0.024339 0.000000 -0.024520 0.998934 0.039103 3.418400 -0.023391 -0.039677 0.998939 0.000000 0.000000 0.000000 0.000000 1.000000
0.999415 0.023985 0.024363 0.000000 -0.024931 0.998916 0.039315 3.418400 -0.023393 -0.039899 0.998930 0.000000 0.000000 0.000000 0.000000 1.000000
0.999407 0.024319 0.024383 0.000000 -0.025270 0.998900 0.039490 3.418400 -0.023396 -0.040083 0.998922 -0.000000 0.000000 0.000000 0.000000 1.000000
0.999400 0.024590 0.024399 0.000000 -0.025545 0.998888 0.039631 3.418400 -0.023398 -0.040231 0.998916 0.000000 0.000000 0.000000 0.000000 1.000000
0.999394 0.024803 0.024413 0.000000 -0.025761 0.998878 0.039743 3.418400 -0.023400 -0.040348 0.998912 -0.000000 0.000000 0.000000 0.000000 1.000000
0.999390 0.024966 0.024422 -0.000000 -0.025926 0.998870 0.039828 3.418400 -0.023400 -0.040437 0.998908 0.000000 0.000000 0.000000 0.000000 1.000000
0.999387 0.025086 0.024429 0.000000 -0.026048 0.998865 0.039890 3.418400 -0.023401 -0.040502 0.998905 0.000000 0.000000 0.000000 0.000000 1.000000
0.999385 0.025168 0.024434 -0.000000 -0.026132 0.998861 0.039934 3.418400 -0.023401 -0.040547 0.998904 0.000000 0.000000 0.000000 0.000000 1.000000
0.999383 0.025220 0.024438 -0.000000 -0.026184 0.998858 0.039961 3.418400 -0.023402 -0.040576 0.998902 0.000000 0.000000 0.000000 0.000000 1.000000
0.999382 0.025249 0.024440 0.000000 -0.026214 0.998857 0.039975 3.418400 -0.023402 -0.040591 0.998902 0.000000 0.000000 0.000000 0.000000 1.000000
0.999382 0.025263 0.024440 0.000000 -0.026227 0.998856 0.039983 3.418400 -0.023402 -0.040599 0.998901 0.000000 0.000000 0.000000 0.000000 1.000000
0.999382 0.025266 0.024441 0.000000 -0.026231 0.998856 0.039985 3.418400 -0.023402 -0.040601 0.998901 -0.000000 0.000000 0.000000 0.000000 1.000000
0.999382 0.025266 0.024440 0.000000 -0.026231 0.998856 0.039984 3.418400 -0.023402 -0.040601 0.998901 -0.000000 0.000000 0.000000 0.000000 1.000000
0.999382 0.025264 0.024440 0.000000 -0.026229 0.998856 0.039984 3.418400 -0.023402 -0.040600 0.998901 0.000000 0.000000 0.000000 0.000000 1.000000
0.999382 0.025266 0.024440 -0.000000 -0.026230 0.998856 0.039984 3.418400 -0.023402 -0.040600 0.998901 -0.000000 0.000000 0.000000 0.000000 1.000000
0.999382 0.025265 0.024441 -0.000000 -0.026230 0.998856 0.039985 3.418400 -0.023403 -0.040601 0.998901 0.000000 0.000000 0.000000 0.000000 1.000000
0.999382 0.025266 0.024440 0.000000 -0.026231 0.998856 0.039984 3.418400 -0.023402 -0.040601 0.998901 0.000000 0.000000 0.000000 0.000000 1.000000
0.999382 0.025266 0.024440 0.000000 -0.026230 0.998856 0.039984 3.418400 -0.023402 -0.040601 0.998901 0.000000 0.000000 0.000000 0.000000 1.000000
0.999382 0.025266 0.024440 0.000000 -0.026231 0.998856 0.039984 3.418400 -0.023402 -0.040601 0.998901 0.000000 0.000000 0.000000 0.000000 1.000000
0.999382 0.025267 0.024440 -0.000000 -0.026231 0.998856 0.039984 3.418400 -0.023402 -0.040600 0.998901 0.000000 0.000000 0.000000 0.000000 1.000000
0.999382 0.025266 0.024441 0.000000 -0.026231 0.998856 0.039985 3.418400 -0.023402 -0.040601 0.998901 0.000000 0.000000 0.000000 0.000000 1.000000
0.999382 0.025266 0.024440 0.000000 -0.026230 0.998856 0.039985 3.418400 -0.023402 -0.040601 0.998901 0.000000 0.000000 0.000000 0.000000 1.000000
0.999382 0.025268 0.024439 -0.000000 -0.026232 0.998856 0.039984 3.418400 -0.023401 -0.040601 0.998901 0.000000 0.000000 0.000000 0.000000 1.000000
0.999382 0.025269 0.024435 0.000000 -0.026233 0.998856 0.039981 3.418400 -0.023396 -0.040597 0.998902 0.000000 0.000000 0.000000 0.000000 1.000000
0.999382 0.025272 0.024427 -0.000000 -0.026236 0.998856 0.039976 3.418400 -0.023389 -0.040592 0.998902 0.000000 0.000000 0.000000 0.000000 1.000000
0.999382 0.025276 0.024418 0.000000 -0.026240 0.998856 0.039970 3.418400 -0.023380 -0.040586 0.998902 0.000000 0.000000 0.000000 0.000000 1.000000
0.999382 0.025281 0.024409 0.000000 -0.026244 0.998856 0.039965 3.418400 -0.023371 -0.040581 0.998903 0.000000 0.000000 0.000000 0.000000 1.000000
0.999382 0.025283 0.024403 0.000000 -0.026246 0.998857 0.039960 3.418400 -0.023364 -0.040576 0.998903 0.000000 0.000000 0.000000 0.000000 1.000000
0.999382 0.025284 0.024400 0.000000 -0.026246 0.998857 0.039959 3.418400 -0.023362 -0.040575 0.998903 0.000000 0.000000 0.000000 0.000000 1.000000</float_array>
        <technique_common>
          <accessor source="#mixamorig_LeftHandThumb3-Matrix-animation-output-transform-array" count="90" stride="16">
            <param type="float4x4"/>
          </accessor>
        </technique_common>
      </source>
      <source id="mixamorig_LeftHandThumb3-Interpolations">
        <Name_array id="mixamorig_LeftHandThumb3-Interpolations-array" count="90">
 LINEAR LINEAR LINEAR LINEAR LINEAR LINEAR LINEAR LINEAR LINEAR LINEAR LINEAR
LINEAR LINEAR LINEAR LINEAR LINEAR LINEAR LINEAR LINEAR LINEAR LINEAR LINEAR LINEAR
LINEAR LINEAR LINEAR LINEAR LINEAR LINEAR LINEAR LINEAR LINEAR LINEAR LINEAR LINEAR
LINEAR LINEAR LINEAR LINEAR LINEAR LINEAR LINEAR LINEAR LINEAR LINEAR LINEAR LINEAR
LINEAR LINEAR LINEAR LINEAR LINEAR LINEAR LINEAR LINEAR LINEAR LINEAR LINEAR LINEAR
LINEAR LINEAR LINEAR LINEAR LINEAR LINEAR LINEAR LINEAR LINEAR LINEAR LINEAR LINEAR
LINEAR LINEAR LINEAR LINEAR LINEAR LINEAR LINEAR LINEAR LINEAR LINEAR LINEAR LINEAR
LINEAR LINEAR LINEAR LINEAR LINEAR LINEAR LINEAR</Name_array>
        <technique_common>
          <accessor source="#mixamorig_LeftHandThumb3-Interpolations-array" count="90">
            <param type="name"/>
          </accessor>
        </technique_common>
      </source>
      <sampler id="mixamorig_LeftHandThumb3-Matrix-animation-transform">
        <input semantic="INPUT" source="#mixamorig_LeftHandThumb3-Matrix-animation-input"/>
        <input semantic="OUTPUT" source="#mixamorig_LeftHandThumb3-Matrix-animation-output-transform"/>
        <input semantic="INTERPOLATION" source="#mixamorig_LeftHandThumb3-Interpolations"/>
      </sampler>
      <channel source="#mixamorig_LeftHandThumb3-Matrix-animation-transform" target="mixamorig_LeftHandThumb3/matrix"/>
    </animation>
    <animation id="mixamorig_LeftHandIndex1-anim" name="mixamorig_LeftHandIndex1">
      <source id="mixamorig_LeftHandIndex1-Matrix-animation-input">
        <float_array id="mixamorig_LeftHandIndex1-Matrix-animation-input-array" count="90">

0.000000 0.033333 0.066667 0.100000 0.133333 0.166667 0.200000 0.233333 0.266667 0.300000 0.333333 0.366667 0.400000 0.433333 0.466667 0.500000
0.533333 0.566667 0.600000 0.633333 0.666667 0.700000 0.733333 0.766667 0.800000 0.833333 0.866667 0.900000 0.933333 0.966667 1.000000 1.033333
1.066667 1.100000 1.133333 1.166667 1.200000 1.233333 1.266667 1.300000 1.333333 1.366667 1.400000 1.433333 1.466667 1.500000 1.533333 1.566667
1.600000 1.633333 1.666667 1.700000 1.733333 1.766667 1.800000 1.833333 1.866667 1.900000 1.933333 1.966667 2.000000 2.033333 2.066667 2.100000
2.133333 2.166667 2.200000 2.233333 2.266667 2.300000 2.333333 2.366667 2.400000 2.433333 2.466667 2.500000 2.533333 2.566667 2.600000 2.633333
2.666667 2.700000 2.733333 2.766667 2.800000 2.833333 2.866667 2.900000 2.933333 2.966667</float_array>
        <technique_common>
          <accessor source="#mixamorig_LeftHandIndex1-Matrix-animation-input-array" count="90">
            <param name="TIME" type="float"/>
          </accessor>
        </technique_common>
      </source>
      <source id="mixamorig_LeftHandIndex1-Matrix-animation-output-transform">
        <float_array id="mixamorig_LeftHandIndex1-Matrix-animation-output-transform-array" count="1440">

0.972864 -0.059570 0.223577 -2.259900 0.017569 0.982519 0.185334 9.109300 -0.230709 -0.176377 0.956904 0.518000 0.000000 0.000000 0.000000 1.000000
0.972746 -0.051989 0.225971 -2.259900 0.013550 0.985620 0.168430 9.109300 -0.231478 -0.160778 0.959463 0.518000 0.000000 0.000000 0.000000 1.000000
0.972273 -0.021365 0.232872 -2.259900 -0.009976 0.991122 0.132581 9.109300 -0.233638 -0.131228 0.963428 0.518000 0.000000 0.000000 0.000000 1.000000
0.968958 0.044118 0.243257 -2.259900 -0.070318 0.992490 0.100096 9.109300 -0.237014 -0.114095 0.964783 0.518000 0.000000 0.000000 0.000000 1.000000
0.957948 0.135872 0.252733 -2.259900 -0.159129 0.984489 0.073886 9.109300 -0.238774 -0.110996 0.964711 0.518000 0.000000 0.000000 0.000000 1.000000
0.963338 0.112185 0.243711 -2.259900 -0.122850 0.992003 0.028961 9.109300 -0.238513 -0.057839 0.969415 0.518000 0.000000 0.000000 0.000000 1.000000
0.967795 0.089712 0.235213 -2.259900 -0.090635 0.995860 -0.006904 9.109300 -0.234859 -0.014637 0.971919 0.518000 0.000000 0.000000 0.000000 1.000000
0.971649 0.065851 0.227072 -2.259900 -0.058623 0.997540 -0.038438 9.109300 -0.229045 0.024036 0.973119 0.518000 0.000000 0.000000 0.000000 1.000000
0.974617 0.041378 0.220020 -2.259900 -0.025469 0.996884 -0.074658 9.109300 -0.222424 0.067159 0.972634 0.518000 0.000000 0.000000 0.000000 1.000000
0.974727 0.065817 0.213486 -2.259900 -0.046476 0.994450 -0.094387 9.109300 -0.218513 0.082080 0.972376 0.518000 0.000000 0.000000 0.000000 1.000000
0.975476 0.075705 0.206677 -2.259900 -0.049488 0.990383 -0.129198 9.109300 -0.214470 0.115802 0.969841 0.518000 0.000000 0.000000 0.000000 1.000000
0.975746 0.073187 0.206308 -2.259900 -0.020653 0.969030 -0.246080 9.109300 -0.217928 0.235851 0.947039 0.518000 0.000000 0.000000 0.000000 1.000000
0.974675 0.072557 0.211526 -2.259900 0.002468 0.942352 -0.334613 9.109300 -0.223611 0.326661 0.918309 0.518000 0.000000 0.000000 0.000000 1.000000
0.973464 0.072006 0.217216 -2.259900 0.023150 0.913350 -0.406517 9.109300 -0.227666 0.400759 0.887446 0.518000 0.000000 0.000000 0.000000 1.000000
0.972103 0.071438 0.223412 -2.259900 0.042127 0.883827 -0.465913 9.109300 -0.230742 0.462327 0.856161 0.518000 0.000000 0.000000 0.000000 1.000000
0.970564 0.070756 0.230216 -2.259900 0.059641 0.855491 -0.514372 9.109300 -0.233342 0.512961 0.826088 0.518000 0.000000 0.000000 0.000000 1.000000
0.968839 0.069854 0.237638 -2.259900 0.075941 0.829432 -0.553422 9.109300 -0.235763 0.554223 0.798281 0.518000 0.000000 0.000000 0.000000 1.000000
0.966935 0.068614 0.245618 -2.259900 0.091256 0.806258 -0.584482 9.109300 -0.238135 0.587571 0.773338 0.518000 0.000000 0.000000 0.000000 1.000000
0.964878 0.066892 0.254040 -2.259900 0.105795 0.786205 -0.608843 9.109300 -0.240455 0.614335 0.751514 0.518000 0.000000 0.000000 0.000000 1.000000
0.962704 0.064528 0.262749 -2.259900 0.119746 0.769224 -0.627659 9.109300 -0.242614 0.635713 0.732808 0.518000 0.000000 0.000000 0.000000 1.000000
0.960465 0.061341 0.271560 -2.259900 0.133285 0.755060 -0.641965 9.109300 -0.244423 0.652780 0.717032 0.518000 0.000000 0.000000 0.000000 1.000000
0.958112 0.057180 0.280628 -2.259900 0.146672 0.743646 -0.652287 9.109300 -0.245986 0.666124 0.704109 0.518000 0.000000 0.000000 0.000000 1.000000
0.954957 0.052279 0.292103 -2.259900 0.160480 0.737007 -0.656557 9.109300 -0.249606 0.673860 0.695420 0.518000 0.000000 0.000000 0.000000 1.000000
0.950897 0.046833 0.305943 -2.259900 0.174408 0.735522 -0.654667 9.109300 -0.255688 0.675880 0.691238 0.518000 0.000000 0.000000 0.000000 1.000000
0.946111 0.040943 0.321245 -2.259900 0.187828 0.738706 -0.647328 9.109300 -0.263810 0.672783 0.691207 0.518000 0.000000 0.000000 0.000000 1.000000
0.940829 0.034694 0.337100 -2.259900 0.200090 0.745967 -0.635214 9.109300 -0.273503 0.665079 0.694886 0.518000 0.000000 0.000000 0.000000 1.000000
0.935347 0.028163 0.352608 -2.259900 0.210564 0.756649 -0.618987 9.109300 -0.284233 0.653214 0.701800 0.518000 0.000000 0.000000 0.000000 1.000000
0.930021 0.021422 0.366882 -2.259900 0.218686 0.770061 -0.599319 9.109300 -0.295360 0.637611 0.711488 0.518000 0.000000 0.000000 0.000000 1.000000
0.925261 0.014542 0.379053 -2.259900 0.223996 0.785499 -0.576903 9.109300 -0.306135 0.618692 0.723534 0.518000 0.000000 0.000000 0.000000 1.000000
0.921513 0.007601 0.388273 -2.259900 0.226156 0.802276 -0.552456 9.109300 -0.315701 0.596905 0.737588 0.518000 0.000000 0.000000 0.000000 1.000000
0.919237 0.000680 0.393705 -2.259900 0.224976 0.819740 -0.526700 9.109300 -0.323094 0.572736 0.753382 0.518000 0.000000 0.000000 0.000000 1.000000
0.918870 -0.006129 0.394513 -2.259900 0.220413 0.837291 -0.500362 9.109300 -0.327255 0.546724 0.770712 0.518000 0.000000 0.000000 0.000000 1.000000
0.920691 -0.013266 0.390068 -2.259900 0.211865 0.856342 -0.470948 9.109300 -0.327784 0.516239 0.791236 0.518000 0.000000 0.000000 0.000000 1.000000
0.924494 -0.021452 0.380592 -2.259900 0.199057 0.878645 -0.434004 9.109300 -0.325095 0.476993 0.816573 0.518000 0.000000 0.000000 0.000000 1.000000
0.931120 -0.032534 0.363260 -2.259900 0.180044 0.907192 -0.380245 9.109300 -0.317176 0.419457 0.850562 0.518000 0.000000 0.000000 0.000000 1.000000
0.942238 -0.049037 0.331335 -2.259900 0.152446 0.943612 -0.293866 9.109300 -0.298241 0.327402 0.896582 0.518000 0.000000 0.000000 0.000000 1.000000
0.954130 -0.066289 0.291963 -2.259900 0.127885 0.971978 -0.197241 9.109300 -0.270707 0.225531 0.935870 0.518000 0.000000 0.000000 0.000000 1.000000
0.964739 -0.086942 0.248433 -2.259900 0.114320 0.988602 -0.097968 9.109300 -0.237084 0.122914 0.963682 0.518000 0.000000 0.000000 0.000000 1.000000
0.972295 -0.112807 0.204739 -2.259900 0.116412 0.993185 -0.005611 9.109300 -0.202711 0.029289 0.978801 0.518000 0.000000 0.000000 0.000000 1.000000
0.976021 -0.141291 0.165588 -2.259900 0.131305 0.988879 0.069834 9.109300 -0.173614 -0.046417 0.983719 0.518000 0.000000 0.000000 0.000000 1.000000
0.976049 -0.169795 0.136006 -2.259900 0.153909 0.980781 0.119919 9.109300 -0.153754 -0.096115 0.983424 0.518000 0.000000 0.000000 0.000000 1.000000
0.973147 -0.195814 0.121005 -2.259900 0.178911 0.974191 0.137634 9.109300 -0.144833 -0.112289 0.983064 0.518000 0.000000 0.000000 0.000000 1.000000
0.968272 -0.217562 0.122945 -2.259900 0.202993 0.971699 0.120810 9.109300 -0.145749 -0.092021 0.985033 0.518000 0.000000 0.000000 0.000000 1.000000
0.962480 -0.237423 0.131388 -2.259900 0.226589 0.969612 0.092256 9.109300 -0.149299 -0.059023 0.987029 0.518000 0.000000 0.000000 0.000000 1.000000
0.956460 -0.254045 0.143683 -2.259900 0.249202 0.967105 0.051060 9.109300 -0.151928 -0.013031 0.988306 0.518000 0.000000 0.000000 0.000000 1.000000
0.950798 -0.266541 0.157923 -2.259900 0.270058 0.962844 -0.000844 9.109300 -0.151831 0.043451 0.987451 0.518000 0.000000 0.000000 0.000000 1.000000
0.946156 -0.273983 0.172402 -2.259900 0.288037 0.955602 -0.062119 9.109300 -0.147728 0.108433 0.983066 0.518000 0.000000 0.000000 0.000000 1.000000
0.942741 -0.275247 0.188355 -2.259900 0.302023 0.944116 -0.132010 9.109300 -0.141494 0.181338 0.973189 0.518000 0.000000 0.000000 0.000000 1.000000
0.940823 -0.273545 0.200062 -2.259900 0.310319 0.932627 -0.184142 9.109300 -0.136212 0.235328 0.962324 0.518000 0.000000 0.000000 0.000000 1.000000
0.940354 -0.270975 0.205687 -2.259900 0.313446 0.925125 -0.214232 9.109300 -0.132235 0.265925 0.954881 0.518000 0.000000 0.000000 0.000000 1.000000
0.940901 -0.266164 0.209431 -2.259900 0.313127 0.919288 -0.238456 9.109300 -0.129059 0.289942 0.948302 0.518000 0.000000 0.000000 0.000000 1.000000
0.942293 -0.259440 0.211601 -2.259900 0.309800 0.915314 -0.257342 9.109300 -0.126917 0.308045 0.942868 0.518000 0.000000 0.000000 0.000000 1.000000
0.944344 -0.251135 0.212473 -2.259900 0.303917 0.913234 -0.271363 9.109300 -0.125889 0.320834 0.938732 0.518000 0.000000 0.000000 0.000000 1.000000
0.946871 -0.241591 0.212297 -2.259900 0.295930 0.912958 -0.280949 9.109300 -0.125943 0.328848 0.935947 0.518000 0.000000 0.000000 0.000000 1.000000
0.949694 -0.231152 0.211306 -2.259900 0.286285 0.914308 -0.286499 9.109300 -0.126974 0.332580 0.934488 0.518000 0.000000 0.000000 0.000000 1.000000
0.952648 -0.220175 0.209727 -2.259900 0.275436 0.917042 -0.288390 9.109300 -0.128832 0.332500 0.934262 0.518000 0.000000 0.000000 0.000000 1.000000
0.955583 -0.209018 0.207780 -2.259900 0.263832 0.920884 -0.286995 9.109300 -0.131354 0.329067 0.935126 0.518000 0.000000 0.000000 0.000000 1.000000
0.958368 -0.198050 0.205685 -2.259900 0.251935 0.925537 -0.282685 9.109300 -0.134383 0.322735 0.936901 0.518000 0.000000 0.000000 0.000000 1.000000
0.960891 -0.187640 0.203665 -2.259900 0.240211 0.930705 -0.275841 9.109300 -0.137794 0.313975 0.939379 0.518000 0.000000 0.000000 0.000000 1.000000
0.963056 -0.178162 0.201945 -2.259900 0.229133 0.936101 -0.266859 9.109300 -0.141497 0.303272 0.942340 0.518000 0.000000 0.000000 0.000000 1.000000
0.964780 -0.169990 0.200754 -2.259900 0.219182 0.941459 -0.256151 9.109300 -0.145458 0.291131 0.945560 0.518000 0.000000 0.000000 0.000000 1.000000
0.966105 -0.163229 0.199993 -2.259900 0.210352 0.946855 -0.243347 9.109300 -0.149643 0.277168 0.949097 0.518000 0.000000 0.000000 0.000000 1.000000
0.967308 -0.157305 0.198924 -2.259900 0.201568 0.952894 -0.226634 9.109300 -0.153903 0.259321 0.953450 0.518000 0.000000 0.000000 0.000000 1.000000
0.968449 -0.152013 0.197479 -2.259900 0.192603 0.959407 -0.206017 9.109300 -0.158146 0.237552 0.958415 0.518000 0.000000 0.000000 0.000000 1.000000
0.969551 -0.147218 0.195698 -2.259900 0.183384 0.966088 -0.181782 9.109300 -0.162300 0.212135 0.963669 0.518000 0.000000 0.000000 0.000000 1.000000
0.970631 -0.142788 0.193618 -2.259900 0.173845 0.972622 -0.154224 9.109300 -0.166296 0.183354 0.968879 0.518000 0.000000 0.000000 0.000000 1.000000
0.971704 -0.138580 0.191277 -2.259900 0.163918 0.978693 -0.123657 9.109300 -0.170065 0.151512 0.973716 0.518000 0.000000 0.000000 0.000000 1.000000
0.972783 -0.134456 0.188718 -2.259900 0.153546 0.983996 -0.090415 9.109300 -0.173541 0.116931 0.977860 0.518000 0.000000 0.000000 0.000000 1.000000
0.973879 -0.130269 0.185985 -2.259900 0.142666 0.988250 -0.054852 9.109300 -0.176655 0.079953 0.981020 0.518000 0.000000 0.000000 0.000000 1.000000
0.974997 -0.125869 0.183131 -2.259900 0.131219 0.991202 -0.017345 9.109300 -0.179336 0.040942 0.982936 0.518000 0.000000 0.000000 0.000000 1.000000
0.976144 -0.121103 0.180213 -2.259900 0.119142 0.992640 0.021706 9.109300 -0.181515 0.000282 0.983388 0.518000 0.000000 0.000000 0.000000 1.000000
0.977319 -0.115818 0.177297 -2.259900 0.106377 0.992398 0.061888 9.109300 -0.183117 -0.041624 0.982210 0.518000 0.000000 0.000000 0.000000 1.000000
0.978517 -0.109852 0.174461 -2.259900 0.092859 0.990361 0.102770 9.109300 -0.184069 -0.084362 0.979286 0.518000 0.000000 0.000000 0.000000 1.000000
0.980698 -0.094047 0.171423 -2.259900 0.068349 0.986307 0.150093 9.109300 -0.183191 -0.135479 0.973697 0.518000 0.000000 0.000000 0.000000 1.000000
0.983715 -0.062421 0.168548 -2.259900 0.026888 0.978311 0.205387 9.109300 -0.177713 -0.197510 0.964058 0.518000 0.000000 0.000000 0.000000 1.000000
0.983651 -0.061639 0.169211 -2.259900 0.021438 0.972999 0.229812 9.109300 -0.178807 -0.222427 0.958412 0.518000 0.000000 0.000000 0.000000 1.000000
0.982143 -0.073702 0.173099 -2.259900 0.032744 0.972994 0.228497 9.109300 -0.185265 -0.218749 0.958032 0.518000 0.000000 0.000000 0.000000 1.000000
0.980399 -0.083659 0.178380 -2.259900 0.043220 0.974641 0.219562 9.109300 -0.192225 -0.207549 0.959152 0.518000 0.000000 0.000000 0.000000 1.000000
0.979674 -0.080150 0.183890 -2.259900 0.039303 0.975634 0.215855 9.109300 -0.196710 -0.204240 0.958953 0.518000 0.000000 0.000000 0.000000 1.000000
0.979854 -0.060691 0.190272 -2.259900 0.019200 0.976922 0.212733 9.109300 -0.198792 -0.204794 0.958405 0.518000 0.000000 0.000000 0.000000 1.000000
0.979289 -0.048788 0.196501 -2.259900 0.007065 0.978177 0.207655 9.109300 -0.202344 -0.201965 0.958262 0.518000 0.000000 0.000000 0.000000 1.000000
0.977704 -0.056105 0.202354 -2.259900 0.015034 0.979875 0.199046 9.109300 -0.209449 -0.191566 0.958871 0.518000 0.000000 0.000000 0.000000 1.000000
0.975911 -0.067024 0.207621 -2.259900 0.027002 0.981432 0.189900 9.109300 -0.216493 -0.179719 0.959600 0.518000 0.000000 0.000000 0.000000 1.000000
0.975001 -0.068313 0.211441 -2.259900 0.028708 0.982321 0.184991 9.109300 -0.220340 -0.174296 0.959724 0.518000 0.000000 0.000000 0.000000 1.000000
0.974476 -0.066888 0.214295 -2.259900 0.027252 0.982767 0.182828 9.109300 -0.222831 -0.172321 0.959506 0.518000 0.000000 0.000000 0.000000 1.000000
0.974108 -0.065061 0.216521 -2.259900 0.025122 0.982917 0.182329 9.109300 -0.224684 -0.172168 0.959101 0.518000 0.000000 0.000000 0.000000 1.000000
0.973829 -0.063124 0.218340 -2.259900 0.022700 0.982868 0.182910 9.109300 -0.226145 -0.173167 0.958578 0.518000 0.000000 0.000000 0.000000 1.000000
0.973573 -0.061368 0.219975 -2.259900 0.020372 0.982717 0.183992 9.109300 -0.227465 -0.174648 0.957997 0.518000 0.000000 0.000000 0.000000 1.000000
0.973274 -0.060085 0.221647 -2.259900 0.018530 0.982565 0.184993 9.109300 -0.228898 -0.175941 0.957419 0.518000 0.000000 0.000000 0.000000 1.000000
0.972864 -0.059570 0.223577 -2.259900 0.017569 0.982519 0.185334 9.109300 -0.230708 -0.176376 0.956904 0.518000 0.000000 0.000000 0.000000 1.000000</float_array>
        <technique_common>
          <accessor source="#mixamorig_LeftHandIndex1-Matrix-animation-output-transform-array" count="90" stride="16">
            <param type="float4x4"/>
          </accessor>
        </technique_common>
      </source>
      <source id="mixamorig_LeftHandIndex1-Interpolations">
        <Name_array id="mixamorig_LeftHandIndex1-Interpolations-array" count="90">
 LINEAR LINEAR LINEAR LINEAR LINEAR LINEAR LINEAR LINEAR LINEAR LINEAR LINEAR
LINEAR LINEAR LINEAR LINEAR LINEAR LINEAR LINEAR LINEAR LINEAR LINEAR LINEAR LINEAR
LINEAR LINEAR LINEAR LINEAR LINEAR LINEAR LINEAR LINEAR LINEAR LINEAR LINEAR LINEAR
LINEAR LINEAR LINEAR LINEAR LINEAR LINEAR LINEAR LINEAR LINEAR LINEAR LINEAR LINEAR
LINEAR LINEAR LINEAR LINEAR LINEAR LINEAR LINEAR LINEAR LINEAR LINEAR LINEAR LINEAR
LINEAR LINEAR LINEAR LINEAR LINEAR LINEAR LINEAR LINEAR LINEAR LINEAR LINEAR LINEAR
LINEAR LINEAR LINEAR LINEAR LINEAR LINEAR LINEAR LINEAR LINEAR LINEAR LINEAR LINEAR
LINEAR LINEAR LINEAR LINEAR LINEAR LINEAR LINEAR</Name_array>
        <technique_common>
          <accessor source="#mixamorig_LeftHandIndex1-Interpolations-array" count="90">
            <param type="name"/>
          </accessor>
        </technique_common>
      </source>
      <sampler id="mixamorig_LeftHandIndex1-Matrix-animation-transform">
        <input semantic="INPUT" source="#mixamorig_LeftHandIndex1-Matrix-animation-input"/>
        <input semantic="OUTPUT" source="#mixamorig_LeftHandIndex1-Matrix-animation-output-transform"/>
        <input semantic="INTERPOLATION" source="#mixamorig_LeftHandIndex1-Interpolations"/>
      </sampler>
      <channel source="#mixamorig_LeftHandIndex1-Matrix-animation-transform" target="mixamorig_LeftHandIndex1/matrix"/>
    </animation>
    <animation id="mixamorig_LeftHandIndex2-anim" name="mixamorig_LeftHandIndex2">
      <source id="mixamorig_LeftHandIndex2-Matrix-animation-input">
        <float_array id="mixamorig_LeftHandIndex2-Matrix-animation-input-array" count="90">

0.000000 0.033333 0.066667 0.100000 0.133333 0.166667 0.200000 0.233333 0.266667 0.300000 0.333333 0.366667 0.400000 0.433333 0.466667 0.500000
0.533333 0.566667 0.600000 0.633333 0.666667 0.700000 0.733333 0.766667 0.800000 0.833333 0.866667 0.900000 0.933333 0.966667 1.000000 1.033333
1.066667 1.100000 1.133333 1.166667 1.200000 1.233333 1.266667 1.300000 1.333333 1.366667 1.400000 1.433333 1.466667 1.500000 1.533333 1.566667
1.600000 1.633333 1.666667 1.700000 1.733333 1.766667 1.800000 1.833333 1.866667 1.900000 1.933333 1.966667 2.000000 2.033333 2.066667 2.100000
2.133333 2.166667 2.200000 2.233333 2.266667 2.300000 2.333333 2.366667 2.400000 2.433333 2.466667 2.500000 2.533333 2.566667 2.600000 2.633333
2.666667 2.700000 2.733333 2.766667 2.800000 2.833333 2.866667 2.900000 2.933333 2.966667</float_array>
        <technique_common>
          <accessor source="#mixamorig_LeftHandIndex2-Matrix-animation-input-array" count="90">
            <param name="TIME" type="float"/>
          </accessor>
        </technique_common>
      </source>
      <source id="mixamorig_LeftHandIndex2-Matrix-animation-output-transform">
        <float_array id="mixamorig_LeftHandIndex2-Matrix-animation-output-transform-array" count="1440">

0.999982 0.003022 -0.005241 -0.000000 -0.005295 0.856204 -0.516610 3.700000 0.002926 0.516628 0.856205 0.000000 0.000000 0.000000 0.000000 1.000000
0.999982 0.002973 -0.005285 0.000000 -0.005295 0.852934 -0.521992 3.700000 0.002956 0.522010 0.852934 0.000000 0.000000 0.000000 0.000000 1.000000
0.999981 0.002963 -0.005372 0.000000 -0.005356 0.848604 -0.529002 3.700000 0.002991 0.529020 0.848604 -0.000000 0.000000 0.000000 0.000000 1.000000
0.999982 0.003000 -0.005261 0.000000 -0.005313 0.851610 -0.524148 3.700000 0.002908 0.524167 0.851611 -0.000000 0.000000 0.000000 0.000000 1.000000
0.999983 0.003089 -0.004935 -0.000000 -0.005165 0.861771 -0.507270 3.700000 0.002686 0.507287 0.861773 0.000000 0.000000 0.000000 0.000000 1.000000
0.999984 0.003117 -0.004813 -0.000000 -0.005114 0.864489 -0.502625 3.700000 0.002594 0.502641 0.864491 0.000000 0.000000 0.000000 0.000000 1.000000
0.999984 0.003193 -0.004615 0.000000 -0.005037 0.873264 -0.487222 3.700000 0.002475 0.487238 0.873266 0.000000 0.000000 0.000000 0.000000 1.000000
0.999985 0.003296 -0.004347 0.000000 -0.004939 0.885254 -0.465081 3.700000 0.002315 0.465096 0.885257 0.000000 0.000000 0.000000 0.000000 1.000000
0.999986 0.003379 -0.004030 -0.000000 -0.004814 0.896569 -0.442879 3.700000 0.002117 0.442892 0.896573 0.000000 0.000000 0.000000 0.000000 1.000000
0.999988 0.003466 -0.003458 0.000000 -0.004572 0.913758 -0.406232 3.700000 0.001752 0.406243 0.913763 0.000000 0.000000 0.000000 0.000000 1.000000
0.999989 0.003581 -0.002877 0.000000 -0.004404 0.925269 -0.379287 3.700000 0.001304 0.379296 0.925275 -0.000000 0.000000 0.000000 0.000000 1.000000
0.999989 0.003831 -0.002781 0.000000 -0.004632 0.912774 -0.408439 3.700000 0.000974 0.408447 0.912782 0.000000 0.000000 0.000000 0.000000 1.000000
0.999988 0.004041 -0.002698 -0.000000 -0.004810 0.902046 -0.431613 3.700000 0.000690 0.431621 0.902055 0.000000 0.000000 0.000000 0.000000 1.000000
0.999988 0.004220 -0.002515 -0.000000 -0.004899 0.895539 -0.444956 3.700000 0.000375 0.444963 0.895549 -0.000000 0.000000 0.000000 0.000000 1.000000
0.999988 0.004348 -0.002262 0.000000 -0.004901 0.892099 -0.451814 3.700000 0.000053 0.451819 0.892109 0.000000 0.000000 0.000000 0.000000 1.000000
0.999988 0.004393 -0.001978 0.000000 -0.004812 0.890734 -0.454499 3.700000 -0.000235 0.454503 0.890745 -0.000000 0.000000 0.000000 0.000000 1.000000
0.999989 0.004416 -0.001711 0.000000 -0.004711 0.890341 -0.455271 3.700000 -0.000487 0.455274 0.890351 0.000000 0.000000 0.000000 0.000000 1.000000
0.999989 0.004422 -0.001503 0.000000 -0.004621 0.889780 -0.456366 3.700000 -0.000681 0.456368 0.889791 0.000000 0.000000 0.000000 0.000000 1.000000
0.999989 0.004400 -0.001417 0.000000 -0.004559 0.887897 -0.460019 3.700000 -0.000766 0.460021 0.887908 0.000000 0.000000 0.000000 0.000000 1.000000
0.999989 0.004338 -0.001477 -0.000000 -0.004525 0.883487 -0.468434 3.700000 -0.000728 0.468435 0.883497 0.000000 0.000000 0.000000 0.000000 1.000000
0.999990 0.004242 -0.001661 -0.000000 -0.004516 0.875201 -0.483738 3.700000 -0.000598 0.483740 0.875211 -0.000000 0.000000 0.000000 0.000000 1.000000
0.999990 0.004062 -0.002068 0.000000 -0.004549 0.861140 -0.508348 3.700000 -0.000284 0.508352 0.861149 0.000000 0.000000 0.000000 0.000000 1.000000
0.999989 0.003728 -0.002806 -0.000000 -0.004655 0.838229 -0.545298 3.700000 0.000319 0.545305 0.838237 0.000000 0.000000 0.000000 0.000000 1.000000
0.999987 0.003259 -0.003797 0.000000 -0.004873 0.806319 -0.591461 3.700000 0.001134 0.591472 0.806325 0.000000 0.000000 0.000000 0.000000 1.000000
0.999984 0.002660 -0.004953 -0.000000 -0.005220 0.766502 -0.642221 3.700000 0.002089 0.642236 0.766504 0.000000 0.000000 0.000000 0.000000 1.000000
0.999979 0.001982 -0.006205 0.000000 -0.005730 0.720623 -0.693304 3.700000 0.003097 0.693325 0.720619 0.000000 0.000000 0.000000 0.000000 1.000000
0.999972 0.001218 -0.007432 -0.000000 -0.006326 0.671418 -0.741052 3.700000 0.004087 0.741078 0.671407 0.000000 0.000000 0.000000 0.000000 1.000000
0.999963 0.000459 -0.008599 -0.000000 -0.007016 0.622463 -0.782618 3.700000 0.004993 0.782649 0.622443 0.000000 0.000000 0.000000 0.000000 1.000000
0.999954 -0.000242 -0.009640 0.000000 -0.007727 0.577973 -0.816020 3.700000 0.005769 0.816056 0.577944 0.000000 0.000000 0.000000 0.000000 1.000000
0.999945 -0.000821 -0.010501 0.000000 -0.008375 0.542524 -0.839999 3.700000 0.006386 0.840040 0.542487 0.000000 0.000000 0.000000 0.000000 1.000000
0.999937 -0.001214 -0.011134 0.000000 -0.008873 0.520745 -0.853666 3.700000 0.006835 0.853712 0.520701 -0.000000 0.000000 0.000000 0.000000 1.000000
0.999933 -0.001346 -0.011492 0.000000 -0.009141 0.516999 -0.855937 3.700000 0.007093 0.855985 0.516952 0.000000 0.000000 0.000000 0.000000 1.000000
0.999933 -0.001182 -0.011535 0.000000 -0.009128 0.533209 -0.845934 3.700000 0.007151 0.845983 0.533163 0.000000 0.000000 0.000000 0.000000 1.000000
0.999935 -0.000819 -0.011367 -0.000000 -0.008907 0.566139 -0.824261 3.700000 0.007110 0.824309 0.566095 0.000000 0.000000 0.000000 0.000000 1.000000
0.999940 -0.000194 -0.010914 0.000000 -0.008421 0.622478 -0.782592 3.700000 0.006946 0.782637 0.622439 0.000000 0.000000 0.000000 0.000000 1.000000
0.999951 0.000844 -0.009867 0.000000 -0.007504 0.714768 -0.699321 3.700000 0.006462 0.699361 0.714739 0.000000 0.000000 0.000000 0.000000 1.000000
0.999963 0.001946 -0.008357 -0.000000 -0.006480 0.809665 -0.586856 3.700000 0.005624 0.586889 0.809648 0.000000 0.000000 0.000000 0.000000 1.000000
0.999975 0.002879 -0.006527 -0.000000 -0.005523 0.891547 -0.452894 3.700000 0.004515 0.452919 0.891540 0.000000 0.000000 0.000000 0.000000 1.000000
0.999983 0.003533 -0.004608 0.000000 -0.004790 0.950472 -0.310772 3.700000 0.003282 0.310789 0.950473 0.000000 0.000000 0.000000 0.000000 1.000000
0.999988 0.003885 -0.002823 -0.000000 -0.004324 0.984156 -0.177254 3.700000 0.002090 0.177264 0.984161 0.000000 0.000000 0.000000 0.000000 1.000000
0.999991 0.004005 -0.001397 0.000000 -0.004092 0.997570 -0.069557 3.700000 0.001115 0.069562 0.997577 0.000000 0.000000 0.000000 0.000000 1.000000
0.999992 0.004009 -0.000548 0.000000 -0.004013 0.999970 -0.006694 3.700000 0.000521 0.006696 0.999977 0.000000 0.000000 0.000000 0.000000 1.000000
0.999992 0.004054 -0.000364 0.000000 -0.004054 0.999992 -0.000006 3.700000 0.000364 0.000007 1.000000 0.000000 0.000000 0.000000 0.000000 1.000000
0.999992 0.004076 -0.000216 -0.000000 -0.004076 0.999992 -0.000006 3.700000 0.000216 0.000007 1.000000 0.000000 0.000000 0.000000 0.000000 1.000000
0.999992 0.004060 0.000019 -0.000000 -0.004060 0.999992 -0.000010 3.700000 -0.000019 0.000009 1.000000 0.000000 0.000000 0.000000 0.000000 1.000000
0.999992 0.004088 0.000120 -0.000000 -0.004086 0.999846 -0.017094 3.700000 -0.000190 0.017094 0.999854 0.000000 0.000000 0.000000 0.000000 1.000000
0.999991 0.004159 0.000082 0.000000 -0.004149 0.998664 -0.051513 3.700000 -0.000296 0.051513 0.998672 0.000000 0.000000 0.000000 0.000000 1.000000
0.999991 0.004215 -0.000068 0.000000 -0.004200 0.994926 -0.100518 3.700000 -0.000356 0.100517 0.994935 0.000000 0.000000 0.000000 0.000000 1.000000
0.999991 0.004256 -0.000220 -0.000000 -0.004245 0.990049 -0.140659 3.700000 -0.000381 0.140658 0.990058 0.000000 0.000000 0.000000 0.000000 1.000000
0.999991 0.004274 -0.000289 0.000000 -0.004264 0.986731 -0.162306 3.700000 -0.000408 0.162306 0.986740 0.000000 0.000000 0.000000 0.000000 1.000000
0.999991 0.004283 -0.000335 -0.000000 -0.004274 0.983974 -0.178262 3.700000 -0.000434 0.178261 0.983983 0.000000 0.000000 0.000000 0.000000 1.000000
0.999991 0.004288 -0.000360 0.000000 -0.004279 0.981914 -0.189280 3.700000 -0.000458 0.189280 0.981923 0.000000 0.000000 0.000000 0.000000 1.000000
0.999991 0.004288 -0.000367 0.000000 -0.004277 0.980573 -0.196106 3.700000 -0.000481 0.196105 0.980583 0.000000 0.000000 0.000000 0.000000 1.000000
0.999991 0.004285 -0.000360 0.000000 -0.004271 0.979895 -0.199466 3.700000 -0.000502 0.199466 0.979905 0.000000 0.000000 0.000000 0.000000 1.000000
0.999991 0.004281 -0.000343 0.000000 -0.004263 0.979769 -0.200084 3.700000 -0.000520 0.200084 0.979779 0.000000 0.000000 0.000000 0.000000 1.000000
0.999991 0.004274 -0.000319 0.000000 -0.004252 0.980057 -0.198672 3.700000 -0.000537 0.198671 0.980066 0.000000 0.000000 0.000000 0.000000 1.000000
0.999991 0.004267 -0.000290 0.000000 -0.004241 0.980606 -0.195942 3.700000 -0.000552 0.195942 0.980615 0.000000 0.000000 0.000000 0.000000 1.000000
0.999991 0.004260 -0.000262 0.000000 -0.004230 0.981267 -0.192606 3.700000 -0.000564 0.192606 0.981276 -0.000000 0.000000 0.000000 0.000000 1.000000
0.999991 0.004252 -0.000237 0.000000 -0.004220 0.981895 -0.189378 3.700000 -0.000572 0.189378 0.981904 -0.000000 0.000000 0.000000 0.000000 1.000000
0.999991 0.004246 -0.000219 0.000000 -0.004213 0.982356 -0.186972 3.700000 -0.000578 0.186972 0.982365 0.000000 0.000000 0.000000 0.000000 1.000000
0.999991 0.004242 -0.000212 0.000000 -0.004208 0.982521 -0.186106 3.700000 -0.000581 0.186105 0.982530 0.000000 0.000000 0.000000 0.000000 1.000000
0.999991 0.004239 -0.000225 0.000000 -0.004207 0.982397 -0.186759 3.700000 -0.000570 0.186758 0.982406 0.000000 0.000000 0.000000 0.000000 1.000000
0.999991 0.004238 -0.000278 0.000000 -0.004215 0.982281 -0.187367 3.700000 -0.000521 0.187366 0.982290 -0.000000 0.000000 0.000000 0.000000 1.000000
0.999991 0.004236 -0.000367 0.000000 -0.004230 0.982207 -0.187753 3.700000 -0.000435 0.187753 0.982216 0.000000 0.000000 0.000000 0.000000 1.000000
0.999991 0.004235 -0.000486 0.000000 -0.004251 0.982166 -0.187966 3.700000 -0.000318 0.187966 0.982175 0.000000 0.000000 0.000000 0.000000 1.000000
0.999991 0.004234 -0.000631 0.000000 -0.004277 0.982148 -0.188059 3.700000 -0.000177 0.188060 0.982158 0.000000 0.000000 0.000000 0.000000 1.000000
0.999991 0.004233 -0.000794 -0.000000 -0.004307 0.982144 -0.188081 3.700000 -0.000017 0.188083 0.982153 -0.000000 0.000000 0.000000 0.000000 1.000000
0.999991 0.004232 -0.000971 0.000000 -0.004339 0.982143 -0.188083 3.700000 0.000158 0.188086 0.982153 -0.000000 0.000000 0.000000 0.000000 1.000000
0.999990 0.004229 -0.001156 0.000000 -0.004371 0.982137 -0.188119 3.700000 0.000340 0.188122 0.982146 0.000000 0.000000 0.000000 0.000000 1.000000
0.999990 0.004227 -0.001343 0.000000 -0.004404 0.982114 -0.188236 3.700000 0.000523 0.188240 0.982123 -0.000000 0.000000 0.000000 0.000000 1.000000
0.999990 0.004222 -0.001526 0.000000 -0.004434 0.982066 -0.188488 3.700000 0.000703 0.188492 0.982074 0.000000 0.000000 0.000000 0.000000 1.000000
0.999990 0.004218 -0.001699 -0.000000 -0.004463 0.981982 -0.188923 3.700000 0.000872 0.188929 0.981990 -0.000000 0.000000 0.000000 0.000000 1.000000
0.999989 0.004211 -0.001858 -0.000000 -0.004487 0.981852 -0.189595 3.700000 0.001026 0.189601 0.981861 -0.000000 0.000000 0.000000 0.000000 1.000000
0.999989 0.004193 -0.002030 0.000000 -0.004513 0.979961 -0.199139 3.700000 0.001154 0.199146 0.979969 -0.000000 0.000000 0.000000 0.000000 1.000000
0.999989 0.004140 -0.002287 0.000000 -0.004558 0.972519 -0.232780 3.700000 0.001260 0.232788 0.972527 0.000000 0.000000 0.000000 0.000000 1.000000
0.999988 0.004073 -0.002554 0.000000 -0.004602 0.964738 -0.263172 3.700000 0.001392 0.263181 0.964746 -0.000000 0.000000 0.000000 0.000000 1.000000
0.999988 0.003998 -0.002828 -0.000000 -0.004648 0.956562 -0.291494 3.700000 0.001540 0.291503 0.956569 0.000000 0.000000 0.000000 0.000000 1.000000
0.999988 0.003913 -0.003105 0.000000 -0.004700 0.947640 -0.319307 3.700000 0.001693 0.319317 0.947646 0.000000 0.000000 0.000000 0.000000 1.000000
0.999987 0.003824 -0.003376 0.000000 -0.004757 0.938156 -0.346181 3.700000 0.001844 0.346193 0.938162 0.000000 0.000000 0.000000 0.000000 1.000000
0.999986 0.003728 -0.003646 0.000000 -0.004817 0.928158 -0.372155 3.700000 0.001996 0.372167 0.928164 0.000000 0.000000 0.000000 0.000000 1.000000
0.999986 0.003627 -0.003898 0.000000 -0.004876 0.917963 -0.396636 3.700000 0.002140 0.396649 0.917968 0.000000 0.000000 0.000000 0.000000 1.000000
0.999985 0.003518 -0.004139 0.000000 -0.004933 0.907145 -0.420790 3.700000 0.002274 0.420804 0.907149 0.000000 0.000000 0.000000 0.000000 1.000000
0.999985 0.003413 -0.004352 -0.000000 -0.004985 0.896949 -0.442107 3.700000 0.002394 0.442121 0.896952 -0.000000 0.000000 0.000000 0.000000 1.000000
0.999984 0.003339 -0.004515 0.000000 -0.005033 0.889496 -0.456915 3.700000 0.002490 0.456931 0.889499 0.000000 0.000000 0.000000 0.000000 1.000000
0.999984 0.003267 -0.004679 0.000000 -0.005085 0.882082 -0.471068 3.700000 0.002588 0.471084 0.882085 -0.000000 0.000000 0.000000 0.000000 1.000000
0.999983 0.003195 -0.004844 0.000000 -0.005143 0.874572 -0.484869 3.700000 0.002688 0.484886 0.874573 0.000000 0.000000 0.000000 0.000000 1.000000
0.999983 0.003130 -0.004997 0.000000 -0.005200 0.867562 -0.497302 3.700000 0.002779 0.497319 0.867563 0.000000 0.000000 0.000000 0.000000 1.000000
0.999982 0.003073 -0.005123 0.000000 -0.005248 0.861707 -0.507379 3.700000 0.002855 0.507396 0.861708 -0.000000 0.000000 0.000000 0.000000 1.000000
0.999982 0.003036 -0.005209 0.000000 -0.005282 0.857692 -0.514136 3.700000 0.002907 0.514154 0.857693 0.000000 0.000000 0.000000 0.000000 1.000000
0.999982 0.003022 -0.005241 0.000000 -0.005295 0.856205 -0.516610 3.700000 0.002926 0.516628 0.856205 0.000000 0.000000 0.000000 0.000000 1.000000</float_array>
        <technique_common>
          <accessor source="#mixamorig_LeftHandIndex2-Matrix-animation-output-transform-array" count="90" stride="16">
            <param type="float4x4"/>
          </accessor>
        </technique_common>
      </source>
      <source id="mixamorig_LeftHandIndex2-Interpolations">
        <Name_array id="mixamorig_LeftHandIndex2-Interpolations-array" count="90">
 LINEAR LINEAR LINEAR LINEAR LINEAR LINEAR LINEAR LINEAR LINEAR LINEAR LINEAR
LINEAR LINEAR LINEAR LINEAR LINEAR LINEAR LINEAR LINEAR LINEAR LINEAR LINEAR LINEAR
LINEAR LINEAR LINEAR LINEAR LINEAR LINEAR LINEAR LINEAR LINEAR LINEAR LINEAR LINEAR
LINEAR LINEAR LINEAR LINEAR LINEAR LINEAR LINEAR LINEAR LINEAR LINEAR LINEAR LINEAR
LINEAR LINEAR LINEAR LINEAR LINEAR LINEAR LINEAR LINEAR LINEAR LINEAR LINEAR LINEAR
LINEAR LINEAR LINEAR LINEAR LINEAR LINEAR LINEAR LINEAR LINEAR LINEAR LINEAR LINEAR
LINEAR LINEAR LINEAR LINEAR LINEAR LINEAR LINEAR LINEAR LINEAR LINEAR LINEAR LINEAR
LINEAR LINEAR LINEAR LINEAR LINEAR LINEAR LINEAR</Name_array>
        <technique_common>
          <accessor source="#mixamorig_LeftHandIndex2-Interpolations-array" count="90">
            <param type="name"/>
          </accessor>
        </technique_common>
      </source>
      <sampler id="mixamorig_LeftHandIndex2-Matrix-animation-transform">
        <input semantic="INPUT" source="#mixamorig_LeftHandIndex2-Matrix-animation-input"/>
        <input semantic="OUTPUT" source="#mixamorig_LeftHandIndex2-Matrix-animation-output-transform"/>
        <input semantic="INTERPOLATION" source="#mixamorig_LeftHandIndex2-Interpolations"/>
      </sampler>
      <channel source="#mixamorig_LeftHandIndex2-Matrix-animation-transform" target="mixamorig_LeftHandIndex2/matrix"/>
    </animation>
    <animation id="mixamorig_LeftHandIndex3-anim" name="mixamorig_LeftHandIndex3">
      <source id="mixamorig_LeftHandIndex3-Matrix-animation-input">
        <float_array id="mixamorig_LeftHandIndex3-Matrix-animation-input-array" count="90">

0.000000 0.033333 0.066667 0.100000 0.133333 0.166667 0.200000 0.233333 0.266667 0.300000 0.333333 0.366667 0.400000 0.433333 0.466667 0.500000
0.533333 0.566667 0.600000 0.633333 0.666667 0.700000 0.733333 0.766667 0.800000 0.833333 0.866667 0.900000 0.933333 0.966667 1.000000 1.033333
1.066667 1.100000 1.133333 1.166667 1.200000 1.233333 1.266667 1.300000 1.333333 1.366667 1.400000 1.433333 1.466667 1.500000 1.533333 1.566667
1.600000 1.633333 1.666667 1.700000 1.733333 1.766667 1.800000 1.833333 1.866667 1.900000 1.933333 1.966667 2.000000 2.033333 2.066667 2.100000
2.133333 2.166667 2.200000 2.233333 2.266667 2.300000 2.333333 2.366667 2.400000 2.433333 2.466667 2.500000 2.533333 2.566667 2.600000 2.633333
2.666667 2.700000 2.733333 2.766667 2.800000 2.833333 2.866667 2.900000 2.933333 2.966667</float_array>
        <technique_common>
          <accessor source="#mixamorig_LeftHandIndex3-Matrix-animation-input-array" count="90">
            <param name="TIME" type="float"/>
          </accessor>
        </technique_common>
      </source>
      <source id="mixamorig_LeftHandIndex3-Matrix-animation-output-transform">
        <float_array id="mixamorig_LeftHandIndex3-Matrix-animation-output-transform-array" count="1440">

0.999983 0.003145 -0.004946 -0.000000 -0.005299 0.845658 -0.533699 2.850000 0.002503 0.533717 0.845660 -0.000000 0.000000 0.000000 0.000000 1.000000
0.999983 0.003163 -0.004946 0.000000 -0.005328 0.842704 -0.538352 2.850000 0.002466 0.538369 0.842706 0.000000 0.000000 0.000000 0.000000 1.000000
0.999983 0.003157 -0.004998 0.000000 -0.005368 0.839078 -0.543984 2.850000 0.002476 0.544001 0.839081 -0.000000 0.000000 0.000000 0.000000 1.000000
0.999983 0.003204 -0.004879 0.000000 -0.005326 0.842748 -0.538282 2.850000 0.002387 0.538299 0.842751 0.000000 0.000000 0.000000 0.000000 1.000000
0.999984 0.003313 -0.004559 0.000000 -0.005204 0.853374 -0.521274 2.850000 0.002163 0.521289 0.853377 0.000000 0.000000 0.000000 0.000000 1.000000
0.999985 0.003371 -0.004401 0.000000 -0.005154 0.857644 -0.514218 2.850000 0.002041 0.514232 0.857648 0.000000 0.000000 0.000000 0.000000 1.000000
0.999986 0.003433 -0.004135 -0.000000 -0.005034 0.867899 -0.496714 2.850000 0.001883 0.496728 0.867904 0.000000 0.000000 0.000000 0.000000 1.000000
0.999987 0.003464 -0.003846 -0.000000 -0.004870 0.881279 -0.472571 2.850000 0.001752 0.472584 0.881284 0.000000 0.000000 0.000000 0.000000 1.000000
0.999988 0.003504 -0.003517 -0.000000 -0.004709 0.893939 -0.448164 2.850000 0.001574 0.448175 0.893944 0.000000 0.000000 0.000000 0.000000 1.000000
0.999989 0.003546 -0.003004 0.000000 -0.004466 0.912008 -0.410149 2.850000 0.001285 0.410158 0.912014 0.000000 0.000000 0.000000 0.000000 1.000000
0.999991 0.003569 -0.002435 -0.000000 -0.004228 0.924504 -0.381149 2.850000 0.000891 0.381156 0.924510 0.000000 0.000000 0.000000 0.000000 1.000000
0.999992 0.003477 -0.002029 0.000000 -0.004001 0.914207 -0.405228 2.850000 0.000446 0.405233 0.914213 0.000000 0.000000 0.000000 0.000000 1.000000
0.999993 0.003417 -0.001685 -0.000000 -0.003809 0.905261 -0.424838 2.850000 0.000073 0.424842 0.905268 0.000000 0.000000 0.000000 0.000000 1.000000
0.999993 0.003440 -0.001292 -0.000000 -0.003659 0.900139 -0.435587 2.850000 -0.000335 0.435588 0.900146 0.000000 0.000000 0.000000 0.000000 1.000000
0.999993 0.003502 -0.000879 0.000000 -0.003531 0.897757 -0.440477 2.850000 -0.000753 0.440477 0.897764 0.000000 0.000000 0.000000 0.000000 1.000000
0.999994 0.003547 -0.000482 0.000000 -0.003396 0.897208 -0.441595 2.850000 -0.001134 0.441594 0.897214 0.000000 0.000000 0.000000 0.000000 1.000000
0.999994 0.003590 -0.000131 -0.000000 -0.003280 0.897505 -0.440992 2.850000 -0.001466 0.440989 0.897511 -0.000000 0.000000 0.000000 0.000000 1.000000
0.999993 0.003623 0.000141 0.000000 -0.003190 0.897644 -0.440709 2.850000 -0.001723 0.440706 0.897650 0.000000 0.000000 0.000000 0.000000 1.000000
0.999993 0.003628 0.000278 0.000000 -0.003130 0.896621 -0.442789 2.850000 -0.001856 0.442785 0.896626 0.000000 0.000000 0.000000 0.000000 1.000000
0.999993 0.003607 0.000268 -0.000000 -0.003102 0.893397 -0.449257 2.850000 -0.001860 0.449253 0.893403 -0.000000 0.000000 0.000000 0.000000 1.000000
0.999994 0.003547 0.000122 0.000000 -0.003090 0.886831 -0.462084 2.850000 -0.001747 0.462081 0.886836 -0.000000 0.000000 0.000000 0.000000 1.000000
0.999994 0.003407 -0.000277 0.000000 -0.003116 0.875292 -0.483584 2.850000 -0.001405 0.483582 0.875298 0.000000 0.000000 0.000000 0.000000 1.000000
0.999995 0.003140 -0.001007 0.000000 -0.003208 0.856005 -0.516957 2.850000 -0.000761 0.516957 0.856011 0.000000 0.000000 0.000000 0.000000 1.000000
0.999994 0.002702 -0.002011 0.000000 -0.003365 0.828873 -0.559427 2.850000 0.000155 0.559431 0.828877 0.000000 0.000000 0.000000 0.000000 1.000000
0.999992 0.002179 -0.003221 0.000000 -0.003687 0.794907 -0.606720 2.850000 0.001238 0.606727 0.794909 0.000000 0.000000 0.000000 0.000000 1.000000
0.999989 0.001541 -0.004510 -0.000000 -0.004118 0.755759 -0.654837 2.850000 0.002399 0.654848 0.755757 -0.000000 0.000000 0.000000 0.000000 1.000000
0.999983 0.000868 -0.005828 0.000000 -0.004701 0.713855 -0.700278 2.850000 0.003553 0.700293 0.713847 0.000000 0.000000 0.000000 0.000000 1.000000
0.999975 0.000198 -0.007097 -0.000000 -0.005386 0.672370 -0.740196 2.850000 0.004625 0.740215 0.672354 0.000000 0.000000 0.000000 0.000000 1.000000
0.999966 -0.000422 -0.008245 0.000000 -0.006102 0.635064 -0.772436 2.850000 0.005562 0.772460 0.635039 0.000000 0.000000 0.000000 0.000000 1.000000
0.999957 -0.000933 -0.009212 -0.000000 -0.006762 0.606036 -0.795408 2.850000 0.006325 0.795436 0.606004 0.000000 0.000000 0.000000 0.000000 1.000000
0.999950 -0.001278 -0.009937 0.000000 -0.007274 0.589437 -0.807782 2.850000 0.006889 0.807813 0.589398 0.000000 0.000000 0.000000 0.000000 1.000000
0.999945 -0.001389 -0.010359 0.000000 -0.007553 0.589143 -0.807993 2.850000 0.007225 0.808027 0.589101 0.000000 0.000000 0.000000 0.000000 1.000000
0.999945 -0.001234 -0.010437 0.000000 -0.007544 0.607171 -0.794536 2.850000 0.007318 0.794570 0.607128 0.000000 0.000000 0.000000 0.000000 1.000000
0.999947 -0.000938 -0.010277 -0.000000 -0.007288 0.640874 -0.767612 2.850000 0.007306 0.767646 0.640833 0.000000 0.000000 0.000000 0.000000 1.000000
0.999952 -0.000391 -0.009821 -0.000000 -0.006775 0.696394 -0.717628 2.850000 0.007120 0.717660 0.696357 0.000000 0.000000 0.000000 0.000000 1.000000
0.999962 0.000521 -0.008747 0.000000 -0.005840 0.783861 -0.620909 2.850000 0.006533 0.620936 0.783834 0.000000 0.000000 0.000000 0.000000 1.000000
0.999973 0.001395 -0.007221 0.000000 -0.004784 0.869087 -0.494635 2.850000 0.005586 0.494657 0.869071 -0.000000 0.000000 0.000000 0.000000 1.000000
0.999983 0.002076 -0.005421 -0.000000 -0.003839 0.937037 -0.349209 2.850000 0.004355 0.349224 0.937029 0.000000 0.000000 0.000000 0.000000 1.000000
0.999991 0.002496 -0.003568 0.000000 -0.003160 0.979733 -0.200285 2.850000 0.002996 0.200294 0.979731 0.000000 0.000000 0.000000 0.000000 1.000000
0.999995 0.002650 -0.001908 0.000000 -0.002770 0.997820 -0.065942 2.850000 0.001729 0.065947 0.997822 0.000000 0.000000 0.000000 0.000000 1.000000
0.999996 0.002642 -0.000653 0.000000 -0.002617 0.999332 0.036439 2.850000 0.000748 -0.036437 0.999336 0.000000 0.000000 0.000000 0.000000 1.000000
0.999997 0.002570 0.000032 0.000000 -0.002562 0.995789 0.091634 2.850000 0.000203 -0.091634 0.995793 -0.000000 0.000000 0.000000 0.000000 1.000000
0.999997 0.002567 0.000201 -0.000000 -0.002575 0.995542 0.094281 2.850000 0.000042 -0.094281 0.995546 0.000000 0.000000 0.000000 0.000000 1.000000
0.999997 0.002618 0.000197 0.000000 -0.002625 0.997251 0.074053 2.850000 -0.000003 -0.074053 0.997254 0.000000 0.000000 0.000000 0.000000 1.000000
0.999996 0.002672 0.000141 -0.000000 -0.002676 0.999175 0.040530 2.850000 -0.000032 -0.040530 0.999178 -0.000000 0.000000 0.000000 0.000000 1.000000
0.999996 0.002722 0.000076 0.000000 -0.002722 0.999995 -0.001760 2.850000 -0.000081 0.001760 0.999998 0.000000 0.000000 0.000000 0.000000 1.000000
0.999996 0.002765 0.000050 -0.000000 -0.002760 0.998817 -0.048548 2.850000 -0.000184 0.048548 0.998821 0.000000 0.000000 0.000000 0.000000 1.000000
0.999996 0.002829 0.000065 -0.000000 -0.002809 0.995030 -0.099539 2.850000 -0.000346 0.099538 0.995034 0.000000 0.000000 0.000000 0.000000 1.000000
0.999996 0.002893 0.000082 0.000000 -0.002854 0.990474 -0.137668 2.850000 -0.000480 0.137667 0.990478 0.000000 0.000000 0.000000 0.000000 1.000000
0.999996 0.002936 0.000099 -0.000000 -0.002883 0.987334 -0.158632 2.850000 -0.000563 0.158631 0.987338 0.000000 0.000000 0.000000 0.000000 1.000000
0.999996 0.002973 0.000115 -0.000000 -0.002908 0.984722 -0.174109 2.850000 -0.000631 0.174107 0.984726 -0.000000 0.000000 0.000000 0.000000 1.000000
0.999995 0.003006 0.000133 0.000000 -0.002930 0.982770 -0.184810 2.850000 -0.000686 0.184809 0.982774 0.000000 0.000000 0.000000 0.000000 1.000000
0.999995 0.003037 0.000151 0.000000 -0.002952 0.981501 -0.191437 2.850000 -0.000729 0.191435 0.981505 0.000000 0.000000 0.000000 0.000000 1.000000
0.999995 0.003064 0.000168 0.000000 -0.002973 0.980863 -0.194676 2.850000 -0.000761 0.194675 0.980867 0.000000 0.000000 0.000000 0.000000 1.000000
0.999995 0.003091 0.000185 0.000000 -0.002995 0.980757 -0.195207 2.850000 -0.000785 0.195206 0.980762 0.000000 0.000000 0.000000 0.000000 1.000000
0.999995 0.003116 0.000200 0.000000 -0.003019 0.981055 -0.193704 2.850000 -0.000800 0.193703 0.981060 0.000000 0.000000 0.000000 0.000000 1.000000
0.999995 0.003142 0.000215 0.000000 -0.003044 0.981617 -0.190838 2.850000 -0.000810 0.190836 0.981622 0.000000 0.000000 0.000000 0.000000 1.000000
0.999995 0.003169 0.000227 0.000000 -0.003070 0.982302 -0.187279 2.850000 -0.000816 0.187277 0.982307 0.000000 0.000000 0.000000 0.000000 1.000000
0.999995 0.003196 0.000237 0.000000 -0.003099 0.982977 -0.183701 2.850000 -0.000820 0.183699 0.982982 0.000000 0.000000 0.000000 0.000000 1.000000
0.999995 0.003227 0.000243 0.000000 -0.003130 0.983519 -0.180778 2.850000 -0.000822 0.180777 0.983524 0.000000 0.000000 0.000000 0.000000 1.000000
0.999995 0.003259 0.000246 0.000000 -0.003162 0.983810 -0.179186 2.850000 -0.000826 0.179184 0.983815 0.000000 0.000000 0.000000 0.000000 1.000000
0.999995 0.003297 0.000234 0.000000 -0.003202 0.983909 -0.178640 2.850000 -0.000820 0.178639 0.983914 0.000000 0.000000 0.000000 0.000000 1.000000
0.999994 0.003342 0.000179 0.000000 -0.003257 0.984201 -0.177027 2.850000 -0.000768 0.177025 0.984206 -0.000000 0.000000 0.000000 0.000000 1.000000
0.999994 0.003392 0.000083 0.000000 -0.003326 0.984689 -0.174286 2.850000 -0.000673 0.174285 0.984695 0.000000 0.000000 0.000000 0.000000 1.000000
0.999994 0.003446 -0.000048 0.000000 -0.003403 0.985322 -0.170672 2.850000 -0.000541 0.170671 0.985328 0.000000 0.000000 0.000000 0.000000 1.000000
0.999994 0.003501 -0.000207 0.000000 -0.003486 0.986045 -0.166443 2.850000 -0.000378 0.166443 0.986051 -0.000000 0.000000 0.000000 0.000000 1.000000
0.999994 0.003556 -0.000390 0.000000 -0.003572 0.986808 -0.161856 2.850000 -0.000191 0.161856 0.986814 -0.000000 0.000000 0.000000 0.000000 1.000000
0.999993 0.003608 -0.000588 -0.000000 -0.003656 0.987565 -0.157168 2.850000 0.000014 0.157169 0.987572 0.000000 0.000000 0.000000 0.000000 1.000000
0.999993 0.003657 -0.000796 0.000000 -0.003736 0.988275 -0.152638 2.850000 0.000229 0.152640 0.988282 0.000000 0.000000 0.000000 0.000000 1.000000
0.999993 0.003700 -0.001010 0.000000 -0.003809 0.988901 -0.148527 2.850000 0.000449 0.148530 0.988908 0.000000 0.000000 0.000000 0.000000 1.000000
0.999992 0.003734 -0.001220 0.000000 -0.003872 0.989410 -0.145093 2.850000 0.000666 0.145096 0.989417 -0.000000 0.000000 0.000000 0.000000 1.000000
0.999992 0.003758 -0.001423 -0.000000 -0.003922 0.989773 -0.142597 2.850000 0.000873 0.142601 0.989780 0.000000 0.000000 0.000000 0.000000 1.000000
0.999992 0.003771 -0.001611 -0.000000 -0.003960 0.989959 -0.141300 2.850000 0.001062 0.141305 0.989966 -0.000000 0.000000 0.000000 0.000000 1.000000
0.999991 0.003774 -0.001817 -0.000000 -0.004006 0.988381 -0.151943 2.850000 0.001223 0.151949 0.988388 0.000000 0.000000 0.000000 0.000000 1.000000
0.999991 0.003779 -0.002119 0.000000 -0.004117 0.981227 -0.192813 2.850000 0.001350 0.192820 0.981233 0.000000 0.000000 0.000000 0.000000 1.000000
0.999990 0.003768 -0.002405 0.000000 -0.004219 0.973270 -0.229627 2.850000 0.001476 0.229634 0.973276 0.000000 0.000000 0.000000 0.000000 1.000000
0.999989 0.003747 -0.002684 0.000000 -0.004322 0.964556 -0.263843 2.850000 0.001600 0.263852 0.964562 0.000000 0.000000 0.000000 0.000000 1.000000
0.999989 0.003717 -0.002958 -0.000000 -0.004428 0.954736 -0.297421 2.850000 0.001719 0.297431 0.954742 0.000000 0.000000 0.000000 0.000000 1.000000
0.999988 0.003678 -0.003220 -0.000000 -0.004534 0.944029 -0.329832 2.850000 0.001827 0.329843 0.944034 0.000000 0.000000 0.000000 0.000000 1.000000
0.999987 0.003629 -0.003472 0.000000 -0.004638 0.932511 -0.361113 2.850000 0.001927 0.361124 0.932516 -0.000000 0.000000 0.000000 0.000000 1.000000
0.999987 0.003573 -0.003707 0.000000 -0.004737 0.920571 -0.390547 2.850000 0.002017 0.390560 0.920575 -0.000000 0.000000 0.000000 0.000000 1.000000
0.999986 0.003507 -0.003933 0.000000 -0.004834 0.907729 -0.419530 2.850000 0.002098 0.419543 0.907733 0.000000 0.000000 0.000000 0.000000 1.000000
0.999986 0.003439 -0.004132 0.000000 -0.004919 0.895492 -0.445051 2.850000 0.002169 0.445065 0.895496 -0.000000 0.000000 0.000000 0.000000 1.000000
0.999985 0.003388 -0.004282 -0.000000 -0.004985 0.886479 -0.462743 2.850000 0.002228 0.462757 0.886482 0.000000 0.000000 0.000000 0.000000 1.000000
0.999985 0.003334 -0.004432 0.000000 -0.005052 0.877461 -0.479622 2.850000 0.002290 0.479637 0.877464 -0.000000 0.000000 0.000000 0.000000 1.000000
0.999984 0.003280 -0.004584 0.000000 -0.005122 0.868279 -0.496050 2.850000 0.002353 0.496065 0.868282 0.000000 0.000000 0.000000 0.000000 1.000000
0.999984 0.003229 -0.004723 -0.000000 -0.005189 0.859672 -0.510819 2.850000 0.002411 0.510835 0.859675 0.000000 0.000000 0.000000 0.000000 1.000000
0.999983 0.003186 -0.004839 0.000000 -0.005246 0.852458 -0.522770 2.850000 0.002459 0.522786 0.852460 -0.000000 0.000000 0.000000 0.000000 1.000000
0.999983 0.003156 -0.004916 0.000000 -0.005284 0.847499 -0.530771 2.850000 0.002491 0.530788 0.847501 0.000000 0.000000 0.000000 0.000000 1.000000
0.999983 0.003146 -0.004946 0.000000 -0.005300 0.845658 -0.533699 2.850000 0.002503 0.533717 0.845660 0.000000 0.000000 0.000000 0.000000 1.000000</float_array>
        <technique_common>
          <accessor source="#mixamorig_LeftHandIndex3-Matrix-animation-output-transform-array" count="90" stride="16">
            <param type="float4x4"/>
          </accessor>
        </technique_common>
      </source>
      <source id="mixamorig_LeftHandIndex3-Interpolations">
        <Name_array id="mixamorig_LeftHandIndex3-Interpolations-array" count="90">
 LINEAR LINEAR LINEAR LINEAR LINEAR LINEAR LINEAR LINEAR LINEAR LINEAR LINEAR
LINEAR LINEAR LINEAR LINEAR LINEAR LINEAR LINEAR LINEAR LINEAR LINEAR LINEAR LINEAR
LINEAR LINEAR LINEAR LINEAR LINEAR LINEAR LINEAR LINEAR LINEAR LINEAR LINEAR LINEAR
LINEAR LINEAR LINEAR LINEAR LINEAR LINEAR LINEAR LINEAR LINEAR LINEAR LINEAR LINEAR
LINEAR LINEAR LINEAR LINEAR LINEAR LINEAR LINEAR LINEAR LINEAR LINEAR LINEAR LINEAR
LINEAR LINEAR LINEAR LINEAR LINEAR LINEAR LINEAR LINEAR LINEAR LINEAR LINEAR LINEAR
LINEAR LINEAR LINEAR LINEAR LINEAR LINEAR LINEAR LINEAR LINEAR LINEAR LINEAR LINEAR
LINEAR LINEAR LINEAR LINEAR LINEAR LINEAR LINEAR</Name_array>
        <technique_common>
          <accessor source="#mixamorig_LeftHandIndex3-Interpolations-array" count="90">
            <param type="name"/>
          </accessor>
        </technique_common>
      </source>
      <sampler id="mixamorig_LeftHandIndex3-Matrix-animation-transform">
        <input semantic="INPUT" source="#mixamorig_LeftHandIndex3-Matrix-animation-input"/>
        <input semantic="OUTPUT" source="#mixamorig_LeftHandIndex3-Matrix-animation-output-transform"/>
        <input semantic="INTERPOLATION" source="#mixamorig_LeftHandIndex3-Interpolations"/>
      </sampler>
      <channel source="#mixamorig_LeftHandIndex3-Matrix-animation-transform" target="mixamorig_LeftHandIndex3/matrix"/>
    </animation>
    <animation id="mixamorig_LeftHandMiddle1-anim" name="mixamorig_LeftHandMiddle1">
      <source id="mixamorig_LeftHandMiddle1-Matrix-animation-input">
        <float_array id="mixamorig_LeftHandMiddle1-Matrix-animation-input-array" count="90">

0.000000 0.033333 0.066667 0.100000 0.133333 0.166667 0.200000 0.233333 0.266667 0.300000 0.333333 0.366667 0.400000 0.433333 0.466667 0.500000
0.533333 0.566667 0.600000 0.633333 0.666667 0.700000 0.733333 0.766667 0.800000 0.833333 0.866667 0.900000 0.933333 0.966667 1.000000 1.033333
1.066667 1.100000 1.133333 1.166667 1.200000 1.233333 1.266667 1.300000 1.333333 1.366667 1.400000 1.433333 1.466667 1.500000 1.533333 1.566667
1.600000 1.633333 1.666667 1.700000 1.733333 1.766667 1.800000 1.833333 1.866667 1.900000 1.933333 1.966667 2.000000 2.033333 2.066667 2.100000
2.133333 2.166667 2.200000 2.233333 2.266667 2.300000 2.333333 2.366667 2.400000 2.433333 2.466667 2.500000 2.533333 2.566667 2.600000 2.633333
2.666667 2.700000 2.733333 2.766667 2.800000 2.833333 2.866667 2.900000 2.933333 2.966667</float_array>
        <technique_common>
          <accessor source="#mixamorig_LeftHandMiddle1-Matrix-animation-input-array" count="90">
            <param name="TIME" type="float"/>
          </accessor>
        </technique_common>
      </source>
      <source id="mixamorig_LeftHandMiddle1-Matrix-animation-output-transform">
        <float_array id="mixamorig_LeftHandMiddle1-Matrix-animation-output-transform-array" count="1440">

0.989011 -0.003328 0.147803 0.000000 0.005752 0.999856 -0.015974 9.533400 -0.147728 0.016649 0.988888 0.000000 0.000000 0.000000 0.000000 1.000000
0.989094 0.012166 0.146782 0.000000 -0.009827 0.999813 -0.016650 9.533400 -0.146958 0.015026 0.989029 0.000000 0.000000 0.000000 0.000000 1.000000
0.987610 0.058586 0.145580 0.000000 -0.057726 0.998281 -0.010124 9.533400 -0.145923 0.001595 0.989295 0.000000 0.000000 0.000000 0.000000 1.000000
0.979790 0.135708 0.146955 0.000000 -0.139526 0.990090 0.015942 9.533400 -0.143335 -0.036124 0.989015 0.000000 0.000000 0.000000 0.000000 1.000000
0.962742 0.224269 0.151101 0.000000 -0.234414 0.970701 0.052825 9.533400 -0.134827 -0.086277 0.987106 0.000000 0.000000 0.000000 0.000000 1.000000
0.970750 0.187224 0.150304 -0.000000 -0.195970 0.979553 0.045520 9.533400 -0.138708 -0.073643 0.987591 -0.000000 0.000000 0.000000 0.000000 1.000000
0.976065 0.159131 0.148239 0.000000 -0.164092 0.986205 0.021780 9.533400 -0.142728 -0.045583 0.988712 0.000000 0.000000 0.000000 0.000000 1.000000
0.979687 0.135560 0.147775 0.000000 -0.138564 0.990301 0.010178 9.533400 -0.144962 -0.030448 0.988969 0.000000 0.000000 0.000000 0.000000 1.000000
0.983687 0.100363 0.149289 0.000000 -0.105028 0.994187 0.023682 9.533400 -0.146045 -0.038975 0.988510 -0.000000 0.000000 0.000000 0.000000 1.000000
0.981045 0.120306 0.151911 0.000000 -0.129984 0.989965 0.055440 9.533400 -0.143717 -0.074136 0.986838 0.000000 0.000000 0.000000 0.000000 1.000000
0.981434 0.117158 0.151856 0.000000 -0.126130 0.990711 0.050825 9.533400 -0.144491 -0.069035 0.987095 0.000000 0.000000 0.000000 0.000000 1.000000
0.983285 0.111084 0.144263 0.000000 -0.102030 0.992404 -0.068732 9.533400 -0.150802 0.052864 0.987149 0.000000 0.000000 0.000000 0.000000 1.000000
0.984370 0.098963 0.145680 -0.000000 -0.075676 0.984613 -0.157514 9.533400 -0.159026 0.144027 0.976712 0.000000 0.000000 0.000000 0.000000 1.000000
0.985272 0.080657 0.150777 -0.000000 -0.043554 0.971056 -0.234848 9.533400 -0.165355 0.224822 0.960267 0.000000 0.000000 0.000000 0.000000 1.000000
0.985664 0.058238 0.158350 0.000000 -0.007655 0.953007 -0.302851 9.533400 -0.168546 0.297297 0.939791 0.000000 0.000000 0.000000 0.000000 1.000000
0.985299 0.033451 0.167529 0.000000 0.029953 0.931627 -0.362180 9.533400 -0.168190 0.361874 0.916929 0.000000 0.000000 0.000000 0.000000 1.000000
0.984111 0.008074 0.177371 0.000000 0.067130 0.907896 -0.413786 9.533400 -0.164375 0.419119 0.892928 0.000000 0.000000 0.000000 0.000000 1.000000
0.982253 -0.016089 0.186869 0.000000 0.101756 0.882656 -0.458873 9.533400 -0.157558 0.469745 0.868628 0.000000 0.000000 0.000000 0.000000 1.000000
0.980098 -0.037235 0.194992 -0.000000 0.131788 0.856619 -0.498835 9.533400 -0.148460 0.514605 0.844477 0.000000 0.000000 0.000000 0.000000 1.000000
0.978187 -0.053572 0.200701 -0.000000 0.155280 0.830349 -0.535172 9.533400 -0.137981 0.554663 0.820555 0.000000 0.000000 0.000000 0.000000 1.000000
0.977140 -0.063321 0.202946 -0.000000 0.170373 0.804223 -0.569384 9.533400 -0.127160 0.590945 0.796627 0.000000 0.000000 0.000000 0.000000 1.000000
0.977490 -0.064748 0.200802 0.000000 0.175412 0.778258 -0.602947 9.533400 -0.117236 0.624598 0.772097 0.000000 0.000000 0.000000 0.000000 1.000000
0.979171 -0.057390 0.194760 0.000000 0.170757 0.751726 -0.636985 9.533400 -0.109850 0.656973 0.745868 0.000000 0.000000 0.000000 0.000000 1.000000
0.981679 -0.042762 0.185682 -0.000000 0.158388 0.724854 -0.670448 9.533400 -0.105923 0.687574 0.718347 0.000000 0.000000 0.000000 0.000000 1.000000
0.984433 -0.022616 0.174298 0.000000 0.140319 0.698305 -0.701912 9.533400 -0.105839 0.715443 0.690608 0.000000 0.000000 0.000000 0.000000 1.000000
0.986890 0.001301 0.161387 -0.000000 0.118516 0.672929 -0.730151 9.533400 -0.109552 0.739706 0.663953 -0.000000 0.000000 0.000000 0.000000 1.000000
0.988646 0.027251 0.147773 -0.000000 0.094816 0.649792 -0.754176 9.533400 -0.116574 0.759624 0.639830 -0.000000 0.000000 0.000000 0.000000 1.000000
0.989493 0.053500 0.134318 -0.000000 0.070892 0.630143 -0.773236 9.533400 -0.126008 0.774634 0.619729 0.000000 0.000000 0.000000 0.000000 1.000000
0.989447 0.078328 0.121903 0.000000 0.048218 0.615364 -0.786767 9.533400 -0.136640 0.784342 0.605093 0.000000 0.000000 0.000000 0.000000 1.000000
0.988730 0.100020 0.111396 -0.000000 0.028097 0.606886 -0.794292 9.533400 -0.147050 0.788470 0.597236 0.000000 0.000000 0.000000 0.000000 1.000000
0.987724 0.116872 0.103641 0.000000 0.011734 0.606102 -0.795300 9.533400 -0.155765 0.786754 0.597290 -0.000000 0.000000 0.000000 0.000000 1.000000
0.986886 0.127162 0.099431 0.000000 0.000355 0.614261 -0.789103 9.533400 -0.161420 0.778790 0.606160 0.000000 0.000000 0.000000 0.000000 1.000000
0.986450 0.130910 0.098884 0.000000 -0.006480 0.633355 -0.773834 9.533400 -0.163931 0.762708 0.625622 0.000000 0.000000 0.000000 0.000000 1.000000
0.986309 0.130322 0.101046 -0.000000 -0.011099 0.663819 -0.747811 9.533400 -0.164532 0.736451 0.656177 -0.000000 0.000000 0.000000 0.000000 1.000000
0.986495 0.124561 0.106356 0.000000 -0.014078 0.711424 -0.702622 9.533400 -0.163184 0.691636 0.703570 0.000000 0.000000 0.000000 0.000000 1.000000
0.987155 0.109605 0.116242 0.000000 -0.014251 0.785081 -0.619229 9.533400 -0.159130 0.609619 0.776558 0.000000 0.000000 0.000000 0.000000 1.000000
0.987973 0.088121 0.127060 0.000000 -0.010391 0.857696 -0.514053 9.533400 -0.154278 0.506550 0.848296 0.000000 0.000000 0.000000 0.000000 1.000000
0.988616 0.062767 0.136747 -0.000000 -0.003668 0.918619 -0.395126 9.533400 -0.150419 0.390126 0.908392 0.000000 0.000000 0.000000 0.000000 1.000000
0.988898 0.036663 0.144004 0.000000 0.004222 0.961762 -0.273856 9.533400 -0.148538 0.271423 0.950929 0.000000 0.000000 0.000000 0.000000 1.000000
0.988839 0.013137 0.148406 0.000000 0.011432 0.986477 -0.163499 9.533400 -0.148547 0.163371 0.975317 0.000000 0.000000 0.000000 0.000000 1.000000
0.988635 -0.004541 0.150268 0.000000 0.016346 0.996865 -0.077413 9.533400 -0.149445 0.078989 0.985610 -0.000000 0.000000 0.000000 0.000000 1.000000
0.988539 -0.013489 0.150361 0.000000 0.017941 0.999439 -0.028291 9.533400 -0.149895 0.030664 0.988226 0.000000 0.000000 0.000000 0.000000 1.000000
0.988556 -0.014114 0.150195 0.000000 0.017847 0.999564 -0.023537 9.533400 -0.149798 0.025948 0.988376 0.000000 0.000000 0.000000 0.000000 1.000000
0.988592 -0.011300 0.150194 -0.000000 0.017303 0.999100 -0.038724 9.533400 -0.149622 0.040881 0.987898 -0.000000 0.000000 0.000000 0.000000 1.000000
0.988651 -0.006241 0.150099 -0.000000 0.015996 0.997830 -0.063871 9.533400 -0.149375 0.065547 0.986606 0.000000 0.000000 0.000000 0.000000 1.000000
0.988723 0.000644 0.149753 -0.000000 0.013639 0.995448 -0.094330 9.533400 -0.149132 0.095309 0.984213 0.000000 0.000000 0.000000 0.000000 1.000000
0.988788 0.008978 0.149058 -0.000000 0.009942 0.992018 -0.125702 9.533400 -0.148996 0.125775 0.980806 0.000000 0.000000 0.000000 0.000000 1.000000
0.988676 -0.004321 0.150007 0.000000 0.028491 0.986810 -0.159356 9.533400 -0.147339 0.161825 0.975758 0.000000 0.000000 0.000000 0.000000 1.000000
0.988091 -0.025672 0.151714 0.000000 0.053945 0.981199 -0.185306 9.533400 -0.144105 0.191283 0.970899 0.000000 0.000000 0.000000 0.000000 1.000000
0.987594 -0.036891 0.152637 0.000000 0.067440 0.977450 -0.200107 9.533400 -0.141813 0.207918 0.967812 0.000000 0.000000 0.000000 0.000000 1.000000
0.987096 -0.045871 0.153420 -0.000000 0.078145 0.974253 -0.211483 9.533400 -0.139769 0.220743 0.965265 0.000000 0.000000 0.000000 0.000000 1.000000
0.986643 -0.052850 0.154088 0.000000 0.086386 0.971699 -0.219861 9.533400 -0.138108 0.230235 0.963285 0.000000 0.000000 0.000000 0.000000 1.000000
0.986260 -0.058066 0.154659 -0.000000 0.092483 0.969808 -0.225654 9.533400 -0.136887 0.236857 0.961853 0.000000 0.000000 0.000000 0.000000 1.000000
0.985960 -0.061756 0.155144 -0.000000 0.096741 0.968544 -0.229267 9.533400 -0.136105 0.241057 0.960920 0.000000 0.000000 0.000000 0.000000 1.000000
0.985742 -0.064160 0.155552 0.000000 0.099461 0.967833 -0.231097 9.533400 -0.135721 0.243273 0.960415 0.000000 0.000000 0.000000 0.000000 1.000000
0.985600 -0.065518 0.155887 0.000000 0.100940 0.967576 -0.231534 9.533400 -0.135663 0.243935 0.960256 0.000000 0.000000 0.000000 0.000000 1.000000
0.985521 -0.066066 0.156156 0.000000 0.101465 0.967656 -0.230967 9.533400 -0.135846 0.243467 0.960349 0.000000 0.000000 0.000000 0.000000 1.000000
0.985489 -0.066047 0.156361 0.000000 0.101329 0.967953 -0.229783 9.533400 -0.136174 0.242292 0.960599 0.000000 0.000000 0.000000 0.000000 1.000000
0.985489 -0.065697 0.156507 0.000000 0.100821 0.968341 -0.228366 9.533400 -0.136549 0.240831 0.960913 0.000000 0.000000 0.000000 0.000000 1.000000
0.985504 -0.065257 0.156598 0.000000 0.100231 0.968699 -0.227102 9.533400 -0.136876 0.239506 0.961198 0.000000 0.000000 0.000000 0.000000 1.000000
0.985517 -0.064965 0.156637 0.000000 0.099850 0.968908 -0.226378 9.533400 -0.137060 0.238740 0.961362 0.000000 0.000000 0.000000 0.000000 1.000000
0.985540 -0.064694 0.156606 0.000000 0.099371 0.969294 -0.224935 9.533400 -0.137245 0.237244 0.961706 0.000000 0.000000 0.000000 0.000000 1.000000
0.985634 -0.063623 0.156451 0.000000 0.097400 0.970899 -0.218787 9.533400 -0.137978 0.230883 0.963149 0.000000 0.000000 0.000000 0.000000 1.000000
0.985801 -0.061713 0.156167 0.000000 0.093898 0.973614 -0.207987 9.533400 -0.139211 0.219697 0.965584 -0.000000 0.000000 0.000000 0.000000 1.000000
0.986029 -0.059045 0.155756 -0.000000 0.089023 0.977121 -0.193156 9.533400 -0.140787 0.204323 0.968727 0.000000 0.000000 0.000000 0.000000 1.000000
0.986309 -0.055702 0.155213 0.000000 0.082933 0.981085 -0.174915 9.533400 -0.142534 0.185393 0.972272 0.000000 0.000000 0.000000 0.000000 1.000000
0.986630 -0.051764 0.154538 0.000000 0.075793 0.985176 -0.153895 9.533400 -0.144280 0.163551 0.975927 0.000000 0.000000 0.000000 0.000000 1.000000
0.986979 -0.047312 0.153733 -0.000000 0.067778 0.989097 -0.130739 9.533400 -0.145872 0.139456 0.979425 0.000000 0.000000 0.000000 0.000000 1.000000
0.987345 -0.042422 0.152810 -0.000000 0.059070 0.992599 -0.106102 9.533400 -0.147178 0.113786 0.982543 0.000000 0.000000 0.000000 0.000000 1.000000
0.987714 -0.037170 0.151788 -0.000000 0.049858 0.995494 -0.080659 9.533400 -0.148106 0.087236 0.985117 0.000000 0.000000 0.000000 0.000000 1.000000
0.988074 -0.031629 0.150697 0.000000 0.040338 0.997666 -0.055092 9.533400 -0.148603 0.060514 0.987044 0.000000 0.000000 0.000000 0.000000 1.000000
0.988411 -0.025873 0.149579 0.000000 0.030707 0.999075 -0.030093 9.533400 -0.148662 0.034337 0.988292 0.000000 0.000000 0.000000 0.000000 1.000000
0.988713 -0.019976 0.148484 0.000000 0.021154 0.999756 -0.006359 9.533400 -0.148321 0.009428 0.988894 0.000000 0.000000 0.000000 0.000000 1.000000
0.989045 -0.007886 0.147402 -0.000000 0.004103 0.999655 0.025948 9.533400 -0.147556 -0.025059 0.988736 0.000000 0.000000 0.000000 0.000000 1.000000
0.989129 0.014922 0.146293 0.000000 -0.025755 0.997040 0.072441 9.533400 -0.144779 -0.075421 0.986585 0.000000 0.000000 0.000000 0.000000 1.000000
0.989174 0.016832 0.145781 0.000000 -0.028538 0.996499 0.078583 9.533400 -0.143948 -0.081893 0.986191 0.000000 0.000000 0.000000 0.000000 1.000000
0.989317 0.006928 0.145617 0.000000 -0.017001 0.997537 0.068045 9.533400 -0.144787 -0.069794 0.986998 -0.000000 0.000000 0.000000 0.000000 1.000000
0.989355 -0.001672 0.145509 0.000000 -0.006328 0.998494 0.054503 9.533400 -0.145381 -0.054843 0.987855 0.000000 0.000000 0.000000 0.000000 1.000000
0.989388 0.000799 0.145295 -0.000000 -0.007155 0.999040 0.043227 9.533400 -0.145121 -0.043807 0.988444 0.000000 0.000000 0.000000 0.000000 1.000000
0.989356 0.012245 0.145000 0.000000 -0.017105 0.999331 0.032318 9.533400 -0.144508 -0.034454 0.988904 0.000000 0.000000 0.000000 0.000000 1.000000
0.989254 0.019424 0.144914 -0.000000 -0.022881 0.999491 0.022231 9.533400 -0.144408 -0.025308 0.989195 -0.000000 0.000000 0.000000 0.000000 1.000000
0.989298 0.012709 0.145356 -0.000000 -0.014727 0.999809 0.012815 9.533400 -0.145166 -0.014818 0.989296 0.000000 0.000000 0.000000 0.000000 1.000000
0.989280 0.001538 0.146021 0.000000 -0.002279 0.999985 0.004906 9.533400 -0.146012 -0.005186 0.989269 0.000000 0.000000 0.000000 0.000000 1.000000
0.989222 -0.001857 0.146413 0.000000 0.001861 0.999998 0.000109 9.533400 -0.146413 0.000165 0.989223 0.000000 0.000000 0.000000 0.000000 1.000000
0.989170 -0.002893 0.146746 0.000000 0.003519 0.999986 -0.004011 9.533400 -0.146732 0.004484 0.989166 0.000000 0.000000 0.000000 0.000000 1.000000
0.989121 -0.003425 0.147067 -0.000000 0.004623 0.999959 -0.007809 9.533400 -0.147034 0.008404 0.989096 -0.000000 0.000000 0.000000 0.000000 1.000000
0.989077 -0.003593 0.147356 -0.000000 0.005285 0.999924 -0.011095 9.533400 -0.147305 0.011753 0.989021 -0.000000 0.000000 0.000000 0.000000 1.000000
0.989042 -0.003540 0.147589 -0.000000 0.005620 0.999891 -0.013677 9.533400 -0.147524 0.014357 0.988954 0.000000 0.000000 0.000000 0.000000 1.000000
0.989020 -0.003405 0.147745 0.000000 0.005738 0.999865 -0.015368 9.533400 -0.147673 0.016047 0.988906 0.000000 0.000000 0.000000 0.000000 1.000000
0.989011 -0.003328 0.147803 -0.000000 0.005752 0.999856 -0.015974 9.533400 -0.147728 0.016649 0.988888 -0.000000 0.000000 0.000000 0.000000 1.000000</float_array>
        <technique_common>
          <accessor source="#mixamorig_LeftHandMiddle1-Matrix-animation-output-transform-array" count="90" stride="16">
            <param type="float4x4"/>
          </accessor>
        </technique_common>
      </source>
      <source id="mixamorig_LeftHandMiddle1-Interpolations">
        <Name_array id="mixamorig_LeftHandMiddle1-Interpolations-array" count="90">
 LINEAR LINEAR LINEAR LINEAR LINEAR LINEAR LINEAR LINEAR LINEAR LINEAR LINEAR
LINEAR LINEAR LINEAR LINEAR LINEAR LINEAR LINEAR LINEAR LINEAR LINEAR LINEAR LINEAR
LINEAR LINEAR LINEAR LINEAR LINEAR LINEAR LINEAR LINEAR LINEAR LINEAR LINEAR LINEAR
LINEAR LINEAR LINEAR LINEAR LINEAR LINEAR LINEAR LINEAR LINEAR LINEAR LINEAR LINEAR
LINEAR LINEAR LINEAR LINEAR LINEAR LINEAR LINEAR LINEAR LINEAR LINEAR LINEAR LINEAR
LINEAR LINEAR LINEAR LINEAR LINEAR LINEAR LINEAR LINEAR LINEAR LINEAR LINEAR LINEAR
LINEAR LINEAR LINEAR LINEAR LINEAR LINEAR LINEAR LINEAR LINEAR LINEAR LINEAR LINEAR
LINEAR LINEAR LINEAR LINEAR LINEAR LINEAR LINEAR</Name_array>
        <technique_common>
          <accessor source="#mixamorig_LeftHandMiddle1-Interpolations-array" count="90">
            <param type="name"/>
          </accessor>
        </technique_common>
      </source>
      <sampler id="mixamorig_LeftHandMiddle1-Matrix-animation-transform">
        <input semantic="INPUT" source="#mixamorig_LeftHandMiddle1-Matrix-animation-input"/>
        <input semantic="OUTPUT" source="#mixamorig_LeftHandMiddle1-Matrix-animation-output-transform"/>
        <input semantic="INTERPOLATION" source="#mixamorig_LeftHandMiddle1-Interpolations"/>
      </sampler>
      <channel source="#mixamorig_LeftHandMiddle1-Matrix-animation-transform" target="mixamorig_LeftHandMiddle1/matrix"/>
    </animation>
    <animation id="mixamorig_LeftHandMiddle2-anim" name="mixamorig_LeftHandMiddle2">
      <source id="mixamorig_LeftHandMiddle2-Matrix-animation-input">
        <float_array id="mixamorig_LeftHandMiddle2-Matrix-animation-input-array" count="90">

0.000000 0.033333 0.066667 0.100000 0.133333 0.166667 0.200000 0.233333 0.266667 0.300000 0.333333 0.366667 0.400000 0.433333 0.466667 0.500000
0.533333 0.566667 0.600000 0.633333 0.666667 0.700000 0.733333 0.766667 0.800000 0.833333 0.866667 0.900000 0.933333 0.966667 1.000000 1.033333
1.066667 1.100000 1.133333 1.166667 1.200000 1.233333 1.266667 1.300000 1.333333 1.366667 1.400000 1.433333 1.466667 1.500000 1.533333 1.566667
1.600000 1.633333 1.666667 1.700000 1.733333 1.766667 1.800000 1.833333 1.866667 1.900000 1.933333 1.966667 2.000000 2.033333 2.066667 2.100000
2.133333 2.166667 2.200000 2.233333 2.266667 2.300000 2.333333 2.366667 2.400000 2.433333 2.466667 2.500000 2.533333 2.566667 2.600000 2.633333
2.666667 2.700000 2.733333 2.766667 2.800000 2.833333 2.866667 2.900000 2.933333 2.966667</float_array>
        <technique_common>
          <accessor source="#mixamorig_LeftHandMiddle2-Matrix-animation-input-array" count="90">
            <param name="TIME" type="float"/>
          </accessor>
        </technique_common>
      </source>
      <source id="mixamorig_LeftHandMiddle2-Matrix-animation-output-transform">
        <float_array id="mixamorig_LeftHandMiddle2-Matrix-animation-output-transform-array" count="1440">

0.999925 0.012018 -0.002251 0.000000 -0.011540 0.866823 -0.498483 3.700000 -0.004040 0.498471 0.866897 0.000000 0.000000 0.000000 0.000000 1.000000
0.999927 0.011901 -0.002202 0.000000 -0.011432 0.868995 -0.494688 3.700000 -0.003974 0.494677 0.869068 0.000000 0.000000 0.000000 0.000000 1.000000
0.999926 0.011921 -0.002213 -0.000000 -0.011504 0.875085 -0.483832 3.700000 -0.003831 0.483822 0.875158 0.000000 0.000000 0.000000 0.000000 1.000000
0.999928 0.011817 -0.002066 0.000000 -0.011415 0.884376 -0.466636 3.700000 -0.003687 0.466626 0.884447 -0.000000 0.000000 0.000000 0.000000 1.000000
0.999930 0.011672 -0.001716 0.000000 -0.011221 0.896065 -0.443780 3.700000 -0.003642 0.443769 0.896134 0.000000 0.000000 0.000000 0.000000 1.000000
0.999933 0.011497 -0.001455 0.000000 -0.011061 0.909321 -0.415948 3.700000 -0.003459 0.415937 0.909387 0.000000 0.000000 0.000000 0.000000 1.000000
0.999935 0.011297 -0.001228 -0.000000 -0.010903 0.923326 -0.383862 3.700000 -0.003202 0.383851 0.923390 0.000000 0.000000 0.000000 0.000000 1.000000
0.999938 0.011077 -0.001030 0.000000 -0.010743 0.937321 -0.348301 3.700000 -0.002892 0.348290 0.937382 0.000000 0.000000 0.000000 0.000000 1.000000
0.999941 0.010843 -0.000859 0.000000 -0.010574 0.950644 -0.310105 3.700000 -0.002546 0.310096 0.950702 0.000000 0.000000 0.000000 0.000000 1.000000
0.999944 0.010597 -0.000703 -0.000000 -0.010393 0.962753 -0.270183 3.700000 -0.002186 0.270175 0.962809 0.000000 0.000000 0.000000 0.000000 1.000000
0.999946 0.010350 -0.000597 0.000000 -0.010211 0.973253 -0.229510 3.700000 -0.001794 0.229504 0.973306 0.000000 0.000000 0.000000 0.000000 1.000000
0.999946 0.010350 -0.001002 0.000000 -0.010304 0.973334 -0.229161 3.700000 -0.001397 0.229159 0.973388 0.000000 0.000000 0.000000 0.000000 1.000000
0.999943 0.010576 -0.001264 0.000000 -0.010530 0.963796 -0.266433 3.700000 -0.001600 0.266431 0.963853 0.000000 0.000000 0.000000 0.000000 1.000000
0.999941 0.010775 -0.001471 0.000000 -0.010721 0.954082 -0.299354 3.700000 -0.001822 0.299352 0.954141 0.000000 0.000000 0.000000 0.000000 1.000000
0.999939 0.010965 -0.001622 -0.000000 -0.010887 0.944167 -0.329288 3.700000 -0.002079 0.329285 0.944228 0.000000 0.000000 0.000000 0.000000 1.000000
0.999936 0.011141 -0.001710 0.000000 -0.011017 0.933972 -0.357175 3.700000 -0.002382 0.357171 0.934036 0.000000 0.000000 0.000000 0.000000 1.000000
0.999934 0.011307 -0.001783 0.000000 -0.011125 0.923298 -0.383923 3.700000 -0.002695 0.383917 0.923363 0.000000 0.000000 0.000000 0.000000 1.000000
0.999933 0.011471 -0.001845 0.000000 -0.011217 0.911833 -0.410407 3.700000 -0.003026 0.410400 0.911901 0.000000 0.000000 0.000000 0.000000 1.000000
0.999930 0.011639 -0.001898 0.000000 -0.011297 0.899168 -0.437458 3.700000 -0.003385 0.437449 0.899237 -0.000000 0.000000 0.000000 0.000000 1.000000
0.999928 0.011820 -0.001949 -0.000000 -0.011367 0.884789 -0.465854 3.700000 -0.003782 0.465843 0.884859 0.000000 0.000000 0.000000 0.000000 1.000000
0.999926 0.012003 -0.001996 0.000000 -0.011411 0.868071 -0.496309 3.700000 -0.004224 0.496295 0.868144 0.000000 0.000000 0.000000 0.000000 1.000000
0.999923 0.012202 -0.002056 0.000000 -0.011436 0.847835 -0.530137 3.700000 -0.004725 0.530120 0.847909 0.000000 0.000000 0.000000 0.000000 1.000000
0.999920 0.012446 -0.002125 0.000000 -0.011428 0.820547 -0.571465 3.700000 -0.005369 0.571444 0.820624 0.000000 0.000000 0.000000 0.000000 1.000000
0.999916 0.012763 -0.002144 0.000000 -0.011356 0.785845 -0.618320 3.700000 -0.006207 0.618292 0.785924 0.000000 0.000000 0.000000 0.000000 1.000000
0.999911 0.013144 -0.002156 0.000000 -0.011231 0.744966 -0.667008 3.700000 -0.007161 0.666973 0.745048 0.000000 0.000000 0.000000 0.000000 1.000000
0.999906 0.013531 -0.002169 0.000000 -0.011020 0.699824 -0.714230 3.700000 -0.008146 0.714187 0.699908 0.000000 0.000000 0.000000 0.000000 1.000000
0.999901 0.013903 -0.002183 0.000000 -0.010734 0.653030 -0.757256 3.700000 -0.009103 0.757204 0.653115 -0.000000 0.000000 0.000000 0.000000 1.000000
0.999896 0.014239 -0.002193 -0.000000 -0.010397 0.607793 -0.794027 3.700000 -0.009973 0.793968 0.607878 0.000000 0.000000 0.000000 0.000000 1.000000
0.999893 0.014472 -0.002178 0.000000 -0.010010 0.567748 -0.823142 3.700000 -0.010676 0.823075 0.567832 0.000000 0.000000 0.000000 0.000000 1.000000
0.999891 0.014644 -0.002127 -0.000000 -0.009656 0.536732 -0.843698 3.700000 -0.011213 0.843626 0.536815 0.000000 0.000000 0.000000 0.000000 1.000000
0.999889 0.014737 -0.002088 -0.000000 -0.009428 0.518561 -0.854989 3.700000 -0.011517 0.854914 0.518643 0.000000 0.000000 0.000000 0.000000 1.000000
0.999889 0.014738 -0.002043 0.000000 -0.009366 0.516800 -0.856055 3.700000 -0.011561 0.855979 0.516881 0.000000 0.000000 0.000000 0.000000 1.000000
0.999890 0.014692 -0.001925 0.000000 -0.009468 0.533552 -0.845714 3.700000 -0.011398 0.845640 0.533632 0.000000 0.000000 0.000000 0.000000 1.000000
0.999892 0.014569 -0.001690 -0.000000 -0.009649 0.566712 -0.823859 3.700000 -0.011045 0.823787 0.566792 0.000000 0.000000 0.000000 0.000000 1.000000
0.999897 0.014290 -0.001350 0.000000 -0.009960 0.623044 -0.782123 3.700000 -0.010335 0.782056 0.623123 0.000000 0.000000 0.000000 0.000000 1.000000
0.999905 0.013727 -0.000898 -0.000000 -0.010443 0.714953 -0.699094 3.700000 -0.008954 0.699037 0.715029 0.000000 0.000000 0.000000 0.000000 1.000000
0.999915 0.012991 -0.000493 0.000000 -0.010803 0.809219 -0.587408 3.700000 -0.007232 0.587364 0.809291 0.000000 0.000000 0.000000 0.000000 1.000000
0.999927 0.012109 -0.000138 0.000000 -0.010847 0.890492 -0.454869 3.700000 -0.005385 0.454837 0.890558 0.000000 0.000000 0.000000 0.000000 1.000000
0.999938 0.011156 -0.000004 -0.000000 -0.010590 0.949094 -0.314815 3.700000 -0.003508 0.314795 0.949153 0.000000 0.000000 0.000000 0.000000 1.000000
0.999947 0.010275 -0.000094 0.000000 -0.010117 0.982890 -0.183914 3.700000 -0.001798 0.183905 0.982942 0.000000 0.000000 0.000000 0.000000 1.000000
0.999954 0.009603 -0.000310 -0.000000 -0.009597 0.996808 -0.079259 3.700000 -0.000452 0.079258 0.996854 0.000000 0.000000 0.000000 0.000000 1.000000
0.999957 0.009223 -0.000497 0.000000 -0.009230 0.999818 -0.016681 3.700000 0.000343 0.016685 0.999861 0.000000 0.000000 0.000000 0.000000 1.000000
0.999958 0.009158 -0.000546 -0.000000 -0.009161 0.999948 -0.004564 3.700000 0.000504 0.004569 0.999989 0.000000 0.000000 0.000000 0.000000 1.000000
0.999958 0.009202 -0.000544 0.000000 -0.009209 0.999825 -0.016272 3.700000 0.000394 0.016276 0.999867 0.000000 0.000000 0.000000 0.000000 1.000000
0.999957 0.009291 -0.000550 0.000000 -0.009305 0.999240 -0.037845 3.700000 0.000198 0.037848 0.999283 0.000000 0.000000 0.000000 0.000000 1.000000
0.999955 0.009431 -0.000558 0.000000 -0.009447 0.997921 -0.063757 3.700000 -0.000044 0.063760 0.997965 0.000000 0.000000 0.000000 0.000000 1.000000
0.999954 0.009588 -0.000580 0.000000 -0.009602 0.996016 -0.088657 3.700000 -0.000272 0.088658 0.996062 0.000000 0.000000 0.000000 0.000000 1.000000
0.999953 0.009684 -0.000610 0.000000 -0.009691 0.993559 -0.112897 3.700000 -0.000487 0.112898 0.993606 0.000000 0.000000 0.000000 0.000000 1.000000
0.999953 0.009715 -0.000644 -0.000000 -0.009715 0.991297 -0.131282 3.700000 -0.000637 0.131282 0.991345 0.000000 0.000000 0.000000 0.000000 1.000000
0.999952 0.009746 -0.000687 0.000000 -0.009745 0.989867 -0.141662 3.700000 -0.000701 0.141662 0.989915 -0.000000 0.000000 0.000000 0.000000 1.000000
0.999952 0.009774 -0.000735 0.000000 -0.009774 0.988732 -0.149376 3.700000 -0.000733 0.149376 0.988780 -0.000000 0.000000 0.000000 0.000000 1.000000
0.999952 0.009801 -0.000786 0.000000 -0.009804 0.987898 -0.154792 3.700000 -0.000740 0.154792 0.987947 0.000000 0.000000 0.000000 0.000000 1.000000
0.999951 0.009826 -0.000840 -0.000000 -0.009835 0.987346 -0.158278 3.700000 -0.000726 0.158279 0.987394 0.000000 0.000000 0.000000 0.000000 1.000000
0.999951 0.009848 -0.000894 0.000000 -0.009864 0.987035 -0.160202 3.700000 -0.000695 0.160203 0.987084 0.000000 0.000000 0.000000 0.000000 1.000000
0.999951 0.009870 -0.000948 0.000000 -0.009894 0.986917 -0.160926 3.700000 -0.000652 0.160927 0.986966 0.000000 0.000000 0.000000 0.000000 1.000000
0.999951 0.009892 -0.001001 -0.000000 -0.009924 0.986935 -0.160811 3.700000 -0.000603 0.160813 0.986985 0.000000 0.000000 0.000000 0.000000 1.000000
0.999950 0.009911 -0.001051 0.000000 -0.009952 0.987031 -0.160220 3.700000 -0.000551 0.160222 0.987081 0.000000 0.000000 0.000000 0.000000 1.000000
0.999950 0.009930 -0.001098 -0.000000 -0.009978 0.987145 -0.159513 3.700000 -0.000500 0.159516 0.987195 0.000000 0.000000 0.000000 0.000000 1.000000
0.999950 0.009947 -0.001139 0.000000 -0.010002 0.987219 -0.159055 3.700000 -0.000457 0.159058 0.987269 0.000000 0.000000 0.000000 0.000000 1.000000
0.999950 0.009964 -0.001175 0.000000 -0.010024 0.987194 -0.159206 3.700000 -0.000426 0.159210 0.987245 0.000000 0.000000 0.000000 0.000000 1.000000
0.999949 0.009979 -0.001204 -0.000000 -0.010043 0.987013 -0.160328 3.700000 -0.000412 0.160332 0.987063 0.000000 0.000000 0.000000 0.000000 1.000000
0.999949 0.009994 -0.001222 -0.000000 -0.010059 0.986701 -0.162233 3.700000 -0.000416 0.162237 0.986752 0.000000 0.000000 0.000000 0.000000 1.000000
0.999949 0.010004 -0.001219 0.000000 -0.010068 0.986458 -0.163703 3.700000 -0.000435 0.163707 0.986509 0.000000 0.000000 0.000000 0.000000 1.000000
0.999949 0.010009 -0.001198 0.000000 -0.010070 0.986289 -0.164720 3.700000 -0.000467 0.164724 0.986340 0.000000 0.000000 0.000000 0.000000 1.000000
0.999949 0.010014 -0.001164 0.000000 -0.010069 0.986167 -0.165447 3.700000 -0.000509 0.165450 0.986218 -0.000000 0.000000 0.000000 0.000000 1.000000
0.999949 0.010017 -0.001116 -0.000000 -0.010063 0.986066 -0.166050 3.700000 -0.000562 0.166052 0.986117 0.000000 0.000000 0.000000 0.000000 1.000000
0.999949 0.010020 -0.001060 -0.000000 -0.010057 0.985958 -0.166691 3.700000 -0.000625 0.166693 0.986009 -0.000000 0.000000 0.000000 0.000000 1.000000
0.999949 0.010024 -0.000999 0.000000 -0.010050 0.985815 -0.167536 3.700000 -0.000695 0.167537 0.985866 0.000000 0.000000 0.000000 0.000000 1.000000
0.999949 0.010030 -0.000935 0.000000 -0.010043 0.985608 -0.168748 3.700000 -0.000771 0.168748 0.985659 -0.000000 0.000000 0.000000 0.000000 1.000000
0.999949 0.010038 -0.000871 0.000000 -0.010040 0.985308 -0.170490 3.700000 -0.000854 0.170490 0.985359 -0.000000 0.000000 0.000000 0.000000 1.000000
0.999949 0.010050 -0.000810 -0.000000 -0.010039 0.984883 -0.172927 3.700000 -0.000940 0.172927 0.984934 0.000000 0.000000 0.000000 0.000000 1.000000
0.999949 0.010067 -0.000757 -0.000000 -0.010042 0.984299 -0.176222 3.700000 -0.001029 0.176221 0.984350 0.000000 0.000000 0.000000 0.000000 1.000000
0.999949 0.010088 -0.000713 0.000000 -0.010051 0.983517 -0.180536 3.700000 -0.001120 0.180534 0.983568 0.000000 0.000000 0.000000 0.000000 1.000000
0.999948 0.010158 -0.000691 0.000000 -0.010101 0.981208 -0.192690 3.700000 -0.001280 0.192687 0.981260 0.000000 0.000000 0.000000 0.000000 1.000000
0.999946 0.010346 -0.000733 -0.000000 -0.010247 0.974489 -0.224202 3.700000 -0.001605 0.224197 0.974542 0.000000 0.000000 0.000000 0.000000 1.000000
0.999944 0.010522 -0.000852 -0.000000 -0.010395 0.967372 -0.253146 3.700000 -0.001839 0.253141 0.967428 0.000000 0.000000 0.000000 0.000000 1.000000
0.999942 0.010688 -0.001023 0.000000 -0.010546 0.959807 -0.280461 3.700000 -0.002015 0.280456 0.959865 0.000000 0.000000 0.000000 0.000000 1.000000
0.999940 0.010849 -0.001211 0.000000 -0.010696 0.951551 -0.307304 3.700000 -0.002181 0.307298 0.951611 0.000000 0.000000 0.000000 0.000000 1.000000
0.999938 0.011004 -0.001394 0.000000 -0.010840 0.942773 -0.333260 3.700000 -0.002353 0.333255 0.942834 0.000000 0.000000 0.000000 0.000000 1.000000
0.999937 0.011155 -0.001582 0.000000 -0.010981 0.933516 -0.358366 3.700000 -0.002521 0.358361 0.933580 0.000000 0.000000 0.000000 0.000000 1.000000
0.999935 0.011304 -0.001743 0.000000 -0.011112 0.924074 -0.382051 3.700000 -0.002708 0.382046 0.924139 0.000000 0.000000 0.000000 0.000000 1.000000
0.999933 0.011468 -0.001864 -0.000000 -0.011238 0.914052 -0.405441 3.700000 -0.002946 0.405435 0.914119 0.000000 0.000000 0.000000 0.000000 1.000000
0.999931 0.011615 -0.001952 -0.000000 -0.011339 0.904604 -0.426103 3.700000 -0.003183 0.426096 0.904673 0.000000 0.000000 0.000000 0.000000 1.000000
0.999929 0.011707 -0.002013 0.000000 -0.011397 0.897696 -0.440467 3.700000 -0.003349 0.440459 0.897767 0.000000 0.000000 0.000000 0.000000 1.000000
0.999928 0.011787 -0.002071 0.000000 -0.011441 0.890823 -0.454206 3.700000 -0.003508 0.454197 0.890894 0.000000 0.000000 0.000000 0.000000 1.000000
0.999927 0.011861 -0.002126 0.000000 -0.011479 0.883859 -0.467612 3.700000 -0.003667 0.467603 0.883931 0.000000 0.000000 0.000000 0.000000 1.000000
0.999927 0.011923 -0.002175 0.000000 -0.011505 0.877359 -0.479697 3.700000 -0.003811 0.479687 0.877432 0.000000 0.000000 0.000000 0.000000 1.000000
0.999926 0.011973 -0.002215 -0.000000 -0.011525 0.871928 -0.489499 3.700000 -0.003930 0.489488 0.872001 0.000000 0.000000 0.000000 0.000000 1.000000
0.999925 0.012006 -0.002241 -0.000000 -0.011536 0.868204 -0.496074 3.700000 -0.004010 0.496063 0.868277 0.000000 0.000000 0.000000 0.000000 1.000000
0.999925 0.012017 -0.002251 0.000000 -0.011540 0.866823 -0.498482 3.700000 -0.004040 0.498471 0.866897 0.000000 0.000000 0.000000 0.000000 1.000000</float_array>
        <technique_common>
          <accessor source="#mixamorig_LeftHandMiddle2-Matrix-animation-output-transform-array" count="90" stride="16">
            <param type="float4x4"/>
          </accessor>
        </technique_common>
      </source>
      <source id="mixamorig_LeftHandMiddle2-Interpolations">
        <Name_array id="mixamorig_LeftHandMiddle2-Interpolations-array" count="90">
 LINEAR LINEAR LINEAR LINEAR LINEAR LINEAR LINEAR LINEAR LINEAR LINEAR LINEAR
LINEAR LINEAR LINEAR LINEAR LINEAR LINEAR LINEAR LINEAR LINEAR LINEAR LINEAR LINEAR
LINEAR LINEAR LINEAR LINEAR LINEAR LINEAR LINEAR LINEAR LINEAR LINEAR LINEAR LINEAR
LINEAR LINEAR LINEAR LINEAR LINEAR LINEAR LINEAR LINEAR LINEAR LINEAR LINEAR LINEAR
LINEAR LINEAR LINEAR LINEAR LINEAR LINEAR LINEAR LINEAR LINEAR LINEAR LINEAR LINEAR
LINEAR LINEAR LINEAR LINEAR LINEAR LINEAR LINEAR LINEAR LINEAR LINEAR LINEAR LINEAR
LINEAR LINEAR LINEAR LINEAR LINEAR LINEAR LINEAR LINEAR LINEAR LINEAR LINEAR LINEAR
LINEAR LINEAR LINEAR LINEAR LINEAR LINEAR LINEAR</Name_array>
        <technique_common>
          <accessor source="#mixamorig_LeftHandMiddle2-Interpolations-array" count="90">
            <param type="name"/>
          </accessor>
        </technique_common>
      </source>
      <sampler id="mixamorig_LeftHandMiddle2-Matrix-animation-transform">
        <input semantic="INPUT" source="#mixamorig_LeftHandMiddle2-Matrix-animation-input"/>
        <input semantic="OUTPUT" source="#mixamorig_LeftHandMiddle2-Matrix-animation-output-transform"/>
        <input semantic="INTERPOLATION" source="#mixamorig_LeftHandMiddle2-Interpolations"/>
      </sampler>
      <channel source="#mixamorig_LeftHandMiddle2-Matrix-animation-transform" target="mixamorig_LeftHandMiddle2/matrix"/>
    </animation>
    <animation id="mixamorig_LeftHandMiddle3-anim" name="mixamorig_LeftHandMiddle3">
      <source id="mixamorig_LeftHandMiddle3-Matrix-animation-input">
        <float_array id="mixamorig_LeftHandMiddle3-Matrix-animation-input-array" count="90">

0.000000 0.033333 0.066667 0.100000 0.133333 0.166667 0.200000 0.233333 0.266667 0.300000 0.333333 0.366667 0.400000 0.433333 0.466667 0.500000
0.533333 0.566667 0.600000 0.633333 0.666667 0.700000 0.733333 0.766667 0.800000 0.833333 0.866667 0.900000 0.933333 0.966667 1.000000 1.033333
1.066667 1.100000 1.133333 1.166667 1.200000 1.233333 1.266667 1.300000 1.333333 1.366667 1.400000 1.433333 1.466667 1.500000 1.533333 1.566667
1.600000 1.633333 1.666667 1.700000 1.733333 1.766667 1.800000 1.833333 1.866667 1.900000 1.933333 1.966667 2.000000 2.033333 2.066667 2.100000
2.133333 2.166667 2.200000 2.233333 2.266667 2.300000 2.333333 2.366667 2.400000 2.433333 2.466667 2.500000 2.533333 2.566667 2.600000 2.633333
2.666667 2.700000 2.733333 2.766667 2.800000 2.833333 2.866667 2.900000 2.933333 2.966667</float_array>
        <technique_common>
          <accessor source="#mixamorig_LeftHandMiddle3-Matrix-animation-input-array" count="90">
            <param name="TIME" type="float"/>
          </accessor>
        </technique_common>
      </source>
      <source id="mixamorig_LeftHandMiddle3-Matrix-animation-output-transform">
        <float_array id="mixamorig_LeftHandMiddle3-Matrix-animation-output-transform-array" count="1440">

0.999963 0.008081 0.002937 0.000000 -0.003725 0.714993 -0.699122 2.950000 -0.007750 0.699085 0.714996 -0.000000 0.000000 0.000000 0.000000 1.000000
0.999964 0.007939 0.002919 0.000000 -0.003680 0.719079 -0.694918 2.950000 -0.007616 0.694883 0.719083 -0.000000 0.000000 0.000000 0.000000 1.000000
0.999965 0.007800 0.002872 0.000000 -0.003777 0.734178 -0.678947 2.950000 -0.007404 0.678912 0.734182 -0.000000 0.000000 0.000000 0.000000 1.000000
0.999969 0.007323 0.002922 -0.000000 -0.003708 0.763796 -0.645447 2.950000 -0.006958 0.645416 0.763799 0.000000 0.000000 0.000000 0.000000 1.000000
0.999973 0.006675 0.002916 -0.000000 -0.003608 0.801647 -0.597786 2.950000 -0.006327 0.597760 0.801650 0.000000 0.000000 0.000000 0.000000 1.000000
0.999976 0.006233 0.002870 0.000000 -0.003525 0.825451 -0.564462 2.950000 -0.005887 0.564439 0.825454 0.000000 0.000000 0.000000 0.000000 1.000000
0.999979 0.005820 0.002820 -0.000000 -0.003410 0.845011 -0.534738 2.950000 -0.005495 0.534717 0.845013 0.000000 0.000000 0.000000 0.000000 1.000000
0.999983 0.005206 0.002793 0.000000 -0.003152 0.869968 -0.493099 2.950000 -0.004997 0.493081 0.869969 -0.000000 0.000000 0.000000 0.000000 1.000000
0.999987 0.004391 0.002624 0.000000 -0.002828 0.901926 -0.431882 2.950000 -0.004263 0.431869 0.901926 0.000000 0.000000 0.000000 0.000000 1.000000
0.999992 0.003448 0.002256 0.000000 -0.002418 0.934389 -0.356246 2.950000 -0.003336 0.356237 0.934390 -0.000000 0.000000 0.000000 0.000000 1.000000
0.999994 0.002720 0.001900 -0.000000 -0.002022 0.953586 -0.301116 2.950000 -0.002630 0.301110 0.953586 0.000000 0.000000 0.000000 0.000000 1.000000
0.999995 0.002588 0.001707 -0.000000 -0.001904 0.947221 -0.320575 2.950000 -0.002447 0.320570 0.947222 0.000000 0.000000 0.000000 0.000000 1.000000
0.999995 0.002590 0.001673 -0.000000 -0.001865 0.940168 -0.340706 2.950000 -0.002456 0.340702 0.940168 0.000000 0.000000 0.000000 0.000000 1.000000
0.999995 0.002622 0.001672 -0.000000 -0.001846 0.933242 -0.359244 2.950000 -0.002502 0.359239 0.933242 0.000000 0.000000 0.000000 0.000000 1.000000
0.999995 0.002683 0.001729 0.000000 -0.001833 0.926296 -0.376792 2.950000 -0.002613 0.376787 0.926296 0.000000 0.000000 0.000000 0.000000 1.000000
0.999994 0.002775 0.001834 0.000000 -0.001828 0.919136 -0.393937 2.950000 -0.002779 0.393932 0.919135 0.000000 0.000000 0.000000 0.000000 1.000000
0.999994 0.002901 0.001946 0.000000 -0.001844 0.911523 -0.411246 2.950000 -0.002967 0.411240 0.911522 -0.000000 0.000000 0.000000 0.000000 1.000000
0.999993 0.003053 0.002074 0.000000 -0.001867 0.903176 -0.429267 2.950000 -0.003183 0.429260 0.903175 0.000000 0.000000 0.000000 0.000000 1.000000
0.999992 0.003230 0.002221 -0.000000 -0.001891 0.893768 -0.448526 2.950000 -0.003434 0.448518 0.893767 0.000000 0.000000 0.000000 0.000000 1.000000
0.999991 0.003441 0.002388 0.000000 -0.001917 0.882921 -0.469518 2.950000 -0.003724 0.469509 0.882920 0.000000 0.000000 0.000000 0.000000 1.000000
0.999990 0.003685 0.002582 0.000000 -0.001935 0.870197 -0.492700 2.950000 -0.004062 0.492690 0.870195 0.000000 0.000000 0.000000 0.000000 1.000000
0.999988 0.003986 0.002799 0.000000 -0.001953 0.854647 -0.519206 2.950000 -0.004461 0.519194 0.854645 0.000000 0.000000 0.000000 0.000000 1.000000
0.999986 0.004402 0.003081 -0.000000 -0.001962 0.832925 -0.553383 2.950000 -0.005002 0.553369 0.832921 -0.000000 0.000000 0.000000 0.000000 1.000000
0.999982 0.004964 0.003477 0.000000 -0.001931 0.804712 -0.593662 2.950000 -0.005745 0.593645 0.804707 0.000000 0.000000 0.000000 0.000000 1.000000
0.999976 0.005649 0.003907 -0.000000 -0.001869 0.771128 -0.636677 2.950000 -0.006610 0.636655 0.771120 0.000000 0.000000 0.000000 0.000000 1.000000
0.999970 0.006383 0.004334 0.000000 -0.001740 0.733819 -0.679342 2.950000 -0.007517 0.679315 0.733809 0.000000 0.000000 0.000000 0.000000 1.000000
0.999963 0.007129 0.004734 -0.000000 -0.001550 0.695004 -0.719005 2.950000 -0.008416 0.718971 0.694989 0.000000 0.000000 0.000000 0.000000 1.000000
0.999956 0.007834 0.005089 -0.000000 -0.001316 0.657423 -0.753520 2.950000 -0.009249 0.753481 0.657405 0.000000 0.000000 0.000000 0.000000 1.000000
0.999950 0.008438 0.005405 0.000000 -0.001044 0.624214 -0.781253 2.950000 -0.009966 0.781208 0.624192 0.000000 0.000000 0.000000 0.000000 1.000000
0.999944 0.008896 0.005684 0.000000 -0.000774 0.598723 -0.800956 2.950000 -0.010528 0.800906 0.598697 0.000000 0.000000 0.000000 0.000000 1.000000
0.999941 0.009169 0.005862 0.000000 -0.000600 0.584307 -0.811533 2.950000 -0.010866 0.811481 0.584278 -0.000000 0.000000 0.000000 0.000000 1.000000
0.999940 0.009194 0.005919 0.000000 -0.000566 0.584101 -0.811681 2.950000 -0.010920 0.811629 0.584071 -0.000000 0.000000 0.000000 0.000000 1.000000
0.999942 0.009004 0.005909 0.000000 -0.000673 0.599845 -0.800116 2.950000 -0.010749 0.800066 0.599816 -0.000000 0.000000 0.000000 0.000000 1.000000
0.999946 0.008605 0.005878 0.000000 -0.000850 0.629501 -0.776999 2.950000 -0.010386 0.776952 0.629474 -0.000000 0.000000 0.000000 0.000000 1.000000
0.999953 0.007876 0.005736 0.000000 -0.001136 0.678894 -0.734236 2.950000 -0.009677 0.734194 0.678870 0.000000 0.000000 0.000000 0.000000 1.000000
0.999964 0.006602 0.005340 -0.000000 -0.001526 0.758360 -0.651834 2.950000 -0.008353 0.651803 0.758343 0.000000 0.000000 0.000000 0.000000 1.000000
0.999976 0.005132 0.004673 -0.000000 -0.001762 0.838928 -0.544240 2.950000 -0.006713 0.544218 0.838917 0.000000 0.000000 0.000000 0.000000 1.000000
0.999986 0.003676 0.003758 0.000000 -0.001761 0.907805 -0.419388 2.950000 -0.004954 0.419376 0.907799 0.000000 0.000000 0.000000 0.000000 1.000000
0.999994 0.002361 0.002650 0.000000 -0.001493 0.957188 -0.289465 2.950000 -0.003220 0.289459 0.957185 0.000000 0.000000 0.000000 0.000000 1.000000
0.999998 0.001302 0.001454 0.000000 -0.001038 0.985590 -0.169149 2.950000 -0.001653 0.169148 0.985589 -0.000000 0.000000 0.000000 0.000000 1.000000
1.000000 0.000587 0.000386 0.000000 -0.000557 0.997303 -0.073396 2.950000 -0.000428 0.073396 0.997303 -0.000000 0.000000 0.000000 0.000000 1.000000
1.000000 0.000205 -0.000299 -0.000000 -0.000210 0.999868 -0.016238 2.950000 0.000296 0.016238 0.999868 0.000000 0.000000 0.000000 0.000000 1.000000
1.000000 0.000130 -0.000436 0.000000 -0.000133 0.999985 -0.005434 2.950000 0.000435 0.005434 0.999985 0.000000 0.000000 0.000000 0.000000 1.000000
1.000000 0.000173 -0.000321 0.000000 -0.000178 0.999864 -0.016513 2.950000 0.000318 0.016513 0.999864 0.000000 0.000000 0.000000 0.000000 1.000000
1.000000 0.000262 -0.000148 0.000000 -0.000267 0.999324 -0.036756 2.950000 0.000138 0.036756 0.999324 0.000000 0.000000 0.000000 0.000000 1.000000
1.000000 0.000400 0.000042 0.000000 -0.000397 0.998132 -0.061092 2.950000 -0.000066 0.061092 0.998132 0.000000 0.000000 0.000000 0.000000 1.000000
1.000000 0.000551 0.000213 0.000000 -0.000531 0.996414 -0.084610 2.950000 -0.000259 0.084610 0.996414 0.000000 0.000000 0.000000 0.000000 1.000000
1.000000 0.000652 0.000376 -0.000000 -0.000608 0.994178 -0.107750 2.950000 -0.000444 0.107750 0.994178 0.000000 0.000000 0.000000 0.000000 1.000000
1.000000 0.000697 0.000494 -0.000000 -0.000629 0.992115 -0.125332 2.950000 -0.000578 0.125332 0.992115 -0.000000 0.000000 0.000000 0.000000 1.000000
1.000000 0.000735 0.000539 0.000000 -0.000655 0.990858 -0.134905 2.950000 -0.000633 0.134905 0.990858 0.000000 0.000000 0.000000 0.000000 1.000000
1.000000 0.000762 0.000559 -0.000000 -0.000676 0.989935 -0.141519 2.950000 -0.000661 0.141519 0.989935 0.000000 0.000000 0.000000 0.000000 1.000000
1.000000 0.000784 0.000557 -0.000000 -0.000694 0.989333 -0.145667 2.950000 -0.000665 0.145667 0.989334 0.000000 0.000000 0.000000 0.000000 1.000000
1.000000 0.000800 0.000538 0.000000 -0.000712 0.989011 -0.147839 2.950000 -0.000651 0.147838 0.989011 0.000000 0.000000 0.000000 0.000000 1.000000
1.000000 0.000815 0.000506 0.000000 -0.000731 0.988909 -0.148520 2.950000 -0.000622 0.148520 0.988909 0.000000 0.000000 0.000000 0.000000 1.000000
1.000000 0.000829 0.000465 0.000000 -0.000751 0.988958 -0.148197 2.950000 -0.000583 0.148196 0.988958 -0.000000 0.000000 0.000000 0.000000 1.000000
1.000000 0.000845 0.000417 -0.000000 -0.000774 0.989084 -0.147353 2.950000 -0.000537 0.147352 0.989084 0.000000 0.000000 0.000000 0.000000 1.000000
1.000000 0.000865 0.000369 0.000000 -0.000802 0.989214 -0.146472 2.950000 -0.000492 0.146472 0.989215 0.000000 0.000000 0.000000 0.000000 1.000000
1.000000 0.000892 0.000321 -0.000000 -0.000836 0.989278 -0.146042 2.950000 -0.000448 0.146041 0.989278 0.000000 0.000000 0.000000 0.000000 1.000000
1.000000 0.000929 0.000280 0.000000 -0.000877 0.989204 -0.146544 2.950000 -0.000413 0.146544 0.989204 0.000000 0.000000 0.000000 0.000000 1.000000
0.999999 0.000975 0.000249 0.000000 -0.000927 0.988917 -0.148466 2.950000 -0.000391 0.148465 0.988918 -0.000000 0.000000 0.000000 0.000000 1.000000
0.999999 0.001035 0.000231 0.000000 -0.000988 0.988336 -0.152288 2.950000 -0.000385 0.152288 0.988336 0.000000 0.000000 0.000000 0.000000 1.000000
0.999999 0.001108 0.000233 0.000000 -0.001057 0.987430 -0.158056 2.950000 -0.000405 0.158056 0.987430 0.000000 0.000000 0.000000 0.000000 1.000000
0.999999 0.001192 0.000266 0.000000 -0.001132 0.986324 -0.164816 2.950000 -0.000458 0.164815 0.986324 0.000000 0.000000 0.000000 0.000000 1.000000
0.999999 0.001285 0.000325 0.000000 -0.001210 0.985036 -0.172344 2.950000 -0.000542 0.172344 0.985037 0.000000 0.000000 0.000000 0.000000 1.000000
0.999999 0.001387 0.000408 0.000000 -0.001291 0.983565 -0.180549 2.950000 -0.000652 0.180548 0.983566 -0.000000 0.000000 0.000000 0.000000 1.000000
0.999999 0.001497 0.000511 0.000000 -0.001373 0.981912 -0.189334 2.950000 -0.000785 0.189333 0.981913 -0.000000 0.000000 0.000000 0.000000 1.000000
0.999999 0.001613 0.000628 -0.000000 -0.001456 0.980078 -0.198608 2.950000 -0.000935 0.198607 0.980079 0.000000 0.000000 0.000000 0.000000 1.000000
0.999998 0.001735 0.000755 -0.000000 -0.001540 0.978069 -0.208278 2.950000 -0.001100 0.208276 0.978069 0.000000 0.000000 0.000000 0.000000 1.000000
0.999998 0.001862 0.000889 0.000000 -0.001623 0.975892 -0.218250 2.950000 -0.001274 0.218248 0.975892 0.000000 0.000000 0.000000 0.000000 1.000000
0.999997 0.001993 0.001025 0.000000 -0.001707 0.973558 -0.228432 2.950000 -0.001453 0.228430 0.973559 0.000000 0.000000 0.000000 0.000000 1.000000
0.999997 0.002128 0.001159 0.000000 -0.001790 0.971084 -0.238733 2.950000 -0.001634 0.238730 0.971085 0.000000 0.000000 0.000000 0.000000 1.000000
0.999997 0.002265 0.001288 0.000000 -0.001872 0.968486 -0.249061 2.950000 -0.001812 0.249058 0.968487 0.000000 0.000000 0.000000 0.000000 1.000000
0.999996 0.002403 0.001408 0.000000 -0.001956 0.965788 -0.259327 2.950000 -0.001983 0.259323 0.965789 0.000000 0.000000 0.000000 0.000000 1.000000
0.999996 0.002571 0.001528 -0.000000 -0.002064 0.962932 -0.269738 2.950000 -0.002164 0.269733 0.962933 -0.000000 0.000000 0.000000 0.000000 1.000000
0.999994 0.002865 0.001690 0.000000 -0.002261 0.958075 -0.286510 2.950000 -0.002440 0.286505 0.958076 -0.000000 0.000000 0.000000 0.000000 1.000000
0.999993 0.003287 0.001876 -0.000000 -0.002515 0.947573 -0.319529 2.950000 -0.002828 0.319522 0.947575 0.000000 0.000000 0.000000 0.000000 1.000000
0.999991 0.003791 0.002070 -0.000000 -0.002781 0.931861 -0.362806 2.950000 -0.003304 0.362797 0.931862 0.000000 0.000000 0.000000 0.000000 1.000000
0.999988 0.004315 0.002254 0.000000 -0.003019 0.912884 -0.408207 2.950000 -0.003819 0.408196 0.912886 0.000000 0.000000 0.000000 0.000000 1.000000
0.999985 0.004811 0.002426 -0.000000 -0.003202 0.892750 -0.450540 2.950000 -0.004333 0.450526 0.892753 0.000000 0.000000 0.000000 0.000000 1.000000
0.999983 0.005296 0.002591 0.000000 -0.003338 0.870751 -0.491713 2.950000 -0.004860 0.491695 0.870754 -0.000000 0.000000 0.000000 0.000000 1.000000
0.999980 0.005759 0.002722 0.000000 -0.003442 0.848060 -0.529889 2.950000 -0.005360 0.529869 0.848062 0.000000 0.000000 0.000000 0.000000 1.000000
0.999977 0.006225 0.002812 0.000000 -0.003538 0.824192 -0.566300 2.950000 -0.005843 0.566277 0.824194 0.000000 0.000000 0.000000 0.000000 1.000000
0.999974 0.006642 0.002869 0.000000 -0.003611 0.801773 -0.597618 2.950000 -0.006270 0.597592 0.801776 0.000000 0.000000 0.000000 0.000000 1.000000
0.999972 0.006930 0.002896 0.000000 -0.003652 0.785625 -0.618692 2.950000 -0.006562 0.618664 0.785628 -0.000000 0.000000 0.000000 0.000000 1.000000
0.999970 0.007203 0.002915 0.000000 -0.003684 0.769744 -0.638342 2.950000 -0.006842 0.638312 0.769748 0.000000 0.000000 0.000000 0.000000 1.000000
0.999968 0.007469 0.002927 0.000000 -0.003707 0.753756 -0.657144 2.950000 -0.007115 0.657112 0.753759 0.000000 0.000000 0.000000 0.000000 1.000000
0.999966 0.007709 0.002934 -0.000000 -0.003719 0.738908 -0.673796 2.950000 -0.007362 0.673762 0.738912 -0.000000 0.000000 0.000000 0.000000 1.000000
0.999964 0.007904 0.002937 0.000000 -0.003725 0.726556 -0.687097 2.950000 -0.007565 0.687062 0.726559 0.000000 0.000000 0.000000 0.000000 1.000000
0.999963 0.008034 0.002937 0.000000 -0.003726 0.718114 -0.695915 2.950000 -0.007700 0.695879 0.718118 0.000000 0.000000 0.000000 0.000000 1.000000
0.999963 0.008082 0.002937 0.000000 -0.003726 0.714992 -0.699123 2.950000 -0.007750 0.699086 0.714996 0.000000 0.000000 0.000000 0.000000 1.000000</float_array>
        <technique_common>
          <accessor source="#mixamorig_LeftHandMiddle3-Matrix-animation-output-transform-array" count="90" stride="16">
            <param type="float4x4"/>
          </accessor>
        </technique_common>
      </source>
      <source id="mixamorig_LeftHandMiddle3-Interpolations">
        <Name_array id="mixamorig_LeftHandMiddle3-Interpolations-array" count="90">
 LINEAR LINEAR LINEAR LINEAR LINEAR LINEAR LINEAR LINEAR LINEAR LINEAR LINEAR
LINEAR LINEAR LINEAR LINEAR LINEAR LINEAR LINEAR LINEAR LINEAR LINEAR LINEAR LINEAR
LINEAR LINEAR LINEAR LINEAR LINEAR LINEAR LINEAR LINEAR LINEAR LINEAR LINEAR LINEAR
LINEAR LINEAR LINEAR LINEAR LINEAR LINEAR LINEAR LINEAR LINEAR LINEAR LINEAR LINEAR
LINEAR LINEAR LINEAR LINEAR LINEAR LINEAR LINEAR LINEAR LINEAR LINEAR LINEAR LINEAR
LINEAR LINEAR LINEAR LINEAR LINEAR LINEAR LINEAR LINEAR LINEAR LINEAR LINEAR LINEAR
LINEAR LINEAR LINEAR LINEAR LINEAR LINEAR LINEAR LINEAR LINEAR LINEAR LINEAR LINEAR
LINEAR LINEAR LINEAR LINEAR LINEAR LINEAR LINEAR</Name_array>
        <technique_common>
          <accessor source="#mixamorig_LeftHandMiddle3-Interpolations-array" count="90">
            <param type="name"/>
          </accessor>
        </technique_common>
      </source>
      <sampler id="mixamorig_LeftHandMiddle3-Matrix-animation-transform">
        <input semantic="INPUT" source="#mixamorig_LeftHandMiddle3-Matrix-animation-input"/>
        <input semantic="OUTPUT" source="#mixamorig_LeftHandMiddle3-Matrix-animation-output-transform"/>
        <input semantic="INTERPOLATION" source="#mixamorig_LeftHandMiddle3-Interpolations"/>
      </sampler>
      <channel source="#mixamorig_LeftHandMiddle3-Matrix-animation-transform" target="mixamorig_LeftHandMiddle3/matrix"/>
    </animation>
    <animation id="mixamorig_LeftHandRing1-anim" name="mixamorig_LeftHandRing1">
      <source id="mixamorig_LeftHandRing1-Matrix-animation-input">
        <float_array id="mixamorig_LeftHandRing1-Matrix-animation-input-array" count="90">

0.000000 0.033333 0.066667 0.100000 0.133333 0.166667 0.200000 0.233333 0.266667 0.300000 0.333333 0.366667 0.400000 0.433333 0.466667 0.500000
0.533333 0.566667 0.600000 0.633333 0.666667 0.700000 0.733333 0.766667 0.800000 0.833333 0.866667 0.900000 0.933333 0.966667 1.000000 1.033333
1.066667 1.100000 1.133333 1.166667 1.200000 1.233333 1.266667 1.300000 1.333333 1.366667 1.400000 1.433333 1.466667 1.500000 1.533333 1.566667
1.600000 1.633333 1.666667 1.700000 1.733333 1.766667 1.800000 1.833333 1.866667 1.900000 1.933333 1.966667 2.000000 2.033333 2.066667 2.100000
2.133333 2.166667 2.200000 2.233333 2.266667 2.300000 2.333333 2.366667 2.400000 2.433333 2.466667 2.500000 2.533333 2.566667 2.600000 2.633333
2.666667 2.700000 2.733333 2.766667 2.800000 2.833333 2.866667 2.900000 2.933333 2.966667</float_array>
        <technique_common>
          <accessor source="#mixamorig_LeftHandRing1-Matrix-animation-input-array" count="90">
            <param name="TIME" type="float"/>
          </accessor>
        </technique_common>
      </source>
      <source id="mixamorig_LeftHandRing1-Matrix-animation-output-transform">
        <float_array id="mixamorig_LeftHandRing1-Matrix-animation-output-transform-array" count="1440">

0.992813 0.082204 0.086976 1.865100 -0.054966 0.958789 -0.278753 9.104500 -0.106306 0.271969 0.956416 0.043000 0.000000 0.000000 0.000000 1.000000
0.987876 0.136712 0.073553 1.865100 -0.113738 0.959843 -0.256446 9.104500 -0.105658 0.244971 0.963756 0.043000 0.000000 0.000000 0.000000 1.000000
0.966805 0.248826 0.058079 1.865100 -0.234536 0.954397 -0.184715 9.104500 -0.101392 0.164962 0.981075 0.043000 0.000000 0.000000 0.000000 1.000000
0.936717 0.342334 0.073266 1.865100 -0.338102 0.938908 -0.064337 9.104500 -0.090815 0.035494 0.995235 0.043000 0.000000 0.000000 0.000000 1.000000
0.923911 0.359061 0.132151 1.865100 -0.371204 0.924907 0.082187 9.104500 -0.092717 -0.124988 0.987817 0.043000 0.000000 0.000000 0.000000 1.000000
0.924073 0.354522 0.142838 1.865100 -0.373429 0.917085 0.139663 9.104500 -0.081481 -0.182399 0.979843 0.043000 0.000000 0.000000 0.000000 1.000000
0.923935 0.357364 0.136511 1.865100 -0.374024 0.918788 0.126230 9.104500 -0.080314 -0.167687 0.982563 0.043000 0.000000 0.000000 0.000000 1.000000
0.926397 0.349815 0.139348 1.865100 -0.367278 0.921048 0.129526 9.104500 -0.083036 -0.171172 0.981736 0.043000 0.000000 0.000000 0.000000 1.000000
0.943825 0.287909 0.162181 1.865100 -0.318239 0.924120 0.211485 9.104500 -0.088987 -0.251217 0.963832 0.043000 0.000000 0.000000 0.000000 1.000000
0.938285 0.291657 0.185898 1.865100 -0.336566 0.893748 0.296544 9.104500 -0.079657 -0.340809 0.936752 0.043000 0.000000 0.000000 0.000000 1.000000
0.943909 0.267284 0.193894 1.865100 -0.318869 0.890352 0.324954 9.104500 -0.085779 -0.368554 0.925640 0.043000 0.000000 0.000000 0.000000 1.000000
0.925038 0.335030 0.179051 1.865100 -0.367760 0.907903 0.201159 9.104500 -0.095166 -0.251928 0.963055 0.043000 0.000000 0.000000 0.000000 1.000000
0.917088 0.361984 0.167082 1.865100 -0.381501 0.918490 0.104086 9.104500 -0.115786 -0.159198 0.980433 0.043000 0.000000 0.000000 0.000000 1.000000
0.915944 0.370688 0.153743 1.865100 -0.376245 0.926488 0.007685 9.104500 -0.139592 -0.064885 0.988081 0.043000 0.000000 0.000000 0.000000 1.000000
0.919916 0.366732 0.138785 1.865100 -0.357400 0.929799 -0.087968 9.104500 -0.161303 0.031322 0.986408 0.043000 0.000000 0.000000 0.000000 1.000000
0.927570 0.353090 0.122237 1.865100 -0.328773 0.926702 -0.182020 9.104500 -0.177547 0.128648 0.975667 0.043000 0.000000 0.000000 0.000000 1.000000
0.937263 0.332659 0.104285 1.865100 -0.294573 0.915675 -0.273433 9.104500 -0.186451 0.225559 0.956221 0.043000 0.000000 0.000000 0.000000 1.000000
0.947431 0.308392 0.085258 1.865100 -0.259110 0.895837 -0.361024 9.104500 -0.187714 0.319954 0.928651 0.043000 0.000000 0.000000 0.000000 1.000000
0.956761 0.283381 0.065597 1.865100 -0.226438 0.867179 -0.443538 9.104500 -0.182575 0.409507 0.893852 0.043000 0.000000 0.000000 0.000000 1.000000
0.964285 0.260875 0.045817 1.865100 -0.200008 0.830581 -0.519743 9.104500 -0.173643 0.492016 0.853093 0.043000 0.000000 0.000000 0.000000 1.000000
0.969349 0.244260 0.026460 1.865100 -0.182401 0.787616 -0.588550 9.104500 -0.164600 0.565684 0.808028 0.043000 0.000000 0.000000 0.000000 1.000000
0.971742 0.235915 0.007841 1.865100 -0.174336 0.739698 -0.649964 9.104500 -0.159136 0.630230 0.759925 0.043000 0.000000 0.000000 0.000000 1.000000
0.973037 0.230372 -0.011273 1.865100 -0.170319 0.684710 -0.708635 9.104500 -0.155531 0.691448 0.705485 0.043000 0.000000 0.000000 0.000000 1.000000
0.973774 0.225397 -0.030992 1.865100 -0.168527 0.623057 -0.763805 9.104500 -0.152850 0.748996 0.644702 0.043000 0.000000 0.000000 0.000000 1.000000
0.973968 0.220912 -0.050836 1.865100 -0.168768 0.556934 -0.813229 9.104500 -0.151340 0.800639 0.579719 0.043000 0.000000 0.000000 0.000000 1.000000
0.973657 0.216933 -0.070237 1.865100 -0.170674 0.489090 -0.855372 9.104500 -0.151206 0.844826 0.513230 0.043000 0.000000 0.000000 0.000000 1.000000
0.972900 0.213595 -0.088558 1.865100 -0.173755 0.422651 -0.889480 9.104500 -0.152559 0.880763 0.448311 0.043000 0.000000 0.000000 0.000000 1.000000
0.971786 0.211140 -0.105127 1.865100 -0.177464 0.360935 -0.915551 9.104500 -0.155366 0.908375 0.388221 0.043000 0.000000 0.000000 0.000000 1.000000
0.970420 0.209907 -0.119266 1.865100 -0.181278 0.307270 -0.934197 9.104500 -0.159447 0.928183 0.336232 0.043000 0.000000 0.000000 0.000000 1.000000
0.968916 0.210288 -0.130310 1.865100 -0.184770 0.264869 -0.946417 9.104500 -0.164505 0.941076 0.295491 0.043000 0.000000 0.000000 0.000000 1.000000
0.967379 0.212691 -0.137624 1.865100 -0.187671 0.236752 -0.953272 9.104500 -0.170170 0.948004 0.268945 0.043000 0.000000 0.000000 0.000000 1.000000
0.965885 0.217474 -0.140610 1.865100 -0.189918 0.225709 -0.955503 9.104500 -0.176060 0.949611 0.259311 0.043000 0.000000 0.000000 0.000000 1.000000
0.964324 0.225605 -0.138499 1.865100 -0.191766 0.234649 -0.952977 9.104500 -0.182498 0.945538 0.269541 0.043000 0.000000 0.000000 0.000000 1.000000
0.962422 0.238275 -0.130266 1.865100 -0.193862 0.266935 -0.944014 9.104500 -0.190163 0.933794 0.303096 0.043000 0.000000 0.000000 0.000000 1.000000
0.959505 0.258210 -0.112598 1.865100 -0.197875 0.333324 -0.921814 9.104500 -0.200490 0.906765 0.370920 0.043000 0.000000 0.000000 0.000000 1.000000
0.954181 0.288974 -0.077670 1.865100 -0.208179 0.454634 -0.866008 9.104500 -0.214942 0.842497 0.493962 0.043000 0.000000 0.000000 0.000000 1.000000
0.947194 0.318928 -0.033290 1.865100 -0.226275 0.591218 -0.774119 9.104500 -0.227207 0.740774 0.632164 0.043000 0.000000 0.000000 0.000000 1.000000
0.938950 0.343689 0.015834 1.865100 -0.252245 0.718965 -0.647658 9.104500 -0.233977 0.604125 0.761766 0.043000 0.000000 0.000000 0.000000 1.000000
0.930299 0.361073 0.064577 1.865100 -0.283318 0.819157 -0.498711 9.104500 -0.232970 0.445654 0.864359 0.043000 0.000000 0.000000 0.000000 1.000000
0.922317 0.370979 0.108198 1.865100 -0.314593 0.883418 -0.347280 9.104500 -0.224417 0.286264 0.931499 0.043000 0.000000 0.000000 0.000000 1.000000
0.916102 0.374634 0.142850 1.865100 -0.340535 0.915083 -0.216008 9.104500 -0.211644 0.149240 0.965885 0.043000 0.000000 0.000000 0.000000 1.000000
0.912742 0.373529 0.165464 1.865100 -0.356079 0.925921 -0.126010 9.104500 -0.200275 0.056096 0.978132 0.043000 0.000000 0.000000 0.000000 1.000000
0.913168 0.368711 0.173714 1.865100 -0.357762 0.929292 -0.091776 9.104500 -0.195269 0.021659 0.980510 0.043000 0.000000 0.000000 0.000000 1.000000
0.915080 0.363958 0.173674 1.865100 -0.353283 0.931179 -0.089983 9.104500 -0.194472 0.020986 0.980684 0.043000 0.000000 0.000000 0.000000 1.000000
0.917800 0.358073 0.171542 1.865100 -0.346211 0.933259 -0.095733 9.104500 -0.194373 0.028474 0.980514 0.043000 0.000000 0.000000 0.000000 1.000000
0.920824 0.351550 0.168806 1.865100 -0.338338 0.935428 -0.102481 9.104500 -0.193933 0.037253 0.980307 0.043000 0.000000 0.000000 0.000000 1.000000
0.923694 0.344868 0.166898 1.865100 -0.331388 0.937778 -0.103708 9.104500 -0.192279 0.040487 0.980505 0.043000 0.000000 0.000000 0.000000 1.000000
0.936001 0.312169 0.162644 1.865100 -0.299186 0.948980 -0.099624 9.104500 -0.185445 0.044587 0.981643 0.043000 0.000000 0.000000 0.000000 1.000000
0.949765 0.270540 0.157334 1.865100 -0.256771 0.961024 -0.102475 9.104500 -0.178925 0.056928 0.982214 0.043000 0.000000 0.000000 0.000000 1.000000
0.958352 0.240680 0.153736 1.865100 -0.224595 0.967661 -0.114841 9.104500 -0.176405 0.075530 0.981416 0.043000 0.000000 0.000000 0.000000 1.000000
0.965566 0.212218 0.150486 1.865100 -0.193119 0.972258 -0.131984 9.104500 -0.174320 0.098377 0.979762 0.043000 0.000000 0.000000 0.000000 1.000000
0.971530 0.185381 0.147525 1.865100 -0.162799 0.974760 -0.152771 9.104500 -0.172123 0.124405 0.977188 0.043000 0.000000 0.000000 0.000000 1.000000
0.976376 0.160384 0.144799 1.865100 -0.134079 0.975203 -0.176075 9.104500 -0.169449 0.152501 0.973669 0.043000 0.000000 0.000000 0.000000 1.000000
0.980241 0.137439 0.142259 1.865100 -0.107388 0.973733 -0.200780 9.104500 -0.166117 0.181536 0.969252 0.043000 0.000000 0.000000 0.000000 1.000000
0.983264 0.116748 0.139865 1.865100 -0.083130 0.970623 -0.225787 9.104500 -0.162116 0.210381 0.964084 0.043000 0.000000 0.000000 0.000000 1.000000
0.985578 0.098513 0.137591 1.865100 -0.061678 0.966272 -0.250028 9.104500 -0.157582 0.237935 0.958413 0.043000 0.000000 0.000000 0.000000 1.000000
0.987311 0.082930 0.135427 1.865100 -0.043363 0.961188 -0.272466 9.104500 -0.152766 0.263136 0.952587 0.043000 0.000000 0.000000 0.000000 1.000000
0.988577 0.070198 0.133370 1.865100 -0.028475 0.955964 -0.292098 9.104500 -0.148002 0.284964 0.947043 0.043000 0.000000 0.000000 0.000000 1.000000
0.989477 0.060511 0.131430 1.865100 -0.017268 0.951245 -0.307954 9.104500 -0.143657 0.302444 0.942279 0.043000 0.000000 0.000000 0.000000 1.000000
0.990089 0.054065 0.129621 1.865100 -0.009976 0.947676 -0.319079 9.104500 -0.140089 0.314623 0.938822 0.043000 0.000000 0.000000 0.000000 1.000000
0.990466 0.051051 0.127951 1.865100 -0.006829 0.945854 -0.324521 9.104500 -0.137590 0.320553 0.937185 0.043000 0.000000 0.000000 0.000000 1.000000
0.990665 0.050909 0.126453 1.865100 -0.007177 0.945839 -0.324557 9.104500 -0.136127 0.320620 0.937375 0.043000 0.000000 0.000000 0.000000 1.000000
0.990785 0.051689 0.125190 1.865100 -0.008687 0.946663 -0.322109 9.104500 -0.135162 0.318054 0.938388 0.043000 0.000000 0.000000 0.000000 1.000000
0.990843 0.053099 0.124138 1.865100 -0.010996 0.948102 -0.317775 9.104500 -0.134569 0.313500 0.940005 0.043000 0.000000 0.000000 0.000000 1.000000
0.990844 0.055101 0.123259 1.865100 -0.014050 0.950056 -0.311765 9.104500 -0.134281 0.307178 0.942131 0.043000 0.000000 0.000000 0.000000 1.000000
0.990791 0.057654 0.122515 1.865100 -0.017795 0.952415 -0.304284 9.104500 -0.134229 0.299301 0.944670 0.043000 0.000000 0.000000 0.000000 1.000000
0.990687 0.060716 0.121869 1.865100 -0.022177 0.955072 -0.295542 9.104500 -0.134338 0.290087 0.947524 0.043000 0.000000 0.000000 0.000000 1.000000
0.990536 0.064248 0.121284 1.865100 -0.027144 0.957920 -0.285750 9.104500 -0.134539 0.279754 0.950598 0.043000 0.000000 0.000000 0.000000 1.000000
0.990340 0.068209 0.120723 1.865100 -0.032641 0.960856 -0.275118 9.104500 -0.134762 0.268520 0.953801 0.043000 0.000000 0.000000 0.000000 1.000000
0.990101 0.072560 0.120149 1.865100 -0.038612 0.963787 -0.263863 9.104500 -0.134944 0.256612 0.957048 0.043000 0.000000 0.000000 0.000000 1.000000
0.989820 0.077261 0.119529 1.865100 -0.044996 0.966628 -0.252200 9.104500 -0.135026 0.244254 0.960265 0.043000 0.000000 0.000000 0.000000 1.000000
0.989500 0.082275 0.118832 1.865100 -0.051732 0.969307 -0.240350 9.104500 -0.134959 0.231679 0.963385 0.043000 0.000000 0.000000 0.000000 1.000000
0.989143 0.087561 0.118024 1.865100 -0.058754 0.971761 -0.228535 9.104500 -0.134702 0.219120 0.966355 0.043000 0.000000 0.000000 0.000000 1.000000
0.988098 0.099735 0.117114 1.865100 -0.073865 0.975445 -0.207488 9.104500 -0.134932 0.196368 0.971202 0.043000 0.000000 0.000000 0.000000 1.000000
0.985533 0.123794 0.115761 1.865100 -0.103083 0.979973 -0.170375 9.104500 -0.134534 0.155977 0.978556 0.043000 0.000000 0.000000 0.000000 1.000000
0.985541 0.126030 0.113248 1.865100 -0.106187 0.980256 -0.166799 9.104500 -0.132034 0.152362 0.979466 0.043000 0.000000 0.000000 0.000000 1.000000
0.987070 0.116484 0.110113 1.865100 -0.095023 0.978460 -0.183267 9.104500 -0.129088 0.170434 0.976877 0.043000 0.000000 0.000000 0.000000 1.000000
0.988363 0.108443 0.106670 1.865100 -0.085013 0.975310 -0.203821 9.104500 -0.126139 0.192380 0.973180 0.043000 0.000000 0.000000 0.000000 1.000000
0.988674 0.109209 0.102944 1.865100 -0.084482 0.971905 -0.219689 9.104500 -0.124044 0.208504 0.970123 0.043000 0.000000 0.000000 0.000000 1.000000
0.988832 0.111677 0.098687 1.865100 -0.086007 0.968403 -0.234092 9.104500 -0.121712 0.222990 0.967193 0.043000 0.000000 0.000000 0.000000 1.000000
0.988953 0.113346 0.095524 1.865100 -0.086964 0.965530 -0.245334 9.104500 -0.120039 0.234316 0.964721 0.043000 0.000000 0.000000 0.000000 1.000000
0.989857 0.106252 0.094311 1.865100 -0.079519 0.964461 -0.251975 9.104500 -0.117732 0.241920 0.963127 0.043000 0.000000 0.000000 0.000000 1.000000
0.991138 0.094010 0.093853 1.865100 -0.067220 0.964322 -0.256057 9.104500 -0.114576 0.247478 0.962095 0.043000 0.000000 0.000000 0.000000 1.000000
0.991685 0.088969 0.092975 1.865100 -0.062095 0.963657 -0.259824 9.104500 -0.112713 0.251890 0.961170 0.043000 0.000000 0.000000 0.000000 1.000000
0.992026 0.086396 0.091763 1.865100 -0.059417 0.962682 -0.264032 9.104500 -0.111150 0.256474 0.960139 0.043000 0.000000 0.000000 0.000000 1.000000
0.992305 0.084563 0.090438 1.865100 -0.057493 0.961612 -0.268323 9.104500 -0.109657 0.261059 0.959074 0.043000 0.000000 0.000000 0.000000 1.000000
0.992525 0.083349 0.089149 1.865100 -0.056205 0.960564 -0.272320 9.104500 -0.108330 0.265274 0.958068 0.043000 0.000000 0.000000 0.000000 1.000000
0.992684 0.082632 0.088042 1.865100 -0.055436 0.959661 -0.275641 9.104500 -0.107267 0.268744 0.957220 0.043000 0.000000 0.000000 0.000000 1.000000
0.992780 0.082290 0.087268 1.865100 -0.055064 0.959027 -0.277911 9.104500 -0.106562 0.271099 0.956635 0.043000 0.000000 0.000000 0.000000 1.000000
0.992813 0.082204 0.086976 1.865100 -0.054966 0.958789 -0.278753 9.104500 -0.106306 0.271969 0.956416 0.043000 0.000000 0.000000 0.000000 1.000000</float_array>
        <technique_common>
          <accessor source="#mixamorig_LeftHandRing1-Matrix-animation-output-transform-array" count="90" stride="16">
            <param type="float4x4"/>
          </accessor>
        </technique_common>
      </source>
      <source id="mixamorig_LeftHandRing1-Interpolations">
        <Name_array id="mixamorig_LeftHandRing1-Interpolations-array" count="90">
 LINEAR LINEAR LINEAR LINEAR LINEAR LINEAR LINEAR LINEAR LINEAR LINEAR LINEAR
LINEAR LINEAR LINEAR LINEAR LINEAR LINEAR LINEAR LINEAR LINEAR LINEAR LINEAR LINEAR
LINEAR LINEAR LINEAR LINEAR LINEAR LINEAR LINEAR LINEAR LINEAR LINEAR LINEAR LINEAR
LINEAR LINEAR LINEAR LINEAR LINEAR LINEAR LINEAR LINEAR LINEAR LINEAR LINEAR LINEAR
LINEAR LINEAR LINEAR LINEAR LINEAR LINEAR LINEAR LINEAR LINEAR LINEAR LINEAR LINEAR
LINEAR LINEAR LINEAR LINEAR LINEAR LINEAR LINEAR LINEAR LINEAR LINEAR LINEAR LINEAR
LINEAR LINEAR LINEAR LINEAR LINEAR LINEAR LINEAR LINEAR LINEAR LINEAR LINEAR LINEAR
LINEAR LINEAR LINEAR LINEAR LINEAR LINEAR LINEAR</Name_array>
        <technique_common>
          <accessor source="#mixamorig_LeftHandRing1-Interpolations-array" count="90">
            <param type="name"/>
          </accessor>
        </technique_common>
      </source>
      <sampler id="mixamorig_LeftHandRing1-Matrix-animation-transform">
        <input semantic="INPUT" source="#mixamorig_LeftHandRing1-Matrix-animation-input"/>
        <input semantic="OUTPUT" source="#mixamorig_LeftHandRing1-Matrix-animation-output-transform"/>
        <input semantic="INTERPOLATION" source="#mixamorig_LeftHandRing1-Interpolations"/>
      </sampler>
      <channel source="#mixamorig_LeftHandRing1-Matrix-animation-transform" target="mixamorig_LeftHandRing1/matrix"/>
    </animation>
    <animation id="mixamorig_LeftHandRing2-anim" name="mixamorig_LeftHandRing2">
      <source id="mixamorig_LeftHandRing2-Matrix-animation-input">
        <float_array id="mixamorig_LeftHandRing2-Matrix-animation-input-array" count="90">

0.000000 0.033333 0.066667 0.100000 0.133333 0.166667 0.200000 0.233333 0.266667 0.300000 0.333333 0.366667 0.400000 0.433333 0.466667 0.500000
0.533333 0.566667 0.600000 0.633333 0.666667 0.700000 0.733333 0.766667 0.800000 0.833333 0.866667 0.900000 0.933333 0.966667 1.000000 1.033333
1.066667 1.100000 1.133333 1.166667 1.200000 1.233333 1.266667 1.300000 1.333333 1.366667 1.400000 1.433333 1.466667 1.500000 1.533333 1.566667
1.600000 1.633333 1.666667 1.700000 1.733333 1.766667 1.800000 1.833333 1.866667 1.900000 1.933333 1.966667 2.000000 2.033333 2.066667 2.100000
2.133333 2.166667 2.200000 2.233333 2.266667 2.300000 2.333333 2.366667 2.400000 2.433333 2.466667 2.500000 2.533333 2.566667 2.600000 2.633333
2.666667 2.700000 2.733333 2.766667 2.800000 2.833333 2.866667 2.900000 2.933333 2.966667</float_array>
        <technique_common>
          <accessor source="#mixamorig_LeftHandRing2-Matrix-animation-input-array" count="90">
            <param name="TIME" type="float"/>
          </accessor>
        </technique_common>
      </source>
      <source id="mixamorig_LeftHandRing2-Matrix-animation-output-transform">
        <float_array id="mixamorig_LeftHandRing2-Matrix-animation-output-transform-array" count="1440">

0.999984 0.005279 -0.002114 0.000000 -0.005627 0.864915 -0.501887 3.150000 -0.000821 0.501891 0.864930 -0.000000 0.000000 0.000000 0.000000 1.000000
0.999984 0.005349 -0.001953 0.000000 -0.005611 0.867127 -0.498056 3.150000 -0.000971 0.498059 0.867143 0.000000 0.000000 0.000000 0.000000 1.000000
0.999984 0.005510 -0.001537 0.000000 -0.005561 0.873327 -0.487103 3.150000 -0.001342 0.487104 0.873343 0.000000 0.000000 0.000000 0.000000 1.000000
0.999984 0.005534 -0.001098 0.000000 -0.005401 0.882782 -0.469751 3.150000 -0.001630 0.469750 0.882798 0.000000 0.000000 0.000000 0.000000 1.000000
0.999985 0.005399 -0.000831 0.000000 -0.005202 0.894676 -0.446686 3.150000 -0.001668 0.446684 0.894690 0.000000 0.000000 0.000000 0.000000 1.000000
0.999986 0.005214 -0.000597 0.000000 -0.004985 0.908157 -0.418599 3.150000 -0.001640 0.418597 0.908171 0.000000 0.000000 0.000000 0.000000 1.000000
0.999988 0.004982 -0.000373 0.000000 -0.004740 0.922396 -0.386217 3.150000 -0.001580 0.386214 0.922408 0.000000 0.000000 0.000000 0.000000 1.000000
0.999989 0.004715 -0.000156 0.000000 -0.004471 0.936617 -0.350325 3.150000 -0.001506 0.350322 0.936628 0.000000 0.000000 0.000000 0.000000 1.000000
0.999990 0.004425 0.000045 -0.000000 -0.004190 0.950146 -0.311776 3.150000 -0.001423 0.311773 0.950156 0.000000 0.000000 0.000000 0.000000 1.000000
0.999991 0.004119 0.000228 0.000000 -0.003902 0.962433 -0.271490 3.150000 -0.001338 0.271487 0.962441 0.000000 0.000000 0.000000 0.000000 1.000000
0.999993 0.003809 0.000387 0.000000 -0.003617 0.973077 -0.230454 3.150000 -0.001255 0.230451 0.973083 0.000000 0.000000 0.000000 0.000000 1.000000
0.999994 0.003503 0.000524 -0.000000 -0.003340 0.981836 -0.189700 3.150000 -0.001180 0.189697 0.981842 0.000000 0.000000 0.000000 0.000000 1.000000
0.999994 0.003539 0.000653 0.000000 -0.003338 0.979973 -0.199102 3.150000 -0.001345 0.199099 0.979979 -0.000000 0.000000 0.000000 0.000000 1.000000
0.999993 0.003717 0.000786 -0.000000 -0.003442 0.973998 -0.226529 3.150000 -0.001607 0.226525 0.974004 0.000000 0.000000 0.000000 0.000000 1.000000
0.999992 0.003980 0.000942 -0.000000 -0.003585 0.963847 -0.266431 3.150000 -0.001968 0.266426 0.963853 -0.000000 0.000000 0.000000 0.000000 1.000000
0.999990 0.004322 0.001101 0.000000 -0.003754 0.948873 -0.315635 3.150000 -0.002409 0.315627 0.948880 -0.000000 0.000000 0.000000 0.000000 1.000000
0.999988 0.004727 0.001232 -0.000000 -0.003933 0.928662 -0.370907 3.150000 -0.002898 0.370898 0.928669 0.000000 0.000000 0.000000 0.000000 1.000000
0.999986 0.005179 0.001317 0.000000 -0.004113 0.903277 -0.429038 3.150000 -0.003412 0.429027 0.903285 0.000000 0.000000 0.000000 0.000000 1.000000
0.999983 0.005625 0.001368 0.000000 -0.004247 0.873411 -0.486965 3.150000 -0.003934 0.486951 0.873420 0.000000 0.000000 0.000000 0.000000 1.000000
0.999981 0.006057 0.001394 -0.000000 -0.004336 0.840432 -0.541899 3.150000 -0.004454 0.541883 0.840442 -0.000000 0.000000 0.000000 0.000000 1.000000
0.999978 0.006456 0.001393 0.000000 -0.004382 0.806338 -0.591438 3.150000 -0.004942 0.591419 0.806349 0.000000 0.000000 0.000000 0.000000 1.000000
0.999976 0.006798 0.001370 -0.000000 -0.004380 0.772359 -0.635171 3.150000 -0.005376 0.635150 0.772370 0.000000 0.000000 0.000000 0.000000 1.000000
0.999973 0.007160 0.001333 -0.000000 -0.004328 0.731443 -0.681889 3.150000 -0.005857 0.681865 0.731455 0.000000 0.000000 0.000000 0.000000 1.000000
0.999971 0.007544 0.001259 0.000000 -0.004225 0.682036 -0.731307 3.150000 -0.006375 0.731280 0.682048 0.000000 0.000000 0.000000 0.000000 1.000000
0.999968 0.007929 0.001141 -0.000000 -0.004073 0.625904 -0.779889 3.150000 -0.006898 0.779860 0.625916 -0.000000 0.000000 0.000000 0.000000 1.000000
0.999965 0.008300 0.000977 -0.000000 -0.003889 0.565555 -0.824702 3.150000 -0.007397 0.824669 0.565567 0.000000 0.000000 0.000000 0.000000 1.000000
0.999962 0.008636 0.000774 0.000000 -0.003685 0.504166 -0.863599 3.150000 -0.007848 0.863564 0.504179 -0.000000 0.000000 0.000000 0.000000 1.000000
0.999960 0.008924 0.000547 0.000000 -0.003486 0.445423 -0.895314 3.150000 -0.008233 0.895276 0.445436 -0.000000 0.000000 0.000000 0.000000 1.000000
0.999958 0.009150 0.000306 0.000000 -0.003318 0.393305 -0.919402 3.150000 -0.008533 0.919363 0.393319 0.000000 0.000000 0.000000 0.000000 1.000000
0.999957 0.009300 0.000076 0.000000 -0.003202 0.351875 -0.936041 3.150000 -0.008732 0.936001 0.351890 0.000000 0.000000 0.000000 0.000000 1.000000
0.999956 0.009374 -0.000117 0.000000 -0.003158 0.325106 -0.945672 3.150000 -0.008827 0.945631 0.325121 0.000000 0.000000 0.000000 0.000000 1.000000
0.999956 0.009413 -0.000244 -0.000000 -0.003213 0.316746 -0.948505 3.150000 -0.008851 0.948464 0.316762 -0.000000 0.000000 0.000000 0.000000 1.000000
0.999957 0.009323 -0.000282 0.000000 -0.003337 0.329350 -0.944202 3.150000 -0.008709 0.944162 0.329367 0.000000 0.000000 0.000000 0.000000 1.000000
0.999959 0.009083 -0.000250 0.000000 -0.003543 0.364354 -0.931254 3.150000 -0.008367 0.931216 0.364371 0.000000 0.000000 0.000000 0.000000 1.000000
0.999962 0.008717 -0.000196 0.000000 -0.003831 0.419016 -0.907971 3.150000 -0.007833 0.907937 0.419033 0.000000 0.000000 0.000000 0.000000 1.000000
0.999966 0.008260 -0.000157 0.000000 -0.004172 0.488406 -0.872606 3.150000 -0.007131 0.872577 0.488424 0.000000 0.000000 0.000000 0.000000 1.000000
0.999970 0.007733 -0.000180 -0.000000 -0.004534 0.567134 -0.823613 3.150000 -0.006266 0.823589 0.567152 -0.000000 0.000000 0.000000 0.000000 1.000000
0.999974 0.007171 -0.000298 -0.000000 -0.004885 0.649572 -0.760285 3.150000 -0.005258 0.760266 0.649590 0.000000 0.000000 0.000000 0.000000 1.000000
0.999978 0.006561 -0.000470 0.000000 -0.005112 0.730216 -0.683198 3.150000 -0.004139 0.683185 0.730233 0.000000 0.000000 0.000000 0.000000 1.000000
0.999982 0.005904 -0.000690 0.000000 -0.005158 0.804156 -0.594396 3.150000 -0.002954 0.594389 0.804172 -0.000000 0.000000 0.000000 0.000000 1.000000
0.999986 0.005263 -0.000993 0.000000 -0.005060 0.867547 -0.497330 3.150000 -0.001755 0.497328 0.867561 0.000000 0.000000 0.000000 0.000000 1.000000
0.999988 0.004666 -0.001364 -0.000000 -0.004824 0.917997 -0.396559 3.150000 -0.000598 0.396561 0.918008 0.000000 0.000000 0.000000 0.000000 1.000000
0.999990 0.004136 -0.001774 0.000000 -0.004477 0.954771 -0.297310 3.150000 0.000464 0.297315 0.954779 0.000000 0.000000 0.000000 0.000000 1.000000
0.999991 0.003681 -0.002147 0.000000 -0.004043 0.978753 -0.205002 3.150000 0.001347 0.205009 0.978759 0.000000 0.000000 0.000000 0.000000 1.000000
0.999991 0.003314 -0.002477 0.000000 -0.003597 0.992171 -0.124833 3.150000 0.002043 0.124841 0.992175 0.000000 0.000000 0.000000 0.000000 1.000000
0.999992 0.003042 -0.002744 0.000000 -0.003205 0.998100 -0.061538 3.150000 0.002551 0.061546 0.998101 0.000000 0.000000 0.000000 0.000000 1.000000
0.999992 0.002865 -0.002879 0.000000 -0.002922 0.999792 -0.020199 3.150000 0.002821 0.020207 0.999792 -0.000000 0.000000 0.000000 0.000000 1.000000
0.999992 0.002783 -0.002909 -0.000000 -0.002790 0.999993 -0.002560 3.150000 0.002902 0.002568 0.999992 -0.000000 0.000000 0.000000 0.000000 1.000000
0.999992 0.002760 -0.002888 0.000000 -0.002765 0.999995 -0.001522 3.150000 0.002884 0.001530 0.999995 -0.000000 0.000000 0.000000 0.000000 1.000000
0.999992 0.002778 -0.002854 0.000000 -0.002810 0.999934 -0.011153 3.150000 0.002823 0.011161 0.999934 -0.000000 0.000000 0.000000 0.000000 1.000000
0.999992 0.002816 -0.002816 0.000000 -0.002889 0.999646 -0.026433 3.150000 0.002741 0.026441 0.999647 -0.000000 0.000000 0.000000 0.000000 1.000000
0.999992 0.002869 -0.002777 0.000000 -0.002994 0.998930 -0.046152 3.150000 0.002642 0.046160 0.998931 0.000000 0.000000 0.000000 0.000000 1.000000
0.999992 0.002933 -0.002737 0.000000 -0.003115 0.997605 -0.069102 3.150000 0.002527 0.069110 0.997606 0.000000 0.000000 0.000000 0.000000 1.000000
0.999992 0.003002 -0.002696 -0.000000 -0.003242 0.995560 -0.094074 3.150000 0.002402 0.094082 0.995562 0.000000 0.000000 0.000000 0.000000 1.000000
0.999992 0.003074 -0.002654 0.000000 -0.003370 0.992786 -0.119852 3.150000 0.002267 0.119860 0.992788 0.000000 0.000000 0.000000 0.000000 1.000000
0.999992 0.003144 -0.002613 0.000000 -0.003490 0.989391 -0.145233 3.150000 0.002129 0.145240 0.989394 -0.000000 0.000000 0.000000 0.000000 1.000000
0.999992 0.003209 -0.002568 0.000000 -0.003597 0.985605 -0.169027 3.150000 0.001989 0.169035 0.985608 0.000000 0.000000 0.000000 0.000000 1.000000
0.999991 0.003265 -0.002520 0.000000 -0.003685 0.981764 -0.190067 3.150000 0.001854 0.190075 0.981768 0.000000 0.000000 0.000000 0.000000 1.000000
0.999991 0.003311 -0.002465 0.000000 -0.003750 0.978290 -0.207207 3.150000 0.001726 0.207215 0.978294 0.000000 0.000000 0.000000 0.000000 1.000000
0.999992 0.003343 -0.002401 0.000000 -0.003788 0.975646 -0.219320 3.150000 0.001609 0.219328 0.975650 0.000000 0.000000 0.000000 0.000000 1.000000
0.999992 0.003359 -0.002326 -0.000000 -0.003796 0.974286 -0.225282 3.150000 0.001509 0.225289 0.974291 0.000000 0.000000 0.000000 0.000000 1.000000
0.999992 0.003359 -0.002239 0.000000 -0.003777 0.974256 -0.225411 3.150000 0.001424 0.225418 0.974261 0.000000 0.000000 0.000000 0.000000 1.000000
0.999992 0.003350 -0.002147 0.000000 -0.003744 0.974776 -0.223156 3.150000 0.001346 0.223162 0.974780 0.000000 0.000000 0.000000 0.000000 1.000000
0.999992 0.003336 -0.002055 -0.000000 -0.003705 0.975645 -0.219324 3.150000 0.001273 0.219330 0.975650 0.000000 0.000000 0.000000 0.000000 1.000000
0.999993 0.003318 -0.001962 0.000000 -0.003661 0.976768 -0.214270 3.150000 0.001205 0.214275 0.976773 0.000000 0.000000 0.000000 0.000000 1.000000
0.999993 0.003297 -0.001866 0.000000 -0.003614 0.978047 -0.208353 3.150000 0.001138 0.208359 0.978052 0.000000 0.000000 0.000000 0.000000 1.000000
0.999993 0.003277 -0.001773 0.000000 -0.003568 0.979393 -0.201931 3.150000 0.001075 0.201936 0.979398 0.000000 0.000000 0.000000 0.000000 1.000000
0.999993 0.003257 -0.001680 -0.000000 -0.003523 0.980724 -0.195364 3.150000 0.001012 0.195369 0.980729 0.000000 0.000000 0.000000 0.000000 1.000000
0.999993 0.003240 -0.001590 -0.000000 -0.003482 0.981968 -0.189016 3.150000 0.000949 0.189021 0.981973 -0.000000 0.000000 0.000000 0.000000 1.000000
0.999994 0.003227 -0.001501 0.000000 -0.003448 0.983060 -0.183250 3.150000 0.000885 0.183254 0.983065 0.000000 0.000000 0.000000 0.000000 1.000000
0.999994 0.003220 -0.001416 0.000000 -0.003421 0.983946 -0.178433 3.150000 0.000819 0.178437 0.983951 0.000000 0.000000 0.000000 0.000000 1.000000
0.999994 0.003220 -0.001335 0.000000 -0.003404 0.984575 -0.174931 3.150000 0.000751 0.174935 0.984580 0.000000 0.000000 0.000000 0.000000 1.000000
0.999994 0.003230 -0.001257 0.000000 -0.003399 0.984897 -0.173110 3.150000 0.000679 0.173114 0.984902 0.000000 0.000000 0.000000 0.000000 1.000000
0.999994 0.003324 -0.001222 0.000000 -0.003492 0.982950 -0.183841 3.150000 0.000590 0.183844 0.982955 0.000000 0.000000 0.000000 0.000000 1.000000
0.999993 0.003599 -0.001283 0.000000 -0.003794 0.975168 -0.221436 3.150000 0.000455 0.221439 0.975174 -0.000000 0.000000 0.000000 0.000000 1.000000
0.999992 0.003790 -0.001290 0.000000 -0.003990 0.969680 -0.244346 3.150000 0.000324 0.244349 0.969687 0.000000 0.000000 0.000000 0.000000 1.000000
0.999991 0.003936 -0.001254 0.000000 -0.004127 0.966014 -0.258456 3.150000 0.000194 0.258459 0.966022 0.000000 0.000000 0.000000 0.000000 1.000000
0.999991 0.004040 -0.001215 0.000000 -0.004218 0.963295 -0.268411 3.150000 0.000086 0.268414 0.963304 0.000000 0.000000 0.000000 0.000000 1.000000
0.999991 0.004076 -0.001188 0.000000 -0.004246 0.961709 -0.274041 3.150000 0.000025 0.274044 0.961717 0.000000 0.000000 0.000000 0.000000 1.000000
0.999991 0.004063 -0.001173 0.000000 -0.004229 0.961527 -0.274677 3.150000 0.000012 0.274680 0.961536 0.000000 0.000000 0.000000 0.000000 1.000000
0.999991 0.004033 -0.001178 0.000000 -0.004202 0.960512 -0.278208 3.150000 0.000010 0.278211 0.960520 -0.000000 0.000000 0.000000 0.000000 1.000000
0.999991 0.004031 -0.001259 0.000000 -0.004223 0.953940 -0.299968 3.150000 -0.000008 0.299971 0.953948 -0.000000 0.000000 0.000000 0.000000 1.000000
0.999991 0.004089 -0.001398 0.000000 -0.004321 0.942703 -0.333606 3.150000 -0.000047 0.333609 0.942711 0.000000 0.000000 0.000000 0.000000 1.000000
0.999990 0.004224 -0.001508 -0.000000 -0.004483 0.932247 -0.361795 3.150000 -0.000122 0.361798 0.932257 -0.000000 0.000000 0.000000 0.000000 1.000000
0.999989 0.004425 -0.001629 0.000000 -0.004709 0.919918 -0.392084 3.150000 -0.000236 0.392087 0.919928 0.000000 0.000000 0.000000 0.000000 1.000000
0.999988 0.004656 -0.001760 -0.000000 -0.004964 0.905744 -0.423796 3.150000 -0.000379 0.423800 0.905756 0.000000 0.000000 0.000000 0.000000 1.000000
0.999986 0.004887 -0.001891 -0.000000 -0.005213 0.891170 -0.453640 3.150000 -0.000532 0.453643 0.891183 0.000000 0.000000 0.000000 0.000000 1.000000
0.999985 0.005086 -0.002004 0.000000 -0.005425 0.878056 -0.478528 3.150000 -0.000674 0.478532 0.878070 0.000000 0.000000 0.000000 0.000000 1.000000
0.999984 0.005227 -0.002084 -0.000000 -0.005573 0.868558 -0.495556 3.150000 -0.000780 0.495560 0.868574 0.000000 0.000000 0.000000 0.000000 1.000000
0.999984 0.005280 -0.002114 0.000000 -0.005628 0.864915 -0.501887 3.150000 -0.000821 0.501891 0.864930 0.000000 0.000000 0.000000 0.000000 1.000000</float_array>
        <technique_common>
          <accessor source="#mixamorig_LeftHandRing2-Matrix-animation-output-transform-array" count="90" stride="16">
            <param type="float4x4"/>
          </accessor>
        </technique_common>
      </source>
      <source id="mixamorig_LeftHandRing2-Interpolations">
        <Name_array id="mixamorig_LeftHandRing2-Interpolations-array" count="90">
 LINEAR LINEAR LINEAR LINEAR LINEAR LINEAR LINEAR LINEAR LINEAR LINEAR LINEAR
LINEAR LINEAR LINEAR LINEAR LINEAR LINEAR LINEAR LINEAR LINEAR LINEAR LINEAR LINEAR
LINEAR LINEAR LINEAR LINEAR LINEAR LINEAR LINEAR LINEAR LINEAR LINEAR LINEAR LINEAR
LINEAR LINEAR LINEAR LINEAR LINEAR LINEAR LINEAR LINEAR LINEAR LINEAR LINEAR LINEAR
LINEAR LINEAR LINEAR LINEAR LINEAR LINEAR LINEAR LINEAR LINEAR LINEAR LINEAR LINEAR
LINEAR LINEAR LINEAR LINEAR LINEAR LINEAR LINEAR LINEAR LINEAR LINEAR LINEAR LINEAR
LINEAR LINEAR LINEAR LINEAR LINEAR LINEAR LINEAR LINEAR LINEAR LINEAR LINEAR LINEAR
LINEAR LINEAR LINEAR LINEAR LINEAR LINEAR LINEAR</Name_array>
        <technique_common>
          <accessor source="#mixamorig_LeftHandRing2-Interpolations-array" count="90">
            <param type="name"/>
          </accessor>
        </technique_common>
      </source>
      <sampler id="mixamorig_LeftHandRing2-Matrix-animation-transform">
        <input semantic="INPUT" source="#mixamorig_LeftHandRing2-Matrix-animation-input"/>
        <input semantic="OUTPUT" source="#mixamorig_LeftHandRing2-Matrix-animation-output-transform"/>
        <input semantic="INTERPOLATION" source="#mixamorig_LeftHandRing2-Interpolations"/>
      </sampler>
      <channel source="#mixamorig_LeftHandRing2-Matrix-animation-transform" target="mixamorig_LeftHandRing2/matrix"/>
    </animation>
    <animation id="mixamorig_LeftHandRing3-anim" name="mixamorig_LeftHandRing3">
      <source id="mixamorig_LeftHandRing3-Matrix-animation-input">
        <float_array id="mixamorig_LeftHandRing3-Matrix-animation-input-array" count="90">

0.000000 0.033333 0.066667 0.100000 0.133333 0.166667 0.200000 0.233333 0.266667 0.300000 0.333333 0.366667 0.400000 0.433333 0.466667 0.500000
0.533333 0.566667 0.600000 0.633333 0.666667 0.700000 0.733333 0.766667 0.800000 0.833333 0.866667 0.900000 0.933333 0.966667 1.000000 1.033333
1.066667 1.100000 1.133333 1.166667 1.200000 1.233333 1.266667 1.300000 1.333333 1.366667 1.400000 1.433333 1.466667 1.500000 1.533333 1.566667
1.600000 1.633333 1.666667 1.700000 1.733333 1.766667 1.800000 1.833333 1.866667 1.900000 1.933333 1.966667 2.000000 2.033333 2.066667 2.100000
2.133333 2.166667 2.200000 2.233333 2.266667 2.300000 2.333333 2.366667 2.400000 2.433333 2.466667 2.500000 2.533333 2.566667 2.600000 2.633333
2.666667 2.700000 2.733333 2.766667 2.800000 2.833333 2.866667 2.900000 2.933333 2.966667</float_array>
        <technique_common>
          <accessor source="#mixamorig_LeftHandRing3-Matrix-animation-input-array" count="90">
            <param name="TIME" type="float"/>
          </accessor>
        </technique_common>
      </source>
      <source id="mixamorig_LeftHandRing3-Matrix-animation-output-transform">
        <float_array id="mixamorig_LeftHandRing3-Matrix-animation-output-transform-array" count="1440">

0.999872 0.015385 -0.004300 0.000000 -0.014293 0.741424 -0.670884 2.950000 -0.007133 0.670860 0.741550 0.000000 0.000000 0.000000 0.000000 1.000000
0.999873 0.015426 -0.004000 0.000000 -0.014317 0.759269 -0.650620 2.950000 -0.006999 0.650595 0.759393 0.000000 0.000000 0.000000 0.000000 1.000000
0.999877 0.015241 -0.003656 0.000000 -0.014351 0.796429 -0.604562 2.950000 -0.006302 0.604541 0.796549 0.000000 0.000000 0.000000 0.000000 1.000000
0.999882 0.014982 -0.003327 -0.000000 -0.014298 0.830660 -0.556596 2.950000 -0.005576 0.556578 0.830776 0.000000 0.000000 0.000000 0.000000 1.000000
0.999886 0.014751 -0.003113 0.000000 -0.014182 0.850278 -0.526143 2.950000 -0.005114 0.526127 0.850391 0.000000 0.000000 0.000000 0.000000 1.000000
0.999891 0.014471 -0.002897 0.000000 -0.014038 0.872110 -0.489109 2.950000 -0.004551 0.489097 0.872218 -0.000000 0.000000 0.000000 0.000000 1.000000
0.999896 0.014186 -0.002612 -0.000000 -0.013862 0.894946 -0.445959 2.950000 -0.003988 0.445949 0.895050 0.000000 0.000000 0.000000 0.000000 1.000000
0.999901 0.013850 -0.002320 -0.000000 -0.013630 0.917439 -0.397643 2.950000 -0.003379 0.397635 0.917537 -0.000000 0.000000 0.000000 0.000000 1.000000
0.999907 0.013480 -0.002016 0.000000 -0.013347 0.938408 -0.345271 2.950000 -0.002762 0.345266 0.938501 0.000000 0.000000 0.000000 0.000000 1.000000
0.999913 0.013084 -0.001719 -0.000000 -0.013020 0.956903 -0.290115 2.950000 -0.002151 0.290112 0.956990 0.000000 0.000000 0.000000 0.000000 1.000000
0.999919 0.012677 -0.001436 -0.000000 -0.012662 0.972255 -0.233581 2.950000 -0.001565 0.233580 0.972336 0.000000 0.000000 0.000000 0.000000 1.000000
0.999924 0.012297 -0.001172 0.000000 -0.012310 0.984102 -0.177179 2.950000 -0.001025 0.177180 0.984178 -0.000000 0.000000 0.000000 0.000000 1.000000
0.999924 0.012255 -0.001194 0.000000 -0.012270 0.983497 -0.180506 2.950000 -0.001038 0.180507 0.983573 0.000000 0.000000 0.000000 0.000000 1.000000
0.999923 0.012322 -0.001318 0.000000 -0.012329 0.978570 -0.205544 2.950000 -0.001243 0.205544 0.978647 -0.000000 0.000000 0.000000 0.000000 1.000000
0.999921 0.012465 -0.001523 0.000000 -0.012457 0.969276 -0.245658 2.950000 -0.001586 0.245658 0.969355 -0.000000 0.000000 0.000000 0.000000 1.000000
0.999918 0.012684 -0.001794 0.000000 -0.012645 0.954785 -0.297028 2.950000 -0.002054 0.297026 0.954867 0.000000 0.000000 0.000000 0.000000 1.000000
0.999914 0.012937 -0.002129 0.000000 -0.012848 0.934501 -0.355728 2.950000 -0.002613 0.355725 0.934587 0.000000 0.000000 0.000000 0.000000 1.000000
0.999910 0.013192 -0.002509 -0.000000 -0.013034 0.908420 -0.417855 2.950000 -0.003233 0.417850 0.908510 -0.000000 0.000000 0.000000 0.000000 1.000000
0.999906 0.013431 -0.002918 0.000000 -0.013184 0.877348 -0.479674 2.950000 -0.003882 0.479667 0.877442 0.000000 0.000000 0.000000 0.000000 1.000000
0.999901 0.013637 -0.003334 -0.000000 -0.013290 0.842965 -0.537805 2.950000 -0.004524 0.537796 0.843063 -0.000000 0.000000 0.000000 0.000000 1.000000
0.999898 0.013804 -0.003731 0.000000 -0.013351 0.807761 -0.589358 2.950000 -0.005122 0.589348 0.807863 -0.000000 0.000000 0.000000 0.000000 1.000000
0.999895 0.013930 -0.004101 0.000000 -0.013375 0.773464 -0.633699 2.950000 -0.005656 0.633687 0.773569 0.000000 0.000000 0.000000 0.000000 1.000000
0.999891 0.014068 -0.004497 0.000000 -0.013369 0.732672 -0.680450 2.950000 -0.006278 0.680436 0.732780 0.000000 0.000000 0.000000 0.000000 1.000000
0.999887 0.014207 -0.004943 -0.000000 -0.013321 0.683637 -0.729701 2.950000 -0.006988 0.729684 0.683749 -0.000000 0.000000 0.000000 0.000000 1.000000
0.999883 0.014303 -0.005444 0.000000 -0.013221 0.628115 -0.778008 2.950000 -0.007709 0.777989 0.628230 0.000000 0.000000 0.000000 0.000000 1.000000
0.999879 0.014340 -0.005975 0.000000 -0.013070 0.568579 -0.822525 2.950000 -0.008398 0.822504 0.568697 -0.000000 0.000000 0.000000 0.000000 1.000000
0.999876 0.014317 -0.006501 0.000000 -0.012876 0.508153 -0.861171 2.950000 -0.009026 0.861148 0.508274 0.000000 0.000000 0.000000 0.000000 1.000000
0.999874 0.014292 -0.006964 0.000000 -0.012657 0.450448 -0.892713 2.950000 -0.009622 0.892688 0.450572 0.000000 0.000000 0.000000 0.000000 1.000000
0.999871 0.014251 -0.007357 -0.000000 -0.012437 0.399362 -0.916709 2.950000 -0.010126 0.916682 0.399488 0.000000 0.000000 0.000000 0.000000 1.000000
0.999870 0.014207 -0.007659 -0.000000 -0.012248 0.358869 -0.933308 2.950000 -0.010511 0.933280 0.358996 0.000000 0.000000 0.000000 0.000000 1.000000
0.999869 0.014136 -0.007862 0.000000 -0.012120 0.332854 -0.942901 2.950000 -0.010712 0.942873 0.332981 0.000000 0.000000 0.000000 0.000000 1.000000
0.999869 0.014106 -0.007923 0.000000 -0.012078 0.324983 -0.945643 2.950000 -0.010765 0.945615 0.325111 0.000000 0.000000 0.000000 0.000000 1.000000
0.999869 0.014145 -0.007825 0.000000 -0.012144 0.337856 -0.941119 2.950000 -0.010669 0.941091 0.337984 0.000000 0.000000 0.000000 0.000000 1.000000
0.999870 0.014223 -0.007551 -0.000000 -0.012316 0.373331 -0.927616 2.950000 -0.010375 0.927589 0.373458 -0.000000 0.000000 0.000000 0.000000 1.000000
0.999873 0.014276 -0.007129 -0.000000 -0.012562 0.428711 -0.903354 2.950000 -0.009840 0.903329 0.428835 0.000000 0.000000 0.000000 0.000000 1.000000
0.999876 0.014308 -0.006574 -0.000000 -0.012837 0.498924 -0.866551 2.950000 -0.009119 0.866528 0.499046 0.000000 0.000000 0.000000 0.000000 1.000000
0.999880 0.014297 -0.005906 0.000000 -0.013088 0.578414 -0.815639 2.950000 -0.008245 0.815618 0.578532 0.000000 0.000000 0.000000 0.000000 1.000000
0.999886 0.014209 -0.005163 -0.000000 -0.013271 0.661380 -0.749934 2.950000 -0.007241 0.749917 0.661493 0.000000 0.000000 0.000000 0.000000 1.000000
0.999892 0.014007 -0.004404 -0.000000 -0.013348 0.742164 -0.670085 2.950000 -0.006118 0.670072 0.742271 0.000000 0.000000 0.000000 0.000000 1.000000
0.999899 0.013724 -0.003631 0.000000 -0.013296 0.815738 -0.578269 2.950000 -0.004974 0.578259 0.815838 0.000000 0.000000 0.000000 0.000000 1.000000
0.999907 0.013350 -0.002895 -0.000000 -0.013110 0.878205 -0.478104 2.950000 -0.003841 0.478097 0.878298 0.000000 0.000000 0.000000 0.000000 1.000000
0.999914 0.012909 -0.002226 -0.000000 -0.012804 0.927207 -0.374331 2.950000 -0.002769 0.374328 0.927292 0.000000 0.000000 0.000000 0.000000 1.000000
0.999921 0.012428 -0.001648 0.000000 -0.012407 0.962117 -0.272354 2.950000 -0.001800 0.272353 0.962196 0.000000 0.000000 0.000000 0.000000 1.000000
0.999928 0.011943 -0.001172 0.000000 -0.011962 0.984009 -0.177719 2.950000 -0.000969 0.177720 0.984081 0.000000 0.000000 0.000000 0.000000 1.000000
0.999934 0.011498 -0.000805 0.000000 -0.011522 0.995343 -0.095704 2.950000 -0.000299 0.095707 0.995410 0.000000 0.000000 0.000000 0.000000 1.000000
0.999938 0.011131 -0.000544 0.000000 -0.011142 0.999455 -0.031069 2.950000 0.000198 0.031073 0.999517 0.000000 0.000000 0.000000 0.000000 1.000000
0.999941 0.010885 -0.000383 -0.000000 -0.010880 0.999879 0.011123 2.950000 0.000504 -0.011118 0.999938 0.000000 0.000000 0.000000 0.000000 1.000000
0.999942 0.010791 -0.000327 0.000000 -0.010777 0.999517 0.029157 2.950000 0.000641 -0.029151 0.999575 -0.000000 0.000000 0.000000 0.000000 1.000000
0.999942 0.010806 -0.000331 0.000000 -0.010791 0.999487 0.030159 2.950000 0.000657 -0.030154 0.999545 -0.000000 0.000000 0.000000 0.000000 1.000000
0.999941 0.010883 -0.000366 -0.000000 -0.010873 0.999739 0.020116 2.950000 0.000584 -0.020111 0.999798 0.000000 0.000000 0.000000 0.000000 1.000000
0.999939 0.010992 -0.000418 -0.000000 -0.010990 0.999931 0.004238 2.950000 0.000465 -0.004233 0.999991 0.000000 0.000000 0.000000 0.000000 1.000000
0.999938 0.011123 -0.000486 0.000000 -0.011130 0.999806 -0.016241 2.950000 0.000305 0.016245 0.999868 0.000000 0.000000 0.000000 0.000000 1.000000
0.999936 0.011267 -0.000568 -0.000000 -0.011281 0.999133 -0.040074 2.950000 0.000116 0.040078 0.999197 -0.000000 0.000000 0.000000 0.000000 1.000000
0.999935 0.011416 -0.000660 -0.000000 -0.011434 0.997753 -0.066010 2.950000 -0.000095 0.066013 0.997819 0.000000 0.000000 0.000000 0.000000 1.000000
0.999933 0.011561 -0.000759 -0.000000 -0.011581 0.995618 -0.092795 2.950000 -0.000318 0.092797 0.995685 0.000000 0.000000 0.000000 0.000000 1.000000
0.999931 0.011695 -0.000859 0.000000 -0.011714 0.992804 -0.119176 2.950000 -0.000541 0.119178 0.992873 0.000000 0.000000 0.000000 0.000000 1.000000
0.999930 0.011814 -0.000956 0.000000 -0.011829 0.989519 -0.143920 2.950000 -0.000755 0.143921 0.989589 0.000000 0.000000 0.000000 0.000000 1.000000
0.999928 0.011915 -0.001044 0.000000 -0.011923 0.986086 -0.165806 2.950000 -0.000946 0.165807 0.986158 0.000000 0.000000 0.000000 0.000000 1.000000
0.999927 0.011996 -0.001117 0.000000 -0.011997 0.982920 -0.183642 2.950000 -0.001105 0.183642 0.982992 0.000000 0.000000 0.000000 0.000000 1.000000
0.999927 0.012054 -0.001170 0.000000 -0.012049 0.980480 -0.196248 2.950000 -0.001218 0.196248 0.980554 0.000000 0.000000 0.000000 0.000000 1.000000
0.999926 0.012088 -0.001196 -0.000000 -0.012080 0.979218 -0.202452 2.950000 -0.001276 0.202451 0.979291 0.000000 0.000000 0.000000 0.000000 1.000000
0.999926 0.012102 -0.001203 0.000000 -0.012094 0.979100 -0.203018 2.950000 -0.001279 0.203017 0.979174 0.000000 0.000000 0.000000 0.000000 1.000000
0.999926 0.012110 -0.001217 0.000000 -0.012106 0.979190 -0.202585 2.950000 -0.001262 0.202585 0.979264 0.000000 0.000000 0.000000 0.000000 1.000000
0.999926 0.012117 -0.001237 0.000000 -0.012118 0.979341 -0.201850 2.950000 -0.001234 0.201850 0.979416 -0.000000 0.000000 0.000000 0.000000 1.000000
0.999926 0.012123 -0.001268 0.000000 -0.012130 0.979540 -0.200881 2.950000 -0.001194 0.200882 0.979615 0.000000 0.000000 0.000000 0.000000 1.000000
0.999926 0.012128 -0.001303 0.000000 -0.012144 0.979772 -0.199748 2.950000 -0.001146 0.199749 0.979846 0.000000 0.000000 0.000000 0.000000 1.000000
0.999925 0.012134 -0.001340 0.000000 -0.012158 0.980022 -0.198520 2.950000 -0.001096 0.198521 0.980096 0.000000 0.000000 0.000000 0.000000 1.000000
0.999925 0.012140 -0.001378 0.000000 -0.012174 0.980275 -0.197265 2.950000 -0.001044 0.197267 0.980349 -0.000000 0.000000 0.000000 0.000000 1.000000
0.999925 0.012150 -0.001415 -0.000000 -0.012191 0.980518 -0.196053 2.950000 -0.000994 0.196056 0.980592 0.000000 0.000000 0.000000 0.000000 1.000000
0.999925 0.012162 -0.001449 0.000000 -0.012212 0.980737 -0.194953 2.950000 -0.000950 0.194956 0.980811 0.000000 0.000000 0.000000 0.000000 1.000000
0.999925 0.012178 -0.001477 0.000000 -0.012233 0.980918 -0.194035 2.950000 -0.000914 0.194039 0.980993 0.000000 0.000000 0.000000 0.000000 1.000000
0.999924 0.012198 -0.001497 0.000000 -0.012258 0.981050 -0.193368 2.950000 -0.000890 0.193372 0.981125 -0.000000 0.000000 0.000000 0.000000 1.000000
0.999924 0.012225 -0.001508 0.000000 -0.012287 0.981118 -0.193022 2.950000 -0.000880 0.193025 0.981193 0.000000 0.000000 0.000000 0.000000 1.000000
0.999923 0.012339 -0.001532 -0.000000 -0.012390 0.978428 -0.206216 2.950000 -0.001046 0.206219 0.978505 -0.000000 0.000000 0.000000 0.000000 1.000000
0.999919 0.012654 -0.001625 0.000000 -0.012653 0.967404 -0.252921 2.950000 -0.001629 0.252921 0.967486 0.000000 0.000000 0.000000 0.000000 1.000000
0.999915 0.012894 -0.001720 -0.000000 -0.012848 0.958317 -0.285419 2.950000 -0.002032 0.285417 0.958401 0.000000 0.000000 0.000000 0.000000 1.000000
0.999913 0.013093 -0.001815 0.000000 -0.013013 0.950904 -0.309212 2.950000 -0.002322 0.309209 0.950991 0.000000 0.000000 0.000000 0.000000 1.000000
0.999910 0.013274 -0.001911 0.000000 -0.013161 0.943987 -0.329719 2.950000 -0.002573 0.329714 0.944077 0.000000 0.000000 0.000000 0.000000 1.000000
0.999908 0.013423 -0.001993 -0.000000 -0.013283 0.938077 -0.346171 2.950000 -0.002777 0.346165 0.938169 0.000000 0.000000 0.000000 0.000000 1.000000
0.999906 0.013535 -0.002056 0.000000 -0.013379 0.934171 -0.356576 2.950000 -0.002905 0.356570 0.934264 -0.000000 0.000000 0.000000 0.000000 1.000000
0.999904 0.013689 -0.002168 0.000000 -0.013505 0.927126 -0.374505 2.950000 -0.003116 0.374499 0.927222 0.000000 0.000000 0.000000 0.000000 1.000000
0.999900 0.013918 -0.002368 0.000000 -0.013672 0.912769 -0.408248 2.950000 -0.003520 0.408240 0.912868 -0.000000 0.000000 0.000000 0.000000 1.000000
0.999896 0.014166 -0.002615 -0.000000 -0.013836 0.893927 -0.448000 2.950000 -0.004009 0.447989 0.894030 0.000000 0.000000 0.000000 0.000000 1.000000
0.999892 0.014402 -0.002869 0.000000 -0.013986 0.874434 -0.484944 2.950000 -0.004476 0.484931 0.874541 0.000000 0.000000 0.000000 0.000000 1.000000
0.999888 0.014656 -0.003168 0.000000 -0.014130 0.850276 -0.526147 2.950000 -0.005017 0.526132 0.850388 0.000000 0.000000 0.000000 0.000000 1.000000
0.999883 0.014899 -0.003489 0.000000 -0.014238 0.822321 -0.568846 2.950000 -0.005606 0.568829 0.822436 -0.000000 0.000000 0.000000 0.000000 1.000000
0.999879 0.015105 -0.003797 0.000000 -0.014297 0.793475 -0.608434 2.950000 -0.006178 0.608415 0.793595 0.000000 0.000000 0.000000 0.000000 1.000000
0.999875 0.015258 -0.004056 0.000000 -0.014311 0.767482 -0.640911 2.950000 -0.006666 0.640889 0.767604 -0.000000 0.000000 0.000000 0.000000 1.000000
0.999873 0.015351 -0.004234 0.000000 -0.014301 0.748650 -0.662811 2.950000 -0.007005 0.662787 0.748775 0.000000 0.000000 0.000000 0.000000 1.000000
0.999872 0.015385 -0.004300 -0.000000 -0.014293 0.741424 -0.670884 2.950000 -0.007133 0.670860 0.741549 0.000000 0.000000 0.000000 0.000000 1.000000</float_array>
        <technique_common>
          <accessor source="#mixamorig_LeftHandRing3-Matrix-animation-output-transform-array" count="90" stride="16">
            <param type="float4x4"/>
          </accessor>
        </technique_common>
      </source>
      <source id="mixamorig_LeftHandRing3-Interpolations">
        <Name_array id="mixamorig_LeftHandRing3-Interpolations-array" count="90">
 LINEAR LINEAR LINEAR LINEAR LINEAR LINEAR LINEAR LINEAR LINEAR LINEAR LINEAR
LINEAR LINEAR LINEAR LINEAR LINEAR LINEAR LINEAR LINEAR LINEAR LINEAR LINEAR LINEAR
LINEAR LINEAR LINEAR LINEAR LINEAR LINEAR LINEAR LINEAR LINEAR LINEAR LINEAR LINEAR
LINEAR LINEAR LINEAR LINEAR LINEAR LINEAR LINEAR LINEAR LINEAR LINEAR LINEAR LINEAR
LINEAR LINEAR LINEAR LINEAR LINEAR LINEAR LINEAR LINEAR LINEAR LINEAR LINEAR LINEAR
LINEAR LINEAR LINEAR LINEAR LINEAR LINEAR LINEAR LINEAR LINEAR LINEAR LINEAR LINEAR
LINEAR LINEAR LINEAR LINEAR LINEAR LINEAR LINEAR LINEAR LINEAR LINEAR LINEAR LINEAR
LINEAR LINEAR LINEAR LINEAR LINEAR LINEAR LINEAR</Name_array>
        <technique_common>
          <accessor source="#mixamorig_LeftHandRing3-Interpolations-array" count="90">
            <param type="name"/>
          </accessor>
        </technique_common>
      </source>
      <sampler id="mixamorig_LeftHandRing3-Matrix-animation-transform">
        <input semantic="INPUT" source="#mixamorig_LeftHandRing3-Matrix-animation-input"/>
        <input semantic="OUTPUT" source="#mixamorig_LeftHandRing3-Matrix-animation-output-transform"/>
        <input semantic="INTERPOLATION" source="#mixamorig_LeftHandRing3-Interpolations"/>
      </sampler>
      <channel source="#mixamorig_LeftHandRing3-Matrix-animation-transform" target="mixamorig_LeftHandRing3/matrix"/>
    </animation>
    <animation id="mixamorig_LeftHandPinky1-anim" name="mixamorig_LeftHandPinky1">
      <source id="mixamorig_LeftHandPinky1-Matrix-animation-input">
        <float_array id="mixamorig_LeftHandPinky1-Matrix-animation-input-array" count="90">

0.000000 0.033333 0.066667 0.100000 0.133333 0.166667 0.200000 0.233333 0.266667 0.300000 0.333333 0.366667 0.400000 0.433333 0.466667 0.500000
0.533333 0.566667 0.600000 0.633333 0.666667 0.700000 0.733333 0.766667 0.800000 0.833333 0.866667 0.900000 0.933333 0.966667 1.000000 1.033333
1.066667 1.100000 1.133333 1.166667 1.200000 1.233333 1.266667 1.300000 1.333333 1.366667 1.400000 1.433333 1.466667 1.500000 1.533333 1.566667
1.600000 1.633333 1.666667 1.700000 1.733333 1.766667 1.800000 1.833333 1.866667 1.900000 1.933333 1.966667 2.000000 2.033333 2.066667 2.100000
2.133333 2.166667 2.200000 2.233333 2.266667 2.300000 2.333333 2.366667 2.400000 2.433333 2.466667 2.500000 2.533333 2.566667 2.600000 2.633333
2.666667 2.700000 2.733333 2.766667 2.800000 2.833333 2.866667 2.900000 2.933333 2.966667</float_array>
        <technique_common>
          <accessor source="#mixamorig_LeftHandPinky1-Matrix-animation-input-array" count="90">
            <param name="TIME" type="float"/>
          </accessor>
        </technique_common>
      </source>
      <source id="mixamorig_LeftHandPinky1-Matrix-animation-output-transform">
        <float_array id="mixamorig_LeftHandPinky1-Matrix-animation-output-transform-array" count="1440">

0.986170 0.106053 -0.127366 3.806300 -0.134156 0.962030 -0.237697 8.077800 0.097321 0.251497 0.962953 0.486900 0.000000 0.000000 0.000000 1.000000
0.983787 0.142860 -0.108416 3.806300 -0.158044 0.976339 -0.147594 8.077800 0.084766 0.162336 0.983088 0.486900 0.000000 0.000000 0.000000 1.000000
0.976283 0.205401 -0.068425 3.806300 -0.202678 0.978225 0.044687 8.077800 0.076113 -0.029759 0.996655 0.486900 0.000000 0.000000 0.000000 1.000000
0.974060 0.224688 -0.026883 3.806300 -0.213319 0.951367 0.222252 8.077800 0.075513 -0.210752 0.974619 0.486900 0.000000 0.000000 0.000000 1.000000
0.983673 0.179930 0.003491 3.806300 -0.173127 0.940827 0.291328 8.077800 0.049134 -0.287176 0.956617 0.486900 0.000000 0.000000 0.000000 1.000000
0.982280 0.185918 0.023690 3.806300 -0.183996 0.932541 0.310666 8.077800 0.035666 -0.309520 0.950224 0.486900 0.000000 0.000000 0.000000 1.000000
0.980200 0.192480 0.046475 3.806300 -0.196888 0.922445 0.332160 8.077800 0.021064 -0.334734 0.942077 0.486900 0.000000 0.000000 0.000000 1.000000
0.977341 0.199358 0.071138 3.806300 -0.211585 0.910598 0.355027 8.077800 0.005999 -0.362034 0.932146 0.486900 0.000000 0.000000 0.000000 1.000000
0.973666 0.206320 0.096984 3.806300 -0.227804 0.897126 0.378510 8.077800 -0.008912 -0.390635 0.920502 0.486900 0.000000 0.000000 0.000000 1.000000
0.969202 0.213162 0.123329 3.806300 -0.245179 0.882245 0.401910 8.077800 -0.023134 -0.419769 0.907336 0.486900 0.000000 0.000000 0.000000 1.000000
0.964040 0.219711 0.149514 3.806300 -0.263277 0.866258 0.424597 8.077800 -0.036229 -0.448692 0.892952 0.486900 0.000000 0.000000 0.000000 1.000000
0.958335 0.225830 0.174916 3.806300 -0.281607 0.849564 0.446026 8.077800 -0.047876 -0.476699 0.877762 0.486900 0.000000 0.000000 0.000000 1.000000
0.955544 0.233032 0.180644 3.806300 -0.287602 0.871647 0.396884 8.077800 -0.064971 -0.431194 0.899917 0.486900 0.000000 0.000000 0.000000 1.000000
0.953816 0.241722 0.178341 3.806300 -0.288287 0.903433 0.317331 8.077800 -0.084413 -0.354088 0.931395 0.486900 0.000000 0.000000 0.000000 1.000000
0.952872 0.251811 0.169195 3.806300 -0.284948 0.934283 0.214289 8.077800 -0.104116 -0.252401 0.962005 0.486900 0.000000 0.000000 0.000000 1.000000
0.952506 0.263013 0.153481 3.806300 -0.278878 0.955837 0.092752 8.077800 -0.122308 -0.131149 0.983789 0.486900 0.000000 0.000000 0.000000 1.000000
0.952452 0.274732 0.131744 3.806300 -0.271742 0.961517 -0.040525 8.077800 -0.137808 0.002798 0.990455 0.486900 0.000000 0.000000 0.000000 1.000000
0.952422 0.286126 0.105000 3.806300 -0.265168 0.947748 -0.177368 8.077800 -0.150263 0.141087 0.978527 0.486900 0.000000 0.000000 0.000000 1.000000
0.952172 0.296251 0.074855 3.806300 -0.260291 0.914705 -0.309133 8.077800 -0.160051 0.274864 0.948068 0.486900 0.000000 0.000000 0.000000 1.000000
0.951594 0.304261 0.043523 3.806300 -0.257439 0.866368 -0.427939 8.077800 -0.167912 0.396020 0.902759 0.486900 0.000000 0.000000 0.000000 1.000000
0.950772 0.309588 0.013717 3.806300 -0.256096 0.809876 -0.527745 8.077800 -0.174493 0.498252 0.849292 0.486900 0.000000 0.000000 0.000000 1.000000
0.950038 0.311884 -0.012494 3.806300 -0.255077 0.752683 -0.606963 8.077800 -0.179898 0.579824 0.794632 0.486900 0.000000 0.000000 0.000000 1.000000
0.949785 0.310380 -0.039647 3.806300 -0.253668 0.689596 -0.678314 8.077800 -0.183194 0.654310 0.733702 0.486900 0.000000 0.000000 0.000000 1.000000
0.949763 0.305295 -0.068880 3.806300 -0.252877 0.618914 -0.743639 8.077800 -0.184398 0.723699 0.665024 0.486900 0.000000 0.000000 0.000000 1.000000
0.949603 0.297310 -0.099299 3.806300 -0.253665 0.542793 -0.800643 8.077800 -0.184140 0.785482 0.590856 0.486900 0.000000 0.000000 0.000000 1.000000
0.949013 0.287236 -0.129886 3.806300 -0.256509 0.464115 -0.847821 8.077800 -0.183243 0.837910 0.514130 0.486900 0.000000 0.000000 0.000000 1.000000
0.947812 0.276039 -0.159545 3.806300 -0.261393 0.386257 -0.884579 8.077800 -0.182553 0.880118 0.438254 0.486900 0.000000 0.000000 0.000000 1.000000
0.945958 0.264835 -0.187153 3.806300 -0.267868 0.312826 -0.911256 8.077800 -0.182786 0.912142 0.366861 0.486900 0.000000 0.000000 0.000000 1.000000
0.943537 0.254875 -0.211603 3.806300 -0.275179 0.247415 -0.929011 8.077800 -0.184428 0.934786 0.303582 0.486900 0.000000 0.000000 0.000000 1.000000
0.940745 0.247491 -0.231835 3.806300 -0.282434 0.193421 -0.939585 8.077800 -0.187696 0.949387 0.251860 0.486900 0.000000 0.000000 0.000000 1.000000
0.937821 0.244048 -0.246845 3.806300 -0.288780 0.153947 -0.944937 8.077800 -0.192609 0.957466 0.214851 0.486900 0.000000 0.000000 0.000000 1.000000
0.934974 0.245869 -0.255680 3.806300 -0.293573 0.131791 -0.946808 8.077800 -0.199095 0.960302 0.195402 0.486900 0.000000 0.000000 0.000000 1.000000
0.932144 0.254496 -0.257563 3.806300 -0.296765 0.129421 -0.946140 8.077800 -0.207454 0.958375 0.196165 0.486900 0.000000 0.000000 0.000000 1.000000
0.929030 0.271134 -0.251771 3.806300 -0.299110 0.149802 -0.942387 8.077800 -0.217797 0.950813 0.220269 0.486900 0.000000 0.000000 0.000000 1.000000
0.925410 0.294516 -0.238490 3.806300 -0.301561 0.191151 -0.934089 8.077800 -0.229517 0.936334 0.265707 0.486900 0.000000 0.000000 0.000000 1.000000
0.921033 0.322549 -0.218314 3.806300 -0.305193 0.249426 -0.919045 8.077800 -0.241984 0.913098 0.328169 0.486900 0.000000 0.000000 0.000000 1.000000
0.915705 0.353042 -0.191952 3.806300 -0.311008 0.320130 -0.894869 8.077800 -0.254477 0.879135 0.402943 0.486900 0.000000 0.000000 0.000000 1.000000
0.909357 0.383873 -0.160344 3.806300 -0.319752 0.398367 -0.859687 8.077800 -0.266135 0.833033 0.485002 0.486900 0.000000 0.000000 0.000000 1.000000
0.902086 0.413146 -0.124701 3.806300 -0.331758 0.479093 -0.812654 8.077800 -0.276001 0.774454 0.569248 0.486900 0.000000 0.000000 0.000000 1.000000
0.894169 0.439296 -0.086495 3.806300 -0.346854 0.557499 -0.754246 8.077800 -0.283117 0.704424 0.650870 0.486900 0.000000 0.000000 0.000000 1.000000
0.886045 0.461172 -0.047382 3.806300 -0.364331 0.629472 -0.686314 8.077800 -0.286683 0.625368 0.725760 0.486900 0.000000 0.000000 0.000000 1.000000
0.878289 0.478043 -0.009108 3.806300 -0.383003 0.692018 -0.611899 8.077800 -0.286211 0.540912 0.790884 0.486900 0.000000 0.000000 0.000000 1.000000
0.871562 0.489564 0.026587 3.806300 -0.401328 0.743524 -0.534891 8.077800 -0.281631 0.455521 0.844503 0.486900 0.000000 0.000000 0.000000 1.000000
0.866561 0.495683 0.058055 3.806300 -0.417564 0.783825 -0.459629 8.077800 -0.273335 0.374055 0.886212 0.486900 0.000000 0.000000 0.000000 1.000000
0.863971 0.496523 0.083785 3.806300 -0.429947 0.814025 -0.390523 8.077800 -0.262107 0.301377 0.916773 0.486900 0.000000 0.000000 0.000000 1.000000
0.864410 0.492244 0.102427 3.806300 -0.436817 0.836120 -0.331806 8.077800 -0.248970 0.242074 0.937771 0.486900 0.000000 0.000000 0.000000 1.000000
0.866756 0.485863 0.112562 3.806300 -0.439447 0.850745 -0.288304 8.077800 -0.235838 0.200425 0.950900 0.486900 0.000000 0.000000 0.000000 1.000000
0.867644 0.483900 0.114167 3.806300 -0.443842 0.857334 -0.260736 8.077800 -0.224049 0.175554 0.958636 0.486900 0.000000 0.000000 0.000000 1.000000
0.870230 0.479524 0.112941 3.806300 -0.442929 0.861933 -0.246750 8.077800 -0.215670 0.164704 0.962475 0.486900 0.000000 0.000000 0.000000 1.000000
0.875740 0.469619 0.111969 3.806300 -0.434146 0.867492 -0.242847 8.077800 -0.211178 0.164060 0.963581 0.486900 0.000000 0.000000 0.000000 1.000000
0.882188 0.457653 0.110901 3.806300 -0.422395 0.873166 -0.243236 8.077800 -0.208153 0.167736 0.963606 0.486900 0.000000 0.000000 0.000000 1.000000
0.889317 0.443924 0.109758 3.806300 -0.408167 0.878803 -0.247194 8.077800 -0.206191 0.175034 0.962730 0.486900 0.000000 0.000000 0.000000 1.000000
0.896884 0.428737 0.108557 3.806300 -0.391947 0.884233 -0.253988 8.077800 -0.204883 0.185249 0.961096 0.486900 0.000000 0.000000 0.000000 1.000000
0.904658 0.412406 0.107310 3.806300 -0.374222 0.889298 -0.262881 8.077800 -0.203844 0.197660 0.958842 0.486900 0.000000 0.000000 0.000000 1.000000
0.912430 0.395259 0.106032 3.806300 -0.355484 0.893883 -0.273137 8.077800 -0.202740 0.211526 0.956114 0.486900 0.000000 0.000000 0.000000 1.000000
0.920012 0.377634 0.104739 3.806300 -0.336235 0.897929 -0.284025 8.077800 -0.201306 0.226089 0.953079 0.486900 0.000000 0.000000 0.000000 1.000000
0.927243 0.359887 0.103449 3.806300 -0.316982 0.901445 -0.294822 8.077800 -0.199356 0.240580 0.949936 0.486900 0.000000 0.000000 0.000000 1.000000
0.933988 0.342382 0.102184 3.806300 -0.298230 0.904515 -0.304815 8.077800 -0.196790 0.254219 0.946914 0.486900 0.000000 0.000000 0.000000 1.000000
0.940136 0.325500 0.100966 3.806300 -0.280481 0.907289 -0.313301 8.077800 -0.193585 0.266226 0.944271 0.486900 0.000000 0.000000 0.000000 1.000000
0.945604 0.309627 0.099820 3.806300 -0.264225 0.909974 -0.319582 8.077800 -0.189785 0.275823 0.942286 0.486900 0.000000 0.000000 0.000000 1.000000
0.950331 0.295154 0.098770 3.806300 -0.249935 0.912812 -0.322965 8.077800 -0.185483 0.282238 0.941243 0.486900 0.000000 0.000000 0.000000 1.000000
0.954466 0.281798 0.097900 3.806300 -0.237354 0.916148 -0.323010 8.077800 -0.180714 0.285065 0.941318 0.486900 0.000000 0.000000 0.000000 1.000000
0.958471 0.268058 0.097360 3.806300 -0.224849 0.920275 -0.320213 8.077800 -0.175433 0.285024 0.942329 0.486900 0.000000 0.000000 0.000000 1.000000
0.962319 0.254002 0.097083 3.806300 -0.212359 0.924991 -0.315112 8.077800 -0.169840 0.282622 0.944076 0.486900 0.000000 0.000000 0.000000 1.000000
0.965932 0.239941 0.096974 3.806300 -0.200084 0.930042 -0.308200 8.077800 -0.164140 0.278297 0.946366 0.486900 0.000000 0.000000 0.000000 1.000000
0.969249 0.226187 0.096935 3.806300 -0.188238 0.935191 -0.299975 8.077800 -0.158503 0.272503 0.949009 0.486900 0.000000 0.000000 0.000000 1.000000
0.972226 0.213058 0.096869 3.806300 -0.177055 0.940215 -0.290941 8.077800 -0.153065 0.265709 0.951824 0.486900 0.000000 0.000000 0.000000 1.000000
0.974834 0.200874 0.096682 3.806300 -0.166781 0.944923 -0.281611 8.077800 -0.147926 0.258400 0.954645 0.486900 0.000000 0.000000 0.000000 1.000000
0.977060 0.189959 0.096280 3.806300 -0.157679 0.949146 -0.272506 8.077800 -0.143148 0.251074 0.957325 0.486900 0.000000 0.000000 0.000000 1.000000
0.978895 0.180638 0.095571 3.806300 -0.150022 0.952742 -0.264153 8.077800 -0.138771 0.244241 0.959734 0.486900 0.000000 0.000000 0.000000 1.000000
0.980339 0.173237 0.094470 3.806300 -0.144089 0.955587 -0.257083 8.077800 -0.134810 0.238417 0.961761 0.486900 0.000000 0.000000 0.000000 1.000000
0.981387 0.168081 0.092889 3.806300 -0.140166 0.957569 -0.251825 8.077800 -0.131275 0.234117 0.963305 0.486900 0.000000 0.000000 0.000000 1.000000
0.982027 0.165493 0.090745 3.806300 -0.138539 0.958569 -0.248904 8.077800 -0.128177 0.231858 0.964268 0.486900 0.000000 0.000000 0.000000 1.000000
0.981169 0.174620 0.082550 3.806300 -0.147754 0.953829 -0.261493 8.077800 -0.124400 0.244372 0.961669 0.486900 0.000000 0.000000 0.000000 1.000000
0.977366 0.202622 0.060823 3.806300 -0.175773 0.937765 -0.299500 8.077800 -0.117723 0.282031 0.952156 0.486900 0.000000 0.000000 0.000000 1.000000
0.977548 0.205231 0.047752 3.806300 -0.181792 0.936021 -0.301357 8.077800 -0.106544 0.285910 0.952315 0.486900 0.000000 0.000000 0.000000 1.000000
0.980434 0.192646 0.040451 3.806300 -0.173767 0.943558 -0.281964 8.077800 -0.092488 0.269418 0.958572 0.486900 0.000000 0.000000 0.000000 1.000000
0.983097 0.179962 0.033688 3.806300 -0.165425 0.951940 -0.257767 8.077800 -0.078457 0.247837 0.965620 0.486900 0.000000 0.000000 0.000000 1.000000
0.983255 0.180545 0.024764 3.806300 -0.169773 0.956907 -0.235599 8.077800 -0.066234 0.227450 0.971535 0.486900 0.000000 0.000000 0.000000 1.000000
0.980088 0.198026 0.014570 3.806300 -0.190598 0.958817 -0.210574 8.077800 -0.055669 0.203604 0.977469 0.486900 0.000000 0.000000 0.000000 1.000000
0.977983 0.208664 0.002753 3.806300 -0.204034 0.958883 -0.197265 8.077800 -0.043802 0.192360 0.980346 0.486900 0.000000 0.000000 0.000000 1.000000
0.979746 0.199911 -0.011579 3.806300 -0.198021 0.958646 -0.204415 8.077800 -0.029765 0.202568 0.978816 0.486900 0.000000 0.000000 0.000000 1.000000
0.982565 0.183935 -0.027098 3.806300 -0.185383 0.958200 -0.217914 8.077800 -0.014117 0.219138 0.975592 0.486900 0.000000 0.000000 0.000000 1.000000
0.984349 0.171063 -0.042374 3.806300 -0.176217 0.958590 -0.223725 8.077800 0.002348 0.227691 0.973731 0.486900 0.000000 0.000000 0.000000 1.000000
0.985705 0.157397 -0.060092 3.806300 -0.167050 0.959417 -0.227186 8.077800 0.021895 0.233977 0.971996 0.486900 0.000000 0.000000 0.000000 1.000000
0.986577 0.142891 -0.079041 3.806300 -0.157534 0.960281 -0.230309 8.077800 0.042992 0.239670 0.969902 0.486900 0.000000 0.000000 0.000000 1.000000
0.986865 0.129017 -0.097226 3.806300 -0.148606 0.961026 -0.233119 8.077800 0.063360 0.244505 0.967576 0.486900 0.000000 0.000000 0.000000 1.000000
0.986691 0.117259 -0.112655 3.806300 -0.141158 0.961576 -0.235470 8.077800 0.080715 0.248239 0.965330 0.486900 0.000000 0.000000 0.000000 1.000000
0.986346 0.109107 -0.123355 3.806300 -0.136056 0.961911 -0.237097 8.077800 0.092788 0.250643 0.963623 0.486900 0.000000 0.000000 0.000000 1.000000
0.986170 0.106053 -0.127366 3.806300 -0.134156 0.962030 -0.237697 8.077800 0.097321 0.251497 0.962953 0.486900 0.000000 0.000000 0.000000 1.000000</float_array>
        <technique_common>
          <accessor source="#mixamorig_LeftHandPinky1-Matrix-animation-output-transform-array" count="90" stride="16">
            <param type="float4x4"/>
          </accessor>
        </technique_common>
      </source>
      <source id="mixamorig_LeftHandPinky1-Interpolations">
        <Name_array id="mixamorig_LeftHandPinky1-Interpolations-array" count="90">
 LINEAR LINEAR LINEAR LINEAR LINEAR LINEAR LINEAR LINEAR LINEAR LINEAR LINEAR
LINEAR LINEAR LINEAR LINEAR LINEAR LINEAR LINEAR LINEAR LINEAR LINEAR LINEAR LINEAR
LINEAR LINEAR LINEAR LINEAR LINEAR LINEAR LINEAR LINEAR LINEAR LINEAR LINEAR LINEAR
LINEAR LINEAR LINEAR LINEAR LINEAR LINEAR LINEAR LINEAR LINEAR LINEAR LINEAR LINEAR
LINEAR LINEAR LINEAR LINEAR LINEAR LINEAR LINEAR LINEAR LINEAR LINEAR LINEAR LINEAR
LINEAR LINEAR LINEAR LINEAR LINEAR LINEAR LINEAR LINEAR LINEAR LINEAR LINEAR LINEAR
LINEAR LINEAR LINEAR LINEAR LINEAR LINEAR LINEAR LINEAR LINEAR LINEAR LINEAR LINEAR
LINEAR LINEAR LINEAR LINEAR LINEAR LINEAR LINEAR</Name_array>
        <technique_common>
          <accessor source="#mixamorig_LeftHandPinky1-Interpolations-array" count="90">
            <param type="name"/>
          </accessor>
        </technique_common>
      </source>
      <sampler id="mixamorig_LeftHandPinky1-Matrix-animation-transform">
        <input semantic="INPUT" source="#mixamorig_LeftHandPinky1-Matrix-animation-input"/>
        <input semantic="OUTPUT" source="#mixamorig_LeftHandPinky1-Matrix-animation-output-transform"/>
        <input semantic="INTERPOLATION" source="#mixamorig_LeftHandPinky1-Interpolations"/>
      </sampler>
      <channel source="#mixamorig_LeftHandPinky1-Matrix-animation-transform" target="mixamorig_LeftHandPinky1/matrix"/>
    </animation>
    <animation id="mixamorig_LeftHandPinky2-anim" name="mixamorig_LeftHandPinky2">
      <source id="mixamorig_LeftHandPinky2-Matrix-animation-input">
        <float_array id="mixamorig_LeftHandPinky2-Matrix-animation-input-array" count="90">

0.000000 0.033333 0.066667 0.100000 0.133333 0.166667 0.200000 0.233333 0.266667 0.300000 0.333333 0.366667 0.400000 0.433333 0.466667 0.500000
0.533333 0.566667 0.600000 0.633333 0.666667 0.700000 0.733333 0.766667 0.800000 0.833333 0.866667 0.900000 0.933333 0.966667 1.000000 1.033333
1.066667 1.100000 1.133333 1.166667 1.200000 1.233333 1.266667 1.300000 1.333333 1.366667 1.400000 1.433333 1.466667 1.500000 1.533333 1.566667
1.600000 1.633333 1.666667 1.700000 1.733333 1.766667 1.800000 1.833333 1.866667 1.900000 1.933333 1.966667 2.000000 2.033333 2.066667 2.100000
2.133333 2.166667 2.200000 2.233333 2.266667 2.300000 2.333333 2.366667 2.400000 2.433333 2.466667 2.500000 2.533333 2.566667 2.600000 2.633333
2.666667 2.700000 2.733333 2.766667 2.800000 2.833333 2.866667 2.900000 2.933333 2.966667</float_array>
        <technique_common>
          <accessor source="#mixamorig_LeftHandPinky2-Matrix-animation-input-array" count="90">
            <param name="TIME" type="float"/>
          </accessor>
        </technique_common>
      </source>
      <source id="mixamorig_LeftHandPinky2-Matrix-animation-output-transform">
        <float_array id="mixamorig_LeftHandPinky2-Matrix-animation-output-transform-array" count="1440">

0.999981 0.006162 -0.000816 0.000000 -0.004828 0.687227 -0.726427 3.600000 -0.003915 0.726417 0.687243 0.000000 0.000000 0.000000 0.000000 1.000000
0.999981 0.006075 -0.000851 0.000000 -0.004819 0.692161 -0.721727 3.600000 -0.003795 0.721717 0.692178 0.000000 0.000000 0.000000 0.000000 1.000000
0.999982 0.005996 -0.000788 0.000000 -0.004791 0.706023 -0.708173 3.600000 -0.003690 0.708163 0.706039 0.000000 0.000000 0.000000 0.000000 1.000000
0.999982 0.005876 -0.000701 0.000000 -0.004754 0.727255 -0.686351 3.600000 -0.003524 0.686342 0.727270 0.000000 0.000000 0.000000 0.000000 1.000000
0.999984 0.005674 -0.000565 0.000000 -0.004650 0.754117 -0.656724 3.600000 -0.003300 0.656716 0.754131 -0.000000 0.000000 0.000000 0.000000 1.000000
0.999985 0.005391 -0.000399 0.000000 -0.004478 0.784775 -0.619764 3.600000 -0.003028 0.619757 0.784788 0.000000 0.000000 0.000000 0.000000 1.000000
0.999987 0.005058 -0.000248 -0.000000 -0.004277 0.817395 -0.576062 3.600000 -0.002711 0.576056 0.817406 0.000000 0.000000 0.000000 0.000000 1.000000
0.999989 0.004682 -0.000125 0.000000 -0.004046 0.850225 -0.526403 3.600000 -0.002358 0.526398 0.850235 -0.000000 0.000000 0.000000 0.000000 1.000000
0.999991 0.004257 -0.000034 0.000000 -0.003770 0.881692 -0.471810 3.600000 -0.001978 0.471805 0.881700 0.000000 0.000000 0.000000 0.000000 1.000000
0.999993 0.003809 0.000007 0.000000 -0.003465 0.910475 -0.413550 3.600000 -0.001582 0.413547 0.910481 0.000000 0.000000 0.000000 0.000000 1.000000
0.999994 0.003378 0.000046 0.000000 -0.003144 0.935573 -0.353119 3.600000 -0.001236 0.353117 0.935578 -0.000000 0.000000 0.000000 0.000000 1.000000
0.999996 0.002977 0.000116 -0.000000 -0.002813 0.956356 -0.292189 3.600000 -0.000981 0.292187 0.956361 0.000000 0.000000 0.000000 0.000000 1.000000
0.999996 0.002917 0.000206 0.000000 -0.002730 0.956582 -0.291450 3.600000 -0.001047 0.291448 0.956586 -0.000000 0.000000 0.000000 0.000000 1.000000
0.999995 0.003020 0.000293 0.000000 -0.002777 0.949853 -0.312686 3.600000 -0.001222 0.312684 0.949857 0.000000 0.000000 0.000000 0.000000 1.000000
0.999995 0.003210 0.000388 -0.000000 -0.002873 0.937082 -0.349097 3.600000 -0.001485 0.349094 0.937087 0.000000 0.000000 0.000000 0.000000 1.000000
0.999994 0.003447 0.000490 0.000000 -0.002969 0.917949 -0.396687 3.600000 -0.001817 0.396683 0.917954 0.000000 0.000000 0.000000 0.000000 1.000000
0.999993 0.003750 0.000568 0.000000 -0.003090 0.892326 -0.451381 3.600000 -0.002200 0.451376 0.892331 0.000000 0.000000 0.000000 0.000000 1.000000
0.999991 0.004090 0.000617 0.000000 -0.003206 0.860657 -0.509176 3.600000 -0.002613 0.509169 0.860662 0.000000 0.000000 0.000000 0.000000 1.000000
0.999990 0.004439 0.000638 0.000000 -0.003297 0.824170 -0.566333 3.600000 -0.003040 0.566326 0.824176 0.000000 0.000000 0.000000 0.000000 1.000000
0.999988 0.004785 0.000633 -0.000000 -0.003364 0.784945 -0.619557 3.600000 -0.003461 0.619547 0.784952 0.000000 0.000000 0.000000 0.000000 1.000000
0.999987 0.005105 0.000595 0.000000 -0.003411 0.745826 -0.666133 3.600000 -0.003844 0.666122 0.745833 0.000000 0.000000 0.000000 0.000000 1.000000
0.999985 0.005388 0.000541 0.000000 -0.003437 0.708697 -0.705505 3.600000 -0.004184 0.705493 0.708705 0.000000 0.000000 0.000000 0.000000 1.000000
0.999984 0.005694 0.000458 0.000000 -0.003448 0.665420 -0.746461 3.600000 -0.004555 0.746447 0.665429 0.000000 0.000000 0.000000 0.000000 1.000000
0.999982 0.006044 0.000344 0.000000 -0.003441 0.614232 -0.789118 3.600000 -0.004981 0.789102 0.614241 0.000000 0.000000 0.000000 0.000000 1.000000
0.999979 0.006404 0.000190 0.000000 -0.003410 0.557093 -0.830443 3.600000 -0.005424 0.830425 0.557104 0.000000 0.000000 0.000000 0.000000 1.000000
0.999977 0.006760 -0.000006 0.000000 -0.003362 0.496559 -0.867996 3.600000 -0.005865 0.867976 0.496571 -0.000000 0.000000 0.000000 0.000000 1.000000
0.999975 0.007094 -0.000249 0.000000 -0.003315 0.435708 -0.900082 3.600000 -0.006277 0.900060 0.435721 0.000000 0.000000 0.000000 0.000000 1.000000
0.999973 0.007378 -0.000511 0.000000 -0.003262 0.377996 -0.925801 3.600000 -0.006637 0.925778 0.378010 0.000000 0.000000 0.000000 0.000000 1.000000
0.999971 0.007576 -0.000796 0.000000 -0.003230 0.327082 -0.944990 3.600000 -0.006899 0.944966 0.327097 0.000000 0.000000 0.000000 0.000000 1.000000
0.999970 0.007720 -0.001061 -0.000000 -0.003230 0.286661 -0.958027 3.600000 -0.007092 0.958001 0.286677 0.000000 0.000000 0.000000 0.000000 1.000000
0.999969 0.007812 -0.001270 0.000000 -0.003260 0.260340 -0.965511 3.600000 -0.007212 0.965485 0.260358 0.000000 0.000000 0.000000 0.000000 1.000000
0.999968 0.007844 -0.001366 -0.000000 -0.003295 0.251553 -0.967838 3.600000 -0.007249 0.967812 0.251571 0.000000 0.000000 0.000000 0.000000 1.000000
0.999968 0.007831 -0.001393 0.000000 -0.003400 0.262470 -0.964934 3.600000 -0.007191 0.964908 0.262489 0.000000 0.000000 0.000000 0.000000 1.000000
0.999969 0.007765 -0.001350 0.000000 -0.003580 0.294822 -0.955546 3.600000 -0.007022 0.955521 0.294840 -0.000000 0.000000 0.000000 0.000000 1.000000
0.999971 0.007505 -0.001262 0.000000 -0.003874 0.359254 -0.933232 3.600000 -0.006551 0.933210 0.359272 0.000000 0.000000 0.000000 0.000000 1.000000
0.999975 0.006951 -0.001133 0.000000 -0.004308 0.476471 -0.879180 3.600000 -0.005572 0.879163 0.476489 0.000000 0.000000 0.000000 0.000000 1.000000
0.999980 0.006204 -0.000992 0.000000 -0.004572 0.610281 -0.792172 3.600000 -0.004309 0.792161 0.610297 -0.000000 0.000000 0.000000 0.000000 1.000000
0.999985 0.005348 -0.000970 0.000000 -0.004609 0.739700 -0.672921 3.600000 -0.002881 0.672916 0.739714 0.000000 0.000000 0.000000 0.000000 1.000000
0.999989 0.004465 -0.001067 -0.000000 -0.004350 0.847397 -0.530942 3.600000 -0.001467 0.530941 0.847407 0.000000 0.000000 0.000000 0.000000 1.000000
0.999992 0.003664 -0.001306 0.000000 -0.003885 0.923666 -0.383179 3.600000 -0.000197 0.383181 0.923673 -0.000000 0.000000 0.000000 0.000000 1.000000
0.999994 0.003035 -0.001587 -0.000000 -0.003336 0.968183 -0.250222 3.600000 0.000777 0.250226 0.968187 0.000000 0.000000 0.000000 0.000000 1.000000
0.999995 0.002612 -0.001842 0.000000 -0.002863 0.988217 -0.153031 3.600000 0.001421 0.153036 0.988220 0.000000 0.000000 0.000000 0.000000 1.000000
0.999995 0.002438 -0.001958 -0.000000 -0.002640 0.993861 -0.110604 3.600000 0.001676 0.110608 0.993863 0.000000 0.000000 0.000000 0.000000 1.000000
0.999995 0.002382 -0.001961 0.000000 -0.002570 0.994757 -0.102234 3.600000 0.001708 0.102239 0.994758 0.000000 0.000000 0.000000 0.000000 1.000000
0.999995 0.002351 -0.001916 0.000000 -0.002528 0.995121 -0.098633 3.600000 0.001675 0.098638 0.995122 0.000000 0.000000 0.000000 0.000000 1.000000
0.999996 0.002303 -0.001819 -0.000000 -0.002461 0.995756 -0.092000 3.600000 0.001599 0.092004 0.995757 0.000000 0.000000 0.000000 0.000000 1.000000
0.999996 0.002169 -0.001716 0.000000 -0.002290 0.997223 -0.074434 3.600000 0.001549 0.074438 0.997224 -0.000000 0.000000 0.000000 0.000000 1.000000
0.999997 0.001958 -0.001636 0.000000 -0.002023 0.999147 -0.041254 3.600000 0.001554 0.041257 0.999147 0.000000 0.000000 0.000000 0.000000 1.000000
0.999997 0.001822 -0.001584 0.000000 -0.001852 0.999815 -0.019147 3.600000 0.001549 0.019150 0.999815 0.000000 0.000000 0.000000 0.000000 1.000000
0.999997 0.001788 -0.001517 0.000000 -0.001813 0.999866 -0.016292 3.600000 0.001488 0.016294 0.999866 -0.000000 0.000000 0.000000 0.000000 1.000000
0.999997 0.001788 -0.001446 0.000000 -0.001816 0.999804 -0.019731 3.600000 0.001410 0.019733 0.999804 -0.000000 0.000000 0.000000 0.000000 1.000000
0.999997 0.001816 -0.001372 0.000000 -0.001855 0.999589 -0.028593 3.600000 0.001320 0.028596 0.999590 0.000000 0.000000 0.000000 0.000000 1.000000
0.999997 0.001869 -0.001296 -0.000000 -0.001922 0.999116 -0.042004 3.600000 0.001217 0.042006 0.999117 -0.000000 0.000000 0.000000 0.000000 1.000000
0.999997 0.001941 -0.001220 -0.000000 -0.002010 0.998251 -0.059082 3.600000 0.001103 0.059085 0.998252 0.000000 0.000000 0.000000 0.000000 1.000000
0.999997 0.002029 -0.001145 0.000000 -0.002113 0.996877 -0.078946 3.600000 0.000981 0.078948 0.996878 0.000000 0.000000 0.000000 0.000000 1.000000
0.999997 0.002127 -0.001072 -0.000000 -0.002224 0.994913 -0.100709 3.600000 0.000852 0.100711 0.994915 0.000000 0.000000 0.000000 0.000000 1.000000
0.999997 0.002232 -0.001001 -0.000000 -0.002338 0.992344 -0.123483 3.600000 0.000718 0.123485 0.992346 0.000000 0.000000 0.000000 0.000000 1.000000
0.999997 0.002335 -0.000934 -0.000000 -0.002447 0.989224 -0.146386 3.600000 0.000582 0.146388 0.989227 0.000000 0.000000 0.000000 0.000000 1.000000
0.999997 0.002437 -0.000869 0.000000 -0.002549 0.985690 -0.168548 3.600000 0.000446 0.168549 0.985693 -0.000000 0.000000 0.000000 0.000000 1.000000
0.999996 0.002532 -0.000808 -0.000000 -0.002639 0.981953 -0.189105 3.600000 0.000314 0.189107 0.981957 0.000000 0.000000 0.000000 0.000000 1.000000
0.999996 0.002616 -0.000747 0.000000 -0.002714 0.978291 -0.207216 3.600000 0.000189 0.207217 0.978295 0.000000 0.000000 0.000000 0.000000 1.000000
0.999996 0.002692 -0.000690 0.000000 -0.002778 0.974815 -0.222997 3.600000 0.000072 0.222998 0.974819 0.000000 0.000000 0.000000 0.000000 1.000000
0.999996 0.002773 -0.000633 0.000000 -0.002844 0.971128 -0.238541 3.600000 -0.000047 0.238542 0.971132 0.000000 0.000000 0.000000 0.000000 1.000000
0.999996 0.002861 -0.000579 0.000000 -0.002914 0.967167 -0.254126 3.600000 -0.000167 0.254127 0.967171 0.000000 0.000000 0.000000 0.000000 1.000000
0.999995 0.002953 -0.000527 0.000000 -0.002986 0.962930 -0.269733 3.600000 -0.000289 0.269733 0.962935 0.000000 0.000000 0.000000 0.000000 1.000000
0.999995 0.003051 -0.000477 0.000000 -0.003060 0.958420 -0.285344 3.600000 -0.000413 0.285344 0.958425 0.000000 0.000000 0.000000 0.000000 1.000000
0.999995 0.003151 -0.000428 -0.000000 -0.003134 0.953638 -0.300939 3.600000 -0.000540 0.300939 0.953643 0.000000 0.000000 0.000000 0.000000 1.000000
0.999995 0.003254 -0.000381 -0.000000 -0.003208 0.948587 -0.316500 3.600000 -0.000668 0.316500 0.948592 0.000000 0.000000 0.000000 0.000000 1.000000
0.999994 0.003358 -0.000336 0.000000 -0.003279 0.943270 -0.332010 3.600000 -0.000798 0.332009 0.943276 0.000000 0.000000 0.000000 0.000000 1.000000
0.999994 0.003462 -0.000292 0.000000 -0.003348 0.937693 -0.347448 3.600000 -0.000929 0.347447 0.937699 0.000000 0.000000 0.000000 0.000000 1.000000
0.999994 0.003565 -0.000249 -0.000000 -0.003413 0.931861 -0.362799 3.600000 -0.001061 0.362798 0.931867 -0.000000 0.000000 0.000000 0.000000 1.000000
0.999993 0.003666 -0.000207 0.000000 -0.003472 0.925780 -0.378046 3.600000 -0.001194 0.378044 0.925787 0.000000 0.000000 0.000000 0.000000 1.000000
0.999993 0.003765 -0.000167 -0.000000 -0.003527 0.919459 -0.393169 3.600000 -0.001327 0.393167 0.919466 -0.000000 0.000000 0.000000 0.000000 1.000000
0.999993 0.003854 -0.000121 0.000000 -0.003570 0.913550 -0.406712 3.600000 -0.001457 0.406709 0.913557 -0.000000 0.000000 0.000000 0.000000 1.000000
0.999992 0.003959 -0.000083 0.000000 -0.003626 0.907183 -0.420721 3.600000 -0.001590 0.420718 0.907190 0.000000 0.000000 0.000000 0.000000 1.000000
0.999991 0.004160 -0.000125 -0.000000 -0.003774 0.893740 -0.448569 3.600000 -0.001754 0.448566 0.893748 0.000000 0.000000 0.000000 0.000000 1.000000
0.999990 0.004420 -0.000224 -0.000000 -0.003974 0.874367 -0.485249 3.600000 -0.001949 0.485246 0.874376 0.000000 0.000000 0.000000 0.000000 1.000000
0.999989 0.004686 -0.000339 0.000000 -0.004172 0.852469 -0.522762 3.600000 -0.002160 0.522757 0.852479 0.000000 0.000000 0.000000 0.000000 1.000000
0.999988 0.004922 -0.000439 0.000000 -0.004335 0.831064 -0.556160 3.600000 -0.002373 0.556155 0.831075 -0.000000 0.000000 0.000000 0.000000 1.000000
0.999987 0.005146 -0.000533 0.000000 -0.004479 0.809510 -0.587089 3.600000 -0.002590 0.587083 0.809522 -0.000000 0.000000 0.000000 0.000000 1.000000
0.999986 0.005341 -0.000612 0.000000 -0.004593 0.789556 -0.613662 3.600000 -0.002794 0.613656 0.789569 0.000000 0.000000 0.000000 0.000000 1.000000
0.999985 0.005505 -0.000673 -0.000000 -0.004679 0.772287 -0.635256 3.600000 -0.002977 0.635249 0.772301 0.000000 0.000000 0.000000 0.000000 1.000000
0.999984 0.005642 -0.000715 0.000000 -0.004742 0.757755 -0.652522 3.600000 -0.003140 0.652515 0.757769 0.000000 0.000000 0.000000 0.000000 1.000000
0.999983 0.005741 -0.000740 0.000000 -0.004775 0.745838 -0.666110 3.600000 -0.003273 0.666102 0.745853 0.000000 0.000000 0.000000 0.000000 1.000000
0.999983 0.005840 -0.000760 0.000000 -0.004799 0.733125 -0.680077 3.600000 -0.003415 0.680069 0.733141 -0.000000 0.000000 0.000000 0.000000 1.000000
0.999982 0.005938 -0.000778 0.000000 -0.004815 0.719989 -0.693968 3.600000 -0.003561 0.693960 0.720005 0.000000 0.000000 0.000000 0.000000 1.000000
0.999982 0.006025 -0.000793 -0.000000 -0.004824 0.707581 -0.706616 3.600000 -0.003696 0.706607 0.707597 0.000000 0.000000 0.000000 0.000000 1.000000
0.999981 0.006096 -0.000805 -0.000000 -0.004827 0.697130 -0.716929 3.600000 -0.003809 0.716919 0.697146 0.000000 0.000000 0.000000 0.000000 1.000000
0.999981 0.006143 -0.000814 -0.000000 -0.004827 0.689916 -0.723873 3.600000 -0.003885 0.723863 0.689932 0.000000 0.000000 0.000000 0.000000 1.000000
0.999981 0.006161 -0.000816 0.000000 -0.004827 0.687227 -0.726427 3.600000 -0.003915 0.726417 0.687243 0.000000 0.000000 0.000000 0.000000 1.000000</float_array>
        <technique_common>
          <accessor source="#mixamorig_LeftHandPinky2-Matrix-animation-output-transform-array" count="90" stride="16">
            <param type="float4x4"/>
          </accessor>
        </technique_common>
      </source>
      <source id="mixamorig_LeftHandPinky2-Interpolations">
        <Name_array id="mixamorig_LeftHandPinky2-Interpolations-array" count="90">
 LINEAR LINEAR LINEAR LINEAR LINEAR LINEAR LINEAR LINEAR LINEAR LINEAR LINEAR
LINEAR LINEAR LINEAR LINEAR LINEAR LINEAR LINEAR LINEAR LINEAR LINEAR LINEAR LINEAR
LINEAR LINEAR LINEAR LINEAR LINEAR LINEAR LINEAR LINEAR LINEAR LINEAR LINEAR LINEAR
LINEAR LINEAR LINEAR LINEAR LINEAR LINEAR LINEAR LINEAR LINEAR LINEAR LINEAR LINEAR
LINEAR LINEAR LINEAR LINEAR LINEAR LINEAR LINEAR LINEAR LINEAR LINEAR LINEAR LINEAR
LINEAR LINEAR LINEAR LINEAR LINEAR LINEAR LINEAR LINEAR LINEAR LINEAR LINEAR LINEAR
LINEAR LINEAR LINEAR LINEAR LINEAR LINEAR LINEAR LINEAR LINEAR LINEAR LINEAR LINEAR
LINEAR LINEAR LINEAR LINEAR LINEAR LINEAR LINEAR</Name_array>
        <technique_common>
          <accessor source="#mixamorig_LeftHandPinky2-Interpolations-array" count="90">
            <param type="name"/>
          </accessor>
        </technique_common>
      </source>
      <sampler id="mixamorig_LeftHandPinky2-Matrix-animation-transform">
        <input semantic="INPUT" source="#mixamorig_LeftHandPinky2-Matrix-animation-input"/>
        <input semantic="OUTPUT" source="#mixamorig_LeftHandPinky2-Matrix-animation-output-transform"/>
        <input semantic="INTERPOLATION" source="#mixamorig_LeftHandPinky2-Interpolations"/>
      </sampler>
      <channel source="#mixamorig_LeftHandPinky2-Matrix-animation-transform" target="mixamorig_LeftHandPinky2/matrix"/>
    </animation>
    <animation id="mixamorig_LeftHandPinky3-anim" name="mixamorig_LeftHandPinky3">
      <source id="mixamorig_LeftHandPinky3-Matrix-animation-input">
        <float_array id="mixamorig_LeftHandPinky3-Matrix-animation-input-array" count="90">

0.000000 0.033333 0.066667 0.100000 0.133333 0.166667 0.200000 0.233333 0.266667 0.300000 0.333333 0.366667 0.400000 0.433333 0.466667 0.500000
0.533333 0.566667 0.600000 0.633333 0.666667 0.700000 0.733333 0.766667 0.800000 0.833333 0.866667 0.900000 0.933333 0.966667 1.000000 1.033333
1.066667 1.100000 1.133333 1.166667 1.200000 1.233333 1.266667 1.300000 1.333333 1.366667 1.400000 1.433333 1.466667 1.500000 1.533333 1.566667
1.600000 1.633333 1.666667 1.700000 1.733333 1.766667 1.800000 1.833333 1.866667 1.900000 1.933333 1.966667 2.000000 2.033333 2.066667 2.100000
2.133333 2.166667 2.200000 2.233333 2.266667 2.300000 2.333333 2.366667 2.400000 2.433333 2.466667 2.500000 2.533333 2.566667 2.600000 2.633333
2.666667 2.700000 2.733333 2.766667 2.800000 2.833333 2.866667 2.900000 2.933333 2.966667</float_array>
        <technique_common>
          <accessor source="#mixamorig_LeftHandPinky3-Matrix-animation-input-array" count="90">
            <param name="TIME" type="float"/>
          </accessor>
        </technique_common>
      </source>
      <source id="mixamorig_LeftHandPinky3-Matrix-animation-output-transform">
        <float_array id="mixamorig_LeftHandPinky3-Matrix-animation-output-transform-array" count="1440">

0.999980 0.006303 0.000004 0.000000 -0.004352 0.691042 -0.722801 2.100000 -0.004558 0.722787 0.691056 0.000000 0.000000 0.000000 0.000000 1.000000
0.999981 0.006237 -0.000008 -0.000000 -0.004350 0.696462 -0.717580 2.100000 -0.004470 0.717566 0.696476 -0.000000 0.000000 0.000000 0.000000 1.000000
0.999981 0.006128 0.000030 0.000000 -0.004340 0.711670 -0.702500 2.100000 -0.004326 0.702487 0.711683 0.000000 0.000000 0.000000 0.000000 1.000000
0.999982 0.005960 0.000056 0.000000 -0.004342 0.734890 -0.678172 2.100000 -0.004083 0.678160 0.734903 0.000000 0.000000 0.000000 0.000000 1.000000
0.999984 0.005693 0.000115 0.000000 -0.004276 0.764118 -0.645062 2.100000 -0.003760 0.645051 0.764130 0.000000 0.000000 0.000000 0.000000 1.000000
0.999986 0.005330 0.000191 0.000000 -0.004134 0.797236 -0.603653 2.100000 -0.003369 0.603644 0.797247 0.000000 0.000000 0.000000 0.000000 1.000000
0.999988 0.004911 0.000246 0.000000 -0.003950 0.832119 -0.554583 2.100000 -0.002929 0.554575 0.832128 0.000000 0.000000 0.000000 0.000000 1.000000
0.999990 0.004442 0.000276 0.000000 -0.003712 0.866745 -0.498738 2.100000 -0.002455 0.498732 0.866753 -0.000000 0.000000 0.000000 0.000000 1.000000
0.999992 0.003951 0.000264 0.000000 -0.003438 0.899310 -0.437298 2.100000 -0.001966 0.437294 0.899317 -0.000000 0.000000 0.000000 0.000000 1.000000
0.999994 0.003452 0.000215 -0.000000 -0.003125 0.928329 -0.371746 2.100000 -0.001483 0.371743 0.928334 0.000000 0.000000 0.000000 0.000000 1.000000
0.999996 0.002958 0.000204 0.000000 -0.002756 0.952723 -0.303829 2.100000 -0.001093 0.303827 0.952727 -0.000000 0.000000 0.000000 0.000000 1.000000
0.999997 0.002458 0.000103 -0.000000 -0.002364 0.971872 -0.235498 2.100000 -0.000679 0.235497 0.971875 0.000000 0.000000 0.000000 0.000000 1.000000
0.999997 0.002382 0.000163 0.000000 -0.002278 0.972552 -0.232675 2.100000 -0.000713 0.232674 0.972555 0.000000 0.000000 0.000000 0.000000 1.000000
0.999997 0.002466 0.000288 0.000000 -0.002313 0.967284 -0.253687 2.100000 -0.000904 0.253685 0.967286 0.000000 0.000000 0.000000 0.000000 1.000000
0.999996 0.002633 0.000458 -0.000000 -0.002386 0.956638 -0.291270 2.100000 -0.001205 0.291268 0.956641 0.000000 0.000000 0.000000 0.000000 1.000000
0.999996 0.002905 0.000639 0.000000 -0.002513 0.939980 -0.341221 2.100000 -0.001592 0.341218 0.939983 0.000000 0.000000 0.000000 0.000000 1.000000
0.999994 0.003250 0.000806 0.000000 -0.002658 0.916850 -0.399223 2.100000 -0.002037 0.399218 0.916854 0.000000 0.000000 0.000000 0.000000 1.000000
0.999993 0.003639 0.000942 0.000000 -0.002795 0.887400 -0.460993 2.100000 -0.002513 0.460987 0.887404 0.000000 0.000000 0.000000 0.000000 1.000000
0.999991 0.004045 0.001031 0.000000 -0.002910 0.852654 -0.522469 2.100000 -0.002993 0.522461 0.852658 -0.000000 0.000000 0.000000 0.000000 1.000000
0.999990 0.004448 0.001067 0.000000 -0.003004 0.814594 -0.580023 2.100000 -0.003449 0.580014 0.814599 0.000000 0.000000 0.000000 0.000000 1.000000
0.999988 0.004811 0.001065 0.000000 -0.003062 0.776087 -0.630618 2.100000 -0.003861 0.630607 0.776093 0.000000 0.000000 0.000000 0.000000 1.000000
0.999986 0.005129 0.001039 0.000000 -0.003091 0.739131 -0.673555 2.100000 -0.004223 0.673542 0.739137 -0.000000 0.000000 0.000000 0.000000 1.000000
0.999984 0.005481 0.000981 0.000000 -0.003108 0.695632 -0.718392 2.100000 -0.004620 0.718378 0.695638 0.000000 0.000000 0.000000 0.000000 1.000000
0.999982 0.005873 0.000884 -0.000000 -0.003104 0.643700 -0.765272 2.100000 -0.005064 0.765255 0.643707 0.000000 0.000000 0.000000 0.000000 1.000000
0.999980 0.006303 0.000750 0.000000 -0.003080 0.585220 -0.810868 2.100000 -0.005550 0.810850 0.585228 0.000000 0.000000 0.000000 0.000000 1.000000
0.999977 0.006737 0.000566 -0.000000 -0.003040 0.522760 -0.852474 2.100000 -0.006039 0.852453 0.522769 0.000000 0.000000 0.000000 0.000000 1.000000
0.999974 0.007152 0.000350 -0.000000 -0.002975 0.459492 -0.888177 2.100000 -0.006513 0.888153 0.459502 0.000000 0.000000 0.000000 0.000000 1.000000
0.999972 0.007536 0.000121 0.000000 -0.002897 0.399037 -0.916930 2.100000 -0.006958 0.916904 0.399047 0.000000 0.000000 0.000000 0.000000 1.000000
0.999969 0.007864 -0.000129 0.000000 -0.002836 0.345257 -0.938504 2.100000 -0.007336 0.938475 0.345269 0.000000 0.000000 0.000000 0.000000 1.000000
0.999967 0.008097 -0.000370 0.000000 -0.002799 0.302071 -0.953281 2.100000 -0.007607 0.953251 0.302084 0.000000 0.000000 0.000000 0.000000 1.000000
0.999966 0.008223 -0.000537 0.000000 -0.002764 0.273299 -0.961925 2.100000 -0.007763 0.961894 0.273313 -0.000000 0.000000 0.000000 0.000000 1.000000
0.999966 0.008268 -0.000605 0.000000 -0.002755 0.262567 -0.964910 2.100000 -0.007819 0.964878 0.262580 -0.000000 0.000000 0.000000 0.000000 1.000000
0.999966 0.008244 -0.000621 0.000000 -0.002841 0.272142 -0.962253 2.100000 -0.007763 0.962222 0.272156 0.000000 0.000000 0.000000 0.000000 1.000000
0.999967 0.008117 -0.000587 0.000000 -0.003024 0.303653 -0.952778 2.100000 -0.007555 0.952748 0.303667 -0.000000 0.000000 0.000000 0.000000 1.000000
0.999969 0.007797 -0.000519 -0.000000 -0.003349 0.367616 -0.929972 2.100000 -0.007060 0.929945 0.367631 0.000000 0.000000 0.000000 0.000000 1.000000
0.999974 0.007160 -0.000355 0.000000 -0.003782 0.484727 -0.874657 2.100000 -0.006091 0.874636 0.484742 0.000000 0.000000 0.000000 0.000000 1.000000
0.999980 0.006310 -0.000213 0.000000 -0.004070 0.618555 -0.785731 2.100000 -0.004826 0.785717 0.618568 -0.000000 0.000000 0.000000 0.000000 1.000000
0.999986 0.005334 -0.000171 -0.000000 -0.004102 0.747600 -0.664137 2.100000 -0.003415 0.664128 0.747611 0.000000 0.000000 0.000000 0.000000 1.000000
0.999990 0.004370 -0.000266 0.000000 -0.003871 0.854241 -0.519862 2.100000 -0.002045 0.519858 0.854250 0.000000 0.000000 0.000000 0.000000 1.000000
0.999994 0.003486 -0.000527 0.000000 -0.003433 0.928842 -0.370460 2.100000 -0.000802 0.370459 0.928848 -0.000000 0.000000 0.000000 0.000000 1.000000
0.999996 0.002776 -0.000906 0.000000 -0.002911 0.971489 -0.237068 2.100000 0.000222 0.237070 0.971493 0.000000 0.000000 0.000000 0.000000 1.000000
0.999997 0.002306 -0.001247 0.000000 -0.002459 0.990011 -0.140967 2.100000 0.000909 0.140969 0.990014 0.000000 0.000000 0.000000 0.000000 1.000000
0.999997 0.002116 -0.001386 0.000000 -0.002245 0.994936 -0.100481 2.100000 0.001166 0.100484 0.994938 0.000000 0.000000 0.000000 0.000000 1.000000
0.999997 0.002082 -0.001379 -0.000000 -0.002202 0.995583 -0.093863 2.100000 0.001178 0.093865 0.995584 -0.000000 0.000000 0.000000 0.000000 1.000000
0.999997 0.002077 -0.001327 -0.000000 -0.002191 0.995703 -0.092578 2.100000 0.001129 0.092581 0.995705 0.000000 0.000000 0.000000 0.000000 1.000000
0.999997 0.002046 -0.001275 -0.000000 -0.002151 0.996036 -0.088927 2.100000 0.001088 0.088929 0.996037 -0.000000 0.000000 0.000000 0.000000 1.000000
0.999997 0.001903 -0.001290 0.000000 -0.001995 0.997170 -0.075157 2.100000 0.001144 0.075160 0.997171 0.000000 0.000000 0.000000 0.000000 1.000000
0.999997 0.001739 -0.001421 0.000000 -0.001800 0.999021 -0.044200 2.100000 0.001342 0.044202 0.999022 0.000000 0.000000 0.000000 0.000000 1.000000
0.999997 0.001658 -0.001516 0.000000 -0.001691 0.999750 -0.022277 2.100000 0.001478 0.022280 0.999751 0.000000 0.000000 0.000000 0.000000 1.000000
0.999998 0.001643 -0.001509 0.000000 -0.001671 0.999818 -0.019019 2.100000 0.001477 0.019022 0.999818 -0.000000 0.000000 0.000000 0.000000 1.000000
0.999998 0.001651 -0.001469 -0.000000 -0.001682 0.999763 -0.021707 2.100000 0.001433 0.021710 0.999763 0.000000 0.000000 0.000000 0.000000 1.000000
0.999998 0.001679 -0.001399 -0.000000 -0.001719 0.999562 -0.029533 2.100000 0.001349 0.029535 0.999563 0.000000 0.000000 0.000000 0.000000 1.000000
0.999998 0.001724 -0.001308 -0.000000 -0.001777 0.999129 -0.041685 2.100000 0.001235 0.041688 0.999130 0.000000 0.000000 0.000000 0.000000 1.000000
0.999998 0.001784 -0.001198 -0.000000 -0.001849 0.998352 -0.057352 2.100000 0.001093 0.057354 0.998353 0.000000 0.000000 0.000000 0.000000 1.000000
0.999998 0.001854 -0.001077 0.000000 -0.001931 0.997128 -0.075715 2.100000 0.000933 0.075717 0.997129 0.000000 0.000000 0.000000 0.000000 1.000000
0.999998 0.001933 -0.000949 0.000000 -0.002015 0.995384 -0.095955 2.100000 0.000759 0.095957 0.995385 0.000000 0.000000 0.000000 0.000000 1.000000
0.999998 0.002017 -0.000822 0.000000 -0.002099 0.993100 -0.117252 2.100000 0.000579 0.117253 0.993102 0.000000 0.000000 0.000000 0.000000 1.000000
0.999998 0.002104 -0.000698 0.000000 -0.002181 0.990319 -0.138790 2.100000 0.000400 0.138791 0.990322 0.000000 0.000000 0.000000 0.000000 1.000000
0.999997 0.002190 -0.000584 0.000000 -0.002255 0.987154 -0.159757 2.100000 0.000227 0.159758 0.987156 0.000000 0.000000 0.000000 0.000000 1.000000
0.999997 0.002274 -0.000483 0.000000 -0.002324 0.983781 -0.179357 2.100000 0.000067 0.179358 0.983784 -0.000000 0.000000 0.000000 0.000000 1.000000
0.999997 0.002352 -0.000400 0.000000 -0.002385 0.980440 -0.196805 2.100000 -0.000071 0.196805 0.980443 -0.000000 0.000000 0.000000 0.000000 1.000000
0.999997 0.002428 -0.000333 0.000000 -0.002443 0.977217 -0.212228 2.100000 -0.000190 0.212228 0.977220 0.000000 0.000000 0.000000 0.000000 1.000000
0.999997 0.002511 -0.000275 0.000000 -0.002507 0.973746 -0.227625 2.100000 -0.000303 0.227625 0.973749 0.000000 0.000000 0.000000 0.000000 1.000000
0.999997 0.002602 -0.000223 -0.000000 -0.002578 0.969963 -0.243239 2.100000 -0.000416 0.243239 0.969966 0.000000 0.000000 0.000000 0.000000 1.000000
0.999996 0.002700 -0.000176 -0.000000 -0.002653 0.965867 -0.259024 2.100000 -0.000529 0.259024 0.965871 0.000000 0.000000 0.000000 0.000000 1.000000
0.999996 0.002803 -0.000134 -0.000000 -0.002732 0.961458 -0.274938 2.100000 -0.000642 0.274937 0.961462 0.000000 0.000000 0.000000 0.000000 1.000000
0.999996 0.002911 -0.000097 -0.000000 -0.002813 0.956738 -0.290936 2.100000 -0.000754 0.290935 0.956742 0.000000 0.000000 0.000000 0.000000 1.000000
0.999995 0.003021 -0.000062 0.000000 -0.002894 0.951713 -0.306976 2.100000 -0.000869 0.306975 0.951717 0.000000 0.000000 0.000000 0.000000 1.000000
0.999995 0.003133 -0.000029 0.000000 -0.002975 0.946389 -0.323015 2.100000 -0.000984 0.323014 0.946394 0.000000 0.000000 0.000000 0.000000 1.000000
0.999995 0.003245 0.000001 0.000000 -0.003053 0.940777 -0.339013 2.100000 -0.001101 0.339011 0.940782 0.000000 0.000000 0.000000 0.000000 1.000000
0.999994 0.003357 0.000031 0.000000 -0.003127 0.934889 -0.354926 2.100000 -0.001220 0.354924 0.934894 0.000000 0.000000 0.000000 0.000000 1.000000
0.999994 0.003466 0.000060 -0.000000 -0.003196 0.928741 -0.370716 2.100000 -0.001341 0.370713 0.928746 0.000000 0.000000 0.000000 0.000000 1.000000
0.999994 0.003570 0.000091 -0.000000 -0.003258 0.922350 -0.386342 2.100000 -0.001463 0.386340 0.922355 0.000000 0.000000 0.000000 0.000000 1.000000
0.999993 0.003667 0.000119 0.000000 -0.003312 0.916209 -0.400687 2.100000 -0.001579 0.400684 0.916215 0.000000 0.000000 0.000000 0.000000 1.000000
0.999993 0.003781 0.000143 0.000000 -0.003378 0.909287 -0.416156 2.100000 -0.001703 0.416152 0.909293 0.000000 0.000000 0.000000 0.000000 1.000000
0.999992 0.003986 0.000168 0.000000 -0.003496 0.895786 -0.444471 2.100000 -0.001922 0.444467 0.895793 0.000000 0.000000 0.000000 0.000000 1.000000
0.999991 0.004249 0.000192 0.000000 -0.003632 0.876724 -0.480980 2.100000 -0.002212 0.480975 0.876732 -0.000000 0.000000 0.000000 0.000000 1.000000
0.999990 0.004522 0.000205 -0.000000 -0.003761 0.855244 -0.518213 2.100000 -0.002519 0.518207 0.855252 0.000000 0.000000 0.000000 0.000000 1.000000
0.999989 0.004781 0.000200 -0.000000 -0.003878 0.834161 -0.551507 2.100000 -0.002804 0.551500 0.834170 0.000000 0.000000 0.000000 0.000000 1.000000
0.999987 0.005040 0.000177 0.000000 -0.003994 0.812886 -0.582409 2.100000 -0.003079 0.582401 0.812896 0.000000 0.000000 0.000000 0.000000 1.000000
0.999986 0.005271 0.000146 0.000000 -0.004092 0.793117 -0.609056 2.100000 -0.003326 0.609047 0.793127 0.000000 0.000000 0.000000 0.000000 1.000000
0.999985 0.005472 0.000109 0.000000 -0.004177 0.775860 -0.630892 2.100000 -0.003537 0.630882 0.775871 0.000000 0.000000 0.000000 0.000000 1.000000
0.999984 0.005640 0.000075 0.000000 -0.004245 0.761257 -0.648436 2.100000 -0.003715 0.648425 0.761269 -0.000000 0.000000 0.000000 0.000000 1.000000
0.999983 0.005765 0.000057 -0.000000 -0.004283 0.749352 -0.662158 2.100000 -0.003860 0.662147 0.749364 0.000000 0.000000 0.000000 0.000000 1.000000
0.999983 0.005891 0.000043 0.000000 -0.004310 0.736690 -0.676217 2.100000 -0.004015 0.676205 0.736702 0.000000 0.000000 0.000000 0.000000 1.000000
0.999982 0.006015 0.000031 0.000000 -0.004331 0.723617 -0.690188 2.100000 -0.004174 0.690175 0.723630 0.000000 0.000000 0.000000 0.000000 1.000000
0.999981 0.006127 0.000021 0.000000 -0.004343 0.711276 -0.702900 2.100000 -0.004322 0.702886 0.711289 0.000000 0.000000 0.000000 0.000000 1.000000
0.999981 0.006218 0.000012 -0.000000 -0.004350 0.700885 -0.713261 2.100000 -0.004444 0.713248 0.700898 0.000000 0.000000 0.000000 0.000000 1.000000
0.999980 0.006281 0.000006 0.000000 -0.004353 0.693714 -0.720237 2.100000 -0.004528 0.720223 0.693728 -0.000000 0.000000 0.000000 0.000000 1.000000
0.999980 0.006303 0.000004 -0.000000 -0.004353 0.691042 -0.722802 2.100000 -0.004558 0.722787 0.691056 0.000000 0.000000 0.000000 0.000000 1.000000</float_array>
        <technique_common>
          <accessor source="#mixamorig_LeftHandPinky3-Matrix-animation-output-transform-array" count="90" stride="16">
            <param type="float4x4"/>
          </accessor>
        </technique_common>
      </source>
      <source id="mixamorig_LeftHandPinky3-Interpolations">
        <Name_array id="mixamorig_LeftHandPinky3-Interpolations-array" count="90">
 LINEAR LINEAR LINEAR LINEAR LINEAR LINEAR LINEAR LINEAR LINEAR LINEAR LINEAR
LINEAR LINEAR LINEAR LINEAR LINEAR LINEAR LINEAR LINEAR LINEAR LINEAR LINEAR LINEAR
LINEAR LINEAR LINEAR LINEAR LINEAR LINEAR LINEAR LINEAR LINEAR LINEAR LINEAR LINEAR
LINEAR LINEAR LINEAR LINEAR LINEAR LINEAR LINEAR LINEAR LINEAR LINEAR LINEAR LINEAR
LINEAR LINEAR LINEAR LINEAR LINEAR LINEAR LINEAR LINEAR LINEAR LINEAR LINEAR LINEAR
LINEAR LINEAR LINEAR LINEAR LINEAR LINEAR LINEAR LINEAR LINEAR LINEAR LINEAR LINEAR
LINEAR LINEAR LINEAR LINEAR LINEAR LINEAR LINEAR LINEAR LINEAR LINEAR LINEAR LINEAR
LINEAR LINEAR LINEAR LINEAR LINEAR LINEAR LINEAR</Name_array>
        <technique_common>
          <accessor source="#mixamorig_LeftHandPinky3-Interpolations-array" count="90">
            <param type="name"/>
          </accessor>
        </technique_common>
      </source>
      <sampler id="mixamorig_LeftHandPinky3-Matrix-animation-transform">
        <input semantic="INPUT" source="#mixamorig_LeftHandPinky3-Matrix-animation-input"/>
        <input semantic="OUTPUT" source="#mixamorig_LeftHandPinky3-Matrix-animation-output-transform"/>
        <input semantic="INTERPOLATION" source="#mixamorig_LeftHandPinky3-Interpolations"/>
      </sampler>
      <channel source="#mixamorig_LeftHandPinky3-Matrix-animation-transform" target="mixamorig_LeftHandPinky3/matrix"/>
    </animation>
    <animation id="mixamorig_RightUpLeg-anim" name="mixamorig_RightUpLeg">
      <source id="mixamorig_RightUpLeg-Matrix-animation-input">
        <float_array id="mixamorig_RightUpLeg-Matrix-animation-input-array" count="90">

0.000000 0.033333 0.066667 0.100000 0.133333 0.166667 0.200000 0.233333 0.266667 0.300000 0.333333 0.366667 0.400000 0.433333 0.466667 0.500000
0.533333 0.566667 0.600000 0.633333 0.666667 0.700000 0.733333 0.766667 0.800000 0.833333 0.866667 0.900000 0.933333 0.966667 1.000000 1.033333
1.066667 1.100000 1.133333 1.166667 1.200000 1.233333 1.266667 1.300000 1.333333 1.366667 1.400000 1.433333 1.466667 1.500000 1.533333 1.566667
1.600000 1.633333 1.666667 1.700000 1.733333 1.766667 1.800000 1.833333 1.866667 1.900000 1.933333 1.966667 2.000000 2.033333 2.066667 2.100000
2.133333 2.166667 2.200000 2.233333 2.266667 2.300000 2.333333 2.366667 2.400000 2.433333 2.466667 2.500000 2.533333 2.566667 2.600000 2.633333
2.666667 2.700000 2.733333 2.766667 2.800000 2.833333 2.866667 2.900000 2.933333 2.966667</float_array>
        <technique_common>
          <accessor source="#mixamorig_RightUpLeg-Matrix-animation-input-array" count="90">
            <param name="TIME" type="float"/>
          </accessor>
        </technique_common>
      </source>
      <source id="mixamorig_RightUpLeg-Matrix-animation-output-transform">
        <float_array id="mixamorig_RightUpLeg-Matrix-animation-output-transform-array" count="1440">

-0.898414 -0.409247 -0.159276 -8.207800 0.268477 -0.798872 0.538260 -6.771800 -0.347522 0.440818 0.827592 -1.512200 0.000000 0.000000 0.000000 1.000000
-0.887880 -0.436055 -0.146714 -8.207800 0.279140 -0.764066 0.581621 -6.771800 -0.365718 0.475456 0.800120 -1.512200 0.000000 0.000000 0.000000 1.000000
-0.877179 -0.463120 -0.126791 -8.207800 0.282098 -0.710737 0.644417 -6.771800 -0.388558 0.529502 0.754089 -1.512200 0.000000 0.000000 0.000000 1.000000
-0.868233 -0.484143 -0.108527 -8.207800 0.278476 -0.656541 0.701003 -6.771800 -0.410638 0.578411 0.704853 -1.512200 0.000000 0.000000 0.000000 1.000000
-0.865654 -0.493862 -0.082119 -8.207800 0.273121 -0.603321 0.749272 -6.771800 -0.419581 0.626182 0.657151 -1.512200 0.000000 0.000000 0.000000 1.000000
-0.870014 -0.490870 -0.046075 -8.207800 0.269670 -0.552022 0.789018 -6.771800 -0.412740 0.674032 0.612640 -1.512200 0.000000 0.000000 0.000000 1.000000
-0.877745 -0.479075 -0.007136 -8.207800 0.267003 -0.501451 0.822956 -6.771800 -0.397836 0.720440 0.568061 -1.512200 0.000000 0.000000 0.000000 1.000000
-0.888730 -0.456958 0.036721 -8.207800 0.265569 -0.447894 0.853735 -6.771800 -0.373675 0.768492 0.519411 -1.512200 0.000000 0.000000 0.000000 1.000000
-0.903664 -0.421336 0.076606 -8.207800 0.263058 -0.404988 0.875663 -6.771800 -0.337924 0.811456 0.476808 -1.512200 0.000000 0.000000 0.000000 1.000000
-0.920575 -0.376426 0.104138 -8.207800 0.256796 -0.382469 0.887566 -6.771800 -0.294273 0.843814 0.448756 -1.512200 0.000000 0.000000 0.000000 1.000000
-0.938897 -0.320069 0.126606 -8.207800 0.246115 -0.367138 0.897016 -6.771800 -0.240625 0.873365 0.423478 -1.512200 0.000000 0.000000 0.000000 1.000000
-0.955749 -0.255215 0.146316 -8.207800 0.232224 -0.349194 0.907819 -6.771800 -0.180596 0.901626 0.393010 -1.512200 0.000000 0.000000 0.000000 1.000000
-0.970123 -0.178244 0.164591 -8.207800 0.216441 -0.329347 0.919067 -6.771800 -0.109611 0.927232 0.358087 -1.512200 0.000000 0.000000 0.000000 1.000000
-0.979020 -0.096444 0.179493 -8.207800 0.201140 -0.316550 0.927005 -6.771800 -0.032585 0.943660 0.329308 -1.512200 0.000000 0.000000 0.000000 1.000000
-0.981754 -0.030054 0.187768 -8.207800 0.187644 -0.313144 0.930984 -6.771800 0.030819 0.949230 0.313069 -1.512200 0.000000 0.000000 0.000000 1.000000
-0.978670 0.027958 0.203525 -8.207800 0.183749 -0.323915 0.928071 -6.771800 0.091872 0.945673 0.311869 -1.512200 0.000000 0.000000 0.000000 1.000000
-0.973495 0.060910 0.220446 -8.207800 0.184117 -0.363083 0.913385 -6.771800 0.135674 0.929764 0.342245 -1.512200 0.000000 0.000000 0.000000 1.000000
-0.970550 0.064641 0.232067 -8.207800 0.185816 -0.412209 0.891940 -6.771800 0.153315 0.908793 0.388058 -1.512200 0.000000 0.000000 0.000000 1.000000
-0.971005 0.051722 0.233398 -8.207800 0.181752 -0.474493 0.861291 -6.771800 0.155293 0.878738 0.451335 -1.512200 0.000000 0.000000 0.000000 1.000000
-0.974108 0.035221 0.223323 -8.207800 0.167836 -0.549165 0.818687 -6.771800 0.151476 0.834972 0.529034 -1.512200 0.000000 0.000000 0.000000 1.000000
-0.977788 0.027818 0.207742 -8.207800 0.144648 -0.627725 0.764878 -6.771800 0.151682 0.777938 0.609758 -1.512200 0.000000 0.000000 0.000000 1.000000
-0.980299 0.035977 0.194213 -8.207800 0.114222 -0.698926 0.706014 -6.771800 0.161141 0.714288 0.681048 -1.512200 0.000000 0.000000 0.000000 1.000000
-0.981978 0.057827 0.179930 -8.207800 0.074196 -0.757651 0.648428 -6.771800 0.173821 0.650093 0.739707 -1.512200 0.000000 0.000000 0.000000 1.000000
-0.987523 0.061455 0.144988 -8.207800 0.034831 -0.812660 0.581697 -6.771800 0.153574 0.579489 0.800380 -1.512200 0.000000 0.000000 0.000000 1.000000
-0.995547 0.036454 0.086934 -8.207800 0.012781 -0.861492 0.507611 -6.771800 0.093397 0.506461 0.857190 -1.512200 0.000000 0.000000 0.000000 1.000000
-0.999798 0.010861 0.016923 -8.207800 -0.002787 -0.908298 0.418315 -6.771800 0.019914 0.418184 0.908144 -1.512200 0.000000 0.000000 0.000000 1.000000
-0.998576 -0.013303 -0.051663 -8.207800 -0.004385 -0.944667 0.328001 -6.771800 -0.053168 0.327760 0.943264 -1.512200 0.000000 0.000000 0.000000 1.000000
-0.991627 -0.042932 -0.121792 -8.207800 0.010579 -0.966957 0.254720 -6.771800 -0.128703 0.251299 0.959315 -1.512200 0.000000 0.000000 0.000000 1.000000
-0.981164 -0.062753 -0.182698 -8.207800 0.027146 -0.981170 0.191227 -6.771800 -0.191258 0.182665 0.964393 -1.512200 0.000000 0.000000 0.000000 1.000000
-0.972716 -0.083922 -0.216290 -8.207800 0.057553 -0.990427 0.125465 -6.771800 -0.224748 0.109593 0.968234 -1.512200 0.000000 0.000000 0.000000 1.000000
-0.976082 -0.096255 -0.194931 -8.207800 0.082751 -0.993646 0.076292 -6.771800 -0.201036 0.058336 0.977845 -1.512200 0.000000 0.000000 0.000000 1.000000
-0.989843 -0.090917 -0.109291 -8.207800 0.076561 -0.988678 0.129054 -6.771800 -0.119787 0.119375 0.985597 -1.512200 0.000000 0.000000 0.000000 1.000000
-0.997082 -0.071812 -0.025888 -8.207800 0.064941 -0.976228 0.206789 -6.771800 -0.040122 0.204504 0.978043 -1.512200 0.000000 0.000000 0.000000 1.000000
-0.997895 -0.064572 0.005967 -8.207800 0.063905 -0.963602 0.259589 -6.771800 -0.011012 0.259424 0.965701 -1.512200 0.000000 0.000000 0.000000 1.000000
-0.998375 -0.054102 0.017917 -8.207800 0.056991 -0.946144 0.318690 -6.771800 -0.000290 0.319193 0.947690 -1.512200 0.000000 0.000000 0.000000 1.000000
-0.998330 -0.048902 0.030752 -8.207800 0.056969 -0.921637 0.383849 -6.771800 0.009571 0.384960 0.922884 -1.512200 0.000000 0.000000 0.000000 1.000000
-0.998032 -0.045611 0.043026 -8.207800 0.059706 -0.900880 0.429943 -6.771800 0.019151 0.431666 0.901830 -1.512200 0.000000 0.000000 0.000000 1.000000
-0.997437 -0.047180 0.053795 -8.207800 0.066483 -0.889046 0.452965 -6.771800 0.026455 0.455380 0.889904 -1.512200 0.000000 0.000000 0.000000 1.000000
-0.996580 -0.055065 0.061605 -8.207800 0.077106 -0.887738 0.453845 -6.771800 0.029698 0.457043 0.888948 -1.512200 0.000000 0.000000 0.000000 1.000000
-0.995435 -0.068524 0.066438 -8.207800 0.090835 -0.893859 0.439051 -6.771800 0.029301 0.443082 0.896002 -1.512200 0.000000 0.000000 0.000000 1.000000
-0.993893 -0.081343 0.074565 -8.207800 0.105247 -0.901843 0.419049 -6.771800 0.033159 0.424338 0.904897 -1.512200 0.000000 0.000000 0.000000 1.000000
-0.992266 -0.089269 0.086249 -8.207800 0.116861 -0.906088 0.406630 -6.771800 0.041850 0.413564 0.909513 -1.512200 0.000000 0.000000 0.000000 1.000000
-0.990998 -0.090999 0.098197 -8.207800 0.123710 -0.902825 0.411829 -6.771800 0.051179 0.420270 0.905955 -1.512200 0.000000 0.000000 0.000000 1.000000
-0.988893 -0.093091 0.115868 -8.207800 0.134350 -0.893285 0.428942 -6.771800 0.063573 0.439745 0.895870 -1.512200 0.000000 0.000000 0.000000 1.000000
-0.987146 -0.093944 0.129294 -8.207800 0.142512 -0.883586 0.446055 -6.771800 0.072338 0.458748 0.885617 -1.512200 0.000000 0.000000 0.000000 1.000000
-0.986459 -0.092621 0.135354 -8.207800 0.145160 -0.877190 0.457674 -6.771800 0.076341 0.471125 0.878757 -1.512200 0.000000 0.000000 0.000000 1.000000
-0.986095 -0.089643 0.139932 -8.207800 0.145276 -0.873878 0.463930 -6.771800 0.080695 0.477808 0.874750 -1.512200 0.000000 0.000000 0.000000 1.000000
-0.986075 -0.085064 0.142900 -8.207800 0.143182 -0.871332 0.469340 -6.771800 0.084590 0.483265 0.871378 -1.512200 0.000000 0.000000 0.000000 1.000000
-0.987099 -0.079426 0.139024 -8.207800 0.135904 -0.874701 0.465219 -6.771800 0.084654 0.478111 0.874210 -1.512200 0.000000 0.000000 0.000000 1.000000
-0.988039 -0.077638 0.133233 -8.207800 0.130161 -0.883184 0.450605 -6.771800 0.082685 0.462557 0.882725 -1.512200 0.000000 0.000000 0.000000 1.000000
-0.989015 -0.080175 0.124181 -8.207800 0.126014 -0.896454 0.424842 -6.771800 0.077261 0.435824 0.896710 -1.512200 0.000000 0.000000 0.000000 1.000000
-0.989491 -0.087849 0.114846 -8.207800 0.127252 -0.906234 0.403171 -6.771800 0.068659 0.413549 0.907889 -1.512200 0.000000 0.000000 0.000000 1.000000
-0.989494 -0.103645 0.100794 -8.207800 0.133605 -0.921923 0.363603 -6.771800 0.055238 0.373249 0.926085 -1.512200 0.000000 0.000000 0.000000 1.000000
-0.988888 -0.124423 0.081358 -8.207800 0.144081 -0.936957 0.318358 -6.771800 0.036618 0.326543 0.944473 -1.512200 0.000000 0.000000 0.000000 1.000000
-0.986931 -0.151805 0.054069 -8.207800 0.160726 -0.951515 0.262273 -6.771800 0.011633 0.267536 0.963478 -1.512200 0.000000 0.000000 0.000000 1.000000
-0.984414 -0.174724 0.019990 -8.207800 0.174841 -0.960096 0.218281 -6.771800 -0.018947 0.218374 0.975681 -1.512200 0.000000 0.000000 0.000000 1.000000
-0.980067 -0.198617 -0.004370 -8.207800 0.193970 -0.961428 0.195018 -6.771800 -0.042936 0.190283 0.980790 -1.512200 0.000000 0.000000 0.000000 1.000000
-0.970034 -0.242454 -0.015833 -8.207800 0.233898 -0.949466 0.209298 -6.771800 -0.065778 0.199323 0.977724 -1.512200 0.000000 0.000000 0.000000 1.000000
-0.956052 -0.291152 -0.034577 -8.207800 0.273862 -0.928888 0.249334 -6.771800 -0.104712 0.228907 0.967800 -1.512200 0.000000 0.000000 0.000000 1.000000
-0.940253 -0.332198 -0.074622 -8.207800 0.298025 -0.908990 0.291407 -6.771800 -0.164635 0.251757 0.953684 -1.512200 0.000000 0.000000 0.000000 1.000000
-0.921714 -0.364317 -0.133107 -8.207800 0.311460 -0.899712 0.305795 -6.771800 -0.231164 0.240398 0.942747 -1.512200 0.000000 0.000000 0.000000 1.000000
-0.907209 -0.370381 -0.199474 -8.207800 0.305222 -0.905831 0.293785 -6.771800 -0.289502 0.205641 0.934827 -1.512200 0.000000 0.000000 0.000000 1.000000
-0.894637 -0.375656 -0.241884 -8.207800 0.303454 -0.908230 0.288158 -6.771800 -0.327935 0.184395 0.926530 -1.512200 0.000000 0.000000 0.000000 1.000000
-0.880807 -0.388057 -0.271276 -8.207800 0.315178 -0.908109 0.275684 -6.771800 -0.353329 0.157324 0.922176 -1.512200 0.000000 0.000000 0.000000 1.000000
-0.872769 -0.405503 -0.271739 -8.207800 0.325918 -0.898513 0.294026 -6.771800 -0.363389 0.168052 0.916355 -1.512200 0.000000 0.000000 0.000000 1.000000
-0.869168 -0.427139 -0.249198 -8.207800 0.336361 -0.880038 0.335253 -6.771800 -0.362503 0.207571 0.908573 -1.512200 0.000000 0.000000 0.000000 1.000000
-0.869501 -0.438629 -0.227097 -8.207800 0.337082 -0.863015 0.376271 -6.771800 -0.361031 0.250618 0.898247 -1.512200 0.000000 0.000000 0.000000 1.000000
-0.872419 -0.440830 -0.211077 -8.207800 0.331319 -0.850897 0.407679 -6.771800 -0.359322 0.285733 0.888394 -1.512200 0.000000 0.000000 0.000000 1.000000
-0.876243 -0.437931 -0.201032 -8.207800 0.322884 -0.843287 0.429666 -6.771800 -0.357692 0.311581 0.880326 -1.512200 0.000000 0.000000 0.000000 1.000000
-0.879844 -0.435238 -0.190901 -8.207800 0.314908 -0.834729 0.451730 -6.771800 -0.355960 0.337336 0.871491 -1.512200 0.000000 0.000000 0.000000 1.000000
-0.882133 -0.433252 -0.184756 -8.207800 0.309809 -0.829194 0.465249 -6.771800 -0.354768 0.353172 0.865684 -1.512200 0.000000 0.000000 0.000000 1.000000
-0.882864 -0.433270 -0.181187 -8.207800 0.308428 -0.825871 0.472027 -6.771800 -0.354152 0.360852 0.862764 -1.512200 0.000000 0.000000 0.000000 1.000000
-0.883229 -0.433889 -0.177895 -8.207800 0.307950 -0.822747 0.477759 -6.771800 -0.353657 0.367189 0.860290 -1.512200 0.000000 0.000000 0.000000 1.000000
-0.883335 -0.435494 -0.173392 -8.207800 0.308280 -0.818393 0.484971 -6.771800 -0.353104 0.374938 0.857169 -1.512200 0.000000 0.000000 0.000000 1.000000
-0.883728 -0.435663 -0.170947 -8.207800 0.307606 -0.816003 0.489406 -6.771800 -0.352709 0.379918 0.855137 -1.512200 0.000000 0.000000 0.000000 1.000000
-0.884221 -0.434668 -0.170933 -8.207800 0.306361 -0.815988 0.490211 -6.771800 -0.352558 0.381088 0.854678 -1.512200 0.000000 0.000000 0.000000 1.000000
-0.884908 -0.434116 -0.168760 -8.207800 0.304845 -0.813763 0.494833 -6.771800 -0.352146 0.386436 0.852444 -1.512200 0.000000 0.000000 0.000000 1.000000
-0.885914 -0.432879 -0.166649 -8.207800 0.302456 -0.811487 0.500009 -6.771800 -0.351677 0.392561 0.849835 -1.512200 0.000000 0.000000 0.000000 1.000000
-0.886963 -0.431975 -0.163383 -8.207800 0.300089 -0.807960 0.507097 -6.771800 -0.351060 0.400746 0.846262 -1.512200 0.000000 0.000000 0.000000 1.000000
-0.888388 -0.430378 -0.159819 -8.207800 0.296739 -0.803925 0.515413 -6.771800 -0.350305 0.410462 0.841907 -1.512200 0.000000 0.000000 0.000000 1.000000
-0.890432 -0.427073 -0.157290 -8.207800 0.291529 -0.800619 0.523469 -6.771800 -0.349489 0.420258 0.837401 -1.512200 0.000000 0.000000 0.000000 1.000000
-0.892594 -0.423304 -0.155206 -8.207800 0.285871 -0.797563 0.531198 -6.771800 -0.348645 0.429775 0.832911 -1.512200 0.000000 0.000000 0.000000 1.000000
-0.894606 -0.419530 -0.153864 -8.207800 0.280453 -0.795201 0.537589 -6.771800 -0.347887 0.437779 0.829050 -1.512200 0.000000 0.000000 0.000000 1.000000
-0.895523 -0.417883 -0.153014 -8.207800 0.277996 -0.793809 0.540912 -6.771800 -0.347502 0.441862 0.827044 -1.512200 0.000000 0.000000 0.000000 1.000000
-0.896268 -0.416054 -0.153635 -8.207800 0.275762 -0.794071 0.541669 -6.771800 -0.347361 0.443114 0.826432 -1.512200 0.000000 0.000000 0.000000 1.000000
-0.896928 -0.414180 -0.154837 -8.207800 0.273648 -0.794993 0.541390 -6.771800 -0.347327 0.443217 0.826391 -1.512200 0.000000 0.000000 0.000000 1.000000
-0.897507 -0.412354 -0.156352 -8.207800 0.271694 -0.796285 0.540474 -6.771800 -0.347367 0.442600 0.826705 -1.512200 0.000000 0.000000 0.000000 1.000000
-0.897973 -0.410763 -0.157856 -8.207800 0.270052 -0.797625 0.539320 -6.771800 -0.347443 0.441665 0.827173 -1.512200 0.000000 0.000000 0.000000 1.000000
-0.898291 -0.409646 -0.158944 -8.207800 0.268910 -0.798598 0.538450 -6.771800 -0.347506 0.440943 0.827532 -1.512200 0.000000 0.000000 0.000000 1.000000
-0.898415 -0.409247 -0.159275 -8.207800 0.268477 -0.798871 0.538261 -6.771800 -0.347522 0.440819 0.827591 -1.512200 0.000000 0.000000 0.000000 1.000000</float_array>
        <technique_common>
          <accessor source="#mixamorig_RightUpLeg-Matrix-animation-output-transform-array" count="90" stride="16">
            <param type="float4x4"/>
          </accessor>
        </technique_common>
      </source>
      <source id="mixamorig_RightUpLeg-Interpolations">
        <Name_array id="mixamorig_RightUpLeg-Interpolations-array" count="90">
 LINEAR LINEAR LINEAR LINEAR LINEAR LINEAR LINEAR LINEAR LINEAR LINEAR LINEAR
LINEAR LINEAR LINEAR LINEAR LINEAR LINEAR LINEAR LINEAR LINEAR LINEAR LINEAR LINEAR
LINEAR LINEAR LINEAR LINEAR LINEAR LINEAR LINEAR LINEAR LINEAR LINEAR LINEAR LINEAR
LINEAR LINEAR LINEAR LINEAR LINEAR LINEAR LINEAR LINEAR LINEAR LINEAR LINEAR LINEAR
LINEAR LINEAR LINEAR LINEAR LINEAR LINEAR LINEAR LINEAR LINEAR LINEAR LINEAR LINEAR
LINEAR LINEAR LINEAR LINEAR LINEAR LINEAR LINEAR LINEAR LINEAR LINEAR LINEAR LINEAR
LINEAR LINEAR LINEAR LINEAR LINEAR LINEAR LINEAR LINEAR LINEAR LINEAR LINEAR LINEAR
LINEAR LINEAR LINEAR LINEAR LINEAR LINEAR LINEAR</Name_array>
        <technique_common>
          <accessor source="#mixamorig_RightUpLeg-Interpolations-array" count="90">
            <param type="name"/>
          </accessor>
        </technique_common>
      </source>
      <sampler id="mixamorig_RightUpLeg-Matrix-animation-transform">
        <input semantic="INPUT" source="#mixamorig_RightUpLeg-Matrix-animation-input"/>
        <input semantic="OUTPUT" source="#mixamorig_RightUpLeg-Matrix-animation-output-transform"/>
        <input semantic="INTERPOLATION" source="#mixamorig_RightUpLeg-Interpolations"/>
      </sampler>
      <channel source="#mixamorig_RightUpLeg-Matrix-animation-transform" target="mixamorig_RightUpLeg/matrix"/>
    </animation>
    <animation id="mixamorig_RightLeg-anim" name="mixamorig_RightLeg">
      <source id="mixamorig_RightLeg-Matrix-animation-input">
        <float_array id="mixamorig_RightLeg-Matrix-animation-input-array" count="90">

0.000000 0.033333 0.066667 0.100000 0.133333 0.166667 0.200000 0.233333 0.266667 0.300000 0.333333 0.366667 0.400000 0.433333 0.466667 0.500000
0.533333 0.566667 0.600000 0.633333 0.666667 0.700000 0.733333 0.766667 0.800000 0.833333 0.866667 0.900000 0.933333 0.966667 1.000000 1.033333
1.066667 1.100000 1.133333 1.166667 1.200000 1.233333 1.266667 1.300000 1.333333 1.366667 1.400000 1.433333 1.466667 1.500000 1.533333 1.566667
1.600000 1.633333 1.666667 1.700000 1.733333 1.766667 1.800000 1.833333 1.866667 1.900000 1.933333 1.966667 2.000000 2.033333 2.066667 2.100000
2.133333 2.166667 2.200000 2.233333 2.266667 2.300000 2.333333 2.366667 2.400000 2.433333 2.466667 2.500000 2.533333 2.566667 2.600000 2.633333
2.666667 2.700000 2.733333 2.766667 2.800000 2.833333 2.866667 2.900000 2.933333 2.966667</float_array>
        <technique_common>
          <accessor source="#mixamorig_RightLeg-Matrix-animation-input-array" count="90">
            <param name="TIME" type="float"/>
          </accessor>
        </technique_common>
      </source>
      <source id="mixamorig_RightLeg-Matrix-animation-output-transform">
        <float_array id="mixamorig_RightLeg-Matrix-animation-output-transform-array" count="1440">

0.990815 0.132118 -0.028820 -0.000000 -0.060319 0.622561 0.780243 44.371498 0.121027 -0.771338 0.624812 0.000000 0.000000 0.000000 0.000000 1.000000
0.991953 0.124791 -0.021384 -0.000000 -0.058642 0.602531 0.795938 44.371498 0.112210 -0.788279 0.605000 0.000000 0.000000 0.000000 0.000000 1.000000
0.992311 0.114918 -0.045956 0.000000 -0.030758 0.588643 0.807808 44.371498 0.119883 -0.800183 0.587652 0.000000 0.000000 0.000000 0.000000 1.000000
0.991607 0.103619 -0.077325 0.000000 0.002217 0.584358 0.811493 44.371498 0.129272 -0.804853 0.579223 -0.000000 0.000000 0.000000 0.000000 1.000000
0.989043 0.097266 -0.111052 0.000000 0.034384 0.579792 0.814038 44.371498 0.143565 -0.808938 0.570095 0.000000 0.000000 0.000000 0.000000 1.000000
0.980485 0.095395 -0.171900 -0.000000 0.087063 0.573272 0.814727 44.371498 0.176266 -0.813793 0.553779 0.000000 0.000000 0.000000 0.000000 1.000000
0.965920 0.095138 -0.240723 -0.000000 0.145605 0.569195 0.809207 44.371498 0.214005 -0.816680 0.535944 0.000000 0.000000 0.000000 0.000000 1.000000
0.944076 0.098820 -0.314572 0.000000 0.206974 0.565060 0.798667 44.371498 0.256677 -0.819111 0.513006 0.000000 0.000000 0.000000 0.000000 1.000000
0.914209 0.101569 -0.392308 0.000000 0.272423 0.562664 0.780510 44.371498 0.300013 -0.820423 0.486722 0.000000 0.000000 0.000000 0.000000 1.000000
0.880977 0.099870 -0.462499 0.000000 0.333952 0.561217 0.757305 44.371498 0.335194 -0.821621 0.461067 0.000000 0.000000 0.000000 0.000000 1.000000
0.850228 0.098567 -0.517105 -0.000000 0.381659 0.561130 0.734486 44.371498 0.362559 -0.821838 0.439469 0.000000 0.000000 0.000000 0.000000 1.000000
0.818109 0.093911 -0.567343 0.000000 0.426906 0.561822 0.708596 44.371498 0.385291 -0.821911 0.419540 0.000000 0.000000 0.000000 0.000000 1.000000
0.792148 0.090244 -0.603621 -0.000000 0.460834 0.560012 0.688490 44.371498 0.400167 -0.823555 0.402025 0.000000 0.000000 0.000000 0.000000 1.000000
0.774849 0.088947 -0.625857 0.000000 0.482529 0.556373 0.676472 44.371498 0.408380 -0.826158 0.388186 0.000000 0.000000 0.000000 0.000000 1.000000
0.764917 0.085180 -0.638472 0.000000 0.499051 0.548322 0.671037 44.371498 0.407247 -0.831918 0.376912 -0.000000 0.000000 0.000000 0.000000 1.000000
0.772964 0.092739 -0.627636 -0.000000 0.495254 0.530116 0.688259 44.371498 0.396548 -0.842838 0.363832 0.000000 0.000000 0.000000 0.000000 1.000000
0.799201 0.107453 -0.591382 -0.000000 0.469822 0.501992 0.726134 44.371498 0.374894 -0.858171 0.350709 0.000000 0.000000 0.000000 0.000000 1.000000
0.838599 0.124482 -0.530335 0.000000 0.419231 0.474172 0.774214 44.371498 0.347845 -0.871588 0.345454 0.000000 0.000000 0.000000 0.000000 1.000000
0.887876 0.140103 -0.438232 -0.000000 0.338669 0.445698 0.828647 44.371498 0.311416 -0.884152 0.348276 0.000000 0.000000 0.000000 0.000000 1.000000
0.933145 0.154683 -0.324522 0.000000 0.235129 0.420253 0.876414 44.371498 0.271947 -0.894126 0.355786 0.000000 0.000000 0.000000 0.000000 1.000000
0.964010 0.171900 -0.202818 0.000000 0.117885 0.407398 0.905610 44.371498 0.238302 -0.896926 0.372471 -0.000000 0.000000 0.000000 0.000000 1.000000
0.977031 0.192105 -0.092227 0.000000 0.004908 0.412392 0.910993 44.371498 0.213040 -0.890521 0.401977 0.000000 0.000000 0.000000 0.000000 1.000000
0.977623 0.210322 0.004131 0.000000 -0.097681 0.436476 0.894397 44.371498 0.186309 -0.874787 0.447254 0.000000 0.000000 0.000000 0.000000 1.000000
0.973926 0.214781 0.073057 0.000000 -0.171211 0.484566 0.857836 44.371498 0.148846 -0.847977 0.508704 0.000000 0.000000 0.000000 0.000000 1.000000
0.972243 0.204986 0.112806 0.000000 -0.209470 0.547770 0.809982 44.371498 0.104243 -0.811129 0.575503 -0.000000 0.000000 0.000000 0.000000 1.000000
0.972896 0.186257 0.137046 0.000000 -0.224629 0.620488 0.751357 44.371498 0.054910 -0.761777 0.645509 0.000000 0.000000 0.000000 0.000000 1.000000
0.975502 0.164745 0.145793 -0.000000 -0.219689 0.694704 0.684926 44.371498 0.011556 -0.700176 0.713877 -0.000000 0.000000 0.000000 0.000000 1.000000
0.980434 0.138944 0.139442 0.000000 -0.195858 0.759538 0.620276 44.371498 -0.019728 -0.635450 0.771890 -0.000000 0.000000 0.000000 0.000000 1.000000
0.986303 0.113420 0.119756 0.000000 -0.161367 0.813859 0.558206 44.371498 -0.034152 -0.569885 0.821014 0.000000 0.000000 0.000000 0.000000 1.000000
0.995772 0.085810 0.032770 0.000000 -0.091001 0.873093 0.478985 44.371498 0.012491 -0.479943 0.877211 0.000000 0.000000 0.000000 0.000000 1.000000
0.992204 0.084611 -0.091503 0.000000 -0.038042 0.904794 0.424147 44.371498 0.118679 -0.417359 0.900959 0.000000 0.000000 0.000000 0.000000 1.000000
0.974165 0.116227 -0.193631 0.000000 0.002204 0.852465 0.522780 44.371498 0.225825 -0.509701 0.830186 0.000000 0.000000 0.000000 0.000000 1.000000
0.969805 0.143325 -0.197322 0.000000 0.022409 0.753300 0.657296 44.371498 0.242850 -0.641870 0.727342 0.000000 0.000000 0.000000 0.000000 1.000000
0.969981 0.130891 -0.204951 0.000000 0.071730 0.651294 0.755427 44.371498 0.232362 -0.747451 0.622354 -0.000000 0.000000 0.000000 0.000000 1.000000
0.976600 0.108714 -0.185562 0.000000 0.105641 0.509061 0.854223 44.371498 0.187328 -0.853837 0.485664 -0.000000 0.000000 0.000000 0.000000 1.000000
0.987368 0.089757 -0.130570 0.000000 0.096049 0.316334 0.943773 44.371498 0.126014 -0.944392 0.303717 0.000000 0.000000 0.000000 0.000000 1.000000
0.994424 0.081020 -0.067499 -0.000000 0.056535 0.130721 0.989806 44.371498 0.089017 -0.988103 0.125412 0.000000 0.000000 0.000000 0.000000 1.000000
0.996534 0.078968 -0.026157 0.000000 0.029124 -0.036663 0.998903 44.371498 0.077923 -0.996203 -0.038836 -0.000000 0.000000 0.000000 0.000000 1.000000
0.996802 0.079614 -0.006928 0.000000 0.020884 -0.175832 0.984199 44.371498 0.077138 -0.981196 -0.176933 0.000000 0.000000 0.000000 0.000000 1.000000
0.996685 0.081226 -0.004571 0.000000 0.027401 -0.282262 0.958946 44.371498 0.076601 -0.955893 -0.283552 0.000000 0.000000 0.000000 0.000000 1.000000
0.996778 0.080135 -0.003384 -0.000000 0.031823 -0.356401 0.933791 44.371498 0.073623 -0.930890 -0.357803 -0.000000 0.000000 0.000000 0.000000 1.000000
0.997107 0.075974 -0.002184 0.000000 0.032515 -0.400403 0.915762 44.371498 0.068700 -0.913184 -0.401716 0.000000 0.000000 0.000000 0.000000 1.000000
0.997451 0.071258 -0.003572 0.000000 0.032734 -0.412568 0.910339 44.371498 0.063396 -0.908135 -0.413849 0.000000 0.000000 0.000000 0.000000 1.000000
0.997645 0.067441 -0.012496 0.000000 0.038646 -0.402199 0.914736 44.371498 0.056665 -0.913065 -0.403858 -0.000000 0.000000 0.000000 0.000000 1.000000
0.997681 0.065661 -0.017898 0.000000 0.041794 -0.383552 0.922573 44.371498 0.053712 -0.921182 -0.385407 -0.000000 0.000000 0.000000 0.000000 1.000000
0.997626 0.065680 -0.020694 0.000000 0.042607 -0.352627 0.934794 44.371498 0.054100 -0.933456 -0.354588 0.000000 0.000000 0.000000 0.000000 1.000000
0.997740 0.064424 -0.019068 0.000000 0.038179 -0.310131 0.949927 44.371498 0.055285 -0.948508 -0.311890 0.000000 0.000000 0.000000 0.000000 1.000000
0.997971 0.062302 -0.013118 0.000000 0.028759 -0.257294 0.965905 44.371498 0.056803 -0.964323 -0.258564 -0.000000 0.000000 0.000000 0.000000 1.000000
0.998103 0.060482 -0.011505 0.000000 0.022894 -0.191149 0.981294 44.371498 0.057151 -0.979696 -0.192171 0.000000 0.000000 0.000000 0.000000 1.000000
0.998072 0.059507 -0.017622 0.000000 0.024274 -0.112987 0.993300 44.371498 0.057118 -0.991813 -0.114213 0.000000 0.000000 0.000000 0.000000 1.000000
0.998059 0.060396 -0.015203 0.000000 0.016661 -0.023699 0.999580 44.371498 0.060010 -0.997893 -0.024659 0.000000 0.000000 0.000000 0.000000 1.000000
0.997827 0.063872 -0.016174 -0.000000 0.011384 0.074664 0.997144 44.371498 0.064897 -0.995161 0.073775 -0.000000 0.000000 0.000000 0.000000 1.000000
0.997119 0.070616 -0.027708 0.000000 0.014072 0.186737 0.982309 44.371498 0.074540 -0.979869 0.185205 -0.000000 0.000000 0.000000 0.000000 1.000000
0.995272 0.081017 -0.053571 0.000000 0.026081 0.308374 0.950908 44.371498 0.093559 -0.947809 0.304803 -0.000000 0.000000 0.000000 0.000000 1.000000
0.992135 0.099063 -0.076522 -0.000000 0.025864 0.435891 0.899628 44.371498 0.122475 -0.894531 0.429900 0.000000 0.000000 0.000000 0.000000 1.000000
0.987018 0.129490 -0.095014 0.000000 0.007926 0.551595 0.834075 44.371498 0.160414 -0.824000 0.543408 0.000000 0.000000 0.000000 0.000000 1.000000
0.977684 0.159975 -0.136172 0.000000 0.004895 0.630661 0.776043 44.371498 0.210026 -0.759391 0.615804 -0.000000 0.000000 0.000000 0.000000 1.000000
0.964303 0.168848 -0.203987 0.000000 0.040215 0.668020 0.743055 44.371498 0.261731 -0.724734 0.637383 -0.000000 0.000000 0.000000 0.000000 1.000000
0.954756 0.169864 -0.244104 0.000000 0.061960 0.689189 0.721928 44.371498 0.290863 -0.704390 0.647483 -0.000000 0.000000 0.000000 0.000000 1.000000
0.952956 0.155740 -0.260037 0.000000 0.061389 0.740957 0.668741 44.371498 0.296826 -0.653245 0.696538 -0.000000 0.000000 0.000000 0.000000 1.000000
0.952624 0.116945 -0.280769 -0.000000 0.055843 0.840182 0.539421 44.371498 0.298980 -0.529545 0.793847 -0.000000 0.000000 0.000000 0.000000 1.000000
0.963549 0.080620 -0.255094 0.000000 0.024000 0.923620 0.382557 44.371498 0.266452 -0.374735 0.888019 0.000000 0.000000 0.000000 0.000000 1.000000
0.974088 0.066307 -0.216232 -0.000000 -0.000125 0.956217 0.292660 44.371498 0.226170 -0.285050 0.931447 0.000000 0.000000 0.000000 0.000000 1.000000
0.986179 0.045974 -0.159180 0.000000 -0.006767 0.971107 0.238549 44.371498 0.165547 -0.234175 0.957996 0.000000 0.000000 0.000000 0.000000 1.000000
0.986148 0.050848 -0.157879 0.000000 -0.007402 0.964394 0.264366 44.371498 0.165700 -0.259535 0.951412 0.000000 0.000000 0.000000 0.000000 1.000000
0.980376 0.062013 -0.187129 0.000000 0.002876 0.944635 0.328110 44.371498 0.197115 -0.322209 0.925919 0.000000 0.000000 0.000000 0.000000 1.000000
0.974203 0.072937 -0.213561 0.000000 0.017552 0.918977 0.393920 44.371498 0.224989 -0.387507 0.893990 0.000000 0.000000 0.000000 0.000000 1.000000
0.968838 0.082648 -0.233501 0.000000 0.033616 0.890096 0.454531 44.371498 0.245404 -0.448217 0.859581 0.000000 0.000000 0.000000 0.000000 1.000000
0.967135 0.090644 -0.237558 0.000000 0.043321 0.861893 0.505236 44.371498 0.250546 -0.498923 0.829640 0.000000 0.000000 0.000000 0.000000 1.000000
0.969448 0.097970 -0.224885 0.000000 0.044130 0.832166 0.552768 44.371498 0.241297 -0.545804 0.802417 0.000000 0.000000 0.000000 0.000000 1.000000
0.973664 0.103957 -0.202907 0.000000 0.037581 0.804635 0.592579 44.371498 0.224869 -0.584599 0.779537 0.000000 0.000000 0.000000 0.000000 1.000000
0.978169 0.109076 -0.176884 0.000000 0.026598 0.778462 0.627127 44.371498 0.206102 -0.618141 0.758567 0.000000 0.000000 0.000000 0.000000 1.000000
0.981595 0.113027 -0.153934 0.000000 0.015447 0.756417 0.653907 44.371498 0.190348 -0.644250 0.740750 -0.000000 0.000000 0.000000 0.000000 1.000000
0.983216 0.116112 -0.140729 0.000000 0.009365 0.738210 0.674506 44.371498 0.182206 -0.664503 0.724732 -0.000000 0.000000 0.000000 0.000000 1.000000
0.984484 0.118436 -0.129476 0.000000 0.003677 0.723780 0.690021 44.371498 0.175436 -0.679790 0.712115 0.000000 0.000000 0.000000 0.000000 1.000000
0.985985 0.120099 -0.115804 0.000000 -0.004468 0.712877 0.701274 44.371498 0.166777 -0.690928 0.703423 -0.000000 0.000000 0.000000 0.000000 1.000000
0.987143 0.121585 -0.103756 0.000000 -0.011807 0.702827 0.711263 44.371498 0.159401 -0.700893 0.695227 0.000000 0.000000 0.000000 0.000000 1.000000
0.987802 0.122995 -0.095492 -0.000000 -0.016645 0.693149 0.720603 44.371498 0.154821 -0.710223 0.686741 0.000000 0.000000 0.000000 0.000000 1.000000
0.988216 0.124435 -0.089136 0.000000 -0.020156 0.683053 0.730091 44.371498 0.151733 -0.719691 0.677512 -0.000000 0.000000 0.000000 0.000000 1.000000
0.988583 0.125768 -0.082978 0.000000 -0.023656 0.673433 0.738870 44.371498 0.148806 -0.728472 0.668720 0.000000 0.000000 0.000000 0.000000 1.000000
0.988853 0.126946 -0.077814 0.000000 -0.026585 0.664734 0.746607 44.371498 0.146505 -0.736215 0.660699 0.000000 0.000000 0.000000 0.000000 1.000000
0.989041 0.128022 -0.073546 0.000000 -0.028950 0.656621 0.753665 44.371498 0.144777 -0.743276 0.653131 0.000000 0.000000 0.000000 0.000000 1.000000
0.989275 0.128938 -0.068632 0.000000 -0.031951 0.649510 0.759681 44.371498 0.142529 -0.749341 0.646664 0.000000 0.000000 0.000000 0.000000 1.000000
0.989559 0.129623 -0.063019 0.000000 -0.035693 0.644006 0.764188 44.371498 0.139641 -0.753959 0.641908 0.000000 0.000000 0.000000 0.000000 1.000000
0.988702 0.130320 -0.074061 -0.000000 -0.026650 0.639048 0.768705 44.371498 0.147506 -0.758047 0.635301 -0.000000 0.000000 0.000000 0.000000 1.000000
0.989490 0.130862 -0.061518 0.000000 -0.035860 0.634214 0.772325 44.371498 0.140084 -0.762002 0.632241 0.000000 0.000000 0.000000 0.000000 1.000000
0.990110 0.131334 -0.049339 0.000000 -0.044913 0.629887 0.775387 44.371498 0.132913 -0.765502 0.629556 -0.000000 0.000000 0.000000 0.000000 1.000000
0.990525 0.131704 -0.038901 0.000000 -0.052748 0.626411 0.777706 44.371498 0.126795 -0.768286 0.627423 0.000000 0.000000 0.000000 0.000000 1.000000
0.990749 0.131976 -0.031593 0.000000 -0.058251 0.623862 0.779360 44.371498 0.122566 -0.770311 0.625779 -0.000000 0.000000 0.000000 0.000000 1.000000
0.990815 0.132118 -0.028820 0.000000 -0.060319 0.622560 0.780244 44.371498 0.121027 -0.771339 0.624811 0.000000 0.000000 0.000000 0.000000 1.000000</float_array>
        <technique_common>
          <accessor source="#mixamorig_RightLeg-Matrix-animation-output-transform-array" count="90" stride="16">
            <param type="float4x4"/>
          </accessor>
        </technique_common>
      </source>
      <source id="mixamorig_RightLeg-Interpolations">
        <Name_array id="mixamorig_RightLeg-Interpolations-array" count="90">
 LINEAR LINEAR LINEAR LINEAR LINEAR LINEAR LINEAR LINEAR LINEAR LINEAR LINEAR
LINEAR LINEAR LINEAR LINEAR LINEAR LINEAR LINEAR LINEAR LINEAR LINEAR LINEAR LINEAR
LINEAR LINEAR LINEAR LINEAR LINEAR LINEAR LINEAR LINEAR LINEAR LINEAR LINEAR LINEAR
LINEAR LINEAR LINEAR LINEAR LINEAR LINEAR LINEAR LINEAR LINEAR LINEAR LINEAR LINEAR
LINEAR LINEAR LINEAR LINEAR LINEAR LINEAR LINEAR LINEAR LINEAR LINEAR LINEAR LINEAR
LINEAR LINEAR LINEAR LINEAR LINEAR LINEAR LINEAR LINEAR LINEAR LINEAR LINEAR LINEAR
LINEAR LINEAR LINEAR LINEAR LINEAR LINEAR LINEAR LINEAR LINEAR LINEAR LINEAR LINEAR
LINEAR LINEAR LINEAR LINEAR LINEAR LINEAR LINEAR</Name_array>
        <technique_common>
          <accessor source="#mixamorig_RightLeg-Interpolations-array" count="90">
            <param type="name"/>
          </accessor>
        </technique_common>
      </source>
      <sampler id="mixamorig_RightLeg-Matrix-animation-transform">
        <input semantic="INPUT" source="#mixamorig_RightLeg-Matrix-animation-input"/>
        <input semantic="OUTPUT" source="#mixamorig_RightLeg-Matrix-animation-output-transform"/>
        <input semantic="INTERPOLATION" source="#mixamorig_RightLeg-Interpolations"/>
      </sampler>
      <channel source="#mixamorig_RightLeg-Matrix-animation-transform" target="mixamorig_RightLeg/matrix"/>
    </animation>
    <animation id="mixamorig_RightFoot-anim" name="mixamorig_RightFoot">
      <source id="mixamorig_RightFoot-Matrix-animation-input">
        <float_array id="mixamorig_RightFoot-Matrix-animation-input-array" count="90">

0.000000 0.033333 0.066667 0.100000 0.133333 0.166667 0.200000 0.233333 0.266667 0.300000 0.333333 0.366667 0.400000 0.433333 0.466667 0.500000
0.533333 0.566667 0.600000 0.633333 0.666667 0.700000 0.733333 0.766667 0.800000 0.833333 0.866667 0.900000 0.933333 0.966667 1.000000 1.033333
1.066667 1.100000 1.133333 1.166667 1.200000 1.233333 1.266667 1.300000 1.333333 1.366667 1.400000 1.433333 1.466667 1.500000 1.533333 1.566667
1.600000 1.633333 1.666667 1.700000 1.733333 1.766667 1.800000 1.833333 1.866667 1.900000 1.933333 1.966667 2.000000 2.033333 2.066667 2.100000
2.133333 2.166667 2.200000 2.233333 2.266667 2.300000 2.333333 2.366667 2.400000 2.433333 2.466667 2.500000 2.533333 2.566667 2.600000 2.633333
2.666667 2.700000 2.733333 2.766667 2.800000 2.833333 2.866667 2.900000 2.933333 2.966667</float_array>
        <technique_common>
          <accessor source="#mixamorig_RightFoot-Matrix-animation-input-array" count="90">
            <param name="TIME" type="float"/>
          </accessor>
        </technique_common>
      </source>
      <source id="mixamorig_RightFoot-Matrix-animation-output-transform">
        <float_array id="mixamorig_RightFoot-Matrix-animation-output-transform-array" count="1440">

0.941435 -0.252757 0.223191 0.000000 0.285785 0.246796 -0.925969 44.527802 0.178962 0.935524 0.304577 0.000000 0.000000 0.000000 0.000000 1.000000
0.943559 -0.252688 0.214117 0.000000 0.282027 0.274019 -0.919442 44.527802 0.173660 0.927934 0.329818 0.000000 0.000000 0.000000 0.000000 1.000000
0.949237 -0.247173 0.194561 -0.000000 0.266920 0.305649 -0.913965 44.527802 0.166440 0.919502 0.356109 0.000000 0.000000 0.000000 0.000000 1.000000
0.955600 -0.238940 0.172444 0.000000 0.247271 0.331941 -0.910314 44.527802 0.160269 0.912536 0.376286 0.000000 0.000000 0.000000 0.000000 1.000000
0.961354 -0.229788 0.151645 0.000000 0.227656 0.353729 -0.907220 44.527802 0.154827 0.906683 0.392371 0.000000 0.000000 0.000000 0.000000 1.000000
0.966961 -0.218164 0.131874 -0.000000 0.205510 0.361027 -0.909629 44.527802 0.150838 0.906677 0.393934 0.000000 0.000000 0.000000 0.000000 1.000000
0.971454 -0.207634 0.114740 0.000000 0.186078 0.366927 -0.911449 44.527802 0.147146 0.906782 0.395088 0.000000 0.000000 0.000000 0.000000 1.000000
0.974889 -0.198512 0.100920 0.000000 0.170006 0.370717 -0.913053 44.527802 0.143839 0.907283 0.395156 -0.000000 0.000000 0.000000 0.000000 1.000000
0.977828 -0.189994 0.088059 0.000000 0.155250 0.375525 -0.913717 44.527802 0.140532 0.907129 0.396695 0.000000 0.000000 0.000000 0.000000 1.000000
0.980182 -0.182686 0.076609 0.000000 0.142474 0.381417 -0.913357 44.527802 0.137637 0.906171 0.399887 0.000000 0.000000 0.000000 0.000000 1.000000
0.981338 -0.178677 0.071066 -0.000000 0.136243 0.385270 -0.912691 44.527802 0.135698 0.905340 0.402424 -0.000000 0.000000 0.000000 0.000000 1.000000
0.982448 -0.175177 0.064100 0.000000 0.129586 0.393763 -0.910032 44.527802 0.134176 0.902366 0.409552 0.000000 0.000000 0.000000 0.000000 1.000000
0.983348 -0.172268 0.057888 0.000000 0.123595 0.400402 -0.907966 44.527802 0.133235 0.900001 0.415026 0.000000 0.000000 0.000000 0.000000 1.000000
0.984044 -0.169915 0.052784 0.000000 0.118330 0.403430 -0.907327 44.527802 0.132874 0.899096 0.417099 0.000000 0.000000 0.000000 0.000000 1.000000
0.985297 -0.165180 0.043648 0.000000 0.107935 0.403773 -0.908470 44.527802 0.132437 0.899824 0.415665 0.000000 0.000000 0.000000 0.000000 1.000000
0.986000 -0.162340 0.038086 0.000000 0.099618 0.390316 -0.915276 44.527802 0.133720 0.906256 0.401023 0.000000 0.000000 0.000000 0.000000 1.000000
0.986180 -0.161510 0.036931 0.000000 0.094303 0.363930 -0.926640 44.527802 0.136221 0.917316 0.374131 0.000000 0.000000 0.000000 0.000000 1.000000
0.985467 -0.164456 0.042544 0.000000 0.095724 0.330732 -0.938857 44.527802 0.140330 0.929285 0.341668 0.000000 0.000000 0.000000 0.000000 1.000000
0.983417 -0.171689 0.058427 0.000000 0.107468 0.292169 -0.950309 44.527802 0.146087 0.940830 0.305775 0.000000 0.000000 0.000000 0.000000 1.000000
0.979784 -0.181993 0.083073 -0.000000 0.128120 0.251896 -0.959236 44.527802 0.153648 0.950488 0.270120 -0.000000 0.000000 0.000000 0.000000 1.000000
0.974942 -0.192740 0.111085 -0.000000 0.152321 0.214440 -0.964787 44.527802 0.162133 0.957531 0.238425 0.000000 0.000000 0.000000 0.000000 1.000000
0.967496 -0.206920 0.145381 0.000000 0.186156 0.193635 -0.963250 44.527802 0.171164 0.959005 0.225861 0.000000 0.000000 0.000000 0.000000 1.000000
0.960178 -0.219812 0.172455 0.000000 0.216001 0.192541 -0.957221 44.527802 0.177204 0.956353 0.232353 0.000000 0.000000 0.000000 0.000000 1.000000
0.956143 -0.227233 0.184813 0.000000 0.233403 0.209891 -0.949457 44.527802 0.176958 0.950953 0.253723 -0.000000 0.000000 0.000000 0.000000 1.000000
0.954925 -0.231149 0.186249 -0.000000 0.240727 0.235882 -0.941494 44.527802 0.173693 0.943891 0.280894 -0.000000 0.000000 0.000000 0.000000 1.000000
0.957366 -0.227811 0.177632 -0.000000 0.234657 0.254645 -0.938132 44.527802 0.168484 0.939818 0.297246 0.000000 0.000000 0.000000 0.000000 1.000000
0.961062 -0.221375 0.165388 0.000000 0.223993 0.273595 -0.935400 44.527802 0.161824 0.936023 0.312528 0.000000 0.000000 0.000000 0.000000 1.000000
0.951296 -0.238905 0.194833 0.000000 0.263461 0.301872 -0.916221 44.527802 0.160075 0.922929 0.350112 0.000000 0.000000 0.000000 0.000000 1.000000
0.926813 -0.274193 0.256584 -0.000000 0.338765 0.315658 -0.886340 44.527802 0.162035 0.908393 0.385443 0.000000 0.000000 0.000000 0.000000 1.000000
0.897731 -0.310458 0.312561 0.000000 0.408898 0.323154 -0.853448 44.527802 0.163954 0.893973 0.417051 0.000000 0.000000 0.000000 0.000000 1.000000
0.870542 -0.339608 0.356122 0.000000 0.462617 0.318088 -0.827530 44.527802 0.167758 0.885148 0.434017 0.000000 0.000000 0.000000 0.000000 1.000000
0.880406 -0.332687 0.337942 0.000000 0.443524 0.325435 -0.835092 44.527802 0.167846 0.885105 0.434069 0.000000 0.000000 0.000000 0.000000 1.000000
0.893016 -0.328811 0.307254 -0.000000 0.421322 0.370946 -0.827579 44.527802 0.158143 0.868494 0.469796 0.000000 0.000000 0.000000 0.000000 1.000000
0.942532 -0.281941 0.179282 -0.000000 0.295654 0.453849 -0.840601 44.527802 0.155633 0.845299 0.511124 0.000000 0.000000 0.000000 0.000000 1.000000
0.972145 -0.221432 0.076825 0.000000 0.182755 0.510917 -0.839979 44.527802 0.146747 0.830621 0.537153 0.000000 0.000000 0.000000 0.000000 1.000000
0.980584 -0.187673 0.056861 0.000000 0.138462 0.457303 -0.878466 44.527802 0.138862 0.869283 0.474410 0.000000 0.000000 0.000000 0.000000 1.000000
0.973994 -0.187636 0.126996 -0.000000 0.183255 0.322783 -0.928563 44.527802 0.133240 0.927687 0.348774 0.000000 0.000000 0.000000 0.000000 1.000000
0.962560 -0.183727 0.199306 -0.000000 0.233220 0.186573 -0.954358 44.527802 0.138156 0.965109 0.222436 0.000000 0.000000 0.000000 0.000000 1.000000
0.951282 -0.171840 0.255994 0.000000 0.269735 0.061650 -0.960959 44.527802 0.149349 0.983194 0.104998 -0.000000 0.000000 0.000000 0.000000 1.000000
0.943306 -0.154434 0.293810 0.000000 0.289971 -0.047342 -0.955864 44.527802 0.161528 0.986868 0.000123 0.000000 0.000000 0.000000 0.000000 1.000000
0.937207 -0.142801 0.318199 0.000000 0.299914 -0.135721 -0.944262 44.527802 0.178028 0.980402 -0.084371 0.000000 0.000000 0.000000 0.000000 1.000000
0.932831 -0.141769 0.331252 0.000000 0.306042 -0.173474 -0.936080 44.527802 0.190171 0.974581 -0.118434 0.000000 0.000000 0.000000 0.000000 1.000000
0.930992 -0.150650 0.332504 0.000000 0.311023 -0.149482 -0.938573 44.527802 0.191099 0.977220 -0.092311 0.000000 0.000000 0.000000 0.000000 1.000000
0.931433 -0.162477 0.325627 -0.000000 0.314265 -0.092049 -0.944862 44.527802 0.183492 0.982409 -0.034677 0.000000 0.000000 0.000000 0.000000 1.000000
0.932139 -0.169539 0.319958 -0.000000 0.317882 -0.039998 -0.947286 44.527802 0.173400 0.984711 0.016610 -0.000000 0.000000 0.000000 0.000000 1.000000
0.933291 -0.172123 0.315186 0.000000 0.320016 0.000336 -0.947412 44.527802 0.162966 0.985075 0.055396 0.000000 0.000000 0.000000 0.000000 1.000000
0.934323 -0.177555 0.309056 0.000000 0.320125 0.036773 -0.946661 44.527802 0.156719 0.983424 0.091198 0.000000 0.000000 0.000000 0.000000 1.000000
0.935520 -0.185871 0.300423 0.000000 0.317833 0.071597 -0.945439 44.527802 0.154220 0.979962 0.126057 0.000000 0.000000 0.000000 0.000000 1.000000
0.937358 -0.186492 0.294247 0.000000 0.316839 0.105242 -0.942623 44.527802 0.144825 0.976803 0.157737 0.000000 0.000000 0.000000 0.000000 1.000000
0.940515 -0.179985 0.288163 -0.000000 0.314553 0.140730 -0.938750 44.527802 0.128408 0.973551 0.188973 0.000000 0.000000 0.000000 0.000000 1.000000
0.942931 -0.185292 0.276674 0.000000 0.309322 0.179759 -0.933813 44.527802 0.123293 0.966102 0.226815 0.000000 0.000000 0.000000 0.000000 1.000000
0.945070 -0.193216 0.263647 -0.000000 0.304118 0.224125 -0.925894 44.527802 0.119808 0.955215 0.270574 -0.000000 0.000000 0.000000 0.000000 1.000000
0.948865 -0.204414 0.240563 0.000000 0.292380 0.281710 -0.913867 44.527802 0.119038 0.937472 0.327071 0.000000 0.000000 0.000000 0.000000 1.000000
0.953881 -0.218681 0.205644 0.000000 0.273919 0.353850 -0.894292 44.527802 0.122798 0.909378 0.397432 0.000000 0.000000 0.000000 0.000000 1.000000
0.965267 -0.222847 0.136379 0.000000 0.224929 0.443254 -0.867717 44.527802 0.132917 0.868254 0.477983 0.000000 0.000000 0.000000 0.000000 1.000000
0.983600 -0.178820 0.023540 0.000000 0.117202 0.534485 -0.837013 44.527802 0.137093 0.826045 0.546677 0.000000 0.000000 0.000000 0.000000 1.000000
0.990017 -0.131407 -0.050977 0.000000 0.037595 0.594760 -0.803024 44.527802 0.135842 0.793091 0.593763 -0.000000 0.000000 0.000000 0.000000 1.000000
0.986379 -0.164254 -0.008767 -0.000000 0.099280 0.637005 -0.764440 44.527802 0.131147 0.753157 0.644635 0.000000 0.000000 0.000000 0.000000 1.000000
0.965653 -0.238708 0.102634 0.000000 0.230690 0.605853 -0.761396 44.527802 0.119570 0.758921 0.640111 0.000000 0.000000 0.000000 0.000000 1.000000
0.944501 -0.277268 0.176184 0.000000 0.306707 0.552142 -0.775287 44.527802 0.117684 0.786296 0.606539 -0.000000 0.000000 0.000000 0.000000 1.000000
0.922262 -0.313765 0.225798 0.000000 0.371083 0.554935 -0.744543 44.527802 0.108308 0.770454 0.628228 -0.000000 0.000000 0.000000 0.000000 1.000000
0.933618 -0.295651 0.202356 0.000000 0.342253 0.569005 -0.747727 44.527802 0.105925 0.767348 0.632421 0.000000 0.000000 0.000000 0.000000 1.000000
0.935093 -0.300698 0.187569 0.000000 0.333604 0.568190 -0.752242 44.527802 0.119623 0.765990 0.631625 0.000000 0.000000 0.000000 0.000000 1.000000
0.932247 -0.331021 0.146086 0.000000 0.318965 0.561253 -0.763712 44.527802 0.170814 0.758565 0.628810 0.000000 0.000000 0.000000 0.000000 1.000000
0.927599 -0.351197 0.127356 0.000000 0.311024 0.537173 -0.784034 44.527802 0.206938 0.766881 0.607512 -0.000000 0.000000 0.000000 0.000000 1.000000
0.924996 -0.361449 0.117205 0.000000 0.301192 0.509402 -0.806097 44.527802 0.231659 0.780938 0.580060 0.000000 0.000000 0.000000 0.000000 1.000000
0.924070 -0.367744 0.104201 0.000000 0.285660 0.483327 -0.827522 44.527802 0.253953 0.794455 0.551678 0.000000 0.000000 0.000000 0.000000 1.000000
0.924620 -0.369813 0.091196 0.000000 0.267676 0.460551 -0.846311 44.527802 0.270976 0.806927 0.524824 0.000000 0.000000 0.000000 0.000000 1.000000
0.926863 -0.365365 0.086221 0.000000 0.253303 0.439174 -0.861953 44.527802 0.277062 0.820752 0.499602 -0.000000 0.000000 0.000000 0.000000 1.000000
0.930354 -0.354872 0.092231 0.000000 0.245311 0.415476 -0.875901 44.527802 0.272513 0.837523 0.473594 -0.000000 0.000000 0.000000 0.000000 1.000000
0.933773 -0.341963 0.105498 0.000000 0.243771 0.391972 -0.887093 44.527802 0.262001 0.854060 0.449374 0.000000 0.000000 0.000000 0.000000 1.000000
0.936668 -0.328120 0.122431 0.000000 0.246125 0.368037 -0.896644 44.527802 0.249148 0.869992 0.425487 0.000000 0.000000 0.000000 0.000000 1.000000
0.938817 -0.315994 0.137006 0.000000 0.249274 0.348904 -0.903398 44.527802 0.237666 0.882278 0.406326 0.000000 0.000000 0.000000 0.000000 1.000000
0.940173 -0.308314 0.144972 0.000000 0.250091 0.335578 -0.908208 44.527802 0.231364 0.890129 0.392608 -0.000000 0.000000 0.000000 0.000000 1.000000
0.941044 -0.302116 0.152193 0.000000 0.251707 0.324758 -0.911689 44.527802 0.226010 0.896247 0.381656 0.000000 0.000000 0.000000 0.000000 1.000000
0.941420 -0.295807 0.161944 -0.000000 0.256228 0.315195 -0.913783 44.527802 0.219260 0.901748 0.372525 0.000000 0.000000 0.000000 0.000000 1.000000
0.941505 -0.290481 0.170846 0.000000 0.260841 0.307151 -0.915216 44.527802 0.213378 0.906244 0.364953 -0.000000 0.000000 0.000000 0.000000 1.000000
0.941554 -0.286630 0.176974 -0.000000 0.263780 0.300588 -0.916552 44.527802 0.209515 0.909665 0.358627 0.000000 0.000000 0.000000 0.000000 1.000000
0.941506 -0.283626 0.181998 0.000000 0.266121 0.294409 -0.917880 44.527802 0.206753 0.912622 0.352667 -0.000000 0.000000 0.000000 0.000000 1.000000
0.941465 -0.280656 0.186750 0.000000 0.268337 0.288572 -0.919087 44.527802 0.204057 0.915400 0.346991 0.000000 0.000000 0.000000 0.000000 1.000000
0.941479 -0.278033 0.190564 0.000000 0.269988 0.283554 -0.920165 44.527802 0.201801 0.917766 0.342025 -0.000000 0.000000 0.000000 0.000000 1.000000
0.941511 -0.275753 0.193691 0.000000 0.271216 0.278958 -0.921208 44.527802 0.199995 0.919860 0.337431 -0.000000 0.000000 0.000000 0.000000 1.000000
0.941486 -0.273265 0.197309 0.000000 0.272884 0.274384 -0.922089 44.527802 0.197836 0.921976 0.332899 0.000000 0.000000 0.000000 0.000000 1.000000
0.941378 -0.270582 0.201478 0.000000 0.275083 0.269951 -0.922744 44.527802 0.195289 0.924073 0.328559 0.000000 0.000000 0.000000 0.000000 1.000000
0.944704 -0.250173 0.212011 0.000000 0.277430 0.265034 -0.923466 44.527802 0.174837 0.931220 0.319784 -0.000000 0.000000 0.000000 0.000000 1.000000
0.943801 -0.250907 0.215140 0.000000 0.279766 0.259874 -0.924228 44.527802 0.175986 0.932476 0.315465 -0.000000 0.000000 0.000000 0.000000 1.000000
0.942921 -0.251620 0.218144 -0.000000 0.282031 0.255045 -0.924884 44.527802 0.177083 0.933616 0.311452 0.000000 0.000000 0.000000 0.000000 1.000000
0.942167 -0.252225 0.220689 0.000000 0.283959 0.251017 -0.925396 44.527802 0.178012 0.934544 0.308122 0.000000 0.000000 0.000000 0.000000 1.000000
0.941638 -0.252628 0.222477 0.000000 0.285293 0.248112 -0.925769 44.527802 0.178676 0.935211 0.305705 -0.000000 0.000000 0.000000 0.000000 1.000000
0.941434 -0.252758 0.223192 0.000000 0.285786 0.246797 -0.925968 44.527802 0.178963 0.935524 0.304578 0.000000 0.000000 0.000000 0.000000 1.000000</float_array>
        <technique_common>
          <accessor source="#mixamorig_RightFoot-Matrix-animation-output-transform-array" count="90" stride="16">
            <param type="float4x4"/>
          </accessor>
        </technique_common>
      </source>
      <source id="mixamorig_RightFoot-Interpolations">
        <Name_array id="mixamorig_RightFoot-Interpolations-array" count="90">
 LINEAR LINEAR LINEAR LINEAR LINEAR LINEAR LINEAR LINEAR LINEAR LINEAR LINEAR
LINEAR LINEAR LINEAR LINEAR LINEAR LINEAR LINEAR LINEAR LINEAR LINEAR LINEAR LINEAR
LINEAR LINEAR LINEAR LINEAR LINEAR LINEAR LINEAR LINEAR LINEAR LINEAR LINEAR LINEAR
LINEAR LINEAR LINEAR LINEAR LINEAR LINEAR LINEAR LINEAR LINEAR LINEAR LINEAR LINEAR
LINEAR LINEAR LINEAR LINEAR LINEAR LINEAR LINEAR LINEAR LINEAR LINEAR LINEAR LINEAR
LINEAR LINEAR LINEAR LINEAR LINEAR LINEAR LINEAR LINEAR LINEAR LINEAR LINEAR LINEAR
LINEAR LINEAR LINEAR LINEAR LINEAR LINEAR LINEAR LINEAR LINEAR LINEAR LINEAR LINEAR
LINEAR LINEAR LINEAR LINEAR LINEAR LINEAR LINEAR</Name_array>
        <technique_common>
          <accessor source="#mixamorig_RightFoot-Interpolations-array" count="90">
            <param type="name"/>
          </accessor>
        </technique_common>
      </source>
      <sampler id="mixamorig_RightFoot-Matrix-animation-transform">
        <input semantic="INPUT" source="#mixamorig_RightFoot-Matrix-animation-input"/>
        <input semantic="OUTPUT" source="#mixamorig_RightFoot-Matrix-animation-output-transform"/>
        <input semantic="INTERPOLATION" source="#mixamorig_RightFoot-Interpolations"/>
      </sampler>
      <channel source="#mixamorig_RightFoot-Matrix-animation-transform" target="mixamorig_RightFoot/matrix"/>
    </animation>
    <animation id="mixamorig_RightToeBase-anim" name="mixamorig_RightToeBase">
      <source id="mixamorig_RightToeBase-Matrix-animation-input">
        <float_array id="mixamorig_RightToeBase-Matrix-animation-input-array" count="90">

0.000000 0.033333 0.066667 0.100000 0.133333 0.166667 0.200000 0.233333 0.266667 0.300000 0.333333 0.366667 0.400000 0.433333 0.466667 0.500000
0.533333 0.566667 0.600000 0.633333 0.666667 0.700000 0.733333 0.766667 0.800000 0.833333 0.866667 0.900000 0.933333 0.966667 1.000000 1.033333
1.066667 1.100000 1.133333 1.166667 1.200000 1.233333 1.266667 1.300000 1.333333 1.366667 1.400000 1.433333 1.466667 1.500000 1.533333 1.566667
1.600000 1.633333 1.666667 1.700000 1.733333 1.766667 1.800000 1.833333 1.866667 1.900000 1.933333 1.966667 2.000000 2.033333 2.066667 2.100000
2.133333 2.166667 2.200000 2.233333 2.266667 2.300000 2.333333 2.366667 2.400000 2.433333 2.466667 2.500000 2.533333 2.566667 2.600000 2.633333
2.666667 2.700000 2.733333 2.766667 2.800000 2.833333 2.866667 2.900000 2.933333 2.966667</float_array>
        <technique_common>
          <accessor source="#mixamorig_RightToeBase-Matrix-animation-input-array" count="90">
            <param name="TIME" type="float"/>
          </accessor>
        </technique_common>
      </source>
      <source id="mixamorig_RightToeBase-Matrix-animation-output-transform">
        <float_array id="mixamorig_RightToeBase-Matrix-animation-output-transform-array" count="1440">

0.999742 0.017408 -0.014607 0.000000 -0.022724 0.771538 -0.635777 13.816900 0.000202 0.635945 0.771734 0.000000 0.000000 0.000000 0.000000 1.000000
0.999726 0.017251 -0.015848 -0.000000 -0.023404 0.764021 -0.644767 13.816900 0.000985 0.644961 0.764215 -0.000000 0.000000 0.000000 0.000000 1.000000
0.999687 0.017268 -0.018097 0.000000 -0.024863 0.765280 -0.643217 13.816900 0.002743 0.643466 0.765470 -0.000000 0.000000 0.000000 0.000000 1.000000
0.999628 0.017614 -0.020802 0.000000 -0.026810 0.773055 -0.633772 13.816900 0.004918 0.634095 0.773240 0.000000 0.000000 0.000000 0.000000 1.000000
0.999710 0.018523 -0.015364 -0.000000 -0.024058 0.784707 -0.619400 13.816900 0.000583 0.619590 0.784926 0.000000 0.000000 0.000000 0.000000 1.000000
0.999677 0.019629 -0.016158 0.000000 -0.025401 0.797844 -0.602329 13.816900 0.001068 0.602544 0.798085 0.000000 0.000000 0.000000 0.000000 1.000000
0.999681 0.019310 -0.016284 -0.000000 -0.025201 0.806148 -0.591177 13.816900 0.001712 0.591398 0.806378 0.000000 0.000000 0.000000 0.000000 1.000000
0.999826 0.018498 -0.002524 0.000000 -0.016474 0.810509 -0.585494 13.816900 -0.008785 0.585434 0.810672 0.000000 0.000000 0.000000 0.000000 1.000000
0.999831 0.018340 -0.000988 0.000000 -0.015452 0.810851 -0.585049 13.816900 -0.009928 0.584965 0.810997 0.000000 0.000000 0.000000 0.000000 1.000000
0.999832 0.018308 -0.001088 0.000000 -0.015481 0.810656 -0.585318 13.816900 -0.009835 0.585236 0.810803 0.000000 0.000000 0.000000 0.000000 1.000000
0.999832 0.018291 -0.001196 -0.000000 -0.015527 0.810442 -0.585613 13.816900 -0.009742 0.585533 0.810590 0.000000 0.000000 0.000000 0.000000 1.000000
0.999832 0.018281 -0.001314 0.000000 -0.015583 0.810207 -0.585936 13.816900 -0.009647 0.585858 0.810356 0.000000 0.000000 0.000000 0.000000 1.000000
0.999832 0.018273 -0.001442 -0.000000 -0.015648 0.809953 -0.586286 13.816900 -0.009545 0.586210 0.810103 0.000000 0.000000 0.000000 0.000000 1.000000
0.999832 0.018268 -0.001582 0.000000 -0.015722 0.809681 -0.586660 13.816900 -0.009436 0.586586 0.809832 0.000000 0.000000 0.000000 0.000000 1.000000
0.999832 0.018265 -0.001729 0.000000 -0.015801 0.809389 -0.587060 13.816900 -0.009323 0.586988 0.809542 -0.000000 0.000000 0.000000 0.000000 1.000000
0.999831 0.018263 -0.001887 -0.000000 -0.015887 0.809081 -0.587482 13.816900 -0.009202 0.587413 0.809235 -0.000000 0.000000 0.000000 0.000000 1.000000
0.999831 0.018255 -0.002054 0.000000 -0.015974 0.808755 -0.587928 13.816900 -0.009072 0.587862 0.808910 0.000000 0.000000 0.000000 0.000000 1.000000
0.999774 0.018184 -0.011045 0.000000 -0.021193 0.805621 -0.592053 13.816900 -0.001868 0.592153 0.805824 -0.000000 0.000000 0.000000 0.000000 1.000000
0.999733 0.018358 -0.014026 0.000000 -0.023103 0.791679 -0.610500 13.816900 -0.000103 0.610661 0.791892 0.000000 0.000000 0.000000 0.000000 1.000000
0.999731 0.018162 -0.014399 0.000000 -0.023177 0.778872 -0.626754 13.816900 -0.000168 0.626920 0.779084 -0.000000 0.000000 0.000000 0.000000 1.000000
0.999741 0.017489 -0.014588 -0.000000 -0.022774 0.771704 -0.635574 13.816900 0.000142 0.635742 0.771902 0.000000 0.000000 0.000000 0.000000 1.000000
0.999746 0.017213 -0.014578 0.000000 -0.022554 0.771602 -0.635705 13.816900 0.000306 0.635872 0.771794 0.000000 0.000000 0.000000 0.000000 1.000000
0.999742 0.017407 -0.014604 -0.000000 -0.022721 0.771637 -0.635657 13.816900 0.000204 0.635825 0.771833 0.000000 0.000000 0.000000 0.000000 1.000000
0.999743 0.017370 -0.014592 0.000000 -0.022685 0.771600 -0.635704 13.816900 0.000217 0.635871 0.771795 0.000000 0.000000 0.000000 0.000000 1.000000
0.999738 0.017803 -0.014401 0.000000 -0.022898 0.779083 -0.626502 13.816900 0.000066 0.626668 0.779287 0.000000 0.000000 0.000000 0.000000 1.000000
0.999814 0.018056 -0.006745 0.000000 -0.018515 0.802397 -0.596504 13.816900 -0.005359 0.596518 0.802582 0.000000 0.000000 0.000000 0.000000 1.000000
0.999827 0.018150 -0.004144 0.000000 -0.017066 0.804637 -0.593521 13.816900 -0.007438 0.593489 0.804808 0.000000 0.000000 0.000000 0.000000 1.000000
0.999824 0.018212 -0.004404 0.000000 -0.017265 0.804143 -0.594185 13.816900 -0.007280 0.594157 0.804316 0.000000 0.000000 0.000000 0.000000 1.000000
0.999822 0.018250 -0.004689 -0.000000 -0.017459 0.803634 -0.594868 13.816900 -0.007088 0.594844 0.803810 0.000000 0.000000 0.000000 0.000000 1.000000
0.999637 0.018538 -0.019556 0.000000 -0.026574 0.798411 -0.601526 13.816900 0.004462 0.601827 0.798614 0.000000 0.000000 0.000000 0.000000 1.000000
0.995862 0.017793 -0.089123 0.000000 -0.070104 0.774457 -0.628730 13.816900 0.057834 0.632376 0.772500 0.000000 0.000000 0.000000 0.000000 1.000000
0.973073 -0.000510 -0.230495 0.000000 -0.158503 0.724550 -0.670749 13.816900 0.167347 0.689222 0.704960 0.000000 0.000000 0.000000 0.000000 1.000000
0.953373 -0.058560 -0.296059 0.000000 -0.202828 0.602084 -0.772241 13.816900 0.223475 0.796282 0.562133 0.000000 0.000000 0.000000 0.000000 1.000000
0.966388 -0.117737 -0.228543 0.000000 -0.161172 0.415131 -0.895371 13.816900 0.200294 0.902111 0.382202 -0.000000 0.000000 0.000000 0.000000 1.000000
0.968565 -0.165434 -0.185776 0.000000 -0.146639 0.223559 -0.963597 13.816900 0.200944 0.960548 0.192273 -0.000000 0.000000 0.000000 0.000000 1.000000
0.966906 -0.188458 -0.171978 0.000000 -0.147276 0.138142 -0.979401 13.816900 0.208334 0.972317 0.105815 0.000000 0.000000 0.000000 0.000000 1.000000
0.966460 -0.194442 -0.167771 0.000000 -0.147636 0.113889 -0.982463 13.816900 0.210140 0.974280 0.081362 0.000000 0.000000 0.000000 0.000000 1.000000
0.966771 -0.191085 -0.169827 -0.000000 -0.150161 0.113176 -0.982162 13.816900 0.206897 0.975027 0.080722 0.000000 0.000000 0.000000 0.000000 1.000000
0.967258 -0.189544 -0.168775 0.000000 -0.153723 0.091595 -0.983860 13.816900 0.201943 0.977591 0.059459 -0.000000 0.000000 0.000000 0.000000 1.000000
0.967815 -0.187481 -0.167881 -0.000000 -0.156927 0.071922 -0.984988 13.816900 0.196741 0.979632 0.040186 0.000000 0.000000 0.000000 0.000000 1.000000
0.967785 -0.187593 -0.167934 0.000000 -0.158613 0.063750 -0.985281 13.816900 0.195537 0.980176 0.031942 -0.000000 0.000000 0.000000 0.000000 1.000000
0.965671 -0.195517 -0.171034 0.000000 -0.165377 0.045023 -0.985202 13.816900 0.200324 0.979666 0.011144 0.000000 0.000000 0.000000 0.000000 1.000000
0.961887 -0.209063 -0.176259 0.000000 -0.177482 0.013050 -0.984038 13.816900 0.208026 0.977815 -0.024552 0.000000 0.000000 0.000000 0.000000 1.000000
0.957919 -0.222492 -0.181350 0.000000 -0.190142 -0.018564 -0.981581 13.816900 0.215027 0.974758 -0.060088 0.000000 0.000000 0.000000 0.000000 1.000000
0.955571 -0.230120 -0.184197 -0.000000 -0.197611 -0.036466 -0.979602 13.816900 0.218709 0.972479 -0.080320 -0.000000 0.000000 0.000000 0.000000 1.000000
0.954939 -0.232782 -0.184129 0.000000 -0.197652 -0.035959 -0.979612 13.816900 0.221415 0.971864 -0.080348 -0.000000 0.000000 0.000000 0.000000 1.000000
0.953031 -0.238823 -0.186268 -0.000000 -0.197985 -0.025829 -0.979865 13.816900 0.229204 0.970719 -0.071899 0.000000 0.000000 0.000000 0.000000 1.000000
0.950125 -0.246836 -0.190615 0.000000 -0.198914 -0.008889 -0.979977 13.816900 0.240200 0.969016 -0.057545 0.000000 0.000000 0.000000 0.000000 1.000000
0.947013 -0.254289 -0.196224 0.000000 -0.199551 0.012913 -0.979802 13.816900 0.251687 0.967042 -0.038515 0.000000 0.000000 0.000000 0.000000 1.000000
0.944619 -0.258665 -0.201958 0.000000 -0.199079 0.037564 -0.979263 13.816900 0.260887 0.965237 -0.016011 0.000000 0.000000 0.000000 0.000000 1.000000
0.943994 -0.257486 -0.206341 0.000000 -0.196707 0.062924 -0.978441 13.816900 0.264918 0.964231 0.008750 0.000000 0.000000 0.000000 0.000000 1.000000
0.946211 -0.248306 -0.207432 0.000000 -0.191567 0.086714 -0.977641 13.816900 0.260742 0.964793 0.034483 0.000000 0.000000 0.000000 0.000000 1.000000
0.952364 -0.228823 -0.201598 0.000000 -0.181522 0.105857 -0.977673 13.816900 0.245055 0.967695 0.059278 0.000000 0.000000 0.000000 0.000000 1.000000
0.963638 -0.197140 -0.180384 0.000000 -0.160037 0.114804 -0.980412 13.816900 0.213987 0.973630 0.079080 0.000000 0.000000 0.000000 0.000000 1.000000
0.982165 -0.133963 -0.131930 0.000000 -0.118030 0.106906 -0.987239 13.816900 0.146357 0.985203 0.089188 0.000000 0.000000 0.000000 0.000000 1.000000
0.998658 -0.029879 -0.042292 0.000000 -0.039891 0.076832 -0.996246 13.816900 0.033017 0.996596 0.075537 -0.000000 0.000000 0.000000 0.000000 1.000000
0.998502 0.052166 0.016506 0.000000 0.013135 0.064315 -0.997843 13.816900 -0.053115 0.996565 0.063534 0.000000 0.000000 0.000000 0.000000 1.000000
0.999622 0.027229 -0.003860 -0.000000 -0.006650 0.103134 -0.994645 13.816900 -0.026685 0.994295 0.103277 0.000000 0.000000 0.000000 0.000000 1.000000
0.997930 -0.017127 -0.061994 0.000000 -0.055352 0.262146 -0.963439 13.816900 0.032752 0.964876 0.260655 0.000000 0.000000 0.000000 0.000000 1.000000
0.996423 -0.016472 -0.082888 0.000000 -0.067404 0.436703 -0.897077 13.816900 0.050974 0.899455 0.434030 0.000000 0.000000 0.000000 0.000000 1.000000
0.997227 -0.021929 -0.071114 0.000000 -0.049640 0.515917 -0.855199 13.816900 0.055443 0.856358 0.513398 -0.000000 0.000000 0.000000 0.000000 1.000000
0.995849 -0.027998 -0.086606 0.000000 -0.056468 0.556214 -0.829118 13.816900 0.071385 0.830567 0.552325 0.000000 0.000000 0.000000 0.000000 1.000000
0.995893 -0.013483 -0.089526 0.000000 -0.059662 0.646021 -0.760984 13.816900 0.068096 0.763200 0.642564 0.000000 0.000000 0.000000 0.000000 1.000000
0.999036 0.008273 -0.043120 -0.000000 -0.035185 0.738331 -0.673520 13.816900 0.026265 0.674388 0.737910 -0.000000 0.000000 0.000000 0.000000 1.000000
0.999743 0.017314 -0.014607 0.000000 -0.022651 0.771540 -0.635778 13.816900 0.000261 0.635945 0.771734 0.000000 0.000000 0.000000 0.000000 1.000000
0.999743 0.017317 -0.014607 -0.000000 -0.022653 0.771540 -0.635778 13.816900 0.000261 0.635946 0.771734 0.000000 0.000000 0.000000 0.000000 1.000000
0.999743 0.017315 -0.014607 0.000000 -0.022652 0.771538 -0.635780 13.816900 0.000261 0.635947 0.771732 0.000000 0.000000 0.000000 0.000000 1.000000
0.999743 0.017315 -0.014607 -0.000000 -0.022652 0.771539 -0.635779 13.816900 0.000261 0.635947 0.771733 0.000000 0.000000 0.000000 0.000000 1.000000
0.999743 0.017315 -0.014607 0.000000 -0.022652 0.771538 -0.635780 13.816900 0.000261 0.635947 0.771732 0.000000 0.000000 0.000000 0.000000 1.000000
0.999743 0.017317 -0.014606 0.000000 -0.022653 0.771538 -0.635780 13.816900 0.000260 0.635948 0.771732 0.000000 0.000000 0.000000 0.000000 1.000000
0.999743 0.017315 -0.014605 0.000000 -0.022651 0.771538 -0.635780 13.816900 0.000260 0.635947 0.771732 0.000000 0.000000 0.000000 0.000000 1.000000
0.999743 0.017316 -0.014606 0.000000 -0.022652 0.771539 -0.635779 13.816900 0.000260 0.635947 0.771733 0.000000 0.000000 0.000000 0.000000 1.000000
0.999743 0.017314 -0.014605 0.000000 -0.022650 0.771538 -0.635780 13.816900 0.000261 0.635948 0.771732 0.000000 0.000000 0.000000 0.000000 1.000000
0.999743 0.017314 -0.014606 -0.000000 -0.022651 0.771537 -0.635781 13.816900 0.000261 0.635948 0.771732 0.000000 0.000000 0.000000 0.000000 1.000000
0.999743 0.017315 -0.014606 0.000000 -0.022652 0.771538 -0.635779 13.816900 0.000260 0.635947 0.771733 -0.000000 0.000000 0.000000 0.000000 1.000000
0.999743 0.017316 -0.014606 0.000000 -0.022652 0.771539 -0.635779 13.816900 0.000260 0.635947 0.771733 0.000000 0.000000 0.000000 0.000000 1.000000
0.999743 0.017315 -0.014606 0.000000 -0.022652 0.771539 -0.635779 13.816900 0.000261 0.635946 0.771733 -0.000000 0.000000 0.000000 0.000000 1.000000
0.999743 0.017315 -0.014606 -0.000000 -0.022651 0.771539 -0.635779 13.816900 0.000261 0.635946 0.771733 0.000000 0.000000 0.000000 0.000000 1.000000
0.999743 0.017315 -0.014606 0.000000 -0.022651 0.771539 -0.635779 13.816900 0.000261 0.635947 0.771733 0.000000 0.000000 0.000000 0.000000 1.000000
0.999743 0.017314 -0.014606 0.000000 -0.022650 0.771539 -0.635779 13.816900 0.000261 0.635947 0.771733 -0.000000 0.000000 0.000000 0.000000 1.000000
0.999743 0.017315 -0.014606 0.000000 -0.022651 0.771539 -0.635779 13.816900 0.000261 0.635947 0.771733 0.000000 0.000000 0.000000 0.000000 1.000000
0.999743 0.017313 -0.014606 0.000000 -0.022650 0.771539 -0.635779 13.816900 0.000262 0.635946 0.771733 0.000000 0.000000 0.000000 0.000000 1.000000
0.999743 0.017315 -0.014606 0.000000 -0.022651 0.771538 -0.635779 13.816900 0.000261 0.635947 0.771733 0.000000 0.000000 0.000000 0.000000 1.000000
0.999743 0.017315 -0.014606 -0.000000 -0.022652 0.771539 -0.635778 13.816900 0.000261 0.635946 0.771733 0.000000 0.000000 0.000000 0.000000 1.000000
0.999743 0.017316 -0.014606 -0.000000 -0.022652 0.771539 -0.635778 13.816900 0.000260 0.635946 0.771734 0.000000 0.000000 0.000000 0.000000 1.000000
0.999743 0.017315 -0.014607 0.000000 -0.022652 0.771539 -0.635779 13.816900 0.000261 0.635946 0.771733 0.000000 0.000000 0.000000 0.000000 1.000000
0.999743 0.017314 -0.014606 0.000000 -0.022650 0.771538 -0.635780 13.816900 0.000262 0.635948 0.771732 0.000000 0.000000 0.000000 0.000000 1.000000
0.999743 0.017317 -0.014606 0.000000 -0.022653 0.771539 -0.635779 13.816900 0.000260 0.635947 0.771733 0.000000 0.000000 0.000000 0.000000 1.000000
0.999743 0.017316 -0.014607 0.000000 -0.022652 0.771540 -0.635777 13.816900 0.000261 0.635945 0.771735 0.000000 0.000000 0.000000 0.000000 1.000000
0.999742 0.017408 -0.014607 0.000000 -0.022724 0.771538 -0.635777 13.816900 0.000202 0.635945 0.771734 -0.000000 0.000000 0.000000 0.000000 1.000000</float_array>
        <technique_common>
          <accessor source="#mixamorig_RightToeBase-Matrix-animation-output-transform-array" count="90" stride="16">
            <param type="float4x4"/>
          </accessor>
        </technique_common>
      </source>
      <source id="mixamorig_RightToeBase-Interpolations">
        <Name_array id="mixamorig_RightToeBase-Interpolations-array" count="90">
 LINEAR LINEAR LINEAR LINEAR LINEAR LINEAR LINEAR LINEAR LINEAR LINEAR LINEAR
LINEAR LINEAR LINEAR LINEAR LINEAR LINEAR LINEAR LINEAR LINEAR LINEAR LINEAR LINEAR
LINEAR LINEAR LINEAR LINEAR LINEAR LINEAR LINEAR LINEAR LINEAR LINEAR LINEAR LINEAR
LINEAR LINEAR LINEAR LINEAR LINEAR LINEAR LINEAR LINEAR LINEAR LINEAR LINEAR LINEAR
LINEAR LINEAR LINEAR LINEAR LINEAR LINEAR LINEAR LINEAR LINEAR LINEAR LINEAR LINEAR
LINEAR LINEAR LINEAR LINEAR LINEAR LINEAR LINEAR LINEAR LINEAR LINEAR LINEAR LINEAR
LINEAR LINEAR LINEAR LINEAR LINEAR LINEAR LINEAR LINEAR LINEAR LINEAR LINEAR LINEAR
LINEAR LINEAR LINEAR LINEAR LINEAR LINEAR LINEAR</Name_array>
        <technique_common>
          <accessor source="#mixamorig_RightToeBase-Interpolations-array" count="90">
            <param type="name"/>
          </accessor>
        </technique_common>
      </source>
      <sampler id="mixamorig_RightToeBase-Matrix-animation-transform">
        <input semantic="INPUT" source="#mixamorig_RightToeBase-Matrix-animation-input"/>
        <input semantic="OUTPUT" source="#mixamorig_RightToeBase-Matrix-animation-output-transform"/>
        <input semantic="INTERPOLATION" source="#mixamorig_RightToeBase-Interpolations"/>
      </sampler>
      <channel source="#mixamorig_RightToeBase-Matrix-animation-transform" target="mixamorig_RightToeBase/matrix"/>
    </animation>
    <animation id="mixamorig_LeftUpLeg-anim" name="mixamorig_LeftUpLeg">
      <source id="mixamorig_LeftUpLeg-Matrix-animation-input">
        <float_array id="mixamorig_LeftUpLeg-Matrix-animation-input-array" count="90">

0.000000 0.033333 0.066667 0.100000 0.133333 0.166667 0.200000 0.233333 0.266667 0.300000 0.333333 0.366667 0.400000 0.433333 0.466667 0.500000
0.533333 0.566667 0.600000 0.633333 0.666667 0.700000 0.733333 0.766667 0.800000 0.833333 0.866667 0.900000 0.933333 0.966667 1.000000 1.033333
1.066667 1.100000 1.133333 1.166667 1.200000 1.233333 1.266667 1.300000 1.333333 1.366667 1.400000 1.433333 1.466667 1.500000 1.533333 1.566667
1.600000 1.633333 1.666667 1.700000 1.733333 1.766667 1.800000 1.833333 1.866667 1.900000 1.933333 1.966667 2.000000 2.033333 2.066667 2.100000
2.133333 2.166667 2.200000 2.233333 2.266667 2.300000 2.333333 2.366667 2.400000 2.433333 2.466667 2.500000 2.533333 2.566667 2.600000 2.633333
2.666667 2.700000 2.733333 2.766667 2.800000 2.833333 2.866667 2.900000 2.933333 2.966667</float_array>
        <technique_common>
          <accessor source="#mixamorig_LeftUpLeg-Matrix-animation-input-array" count="90">
            <param name="TIME" type="float"/>
          </accessor>
        </technique_common>
      </source>
      <source id="mixamorig_LeftUpLeg-Matrix-animation-output-transform">
        <float_array id="mixamorig_LeftUpLeg-Matrix-animation-output-transform-array" count="1440">

-0.903478 0.384609 0.189218 8.207800 -0.219876 -0.794792 0.565650 -6.771800 0.367943 0.469448 0.802643 -1.512200 0.000000 0.000000 0.000000 1.000000
-0.902348 0.377315 0.208329 8.207800 -0.205998 -0.802120 0.560508 -6.771800 0.378593 0.462858 0.801517 -1.512200 0.000000 0.000000 0.000000 1.000000
-0.900647 0.371094 0.226106 8.207800 -0.193214 -0.808034 0.556551 -6.771800 0.389234 0.457569 0.799454 -1.512200 0.000000 0.000000 0.000000 1.000000
-0.898970 0.363344 0.244608 8.207800 -0.179702 -0.815241 0.550536 -6.771800 0.399449 0.450959 0.798171 -1.512200 0.000000 0.000000 0.000000 1.000000
-0.898372 0.352276 0.262354 8.207800 -0.164781 -0.823975 0.542138 -6.771800 0.407155 0.443810 0.798284 -1.512200 0.000000 0.000000 0.000000 1.000000
-0.900716 0.342963 0.266622 8.207800 -0.157646 -0.829978 0.535055 -6.771800 0.404794 0.439900 0.801641 -1.512200 0.000000 0.000000 0.000000 1.000000
-0.907592 0.334513 0.253729 8.207800 -0.160026 -0.834321 0.527541 -6.771800 0.388161 0.438189 0.810754 -1.512200 0.000000 0.000000 0.000000 1.000000
-0.916858 0.321461 0.236715 8.207800 -0.162166 -0.841731 0.514967 -6.771800 0.364792 0.433765 0.823878 -1.512200 0.000000 0.000000 0.000000 1.000000
-0.928787 0.302064 0.214739 8.207800 -0.166214 -0.857372 0.487121 -6.771800 0.331253 0.416739 0.846523 -1.512200 0.000000 0.000000 0.000000 1.000000
-0.942683 0.277499 0.185322 8.207800 -0.171376 -0.879144 0.444675 -6.771800 0.286321 0.387427 0.876311 -1.512200 0.000000 0.000000 0.000000 1.000000
-0.956573 0.248148 0.152937 8.207800 -0.168790 -0.899305 0.403436 -6.771800 0.237649 0.360102 0.902136 -1.512200 0.000000 0.000000 0.000000 1.000000
-0.970203 0.210360 0.120229 8.207800 -0.153579 -0.917710 0.366363 -6.771800 0.187404 0.336982 0.922672 -1.512200 0.000000 0.000000 0.000000 1.000000
-0.980642 0.172198 0.093213 8.207800 -0.132421 -0.933896 0.332118 -6.771800 0.144241 0.313346 0.938621 -1.512200 0.000000 0.000000 0.000000 1.000000
-0.988463 0.134654 0.069349 8.207800 -0.108331 -0.948515 0.297629 -6.771800 0.105855 0.286683 0.952159 -1.512200 0.000000 0.000000 0.000000 1.000000
-0.993694 0.101623 0.047388 8.207800 -0.085834 -0.961330 0.261681 -6.771800 0.072148 0.255963 0.963990 -1.512200 0.000000 0.000000 0.000000 1.000000
-0.996546 0.076946 0.031240 8.207800 -0.068329 -0.973518 0.218160 -6.771800 0.047199 0.215272 0.975413 -1.512200 0.000000 0.000000 0.000000 1.000000
-0.997179 0.072949 0.017658 8.207800 -0.069096 -0.984103 0.163609 -6.771800 0.029312 0.161927 0.986367 -1.512200 0.000000 0.000000 0.000000 1.000000
-0.995404 0.095462 0.007547 8.207800 -0.093731 -0.987418 0.127358 -6.771800 0.019610 0.126066 0.991828 -1.512200 0.000000 0.000000 0.000000 1.000000
-0.988645 0.150265 0.001171 8.207800 -0.149312 -0.983190 0.105089 -6.771800 0.016943 0.103721 0.994462 -1.512200 0.000000 0.000000 0.000000 1.000000
-0.974382 0.224848 0.004739 8.207800 -0.223560 -0.970666 0.088479 -6.771800 0.024495 0.085152 0.996067 -1.512200 0.000000 0.000000 0.000000 1.000000
-0.954563 0.296881 0.025913 8.207800 -0.294190 -0.952636 0.077057 -6.771800 0.047563 0.065933 0.996690 -1.512200 0.000000 0.000000 0.000000 1.000000
-0.928739 0.363376 0.073490 8.207800 -0.357446 -0.930278 0.082557 -6.771800 0.098365 0.050405 0.993873 -1.512200 0.000000 0.000000 0.000000 1.000000
-0.889223 0.432937 0.147812 8.207800 -0.419405 -0.900542 0.114557 -6.771800 0.182707 0.039874 0.982359 -1.512200 0.000000 0.000000 0.000000 1.000000
-0.840558 0.496319 0.217093 8.207800 -0.469880 -0.867409 0.163754 -6.771800 0.269582 0.035637 0.962318 -1.512200 0.000000 0.000000 0.000000 1.000000
-0.798261 0.537750 0.271300 8.207800 -0.495998 -0.842442 0.210423 -6.771800 0.341710 0.033408 0.939211 -1.512200 0.000000 0.000000 0.000000 1.000000
-0.757959 0.565462 0.325194 8.207800 -0.515271 -0.824724 0.233080 -6.771800 0.399993 0.009102 0.916473 -1.512200 0.000000 0.000000 0.000000 1.000000
-0.727762 0.574375 0.374775 8.207800 -0.522878 -0.818291 0.238744 -6.771800 0.443804 -0.022213 0.895849 -1.512200 0.000000 0.000000 0.000000 1.000000
-0.716978 0.571509 0.399149 8.207800 -0.514043 -0.820209 0.251033 -6.771800 0.470853 -0.025194 0.881852 -1.512200 0.000000 0.000000 0.000000 1.000000
-0.726348 0.564463 0.392174 8.207800 -0.494506 -0.825450 0.272207 -6.771800 0.477371 0.003785 0.878694 -1.512200 0.000000 0.000000 0.000000 1.000000
-0.758272 0.540012 0.365254 8.207800 -0.460784 -0.840268 0.285707 -6.771800 0.461196 0.048340 0.885980 -1.512200 0.000000 0.000000 0.000000 1.000000
-0.797790 0.506683 0.326808 8.207800 -0.420207 -0.855954 0.301278 -6.771800 0.432385 0.103029 0.895784 -1.512200 0.000000 0.000000 0.000000 1.000000
-0.825323 0.490286 0.280109 8.207800 -0.376147 -0.847348 0.374853 -6.771800 0.421135 0.204013 0.883756 -1.512200 0.000000 0.000000 0.000000 1.000000
-0.843964 0.485058 0.229006 8.207800 -0.327555 -0.804126 0.496073 -6.771800 0.424775 0.343656 0.837536 -1.512200 0.000000 0.000000 0.000000 1.000000
-0.866643 0.470529 0.165931 8.207800 -0.273283 -0.725921 0.631154 -6.771800 0.417429 0.501639 0.757702 -1.512200 0.000000 0.000000 0.000000 1.000000
-0.907049 0.413928 0.076981 8.207800 -0.209362 -0.602075 0.770502 -6.771800 0.365280 0.682767 0.632772 -1.512200 0.000000 0.000000 0.000000 1.000000
-0.949073 0.314219 -0.022947 8.207800 -0.166493 -0.438378 0.883235 -6.771800 0.267470 0.842075 0.468369 -1.512200 0.000000 0.000000 0.000000 1.000000
-0.970179 0.229058 -0.079283 8.207800 -0.144562 -0.284239 0.947792 -6.771800 0.194564 0.930989 0.308876 -1.512200 0.000000 0.000000 0.000000 1.000000
-0.983903 0.155475 -0.088100 8.207800 -0.110990 -0.145283 0.983145 -6.771800 0.140055 0.977098 0.160201 -1.512200 0.000000 0.000000 0.000000 1.000000
-0.994394 0.068836 -0.080261 8.207800 -0.081928 -0.021739 0.996401 -6.771800 0.066843 0.997391 0.027256 -1.512200 0.000000 0.000000 0.000000 1.000000
-0.998617 0.002864 -0.052491 8.207800 -0.052089 0.080728 0.995374 -6.771800 0.007089 0.996732 -0.080467 -1.512200 0.000000 0.000000 0.000000 1.000000
-0.999102 -0.034154 -0.025061 8.207800 -0.030131 0.157113 0.987121 -6.771800 -0.029777 0.986990 -0.158001 -1.512200 0.000000 0.000000 0.000000 1.000000
-0.998452 -0.054355 -0.011769 8.207800 -0.022558 0.202399 0.979043 -6.771800 -0.050834 0.977793 -0.203312 -1.512200 0.000000 0.000000 0.000000 1.000000
-0.998214 -0.059448 -0.005953 8.207800 -0.018416 0.211359 0.977235 -6.771800 -0.056837 0.975599 -0.212076 -1.512200 0.000000 0.000000 0.000000 1.000000
-0.998014 -0.062266 -0.009525 8.207800 -0.021724 0.198311 0.979898 -6.771800 -0.059126 0.978159 -0.199270 -1.512200 0.000000 0.000000 0.000000 1.000000
-0.997813 -0.065051 -0.011700 8.207800 -0.023251 0.179774 0.983433 -6.771800 -0.061870 0.981555 -0.180894 -1.512200 0.000000 0.000000 0.000000 1.000000
-0.997415 -0.070077 -0.015887 8.207800 -0.026456 0.152574 0.987938 -6.771800 -0.066808 0.985804 -0.154033 -1.512200 0.000000 0.000000 0.000000 1.000000
-0.996888 -0.075500 -0.022695 8.207800 -0.031345 0.115441 0.992820 -6.771800 -0.072338 0.990441 -0.117448 -1.512200 0.000000 0.000000 0.000000 1.000000
-0.996552 -0.076903 -0.031132 8.207800 -0.036804 0.073485 0.996617 -6.771800 -0.074355 0.994327 -0.076062 -1.512200 0.000000 0.000000 0.000000 1.000000
-0.995879 -0.081531 -0.039709 8.207800 -0.041564 0.021174 0.998911 -6.771800 -0.080602 0.996446 -0.024475 -1.512200 0.000000 0.000000 0.000000 1.000000
-0.995600 -0.082618 -0.044223 8.207800 -0.040733 -0.043461 0.998224 -6.771800 -0.084393 0.995633 0.039905 -1.512200 0.000000 0.000000 0.000000 1.000000
-0.995759 -0.080024 -0.045392 8.207800 -0.035687 -0.118789 0.992278 -6.771800 -0.084798 0.989690 0.115429 -1.512200 0.000000 0.000000 0.000000 1.000000
-0.995927 -0.078265 -0.044774 8.207800 -0.029413 -0.187419 0.981840 -6.771800 -0.085235 0.979157 0.184353 -1.512200 0.000000 0.000000 0.000000 1.000000
-0.996742 -0.068759 -0.042167 8.207800 -0.021561 -0.276628 0.960735 -6.771800 -0.077724 0.958514 0.274244 -1.512200 0.000000 0.000000 0.000000 1.000000
-0.998209 -0.047173 -0.036801 8.207800 -0.016658 -0.371632 0.928231 -6.771800 -0.057463 0.927181 0.370180 -1.512200 0.000000 0.000000 0.000000 1.000000
-0.999431 -0.020942 -0.026425 8.207800 -0.013197 -0.478224 0.878139 -6.771800 -0.031027 0.877988 0.477676 -1.512200 0.000000 0.000000 0.000000 1.000000
-0.999884 0.013144 -0.007694 8.207800 -0.013866 -0.576580 0.816923 -6.771800 0.006302 0.816935 0.576695 -1.512200 0.000000 0.000000 0.000000 1.000000
-0.998817 0.045470 0.017232 8.207800 -0.016545 -0.651031 0.758871 -6.771800 0.045724 0.757688 0.651013 -1.512200 0.000000 0.000000 0.000000 1.000000
-0.996475 0.071744 0.043472 8.207800 -0.020844 -0.713725 0.700116 -6.771800 0.081256 0.696742 0.712705 -1.512200 0.000000 0.000000 0.000000 1.000000
-0.993025 0.093723 0.071529 8.207800 -0.027149 -0.772163 0.634845 -6.771800 0.114732 0.628475 0.769322 -1.512200 0.000000 0.000000 0.000000 1.000000
-0.988363 0.114646 0.099979 8.207800 -0.037219 -0.819532 0.571823 -6.771800 0.147493 0.561447 0.814262 -1.512200 0.000000 0.000000 0.000000 1.000000
-0.981067 0.136163 0.137723 8.207800 -0.046697 -0.856453 0.514108 -6.771800 0.187956 0.497943 0.846596 -1.512200 0.000000 0.000000 0.000000 1.000000
-0.969025 0.157609 0.190132 8.207800 -0.053963 -0.886406 0.459753 -6.771800 0.240995 0.435252 0.867454 -1.512200 0.000000 0.000000 0.000000 1.000000
-0.947689 0.174253 0.267437 8.207800 -0.054372 -0.913724 0.402680 -6.771800 0.314532 0.367075 0.875401 -1.512200 0.000000 0.000000 0.000000 1.000000
-0.910237 0.195964 0.364782 8.207800 -0.056476 -0.931450 0.359459 -6.771800 0.410218 0.306591 0.858908 -1.512200 0.000000 0.000000 0.000000 1.000000
-0.866178 0.215060 0.451094 8.207800 -0.057630 -0.939628 0.337309 -6.771800 0.496402 0.266173 0.826279 -1.512200 0.000000 0.000000 0.000000 1.000000
-0.823045 0.231567 0.518627 8.207800 -0.058268 -0.942720 0.328456 -6.771800 0.564980 0.240114 0.789394 -1.512200 0.000000 0.000000 0.000000 1.000000
-0.777939 0.260115 0.571971 8.207800 -0.069408 -0.940293 0.333215 -6.771800 0.624494 0.219522 0.749545 -1.512200 0.000000 0.000000 0.000000 1.000000
-0.739592 0.295987 0.604479 8.207800 -0.089840 -0.933490 0.347168 -6.771800 0.667033 0.202456 0.716993 -1.512200 0.000000 0.000000 0.000000 1.000000
-0.722388 0.324371 0.610688 8.207800 -0.106934 -0.924929 0.364790 -6.771800 0.683170 0.198216 0.702843 -1.512200 0.000000 0.000000 0.000000 1.000000
-0.730058 0.340647 0.592432 8.207800 -0.112177 -0.914884 0.387820 -6.771800 0.674116 0.216673 0.706130 -1.512200 0.000000 0.000000 0.000000 1.000000
-0.759255 0.345571 0.551464 8.207800 -0.112027 -0.904123 0.412325 -6.771800 0.641078 0.251281 0.725173 -1.512200 0.000000 0.000000 0.000000 1.000000
-0.792750 0.345815 0.501955 8.207800 -0.116538 -0.894286 0.432055 -6.771800 0.598303 0.284015 0.749246 -1.512200 0.000000 0.000000 0.000000 1.000000
-0.818566 0.345296 0.459042 8.207800 -0.123722 -0.886379 0.446122 -6.771800 0.560930 0.308387 0.768281 -1.512200 0.000000 0.000000 0.000000 1.000000
-0.830978 0.349666 0.432677 8.207800 -0.134661 -0.881071 0.453409 -6.771800 0.539761 0.318508 0.779237 -1.512200 0.000000 0.000000 0.000000 1.000000
-0.832009 0.361087 0.421162 8.207800 -0.145768 -0.874794 0.462046 -6.771800 0.535269 0.323035 0.780471 -1.512200 0.000000 0.000000 0.000000 1.000000
-0.826046 0.374794 0.420925 8.207800 -0.151442 -0.866984 0.474768 -6.771800 0.542875 0.328434 0.772928 -1.512200 0.000000 0.000000 0.000000 1.000000
-0.824915 0.382665 0.416031 8.207800 -0.152855 -0.859598 0.487572 -6.771800 0.544196 0.338613 0.767588 -1.512200 0.000000 0.000000 0.000000 1.000000
-0.826685 0.389178 0.406365 8.207800 -0.156723 -0.852898 0.497999 -6.771800 0.540398 0.348001 0.766071 -1.512200 0.000000 0.000000 0.000000 1.000000
-0.831557 0.393719 0.391788 8.207800 -0.160998 -0.845939 0.508397 -6.771800 0.531594 0.359684 0.766835 -1.512200 0.000000 0.000000 0.000000 1.000000
-0.839255 0.396248 0.372341 8.207800 -0.165093 -0.838153 0.519849 -6.771800 0.518069 0.374815 0.768842 -1.512200 0.000000 0.000000 0.000000 1.000000
-0.847427 0.398995 0.350244 8.207800 -0.171109 -0.829757 0.531249 -6.771800 0.502583 0.390265 0.771429 -1.512200 0.000000 0.000000 0.000000 1.000000
-0.855124 0.401937 0.327428 8.207800 -0.178641 -0.821357 0.541720 -6.771800 0.486672 0.404746 0.774165 -1.512200 0.000000 0.000000 0.000000 1.000000
-0.862968 0.403655 0.303892 8.207800 -0.186412 -0.813385 0.551049 -6.771800 0.469614 0.418888 0.777171 -1.512200 0.000000 0.000000 0.000000 1.000000
-0.871432 0.401716 0.281480 8.207800 -0.193078 -0.808435 0.556016 -6.771800 0.450919 0.430183 0.782058 -1.512200 0.000000 0.000000 0.000000 1.000000
-0.879132 0.399099 0.260477 8.207800 -0.199622 -0.804668 0.559161 -6.771800 0.432757 0.439579 0.787078 -1.512200 0.000000 0.000000 0.000000 1.000000
-0.885981 0.396301 0.240795 8.207800 -0.205794 -0.801355 0.561675 -6.771800 0.415555 0.448079 0.791543 -1.512200 0.000000 0.000000 0.000000 1.000000
-0.891837 0.393570 0.223002 8.207800 -0.211537 -0.798607 0.563452 -6.771800 0.399848 0.455334 0.795482 -1.512200 0.000000 0.000000 0.000000 1.000000
-0.896846 0.390467 0.207853 8.207800 -0.215974 -0.796608 0.564598 -6.771800 0.386034 0.461467 0.798765 -1.512200 0.000000 0.000000 0.000000 1.000000
-0.900943 0.387105 0.196090 8.207800 -0.218720 -0.795385 0.565265 -6.771800 0.374783 0.466383 0.801264 -1.512200 0.000000 0.000000 0.000000 1.000000
-0.903478 0.384610 0.189217 8.207800 -0.219876 -0.794791 0.565652 -6.771800 0.367943 0.469450 0.802643 -1.512200 0.000000 0.000000 0.000000 1.000000</float_array>
        <technique_common>
          <accessor source="#mixamorig_LeftUpLeg-Matrix-animation-output-transform-array" count="90" stride="16">
            <param type="float4x4"/>
          </accessor>
        </technique_common>
      </source>
      <source id="mixamorig_LeftUpLeg-Interpolations">
        <Name_array id="mixamorig_LeftUpLeg-Interpolations-array" count="90">
 LINEAR LINEAR LINEAR LINEAR LINEAR LINEAR LINEAR LINEAR LINEAR LINEAR LINEAR
LINEAR LINEAR LINEAR LINEAR LINEAR LINEAR LINEAR LINEAR LINEAR LINEAR LINEAR LINEAR
LINEAR LINEAR LINEAR LINEAR LINEAR LINEAR LINEAR LINEAR LINEAR LINEAR LINEAR LINEAR
LINEAR LINEAR LINEAR LINEAR LINEAR LINEAR LINEAR LINEAR LINEAR LINEAR LINEAR LINEAR
LINEAR LINEAR LINEAR LINEAR LINEAR LINEAR LINEAR LINEAR LINEAR LINEAR LINEAR LINEAR
LINEAR LINEAR LINEAR LINEAR LINEAR LINEAR LINEAR LINEAR LINEAR LINEAR LINEAR LINEAR
LINEAR LINEAR LINEAR LINEAR LINEAR LINEAR LINEAR LINEAR LINEAR LINEAR LINEAR LINEAR
LINEAR LINEAR LINEAR LINEAR LINEAR LINEAR LINEAR</Name_array>
        <technique_common>
          <accessor source="#mixamorig_LeftUpLeg-Interpolations-array" count="90">
            <param type="name"/>
          </accessor>
        </technique_common>
      </source>
      <sampler id="mixamorig_LeftUpLeg-Matrix-animation-transform">
        <input semantic="INPUT" source="#mixamorig_LeftUpLeg-Matrix-animation-input"/>
        <input semantic="OUTPUT" source="#mixamorig_LeftUpLeg-Matrix-animation-output-transform"/>
        <input semantic="INTERPOLATION" source="#mixamorig_LeftUpLeg-Interpolations"/>
      </sampler>
      <channel source="#mixamorig_LeftUpLeg-Matrix-animation-transform" target="mixamorig_LeftUpLeg/matrix"/>
    </animation>
    <animation id="mixamorig_LeftLeg-anim" name="mixamorig_LeftLeg">
      <source id="mixamorig_LeftLeg-Matrix-animation-input">
        <float_array id="mixamorig_LeftLeg-Matrix-animation-input-array" count="90">

0.000000 0.033333 0.066667 0.100000 0.133333 0.166667 0.200000 0.233333 0.266667 0.300000 0.333333 0.366667 0.400000 0.433333 0.466667 0.500000
0.533333 0.566667 0.600000 0.633333 0.666667 0.700000 0.733333 0.766667 0.800000 0.833333 0.866667 0.900000 0.933333 0.966667 1.000000 1.033333
1.066667 1.100000 1.133333 1.166667 1.200000 1.233333 1.266667 1.300000 1.333333 1.366667 1.400000 1.433333 1.466667 1.500000 1.533333 1.566667
1.600000 1.633333 1.666667 1.700000 1.733333 1.766667 1.800000 1.833333 1.866667 1.900000 1.933333 1.966667 2.000000 2.033333 2.066667 2.100000
2.133333 2.166667 2.200000 2.233333 2.266667 2.300000 2.333333 2.366667 2.400000 2.433333 2.466667 2.500000 2.533333 2.566667 2.600000 2.633333
2.666667 2.700000 2.733333 2.766667 2.800000 2.833333 2.866667 2.900000 2.933333 2.966667</float_array>
        <technique_common>
          <accessor source="#mixamorig_LeftLeg-Matrix-animation-input-array" count="90">
            <param name="TIME" type="float"/>
          </accessor>
        </technique_common>
      </source>
      <source id="mixamorig_LeftLeg-Matrix-animation-output-transform">
        <float_array id="mixamorig_LeftLeg-Matrix-animation-output-transform-array" count="1440">

0.977814 0.158194 0.137309 0.000000 -0.208008 0.655886 0.725635 44.371399 0.024732 -0.738097 0.674241 0.000000 0.000000 0.000000 0.000000 1.000000
0.977164 0.173121 0.123203 0.000000 -0.207400 0.650992 0.730202 44.371399 0.046209 -0.739079 0.672032 0.000000 0.000000 0.000000 0.000000 1.000000
0.978527 0.191168 0.077070 0.000000 -0.182908 0.632976 0.752254 44.371399 0.095023 -0.750197 0.654351 0.000000 0.000000 0.000000 0.000000 1.000000
0.977439 0.207763 0.038038 0.000000 -0.161454 0.618827 0.768756 44.371399 0.136180 -0.757554 0.638410 0.000000 0.000000 0.000000 0.000000 1.000000
0.975626 0.218953 0.014573 0.000000 -0.148475 0.609766 0.778551 44.371399 0.161580 -0.761738 0.627413 0.000000 0.000000 0.000000 0.000000 1.000000
0.975535 0.218219 0.026688 -0.000000 -0.152756 0.585521 0.796135 44.371399 0.158106 -0.780734 0.604531 0.000000 0.000000 0.000000 0.000000 1.000000
0.973017 0.205219 0.105463 -0.000000 -0.204818 0.557771 0.804326 44.371399 0.106239 -0.804224 0.584754 0.000000 0.000000 0.000000 0.000000 1.000000
0.959779 0.192391 0.204473 0.000000 -0.277069 0.531430 0.800509 44.371399 0.045347 -0.824965 0.563361 0.000000 0.000000 0.000000 0.000000 1.000000
0.937821 0.176145 0.299106 0.000000 -0.346727 0.516288 0.783088 44.371399 -0.016487 -0.838104 0.545261 -0.000000 0.000000 0.000000 0.000000 1.000000
0.916122 0.154171 0.370071 -0.000000 -0.394599 0.509790 0.764465 44.371399 -0.070800 -0.846372 0.527865 -0.000000 0.000000 0.000000 0.000000 1.000000
0.900434 0.132562 0.414301 0.000000 -0.420718 0.507386 0.752035 44.371399 -0.110519 -0.851462 0.512639 -0.000000 0.000000 0.000000 0.000000 1.000000
0.898642 0.113415 0.423768 0.000000 -0.419250 0.506363 0.753542 44.371399 -0.129117 -0.854829 0.502589 0.000000 0.000000 0.000000 0.000000 1.000000
0.904358 0.099810 0.414938 0.000000 -0.404347 0.511420 0.758257 44.371399 -0.136526 -0.853515 0.502865 0.000000 0.000000 0.000000 0.000000 1.000000
0.918744 0.087827 0.384962 -0.000000 -0.371692 0.521370 0.768127 44.371399 -0.133245 -0.848799 0.511650 0.000000 0.000000 0.000000 0.000000 1.000000
0.935816 0.075871 0.344225 -0.000000 -0.329429 0.535658 0.777526 44.371399 -0.125395 -0.841020 0.526272 -0.000000 0.000000 0.000000 0.000000 1.000000
0.951402 0.065959 0.300805 0.000000 -0.285497 0.555079 0.781268 44.371399 -0.115439 -0.829178 0.546934 -0.000000 0.000000 0.000000 0.000000 1.000000
0.959566 0.052224 0.276596 0.000000 -0.256415 0.567545 0.782396 44.371399 -0.116120 -0.821685 0.557988 0.000000 0.000000 0.000000 0.000000 1.000000
0.963005 0.033978 0.267331 0.000000 -0.238427 0.569760 0.786464 44.371399 -0.125592 -0.821108 0.556784 -0.000000 0.000000 0.000000 0.000000 1.000000
0.958763 0.009464 0.284048 0.000000 -0.239766 0.563556 0.790517 44.371399 -0.152596 -0.826024 0.542585 -0.000000 0.000000 0.000000 0.000000 1.000000
0.949677 -0.016744 0.312782 0.000000 -0.250376 0.559449 0.790145 44.371399 -0.188216 -0.828696 0.527104 0.000000 0.000000 0.000000 0.000000 1.000000
0.952157 -0.034948 0.303604 -0.000000 -0.232775 0.560772 0.794576 44.371399 -0.198022 -0.827232 0.525808 -0.000000 0.000000 0.000000 0.000000 1.000000
0.964689 -0.033850 0.261209 0.000000 -0.198265 0.559544 0.804737 44.371399 -0.173398 -0.828109 0.533075 0.000000 0.000000 0.000000 0.000000 1.000000
0.979879 -0.015999 0.198949 -0.000000 -0.156557 0.556668 0.815850 44.371399 -0.123801 -0.830581 0.542963 -0.000000 0.000000 0.000000 0.000000 1.000000
0.995496 0.002286 0.094771 -0.000000 -0.079469 0.565181 0.821130 44.371399 -0.051685 -0.824964 0.562818 0.000000 0.000000 0.000000 0.000000 1.000000
0.999822 0.018401 -0.004169 0.000000 -0.007692 0.599320 0.800473 44.371399 0.017228 -0.800298 0.599354 -0.000000 0.000000 0.000000 0.000000 1.000000
0.997327 0.034729 -0.064281 0.000000 0.024882 0.665765 0.745747 44.371399 0.068695 -0.745353 0.663121 0.000000 0.000000 0.000000 0.000000 1.000000
0.992749 0.053446 -0.107671 -0.000000 0.032106 0.745287 0.665970 44.371399 0.115840 -0.664598 0.738167 0.000000 0.000000 0.000000 0.000000 1.000000
0.990194 0.066340 -0.122945 0.000000 0.016425 0.818667 0.574033 44.371399 0.138732 -0.570424 0.809549 0.000000 0.000000 0.000000 0.000000 1.000000
0.993428 0.061482 -0.096548 0.000000 -0.008102 0.879152 0.476473 44.371399 0.114175 -0.472559 0.873872 0.000000 0.000000 0.000000 0.000000 1.000000
0.997514 0.048166 -0.051430 0.000000 -0.026593 0.933249 0.358243 44.371399 0.065253 -0.355985 0.932211 -0.000000 0.000000 0.000000 0.000000 1.000000
0.999272 0.037968 0.003690 0.000000 -0.037704 0.968343 0.246758 44.371399 0.005796 -0.246718 0.969070 -0.000000 0.000000 0.000000 0.000000 1.000000
0.997853 0.034511 0.055659 0.000000 -0.046099 0.973802 0.222674 44.371399 -0.046516 -0.224762 0.973303 0.000000 0.000000 0.000000 0.000000 1.000000
0.992402 0.038542 0.116848 0.000000 -0.071905 0.952295 0.296586 44.371399 -0.099843 -0.302735 0.947831 -0.000000 0.000000 0.000000 0.000000 1.000000
0.979608 0.047679 0.195181 -0.000000 -0.126832 0.900166 0.416671 44.371399 -0.155829 -0.432929 0.887857 0.000000 0.000000 0.000000 0.000000 1.000000
0.959536 0.059990 0.275122 0.000000 -0.210695 0.801153 0.560145 44.371399 -0.186812 -0.595446 0.781374 -0.000000 0.000000 0.000000 0.000000 1.000000
0.940380 0.070827 0.332668 0.000000 -0.301134 0.628084 0.717516 44.371399 -0.158124 -0.774916 0.611966 -0.000000 0.000000 0.000000 0.000000 1.000000
0.923416 0.107770 0.368359 -0.000000 -0.375579 0.451333 0.809469 44.371399 -0.079016 -0.885824 0.457244 0.000000 0.000000 0.000000 0.000000 1.000000
0.914903 0.132170 0.381422 0.000000 -0.403631 0.285946 0.869090 44.371399 0.005802 -0.949087 0.314961 0.000000 0.000000 0.000000 0.000000 1.000000
0.927919 0.134588 0.347637 -0.000000 -0.364349 0.130224 0.922112 44.371399 0.078835 -0.982307 0.169874 0.000000 0.000000 0.000000 0.000000 1.000000
0.944484 0.130894 0.301357 -0.000000 -0.304190 0.001734 0.952610 44.371399 0.124168 -0.991395 0.041455 0.000000 0.000000 0.000000 0.000000 1.000000
0.954088 0.124261 0.272534 0.000000 -0.262821 -0.089121 0.960720 44.371399 0.143668 -0.988239 -0.052371 0.000000 0.000000 0.000000 0.000000 1.000000
0.957671 0.120788 0.261299 -0.000000 -0.244060 -0.140654 0.959506 44.371399 0.152650 -0.982663 -0.105220 0.000000 0.000000 0.000000 0.000000 1.000000
0.960549 0.118443 0.251627 -0.000000 -0.233038 -0.151012 0.960671 44.371399 0.151784 -0.981410 -0.117453 0.000000 0.000000 0.000000 0.000000 1.000000
0.965809 0.115003 0.232353 -0.000000 -0.216484 -0.135386 0.966853 44.371399 0.142648 -0.984096 -0.105861 -0.000000 0.000000 0.000000 0.000000 1.000000
0.971063 0.110035 0.211964 0.000000 -0.200090 -0.109703 0.973617 44.371399 0.130385 -0.987855 -0.084512 0.000000 0.000000 0.000000 0.000000 1.000000
0.979830 0.102099 0.171779 -0.000000 -0.164627 -0.074831 0.983513 44.371399 0.113270 -0.991956 -0.056514 0.000000 0.000000 0.000000 0.000000 1.000000
0.984684 0.090108 0.149258 0.000000 -0.147058 -0.030622 0.988654 44.371399 0.093656 -0.995461 -0.016901 0.000000 0.000000 0.000000 0.000000 1.000000
0.988885 0.075652 0.127998 0.000000 -0.130051 0.022851 0.991244 44.371399 0.072064 -0.996872 0.032435 0.000000 0.000000 0.000000 0.000000 1.000000
0.992297 0.058548 0.109174 0.000000 -0.113954 0.085717 0.989781 44.371399 0.048591 -0.994598 0.091729 0.000000 0.000000 0.000000 0.000000 1.000000
0.994698 0.041462 0.094112 0.000000 -0.099538 0.158091 0.982395 44.371399 0.025854 -0.986554 0.161380 -0.000000 0.000000 0.000000 0.000000 1.000000
0.995591 0.023586 0.090789 0.000000 -0.093793 0.236700 0.967045 44.371399 0.001319 -0.971296 0.237869 -0.000000 0.000000 0.000000 0.000000 1.000000
0.996033 0.005031 0.088838 0.000000 -0.085735 0.321431 0.943044 44.371399 -0.023811 -0.946920 0.320587 -0.000000 0.000000 0.000000 0.000000 1.000000
0.997229 -0.013075 0.073231 -0.000000 -0.061311 0.413042 0.908646 44.371399 -0.042128 -0.910618 0.411096 -0.000000 0.000000 0.000000 0.000000 1.000000
0.998083 -0.031237 0.053435 0.000000 -0.030303 0.506157 0.861909 44.371399 -0.053970 -0.861876 0.504239 0.000000 0.000000 0.000000 0.000000 1.000000
0.998607 -0.049238 0.018983 0.000000 0.014354 0.599601 0.800170 44.371399 -0.050782 -0.798783 0.599472 0.000000 0.000000 0.000000 0.000000 1.000000
0.997593 -0.065425 -0.022990 -0.000000 0.061555 0.682765 0.728041 44.371399 -0.031935 -0.727703 0.685148 0.000000 0.000000 0.000000 0.000000 1.000000
0.995345 -0.077548 -0.057223 -0.000000 0.095791 0.730779 0.675860 44.371399 -0.010594 -0.678195 0.734805 0.000000 0.000000 0.000000 0.000000 1.000000
0.991444 -0.086668 -0.097607 -0.000000 0.129012 0.764394 0.631710 44.371399 0.019861 -0.638897 0.769035 0.000000 0.000000 0.000000 0.000000 1.000000
0.984864 -0.092482 -0.146595 -0.000000 0.161552 0.796220 0.583039 44.371399 0.062801 -0.597897 0.799109 -0.000000 0.000000 0.000000 0.000000 1.000000
0.974136 -0.093092 -0.205896 0.000000 0.191943 0.821722 0.536591 44.371399 0.119237 -0.562233 0.818338 -0.000000 0.000000 0.000000 0.000000 1.000000
0.955421 -0.082431 -0.283505 -0.000000 0.220483 0.837828 0.499430 44.371399 0.196360 -0.539675 0.818654 0.000000 0.000000 0.000000 0.000000 1.000000
0.931127 -0.054570 -0.360590 0.000000 0.235737 0.844473 0.480930 44.371399 0.278264 -0.532812 0.799175 0.000000 0.000000 0.000000 0.000000 1.000000
0.913835 -0.023828 -0.405385 -0.000000 0.235663 0.844098 0.481624 44.371399 0.330709 -0.535659 0.776982 0.000000 0.000000 0.000000 0.000000 1.000000
0.915529 -0.004929 -0.402222 0.000000 0.227483 0.831016 0.507606 44.371399 0.331751 -0.556227 0.761940 0.000000 0.000000 0.000000 0.000000 1.000000
0.937487 -0.006998 -0.347951 0.000000 0.207481 0.813933 0.542646 44.371399 0.279412 -0.580916 0.764503 -0.000000 0.000000 0.000000 0.000000 1.000000
0.964942 -0.022219 -0.261523 0.000000 0.173592 0.801376 0.572418 44.371399 0.196859 -0.597748 0.777138 0.000000 0.000000 0.000000 0.000000 1.000000
0.985994 -0.038080 -0.162373 -0.000000 0.130106 0.784740 0.606016 44.371399 0.104343 -0.618654 0.778704 0.000000 0.000000 0.000000 0.000000 1.000000
0.996334 -0.049605 -0.069695 -0.000000 0.082763 0.765050 0.638631 44.371399 0.021641 -0.642058 0.766351 0.000000 0.000000 0.000000 0.000000 1.000000
0.998473 -0.055129 0.003525 0.000000 0.039254 0.752961 0.656894 44.371399 -0.038867 -0.655752 0.753975 0.000000 0.000000 0.000000 0.000000 1.000000
0.998690 -0.048695 0.015691 0.000000 0.025626 0.741577 0.670378 44.371399 -0.044280 -0.669098 0.741854 -0.000000 0.000000 0.000000 0.000000 1.000000
0.998430 -0.046682 0.030951 0.000000 0.012809 0.728248 0.685194 44.371399 -0.054527 -0.683722 0.727703 0.000000 0.000000 0.000000 0.000000 1.000000
0.998345 -0.035489 0.045263 0.000000 -0.006038 0.717940 0.696079 44.371399 -0.057199 -0.695200 0.716537 0.000000 0.000000 0.000000 0.000000 1.000000
0.998192 -0.016583 0.057779 0.000000 -0.028666 0.713547 0.700021 44.371399 -0.052837 -0.700412 0.711781 -0.000000 0.000000 0.000000 0.000000 1.000000
0.997503 0.008585 0.070102 0.000000 -0.055333 0.711816 0.700183 44.371399 -0.043889 -0.702314 0.710513 0.000000 0.000000 0.000000 0.000000 1.000000
0.994993 0.032537 0.094496 0.000000 -0.089538 0.710256 0.698225 44.371399 -0.044398 -0.703191 0.709614 0.000000 0.000000 0.000000 0.000000 1.000000
0.990463 0.049735 0.128489 0.000000 -0.125790 0.706908 0.696030 44.371399 -0.056212 -0.705555 0.706423 0.000000 0.000000 0.000000 0.000000 1.000000
0.986570 0.063882 0.150328 0.000000 -0.151422 0.702782 0.695104 44.371399 -0.061243 -0.708532 0.703017 -0.000000 0.000000 0.000000 0.000000 1.000000
0.983793 0.076641 0.162102 -0.000000 -0.169109 0.697121 0.696724 44.371399 -0.059607 -0.712846 0.698783 0.000000 0.000000 0.000000 0.000000 1.000000
0.982045 0.088516 0.166594 -0.000000 -0.181123 0.689353 0.701418 44.371399 -0.052755 -0.718997 0.693008 0.000000 0.000000 0.000000 0.000000 1.000000
0.981289 0.098968 0.165158 0.000000 -0.187801 0.681122 0.707675 44.371399 -0.042455 -0.725450 0.686964 0.000000 0.000000 0.000000 0.000000 1.000000
0.981026 0.108268 0.160826 0.000000 -0.191410 0.672714 0.714716 44.371399 -0.030809 -0.731939 0.680674 -0.000000 0.000000 0.000000 0.000000 1.000000
0.980669 0.117644 0.156361 0.000000 -0.194750 0.664467 0.721496 44.371399 -0.019017 -0.738000 0.674533 0.000000 0.000000 0.000000 0.000000 1.000000
0.980243 0.126602 0.151972 0.000000 -0.197639 0.657558 0.727018 44.371399 -0.007888 -0.742690 0.669589 0.000000 0.000000 0.000000 0.000000 1.000000
0.979776 0.135187 0.147527 0.000000 -0.200088 0.654115 0.729451 44.371399 0.002113 -0.744217 0.667935 -0.000000 0.000000 0.000000 0.000000 1.000000
0.979037 0.142476 0.145560 -0.000000 -0.203493 0.653263 0.729272 44.371399 0.008815 -0.743605 0.668562 -0.000000 0.000000 0.000000 0.000000 1.000000
0.978141 0.148750 0.145302 -0.000000 -0.207513 0.653484 0.727940 44.371399 0.013329 -0.742180 0.670068 0.000000 0.000000 0.000000 0.000000 1.000000
0.977290 0.154280 0.145265 0.000000 -0.211227 0.654400 0.726047 44.371399 0.016953 -0.740242 0.672127 0.000000 0.000000 0.000000 0.000000 1.000000
0.976866 0.157685 0.144462 0.000000 -0.212960 0.655567 0.724486 44.371399 0.019536 -0.738490 0.673981 0.000000 0.000000 0.000000 0.000000 1.000000
0.977128 0.158655 0.141597 0.000000 -0.211514 0.656284 0.724260 44.371399 0.021980 -0.737645 0.674831 -0.000000 0.000000 0.000000 0.000000 1.000000
0.977814 0.158195 0.137311 0.000000 -0.208010 0.655883 0.725637 44.371399 0.024732 -0.738100 0.674238 0.000000 0.000000 0.000000 0.000000 1.000000</float_array>
        <technique_common>
          <accessor source="#mixamorig_LeftLeg-Matrix-animation-output-transform-array" count="90" stride="16">
            <param type="float4x4"/>
          </accessor>
        </technique_common>
      </source>
      <source id="mixamorig_LeftLeg-Interpolations">
        <Name_array id="mixamorig_LeftLeg-Interpolations-array" count="90">
 LINEAR LINEAR LINEAR LINEAR LINEAR LINEAR LINEAR LINEAR LINEAR LINEAR LINEAR
LINEAR LINEAR LINEAR LINEAR LINEAR LINEAR LINEAR LINEAR LINEAR LINEAR LINEAR LINEAR
LINEAR LINEAR LINEAR LINEAR LINEAR LINEAR LINEAR LINEAR LINEAR LINEAR LINEAR LINEAR
LINEAR LINEAR LINEAR LINEAR LINEAR LINEAR LINEAR LINEAR LINEAR LINEAR LINEAR LINEAR
LINEAR LINEAR LINEAR LINEAR LINEAR LINEAR LINEAR LINEAR LINEAR LINEAR LINEAR LINEAR
LINEAR LINEAR LINEAR LINEAR LINEAR LINEAR LINEAR LINEAR LINEAR LINEAR LINEAR LINEAR
LINEAR LINEAR LINEAR LINEAR LINEAR LINEAR LINEAR LINEAR LINEAR LINEAR LINEAR LINEAR
LINEAR LINEAR LINEAR LINEAR LINEAR LINEAR LINEAR</Name_array>
        <technique_common>
          <accessor source="#mixamorig_LeftLeg-Interpolations-array" count="90">
            <param type="name"/>
          </accessor>
        </technique_common>
      </source>
      <sampler id="mixamorig_LeftLeg-Matrix-animation-transform">
        <input semantic="INPUT" source="#mixamorig_LeftLeg-Matrix-animation-input"/>
        <input semantic="OUTPUT" source="#mixamorig_LeftLeg-Matrix-animation-output-transform"/>
        <input semantic="INTERPOLATION" source="#mixamorig_LeftLeg-Interpolations"/>
      </sampler>
      <channel source="#mixamorig_LeftLeg-Matrix-animation-transform" target="mixamorig_LeftLeg/matrix"/>
    </animation>
    <animation id="mixamorig_LeftFoot-anim" name="mixamorig_LeftFoot">
      <source id="mixamorig_LeftFoot-Matrix-animation-input">
        <float_array id="mixamorig_LeftFoot-Matrix-animation-input-array" count="90">

0.000000 0.033333 0.066667 0.100000 0.133333 0.166667 0.200000 0.233333 0.266667 0.300000 0.333333 0.366667 0.400000 0.433333 0.466667 0.500000
0.533333 0.566667 0.600000 0.633333 0.666667 0.700000 0.733333 0.766667 0.800000 0.833333 0.866667 0.900000 0.933333 0.966667 1.000000 1.033333
1.066667 1.100000 1.133333 1.166667 1.200000 1.233333 1.266667 1.300000 1.333333 1.366667 1.400000 1.433333 1.466667 1.500000 1.533333 1.566667
1.600000 1.633333 1.666667 1.700000 1.733333 1.766667 1.800000 1.833333 1.866667 1.900000 1.933333 1.966667 2.000000 2.033333 2.066667 2.100000
2.133333 2.166667 2.200000 2.233333 2.266667 2.300000 2.333333 2.366667 2.400000 2.433333 2.466667 2.500000 2.533333 2.566667 2.600000 2.633333
2.666667 2.700000 2.733333 2.766667 2.800000 2.833333 2.866667 2.900000 2.933333 2.966667</float_array>
        <technique_common>
          <accessor source="#mixamorig_LeftFoot-Matrix-animation-input-array" count="90">
            <param name="TIME" type="float"/>
          </accessor>
        </technique_common>
      </source>
      <source id="mixamorig_LeftFoot-Matrix-animation-output-transform">
        <float_array id="mixamorig_LeftFoot-Matrix-animation-output-transform-array" count="1440">

0.990771 0.118634 -0.065570 0.000000 -0.109567 0.416130 -0.902680 44.527802 -0.079803 0.901533 0.425288 -0.000000 0.000000 0.000000 0.000000 1.000000
0.991276 0.115362 -0.063743 0.000000 -0.105836 0.408468 -0.906616 44.527802 -0.078552 0.905453 0.417114 0.000000 0.000000 0.000000 0.000000 1.000000
0.990389 0.117358 -0.073195 0.000000 -0.112964 0.380973 -0.917659 44.527802 -0.079809 0.917108 0.390568 -0.000000 0.000000 0.000000 0.000000 1.000000
0.988986 0.120523 -0.085915 -0.000000 -0.123482 0.351824 -0.927886 44.527802 -0.081605 0.928275 0.362832 -0.000000 0.000000 0.000000 0.000000 1.000000
0.987158 0.124263 -0.100392 -0.000000 -0.136225 0.326544 -0.935314 44.527802 -0.083443 0.936978 0.339278 -0.000000 0.000000 0.000000 0.000000 1.000000
0.984611 0.130144 -0.116632 0.000000 -0.152328 0.312030 -0.937781 44.527802 -0.085654 0.941116 0.327053 0.000000 0.000000 0.000000 0.000000 1.000000
0.982920 0.135299 -0.124752 0.000000 -0.162484 0.319700 -0.933483 44.527802 -0.086416 0.937809 0.336224 0.000000 0.000000 0.000000 0.000000 1.000000
0.983824 0.133867 -0.119034 0.000000 -0.157577 0.330688 -0.930492 44.527802 -0.085199 0.934197 0.346434 0.000000 0.000000 0.000000 0.000000 1.000000
0.987780 0.121744 -0.097306 0.000000 -0.132618 0.328598 -0.935113 44.527802 -0.081870 0.936590 0.340728 -0.000000 0.000000 0.000000 0.000000 1.000000
0.993724 0.096947 -0.055794 -0.000000 -0.083438 0.310246 -0.946988 44.527802 -0.074498 0.945700 0.316388 0.000000 0.000000 0.000000 0.000000 1.000000
0.997821 0.065906 -0.003231 0.000000 -0.021363 0.276335 -0.960824 44.527802 -0.062431 0.958799 0.277141 0.000000 0.000000 0.000000 0.000000 1.000000
0.998170 0.037789 0.047212 0.000000 0.036901 0.237907 -0.970587 44.527802 -0.047909 0.970553 0.236077 0.000000 0.000000 0.000000 0.000000 1.000000
0.995050 0.011884 0.098658 0.000000 0.094328 0.199291 -0.975390 44.527802 -0.031253 0.979868 0.197184 0.000000 0.000000 0.000000 0.000000 1.000000
0.990090 -0.007305 0.140242 0.000000 0.139490 0.166640 -0.976101 44.527802 -0.016240 0.985991 0.166007 0.000000 0.000000 0.000000 0.000000 1.000000
0.985859 -0.018638 0.166537 0.000000 0.167456 0.147284 -0.974816 44.527802 -0.006359 0.988919 0.148323 0.000000 0.000000 0.000000 0.000000 1.000000
0.983719 -0.023387 0.178188 0.000000 0.179708 0.137435 -0.974072 44.527802 -0.001709 0.990235 0.139401 0.000000 0.000000 0.000000 0.000000 1.000000
0.982334 -0.026005 0.185319 -0.000000 0.187132 0.141971 -0.972022 44.527802 -0.001032 0.989529 0.144329 -0.000000 0.000000 0.000000 0.000000 1.000000
0.981954 -0.026022 0.187323 0.000000 0.188986 0.172593 -0.966693 44.527802 -0.007176 0.984649 0.174396 0.000000 0.000000 0.000000 0.000000 1.000000
0.983188 -0.022209 0.181243 0.000000 0.181697 0.217506 -0.958998 44.527802 -0.018123 0.975806 0.217884 0.000000 0.000000 0.000000 0.000000 1.000000
0.986120 -0.013861 0.165454 -0.000000 0.163287 0.261475 -0.951298 44.527802 -0.030077 0.965111 0.260109 0.000000 0.000000 0.000000 0.000000 1.000000
0.987921 -0.008536 0.154720 0.000000 0.150554 0.289157 -0.945368 44.527802 -0.036669 0.957243 0.286950 0.000000 0.000000 0.000000 0.000000 1.000000
0.993202 0.012082 0.115774 -0.000000 0.105317 0.330354 -0.937963 44.527802 -0.049579 0.943780 0.326836 0.000000 0.000000 0.000000 0.000000 1.000000
0.998534 0.026563 0.047152 -0.000000 0.033289 0.385484 -0.922114 44.527802 -0.042670 0.922332 0.384035 0.000000 0.000000 0.000000 0.000000 1.000000
0.998219 0.059483 -0.004556 -0.000000 -0.030894 0.450096 -0.892446 44.527802 -0.051035 0.890997 0.451132 0.000000 0.000000 0.000000 0.000000 1.000000
0.995771 0.084249 -0.036634 0.000000 -0.073842 0.496744 -0.864750 44.527802 -0.054656 0.863798 0.500864 -0.000000 0.000000 0.000000 0.000000 1.000000
0.992656 0.104726 -0.060548 -0.000000 -0.107713 0.537382 -0.836432 44.527802 -0.055059 0.836811 0.544716 0.000000 0.000000 0.000000 0.000000 1.000000
0.989569 0.121439 -0.077497 0.000000 -0.134433 0.585093 -0.799746 44.527802 -0.051778 0.801822 0.595315 -0.000000 0.000000 0.000000 0.000000 1.000000
0.986737 0.135868 -0.088826 0.000000 -0.155488 0.633926 -0.757602 44.527802 -0.046625 0.761366 0.646644 -0.000000 0.000000 0.000000 0.000000 1.000000
0.983792 0.151082 -0.096578 0.000000 -0.174846 0.688783 -0.703568 44.527802 -0.039775 0.709051 0.704035 -0.000000 0.000000 0.000000 0.000000 1.000000
0.981650 0.162886 -0.099153 0.000000 -0.188203 0.743842 -0.641310 44.527802 -0.030707 0.648203 0.760848 -0.000000 0.000000 0.000000 0.000000 1.000000
0.977260 0.181617 -0.109446 -0.000000 -0.211174 0.786849 -0.579891 44.527802 -0.019201 0.589816 0.807309 0.000000 0.000000 0.000000 0.000000 1.000000
0.973058 0.196401 -0.120764 0.000000 -0.230029 0.791538 -0.566175 44.527802 -0.015608 0.578700 0.815391 -0.000000 0.000000 0.000000 0.000000 1.000000
0.969462 0.205372 -0.134040 0.000000 -0.244247 0.759317 -0.603143 44.527802 -0.022090 0.617462 0.786290 -0.000000 0.000000 0.000000 0.000000 1.000000
0.970463 0.199764 -0.135265 0.000000 -0.238858 0.716835 -0.655053 44.527802 -0.033893 0.668013 0.743377 -0.000000 0.000000 0.000000 0.000000 1.000000
0.978794 0.169942 -0.114377 0.000000 -0.199782 0.668529 -0.716349 44.527802 -0.045274 0.724008 0.688304 0.000000 0.000000 0.000000 0.000000 1.000000
0.992026 0.100560 -0.075980 0.000000 -0.121097 0.593354 -0.795781 44.527802 -0.034941 0.798636 0.600799 -0.000000 0.000000 0.000000 0.000000 1.000000
0.998407 0.049399 -0.027264 0.000000 -0.050349 0.561901 -0.825671 44.527802 -0.025468 0.825728 0.563493 -0.000000 0.000000 0.000000 0.000000 1.000000
0.999525 0.026994 0.014879 0.000000 -0.002739 0.558598 -0.829434 44.527802 -0.030701 0.828999 0.558407 0.000000 0.000000 0.000000 0.000000 1.000000
0.999592 0.006179 0.027877 0.000000 0.020105 0.540921 -0.840833 44.527802 -0.020275 0.841050 0.540577 0.000000 0.000000 0.000000 0.000000 1.000000
0.999343 -0.004188 0.035997 0.000000 0.032842 0.524617 -0.850705 44.527802 -0.015322 0.851328 0.524410 0.000000 0.000000 0.000000 0.000000 1.000000
0.999106 0.001559 0.042246 -0.000000 0.035410 0.515034 -0.856438 44.527802 -0.023094 0.857169 0.514518 0.000000 0.000000 0.000000 0.000000 1.000000
0.999110 0.004894 0.041886 0.000000 0.033529 0.510240 -0.859378 44.527802 -0.025578 0.860018 0.509622 0.000000 0.000000 0.000000 0.000000 1.000000
0.998798 0.004111 0.048846 0.000000 0.039976 0.508359 -0.860217 44.527802 -0.028368 0.861136 0.507583 0.000000 0.000000 0.000000 0.000000 1.000000
0.998544 0.003642 0.053822 0.000000 0.044620 0.504945 -0.861998 44.527802 -0.030316 0.863144 0.504047 0.000000 0.000000 0.000000 0.000000 1.000000
0.998332 0.004553 0.057546 0.000000 0.047446 0.503110 -0.862919 44.527802 -0.032881 0.864211 0.502055 -0.000000 0.000000 0.000000 0.000000 1.000000
0.997390 0.023119 0.068406 0.000000 0.047572 0.502302 -0.863382 44.527802 -0.054321 0.864383 0.499891 0.000000 0.000000 0.000000 0.000000 1.000000
0.997523 0.026311 0.065237 -0.000000 0.043209 0.502631 -0.863421 44.527802 -0.055508 0.864101 0.500249 0.000000 0.000000 0.000000 0.000000 1.000000
0.997734 0.031872 0.059248 0.000000 0.035085 0.504928 -0.862448 44.527802 -0.057404 0.862573 0.502666 -0.000000 0.000000 0.000000 0.000000 1.000000
0.997940 0.039656 0.050432 -0.000000 0.023253 0.509059 -0.860417 44.527802 -0.059793 0.859817 0.507088 0.000000 0.000000 0.000000 0.000000 1.000000
0.998001 0.046599 0.042681 0.000000 0.012545 0.515882 -0.856568 44.527802 -0.061933 0.855392 0.514266 -0.000000 0.000000 0.000000 0.000000 1.000000
0.998497 0.045065 0.031177 0.000000 0.002903 0.524639 -0.851320 44.527802 -0.054722 0.850131 0.523720 -0.000000 0.000000 0.000000 0.000000 1.000000
0.999042 0.040547 0.016443 -0.000000 -0.007882 0.536436 -0.843904 44.527802 -0.043038 0.842966 0.536242 0.000000 0.000000 0.000000 0.000000 1.000000
0.998912 0.045955 0.007937 0.000000 -0.018682 0.550266 -0.834781 44.527802 -0.042730 0.833724 0.550526 0.000000 0.000000 0.000000 0.000000 1.000000
0.998621 0.052488 -0.001322 0.000000 -0.030791 0.565056 -0.824478 44.527802 -0.042528 0.823381 0.565893 0.000000 0.000000 0.000000 0.000000 1.000000
0.998006 0.061607 -0.013730 0.000000 -0.047046 0.581034 -0.812518 44.527802 -0.042079 0.811544 0.582774 0.000000 0.000000 0.000000 0.000000 1.000000
0.996977 0.072371 -0.028269 0.000000 -0.065740 0.591809 -0.803393 44.527802 -0.041413 0.802823 0.594777 0.000000 0.000000 0.000000 0.000000 1.000000
0.995749 0.081876 -0.042187 0.000000 -0.081824 0.576069 -0.813295 44.527802 -0.042287 0.813290 0.580320 0.000000 0.000000 0.000000 0.000000 1.000000
0.994161 0.091597 -0.057036 0.000000 -0.098386 0.552425 -0.827736 44.527802 -0.044309 0.828515 0.558211 0.000000 0.000000 0.000000 0.000000 1.000000
0.992277 0.101755 -0.070944 0.000000 -0.115023 0.540659 -0.833341 44.527802 -0.046440 0.835065 0.548188 -0.000000 0.000000 0.000000 0.000000 1.000000
0.990232 0.112711 -0.082074 0.000000 -0.130745 0.546165 -0.827411 44.527802 -0.048432 0.830060 0.555566 0.000000 0.000000 0.000000 0.000000 1.000000
0.988432 0.122679 -0.089172 -0.000000 -0.142914 0.556602 -0.818395 44.527802 -0.050766 0.821672 0.567695 0.000000 0.000000 0.000000 0.000000 1.000000
0.986917 0.131266 -0.093615 0.000000 -0.151261 0.552844 -0.819441 44.527802 -0.055810 0.822881 0.565467 0.000000 0.000000 0.000000 0.000000 1.000000
0.984931 0.147407 -0.090457 -0.000000 -0.155749 0.528598 -0.834462 44.527802 -0.075190 0.835976 0.543591 -0.000000 0.000000 0.000000 0.000000 1.000000
0.984022 0.165820 -0.064841 0.000000 -0.140090 0.496308 -0.856769 44.527802 -0.109888 0.852163 0.511608 0.000000 0.000000 0.000000 0.000000 1.000000
0.983003 0.182353 -0.021286 -0.000000 -0.104975 0.463153 -0.880040 44.527802 -0.150619 0.867316 0.474423 0.000000 0.000000 0.000000 0.000000 1.000000
0.978176 0.207371 0.012970 0.000000 -0.081094 0.438508 -0.895061 44.527802 -0.191297 0.874476 0.445754 0.000000 0.000000 0.000000 0.000000 1.000000
0.972234 0.230202 0.042058 0.000000 -0.060307 0.420127 -0.905459 44.527802 -0.226108 0.877781 0.422345 -0.000000 0.000000 0.000000 0.000000 1.000000
0.967402 0.245017 0.064035 0.000000 -0.042537 0.406474 -0.912671 44.527802 -0.249649 0.880196 0.403646 0.000000 0.000000 0.000000 0.000000 1.000000
0.965410 0.251655 0.068214 0.000000 -0.037683 0.393539 -0.918535 44.527802 -0.257999 0.884193 0.389410 0.000000 0.000000 0.000000 0.000000 1.000000
0.962184 0.264370 0.065657 0.000000 -0.039716 0.374602 -0.926335 44.527802 -0.269491 0.888697 0.370936 -0.000000 0.000000 0.000000 0.000000 1.000000
0.966400 0.253185 0.044359 0.000000 -0.053244 0.366011 -0.929086 44.527802 -0.251467 0.895507 0.367193 0.000000 0.000000 0.000000 0.000000 1.000000
0.971094 0.237774 0.020986 0.000000 -0.069509 0.365799 -0.928094 44.527802 -0.228354 0.899808 0.371753 0.000000 0.000000 0.000000 0.000000 1.000000
0.974863 0.222792 -0.002337 0.000000 -0.087834 0.374653 -0.922995 44.527802 -0.204760 0.900000 0.384804 -0.000000 0.000000 0.000000 0.000000 1.000000
0.976898 0.212404 -0.023563 -0.000000 -0.106724 0.389360 -0.914882 44.527802 -0.185150 0.896261 0.403034 0.000000 0.000000 0.000000 0.000000 1.000000
0.977729 0.207011 -0.034524 0.000000 -0.118229 0.407379 -0.905574 44.527802 -0.173399 0.889488 0.422781 0.000000 0.000000 0.000000 0.000000 1.000000
0.979290 0.200489 -0.028217 0.000000 -0.111168 0.415977 -0.902555 44.527802 -0.169215 0.886999 0.429650 -0.000000 0.000000 0.000000 0.000000 1.000000
0.981458 0.190676 -0.019553 0.000000 -0.099374 0.418948 -0.902556 44.527802 -0.163904 0.887764 0.430128 -0.000000 0.000000 0.000000 0.000000 1.000000
0.983308 0.181321 -0.015078 0.000000 -0.091078 0.418783 -0.903507 44.527802 -0.157510 0.889800 0.428307 0.000000 0.000000 0.000000 0.000000 1.000000
0.984888 0.172616 -0.014089 0.000000 -0.086083 0.417319 -0.904674 44.527802 -0.150281 0.892215 0.425872 0.000000 0.000000 0.000000 0.000000 1.000000
0.986191 0.164817 -0.016208 0.000000 -0.084466 0.416387 -0.905256 44.527802 -0.142452 0.894124 0.424558 -0.000000 0.000000 0.000000 0.000000 1.000000
0.987303 0.157500 -0.020656 0.000000 -0.085023 0.414120 -0.906242 44.527802 -0.134179 0.896492 0.422253 0.000000 0.000000 0.000000 0.000000 1.000000
0.988296 0.150267 -0.026267 0.000000 -0.086644 0.411238 -0.907401 44.527802 -0.125551 0.899057 0.419445 0.000000 0.000000 0.000000 0.000000 1.000000
0.989155 0.143258 -0.032397 -0.000000 -0.088954 0.408795 -0.908281 44.527802 -0.116875 0.901312 0.417105 -0.000000 0.000000 0.000000 0.000000 1.000000
0.989866 0.136666 -0.038581 0.000000 -0.091745 0.408086 -0.908322 44.527802 -0.108393 0.902656 0.416489 -0.000000 0.000000 0.000000 0.000000 1.000000
0.990412 0.130755 -0.044584 -0.000000 -0.094878 0.409233 -0.907483 44.527802 -0.100413 0.903012 0.417715 0.000000 0.000000 0.000000 0.000000 1.000000
0.990827 0.125520 -0.050075 0.000000 -0.097892 0.411190 -0.906278 44.527802 -0.093166 0.902866 0.419706 -0.000000 0.000000 0.000000 0.000000 1.000000
0.991106 0.121281 -0.054765 0.000000 -0.100608 0.413544 -0.904909 44.527802 -0.087101 0.902370 0.422068 0.000000 0.000000 0.000000 0.000000 1.000000
0.991175 0.118635 -0.059135 0.000000 -0.103639 0.415432 -0.903701 44.527802 -0.082644 0.901855 0.424061 0.000000 0.000000 0.000000 0.000000 1.000000
0.991022 0.117856 -0.063131 0.000000 -0.107013 0.416154 -0.902975 44.527802 -0.080149 0.901624 0.425030 -0.000000 0.000000 0.000000 0.000000 1.000000
0.990771 0.118633 -0.065568 -0.000000 -0.109565 0.416127 -0.902681 44.527802 -0.079803 0.901535 0.425285 0.000000 0.000000 0.000000 0.000000 1.000000</float_array>
        <technique_common>
          <accessor source="#mixamorig_LeftFoot-Matrix-animation-output-transform-array" count="90" stride="16">
            <param type="float4x4"/>
          </accessor>
        </technique_common>
      </source>
      <source id="mixamorig_LeftFoot-Interpolations">
        <Name_array id="mixamorig_LeftFoot-Interpolations-array" count="90">
 LINEAR LINEAR LINEAR LINEAR LINEAR LINEAR LINEAR LINEAR LINEAR LINEAR LINEAR
LINEAR LINEAR LINEAR LINEAR LINEAR LINEAR LINEAR LINEAR LINEAR LINEAR LINEAR LINEAR
LINEAR LINEAR LINEAR LINEAR LINEAR LINEAR LINEAR LINEAR LINEAR LINEAR LINEAR LINEAR
LINEAR LINEAR LINEAR LINEAR LINEAR LINEAR LINEAR LINEAR LINEAR LINEAR LINEAR LINEAR
LINEAR LINEAR LINEAR LINEAR LINEAR LINEAR LINEAR LINEAR LINEAR LINEAR LINEAR LINEAR
LINEAR LINEAR LINEAR LINEAR LINEAR LINEAR LINEAR LINEAR LINEAR LINEAR LINEAR LINEAR
LINEAR LINEAR LINEAR LINEAR LINEAR LINEAR LINEAR LINEAR LINEAR LINEAR LINEAR LINEAR
LINEAR LINEAR LINEAR LINEAR LINEAR LINEAR LINEAR</Name_array>
        <technique_common>
          <accessor source="#mixamorig_LeftFoot-Interpolations-array" count="90">
            <param type="name"/>
          </accessor>
        </technique_common>
      </source>
      <sampler id="mixamorig_LeftFoot-Matrix-animation-transform">
        <input semantic="INPUT" source="#mixamorig_LeftFoot-Matrix-animation-input"/>
        <input semantic="OUTPUT" source="#mixamorig_LeftFoot-Matrix-animation-output-transform"/>
        <input semantic="INTERPOLATION" source="#mixamorig_LeftFoot-Interpolations"/>
      </sampler>
      <channel source="#mixamorig_LeftFoot-Matrix-animation-transform" target="mixamorig_LeftFoot/matrix"/>
    </animation>
    <animation id="mixamorig_LeftToeBase-anim" name="mixamorig_LeftToeBase">
      <source id="mixamorig_LeftToeBase-Matrix-animation-input">
        <float_array id="mixamorig_LeftToeBase-Matrix-animation-input-array" count="90">

0.000000 0.033333 0.066667 0.100000 0.133333 0.166667 0.200000 0.233333 0.266667 0.300000 0.333333 0.366667 0.400000 0.433333 0.466667 0.500000
0.533333 0.566667 0.600000 0.633333 0.666667 0.700000 0.733333 0.766667 0.800000 0.833333 0.866667 0.900000 0.933333 0.966667 1.000000 1.033333
1.066667 1.100000 1.133333 1.166667 1.200000 1.233333 1.266667 1.300000 1.333333 1.366667 1.400000 1.433333 1.466667 1.500000 1.533333 1.566667
1.600000 1.633333 1.666667 1.700000 1.733333 1.766667 1.800000 1.833333 1.866667 1.900000 1.933333 1.966667 2.000000 2.033333 2.066667 2.100000
2.133333 2.166667 2.200000 2.233333 2.266667 2.300000 2.333333 2.366667 2.400000 2.433333 2.466667 2.500000 2.533333 2.566667 2.600000 2.633333
2.666667 2.700000 2.733333 2.766667 2.800000 2.833333 2.866667 2.900000 2.933333 2.966667</float_array>
        <technique_common>
          <accessor source="#mixamorig_LeftToeBase-Matrix-animation-input-array" count="90">
            <param name="TIME" type="float"/>
          </accessor>
        </technique_common>
      </source>
      <source id="mixamorig_LeftToeBase-Matrix-animation-output-transform">
        <float_array id="mixamorig_LeftToeBase-Matrix-animation-output-transform-array" count="1440">

0.999660 -0.021614 0.014607 0.000000 0.025970 0.771422 -0.635794 13.816900 0.002474 0.635957 0.771721 -0.000000 0.000000 0.000000 0.000000 1.000000
0.999660 -0.021615 0.014607 0.000000 0.025971 0.771422 -0.635794 13.816900 0.002475 0.635957 0.771721 -0.000000 0.000000 0.000000 0.000000 1.000000
0.999660 -0.021612 0.014607 0.000000 0.025968 0.771423 -0.635793 13.816900 0.002473 0.635956 0.771721 0.000000 0.000000 0.000000 0.000000 1.000000
0.999660 -0.021613 0.014608 0.000000 0.025969 0.771422 -0.635794 13.816900 0.002473 0.635957 0.771721 0.000000 0.000000 0.000000 0.000000 1.000000
0.999626 -0.021421 0.017004 0.000000 0.027340 0.766105 -0.642134 13.816900 0.000729 0.642359 0.766404 0.000000 0.000000 0.000000 0.000000 1.000000
0.999639 -0.019226 0.018744 0.000000 0.026840 0.734855 -0.677693 13.816900 -0.000744 0.677952 0.735106 -0.000000 0.000000 0.000000 0.000000 1.000000
0.999777 -0.013350 0.016347 0.000000 0.021078 0.671236 -0.740944 13.816900 -0.001081 0.741124 0.671367 0.000000 0.000000 0.000000 0.000000 1.000000
0.999581 -0.001466 0.028910 0.000000 0.024130 0.593842 -0.804220 13.816900 -0.015989 0.804580 0.593629 0.000000 0.000000 0.000000 0.000000 1.000000
0.998709 0.015679 0.048311 -0.000000 0.032910 0.524735 -0.850629 13.816900 -0.038688 0.851121 0.523542 0.000000 0.000000 0.000000 0.000000 1.000000
0.997401 0.032665 0.064223 0.000000 0.041091 0.474306 -0.879400 13.816900 -0.059187 0.879754 0.471731 -0.000000 0.000000 0.000000 0.000000 1.000000
0.995394 0.047677 0.083173 0.000000 0.052981 0.449479 -0.891718 13.816900 -0.079899 0.892018 0.444883 0.000000 0.000000 0.000000 0.000000 1.000000
0.992684 0.060940 0.104235 0.000000 0.067285 0.437623 -0.896637 13.816900 -0.100257 0.897091 0.430321 -0.000000 0.000000 0.000000 0.000000 1.000000
0.989584 0.071278 0.125075 -0.000000 0.081661 0.437584 -0.895462 13.816900 -0.118558 0.896348 0.427206 0.000000 0.000000 0.000000 0.000000 1.000000
0.987191 0.077330 0.139553 0.000000 0.091589 0.441531 -0.892559 13.816900 -0.130638 0.893908 0.428792 0.000000 0.000000 0.000000 0.000000 1.000000
0.985908 0.080896 0.146428 -0.000000 0.096186 0.442029 -0.891829 13.816900 -0.136871 0.893345 0.428019 0.000000 0.000000 0.000000 0.000000 1.000000
0.986524 0.081133 0.142082 0.000000 0.092884 0.437171 -0.894569 13.816900 -0.134693 0.895712 0.423744 -0.000000 0.000000 0.000000 0.000000 1.000000
0.989161 0.079400 0.123519 0.000000 0.079443 0.418070 -0.904934 13.816900 -0.123491 0.904938 0.407230 -0.000000 0.000000 0.000000 0.000000 1.000000
0.992919 0.078183 0.089442 0.000000 0.054575 0.368545 -0.928006 13.816900 -0.105518 0.926316 0.361669 0.000000 0.000000 0.000000 0.000000 1.000000
0.995697 0.073824 0.056007 0.000000 0.031198 0.302048 -0.952782 13.816900 -0.087255 0.950430 0.298445 0.000000 0.000000 0.000000 0.000000 1.000000
0.998213 0.055001 0.023346 -0.000000 0.008731 0.252275 -0.967616 13.816900 -0.059109 0.966091 0.251344 0.000000 0.000000 0.000000 0.000000 1.000000
0.999274 -0.006624 -0.037525 0.000000 -0.034539 0.258519 -0.965389 13.816900 0.016096 0.965984 0.258102 -0.000000 0.000000 0.000000 0.000000 1.000000
0.992914 -0.064700 -0.099679 0.000000 -0.075732 0.301894 -0.950329 13.816900 0.091579 0.951143 0.294855 0.000000 0.000000 0.000000 0.000000 1.000000
0.979718 -0.109808 -0.167613 -0.000000 -0.114454 0.379937 -0.917904 13.816900 0.164476 0.918472 0.359663 0.000000 0.000000 0.000000 0.000000 1.000000
0.961120 -0.128502 -0.244408 0.000000 -0.159463 0.464310 -0.871199 13.816900 0.225432 0.876301 0.425766 0.000000 0.000000 0.000000 0.000000 1.000000
0.952470 -0.110910 -0.283725 0.000000 -0.177468 0.554985 -0.812710 13.816900 0.247601 0.824434 0.508923 0.000000 0.000000 0.000000 0.000000 1.000000
0.961891 -0.081810 -0.260908 0.000000 -0.157278 0.615004 -0.772680 13.816900 0.223672 0.784269 0.578699 0.000000 0.000000 0.000000 0.000000 1.000000
0.976051 -0.060702 -0.208900 0.000000 -0.121373 0.644968 -0.754510 13.816900 0.180534 0.761795 0.622154 -0.000000 0.000000 0.000000 0.000000 1.000000
0.988797 -0.044618 -0.142445 0.000000 -0.077468 0.662317 -0.745208 13.816900 0.127593 0.747894 0.651441 -0.000000 0.000000 0.000000 0.000000 1.000000
0.996281 -0.033703 -0.079294 0.000000 -0.036483 0.668724 -0.742615 13.816900 0.078055 0.742747 0.665007 0.000000 0.000000 0.000000 0.000000 1.000000
0.998784 -0.026802 -0.041380 0.000000 -0.012457 0.674906 -0.737799 13.816900 0.047702 0.737417 0.673751 0.000000 0.000000 0.000000 0.000000 1.000000
0.999443 -0.021401 -0.025622 0.000000 -0.004448 0.675278 -0.737550 13.816900 0.033086 0.737253 0.674806 0.000000 0.000000 0.000000 0.000000 1.000000
0.999748 -0.018849 -0.012159 0.000000 0.004292 0.692820 -0.721098 13.816900 0.022016 0.720864 0.692727 0.000000 0.000000 0.000000 0.000000 1.000000
0.999811 -0.018607 0.005626 0.000000 0.017328 0.721958 -0.691720 13.816900 0.008809 0.691687 0.722144 0.000000 0.000000 0.000000 0.000000 1.000000
0.999389 -0.020041 0.028647 0.000000 0.034018 0.746456 -0.664565 13.816900 -0.008065 0.665133 0.746681 0.000000 0.000000 0.000000 0.000000 1.000000
0.999162 -0.021389 0.034887 0.000000 0.038802 0.765998 -0.641670 13.816900 -0.012999 0.642486 0.766187 0.000000 0.000000 0.000000 0.000000 1.000000
0.999661 -0.021757 0.014269 -0.000000 0.025876 0.774052 -0.632594 13.816900 0.002719 0.632749 0.774352 0.000000 0.000000 0.000000 0.000000 1.000000
0.999658 -0.021755 0.014531 0.000000 0.026041 0.774155 -0.632460 13.816900 0.002510 0.632622 0.774457 0.000000 0.000000 0.000000 0.000000 1.000000
0.999658 -0.021751 0.014526 0.000000 0.026035 0.774352 -0.632219 13.816900 0.002504 0.632381 0.774654 0.000000 0.000000 0.000000 0.000000 1.000000
0.999656 -0.021743 0.014662 0.000000 0.026116 0.774636 -0.631868 13.816900 0.002381 0.632033 0.774937 0.000000 0.000000 0.000000 0.000000 1.000000
0.999699 -0.021644 0.011514 0.000000 0.024033 0.772443 -0.634629 13.816900 0.004842 0.634715 0.772731 0.000000 0.000000 0.000000 0.000000 1.000000
0.999682 -0.021522 0.013112 0.000000 0.024949 0.771752 -0.635434 13.816900 0.003556 0.635559 0.772044 0.000000 0.000000 0.000000 0.000000 1.000000
0.999753 -0.020708 0.008018 0.000000 0.021075 0.771045 -0.636431 13.816900 0.006997 0.636443 0.771292 0.000000 0.000000 0.000000 0.000000 1.000000
0.999810 -0.019144 -0.003722 0.000000 0.012373 0.770200 -0.637682 13.816900 0.015075 0.637515 0.770291 -0.000000 0.000000 0.000000 0.000000 1.000000
0.999671 -0.017126 -0.019069 0.000000 0.000986 0.769147 -0.639071 13.816900 0.025611 0.638842 0.768911 -0.000000 0.000000 0.000000 0.000000 1.000000
0.999254 -0.014960 -0.035610 0.000000 -0.011320 0.768033 -0.640310 13.816900 0.036929 0.640236 0.767290 -0.000000 0.000000 0.000000 0.000000 1.000000
0.998616 -0.012951 -0.050980 -0.000000 -0.022788 0.767010 -0.641231 13.816900 0.047407 0.641505 0.765653 0.000000 0.000000 0.000000 0.000000 1.000000
0.997960 -0.011403 -0.062818 0.000000 -0.031643 0.766232 -0.641784 13.816900 0.055451 0.642462 0.764308 0.000000 0.000000 0.000000 0.000000 1.000000
0.997576 -0.010620 -0.068770 0.000000 -0.036104 0.765857 -0.641997 13.816900 0.059486 0.642924 0.763617 0.000000 0.000000 0.000000 0.000000 1.000000
0.997553 -0.010564 -0.069107 0.000000 -0.036363 0.765864 -0.641974 13.816900 0.059709 0.642916 0.763606 0.000000 0.000000 0.000000 0.000000 1.000000
0.997620 -0.010678 -0.068120 0.000000 -0.035632 0.765961 -0.641899 13.816900 0.059031 0.642798 0.763758 -0.000000 0.000000 0.000000 0.000000 1.000000
0.997733 -0.010884 -0.066414 0.000000 -0.034364 0.766104 -0.641798 13.816900 0.057865 0.642625 0.763993 0.000000 0.000000 0.000000 0.000000 1.000000
0.997882 -0.011169 -0.064089 0.000000 -0.032635 0.766281 -0.641676 13.816900 0.056277 0.642408 0.764293 0.000000 0.000000 0.000000 0.000000 1.000000
0.998057 -0.011524 -0.061236 0.000000 -0.030512 0.766484 -0.641538 13.816900 0.054329 0.642160 0.764643 0.000000 0.000000 0.000000 0.000000 1.000000
0.998245 -0.011959 -0.058003 0.000000 -0.028013 0.767554 -0.640372 13.816900 0.052179 0.640872 0.765872 -0.000000 0.000000 0.000000 0.000000 1.000000
0.998428 -0.012546 -0.054619 0.000000 -0.025019 0.772318 -0.634743 13.816900 0.050147 0.635112 0.770790 0.000000 0.000000 0.000000 0.000000 1.000000
0.998627 -0.013043 -0.050739 0.000000 -0.022141 0.772692 -0.634394 13.816900 0.047480 0.634647 0.771343 0.000000 0.000000 0.000000 0.000000 1.000000
0.998817 -0.013563 -0.046698 0.000000 -0.019145 0.773075 -0.634026 13.816900 0.044700 0.634170 0.771901 0.000000 0.000000 0.000000 0.000000 1.000000
0.998993 -0.014096 -0.042587 0.000000 -0.016098 0.773461 -0.633640 13.816900 0.041871 0.633688 0.772455 -0.000000 0.000000 0.000000 0.000000 1.000000
0.999152 -0.014629 -0.038500 0.000000 -0.013070 0.773842 -0.633244 13.816900 0.039056 0.633210 0.772994 -0.000000 0.000000 0.000000 0.000000 1.000000
0.999289 -0.015153 -0.034527 0.000000 -0.010126 0.774213 -0.632844 13.816900 0.036320 0.632743 0.773509 0.000000 0.000000 0.000000 0.000000 1.000000
0.999404 -0.015654 -0.030761 0.000000 -0.007334 0.774568 -0.632448 13.816900 0.033727 0.632297 0.773992 0.000000 0.000000 0.000000 0.000000 1.000000
0.999506 -0.016045 -0.027024 0.000000 -0.004824 0.771349 -0.636394 13.816900 0.031056 0.636210 0.770890 0.000000 0.000000 0.000000 0.000000 1.000000
0.999593 -0.016507 -0.023256 -0.000000 -0.002173 0.769013 -0.639230 13.816900 0.028436 0.639020 0.768664 -0.000000 0.000000 0.000000 0.000000 1.000000
0.999398 -0.017165 -0.030135 0.000000 -0.005892 0.772249 -0.635292 13.816900 0.034176 0.635087 0.771684 -0.000000 0.000000 0.000000 0.000000 1.000000
0.999205 -0.017720 -0.035702 0.000000 -0.009166 0.769570 -0.638496 13.816900 0.038790 0.638316 0.768796 0.000000 0.000000 0.000000 0.000000 1.000000
0.998948 -0.018345 -0.042022 0.000000 -0.012926 0.766626 -0.641964 13.816900 0.043992 0.641832 0.765582 -0.000000 0.000000 0.000000 0.000000 1.000000
0.998474 -0.019131 -0.051809 0.000000 -0.018939 0.762596 -0.646598 13.816900 0.051879 0.646592 0.761070 0.000000 0.000000 0.000000 0.000000 1.000000
0.997959 -0.020004 -0.060652 0.000000 -0.024336 0.758924 -0.650724 13.816900 0.059047 0.650871 0.756888 0.000000 0.000000 0.000000 0.000000 1.000000
0.998240 -0.020353 -0.055694 0.000000 -0.020765 0.759780 -0.649849 13.816900 0.055541 0.649862 0.758020 0.000000 0.000000 0.000000 0.000000 1.000000
0.999128 -0.020279 -0.036485 0.000000 -0.007977 0.765201 -0.643742 13.816900 0.040973 0.643472 0.764373 -0.000000 0.000000 0.000000 0.000000 1.000000
0.999472 -0.020539 -0.025167 0.000000 -0.000340 0.768097 -0.640334 13.816900 0.032483 0.640004 0.767684 0.000000 0.000000 0.000000 0.000000 1.000000
0.999643 -0.020853 -0.016727 0.000000 0.005392 0.770126 -0.637869 13.816900 0.026183 0.637551 0.769963 0.000000 0.000000 0.000000 0.000000 1.000000
0.999721 -0.021148 -0.010522 0.000000 0.009627 0.771552 -0.636094 13.816900 0.021570 0.635815 0.771540 0.000000 0.000000 0.000000 0.000000 1.000000
0.999741 -0.021374 -0.007801 -0.000000 0.011547 0.772039 -0.635470 13.816900 0.019605 0.635215 0.772086 0.000000 0.000000 0.000000 0.000000 1.000000
0.999758 -0.021435 0.004966 -0.000000 0.019629 0.766891 -0.641478 13.816900 0.009941 0.641420 0.767126 -0.000000 0.000000 0.000000 0.000000 1.000000
0.999663 -0.021333 0.014781 0.000000 0.025840 0.764925 -0.643600 13.816900 0.002424 0.643766 0.765219 -0.000000 0.000000 0.000000 0.000000 1.000000
0.999663 -0.021412 0.014695 0.000000 0.025857 0.767971 -0.639963 13.816900 0.002418 0.640127 0.768265 -0.000000 0.000000 0.000000 0.000000 1.000000
0.999663 -0.021486 0.014550 0.000000 0.025830 0.770492 -0.636926 13.816900 0.002474 0.637087 0.770788 0.000000 0.000000 0.000000 0.000000 1.000000
0.999664 -0.021513 0.014494 0.000000 0.025820 0.771494 -0.635713 13.816900 0.002494 0.635873 0.771790 0.000000 0.000000 0.000000 0.000000 1.000000
0.999663 -0.021515 0.014532 0.000000 0.025845 0.771515 -0.635686 13.816900 0.002465 0.635848 0.771811 -0.000000 0.000000 0.000000 0.000000 1.000000
0.999663 -0.021516 0.014550 0.000000 0.025858 0.771533 -0.635664 13.816900 0.002451 0.635826 0.771829 0.000000 0.000000 0.000000 0.000000 1.000000
0.999663 -0.021524 0.014525 -0.000000 0.025849 0.771864 -0.635262 13.816900 0.002462 0.635423 0.772160 0.000000 0.000000 0.000000 0.000000 1.000000
0.999663 -0.021533 0.014506 0.000000 0.025845 0.772169 -0.634891 13.816900 0.002470 0.635052 0.772466 0.000000 0.000000 0.000000 0.000000 1.000000
0.999663 -0.021538 0.014498 0.000000 0.025845 0.772370 -0.634646 13.816900 0.002472 0.634807 0.772667 0.000000 0.000000 0.000000 0.000000 1.000000
0.999663 -0.021543 0.014491 0.000000 0.025846 0.772540 -0.634440 13.816900 0.002473 0.634600 0.772837 -0.000000 0.000000 0.000000 0.000000 1.000000
0.999663 -0.021544 0.014489 0.000000 0.025845 0.772665 -0.634288 13.816900 0.002470 0.634449 0.772961 0.000000 0.000000 0.000000 0.000000 1.000000
0.999663 -0.021545 0.014483 0.000000 0.025842 0.772700 -0.634245 13.816900 0.002474 0.634405 0.772997 -0.000000 0.000000 0.000000 0.000000 1.000000
0.999664 -0.021530 0.014450 0.000000 0.025807 0.772219 -0.634833 13.816900 0.002509 0.634992 0.772515 -0.000000 0.000000 0.000000 0.000000 1.000000
0.999664 -0.021524 0.014468 0.000000 0.025814 0.771906 -0.635212 13.816900 0.002505 0.635372 0.772202 0.000000 0.000000 0.000000 0.000000 1.000000
0.999660 -0.021614 0.014607 0.000000 0.025970 0.771422 -0.635794 13.816900 0.002474 0.635957 0.771721 -0.000000 0.000000 0.000000 0.000000 1.000000</float_array>
        <technique_common>
          <accessor source="#mixamorig_LeftToeBase-Matrix-animation-output-transform-array" count="90" stride="16">
            <param type="float4x4"/>
          </accessor>
        </technique_common>
      </source>
      <source id="mixamorig_LeftToeBase-Interpolations">
        <Name_array id="mixamorig_LeftToeBase-Interpolations-array" count="90">
 LINEAR LINEAR LINEAR LINEAR LINEAR LINEAR LINEAR LINEAR LINEAR LINEAR LINEAR
LINEAR LINEAR LINEAR LINEAR LINEAR LINEAR LINEAR LINEAR LINEAR LINEAR LINEAR LINEAR
LINEAR LINEAR LINEAR LINEAR LINEAR LINEAR LINEAR LINEAR LINEAR LINEAR LINEAR LINEAR
LINEAR LINEAR LINEAR LINEAR LINEAR LINEAR LINEAR LINEAR LINEAR LINEAR LINEAR LINEAR
LINEAR LINEAR LINEAR LINEAR LINEAR LINEAR LINEAR LINEAR LINEAR LINEAR LINEAR LINEAR
LINEAR LINEAR LINEAR LINEAR LINEAR LINEAR LINEAR LINEAR LINEAR LINEAR LINEAR LINEAR
LINEAR LINEAR LINEAR LINEAR LINEAR LINEAR LINEAR LINEAR LINEAR LINEAR LINEAR LINEAR
LINEAR LINEAR LINEAR LINEAR LINEAR LINEAR LINEAR</Name_array>
        <technique_common>
          <accessor source="#mixamorig_LeftToeBase-Interpolations-array" count="90">
            <param type="name"/>
          </accessor>
        </technique_common>
      </source>
      <sampler id="mixamorig_LeftToeBase-Matrix-animation-transform">
        <input semantic="INPUT" source="#mixamorig_LeftToeBase-Matrix-animation-input"/>
        <input semantic="OUTPUT" source="#mixamorig_LeftToeBase-Matrix-animation-output-transform"/>
        <input semantic="INTERPOLATION" source="#mixamorig_LeftToeBase-Interpolations"/>
      </sampler>
      <channel source="#mixamorig_LeftToeBase-Matrix-animation-transform" target="mixamorig_LeftToeBase/matrix"/>
    </animation>
  </library_animations>
  <library_visual_scenes>
    <visual_scene id="RootNode" name="RootNode">
      <node id="mixamorig_Hips" name="mixamorig_Hips" sid="mixamorig_Hips" type="JOINT">
        <matrix sid="matrix">0.522246 -0.072857 -0.849677 -1.316144 0.073001 0.996506 -0.040578 92.526764 0.849665 -0.040836 0.525740 0.766970 0.000000 0.000000 0.000000 1.000000</matrix>
        <node id="mixamorig_Spine" name="mixamorig_Spine" sid="mixamorig_Spine" type="JOINT">
          <matrix sid="matrix">0.998655 0.051038 0.009167 0.000000 -0.050688 0.998100 -0.035038 10.182400 -0.010938 0.034526 0.999344 -0.000000 0.000000 0.000000 0.000000 1.000000</matrix>
          <node id="mixamorig_Spine1" name="mixamorig_Spine1" sid="mixamorig_Spine1" type="JOINT">
            <matrix sid="matrix">0.995240 0.096319 0.014807 0.000000 -0.093106 0.984693 -0.147348 10.002700 -0.028772 0.145268 0.988974 0.000000 0.000000 0.000000 0.000000 1.000000</matrix>
            <node id="mixamorig_Spine2" name="mixamorig_Spine2" sid="mixamorig_Spine2" type="JOINT">
              <matrix sid="matrix">0.995241 0.096661 0.012321 -0.000000 -0.093087 0.980503 -0.173059 9.322100 -0.028809 0.171089 0.984834 0.000000 0.000000 0.000000 0.000000 1.000000</matrix>
              <node id="mixamorig_Neck" name="mixamorig_Neck" sid="mixamorig_Neck" type="JOINT">
                <matrix sid="matrix">0.885839 -0.239367 0.397483 0.000000 0.097987 0.933846 0.343992 16.865299 -0.453529 -0.265773 0.850692 0.000000 0.000000 0.000000 0.000000 1.000000</matrix>
                <node id="mixamorig_Head" name="mixamorig_Head" sid="mixamorig_Head" type="JOINT">
                  <matrix sid="matrix">0.901427 -0.002074 0.432926 -0.000000 -0.005628 0.999848 0.016508 9.341900 -0.432895 -0.017318 0.901278 2.841000 0.000000 0.000000 0.000000 1.000000</matrix>
                  <node id="mixamorig_HeadTop_End" name="mixamorig_HeadTop_End" sid="mixamorig_HeadTop_End" type="JOINT">
                    <matrix sid="matrix">1.000000 -0.000000 0.000000 0.000000 -0.000000 1.000000 0.000000 20.962799 0.000000 0.000000 1.000000 10.122900 0.000000 0.000000 0.000000 1.000000</matrix>
                  </node>
                </node>
              </node>
              <node id="mixamorig_RightShoulder" name="mixamorig_RightShoulder" sid="mixamorig_RightShoulder" type="JOINT">
                <matrix sid="matrix">-0.020543 -0.995655 0.090826 -4.570000 -0.045021 -0.089831 -0.994939 11.195800 0.998775 -0.024528 -0.042980 -0.806600 0.000000 0.000000 0.000000 1.000000</matrix>
                <node id="mixamorig_RightArm" name="mixamorig_RightArm" sid="mixamorig_RightArm" type="JOINT">
                  <matrix sid="matrix">0.741271 0.204585 0.639267 0.000000 0.273572 0.777625 -0.566089 10.838200 -0.612924 0.594511 0.520462 0.000000 0.000000 0.000000 0.000000 1.000000</matrix>
                  <node id="mixamorig_RightForeArm" name="mixamorig_RightForeArm" sid="mixamorig_RightForeArm" type="JOINT">
                    <matrix sid="matrix">-0.337620 0.939701 -0.054543 0.000000 -0.928077 -0.341997 -0.147347 27.841499 -0.157116 0.000873 0.987580 0.000000 0.000000 0.000000 0.000000 1.000000</matrix>
                    <node id="mixamorig_RightHand" name="mixamorig_RightHand" sid="mixamorig_RightHand" type="JOINT">
                      <matrix sid="matrix">0.965342 0.183788 0.185303 -0.000000 -0.215128 0.962330 0.166256 28.328800 -0.147767 -0.200358 0.968515 0.000000 0.000000 0.000000 0.000000 1.000000</matrix>
                      <node id="mixamorig_RightHandThumb1" name="mixamorig_RightHandThumb1" sid="mixamorig_RightHandThumb1" type="JOINT">
                        <matrix sid="matrix">0.807627 0.586617 -0.060165 2.681900 -0.571759 0.754005 -0.323370 2.464800 -0.144330 0.295562 0.944358 1.574000 0.000000 0.000000 0.000000 1.000000</matrix>
                        <node id="mixamorig_RightHandThumb2" name="mixamorig_RightHandThumb2" sid="mixamorig_RightHandThumb2" type="JOINT">
                          <matrix sid="matrix">0.953229 -0.268684 0.138430 0.000000 0.266040 0.963228 0.037614 4.189000 -0.143446 0.000973 0.989658 0.000000 0.000000 0.000000 0.000000 1.000000</matrix>
                          <node id="mixamorig_RightHandThumb3" name="mixamorig_RightHandThumb3" sid="mixamorig_RightHandThumb3" type="JOINT">
                            <matrix sid="matrix">0.972518 -0.228815 -0.043030 0.000000 0.232726 0.960770 0.150863 3.416300 0.006822 -0.156731 0.987618 -0.000000 0.000000 0.000000 0.000000 1.000000</matrix>
                            <node id="mixamorig_RightHandThumb4" name="mixamorig_RightHandThumb4" sid="mixamorig_RightHandThumb4" type="JOINT">
                              <matrix sid="matrix">0.967631 0.095337 -0.233668 0.000000 -0.098051 0.995181 0.000001 2.575000 0.232542 0.022911 0.972316 0.000000 0.000000 0.000000 0.000000 1.000000</matrix>
                            </node>
                          </node>
                        </node>
                      </node>
                      <node id="mixamorig_RightHandIndex1" name="mixamorig_RightHandIndex1" sid="mixamorig_RightHandIndex1" type="JOINT">
                        <matrix sid="matrix">0.925092 0.254620 -0.281732 2.259800 -0.193798 0.954571 0.226357 9.108300 0.326568 -0.154802 0.932411 0.517900 0.000000 0.000000 0.000000 1.000000</matrix>
                        <node id="mixamorig_RightHandIndex2" name="mixamorig_RightHandIndex2" sid="mixamorig_RightHandIndex2" type="JOINT">
                          <matrix sid="matrix">0.999982 -0.004716 0.003713 0.000000 0.005634 0.950849 -0.309603 3.700000 -0.002070 0.309618 0.950859 -0.000000 0.000000 0.000000 0.000000 1.000000</matrix>
                          <node id="mixamorig_RightHandIndex3" name="mixamorig_RightHandIndex3" sid="mixamorig_RightHandIndex3" type="JOINT">
                            <matrix sid="matrix">0.999986 -0.003978 0.003417 0.000000 0.005004 0.918734 -0.394844 2.850000 -0.001569 0.394856 0.918742 0.000000 0.000000 0.000000 0.000000 1.000000</matrix>
                            <node id="mixamorig_RightHandIndex4" name="mixamorig_RightHandIndex4" sid="mixamorig_RightHandIndex4" type="JOINT">
                              <matrix sid="matrix">0.999998 -0.000175 0.002005 0.000000 0.000175 1.000000 0.000000 2.772200 -0.002005 0.000000 0.999998 0.000000 0.000000 0.000000 0.000000 1.000000</matrix>
                            </node>
                          </node>
                        </node>
                      </node>
                      <node id="mixamorig_RightHandMiddle1" name="mixamorig_RightHandMiddle1" sid="mixamorig_RightHandMiddle1" type="JOINT">
                        <matrix sid="matrix">0.996256 0.048570 -0.071513 0.000000 -0.042521 0.995575 0.083806 9.532500 0.075267 -0.080451 0.993913 0.000000 0.000000 0.000000 0.000000 1.000000</matrix>
                        <node id="mixamorig_RightHandMiddle2" name="mixamorig_RightHandMiddle2" sid="mixamorig_RightHandMiddle2" type="JOINT">
                          <matrix sid="matrix">0.999949 -0.009939 -0.001793 0.000000 0.008053 0.891845 -0.452270 3.700000 0.006094 0.452232 0.891880 0.000000 0.000000 0.000000 0.000000 1.000000</matrix>
                          <node id="mixamorig_RightHandMiddle3" name="mixamorig_RightHandMiddle3" sid="mixamorig_RightHandMiddle3" type="JOINT">
                            <matrix sid="matrix">0.999963 -0.003054 -0.008029 0.000000 -0.002686 0.776651 -0.629926 2.950000 0.008160 0.629924 0.776614 -0.000000 0.000000 0.000000 0.000000 1.000000</matrix>
                            <node id="mixamorig_RightHandMiddle4" name="mixamorig_RightHandMiddle4" sid="mixamorig_RightHandMiddle4" type="JOINT">
                              <matrix sid="matrix">0.999998 -0.000333 0.001857 -0.000000 0.000333 1.000000 0.000001 2.946600 -0.001857 0.000000 0.999998 -0.000000 0.000000 0.000000 0.000000 1.000000</matrix>
                            </node>
                          </node>
                        </node>
                      </node>
                      <node id="mixamorig_RightHandRing1" name="mixamorig_RightHandRing1" sid="mixamorig_RightHandRing1" type="JOINT">
                        <matrix sid="matrix">0.975292 -0.171125 0.139718 -1.865100 0.185583 0.977736 -0.097932 9.103600 -0.119848 0.121441 0.985337 0.043100 0.000000 0.000000 0.000000 1.000000</matrix>
                        <node id="mixamorig_RightHandRing2" name="mixamorig_RightHandRing2" sid="mixamorig_RightHandRing2" type="JOINT">
                          <matrix sid="matrix">0.999997 -0.002261 -0.001065 0.000000 0.001560 0.897597 -0.440815 3.379300 0.001953 0.440811 0.897598 0.000000 0.000000 0.000000 0.000000 1.000000</matrix>
                          <node id="mixamorig_RightHandRing3" name="mixamorig_RightHandRing3" sid="mixamorig_RightHandRing3" type="JOINT">
                            <matrix sid="matrix">0.999935 -0.011234 -0.002052 0.000000 0.008268 0.836114 -0.548494 2.889700 0.007877 0.548441 0.836152 0.000000 0.000000 0.000000 0.000000 1.000000</matrix>
                            <node id="mixamorig_RightHandRing4" name="mixamorig_RightHandRing4" sid="mixamorig_RightHandRing4" type="JOINT">
                              <matrix sid="matrix">0.999999 0.001599 0.000291 -0.000000 -0.001599 0.999999 -0.000000 2.638800 -0.000291 0.000000 1.000000 0.000000 0.000000 0.000000 0.000000 1.000000</matrix>
                            </node>
                          </node>
                        </node>
                      </node>
                      <node id="mixamorig_RightHandPinky1" name="mixamorig_RightHandPinky1" sid="mixamorig_RightHandPinky1" type="JOINT">
                        <matrix sid="matrix">0.884808 -0.289729 0.364928 -3.806300 0.345924 0.933144 -0.097876 8.076700 -0.312173 0.212839 0.925877 0.486700 0.000000 0.000000 0.000000 1.000000</matrix>
                        <node id="mixamorig_RightHandPinky2" name="mixamorig_RightHandPinky2" sid="mixamorig_RightHandPinky2" type="JOINT">
                          <matrix sid="matrix">0.999991 -0.003544 -0.002226 -0.000000 0.001501 0.800264 -0.599646 3.600000 0.003907 0.599637 0.800263 0.000000 0.000000 0.000000 0.000000 1.000000</matrix>
                          <node id="mixamorig_RightHandPinky3" name="mixamorig_RightHandPinky3" sid="mixamorig_RightHandPinky3" type="JOINT">
                            <matrix sid="matrix">0.999989 -0.003376 -0.003166 0.000000 0.000833 0.804150 -0.594425 2.100000 0.004553 0.594416 0.804145 0.000000 0.000000 0.000000 0.000000 1.000000</matrix>
                            <node id="mixamorig_RightHandPinky4" name="mixamorig_RightHandPinky4" sid="mixamorig_RightHandPinky4" type="JOINT">
                              <matrix sid="matrix">0.999995 0.000082 0.003138 0.000000 -0.000082 1.000000 -0.000000 2.115800 -0.003138 -0.000000 0.999995 0.000000 0.000000 0.000000 0.000000 1.000000</matrix>
                            </node>
                          </node>
                        </node>
                      </node>
                    </node>
                  </node>
                </node>
              </node>
              <node id="mixamorig_LeftShoulder" name="mixamorig_LeftShoulder" sid="mixamorig_LeftShoulder" type="JOINT">
                <matrix sid="matrix">-0.005218 0.993115 -0.117030 4.570400 0.037797 -0.116752 -0.992442 11.195600 -0.999272 -0.009602 -0.036927 -0.806600 0.000000 0.000000 0.000000 1.000000</matrix>
                <node id="mixamorig_LeftArm" name="mixamorig_LeftArm" sid="mixamorig_LeftArm" type="JOINT">
                  <matrix sid="matrix">0.918087 -0.277563 -0.282976 0.000000 0.043095 0.779565 -0.624836 10.837700 0.394030 0.561459 0.727670 0.000000 0.000000 0.000000 0.000000 1.000000</matrix>
                  <node id="mixamorig_LeftForeArm" name="mixamorig_LeftForeArm" sid="mixamorig_LeftForeArm" type="JOINT">
                    <matrix sid="matrix">0.729337 -0.684154 0.000938 -0.000000 0.684154 0.729338 -0.000142 27.841499 -0.000587 0.000745 1.000000 0.000000 0.000000 0.000000 0.000000 1.000000</matrix>
                    <node id="mixamorig_LeftHand" name="mixamorig_LeftHand" sid="mixamorig_LeftHand" type="JOINT">
                      <matrix sid="matrix">0.917705 -0.194271 0.346519 0.000000 0.099076 0.956631 0.273935 28.328800 -0.384709 -0.217060 0.897153 0.000000 0.000000 0.000000 0.000000 1.000000</matrix>
                      <node id="mixamorig_LeftHandThumb1" name="mixamorig_LeftHandThumb1" sid="mixamorig_LeftHandThumb1" type="JOINT">
                        <matrix sid="matrix">0.825101 -0.564066 0.032218 -2.681700 0.535301 0.762236 -0.363936 2.466100 0.180726 0.317531 0.930866 1.576200 0.000000 0.000000 0.000000 1.000000</matrix>
                        <node id="mixamorig_LeftHandThumb2" name="mixamorig_LeftHandThumb2" sid="mixamorig_LeftHandThumb2" type="JOINT">
                          <matrix sid="matrix">0.939653 0.316214 -0.130620 -0.000000 -0.310711 0.948538 0.061103 4.187100 0.143220 -0.016830 0.989548 0.000000 0.000000 0.000000 0.000000 1.000000</matrix>
                          <node id="mixamorig_LeftHandThumb3" name="mixamorig_LeftHandThumb3" sid="mixamorig_LeftHandThumb3" type="JOINT">
                            <matrix sid="matrix">0.999382 0.025285 0.024400 -0.000000 -0.026247 0.998857 0.039959 3.418400 -0.023362 -0.040575 0.998903 -0.000000 0.000000 0.000000 0.000000 1.000000</matrix>
                            <node id="mixamorig_LeftHandThumb4" name="mixamorig_LeftHandThumb4" sid="mixamorig_LeftHandThumb4" type="JOINT">
                              <matrix sid="matrix">0.966428 -0.081336 0.243724 0.000000 0.083865 0.996477 0.000001 2.580600 -0.242865 0.020439 0.969845 0.000000 0.000000 0.000000 0.000000 1.000000</matrix>
                            </node>
                          </node>
                        </node>
                      </node>
                      <node id="mixamorig_LeftHandIndex1" name="mixamorig_LeftHandIndex1" sid="mixamorig_LeftHandIndex1" type="JOINT">
                        <matrix sid="matrix">0.972864 -0.059570 0.223577 -2.259900 0.017569 0.982519 0.185334 9.109300 -0.230709 -0.176377 0.956904 0.518000 0.000000 0.000000 0.000000 1.000000</matrix>
                        <node id="mixamorig_LeftHandIndex2" name="mixamorig_LeftHandIndex2" sid="mixamorig_LeftHandIndex2" type="JOINT">
                          <matrix sid="matrix">0.999982 0.003022 -0.005241 -0.000000 -0.005295 0.856204 -0.516610 3.700000 0.002926 0.516628 0.856205 0.000000 0.000000 0.000000 0.000000 1.000000</matrix>
                          <node id="mixamorig_LeftHandIndex3" name="mixamorig_LeftHandIndex3" sid="mixamorig_LeftHandIndex3" type="JOINT">
                            <matrix sid="matrix">0.999983 0.003145 -0.004946 -0.000000 -0.005299 0.845658 -0.533699 2.850000 0.002503 0.533717 0.845660 -0.000000 0.000000 0.000000 0.000000 1.000000</matrix>
                            <node id="mixamorig_LeftHandIndex4" name="mixamorig_LeftHandIndex4" sid="mixamorig_LeftHandIndex4" type="JOINT">
                              <matrix sid="matrix">1.000000 0.000026 -0.000756 -0.000000 -0.000026 1.000000 0.000000 2.774900 0.000756 0.000000 1.000000 0.000000 0.000000 0.000000 0.000000 1.000000</matrix>
                            </node>
                          </node>
                        </node>
                      </node>
                      <node id="mixamorig_LeftHandMiddle1" name="mixamorig_LeftHandMiddle1" sid="mixamorig_LeftHandMiddle1" type="JOINT">
                        <matrix sid="matrix">0.989011 -0.003328 0.147803 0.000000 0.005752 0.999856 -0.015974 9.533400 -0.147728 0.016649 0.988888 0.000000 0.000000 0.000000 0.000000 1.000000</matrix>
                        <node id="mixamorig_LeftHandMiddle2" name="mixamorig_LeftHandMiddle2" sid="mixamorig_LeftHandMiddle2" type="JOINT">
                          <matrix sid="matrix">0.999925 0.012018 -0.002251 0.000000 -0.011540 0.866823 -0.498483 3.700000 -0.004040 0.498471 0.866897 0.000000 0.000000 0.000000 0.000000 1.000000</matrix>
                          <node id="mixamorig_LeftHandMiddle3" name="mixamorig_LeftHandMiddle3" sid="mixamorig_LeftHandMiddle3" type="JOINT">
                            <matrix sid="matrix">0.999963 0.008081 0.002937 0.000000 -0.003725 0.714993 -0.699122 2.950000 -0.007750 0.699085 0.714996 -0.000000 0.000000 0.000000 0.000000 1.000000</matrix>
                            <node id="mixamorig_LeftHandMiddle4" name="mixamorig_LeftHandMiddle4" sid="mixamorig_LeftHandMiddle4" type="JOINT">
                              <matrix sid="matrix">0.999998 -0.000056 -0.002049 0.000000 0.000056 1.000000 -0.000000 2.952900 0.002049 0.000000 0.999998 -0.000000 0.000000 0.000000 0.000000 1.000000</matrix>
                            </node>
                          </node>
                        </node>
                      </node>
                      <node id="mixamorig_LeftHandRing1" name="mixamorig_LeftHandRing1" sid="mixamorig_LeftHandRing1" type="JOINT">
                        <matrix sid="matrix">0.992813 0.082204 0.086976 1.865100 -0.054966 0.958789 -0.278753 9.104500 -0.106306 0.271969 0.956416 0.043000 0.000000 0.000000 0.000000 1.000000</matrix>
                        <node id="mixamorig_LeftHandRing2" name="mixamorig_LeftHandRing2" sid="mixamorig_LeftHandRing2" type="JOINT">
                          <matrix sid="matrix">0.999984 0.005279 -0.002114 0.000000 -0.005627 0.864915 -0.501887 3.150000 -0.000821 0.501891 0.864930 -0.000000 0.000000 0.000000 0.000000 1.000000</matrix>
                          <node id="mixamorig_LeftHandRing3" name="mixamorig_LeftHandRing3" sid="mixamorig_LeftHandRing3" type="JOINT">
                            <matrix sid="matrix">0.999872 0.015385 -0.004300 0.000000 -0.014293 0.741424 -0.670884 2.950000 -0.007133 0.670860 0.741550 0.000000 0.000000 0.000000 0.000000 1.000000</matrix>
                            <node id="mixamorig_LeftHandRing4" name="mixamorig_LeftHandRing4" sid="mixamorig_LeftHandRing4" type="JOINT">
                              <matrix sid="matrix">1.000000 -0.000031 0.000986 0.000000 0.000031 1.000000 0.000000 2.644300 -0.000986 -0.000000 1.000000 0.000000 0.000000 0.000000 0.000000 1.000000</matrix>
                            </node>
                          </node>
                        </node>
                      </node>
                      <node id="mixamorig_LeftHandPinky1" name="mixamorig_LeftHandPinky1" sid="mixamorig_LeftHandPinky1" type="JOINT">
                        <matrix sid="matrix">0.986170 0.106053 -0.127366 3.806300 -0.134156 0.962030 -0.237697 8.077800 0.097321 0.251497 0.962953 0.486900 0.000000 0.000000 0.000000 1.000000</matrix>
                        <node id="mixamorig_LeftHandPinky2" name="mixamorig_LeftHandPinky2" sid="mixamorig_LeftHandPinky2" type="JOINT">
                          <matrix sid="matrix">0.999981 0.006162 -0.000816 0.000000 -0.004828 0.687227 -0.726427 3.600000 -0.003915 0.726417 0.687243 0.000000 0.000000 0.000000 0.000000 1.000000</matrix>
                          <node id="mixamorig_LeftHandPinky3" name="mixamorig_LeftHandPinky3" sid="mixamorig_LeftHandPinky3" type="JOINT">
                            <matrix sid="matrix">0.999980 0.006303 0.000004 0.000000 -0.004352 0.691042 -0.722801 2.100000 -0.004558 0.722787 0.691056 0.000000 0.000000 0.000000 0.000000 1.000000</matrix>
                            <node id="mixamorig_LeftHandPinky4" name="mixamorig_LeftHandPinky4" sid="mixamorig_LeftHandPinky4" type="JOINT">
                              <matrix sid="matrix">0.999999 0.000590 -0.001567 0.000000 -0.000590 1.000000 -0.000001 2.125500 0.001567 0.000002 0.999999 0.000000 0.000000 0.000000 0.000000 1.000000</matrix>
                            </node>
                          </node>
                        </node>
                      </node>
                    </node>
                  </node>
                </node>
              </node>
            </node>
          </node>
        </node>
        <node id="mixamorig_RightUpLeg" name="mixamorig_RightUpLeg" sid="mixamorig_RightUpLeg" type="JOINT">
          <matrix sid="matrix">-0.898414 -0.409247 -0.159276 -8.207800 0.268477 -0.798872 0.538260 -6.771800 -0.347522 0.440818 0.827592 -1.512200 0.000000 0.000000 0.000000 1.000000</matrix>
          <node id="mixamorig_RightLeg" name="mixamorig_RightLeg" sid="mixamorig_RightLeg" type="JOINT">
            <matrix sid="matrix">0.990815 0.132118 -0.028820 -0.000000 -0.060319 0.622561 0.780243 44.371498 0.121027 -0.771338 0.624812 0.000000 0.000000 0.000000 0.000000 1.000000</matrix>
            <node id="mixamorig_RightFoot" name="mixamorig_RightFoot" sid="mixamorig_RightFoot" type="JOINT">
              <matrix sid="matrix">0.941435 -0.252757 0.223191 0.000000 0.285785 0.246796 -0.925969 44.527802 0.178962 0.935524 0.304577 0.000000 0.000000 0.000000 0.000000 1.000000</matrix>
              <node id="mixamorig_RightToeBase" name="mixamorig_RightToeBase" sid="mixamorig_RightToeBase" type="JOINT">
                <matrix sid="matrix">0.999742 0.017408 -0.014607 0.000000 -0.022724 0.771538 -0.635777 13.816900 0.000202 0.635945 0.771734 0.000000 0.000000 0.000000 0.000000 1.000000</matrix>
                <node id="mixamorig_RightToe_End" name="mixamorig_RightToe_End" sid="mixamorig_RightToe_End" type="JOINT">
                  <matrix sid="matrix">0.999731 0.000000 0.023214 -0.000000 0.000000 1.000000 0.000000 9.278100 -0.023214 -0.000000 0.999731 0.000000 0.000000 0.000000 0.000000 1.000000</matrix>
                </node>
              </node>
            </node>
          </node>
        </node>
        <node id="mixamorig_LeftUpLeg" name="mixamorig_LeftUpLeg" sid="mixamorig_LeftUpLeg" type="JOINT">
          <matrix sid="matrix">-0.903478 0.384609 0.189218 8.207800 -0.219876 -0.794792 0.565650 -6.771800 0.367943 0.469448 0.802643 -1.512200 0.000000 0.000000 0.000000 1.000000</matrix>
          <node id="mixamorig_LeftLeg" name="mixamorig_LeftLeg" sid="mixamorig_LeftLeg" type="JOINT">
            <matrix sid="matrix">0.977814 0.158194 0.137309 0.000000 -0.208008 0.655886 0.725635 44.371399 0.024732 -0.738097 0.674241 0.000000 0.000000 0.000000 0.000000 1.000000</matrix>
            <node id="mixamorig_LeftFoot" name="mixamorig_LeftFoot" sid="mixamorig_LeftFoot" type="JOINT">
              <matrix sid="matrix">0.990771 0.118634 -0.065570 0.000000 -0.109567 0.416130 -0.902680 44.527802 -0.079803 0.901533 0.425288 -0.000000 0.000000 0.000000 0.000000 1.000000</matrix>
              <node id="mixamorig_LeftToeBase" name="mixamorig_LeftToeBase" sid="mixamorig_LeftToeBase" type="JOINT">
                <matrix sid="matrix">0.999660 -0.021614 0.014607 0.000000 0.025970 0.771422 -0.635794 13.816900 0.002474 0.635957 0.771721 -0.000000 0.000000 0.000000 0.000000 1.000000</matrix>
                <node id="mixamorig_LeftToe_End" name="mixamorig_LeftToe_End" sid="mixamorig_LeftToe_End" type="JOINT">
                  <matrix sid="matrix">0.999718 0.000000 -0.023736 -0.000000 -0.000000 1.000000 -0.000000 9.278100 0.023736 0.000000 0.999718 0.000000 0.000000 0.000000 0.000000 1.000000</matrix>
                </node>
              </node>
            </node>
          </node>
        </node>
      </node>
    </visual_scene>
  </library_visual_scenes>
  <scene>
    <instance_visual_scene url="#RootNode"/>
  </scene>
</COLLADA>
